1741164669.626654 -0.000409 -0.000013 -0.000011 -0.000015 0.000039 0.002716 0.999996
1741164669.626703 -0.000409 -0.000013 -0.000011 -0.000015 0.000039 0.002716 0.999996
1741164669.676816 -0.000409 -0.000013 -0.000011 -0.000015 0.000039 0.002716 0.999996
1741164669.726768 -0.000413 -0.000013 -0.000016 -0.000051 -0.000126 0.002747 0.999996
1741164669.776800 -0.000413 -0.000013 -0.000016 -0.000051 -0.000126 0.002747 0.999996
1741164669.826803 -0.000418 -0.000013 -0.000011 -0.000015 0.000039 0.002778 0.999996
1741164669.876812 -0.000418 -0.000013 -0.000011 -0.000015 0.000039 0.002778 0.999996
1741164669.926801 -0.000423 -0.000013 -0.000011 -0.000015 0.000039 0.002810 0.999996
1741164669.976806 -0.000423 -0.000013 -0.000011 -0.000015 0.000039 0.002810 0.999996
1741164670.026803 -0.000427 -0.000014 -0.000011 -0.000015 0.000039 0.002841 0.999996
1741164670.076810 -0.000427 -0.000014 -0.000011 -0.000015 0.000039 0.002841 0.999996
1741164670.126779 -0.000431 -0.000014 -0.000016 -0.000051 -0.000126 0.002872 0.999996
1741164670.176808 -0.000431 -0.000014 -0.000016 -0.000051 -0.000126 0.002872 0.999996
1741164670.226794 -0.000436 -0.000014 -0.000016 -0.000051 -0.000126 0.002904 0.999996
1741164670.276810 -0.000436 -0.000014 -0.000016 -0.000051 -0.000126 0.002904 0.999996
1741164670.326807 -0.000441 -0.000014 -0.000011 -0.000015 0.000039 0.002934 0.999996
1741164670.376807 -0.000441 -0.000014 -0.000011 -0.000015 0.000039 0.002934 0.999996
1741164670.426822 -0.000446 -0.000014 -0.000011 -0.000015 0.000039 0.002965 0.999996
1741164670.476843 -0.000446 -0.000014 -0.000011 -0.000015 0.000039 0.002965 0.999996
1741164670.526797 -0.000450 -0.000015 -0.000011 -0.000015 0.000039 0.002997 0.999996
1741164670.576809 -0.000450 -0.000015 -0.000011 -0.000015 0.000039 0.002997 0.999996
1741164670.626791 -0.000455 -0.000015 -0.000011 -0.000015 0.000039 0.003028 0.999995
1741164670.676791 -0.000455 -0.000015 -0.000011 -0.000015 0.000039 0.003028 0.999995
1741164670.726788 -0.000459 -0.000015 -0.000011 -0.000015 0.000039 0.003059 0.999995
1741164670.776776 -0.000459 -0.000015 -0.000011 -0.000015 0.000039 0.003059 0.999995
1741164670.826788 -0.000464 -0.000015 -0.000011 -0.000015 0.000039 0.003090 0.999995
1741164670.876812 -0.000464 -0.000015 -0.000011 -0.000015 0.000039 0.003090 0.999995
1741164670.926795 -0.000468 -0.000015 -0.000016 -0.000051 -0.000126 0.003121 0.999995
1741164670.976782 -0.000468 -0.000015 -0.000016 -0.000051 -0.000126 0.003121 0.999995
1741164671.026818 -0.000472 -0.000015 -0.000016 -0.000051 -0.000126 0.003153 0.999995
1741164671.076816 -0.000472 -0.000015 -0.000016 -0.000051 -0.000126 0.003153 0.999995
1741164671.126830 -0.000477 -0.000016 -0.000016 -0.000051 -0.000126 0.003184 0.999995
1741164671.176814 -0.000477 -0.000016 -0.000016 -0.000051 -0.000126 0.003184 0.999995
1741164671.226791 -0.000482 -0.000016 -0.000011 -0.000015 0.000039 0.003215 0.999995
1741164671.276828 -0.000482 -0.000016 -0.000011 -0.000015 0.000039 0.003215 0.999995
1741164671.326736 -0.000487 -0.000016 -0.000011 -0.000015 0.000039 0.003246 0.999995
1741164671.376844 -0.000487 -0.000016 -0.000011 -0.000015 0.000039 0.003246 0.999995
1741164671.426794 -0.000491 -0.000016 -0.000016 -0.000051 -0.000126 0.003277 0.999995
1741164671.476851 -0.000491 -0.000016 -0.000016 -0.000051 -0.000126 0.003277 0.999995
1741164671.526820 -0.000496 -0.000016 -0.000011 -0.000015 0.000039 0.003308 0.999995
1741164671.576779 -0.000496 -0.000016 -0.000011 -0.000015 0.000039 0.003308 0.999995
1741164671.626769 -0.000500 -0.000017 -0.000011 -0.000015 0.000039 0.003339 0.999994
1741164671.676835 -0.000500 -0.000017 -0.000011 -0.000015 0.000039 0.003339 0.999994
1741164671.726826 -0.000505 -0.000017 -0.000011 -0.000015 0.000039 0.003371 0.999994
1741164671.776791 -0.000505 -0.000017 -0.000011 -0.000015 0.000039 0.003371 0.999994
1741164671.826821 -0.000509 -0.000017 -0.000011 -0.000015 0.000039 0.003402 0.999994
1741164671.876802 -0.000509 -0.000017 -0.000011 -0.000015 0.000039 0.003402 0.999994
1741164671.926790 -0.000514 -0.000017 -0.000011 -0.000015 0.000039 0.003433 0.999994
1741164671.976788 -0.000514 -0.000017 -0.000011 -0.000015 0.000039 0.003433 0.999994
1741164672.026836 -0.000518 -0.000017 -0.000011 -0.000015 0.000039 0.003464 0.999994
1741164672.076817 -0.000518 -0.000017 -0.000011 -0.000015 0.000039 0.003464 0.999994
1741164672.126827 -0.000523 -0.000018 -0.000011 -0.000015 0.000039 0.003495 0.999994
1741164672.176814 -0.000523 -0.000018 -0.000011 -0.000015 0.000039 0.003495 0.999994
1741164672.226820 -0.000527 -0.000018 -0.000016 -0.000051 -0.000126 0.003527 0.999994
1741164672.276798 -0.000527 -0.000018 -0.000016 -0.000051 -0.000126 0.003527 0.999994
1741164672.326772 -0.000527 -0.000018 -0.000016 -0.000051 -0.000126 0.003527 0.999994
1741164672.376778 -0.000532 -0.000018 -0.000011 -0.000015 0.000039 0.003558 0.999994
1741164672.426780 -0.000537 -0.000018 -0.000011 -0.000015 0.000039 0.003589 0.999994
1741164672.476808 -0.000537 -0.000018 -0.000011 -0.000015 0.000039 0.003589 0.999994
1741164672.526829 -0.000541 -0.000018 -0.000011 -0.000015 0.000039 0.003621 0.999993
1741164672.576812 -0.000541 -0.000018 -0.000011 -0.000015 0.000039 0.003621 0.999993
1741164672.626793 -0.000546 -0.000019 -0.000011 -0.000015 0.000039 0.003651 0.999993
1741164672.676807 -0.000546 -0.000019 -0.000011 -0.000015 0.000039 0.003651 0.999993
1741164672.726792 -0.000550 -0.000019 -0.000011 -0.000015 0.000039 0.003682 0.999993
1741164672.776811 -0.000550 -0.000019 -0.000011 -0.000015 0.000039 0.003682 0.999993
1741164672.826828 -0.000554 -0.000019 -0.000016 -0.000050 -0.000126 0.003714 0.999993
1741164672.876796 -0.000554 -0.000019 -0.000016 -0.000050 -0.000126 0.003714 0.999993
1741164672.926822 -0.000559 -0.000019 -0.000011 -0.000015 0.000039 0.003745 0.999993
1741164672.976806 -0.000559 -0.000019 -0.000011 -0.000015 0.000039 0.003745 0.999993
1741164673.026772 -0.000563 -0.000020 -0.000016 -0.000050 -0.000126 0.003777 0.999993
1741164673.076870 -0.000563 -0.000020 -0.000016 -0.000050 -0.000126 0.003777 0.999993
1741164673.126781 -0.000568 -0.000020 -0.000016 -0.000050 -0.000126 0.003808 0.999993
1741164673.176829 -0.000568 -0.000020 -0.000016 -0.000050 -0.000126 0.003808 0.999993
1741164673.226791 -0.000572 -0.000020 -0.000016 -0.000050 -0.000126 0.003839 0.999993
1741164673.276886 -0.000572 -0.000020 -0.000016 -0.000050 -0.000126 0.003839 0.999993
1741164673.326820 -0.000577 -0.000020 -0.000011 -0.000015 0.000039 0.003870 0.999993
1741164673.376832 -0.000577 -0.000020 -0.000011 -0.000015 0.000039 0.003870 0.999993
1741164673.426832 -0.000582 -0.000020 -0.000011 -0.000015 0.000039 0.003901 0.999992
1741164673.476840 -0.000582 -0.000020 -0.000011 -0.000015 0.000039 0.003901 0.999992
1741164673.526791 -0.000586 -0.000021 -0.000011 -0.000015 0.000039 0.003932 0.999992
1741164673.576836 -0.000586 -0.000021 -0.000011 -0.000015 0.000039 0.003932 0.999992
1741164673.626790 -0.000591 -0.000021 -0.000011 -0.000015 0.000039 0.003963 0.999992
1741164673.676814 -0.000591 -0.000021 -0.000011 -0.000015 0.000039 0.003963 0.999992
1741164673.726828 -0.000595 -0.000021 -0.000016 -0.000050 -0.000126 0.003994 0.999992
1741164673.776867 -0.000595 -0.000021 -0.000016 -0.000050 -0.000126 0.003994 0.999992
1741164673.826826 -0.000600 -0.000021 -0.000011 -0.000015 0.000039 0.004026 0.999992
1741164673.876820 -0.000600 -0.000021 -0.000011 -0.000015 0.000039 0.004026 0.999992
1741164673.926786 -0.000604 -0.000021 -0.000016 -0.000050 -0.000126 0.004057 0.999992
1741164673.976812 -0.000604 -0.000021 -0.000016 -0.000050 -0.000126 0.004057 0.999992
1741164674.026792 -0.000609 -0.000022 -0.000011 -0.000015 0.000039 0.004088 0.999992
1741164674.076779 -0.000609 -0.000022 -0.000011 -0.000015 0.000039 0.004088 0.999992
1741164674.126776 0.009997 0.000001 -0.000016 -0.000051 -0.000126 0.000015 1.000000
1741164674.176801 0.009997 0.000001 -0.000016 -0.000051 -0.000126 0.000015 1.000000
1741164674.226777 0.009992 0.000000 -0.000016 -0.000051 -0.000126 0.000046 1.000000
1741164674.276813 0.009992 0.000000 -0.000016 -0.000051 -0.000126 0.000046 1.000000
1741164674.326821 0.009987 0.000000 -0.000016 -0.000051 -0.000126 0.000077 1.000000
1741164674.376888 0.009987 0.000000 -0.000016 -0.000051 -0.000126 0.000077 1.000000
1741164674.426812 0.009982 0.000000 -0.000011 -0.000015 0.000039 0.000108 1.000000
1741164674.476865 0.009982 0.000000 -0.000011 -0.000015 0.000039 0.000108 1.000000
1741164674.526782 0.009978 0.000000 -0.000016 -0.000051 -0.000126 0.000139 1.000000
1741164674.576852 0.009978 0.000000 -0.000016 -0.000051 -0.000126 0.000139 1.000000
1741164674.626822 0.020000 0.000001 -0.000011 -0.000016 0.000040 -0.000004 1.000000
1741164674.676814 0.020000 0.000001 -0.000011 -0.000016 0.000040 -0.000004 1.000000
1741164674.726825 0.030000 -0.000000 -0.000016 -0.000051 -0.000127 0.000005 1.000000
1741164674.776819 0.030000 -0.000000 -0.000016 -0.000051 -0.000127 0.000005 1.000000
1741164674.826795 0.039999 -0.000000 -0.000011 -0.000015 0.000039 0.000007 1.000000
1741164674.876835 0.039999 -0.000000 -0.000011 -0.000015 0.000039 0.000007 1.000000
1741164674.926793 0.049998 0.000001 -0.000011 -0.000015 0.000039 0.000006 1.000000
1741164674.976778 0.049998 0.000001 -0.000011 -0.000015 0.000039 0.000006 1.000000
1741164675.026840 0.059998 0.000001 -0.000016 -0.000051 -0.000126 0.000009 1.000000
1741164675.076849 0.059998 0.000001 -0.000016 -0.000051 -0.000126 0.000009 1.000000
1741164675.126804 0.069998 -0.000000 -0.000016 -0.000051 -0.000126 0.000019 1.000000
1741164675.176815 0.069998 -0.000000 -0.000016 -0.000051 -0.000126 0.000019 1.000000
1741164675.226793 0.079997 0.000001 -0.000011 -0.000015 0.000039 0.000015 1.000000
1741164675.276807 0.079997 0.000001 -0.000011 -0.000015 0.000039 0.000015 1.000000
1741164675.326792 0.089997 -0.000000 -0.000011 -0.000015 0.000039 0.000022 1.000000
1741164675.376781 0.089997 -0.000000 -0.000011 -0.000015 0.000039 0.000022 1.000000
1741164675.426770 0.099996 0.000001 -0.000011 -0.000015 0.000039 0.000021 1.000000
1741164675.476851 0.099996 0.000001 -0.000011 -0.000015 0.000039 0.000021 1.000000
1741164675.526773 0.120000 -0.000000 -0.000011 -0.000036 -0.000088 0.000001 1.000000
1741164675.576827 0.120000 -0.000000 -0.000011 -0.000036 -0.000088 0.000001 1.000000
1741164675.626802 0.129999 -0.000000 -0.000011 -0.000015 0.000039 0.000003 1.000000
1741164675.676839 0.129999 -0.000000 -0.000011 -0.000015 0.000039 0.000003 1.000000
1741164675.726822 0.139998 -0.000000 -0.000011 -0.000015 0.000039 0.000015 1.000000
1741164675.776782 0.139998 -0.000000 -0.000011 -0.000015 0.000039 0.000015 1.000000
1741164675.826819 0.149997 -0.000000 -0.000011 -0.000015 0.000039 0.000019 1.000000
1741164675.876791 0.149997 -0.000000 -0.000011 -0.000015 0.000039 0.000019 1.000000
1741164675.926826 0.159997 0.000001 -0.000016 -0.000051 -0.000126 0.000016 1.000000
1741164675.976856 0.159997 0.000001 -0.000016 -0.000051 -0.000126 0.000016 1.000000
1741164676.026783 0.169996 -0.000000 -0.000011 -0.000015 0.000039 0.000024 1.000000
1741164676.076815 0.169996 -0.000000 -0.000011 -0.000015 0.000039 0.000024 1.000000
1741164676.126769 0.179996 -0.000000 -0.000011 -0.000015 0.000039 0.000025 1.000000
1741164676.176847 0.179996 -0.000000 -0.000011 -0.000015 0.000039 0.000025 1.000000
1741164676.226830 0.200000 0.000001 -0.000011 -0.000016 0.000040 -0.000003 1.000000
1741164676.276844 0.200000 0.000001 -0.000011 -0.000016 0.000040 -0.000003 1.000000
1741164676.326801 0.209999 -0.000000 -0.000011 -0.000015 0.000039 0.000004 1.000000
1741164676.376816 0.209999 -0.000000 -0.000011 -0.000015 0.000039 0.000004 1.000000
1741164676.426799 0.219999 -0.000000 -0.000011 -0.000015 0.000039 0.000006 1.000000
1741164676.476779 0.219999 -0.000000 -0.000011 -0.000015 0.000039 0.000006 1.000000
1741164676.526733 0.229998 0.000001 -0.000011 -0.000015 0.000039 0.000005 1.000000
1741164676.576824 0.229998 0.000001 -0.000011 -0.000015 0.000039 0.000005 1.000000
1741164676.626770 0.239998 0.000001 -0.000011 -0.000015 0.000039 0.000008 1.000000
1741164676.676784 0.239998 0.000001 -0.000011 -0.000015 0.000039 0.000008 1.000000
1741164676.726779 0.249997 -0.000000 -0.000011 -0.000015 0.000039 0.000016 1.000000
1741164676.776799 0.249997 -0.000000 -0.000011 -0.000015 0.000039 0.000016 1.000000
1741164676.826780 0.259997 0.000001 -0.000016 -0.000051 -0.000126 0.000014 1.000000
1741164676.876842 0.259997 0.000001 -0.000016 -0.000051 -0.000126 0.000014 1.000000
1741164676.926774 0.269996 0.000001 -0.000011 -0.000015 0.000039 0.000017 1.000000
1741164676.976781 0.269996 0.000001 -0.000011 -0.000015 0.000039 0.000017 1.000000
1741164677.026769 0.279996 -0.000000 -0.000011 -0.000015 0.000039 0.000024 1.000000
1741164677.076824 0.279996 -0.000000 -0.000011 -0.000015 0.000039 0.000024 1.000000
1741164677.126779 0.289995 0.000001 -0.000011 -0.000015 0.000039 0.000023 1.000000
1741164677.176805 0.289995 0.000001 -0.000011 -0.000015 0.000039 0.000023 1.000000
1741164677.226778 0.299998 -0.000000 -0.000011 -0.000015 0.000039 0.000012 1.000000
1741164677.276780 0.299998 -0.000000 -0.000011 -0.000015 0.000039 0.000012 1.000000
1741164677.326805 0.309997 -0.000000 -0.000011 -0.000015 0.000039 0.000016 1.000000
1741164677.376794 0.309997 -0.000000 -0.000011 -0.000015 0.000039 0.000016 1.000000
1741164677.426775 0.319998 0.000001 -0.000011 -0.000015 0.000039 0.000004 1.000000
1741164677.476808 0.319998 0.000001 -0.000011 -0.000015 0.000039 0.000004 1.000000
1741164677.526807 0.329999 -0.000000 -0.000016 -0.000051 -0.000126 0.000011 1.000000
1741164677.576787 0.329999 -0.000000 -0.000016 -0.000051 -0.000126 0.000011 1.000000
1741164677.626736 0.339998 -0.000000 -0.000011 -0.000015 0.000039 0.000014 1.000000
1741164677.676826 0.339998 -0.000000 -0.000011 -0.000015 0.000039 0.000014 1.000000
1741164677.726792 0.349997 0.000001 -0.000011 -0.000015 0.000039 0.000013 1.000000
1741164677.776791 0.349997 0.000001 -0.000011 -0.000015 0.000039 0.000013 1.000000
1741164677.826792 0.349993 0.000000 -0.000016 -0.000051 -0.000126 0.000044 1.000000
1741164677.876827 0.349993 0.000000 -0.000016 -0.000051 -0.000126 0.000044 1.000000
1741164677.926788 0.349987 0.000000 -0.000011 -0.000015 0.000039 0.000075 1.000000
1741164677.976789 0.349987 0.000000 -0.000011 -0.000015 0.000039 0.000075 1.000000
1741164678.026777 0.349982 0.000000 -0.000011 -0.000015 0.000039 0.000106 1.000000
1741164678.076782 0.349982 0.000000 -0.000011 -0.000015 0.000039 0.000106 1.000000
1741164678.126770 0.349978 0.000000 -0.000016 -0.000051 -0.000126 0.000137 1.000000
1741164678.176815 0.349978 0.000000 -0.000016 -0.000051 -0.000126 0.000137 1.000000
1741164678.226789 0.349973 0.000000 -0.000016 -0.000051 -0.000126 0.000168 1.000000
1741164678.276818 0.349973 0.000000 -0.000016 -0.000051 -0.000126 0.000168 1.000000
1741164678.326795 0.349968 -0.000000 -0.000016 -0.000051 -0.000126 0.000201 1.000000
1741164678.376789 0.349968 -0.000000 -0.000016 -0.000051 -0.000126 0.000201 1.000000
1741164678.426798 0.349964 -0.000000 -0.000016 -0.000051 -0.000126 0.000231 1.000000
1741164678.476870 0.349964 -0.000000 -0.000016 -0.000051 -0.000126 0.000231 1.000000
1741164678.526791 0.359998 0.000001 -0.000016 -0.000051 -0.000126 0.000009 1.000000
1741164678.576834 0.359998 0.000001 -0.000016 -0.000051 -0.000126 0.000009 1.000000
1741164678.626796 0.369997 0.000001 -0.000011 -0.000015 0.000039 0.000012 1.000000
1741164678.676848 0.369997 0.000001 -0.000011 -0.000015 0.000039 0.000012 1.000000
1741164678.726782 0.379997 0.000001 -0.000011 -0.000015 0.000039 0.000015 1.000000
1741164678.776863 0.379997 0.000001 -0.000011 -0.000015 0.000039 0.000015 1.000000
1741164678.826779 0.389996 0.000001 -0.000011 -0.000015 0.000039 0.000017 1.000000
1741164678.876842 0.389996 0.000001 -0.000011 -0.000015 0.000039 0.000017 1.000000
1741164678.926830 0.399996 0.000001 -0.000016 -0.000051 -0.000126 0.000021 1.000000
1741164678.976857 0.399996 0.000001 -0.000016 -0.000051 -0.000126 0.000021 1.000000
1741164679.026827 0.409995 0.000001 -0.000011 -0.000015 0.000039 0.000023 1.000000
1741164679.076851 0.409995 0.000001 -0.000011 -0.000015 0.000039 0.000023 1.000000
1741164679.126826 0.419999 -0.000000 -0.000016 -0.000051 -0.000126 0.000012 1.000000
1741164679.176827 0.419999 -0.000000 -0.000016 -0.000051 -0.000126 0.000012 1.000000
1741164679.226825 0.429997 0.000001 -0.000011 -0.000015 0.000039 0.000011 1.000000
1741164679.276839 0.429997 0.000001 -0.000011 -0.000015 0.000039 0.000011 1.000000
1741164679.326828 0.450001 -0.000000 -0.000013 -0.000029 -0.000241 -0.000000 1.000000
1741164679.376838 0.450001 -0.000000 -0.000013 -0.000029 -0.000241 -0.000000 1.000000
1741164679.426855 0.460000 0.000001 -0.000016 -0.000052 -0.000128 -0.000003 1.000000
1741164679.476847 0.460000 0.000001 -0.000016 -0.000052 -0.000128 -0.000003 1.000000
1741164679.526823 0.469999 -0.000000 -0.000011 -0.000015 0.000039 0.000004 1.000000
1741164679.576845 0.469999 -0.000000 -0.000011 -0.000015 0.000039 0.000004 1.000000
1741164679.626825 0.480000 -0.000000 -0.000010 -0.000012 0.000005 0.000000 1.000000
1741164679.676817 0.480000 -0.000000 -0.000010 -0.000012 0.000005 0.000000 1.000000
1741164679.726836 0.490000 -0.000000 -0.000010 -0.000014 0.000036 0.000001 1.000000
1741164679.776815 0.490000 -0.000000 -0.000010 -0.000014 0.000036 0.000001 1.000000
1741164679.826826 0.499999 0.000001 -0.000016 -0.000051 -0.000126 0.000002 1.000000
1741164679.876836 0.499999 0.000001 -0.000016 -0.000051 -0.000126 0.000002 1.000000
1741164679.926823 0.509999 0.000001 -0.000016 -0.000051 -0.000126 0.000005 1.000000
1741164679.976855 0.509999 0.000001 -0.000016 -0.000051 -0.000126 0.000005 1.000000
1741164680.026827 0.519999 0.000001 -0.000016 -0.000051 -0.000126 0.000007 1.000000
1741164680.076894 0.519999 0.000001 -0.000016 -0.000051 -0.000126 0.000007 1.000000
1741164680.126793 0.529998 0.000001 -0.000011 -0.000015 0.000039 0.000008 1.000000
1741164680.176813 0.529998 0.000001 -0.000011 -0.000015 0.000039 0.000008 1.000000
1741164680.226735 0.540000 -0.000000 -0.000016 -0.000051 -0.000127 0.000007 1.000000
1741164680.276785 0.540000 -0.000000 -0.000016 -0.000051 -0.000127 0.000007 1.000000
1741164680.326796 0.549999 -0.000000 -0.000016 -0.000051 -0.000126 0.000009 1.000000
1741164680.376817 0.549999 -0.000000 -0.000016 -0.000051 -0.000126 0.000009 1.000000
1741164680.426780 0.559998 0.000001 -0.000011 -0.000015 0.000039 0.000007 1.000000
1741164680.476817 0.559998 0.000001 -0.000011 -0.000015 0.000039 0.000007 1.000000
1741164680.526823 0.569998 -0.000000 -0.000016 -0.000051 -0.000126 0.000015 1.000000
1741164680.576808 0.569998 -0.000000 -0.000016 -0.000051 -0.000126 0.000015 1.000000
1741164680.626774 0.579998 -0.000000 -0.000016 -0.000051 -0.000126 0.000019 1.000000
1741164680.676781 0.579998 -0.000000 -0.000016 -0.000051 -0.000126 0.000019 1.000000
1741164680.726791 0.589997 -0.000000 -0.000016 -0.000051 -0.000126 0.000021 1.000000
1741164680.776809 0.589997 -0.000000 -0.000016 -0.000051 -0.000126 0.000021 1.000000
1741164680.826813 0.599996 0.000001 -0.000011 -0.000015 0.000039 0.000018 1.000000
1741164680.876839 0.599996 0.000001 -0.000011 -0.000015 0.000039 0.000018 1.000000
1741164680.926811 0.609996 0.000001 -0.000016 -0.000051 -0.000126 0.000022 1.000000
1741164680.976857 0.609996 0.000001 -0.000016 -0.000051 -0.000126 0.000022 1.000000
1741164681.026792 0.630000 -0.000000 -0.000007 -0.000035 -0.000048 0.000001 1.000000
1741164681.076812 0.630000 -0.000000 -0.000007 -0.000035 -0.000048 0.000001 1.000000
1741164681.126796 0.629996 -0.000000 -0.000016 -0.000051 -0.000126 0.000031 1.000000
1741164681.176819 0.629996 -0.000000 -0.000016 -0.000051 -0.000126 0.000031 1.000000
1741164681.226776 0.639998 0.000001 -0.000016 -0.000051 -0.000126 0.000008 1.000000
1741164681.276787 0.639998 0.000001 -0.000016 -0.000051 -0.000126 0.000008 1.000000
1741164681.326794 0.649998 -0.000000 -0.000016 -0.000051 -0.000126 0.000015 1.000000
1741164681.376804 0.649998 -0.000000 -0.000016 -0.000051 -0.000126 0.000015 1.000000
1741164681.426791 0.659997 0.000001 -0.000011 -0.000015 0.000039 0.000014 1.000000
1741164681.476822 0.659997 0.000001 -0.000011 -0.000015 0.000039 0.000014 1.000000
1741164681.526803 0.669997 -0.000000 -0.000016 -0.000051 -0.000126 0.000022 1.000000
1741164681.576819 0.669997 -0.000000 -0.000016 -0.000051 -0.000126 0.000022 1.000000
1741164681.626799 0.679996 -0.000000 -0.000011 -0.000015 0.000039 0.000025 1.000000
1741164681.676816 0.679996 -0.000000 -0.000011 -0.000015 0.000039 0.000025 1.000000
1741164681.726799 0.699999 0.000001 -0.000016 0.000094 0.000107 -0.000003 1.000000
1741164681.776757 0.699999 0.000001 -0.000016 0.000094 0.000107 -0.000003 1.000000
1741164681.826788 0.710000 0.000001 -0.000011 -0.000016 0.000040 -0.000003 1.000000
1741164681.876808 0.710000 0.000001 -0.000011 -0.000016 0.000040 -0.000003 1.000000
1741164681.926796 0.720000 -0.000000 -0.000016 -0.000051 -0.000127 0.000006 1.000000
1741164681.976806 0.720000 -0.000000 -0.000016 -0.000051 -0.000127 0.000006 1.000000
1741164682.026796 0.729999 0.000001 -0.000016 -0.000051 -0.000126 0.000004 1.000000
1741164682.076810 0.729999 0.000001 -0.000016 -0.000051 -0.000126 0.000004 1.000000
1741164682.126786 0.729993 0.000001 -0.000011 -0.000015 0.000039 0.000035 1.000000
1741164682.176765 0.729993 0.000001 -0.000011 -0.000015 0.000039 0.000035 1.000000
1741164682.226821 0.729989 0.000000 -0.000011 -0.000015 0.000039 0.000066 1.000000
1741164682.276816 0.729989 0.000000 -0.000011 -0.000015 0.000039 0.000066 1.000000
1741164682.326830 0.729984 0.000000 -0.000016 -0.000051 -0.000126 0.000097 1.000000
1741164682.376845 0.729984 0.000000 -0.000016 -0.000051 -0.000126 0.000097 1.000000
1741164682.426858 0.729979 0.000000 -0.000016 -0.000051 -0.000126 0.000128 1.000000
1741164682.476873 0.729979 0.000000 -0.000016 -0.000051 -0.000126 0.000128 1.000000
1741164682.526781 0.729974 0.000000 -0.000011 -0.000015 0.000039 0.000159 1.000000
1741164682.576848 0.729974 0.000000 -0.000011 -0.000015 0.000039 0.000159 1.000000
1741164682.626820 0.729969 -0.000000 -0.000011 -0.000015 0.000039 0.000190 1.000000
1741164682.676818 0.729969 -0.000000 -0.000011 -0.000015 0.000039 0.000190 1.000000
1741164682.726792 0.729965 -0.000000 -0.000016 -0.000051 -0.000126 0.000222 1.000000
1741164682.776804 0.729965 -0.000000 -0.000016 -0.000051 -0.000126 0.000222 1.000000
1741164682.826797 0.729960 -0.000000 -0.000016 -0.000051 -0.000126 0.000252 1.000000
1741164682.876813 0.729960 -0.000000 -0.000016 -0.000051 -0.000126 0.000252 1.000000
1741164682.926792 0.729955 -0.000000 -0.000016 -0.000051 -0.000126 0.000283 1.000000
1741164682.976810 0.729955 -0.000000 -0.000016 -0.000051 -0.000126 0.000283 1.000000
1741164683.026843 0.729951 -0.000001 -0.000016 -0.000051 -0.000126 0.000314 1.000000
1741164683.076791 0.729951 -0.000001 -0.000016 -0.000051 -0.000126 0.000314 1.000000
1741164683.126775 0.729945 -0.000001 -0.000011 -0.000015 0.000039 0.000346 1.000000
1741164683.176808 0.729945 -0.000001 -0.000011 -0.000015 0.000039 0.000346 1.000000
1741164683.226785 0.729941 -0.000001 -0.000016 -0.000051 -0.000126 0.000377 1.000000
1741164683.276734 0.729941 -0.000001 -0.000016 -0.000051 -0.000126 0.000377 1.000000
1741164683.326796 0.729936 -0.000001 -0.000016 -0.000051 -0.000126 0.000408 1.000000
1741164683.376777 0.729936 -0.000001 -0.000016 -0.000051 -0.000126 0.000408 1.000000
1741164683.426801 0.729932 -0.000001 -0.000016 -0.000051 -0.000126 0.000439 1.000000
1741164683.476803 0.729932 -0.000001 -0.000016 -0.000051 -0.000126 0.000439 1.000000
1741164683.526778 0.729927 -0.000001 -0.000016 -0.000051 -0.000126 0.000470 1.000000
1741164683.576855 0.729927 -0.000001 -0.000016 -0.000051 -0.000126 0.000470 1.000000
1741164683.626801 0.729921 -0.000001 -0.000011 -0.000015 0.000039 0.000501 1.000000
1741164683.676871 0.729921 -0.000001 -0.000011 -0.000015 0.000039 0.000501 1.000000
1741164683.726807 0.729917 -0.000001 -0.000016 -0.000051 -0.000126 0.000532 1.000000
1741164683.776785 0.729917 -0.000001 -0.000016 -0.000051 -0.000126 0.000532 1.000000
1741164683.826807 0.729913 -0.000002 -0.000016 -0.000051 -0.000126 0.000563 1.000000
1741164683.876847 0.729913 -0.000002 -0.000016 -0.000051 -0.000126 0.000563 1.000000
1741164683.926802 0.729908 -0.000002 -0.000016 -0.000051 -0.000126 0.000594 1.000000
1741164683.976887 0.729908 -0.000002 -0.000016 -0.000051 -0.000126 0.000594 1.000000
1741164684.026793 0.729903 -0.000002 -0.000016 -0.000051 -0.000126 0.000625 1.000000
1741164684.076899 0.729903 -0.000002 -0.000016 -0.000051 -0.000126 0.000625 1.000000
1741164684.126773 0.729898 -0.000002 -0.000016 -0.000051 -0.000126 0.000656 1.000000
1741164684.176813 0.729898 -0.000002 -0.000016 -0.000051 -0.000126 0.000656 1.000000
1741164684.226808 0.729894 -0.000002 -0.000016 -0.000051 -0.000126 0.000687 1.000000
1741164684.276814 0.729894 -0.000002 -0.000016 -0.000051 -0.000126 0.000687 1.000000
1741164684.326812 0.729889 -0.000002 -0.000016 -0.000051 -0.000126 0.000718 1.000000
1741164684.376793 0.729889 -0.000002 -0.000016 -0.000051 -0.000126 0.000718 1.000000
1741164684.426791 0.729884 -0.000002 -0.000016 -0.000051 -0.000126 0.000750 1.000000
1741164684.476805 0.729884 -0.000002 -0.000016 -0.000051 -0.000126 0.000750 1.000000
1741164684.526793 0.729879 -0.000002 -0.000011 -0.000015 0.000039 0.000781 1.000000
1741164684.576817 0.729879 -0.000002 -0.000011 -0.000015 0.000039 0.000781 1.000000
1741164684.626797 0.729875 -0.000003 -0.000016 -0.000051 -0.000126 0.000812 1.000000
1741164684.676807 0.729875 -0.000003 -0.000016 -0.000051 -0.000126 0.000812 1.000000
1741164684.726790 0.729870 -0.000003 -0.000016 -0.000051 -0.000126 0.000843 1.000000
1741164684.776805 0.729870 -0.000003 -0.000016 -0.000051 -0.000126 0.000843 1.000000
1741164684.826809 0.729865 -0.000003 -0.000011 -0.000015 0.000039 0.000874 1.000000
1741164684.876852 0.729865 -0.000003 -0.000011 -0.000015 0.000039 0.000874 1.000000
1741164684.926792 0.729861 -0.000003 -0.000016 -0.000051 -0.000126 0.000905 1.000000
1741164684.976785 0.729861 -0.000003 -0.000016 -0.000051 -0.000126 0.000905 1.000000
1741164685.026779 0.729856 -0.000003 -0.000016 -0.000051 -0.000126 0.000936 1.000000
1741164685.076823 0.729856 -0.000003 -0.000016 -0.000051 -0.000126 0.000936 1.000000
1741164685.126793 0.729851 -0.000003 -0.000016 -0.000051 -0.000126 0.000967 1.000000
1741164685.176816 0.729851 -0.000003 -0.000016 -0.000051 -0.000126 0.000967 1.000000
1741164685.226793 0.729847 -0.000003 -0.000016 -0.000051 -0.000126 0.000998 0.999999
1741164685.276812 0.729847 -0.000003 -0.000016 -0.000051 -0.000126 0.000998 0.999999
1741164685.326791 0.729841 -0.000003 -0.000011 -0.000015 0.000039 0.001029 0.999999
1741164685.376810 0.729841 -0.000003 -0.000011 -0.000015 0.000039 0.001029 0.999999
1741164685.426798 0.729837 -0.000004 -0.000016 -0.000051 -0.000126 0.001060 0.999999
1741164685.476813 0.729837 -0.000004 -0.000016 -0.000051 -0.000126 0.001060 0.999999
1741164685.526794 0.729832 -0.000004 -0.000011 -0.000015 0.000039 0.001092 0.999999
1741164685.576831 0.729832 -0.000004 -0.000011 -0.000015 0.000039 0.001092 0.999999
1741164685.626810 0.729827 -0.000004 -0.000011 -0.000015 0.000039 0.001123 0.999999
1741164685.676811 0.729827 -0.000004 -0.000011 -0.000015 0.000039 0.001123 0.999999
1741164685.726791 0.729823 -0.000004 -0.000016 -0.000051 -0.000126 0.001154 0.999999
1741164685.776818 0.729823 -0.000004 -0.000016 -0.000051 -0.000126 0.001154 0.999999
1741164685.826815 0.729818 -0.000004 -0.000016 -0.000051 -0.000126 0.001185 0.999999
1741164685.876847 0.729818 -0.000004 -0.000016 -0.000051 -0.000126 0.001185 0.999999
1741164685.926785 0.729814 -0.000004 -0.000016 -0.000051 -0.000126 0.001216 0.999999
1741164685.976808 0.729814 -0.000004 -0.000016 -0.000051 -0.000126 0.001216 0.999999
1741164686.026828 0.729809 -0.000004 -0.000016 -0.000051 -0.000126 0.001247 0.999999
1741164686.076816 0.729809 -0.000004 -0.000016 -0.000051 -0.000126 0.001247 0.999999
1741164686.126800 0.670002 -0.000005 -0.000016 -0.000051 -0.000126 0.000012 1.000000
1741164686.176837 0.670002 -0.000005 -0.000016 -0.000051 -0.000126 0.000012 1.000000
1741164686.226818 0.669996 -0.000005 -0.000011 -0.000015 0.000039 0.000043 1.000000
1741164686.276812 0.669996 -0.000005 -0.000011 -0.000015 0.000039 0.000043 1.000000
1741164686.326798 0.670001 -0.000005 -0.000016 -0.000052 -0.000126 -0.008709 0.999962
1741164686.376816 0.670001 -0.000005 -0.000016 -0.000052 -0.000126 -0.008709 0.999962
1741164686.426798 0.669995 -0.000005 -0.000016 -0.000052 -0.000126 -0.008678 0.999962
1741164686.476814 0.669995 -0.000005 -0.000016 -0.000052 -0.000126 -0.008678 0.999962
1741164686.526777 0.669989 -0.000004 -0.000011 -0.000015 0.000039 -0.008647 0.999963
1741164686.576785 0.669989 -0.000004 -0.000011 -0.000015 0.000039 -0.008647 0.999963
1741164686.626774 0.670003 -0.000005 -0.000014 -0.000048 -0.000113 -0.017449 0.999848
1741164686.676798 0.670003 -0.000005 -0.000014 -0.000048 -0.000113 -0.017449 0.999848
1741164686.726793 0.669997 -0.000004 -0.000011 -0.000015 0.000039 -0.017419 0.999848
1741164686.776820 0.669997 -0.000004 -0.000011 -0.000015 0.000039 -0.017419 0.999848
1741164686.826799 0.669990 -0.000004 -0.000011 -0.000015 0.000040 -0.017388 0.999849
1741164686.876810 0.669990 -0.000004 -0.000011 -0.000015 0.000040 -0.017388 0.999849
1741164686.926798 0.670002 -0.000004 -0.000011 -0.000015 0.000040 -0.026179 0.999657
1741164686.976804 0.670002 -0.000004 -0.000011 -0.000015 0.000040 -0.026179 0.999657
1741164687.026829 0.669996 -0.000003 -0.000011 -0.000015 0.000040 -0.026148 0.999658
1741164687.076819 0.669996 -0.000003 -0.000011 -0.000015 0.000040 -0.026148 0.999658
1741164687.126793 0.669988 -0.000003 -0.000011 -0.000015 0.000040 -0.026117 0.999659
1741164687.176851 0.669988 -0.000003 -0.000011 -0.000015 0.000040 -0.026117 0.999659
1741164687.226791 0.670002 -0.000004 -0.000011 -0.000015 0.000040 -0.034902 0.999391
1741164687.276831 0.670002 -0.000004 -0.000011 -0.000015 0.000040 -0.034902 0.999391
1741164687.326796 0.669995 -0.000003 -0.000011 -0.000014 0.000040 -0.034871 0.999392
1741164687.376822 0.669995 -0.000003 -0.000011 -0.000014 0.000040 -0.034871 0.999392
1741164687.426807 0.669986 -0.000003 -0.000011 -0.000015 0.000041 -0.034840 0.999393
1741164687.476812 0.669986 -0.000003 -0.000011 -0.000015 0.000041 -0.034840 0.999393
1741164687.526772 0.670003 -0.000005 -0.000011 -0.000039 -0.000085 -0.043617 0.999048
1741164687.576792 0.670003 -0.000005 -0.000011 -0.000039 -0.000085 -0.043617 0.999048
1741164687.626781 0.669994 -0.000004 -0.000011 -0.000014 0.000041 -0.043587 0.999050
1741164687.676817 0.669994 -0.000004 -0.000011 -0.000014 0.000041 -0.043587 0.999050
1741164687.726828 0.669985 -0.000004 -0.000011 -0.000014 0.000041 -0.043558 0.999051
1741164687.776810 0.669985 -0.000004 -0.000011 -0.000014 0.000041 -0.043558 0.999051
1741164687.826847 0.669976 -0.000003 -0.000016 -0.000059 -0.000128 -0.043527 0.999052
1741164687.876868 0.669976 -0.000003 -0.000016 -0.000059 -0.000128 -0.043527 0.999052
1741164687.926792 0.670003 -0.000004 -0.000016 -0.000059 -0.000125 -0.052338 0.998629
1741164687.976835 0.670003 -0.000004 -0.000016 -0.000059 -0.000125 -0.052338 0.998629
1741164688.026792 0.669992 -0.000003 -0.000011 -0.000014 0.000041 -0.052308 0.998631
1741164688.076847 0.669992 -0.000003 -0.000011 -0.000014 0.000041 -0.052308 0.998631
1741164688.126822 0.669983 -0.000003 -0.000016 -0.000060 -0.000127 -0.052279 0.998632
1741164688.176811 0.669983 -0.000003 -0.000016 -0.000060 -0.000127 -0.052279 0.998632
1741164688.226781 0.669973 -0.000003 -0.000016 -0.000060 -0.000128 -0.052250 0.998634
1741164688.276835 0.669973 -0.000003 -0.000016 -0.000060 -0.000128 -0.052250 0.998634
1741164688.326804 0.670003 -0.000005 -0.000008 -0.000011 0.000031 -0.061047 0.998135
1741164688.376840 0.670003 -0.000005 -0.000008 -0.000011 0.000031 -0.061047 0.998135
1741164688.426798 0.669992 -0.000004 -0.000011 -0.000014 0.000042 -0.061023 0.998136
1741164688.476809 0.669992 -0.000004 -0.000011 -0.000014 0.000042 -0.061023 0.998136
1741164688.526791 0.669981 -0.000003 -0.000011 -0.000014 0.000042 -0.061000 0.998138
1741164688.576816 0.669981 -0.000003 -0.000011 -0.000014 0.000042 -0.061000 0.998138
1741164688.626808 0.670002 -0.000004 -0.000014 0.000082 0.000089 -0.069758 0.997564
1741164688.676829 0.670002 -0.000004 -0.000014 0.000082 0.000089 -0.069758 0.997564
1741164688.726789 0.669991 0.000000 -0.000011 -0.000014 0.000042 -0.069739 0.997565
1741164688.776806 0.669991 0.000000 -0.000011 -0.000014 0.000042 -0.069739 0.997565
1741164688.826787 0.669980 0.000004 -0.000016 -0.000063 -0.000127 -0.069718 0.997567
1741164688.876810 0.669980 0.000004 -0.000016 -0.000063 -0.000127 -0.069718 0.997567
1741164688.926793 0.669968 0.000009 -0.000016 -0.000063 -0.000128 -0.069698 0.997568
1741164688.976806 0.669968 0.000009 -0.000016 -0.000063 -0.000128 -0.069698 0.997568
1741164689.026776 0.670003 -0.000005 -0.000010 -0.000041 -0.000081 -0.078458 0.996917
1741164689.076879 0.670003 -0.000005 -0.000010 -0.000041 -0.000081 -0.078458 0.996917
1741164689.126819 0.669991 0.000003 -0.000016 -0.000064 -0.000127 -0.078443 0.996919
1741164689.176827 0.669991 0.000003 -0.000016 -0.000064 -0.000127 -0.078443 0.996919
1741164689.226794 0.669978 0.000011 -0.000011 -0.000014 0.000043 -0.078436 0.996919
1741164689.276794 0.669978 0.000011 -0.000011 -0.000014 0.000043 -0.078436 0.996919
1741164689.326790 0.670003 -0.000005 -0.000010 -0.000038 -0.000074 -0.087154 0.996195
1741164689.376809 0.670003 -0.000005 -0.000010 -0.000038 -0.000074 -0.087154 0.996195
1741164689.426792 0.669987 0.000006 -0.000011 -0.000013 0.000043 -0.087214 0.996190
1741164689.476808 0.669987 0.000006 -0.000011 -0.000013 0.000043 -0.087214 0.996190
1741164689.526789 0.669971 0.000017 -0.000012 -0.000013 0.000043 -0.087275 0.996184
1741164689.576808 0.669971 0.000017 -0.000012 -0.000013 0.000043 -0.087275 0.996184
1741164689.626789 0.670003 -0.000005 -0.000004 -0.000010 0.000017 -0.095845 0.995396
1741164689.676809 0.670003 -0.000005 -0.000004 -0.000010 0.000017 -0.095845 0.995396
1741164689.726771 0.669985 0.000007 -0.000016 -0.000067 -0.000127 -0.095911 0.995390
1741164689.776806 0.669985 0.000007 -0.000016 -0.000067 -0.000127 -0.095911 0.995390
1741164689.826784 0.669966 0.000019 -0.000012 -0.000013 0.000044 -0.095982 0.995383
1741164689.876811 0.669966 0.000019 -0.000012 -0.000013 0.000044 -0.095982 0.995383
1741164689.926780 0.670003 -0.000005 -0.000011 -0.000045 -0.000083 -0.104527 0.994522
1741164689.976804 0.670003 -0.000005 -0.000011 -0.000045 -0.000083 -0.104527 0.994522
1741164690.026810 0.669983 0.000006 -0.000012 -0.000015 0.000044 -0.104602 0.994514
1741164690.076820 0.669983 0.000006 -0.000012 -0.000015 0.000044 -0.104602 0.994514
1741164690.126806 0.669965 0.000017 -0.000016 -0.000068 -0.000126 -0.104677 0.994506
1741164690.176813 0.669965 0.000017 -0.000016 -0.000068 -0.000126 -0.104677 0.994506
1741164690.226791 0.670002 -0.000004 -0.000012 -0.000012 0.000044 -0.113207 0.993571
1741164690.276803 0.670002 -0.000004 -0.000012 -0.000012 0.000044 -0.113207 0.993571
1741164690.326831 0.669983 0.000007 -0.000011 -0.000015 0.000044 -0.113305 0.993560
1741164690.376845 0.669983 0.000007 -0.000011 -0.000015 0.000044 -0.113305 0.993560
1741164690.426798 0.669964 0.000017 -0.000011 -0.000015 0.000044 -0.113404 0.993549
1741164690.476855 0.669964 0.000017 -0.000011 -0.000015 0.000044 -0.113404 0.993549
1741164690.526829 0.670002 -0.000003 -0.000016 -0.000069 -0.000122 -0.121875 0.992545
1741164690.576813 0.670002 -0.000003 -0.000016 -0.000069 -0.000122 -0.121875 0.992545
1741164690.626803 0.669983 0.000007 -0.000016 -0.000069 -0.000123 -0.121973 0.992533
1741164690.676811 0.669983 0.000007 -0.000016 -0.000069 -0.000123 -0.121973 0.992533
1741164690.726779 0.669964 0.000017 -0.000016 -0.000069 -0.000123 -0.122071 0.992521
1741164690.776884 0.669964 0.000017 -0.000016 -0.000069 -0.000123 -0.122071 0.992521
1741164690.826812 0.670002 -0.000004 -0.000002 -0.000000 0.000009 -0.130522 0.991445
1741164690.876853 0.670002 -0.000004 -0.000002 -0.000000 0.000009 -0.130522 0.991445
1741164690.926806 0.669984 0.000005 -0.000016 -0.000070 -0.000122 -0.130616 0.991433
1741164690.976838 0.669984 0.000005 -0.000016 -0.000070 -0.000122 -0.130616 0.991433
1741164691.026835 0.669965 0.000015 -0.000011 -0.000015 0.000043 -0.130715 0.991420
1741164691.076837 0.669965 0.000015 -0.000011 -0.000015 0.000043 -0.130715 0.991420
1741164691.126805 0.670002 -0.000004 -0.000010 0.000025 -0.000071 -0.139170 0.990268
1741164691.176812 0.670002 -0.000004 -0.000010 0.000025 -0.000071 -0.139170 0.990268
1741164691.226798 0.669984 0.000005 -0.000016 -0.000070 -0.000120 -0.139263 0.990255
1741164691.276836 0.669984 0.000005 -0.000016 -0.000070 -0.000120 -0.139263 0.990255
1741164691.326793 0.669965 0.000015 -0.000011 -0.000015 0.000043 -0.139364 0.990241
1741164691.376835 0.669965 0.000015 -0.000011 -0.000015 0.000043 -0.139364 0.990241
1741164691.426788 0.670002 -0.000004 -0.000004 -0.000013 -0.000026 -0.147806 0.989016
1741164691.476871 0.670002 -0.000004 -0.000004 -0.000013 -0.000026 -0.147806 0.989016
1741164691.526816 0.669985 0.000005 -0.000016 -0.000071 -0.000118 -0.147901 0.989002
1741164691.576841 0.669985 0.000005 -0.000016 -0.000071 -0.000118 -0.147901 0.989002
1741164691.626825 0.669967 0.000015 -0.000016 -0.000071 -0.000118 -0.147999 0.988987
1741164691.676819 0.669967 0.000015 -0.000016 -0.000071 -0.000118 -0.147999 0.988987
1741164691.726825 0.670001 -0.000004 -0.000021 -0.000006 -0.000132 -0.156429 0.987689
1741164691.776849 0.670001 -0.000004 -0.000021 -0.000006 -0.000132 -0.156429 0.987689
1741164691.826820 0.669980 0.000022 -0.000022 -0.000006 -0.000139 -0.156363 0.987700
1741164691.876857 0.669980 0.000022 -0.000022 -0.000006 -0.000139 -0.156363 0.987700
1741164691.926790 0.669960 0.000042 -0.000016 -0.000071 -0.000116 -0.156342 0.987703
1741164691.976786 0.669960 0.000042 -0.000016 -0.000071 -0.000116 -0.156342 0.987703
1741164692.026792 0.670003 -0.000004 -0.000015 -0.000068 -0.000109 -0.165051 0.986285
1741164692.076787 0.670003 -0.000004 -0.000015 -0.000068 -0.000109 -0.165051 0.986285
1741164692.126772 0.669986 0.000006 -0.000016 -0.000072 -0.000115 -0.165147 0.986269
1741164692.176818 0.669986 0.000006 -0.000016 -0.000072 -0.000115 -0.165147 0.986269
1741164692.226788 0.669970 0.000015 -0.000015 -0.000071 -0.000115 -0.165242 0.986253
1741164692.276842 0.669970 0.000015 -0.000015 -0.000071 -0.000115 -0.165242 0.986253
1741164692.326777 0.670002 -0.000005 -0.000010 -0.000013 0.000040 -0.173649 0.984808
1741164692.376823 0.670002 -0.000005 -0.000010 -0.000013 0.000040 -0.173649 0.984808
1741164692.426798 0.669988 0.000004 -0.000015 -0.000072 -0.000114 -0.173740 0.984791
1741164692.476787 0.669988 0.000004 -0.000015 -0.000072 -0.000114 -0.173740 0.984791
1741164692.526802 0.669973 0.000014 -0.000015 -0.000072 -0.000113 -0.173834 0.984775
1741164692.576830 0.669973 0.000014 -0.000015 -0.000072 -0.000113 -0.173834 0.984775
1741164692.626793 0.670002 -0.000005 -0.000010 -0.000013 0.000039 -0.182236 0.983255
1741164692.676819 0.670002 -0.000005 -0.000010 -0.000013 0.000039 -0.182236 0.983255
1741164692.726790 0.669989 0.000004 -0.000011 -0.000015 0.000042 -0.182324 0.983238
1741164692.776820 0.669989 0.000004 -0.000011 -0.000015 0.000042 -0.182324 0.983238
1741164692.826794 0.669976 0.000013 -0.000015 -0.000072 -0.000112 -0.182415 0.983222
1741164692.876813 0.669976 0.000013 -0.000015 -0.000072 -0.000112 -0.182415 0.983222
1741164692.926799 0.670003 -0.000005 -0.000013 -0.000065 -0.000098 -0.190808 0.981627
1741164692.976828 0.670003 -0.000005 -0.000013 -0.000065 -0.000098 -0.190808 0.981627
1741164693.026799 0.669991 0.000004 -0.000010 -0.000015 0.000042 -0.190896 0.981610
1741164693.076826 0.669991 0.000004 -0.000010 -0.000015 0.000042 -0.190896 0.981610
1741164693.126795 0.669979 0.000013 -0.000015 -0.000073 -0.000110 -0.190980 0.981594
1741164693.176819 0.669979 0.000013 -0.000015 -0.000073 -0.000110 -0.190980 0.981594
1741164693.226806 0.670003 -0.000004 -0.000010 -0.000013 0.000040 -0.199372 0.979924
1741164693.276815 0.670003 -0.000004 -0.000010 -0.000013 0.000040 -0.199372 0.979924
1741164693.326797 0.669994 0.000005 -0.000015 -0.000073 -0.000109 -0.199451 0.979908
1741164693.376829 0.669994 0.000005 -0.000015 -0.000073 -0.000109 -0.199451 0.979908
1741164693.426833 0.669984 0.000014 -0.000015 -0.000073 -0.000109 -0.199533 0.979891
1741164693.476819 0.669984 0.000014 -0.000015 -0.000073 -0.000109 -0.199533 0.979891
1741164693.526791 0.670003 -0.000005 -0.000013 -0.000066 -0.000096 -0.207911 0.978148
1741164693.576815 0.670003 -0.000005 -0.000013 -0.000066 -0.000096 -0.207911 0.978148
1741164693.626801 0.669996 0.000003 -0.000015 -0.000073 -0.000107 -0.207987 0.978132
1741164693.676814 0.669996 0.000003 -0.000015 -0.000073 -0.000107 -0.207987 0.978132
1741164693.726796 0.669988 0.000012 -0.000015 -0.000073 -0.000107 -0.208062 0.978116
1741164693.776819 0.669988 0.000012 -0.000015 -0.000073 -0.000107 -0.208062 0.978116
1741164693.826777 0.670003 -0.000004 -0.000014 -0.000070 -0.000101 -0.216443 0.976295
1741164693.876818 0.670003 -0.000004 -0.000014 -0.000070 -0.000101 -0.216443 0.976295
1741164693.926795 0.669998 0.000004 -0.000015 -0.000074 -0.000106 -0.216513 0.976280
1741164693.976843 0.669998 0.000004 -0.000015 -0.000074 -0.000106 -0.216513 0.976280
1741164694.026831 0.669993 0.000013 -0.000015 -0.000073 -0.000105 -0.216583 0.976264
1741164694.076818 0.669993 0.000013 -0.000015 -0.000073 -0.000105 -0.216583 0.976264
1741164694.126793 0.670003 -0.000004 -0.000007 -0.000011 0.000033 -0.224953 0.974370
1741164694.176818 0.670003 -0.000004 -0.000007 -0.000011 0.000033 -0.224953 0.974370
1741164694.226795 0.670001 0.000004 -0.000015 -0.000074 -0.000104 -0.225018 0.974355
1741164694.276807 0.670001 0.000004 -0.000015 -0.000074 -0.000104 -0.225018 0.974355
1741164694.326780 0.669998 0.000012 -0.000015 -0.000074 -0.000104 -0.225083 0.974340
1741164694.376829 0.669998 0.000012 -0.000015 -0.000074 -0.000104 -0.225083 0.974340
1741164694.426800 0.669995 0.000021 -0.000010 -0.000014 0.000042 -0.225149 0.974324
1741164694.476863 0.669995 0.000021 -0.000010 -0.000014 0.000042 -0.225149 0.974324
1741164694.526797 0.670003 -0.000005 -0.000013 -0.000065 -0.000089 -0.233445 0.972370
1741164694.576796 0.670003 -0.000005 -0.000013 -0.000065 -0.000089 -0.233445 0.972370
1741164694.626829 0.670002 0.000003 -0.000015 -0.000074 -0.000103 -0.233506 0.972355
1741164694.676863 0.670002 0.000003 -0.000015 -0.000074 -0.000103 -0.233506 0.972355
1741164694.726797 0.670001 0.000012 -0.000010 -0.000013 0.000042 -0.233568 0.972341
1741164694.776819 0.670001 0.000012 -0.000010 -0.000013 0.000042 -0.233568 0.972341
1741164694.826795 0.670003 -0.000004 -0.000014 -0.000071 -0.000097 -0.241925 0.970295
1741164694.876816 0.670003 -0.000004 -0.000014 -0.000071 -0.000097 -0.241925 0.970295
1741164694.926788 0.670003 0.000005 -0.000014 -0.000074 -0.000101 -0.241984 0.970280
1741164694.976781 0.670003 0.000005 -0.000014 -0.000074 -0.000101 -0.241984 0.970280
1741164695.026789 0.670003 0.000014 -0.000010 -0.000013 0.000041 -0.242046 0.970265
1741164695.076848 0.670003 0.000014 -0.000010 -0.000013 0.000041 -0.242046 0.970265
1741164695.126827 0.670003 -0.000005 -0.000012 -0.000064 -0.000085 -0.250379 0.968148
1741164695.176823 0.670003 -0.000005 -0.000012 -0.000064 -0.000085 -0.250379 0.968148
1741164695.226799 0.670003 0.000004 -0.000014 -0.000074 -0.000099 -0.250438 0.968133
1741164695.276813 0.670003 0.000004 -0.000014 -0.000074 -0.000099 -0.250438 0.968133
1741164695.326786 0.670003 0.000013 -0.000014 -0.000074 -0.000099 -0.250497 0.968117
1741164695.376843 0.670003 0.000013 -0.000014 -0.000074 -0.000099 -0.250497 0.968117
1741164695.426793 0.670003 -0.000005 -0.000012 -0.000064 -0.000084 -0.258818 0.965926
1741164695.476807 0.670003 -0.000005 -0.000012 -0.000064 -0.000084 -0.258818 0.965926
1741164695.526792 0.670003 0.000005 -0.000010 -0.000012 0.000041 -0.258879 0.965910
1741164695.576808 0.670003 0.000005 -0.000010 -0.000012 0.000041 -0.258879 0.965910
1741164695.626794 0.670002 0.000014 -0.000014 -0.000074 -0.000097 -0.258937 0.965894
1741164695.676814 0.670002 0.000014 -0.000014 -0.000074 -0.000097 -0.258937 0.965894
1741164695.726792 0.670003 -0.000004 -0.000012 -0.000061 -0.000080 -0.267240 0.963630
1741164695.776838 0.670003 -0.000004 -0.000012 -0.000061 -0.000080 -0.267240 0.963630
1741164695.826800 0.670003 0.000006 -0.000014 -0.000075 -0.000096 -0.267300 0.963613
1741164695.876805 0.670003 0.000006 -0.000014 -0.000075 -0.000096 -0.267300 0.963613
1741164695.926770 0.670003 0.000017 -0.000010 -0.000012 0.000041 -0.267360 0.963597
1741164695.976803 0.670003 0.000017 -0.000010 -0.000012 0.000041 -0.267360 0.963597
1741164696.026791 0.670003 -0.000003 -0.000010 -0.000012 0.000041 -0.275641 0.961261
1741164696.076816 0.670003 -0.000003 -0.000010 -0.000012 0.000041 -0.275641 0.961261
1741164696.126795 0.670003 0.000007 -0.000014 -0.000075 -0.000095 -0.275701 0.961244
1741164696.176819 0.670003 0.000007 -0.000014 -0.000075 -0.000095 -0.275701 0.961244
1741164696.226777 0.670003 0.000018 -0.000014 -0.000074 -0.000094 -0.275761 0.961226
1741164696.276819 0.670003 0.000018 -0.000014 -0.000074 -0.000094 -0.275761 0.961226
1741164696.326792 0.670003 -0.000005 -0.000012 -0.000053 -0.000069 -0.284016 0.958819
1741164696.376821 0.670003 -0.000005 -0.000012 -0.000053 -0.000069 -0.284016 0.958819
1741164696.426793 0.670003 0.000008 -0.000014 -0.000075 -0.000093 -0.284078 0.958801
1741164696.476871 0.670003 0.000008 -0.000014 -0.000075 -0.000093 -0.284078 0.958801
1741164696.526820 0.670003 0.000021 -0.000009 -0.000012 0.000041 -0.284142 0.958782
1741164696.576812 0.670003 0.000021 -0.000009 -0.000012 0.000041 -0.284142 0.958782
1741164696.626789 0.670003 -0.000005 -0.000008 -0.000004 0.000033 -0.292371 0.956305
1741164696.676789 0.670003 -0.000005 -0.000008 -0.000004 0.000033 -0.292371 0.956305
1741164696.726788 0.670002 0.000009 -0.000009 -0.000011 0.000041 -0.292437 0.956285
1741164696.776807 0.670002 0.000009 -0.000009 -0.000011 0.000041 -0.292437 0.956285
1741164696.826789 0.670002 0.000022 -0.000014 -0.000074 -0.000091 -0.292501 0.956265
1741164696.876811 0.670002 0.000022 -0.000014 -0.000074 -0.000091 -0.292501 0.956265
1741164696.926791 0.670003 -0.000004 -0.000014 -0.000074 -0.000090 -0.300711 0.953715
1741164696.976820 0.670003 -0.000004 -0.000014 -0.000074 -0.000090 -0.300711 0.953715
1741164697.026781 0.670002 0.000012 -0.000009 -0.000011 0.000041 -0.300781 0.953693
1741164697.076814 0.670002 0.000012 -0.000009 -0.000011 0.000041 -0.300781 0.953693
1741164697.126779 0.670001 0.000027 -0.000014 -0.000075 -0.000090 -0.300850 0.953672
1741164697.176751 0.670001 0.000027 -0.000014 -0.000075 -0.000090 -0.300850 0.953672
1741164697.226783 0.670001 0.000042 -0.000014 -0.000074 -0.000090 -0.300919 0.953650
1741164697.276812 0.670001 0.000042 -0.000014 -0.000074 -0.000090 -0.300919 0.953650
1741164697.326791 0.670003 -0.000005 -0.000012 -0.000065 -0.000077 -0.309017 0.951057
1741164697.376842 0.670003 -0.000005 -0.000012 -0.000065 -0.000077 -0.309017 0.951057
1741164697.426795 0.670001 0.000011 -0.000014 -0.000075 -0.000089 -0.309092 0.951032
1741164697.476810 0.670001 0.000011 -0.000014 -0.000075 -0.000089 -0.309092 0.951032
1741164697.526864 0.670000 0.000028 -0.000014 -0.000074 -0.000088 -0.309168 0.951008
1741164697.576813 0.670000 0.000028 -0.000014 -0.000074 -0.000088 -0.309168 0.951008
1741164697.626792 0.670003 -0.000005 -0.000012 -0.000065 -0.000076 -0.317305 0.948324
1741164697.676809 0.670003 -0.000005 -0.000012 -0.000065 -0.000076 -0.317305 0.948324
1741164697.726772 0.670000 0.000012 -0.000014 -0.000075 -0.000087 -0.317390 0.948295
1741164697.776785 0.670000 0.000012 -0.000014 -0.000075 -0.000087 -0.317390 0.948295
1741164697.826823 0.669998 0.000031 -0.000009 -0.000010 0.000041 -0.317476 0.948266
1741164697.876849 0.669998 0.000031 -0.000009 -0.000010 0.000041 -0.317476 0.948266
1741164697.926783 0.670003 -0.000004 -0.000014 -0.000077 -0.000088 -0.325573 0.945517
1741164697.976833 0.670003 -0.000004 -0.000014 -0.000077 -0.000088 -0.325573 0.945517
1741164698.026793 0.669999 0.000015 -0.000013 -0.000075 -0.000086 -0.325671 0.945483
1741164698.076814 0.669999 0.000015 -0.000013 -0.000075 -0.000086 -0.325671 0.945483
1741164698.126795 0.669995 0.000033 -0.000013 -0.000074 -0.000085 -0.325769 0.945449
1741164698.176811 0.669995 0.000033 -0.000013 -0.000074 -0.000085 -0.325769 0.945449
1741164698.226796 0.670003 -0.000004 -0.000014 -0.000077 -0.000087 -0.333811 0.942640
1741164698.276811 0.670003 -0.000004 -0.000014 -0.000077 -0.000087 -0.333811 0.942640
1741164698.326763 0.669998 0.000014 -0.000013 -0.000075 -0.000084 -0.333916 0.942603
1741164698.376849 0.669998 0.000014 -0.000013 -0.000075 -0.000084 -0.333916 0.942603
1741164698.426811 0.669993 0.000032 -0.000013 -0.000074 -0.000084 -0.334022 0.942565
1741164698.476838 0.669993 0.000032 -0.000013 -0.000074 -0.000084 -0.334022 0.942565
1741164698.526786 0.670003 -0.000005 -0.000008 -0.000008 0.000038 -0.342022 0.939692
1741164698.576813 0.670003 -0.000005 -0.000008 -0.000008 0.000038 -0.342022 0.939692
1741164698.626796 0.669997 0.000012 -0.000013 -0.000075 -0.000083 -0.342129 0.939653
1741164698.676862 0.669997 0.000012 -0.000013 -0.000075 -0.000083 -0.342129 0.939653
1741164698.726783 0.669992 0.000030 -0.000013 -0.000074 -0.000083 -0.342237 0.939614
1741164698.776808 0.669992 0.000030 -0.000013 -0.000074 -0.000083 -0.342237 0.939614
1741164698.826802 0.670002 -0.000004 -0.000014 -0.000077 -0.000084 -0.350212 0.936671
1741164698.876868 0.670002 -0.000004 -0.000014 -0.000077 -0.000084 -0.350212 0.936671
1741164698.926836 0.669997 0.000013 -0.000013 -0.000075 -0.000082 -0.350318 0.936631
1741164698.976845 0.669997 0.000013 -0.000013 -0.000075 -0.000082 -0.350318 0.936631
1741164699.026799 0.669992 0.000030 -0.000013 -0.000074 -0.000081 -0.350425 0.936591
1741164699.076817 0.669992 0.000030 -0.000013 -0.000074 -0.000081 -0.350425 0.936591
1741164699.126789 0.670003 -0.000005 -0.000008 -0.000007 0.000036 -0.358368 0.933580
1741164699.176811 0.670003 -0.000005 -0.000008 -0.000007 0.000036 -0.358368 0.933580
1741164699.226799 0.669998 0.000011 -0.000013 -0.000075 -0.000080 -0.358467 0.933542
1741164699.276823 0.669998 0.000011 -0.000013 -0.000075 -0.000080 -0.358467 0.933542
1741164699.326829 0.669994 0.000028 -0.000009 -0.000009 0.000041 -0.358571 0.933503
1741164699.376863 0.669994 0.000028 -0.000009 -0.000009 0.000041 -0.358571 0.933503
1741164699.426785 0.670003 -0.000004 -0.000009 -0.000008 0.000041 -0.366505 0.930416
1741164699.476815 0.670003 -0.000004 -0.000009 -0.000008 0.000041 -0.366505 0.930416
1741164699.526793 0.669999 0.000011 -0.000013 -0.000075 -0.000079 -0.366595 0.930380
1741164699.576755 0.669999 0.000011 -0.000013 -0.000075 -0.000079 -0.366595 0.930380
1741164699.626797 0.669995 0.000027 -0.000013 -0.000074 -0.000079 -0.366692 0.930343
1741164699.676818 0.669995 0.000027 -0.000013 -0.000074 -0.000079 -0.366692 0.930343
1741164699.726783 0.670003 -0.000005 -0.000011 -0.000060 -0.000063 -0.374605 0.927184
1741164699.776814 0.670003 -0.000005 -0.000011 -0.000060 -0.000063 -0.374605 0.927184
1741164699.826799 0.669999 0.000012 -0.000013 -0.000075 -0.000078 -0.374702 0.927145
1741164699.876806 0.669999 0.000012 -0.000013 -0.000075 -0.000078 -0.374702 0.927145
1741164699.926794 0.669996 0.000029 -0.000013 -0.000074 -0.000078 -0.374792 0.927109
1741164699.976853 0.669996 0.000029 -0.000013 -0.000074 -0.000078 -0.374792 0.927109
1741164700.026793 0.670003 -0.000005 -0.000005 -0.000000 0.000022 -0.382682 0.923880
1741164700.076950 0.670003 -0.000005 -0.000005 -0.000000 0.000022 -0.382682 0.923880
1741164700.126821 0.670000 0.000014 -0.000009 -0.000008 0.000041 -0.382775 0.923842
1741164700.176818 0.670000 0.000014 -0.000009 -0.000008 0.000041 -0.382775 0.923842
1741164700.226785 0.669997 0.000033 -0.000009 -0.000008 0.000041 -0.382869 0.923803
1741164700.276837 0.669997 0.000033 -0.000009 -0.000008 0.000041 -0.382869 0.923803
1741164700.326797 0.670003 -0.000005 -0.000014 -0.000084 -0.000084 -0.390734 0.920504
1741164700.376836 0.670003 -0.000005 -0.000014 -0.000084 -0.000084 -0.390734 0.920504
1741164700.426801 0.670000 0.000016 -0.000013 -0.000075 -0.000076 -0.390830 0.920463
1741164700.476808 0.670000 0.000016 -0.000013 -0.000075 -0.000076 -0.390830 0.920463
1741164700.526795 0.669998 0.000037 -0.000013 -0.000075 -0.000075 -0.390925 0.920422
1741164700.576853 0.669998 0.000037 -0.000013 -0.000075 -0.000075 -0.390925 0.920422
1741164700.626848 0.670003 -0.000004 -0.000009 -0.000008 0.000044 -0.398754 0.917058
1741164700.676862 0.670003 -0.000004 -0.000009 -0.000008 0.000044 -0.398754 0.917058
1741164700.726843 0.670001 0.000018 -0.000009 -0.000007 0.000041 -0.398849 0.917016
1741164700.776832 0.670001 0.000018 -0.000009 -0.000007 0.000041 -0.398849 0.917016
1741164700.826791 0.669999 0.000038 -0.000013 -0.000075 -0.000075 -0.398943 0.916976
1741164700.876864 0.669999 0.000038 -0.000013 -0.000075 -0.000075 -0.398943 0.916976
1741164700.926785 0.669998 0.000059 -0.000009 -0.000007 0.000041 -0.399039 0.916934
1741164700.976874 0.669998 0.000059 -0.000009 -0.000007 0.000041 -0.399039 0.916934
1741164701.026783 0.670003 -0.000005 -0.000011 -0.000056 -0.000060 -0.406735 0.913546
1741164701.076835 0.670003 -0.000005 -0.000011 -0.000056 -0.000060 -0.406735 0.913546
1741164701.126855 0.670002 0.000015 -0.000013 -0.000075 -0.000073 -0.406829 0.913504
1741164701.176852 0.670002 0.000015 -0.000013 -0.000075 -0.000073 -0.406829 0.913504
1741164701.226790 0.670001 0.000037 -0.000009 -0.000007 0.000041 -0.406925 0.913461
1741164701.276822 0.670001 0.000037 -0.000009 -0.000007 0.000041 -0.406925 0.913461
1741164701.326790 0.670003 -0.000005 -0.000009 -0.000001 0.000037 -0.414692 0.909962
1741164701.376848 0.670003 -0.000005 -0.000009 -0.000001 0.000037 -0.414692 0.909962
1741164701.426781 0.670003 0.000004 -0.000011 -0.000051 -0.000057 -0.414696 0.909960
1741164701.476852 0.670003 0.000004 -0.000011 -0.000051 -0.000057 -0.414696 0.909960
1741164701.526832 0.670004 0.000013 -0.000011 -0.000051 -0.000057 -0.414698 0.909959
1741164701.576914 0.670004 0.000013 -0.000011 -0.000051 -0.000057 -0.414698 0.909959
1741164701.626838 0.670003 -0.000005 -0.000011 -0.000053 -0.000057 -0.422617 0.906308
1741164701.676815 0.670003 -0.000005 -0.000011 -0.000053 -0.000057 -0.422617 0.906308
1741164701.726763 0.670005 0.000005 -0.000011 -0.000051 -0.000056 -0.422630 0.906303
1741164701.776808 0.670005 0.000005 -0.000011 -0.000051 -0.000056 -0.422630 0.906303
1741164701.826801 0.670007 0.000015 -0.000008 -0.000001 0.000036 -0.422641 0.906297
1741164701.876854 0.670007 0.000015 -0.000008 -0.000001 0.000036 -0.422641 0.906297
1741164701.926823 0.670003 -0.000005 -0.000010 -0.000053 -0.000053 -0.430510 0.902586
1741164701.976849 0.670003 -0.000005 -0.000010 -0.000053 -0.000053 -0.430510 0.902586
1741164702.026805 0.670006 0.000010 -0.000009 -0.000001 0.000037 -0.430574 0.902555
1741164702.076810 0.670006 0.000010 -0.000009 -0.000001 0.000037 -0.430574 0.902555
1741164702.126760 0.670009 0.000025 -0.000012 -0.000059 -0.000059 -0.430645 0.902521
1741164702.176798 0.670009 0.000025 -0.000012 -0.000059 -0.000059 -0.430645 0.902521
1741164702.226793 0.670003 -0.000005 -0.000010 -0.000053 -0.000052 -0.438370 0.898795
1741164702.276824 0.670003 -0.000005 -0.000010 -0.000053 -0.000052 -0.438370 0.898795
1741164702.326789 0.670007 0.000013 -0.000012 -0.000059 -0.000059 -0.438449 0.898756
1741164702.376820 0.670007 0.000013 -0.000012 -0.000059 -0.000059 -0.438449 0.898756
1741164702.426797 0.670010 0.000032 -0.000012 -0.000060 -0.000059 -0.438531 0.898716
1741164702.476827 0.670010 0.000032 -0.000012 -0.000060 -0.000059 -0.438531 0.898716
1741164702.526800 0.670003 -0.000005 -0.000005 0.000002 0.000020 -0.446196 0.894935
1741164702.576816 0.670003 -0.000005 -0.000005 0.000002 0.000020 -0.446196 0.894935
1741164702.626793 0.670007 0.000015 -0.000012 -0.000061 -0.000059 -0.446272 0.894897
1741164702.676815 0.670007 0.000015 -0.000012 -0.000061 -0.000059 -0.446272 0.894897
1741164702.726783 0.670011 0.000038 -0.000009 -0.000000 0.000038 -0.446354 0.894857
1741164702.776845 0.670011 0.000038 -0.000009 -0.000000 0.000038 -0.446354 0.894857
1741164702.826836 0.670014 0.000058 -0.000012 -0.000061 -0.000059 -0.446429 0.894819
1741164702.876854 0.670014 0.000058 -0.000012 -0.000061 -0.000059 -0.446429 0.894819
1741164702.926802 0.670003 -0.000005 -0.000006 -0.000034 -0.000030 -0.453989 0.891007
1741164702.976860 0.670003 -0.000005 -0.000006 -0.000034 -0.000030 -0.453989 0.891007
1741164703.026796 0.670006 0.000018 -0.000012 -0.000061 -0.000058 -0.454056 0.890973
1741164703.076814 0.670006 0.000018 -0.000012 -0.000061 -0.000058 -0.454056 0.890973
1741164703.126793 0.670010 0.000042 -0.000009 0.000000 0.000038 -0.454127 0.890937
1741164703.176808 0.670010 0.000042 -0.000009 0.000000 0.000038 -0.454127 0.890937
1741164703.226798 0.670014 0.000066 -0.000009 -0.000003 0.000039 -0.454199 0.890900
1741164703.276817 0.670014 0.000066 -0.000009 -0.000003 0.000039 -0.454199 0.890900
1741164703.326793 0.670003 -0.000005 -0.000010 -0.000055 -0.000051 -0.461747 0.887011
1741164703.376846 0.670003 -0.000005 -0.000010 -0.000055 -0.000051 -0.461747 0.887011
1741164703.426795 0.670007 0.000021 -0.000009 -0.000002 0.000039 -0.461814 0.886977
1741164703.476841 0.670007 0.000021 -0.000009 -0.000002 0.000039 -0.461814 0.886977
1741164703.526754 0.670011 0.000046 -0.000012 -0.000061 -0.000057 -0.461879 0.886943
1741164703.576827 0.670011 0.000046 -0.000012 -0.000061 -0.000057 -0.461879 0.886943
1741164703.626802 0.670003 -0.000005 -0.000006 -0.000035 -0.000030 -0.469470 0.882948
1741164703.676852 0.670003 -0.000005 -0.000006 -0.000035 -0.000030 -0.469470 0.882948
1741164703.726794 0.670007 0.000020 -0.000012 -0.000062 -0.000057 -0.469539 0.882912
1741164703.776794 0.670007 0.000020 -0.000012 -0.000062 -0.000057 -0.469539 0.882912
1741164703.826794 0.670012 0.000046 -0.000012 -0.000062 -0.000057 -0.469615 0.882871
1741164703.876837 0.670012 0.000046 -0.000012 -0.000062 -0.000057 -0.469615 0.882871
1741164703.926823 0.670017 0.000074 -0.000009 0.000001 0.000038 -0.469692 0.882830
1741164703.976861 0.670017 0.000074 -0.000009 0.000001 0.000038 -0.469692 0.882830
1741164704.026821 0.670003 -0.000005 -0.000007 -0.000000 0.000030 -0.477157 0.878818
1741164704.076863 0.670003 -0.000005 -0.000007 -0.000000 0.000030 -0.477157 0.878818
1741164704.126796 0.670008 0.000022 -0.000009 0.000001 0.000038 -0.477230 0.878778
1741164704.176812 0.670008 0.000022 -0.000009 0.000001 0.000038 -0.477230 0.878778
1741164704.226818 0.670013 0.000049 -0.000009 0.000001 0.000037 -0.477306 0.878737
1741164704.276810 0.670013 0.000049 -0.000009 0.000001 0.000037 -0.477306 0.878737
1741164704.326787 0.670003 -0.000004 -0.000008 0.000001 0.000035 -0.484808 0.874621
1741164704.376812 0.670003 -0.000004 -0.000008 0.000001 0.000035 -0.484808 0.874621
1741164704.426785 0.670009 0.000023 -0.000009 0.000001 0.000037 -0.484883 0.874579
1741164704.476806 0.670009 0.000023 -0.000009 0.000001 0.000037 -0.484883 0.874579
1741164704.526782 0.670015 0.000049 -0.000012 -0.000062 -0.000055 -0.484956 0.874539
1741164704.576793 0.670015 0.000049 -0.000012 -0.000062 -0.000055 -0.484956 0.874539
1741164704.626811 0.670003 -0.000005 -0.000007 0.000000 0.000030 -0.492422 0.870357
1741164704.676813 0.670003 -0.000005 -0.000007 0.000000 0.000030 -0.492422 0.870357
1741164704.726793 0.670009 0.000022 -0.000009 0.000002 0.000037 -0.492479 0.870324
1741164704.776807 0.670009 0.000022 -0.000009 0.000002 0.000037 -0.492479 0.870324
1741164704.826793 0.670016 0.000049 -0.000009 0.000002 0.000037 -0.492537 0.870291
1741164704.876856 0.670016 0.000049 -0.000009 0.000002 0.000037 -0.492537 0.870291
1741164704.926794 0.670003 -0.000005 -0.000007 0.000001 0.000031 -0.499998 0.866026
1741164704.976840 0.670003 -0.000005 -0.000007 0.000001 0.000031 -0.499998 0.866026
1741164705.026778 0.670009 0.000022 -0.000009 0.000002 0.000037 -0.500052 0.865995
1741164705.076814 0.670009 0.000022 -0.000009 0.000002 0.000037 -0.500052 0.865995
1741164705.126785 0.670016 0.000048 -0.000009 0.000002 0.000037 -0.500107 0.865963
1741164705.176813 0.670016 0.000048 -0.000009 0.000002 0.000037 -0.500107 0.865963
1741164705.226785 0.670022 0.000074 -0.000009 0.000002 0.000037 -0.500162 0.865932
1741164705.276810 0.670022 0.000074 -0.000009 0.000002 0.000037 -0.500162 0.865932
1741164705.326791 0.670003 -0.000005 -0.000007 0.000001 0.000031 -0.507537 0.861630
1741164705.376816 0.670003 -0.000005 -0.000007 0.000001 0.000031 -0.507537 0.861630
1741164705.426796 0.670009 0.000023 -0.000009 0.000002 0.000037 -0.507589 0.861600
1741164705.476792 0.670009 0.000023 -0.000009 0.000002 0.000037 -0.507589 0.861600
1741164705.526794 0.670015 0.000051 -0.000008 0.000002 0.000037 -0.507642 0.861568
1741164705.576817 0.670015 0.000051 -0.000008 0.000002 0.000037 -0.507642 0.861568
1741164705.626774 0.670003 -0.000005 -0.000006 -0.000036 -0.000027 -0.515036 0.857168
1741164705.676799 0.670003 -0.000005 -0.000006 -0.000036 -0.000027 -0.515036 0.857168
1741164705.726781 0.670008 0.000024 -0.000008 0.000002 0.000037 -0.515084 0.857140
1741164705.776797 0.670008 0.000024 -0.000008 0.000002 0.000037 -0.515084 0.857140
1741164705.826792 0.670014 0.000054 -0.000008 0.000002 0.000037 -0.515135 0.857109
1741164705.876814 0.670014 0.000054 -0.000008 0.000002 0.000037 -0.515135 0.857109
1741164705.926791 0.670003 -0.000005 -0.000008 -0.000047 -0.000038 -0.522497 0.852641
1741164705.976833 0.670003 -0.000005 -0.000008 -0.000047 -0.000038 -0.522497 0.852641
1741164706.026783 0.670008 0.000026 -0.000008 0.000003 0.000037 -0.522526 0.852623
1741164706.076811 0.670008 0.000026 -0.000008 0.000003 0.000037 -0.522526 0.852623
1741164706.126791 0.670013 0.000058 -0.000008 0.000003 0.000037 -0.522544 0.852612
1741164706.176801 0.670013 0.000058 -0.000008 0.000003 0.000037 -0.522544 0.852612
1741164706.226789 0.670003 -0.000004 -0.000011 -0.000063 -0.000051 -0.529918 0.848049
1741164706.276808 0.670003 -0.000004 -0.000011 -0.000063 -0.000051 -0.529918 0.848049
1741164706.326781 0.670008 0.000028 -0.000011 -0.000064 -0.000051 -0.529915 0.848051
1741164706.376817 0.670008 0.000028 -0.000011 -0.000064 -0.000051 -0.529915 0.848051
1741164706.426810 0.670012 0.000062 -0.000008 0.000003 0.000036 -0.529913 0.848052
1741164706.476832 0.670012 0.000062 -0.000008 0.000003 0.000036 -0.529913 0.848052
1741164706.526792 0.670003 -0.000005 -0.000010 -0.000058 -0.000045 -0.537297 0.843393
1741164706.576885 0.670003 -0.000005 -0.000010 -0.000058 -0.000045 -0.537297 0.843393
1741164706.626772 0.670007 0.000028 -0.000011 -0.000064 -0.000050 -0.537293 0.843395
1741164706.676812 0.670007 0.000028 -0.000011 -0.000064 -0.000050 -0.537293 0.843395
1741164706.726794 0.670011 0.000062 -0.000011 -0.000064 -0.000050 -0.537289 0.843398
1741164706.776848 0.670011 0.000062 -0.000011 -0.000064 -0.000050 -0.537289 0.843398
1741164706.826803 0.670003 -0.000005 -0.000010 -0.000058 -0.000045 -0.544637 0.838672
1741164706.876807 0.670003 -0.000005 -0.000010 -0.000058 -0.000045 -0.544637 0.838672
1741164706.926800 0.670006 0.000029 -0.000011 -0.000064 -0.000049 -0.544631 0.838676
1741164706.976827 0.670006 0.000029 -0.000011 -0.000064 -0.000049 -0.544631 0.838676
1741164707.026792 0.670010 0.000063 -0.000011 -0.000064 -0.000049 -0.544625 0.838680
1741164707.076816 0.670010 0.000063 -0.000011 -0.000064 -0.000049 -0.544625 0.838680
1741164707.126791 0.670003 -0.000004 -0.000007 0.000003 0.000030 -0.551935 0.833887
1741164707.176809 0.670003 -0.000004 -0.000007 0.000003 0.000030 -0.551935 0.833887
1741164707.226790 0.670006 0.000028 -0.000011 -0.000064 -0.000049 -0.551934 0.833888
1741164707.276808 0.670006 0.000028 -0.000011 -0.000064 -0.000049 -0.551934 0.833888
1741164707.326802 0.670010 0.000063 -0.000008 0.000003 0.000037 -0.551935 0.833887
1741164707.376812 0.670010 0.000063 -0.000008 0.000003 0.000037 -0.551935 0.833887
1741164707.426810 0.670003 -0.000004 -0.000008 0.000003 0.000034 -0.559191 0.829039
1741164707.476807 0.670003 -0.000004 -0.000008 0.000003 0.000034 -0.559191 0.829039
1741164707.526791 0.670005 0.000028 -0.000011 -0.000064 -0.000048 -0.559186 0.829042
1741164707.576805 0.670005 0.000028 -0.000011 -0.000064 -0.000048 -0.559186 0.829042
1741164707.626792 0.670007 0.000061 -0.000011 -0.000064 -0.000048 -0.559178 0.829048
1741164707.676780 0.670007 0.000061 -0.000011 -0.000064 -0.000048 -0.559178 0.829048
1741164707.726768 0.670003 -0.000004 -0.000007 0.000003 0.000030 -0.566404 0.824128
1741164707.776803 0.670003 -0.000004 -0.000007 0.000003 0.000030 -0.566404 0.824128
1741164707.826772 0.670004 0.000027 -0.000011 -0.000065 -0.000047 -0.566372 0.824150
1741164707.876813 0.670004 0.000027 -0.000011 -0.000065 -0.000047 -0.566372 0.824150
1741164707.926809 0.670006 0.000060 -0.000008 0.000004 0.000036 -0.566338 0.824173
1741164707.976804 0.670006 0.000060 -0.000008 0.000004 0.000036 -0.566338 0.824173
1741164708.026789 0.670003 -0.000004 -0.000010 -0.000059 -0.000042 -0.573574 0.819153
1741164708.076827 0.670003 -0.000004 -0.000010 -0.000059 -0.000042 -0.573574 0.819153
1741164708.126791 0.670004 0.000029 -0.000011 -0.000065 -0.000047 -0.573540 0.819177
1741164708.176842 0.670004 0.000029 -0.000011 -0.000065 -0.000047 -0.573540 0.819177
1741164708.226776 0.670005 0.000062 -0.000011 -0.000065 -0.000047 -0.573506 0.819202
1741164708.276845 0.670005 0.000062 -0.000011 -0.000065 -0.000047 -0.573506 0.819202
1741164708.326791 0.670003 -0.000005 -0.000008 -0.000049 -0.000034 -0.580701 0.814117
1741164708.376817 0.670003 -0.000005 -0.000008 -0.000049 -0.000034 -0.580701 0.814117
1741164708.426792 0.670003 0.000030 -0.000008 0.000004 0.000036 -0.580665 0.814142
1741164708.476802 0.670003 0.000030 -0.000008 0.000004 0.000036 -0.580665 0.814142
1741164708.526786 0.670004 0.000064 -0.000008 0.000004 0.000036 -0.580629 0.814168
1741164708.576838 0.670004 0.000064 -0.000008 0.000004 0.000036 -0.580629 0.814168
1741164708.626775 0.670003 -0.000005 -0.000006 -0.000037 -0.000023 -0.587783 0.809018
1741164708.676792 0.670003 -0.000005 -0.000006 -0.000037 -0.000023 -0.587783 0.809018
1741164708.726795 0.670003 0.000030 -0.000011 -0.000066 -0.000045 -0.587747 0.809045
1741164708.776810 0.670003 0.000030 -0.000011 -0.000066 -0.000045 -0.587747 0.809045
1741164708.826789 0.670003 0.000065 -0.000011 -0.000066 -0.000045 -0.587709 0.809072
1741164708.876811 0.670003 0.000065 -0.000011 -0.000066 -0.000045 -0.587709 0.809072
1741164708.926783 0.670004 0.000100 -0.000011 -0.000065 -0.000045 -0.587672 0.809099
1741164708.976809 0.670004 0.000100 -0.000011 -0.000065 -0.000045 -0.587672 0.809099
1741164709.026772 0.670003 -0.000005 -0.000006 -0.000037 -0.000023 -0.594821 0.803858
1741164709.076812 0.670003 -0.000005 -0.000006 -0.000037 -0.000023 -0.594821 0.803858
1741164709.126771 0.670003 0.000030 -0.000011 -0.000066 -0.000045 -0.594783 0.803886
1741164709.176819 0.670003 0.000030 -0.000011 -0.000066 -0.000045 -0.594783 0.803886
1741164709.226773 0.670003 0.000067 -0.000008 0.000005 0.000036 -0.594744 0.803915
1741164709.276815 0.670003 0.000067 -0.000008 0.000005 0.000036 -0.594744 0.803915
1741164709.326796 0.670003 -0.000004 -0.000007 0.000004 0.000030 -0.601812 0.798637
1741164709.376842 0.670003 -0.000004 -0.000007 0.000004 0.000030 -0.601812 0.798637
1741164709.426787 0.670002 0.000033 -0.000008 0.000005 0.000036 -0.601773 0.798667
1741164709.476807 0.670002 0.000033 -0.000008 0.000005 0.000036 -0.601773 0.798667
1741164709.526780 0.670002 0.000069 -0.000011 -0.000066 -0.000044 -0.601733 0.798697
1741164709.576820 0.670002 0.000069 -0.000011 -0.000066 -0.000044 -0.601733 0.798697
1741164709.626781 0.670002 0.000106 -0.000008 0.000005 0.000036 -0.601694 0.798727
1741164709.676784 0.670002 0.000106 -0.000008 0.000005 0.000036 -0.601694 0.798727
1741164709.726795 0.670003 -0.000004 -0.000010 -0.000061 -0.000040 -0.608759 0.793355
1741164709.776803 0.670003 -0.000004 -0.000010 -0.000061 -0.000040 -0.608759 0.793355
1741164709.826786 0.670002 0.000034 -0.000008 0.000006 0.000036 -0.608726 0.793380
1741164709.876811 0.670002 0.000034 -0.000008 0.000006 0.000036 -0.608726 0.793380
1741164709.926785 0.670002 0.000072 -0.000008 0.000006 0.000035 -0.608700 0.793400
1741164709.976806 0.670002 0.000072 -0.000008 0.000006 0.000035 -0.608700 0.793400
1741164710.026798 0.670003 -0.000003 -0.000008 0.000006 0.000033 -0.615658 0.788013
1741164710.076824 0.670003 -0.000003 -0.000008 0.000006 0.000033 -0.615658 0.788013
1741164710.126810 0.670003 0.000035 -0.000011 -0.000066 -0.000043 -0.615638 0.788029
1741164710.176796 0.670003 0.000035 -0.000011 -0.000066 -0.000043 -0.615638 0.788029
1741164710.226799 0.670003 0.000075 -0.000008 0.000006 0.000035 -0.615617 0.788046
1741164710.276841 0.670003 0.000075 -0.000008 0.000006 0.000035 -0.615617 0.788046
1741164710.326801 0.670003 -0.000004 -0.000007 0.000005 0.000030 -0.622512 0.782610
1741164710.376800 0.670003 -0.000004 -0.000007 0.000005 0.000030 -0.622512 0.782610
1741164710.426795 0.670003 0.000037 -0.000008 0.000006 0.000035 -0.622492 0.782626
1741164710.476828 0.670003 0.000037 -0.000008 0.000006 0.000035 -0.622492 0.782626
1741164710.526795 0.670003 0.000078 -0.000008 0.000006 0.000035 -0.622471 0.782643
1741164710.576811 0.670003 0.000078 -0.000008 0.000006 0.000035 -0.622471 0.782643
1741164710.626795 0.670003 -0.000004 -0.000007 0.000006 0.000030 -0.629318 0.777148
1741164710.676851 0.670003 -0.000004 -0.000007 0.000006 0.000030 -0.629318 0.777148
1741164710.726797 0.670003 0.000037 -0.000011 -0.000067 -0.000042 -0.629297 0.777165
1741164710.776821 0.670003 0.000037 -0.000011 -0.000067 -0.000042 -0.629297 0.777165
1741164710.826794 0.670002 0.000082 -0.000008 0.000006 0.000035 -0.629276 0.777182
1741164710.876814 0.670002 0.000082 -0.000008 0.000006 0.000035 -0.629276 0.777182
1741164710.926797 0.670003 -0.000005 -0.000006 -0.000037 -0.000020 -0.636076 0.771626
1741164710.976818 0.670003 -0.000005 -0.000006 -0.000037 -0.000020 -0.636076 0.771626
1741164711.026795 0.670003 0.000039 -0.000008 0.000007 0.000035 -0.636055 0.771644
1741164711.076832 0.670003 0.000039 -0.000008 0.000007 0.000035 -0.636055 0.771644
1741164711.126796 0.670002 0.000081 -0.000011 -0.000067 -0.000041 -0.636034 0.771661
1741164711.176833 0.670002 0.000081 -0.000011 -0.000067 -0.000041 -0.636034 0.771661
1741164711.226793 0.670002 0.000126 -0.000008 0.000007 0.000035 -0.636014 0.771678
1741164711.276834 0.670002 0.000126 -0.000008 0.000007 0.000035 -0.636014 0.771678
1741164711.326799 0.670003 -0.000004 -0.000007 0.000006 0.000030 -0.642785 0.766046
1741164711.376817 0.670003 -0.000004 -0.000007 0.000006 0.000030 -0.642785 0.766046
1741164711.426784 0.670002 0.000041 -0.000008 0.000007 0.000035 -0.642769 0.766060
1741164711.476833 0.670002 0.000041 -0.000008 0.000007 0.000035 -0.642769 0.766060
1741164711.526834 0.670002 0.000086 -0.000011 -0.000067 -0.000040 -0.642753 0.766074
1741164711.576838 0.670002 0.000086 -0.000011 -0.000067 -0.000040 -0.642753 0.766074
1741164711.626824 0.670003 -0.000004 -0.000010 -0.000063 -0.000037 -0.649446 0.760408
1741164711.676810 0.670003 -0.000004 -0.000010 -0.000063 -0.000037 -0.649446 0.760408
1741164711.726795 0.670002 0.000041 -0.000011 -0.000068 -0.000040 -0.649430 0.760421
1741164711.776792 0.670002 0.000041 -0.000011 -0.000068 -0.000040 -0.649430 0.760421
1741164711.826789 0.670002 0.000087 -0.000011 -0.000068 -0.000040 -0.649414 0.760435
1741164711.876850 0.670002 0.000087 -0.000011 -0.000068 -0.000040 -0.649414 0.760435
1741164711.926827 0.670003 -0.000004 -0.000011 -0.000068 -0.000039 -0.656057 0.754711
1741164711.976844 0.670003 -0.000004 -0.000011 -0.000068 -0.000039 -0.656057 0.754711
1741164712.026839 0.670002 0.000043 -0.000011 -0.000068 -0.000039 -0.656041 0.754725
1741164712.076844 0.670002 0.000043 -0.000011 -0.000068 -0.000039 -0.656041 0.754725
1741164712.126832 0.670002 0.000089 -0.000011 -0.000068 -0.000039 -0.656026 0.754738
1741164712.176856 0.670002 0.000089 -0.000011 -0.000068 -0.000039 -0.656026 0.754738
1741164712.226794 0.670003 -0.000004 -0.000010 -0.000062 -0.000035 -0.662618 0.748957
1741164712.276811 0.670003 -0.000004 -0.000010 -0.000062 -0.000035 -0.662618 0.748957
1741164712.326801 0.670002 0.000043 -0.000011 -0.000068 -0.000038 -0.662604 0.748970
1741164712.376808 0.670002 0.000043 -0.000011 -0.000068 -0.000038 -0.662604 0.748970
1741164712.426793 0.670002 0.000090 -0.000011 -0.000068 -0.000038 -0.662589 0.748983
1741164712.476840 0.670002 0.000090 -0.000011 -0.000068 -0.000038 -0.662589 0.748983
1741164712.526799 0.670003 -0.000004 -0.000012 -0.000076 -0.000042 -0.669129 0.743147
1741164712.576813 0.670003 -0.000004 -0.000012 -0.000076 -0.000042 -0.669129 0.743147
1741164712.626830 0.670002 0.000043 -0.000011 -0.000068 -0.000038 -0.669115 0.743159
1741164712.676813 0.670002 0.000043 -0.000011 -0.000068 -0.000038 -0.669115 0.743159
1741164712.726782 0.670002 0.000090 -0.000011 -0.000068 -0.000038 -0.669102 0.743171
1741164712.776807 0.670002 0.000090 -0.000011 -0.000068 -0.000038 -0.669102 0.743171
1741164712.826792 0.670002 0.000137 -0.000011 -0.000068 -0.000038 -0.669088 0.743183
1741164712.876827 0.670002 0.000137 -0.000011 -0.000068 -0.000038 -0.669088 0.743183
1741164712.926800 0.670003 -0.000001 -0.000008 0.000008 0.000033 -0.675588 0.737280
1741164712.976836 0.670003 -0.000001 -0.000008 0.000008 0.000033 -0.675588 0.737280
1741164713.026784 0.670002 0.000046 -0.000008 0.000008 0.000033 -0.675575 0.737291
1741164713.076845 0.670002 0.000046 -0.000008 0.000008 0.000033 -0.675575 0.737291
1741164713.126753 0.670002 0.000092 -0.000011 -0.000068 -0.000037 -0.675563 0.737302
1741164713.176807 0.670002 0.000092 -0.000011 -0.000068 -0.000037 -0.675563 0.737302
1741164713.226794 0.670003 -0.000003 -0.000010 -0.000063 -0.000033 -0.681997 0.731355
1741164713.276807 0.670003 -0.000003 -0.000010 -0.000063 -0.000033 -0.681997 0.731355
1741164713.326790 0.670003 0.000043 -0.000011 -0.000068 -0.000036 -0.681985 0.731366
1741164713.376808 0.670003 0.000043 -0.000011 -0.000068 -0.000036 -0.681985 0.731366
1741164713.426797 0.670002 0.000090 -0.000011 -0.000068 -0.000036 -0.681973 0.731377
1741164713.476809 0.670002 0.000090 -0.000011 -0.000068 -0.000036 -0.681973 0.731377
1741164713.526789 0.670003 -0.000004 -0.000011 -0.000067 -0.000035 -0.688353 0.725376
1741164713.576851 0.670003 -0.000004 -0.000011 -0.000067 -0.000035 -0.688353 0.725376
1741164713.626790 0.670003 0.000042 -0.000011 -0.000069 -0.000036 -0.688342 0.725387
1741164713.676816 0.670003 0.000042 -0.000011 -0.000069 -0.000036 -0.688342 0.725387
1741164713.726791 0.670003 0.000089 -0.000007 0.000009 0.000033 -0.688331 0.725397
1741164713.776812 0.670003 0.000089 -0.000007 0.000009 0.000033 -0.688331 0.725397
1741164713.826791 0.670003 -0.000004 -0.000010 -0.000063 -0.000032 -0.694657 0.719341
1741164713.876812 0.670003 -0.000004 -0.000010 -0.000063 -0.000032 -0.694657 0.719341
1741164713.926775 0.670003 0.000042 -0.000011 -0.000069 -0.000035 -0.694647 0.719351
1741164713.976844 0.670003 0.000042 -0.000011 -0.000069 -0.000035 -0.694647 0.719351
1741164714.026793 0.670003 0.000089 -0.000011 -0.000069 -0.000035 -0.694636 0.719361
1741164714.076844 0.670003 0.000089 -0.000011 -0.000069 -0.000035 -0.694636 0.719361
1741164714.126771 0.670003 -0.000003 -0.000011 -0.000070 -0.000035 -0.700907 0.713252
1741164714.176803 0.670003 -0.000003 -0.000011 -0.000070 -0.000035 -0.700907 0.713252
1741164714.226802 0.670003 0.000042 -0.000011 -0.000069 -0.000034 -0.700897 0.713262
1741164714.276827 0.670003 0.000042 -0.000011 -0.000069 -0.000034 -0.700897 0.713262
1741164714.326795 0.670003 0.000088 -0.000011 -0.000069 -0.000034 -0.700888 0.713272
1741164714.376811 0.670003 0.000088 -0.000011 -0.000069 -0.000034 -0.700888 0.713272
1741164714.426796 0.670003 -0.000004 -0.000010 -0.000064 -0.000031 -0.707105 0.707108
1741164714.476810 0.670003 -0.000004 -0.000010 -0.000064 -0.000031 -0.707105 0.707108
1741164714.526790 0.670003 0.000041 -0.000011 -0.000069 -0.000034 -0.707096 0.707118
1741164714.576814 0.670003 0.000041 -0.000011 -0.000069 -0.000034 -0.707096 0.707118
1741164714.626793 0.670003 0.000086 -0.000011 -0.000069 -0.000034 -0.707086 0.707127
1741164714.676864 0.670003 0.000086 -0.000011 -0.000069 -0.000034 -0.707086 0.707127
1741164714.726784 0.670003 0.000131 -0.000011 -0.000069 -0.000034 -0.707077 0.707137
1741164714.776808 0.670003 0.000131 -0.000011 -0.000069 -0.000034 -0.707077 0.707137
1741164714.826782 0.670003 0.000176 -0.000011 -0.000069 -0.000034 -0.707067 0.707146
1741164714.876813 0.670003 0.000176 -0.000011 -0.000069 -0.000034 -0.707067 0.707146
1741164714.926792 0.670003 0.000221 -0.000007 0.000009 0.000032 -0.707058 0.707156
1741164714.976810 0.670003 0.000221 -0.000007 0.000009 0.000032 -0.707058 0.707156
1741164715.026793 0.670003 0.000267 -0.000007 0.000009 0.000032 -0.707048 0.707165
1741164715.076813 0.670003 0.000267 -0.000007 0.000009 0.000032 -0.707048 0.707165
1741164715.126790 0.670003 0.000312 -0.000011 -0.000069 -0.000034 -0.707039 0.707175
1741164715.176810 0.670003 0.000312 -0.000011 -0.000069 -0.000034 -0.707039 0.707175
1741164715.226793 0.670459 -0.034802 -0.000007 0.000009 0.000032 -0.697785 0.716307
1741164715.276809 0.670459 -0.034802 -0.000007 0.000009 0.000032 -0.697785 0.716307
1741164715.326787 0.670459 -0.034756 -0.000007 0.000009 0.000032 -0.697775 0.716317
1741164715.376804 0.670459 -0.034756 -0.000007 0.000009 0.000032 -0.697775 0.716317
1741164715.426773 0.671826 -0.069587 -0.000011 -0.000068 -0.000035 -0.688348 0.725381
1741164715.476803 0.671826 -0.069587 -0.000011 -0.000068 -0.000035 -0.688348 0.725381
1741164715.526791 0.671826 -0.069540 -0.000011 -0.000068 -0.000035 -0.688337 0.725391
1741164715.576808 0.671826 -0.069540 -0.000011 -0.000068 -0.000035 -0.688337 0.725391
1741164715.626793 0.671825 -0.069493 -0.000007 0.000008 0.000032 -0.688325 0.725402
1741164715.676811 0.671825 -0.069493 -0.000007 0.000008 0.000032 -0.688325 0.725402
1741164715.726792 0.674103 -0.104327 -0.000007 0.000008 0.000032 -0.678792 0.734331
1741164715.776856 0.674103 -0.104327 -0.000007 0.000008 0.000032 -0.678792 0.734331
1741164715.826792 0.674103 -0.104280 -0.000007 0.000008 0.000032 -0.678780 0.734342
1741164715.876867 0.674103 -0.104280 -0.000007 0.000008 0.000032 -0.678780 0.734342
1741164715.926838 0.677289 -0.138997 -0.000007 0.000007 0.000032 -0.669121 0.743154
1741164715.976819 0.677289 -0.138997 -0.000007 0.000007 0.000032 -0.669121 0.743154
1741164716.026752 0.677289 -0.138952 -0.000011 -0.000067 -0.000037 -0.669108 0.743165
1741164716.076814 0.677289 -0.138952 -0.000011 -0.000067 -0.000037 -0.669108 0.743165
1741164716.126792 0.681382 -0.173578 -0.000007 0.000007 0.000032 -0.659337 0.751848
1741164716.176846 0.681382 -0.173578 -0.000007 0.000007 0.000032 -0.659337 0.751848
1741164716.226798 0.681381 -0.173534 -0.000011 -0.000066 -0.000038 -0.659323 0.751859
1741164716.276811 0.681381 -0.173534 -0.000011 -0.000066 -0.000038 -0.659323 0.751859
1741164716.326803 0.686378 -0.208036 -0.000007 0.000006 0.000032 -0.649438 0.760414
1741164716.376850 0.686378 -0.208036 -0.000007 0.000006 0.000032 -0.649438 0.760414
1741164716.426804 0.686378 -0.207991 -0.000011 -0.000066 -0.000039 -0.649425 0.760426
1741164716.476840 0.686378 -0.207991 -0.000011 -0.000066 -0.000039 -0.649425 0.760426
1741164716.526795 0.692275 -0.242351 -0.000011 -0.000065 -0.000040 -0.639430 0.768849
1741164716.576818 0.692275 -0.242351 -0.000011 -0.000065 -0.000040 -0.639430 0.768849
1741164716.626819 0.692275 -0.242308 -0.000011 -0.000065 -0.000040 -0.639417 0.768860
1741164716.676812 0.692275 -0.242308 -0.000011 -0.000065 -0.000040 -0.639417 0.768860
1741164716.726793 0.699068 -0.276501 -0.000007 0.000006 0.000032 -0.629312 0.777153
1741164716.776809 0.699068 -0.276501 -0.000007 0.000006 0.000032 -0.629312 0.777153
1741164716.826794 0.699068 -0.276460 -0.000011 -0.000065 -0.000041 -0.629301 0.777162
1741164716.876816 0.699068 -0.276460 -0.000011 -0.000065 -0.000041 -0.629301 0.777162
1741164716.926828 0.706752 -0.310462 -0.000011 -0.000064 -0.000041 -0.619087 0.785322
1741164716.976866 0.706752 -0.310462 -0.000011 -0.000064 -0.000041 -0.619087 0.785322
1741164717.026757 0.706753 -0.310420 -0.000007 0.000005 0.000032 -0.619078 0.785330
1741164717.076816 0.706753 -0.310420 -0.000007 0.000005 0.000032 -0.619078 0.785330
1741164717.126805 0.715323 -0.344210 -0.000007 0.000005 0.000033 -0.608755 0.793358
1741164717.176840 0.715323 -0.344210 -0.000007 0.000005 0.000033 -0.608755 0.793358
1741164717.226798 0.715325 -0.344170 -0.000007 0.000005 0.000033 -0.608747 0.793364
1741164717.276811 0.715325 -0.344170 -0.000007 0.000005 0.000033 -0.608747 0.793364
1741164717.326791 0.715326 -0.344130 -0.000011 -0.000064 -0.000042 -0.608740 0.793370
1741164717.376807 0.715326 -0.344130 -0.000011 -0.000064 -0.000042 -0.608740 0.793370
1741164717.426790 0.724775 -0.377723 -0.000011 -0.000063 -0.000043 -0.598321 0.801257
1741164717.476830 0.724775 -0.377723 -0.000011 -0.000063 -0.000043 -0.598321 0.801257
1741164717.526792 0.724777 -0.377684 -0.000007 0.000004 0.000033 -0.598315 0.801261
1741164717.576819 0.724777 -0.377684 -0.000007 0.000004 0.000033 -0.598315 0.801261
1741164717.626791 0.735100 -0.410975 -0.000007 0.000004 0.000033 -0.587781 0.809020
1741164717.676825 0.735100 -0.410975 -0.000007 0.000004 0.000033 -0.587781 0.809020
1741164717.726790 0.735103 -0.410938 -0.000011 -0.000063 -0.000044 -0.587777 0.809023
1741164717.776834 0.735103 -0.410938 -0.000011 -0.000063 -0.000044 -0.587777 0.809023
1741164717.826770 0.746293 -0.443946 -0.000011 -0.000062 -0.000045 -0.577143 0.816643
1741164717.876807 0.746293 -0.443946 -0.000011 -0.000062 -0.000045 -0.577143 0.816643
1741164717.926784 0.746296 -0.443910 -0.000011 -0.000062 -0.000045 -0.577141 0.816644
1741164717.976839 0.746296 -0.443910 -0.000011 -0.000062 -0.000045 -0.577141 0.816644
1741164718.026788 0.758344 -0.476613 -0.000011 -0.000062 -0.000046 -0.566404 0.824127
1741164718.076814 0.758344 -0.476613 -0.000011 -0.000062 -0.000046 -0.566404 0.824127
1741164718.126834 0.758348 -0.476577 -0.000007 0.000003 0.000033 -0.566404 0.824128
1741164718.176900 0.758348 -0.476577 -0.000007 0.000003 0.000033 -0.566404 0.824128
1741164718.226802 0.771247 -0.508952 -0.000007 0.000003 0.000033 -0.555569 0.831470
1741164718.276814 0.771247 -0.508952 -0.000007 0.000003 0.000033 -0.555569 0.831470
1741164718.326785 0.771251 -0.508918 -0.000007 0.000003 0.000033 -0.555571 0.831469
1741164718.376818 0.771251 -0.508918 -0.000007 0.000003 0.000033 -0.555571 0.831469
1741164718.426802 0.784992 -0.540944 -0.000007 0.000002 0.000033 -0.544639 0.838670
1741164718.476846 0.784992 -0.540944 -0.000007 0.000002 0.000033 -0.544639 0.838670
1741164718.526824 0.784997 -0.540912 -0.000011 -0.000061 -0.000047 -0.544644 0.838668
1741164718.576861 0.784997 -0.540912 -0.000011 -0.000061 -0.000047 -0.544644 0.838668
1741164718.626825 0.799570 -0.572564 -0.000007 0.000002 0.000033 -0.533617 0.845726
1741164718.676832 0.799570 -0.572564 -0.000007 0.000002 0.000033 -0.533617 0.845726
1741164718.726792 0.799575 -0.572533 -0.000011 -0.000060 -0.000048 -0.533623 0.845722
1741164718.776807 0.799575 -0.572533 -0.000011 -0.000060 -0.000048 -0.533623 0.845722
1741164718.826826 0.799581 -0.572501 -0.000011 -0.000060 -0.000048 -0.533630 0.845718
1741164718.876843 0.799581 -0.572501 -0.000011 -0.000060 -0.000048 -0.533630 0.845718
1741164718.926799 0.814971 -0.603790 -0.000011 -0.000059 -0.000049 -0.522505 0.852637
1741164718.976811 0.814971 -0.603790 -0.000011 -0.000059 -0.000049 -0.522505 0.852637
1741164719.026801 0.814977 -0.603761 -0.000011 -0.000059 -0.000049 -0.522513 0.852631
1741164719.076819 0.814977 -0.603761 -0.000011 -0.000059 -0.000049 -0.522513 0.852631
1741164719.126883 0.831182 -0.634607 -0.000007 0.000001 0.000033 -0.511299 0.859403
1741164719.176816 0.831182 -0.634607 -0.000007 0.000001 0.000033 -0.511299 0.859403
1741164719.226799 0.831190 -0.634577 -0.000007 0.000001 0.000033 -0.511311 0.859396
1741164719.276841 0.831190 -0.634577 -0.000007 0.000001 0.000033 -0.511311 0.859396
1741164719.326811 0.848196 -0.664985 -0.000007 0.000001 0.000033 -0.500008 0.866021
1741164719.376791 0.848196 -0.664985 -0.000007 0.000001 0.000033 -0.500008 0.866021
1741164719.426779 0.848204 -0.664956 -0.000011 -0.000058 -0.000051 -0.500023 0.866012
1741164719.476841 0.848204 -0.664956 -0.000011 -0.000058 -0.000051 -0.500023 0.866012
1741164719.526794 0.865998 -0.694909 -0.000007 0.000000 0.000033 -0.488629 0.872491
1741164719.576856 0.865998 -0.694909 -0.000007 0.000000 0.000033 -0.488629 0.872491
1741164719.626779 0.866007 -0.694882 -0.000007 0.000000 0.000033 -0.488645 0.872482
1741164719.676832 0.866007 -0.694882 -0.000007 0.000000 0.000033 -0.488645 0.872482
1741164719.726791 0.884578 -0.724357 -0.000011 -0.000057 -0.000052 -0.477167 0.878812
1741164719.776784 0.884578 -0.724357 -0.000011 -0.000057 -0.000052 -0.477167 0.878812
1741164719.826811 0.884586 -0.724332 -0.000011 -0.000057 -0.000052 -0.477184 0.878803
1741164719.876828 0.884586 -0.724332 -0.000011 -0.000057 -0.000052 -0.477184 0.878803
1741164719.926797 0.903922 -0.753307 -0.000007 -0.000001 0.000033 -0.465624 0.884983
1741164719.976791 0.903922 -0.753307 -0.000007 -0.000001 0.000033 -0.465624 0.884983
1741164720.026811 0.903929 -0.753282 -0.000007 -0.000001 0.000033 -0.465640 0.884974
1741164720.076827 0.903929 -0.753282 -0.000007 -0.000001 0.000033 -0.465640 0.884974
1741164720.126800 0.924016 -0.781743 -0.000007 -0.000001 0.000033 -0.453997 0.891003
1741164720.176799 0.924016 -0.781743 -0.000007 -0.000001 0.000033 -0.453997 0.891003
1741164720.226800 0.924022 -0.781721 -0.000011 -0.000055 -0.000054 -0.454010 0.890997
1741164720.276815 0.924022 -0.781721 -0.000011 -0.000055 -0.000054 -0.454010 0.890997
1741164720.326797 0.924028 -0.781696 -0.000007 -0.000001 0.000033 -0.454023 0.890990
1741164720.376820 0.924028 -0.781696 -0.000007 -0.000001 0.000033 -0.454023 0.890990
1741164720.426799 0.944848 -0.809642 -0.000011 -0.000055 -0.000054 -0.442294 0.896870
1741164720.476799 0.944848 -0.809642 -0.000011 -0.000055 -0.000054 -0.442294 0.896870
1741164720.526777 0.944853 -0.809619 -0.000007 -0.000002 0.000033 -0.442304 0.896865
1741164720.576782 0.944853 -0.809619 -0.000007 -0.000002 0.000033 -0.442304 0.896865
1741164720.626792 0.966403 -0.836987 -0.000011 -0.000054 -0.000055 -0.430513 0.902584
1741164720.676830 0.966403 -0.836987 -0.000011 -0.000054 -0.000055 -0.430513 0.902584
1741164720.726798 0.966406 -0.836966 -0.000011 -0.000054 -0.000055 -0.430520 0.902581
1741164720.776835 0.966406 -0.836966 -0.000011 -0.000054 -0.000055 -0.430520 0.902581
1741164720.826819 0.988666 -0.863756 -0.000007 -0.000002 0.000033 -0.418660 0.908143
1741164720.876807 0.988666 -0.863756 -0.000007 -0.000002 0.000033 -0.418660 0.908143
1741164720.926768 0.988668 -0.863738 -0.000011 -0.000053 -0.000056 -0.418663 0.908142
1741164720.976913 0.988668 -0.863738 -0.000011 -0.000053 -0.000056 -0.418663 0.908142
1741164721.026786 1.011623 -0.889935 -0.000011 -0.000053 -0.000056 -0.406736 0.913546
1741164721.076791 1.011623 -0.889935 -0.000011 -0.000053 -0.000056 -0.406736 0.913546
1741164721.126790 1.011624 -0.889916 -0.000007 -0.000003 0.000033 -0.406738 0.913545
1741164721.176823 1.011624 -0.889916 -0.000007 -0.000003 0.000033 -0.406738 0.913545
1741164721.226806 1.011626 -0.889898 -0.000011 -0.000053 -0.000057 -0.406740 0.913544
1741164721.276831 1.011626 -0.889898 -0.000011 -0.000053 -0.000057 -0.406740 0.913544
1741164721.326799 1.035258 -0.915501 -0.000007 -0.000003 0.000033 -0.394743 0.918792
1741164721.376805 1.035258 -0.915501 -0.000007 -0.000003 0.000033 -0.394743 0.918792
1741164721.426810 1.035258 -0.915484 -0.000011 -0.000052 -0.000057 -0.394744 0.918791
1741164721.476812 1.035258 -0.915484 -0.000011 -0.000052 -0.000057 -0.394744 0.918791
1741164721.526806 1.035259 -0.915466 -0.000007 -0.000003 0.000033 -0.394746 0.918790
1741164721.576819 1.035259 -0.915466 -0.000007 -0.000003 0.000033 -0.394746 0.918790
1741164721.626788 1.059553 -0.940445 -0.000011 -0.000051 -0.000058 -0.382682 0.923880
1741164721.676812 1.059553 -0.940445 -0.000011 -0.000051 -0.000058 -0.382682 0.923880
1741164721.726799 1.059553 -0.940428 -0.000007 -0.000004 0.000033 -0.382682 0.923880
1741164721.776807 1.059553 -0.940428 -0.000007 -0.000004 0.000033 -0.382682 0.923880
1741164721.826787 1.084493 -0.964739 -0.000007 -0.000004 0.000033 -0.370555 0.928811
1741164721.876807 1.084493 -0.964739 -0.000007 -0.000004 0.000033 -0.370555 0.928811
1741164721.926795 1.084492 -0.964723 -0.000011 -0.000050 -0.000059 -0.370554 0.928811
1741164721.977011 1.084492 -0.964723 -0.000011 -0.000050 -0.000059 -0.370554 0.928811
1741164722.026803 1.110060 -0.988374 -0.000007 -0.000005 0.000033 -0.358365 0.933582
1741164722.076814 1.110060 -0.988374 -0.000007 -0.000005 0.000033 -0.358365 0.933582
1741164722.126817 1.110058 -0.988359 -0.000011 -0.000050 -0.000059 -0.358362 0.933583
1741164722.176815 1.110058 -0.988359 -0.000011 -0.000050 -0.000059 -0.358362 0.933583
1741164722.226792 1.136238 -1.011331 -0.000007 -0.000005 0.000033 -0.346113 0.938193
1741164722.276862 1.136238 -1.011331 -0.000007 -0.000005 0.000033 -0.346113 0.938193
1741164722.326820 1.136235 -1.011315 -0.000011 -0.000049 -0.000060 -0.346110 0.938194
1741164722.376843 1.136235 -1.011315 -0.000011 -0.000049 -0.000060 -0.346110 0.938194
1741164722.426859 1.163008 -1.033596 -0.000011 -0.000048 -0.000060 -0.333803 0.942643
1741164722.476849 1.163008 -1.033596 -0.000011 -0.000048 -0.000060 -0.333803 0.942643
1741164722.526829 1.163005 -1.033580 -0.000011 -0.000048 -0.000060 -0.333798 0.942645
1741164722.576864 1.163005 -1.033580 -0.000011 -0.000048 -0.000060 -0.333798 0.942645
1741164722.626838 1.190352 -1.055151 -0.000007 -0.000006 0.000033 -0.321433 0.946932
1741164722.676841 1.190352 -1.055151 -0.000007 -0.000006 0.000033 -0.321433 0.946932
1741164722.726803 1.190351 -1.055135 -0.000011 -0.000047 -0.000061 -0.321426 0.946935
1741164722.776855 1.190351 -1.055135 -0.000011 -0.000047 -0.000061 -0.321426 0.946935
1741164722.826825 1.190349 -1.055120 -0.000011 -0.000047 -0.000061 -0.321419 0.946937
1741164722.876846 1.190349 -1.055120 -0.000011 -0.000047 -0.000061 -0.321419 0.946937
1741164722.926817 1.218251 -1.075984 -0.000011 -0.000046 -0.000062 -0.309010 0.951059
1741164722.976850 1.218251 -1.075984 -0.000011 -0.000046 -0.000062 -0.309010 0.951059
1741164723.026827 1.218251 -1.075969 -0.000007 -0.000006 0.000032 -0.309001 0.951062
1741164723.076843 1.218251 -1.075969 -0.000007 -0.000006 0.000032 -0.309001 0.951062
1741164723.126829 1.246685 -1.096081 -0.000011 -0.000046 -0.000062 -0.296535 0.955022
1741164723.176848 1.246685 -1.096081 -0.000011 -0.000046 -0.000062 -0.296535 0.955022
1741164723.226760 1.246685 -1.096067 -0.000007 -0.000007 0.000032 -0.296525 0.955025
1741164723.276825 1.246685 -1.096067 -0.000007 -0.000007 0.000032 -0.296525 0.955025
1741164723.326766 1.275636 -1.115425 -0.000011 -0.000045 -0.000063 -0.284008 0.958822
1741164723.376809 1.275636 -1.115425 -0.000011 -0.000045 -0.000063 -0.284008 0.958822
1741164723.426794 1.275636 -1.115413 -0.000007 -0.000007 0.000032 -0.283999 0.958824
1741164723.476845 1.275636 -1.115413 -0.000007 -0.000007 0.000032 -0.283999 0.958824
1741164723.526796 1.275635 -1.115401 -0.000011 -0.000045 -0.000063 -0.283991 0.958827
1741164723.576809 1.275635 -1.115401 -0.000011 -0.000045 -0.000063 -0.283991 0.958827
1741164723.626791 1.305082 -1.134006 -0.000011 -0.000044 -0.000063 -0.271434 0.962457
1741164723.676815 1.305082 -1.134006 -0.000011 -0.000044 -0.000063 -0.271434 0.962457
1741164723.726790 1.305082 -1.133995 -0.000007 -0.000008 0.000032 -0.271426 0.962459
1741164723.776814 1.305082 -1.133995 -0.000007 -0.000008 0.000032 -0.271426 0.962459
1741164723.826797 1.335005 -1.151809 -0.000011 -0.000043 -0.000064 -0.258814 0.965927
1741164723.876836 1.335005 -1.151809 -0.000011 -0.000043 -0.000064 -0.258814 0.965927
1741164723.926791 1.335004 -1.151801 -0.000007 -0.000008 0.000032 -0.258807 0.965929
1741164723.976810 1.335004 -1.151801 -0.000007 -0.000008 0.000032 -0.258807 0.965929
1741164724.026779 1.365383 -1.168823 -0.000011 -0.000042 -0.000064 -0.246149 0.969232
1741164724.076862 1.365383 -1.168823 -0.000011 -0.000042 -0.000064 -0.246149 0.969232
1741164724.126788 1.365381 -1.168817 -0.000007 -0.000008 0.000032 -0.246143 0.969233
1741164724.176849 1.365381 -1.168817 -0.000007 -0.000008 0.000032 -0.246143 0.969233
1741164724.226826 1.396195 -1.185036 -0.000007 -0.000009 0.000032 -0.233441 0.972371
1741164724.276860 1.396195 -1.185036 -0.000007 -0.000009 0.000032 -0.233441 0.972371
1741164724.326793 1.396191 -1.185031 -0.000007 -0.000009 0.000032 -0.233437 0.972372
1741164724.376817 1.396191 -1.185031 -0.000007 -0.000009 0.000032 -0.233437 0.972372
1741164724.426793 1.427421 -1.200436 -0.000011 -0.000040 -0.000065 -0.220694 0.975343
1741164724.476802 1.427421 -1.200436 -0.000011 -0.000040 -0.000065 -0.220694 0.975343
1741164724.526803 1.427413 -1.200433 -0.000011 -0.000040 -0.000065 -0.220690 0.975344
1741164724.576793 1.427413 -1.200433 -0.000011 -0.000040 -0.000065 -0.220690 0.975344
1741164724.626831 1.459038 -1.215014 -0.000011 -0.000040 -0.000066 -0.207908 0.978148
1741164724.676811 1.459038 -1.215014 -0.000011 -0.000040 -0.000066 -0.207908 0.978148
1741164724.726823 1.459026 -1.215011 -0.000007 -0.000010 0.000032 -0.207904 0.978149
1741164724.776880 1.459026 -1.215011 -0.000007 -0.000010 0.000032 -0.207904 0.978149
1741164724.826804 1.459014 -1.215009 -0.000011 -0.000040 -0.000066 -0.207901 0.978150
1741164724.876810 1.459014 -1.215009 -0.000011 -0.000040 -0.000066 -0.207901 0.978150
1741164724.926771 1.491027 -1.228758 -0.000011 -0.000039 -0.000066 -0.195086 0.980786
1741164724.976807 1.491027 -1.228758 -0.000011 -0.000039 -0.000066 -0.195086 0.980786
1741164725.026780 1.491011 -1.228757 -0.000007 -0.000010 0.000031 -0.195083 0.980787
1741164725.076854 1.491011 -1.228757 -0.000007 -0.000010 0.000031 -0.195083 0.980787
1741164725.126778 1.523366 -1.241661 -0.000007 -0.000011 0.000031 -0.182233 0.983255
1741164725.176835 1.523366 -1.241661 -0.000007 -0.000011 0.000031 -0.182233 0.983255
1741164725.226804 1.523347 -1.241661 -0.000011 -0.000038 -0.000067 -0.182230 0.983256
1741164725.276829 1.523347 -1.241661 -0.000011 -0.000038 -0.000067 -0.182230 0.983256
1741164725.326830 1.556029 -1.253712 -0.000011 -0.000037 -0.000067 -0.169346 0.985557
1741164725.376835 1.556029 -1.253712 -0.000011 -0.000037 -0.000067 -0.169346 0.985557
1741164725.426827 1.556008 -1.253713 -0.000011 -0.000037 -0.000067 -0.169345 0.985557
1741164725.476861 1.556008 -1.253713 -0.000011 -0.000037 -0.000067 -0.169345 0.985557
1741164725.526828 1.588997 -1.264905 -0.000007 -0.000011 0.000031 -0.156431 0.987689
1741164725.576833 1.588997 -1.264905 -0.000007 -0.000011 0.000031 -0.156431 0.987689
1741164725.626771 1.588973 -1.264906 -0.000007 -0.000011 0.000031 -0.156431 0.987689
1741164725.676816 1.588973 -1.264906 -0.000007 -0.000011 0.000031 -0.156431 0.987689
1741164725.726799 1.622249 -1.275230 -0.000007 -0.000012 0.000031 -0.143492 0.989651
1741164725.776808 1.622249 -1.275230 -0.000007 -0.000012 0.000031 -0.143492 0.989651
1741164725.826780 1.622224 -1.275231 -0.000011 -0.000035 -0.000068 -0.143493 0.989651
1741164725.876864 1.622224 -1.275231 -0.000011 -0.000035 -0.000068 -0.143493 0.989651
1741164725.926821 1.655760 -1.284681 -0.000011 -0.000034 -0.000069 -0.130526 0.991445
1741164725.976847 1.655760 -1.284681 -0.000011 -0.000034 -0.000069 -0.130526 0.991445
1741164726.026803 1.655732 -1.284683 -0.000011 -0.000034 -0.000069 -0.130529 0.991445
1741164726.076843 1.655732 -1.284683 -0.000011 -0.000034 -0.000069 -0.130529 0.991445
1741164726.126826 1.689505 -1.293252 -0.000011 -0.000033 -0.000069 -0.117538 0.993068
1741164726.176808 1.689505 -1.293252 -0.000011 -0.000033 -0.000069 -0.117538 0.993068
1741164726.226761 1.689475 -1.293254 -0.000011 -0.000033 -0.000069 -0.117542 0.993068
1741164726.276809 1.689475 -1.293254 -0.000011 -0.000033 -0.000069 -0.117542 0.993068
1741164726.326792 1.723465 -1.300936 -0.000011 -0.000032 -0.000069 -0.104530 0.994522
1741164726.376837 1.723465 -1.300936 -0.000011 -0.000032 -0.000069 -0.104530 0.994522
1741164726.426796 1.723433 -1.300939 -0.000011 -0.000032 -0.000069 -0.104534 0.994521
1741164726.476814 1.723433 -1.300939 -0.000011 -0.000032 -0.000069 -0.104534 0.994521
1741164726.526793 1.757612 -1.307729 -0.000011 -0.000031 -0.000070 -0.091501 0.995805
1741164726.576853 1.757612 -1.307729 -0.000011 -0.000031 -0.000070 -0.091501 0.995805
1741164726.626818 1.757577 -1.307731 -0.000007 -0.000013 0.000030 -0.091505 0.995805
1741164726.676830 1.757577 -1.307731 -0.000007 -0.000013 0.000030 -0.091505 0.995805
1741164726.726806 1.791926 -1.313625 -0.000007 -0.000014 0.000030 -0.078458 0.996917
1741164726.776812 1.791926 -1.313625 -0.000007 -0.000014 0.000030 -0.078458 0.996917
1741164726.826830 1.791891 -1.313627 -0.000011 -0.000030 -0.000070 -0.078461 0.996917
1741164726.876827 1.791891 -1.313627 -0.000011 -0.000030 -0.000070 -0.078461 0.996917
1741164726.926790 1.826382 -1.318621 -0.000011 -0.000029 -0.000070 -0.065401 0.997859
1741164726.976810 1.826382 -1.318621 -0.000011 -0.000029 -0.000070 -0.065401 0.997859
1741164727.026796 1.826345 -1.318623 -0.000011 -0.000029 -0.000070 -0.065403 0.997859
1741164727.076800 1.826345 -1.318623 -0.000011 -0.000029 -0.000070 -0.065403 0.997859
1741164727.126780 1.860959 -1.322713 -0.000011 -0.000029 -0.000071 -0.052335 0.998630
1741164727.176815 1.860959 -1.322713 -0.000011 -0.000029 -0.000071 -0.052335 0.998630
1741164727.226795 1.860919 -1.322715 -0.000011 -0.000029 -0.000071 -0.052336 0.998630
1741164727.276812 1.860919 -1.322715 -0.000011 -0.000029 -0.000071 -0.052336 0.998630
1741164727.326779 1.895631 -1.325898 -0.000011 -0.000028 -0.000071 -0.039257 0.999229
1741164727.376812 1.895631 -1.325898 -0.000011 -0.000028 -0.000071 -0.039257 0.999229
1741164727.426791 1.895589 -1.325900 -0.000007 -0.000015 0.000029 -0.039256 0.999229
1741164727.476856 1.895589 -1.325900 -0.000007 -0.000015 0.000029 -0.039256 0.999229
1741164727.526821 1.930374 -1.328175 -0.000011 -0.000027 -0.000071 -0.026173 0.999657
1741164727.576804 1.930374 -1.328175 -0.000011 -0.000027 -0.000071 -0.026173 0.999657
1741164727.626820 1.930332 -1.328176 -0.000011 -0.000027 -0.000072 -0.026172 0.999657
1741164727.676880 1.930332 -1.328176 -0.000011 -0.000027 -0.000072 -0.026172 0.999657
1741164727.726820 1.965166 -1.329542 -0.000011 -0.000026 -0.000072 -0.013086 0.999914
1741164727.776864 1.965166 -1.329542 -0.000011 -0.000026 -0.000072 -0.013086 0.999914
1741164727.826797 1.965122 -1.329542 -0.000007 -0.000016 0.000029 -0.013085 0.999914
1741164727.876876 1.965122 -1.329542 -0.000007 -0.000016 0.000029 -0.013085 0.999914
1741164727.926783 1.965079 -1.329543 -0.000007 -0.000016 0.000029 -0.013083 0.999914
1741164727.976811 1.965079 -1.329543 -0.000007 -0.000016 0.000029 -0.013083 0.999914
1741164728.026806 1.999979 -1.329997 -0.000011 -0.000025 -0.000072 0.000002 1.000000
1741164728.076840 1.999979 -1.329997 -0.000011 -0.000025 -0.000072 0.000002 1.000000
1741164728.126791 1.999935 -1.329997 -0.000007 -0.000016 0.000029 0.000003 1.000000
1741164728.176812 1.999935 -1.329997 -0.000007 -0.000016 0.000029 0.000003 1.000000
1741164728.226821 2.034795 -1.329541 -0.000007 -0.000016 0.000028 0.013092 0.999914
1741164728.276839 2.034795 -1.329541 -0.000007 -0.000016 0.000028 0.013092 0.999914
1741164728.326822 2.034750 -1.329541 -0.000011 -0.000024 -0.000073 0.013094 0.999914
1741164728.376836 2.034750 -1.329541 -0.000011 -0.000024 -0.000073 0.013094 0.999914
1741164728.426800 2.069583 -1.328174 -0.000007 -0.000017 0.000028 0.026182 0.999657
1741164728.476834 2.069583 -1.328174 -0.000007 -0.000017 0.000028 0.026182 0.999657
1741164728.526798 2.069541 -1.328173 -0.000007 -0.000017 0.000028 0.026185 0.999657
1741164728.576813 2.069541 -1.328173 -0.000007 -0.000017 0.000028 0.026185 0.999657
1741164728.626827 2.069496 -1.328172 -0.000011 -0.000023 -0.000073 0.026189 0.999657
1741164728.676879 2.069496 -1.328172 -0.000011 -0.000023 -0.000073 0.026189 0.999657
1741164728.726846 2.104327 -1.325896 -0.000007 -0.000017 0.000028 0.039266 0.999229
1741164728.776810 2.104327 -1.325896 -0.000007 -0.000017 0.000028 0.039266 0.999229
1741164728.826771 2.104282 -1.325895 -0.000011 -0.000022 -0.000073 0.039272 0.999229
1741164728.876812 2.104282 -1.325895 -0.000011 -0.000022 -0.000073 0.039272 0.999229
1741164728.926793 2.104237 -1.325893 -0.000011 -0.000022 -0.000073 0.039278 0.999228
1741164728.976817 2.104237 -1.325893 -0.000011 -0.000022 -0.000073 0.039278 0.999228
1741164729.026778 2.139001 -1.322710 -0.000007 -0.000017 0.000028 0.052343 0.998629
1741164729.076836 2.139001 -1.322710 -0.000007 -0.000017 0.000028 0.052343 0.998629
1741164729.126797 2.138957 -1.322708 -0.000011 -0.000021 -0.000073 0.052352 0.998629
1741164729.176811 2.138957 -1.322708 -0.000011 -0.000021 -0.000073 0.052352 0.998629
1741164729.226774 2.138912 -1.322707 -0.000011 -0.000021 -0.000073 0.052361 0.998628
1741164729.276786 2.138912 -1.322707 -0.000011 -0.000021 -0.000073 0.052361 0.998628
1741164729.326800 2.173579 -1.318617 -0.000011 -0.000020 -0.000074 0.065412 0.997858
1741164729.376816 2.173579 -1.318617 -0.000011 -0.000020 -0.000074 0.065412 0.997858
1741164729.426799 2.173534 -1.318615 -0.000011 -0.000020 -0.000074 0.065424 0.997858
1741164729.476817 2.173534 -1.318615 -0.000011 -0.000020 -0.000074 0.065424 0.997858
1741164729.526793 2.208037 -1.313621 -0.000011 -0.000019 -0.000074 0.078470 0.996917
1741164729.576837 2.208037 -1.313621 -0.000011 -0.000019 -0.000074 0.078470 0.996917
1741164729.626796 2.207993 -1.313619 -0.000011 -0.000019 -0.000074 0.078484 0.996915
1741164729.677082 2.207993 -1.313619 -0.000011 -0.000019 -0.000074 0.078484 0.996915
1741164729.726792 2.242351 -1.307724 -0.000011 -0.000018 -0.000074 0.091514 0.995804
1741164729.776819 2.242351 -1.307724 -0.000011 -0.000018 -0.000074 0.091514 0.995804
1741164729.826772 2.242307 -1.307721 -0.000011 -0.000018 -0.000074 0.091530 0.995802
1741164729.876810 2.242307 -1.307721 -0.000011 -0.000018 -0.000074 0.091530 0.995802
1741164729.926771 2.276506 -1.300931 -0.000011 -0.000017 -0.000075 0.104539 0.994521
1741164729.976855 2.276506 -1.300931 -0.000011 -0.000017 -0.000075 0.104539 0.994521
1741164730.026803 2.276465 -1.300928 -0.000011 -0.000017 -0.000075 0.104554 0.994519
1741164730.076840 2.276465 -1.300928 -0.000011 -0.000017 -0.000075 0.104554 0.994519
1741164730.126796 2.276423 -1.300925 -0.000011 -0.000017 -0.000075 0.104570 0.994518
1741164730.176817 2.276423 -1.300925 -0.000011 -0.000017 -0.000075 0.104570 0.994518
1741164730.226790 2.310461 -1.293246 -0.000007 -0.000019 0.000027 0.117549 0.993067
1741164730.276793 2.310461 -1.293246 -0.000007 -0.000019 0.000027 0.117549 0.993067
1741164730.326787 2.310421 -1.293243 -0.000007 -0.000019 0.000027 0.117564 0.993065
1741164730.376811 2.310421 -1.293243 -0.000007 -0.000019 0.000027 0.117564 0.993065
1741164730.426802 2.310381 -1.293239 -0.000007 -0.000019 0.000027 0.117579 0.993064
1741164730.476828 2.310381 -1.293239 -0.000007 -0.000019 0.000027 0.117579 0.993064
1741164730.526791 2.344211 -1.284675 -0.000007 -0.000020 0.000026 0.130537 0.991443
1741164730.576793 2.344211 -1.284675 -0.000007 -0.000020 0.000026 0.130537 0.991443
1741164730.626791 2.344172 -1.284671 -0.000007 -0.000020 0.000026 0.130551 0.991442
1741164730.676845 2.344172 -1.284671 -0.000007 -0.000020 0.000026 0.130551 0.991442
1741164730.726783 2.377722 -1.275224 -0.000007 -0.000020 0.000026 0.143503 0.989650
1741164730.776860 2.377722 -1.275224 -0.000007 -0.000020 0.000026 0.143503 0.989650
1741164730.826801 2.377684 -1.275219 -0.000007 -0.000020 0.000026 0.143516 0.989648
1741164730.876821 2.377684 -1.275219 -0.000007 -0.000020 0.000026 0.143516 0.989648
1741164730.926806 2.410975 -1.264898 -0.000007 -0.000020 0.000026 0.156442 0.987687
1741164730.976821 2.410975 -1.264898 -0.000007 -0.000020 0.000026 0.156442 0.987687
1741164731.026820 2.410941 -1.264894 -0.000007 -0.000020 0.000026 0.156454 0.987685
1741164731.076842 2.410941 -1.264894 -0.000007 -0.000020 0.000026 0.156454 0.987685
1741164731.126830 2.443945 -1.253706 -0.000007 -0.000021 0.000026 0.169357 0.985555
1741164731.176818 2.443945 -1.253706 -0.000007 -0.000021 0.000026 0.169357 0.985555
1741164731.226799 2.443911 -1.253701 -0.000011 -0.000012 -0.000076 0.169367 0.985553
1741164731.276812 2.443911 -1.253701 -0.000011 -0.000012 -0.000076 0.169367 0.985553
1741164731.326821 2.476612 -1.241654 -0.000007 -0.000021 0.000025 0.182242 0.983254
1741164731.376823 2.476612 -1.241654 -0.000007 -0.000021 0.000025 0.182242 0.983254
1741164731.426778 2.476579 -1.241648 -0.000007 -0.000021 0.000025 0.182250 0.983252
1741164731.476827 2.476579 -1.241648 -0.000007 -0.000021 0.000025 0.182250 0.983252
1741164731.526785 2.508954 -1.228752 -0.000011 -0.000010 -0.000076 0.195096 0.980784
1741164731.576808 2.508954 -1.228752 -0.000011 -0.000010 -0.000076 0.195096 0.980784
1741164731.626781 2.508921 -1.228746 -0.000011 -0.000010 -0.000076 0.195103 0.980783
1741164731.676814 2.508921 -1.228746 -0.000011 -0.000010 -0.000076 0.195103 0.980783
1741164731.726798 2.540946 -1.215007 -0.000011 -0.000009 -0.000076 0.207916 0.978147
1741164731.776859 2.540946 -1.215007 -0.000011 -0.000009 -0.000076 0.207916 0.978147
1741164731.826827 2.540913 -1.215000 -0.000007 -0.000022 0.000025 0.207921 0.978146
1741164731.876816 2.540913 -1.215000 -0.000007 -0.000022 0.000025 0.207921 0.978146
1741164731.926857 2.572566 -1.200430 -0.000011 -0.000008 -0.000077 0.220701 0.975342
1741164731.976805 2.572566 -1.200430 -0.000011 -0.000008 -0.000077 0.220701 0.975342
1741164732.026793 2.572535 -1.200422 -0.000007 -0.000022 0.000025 0.220704 0.975341
1741164732.076813 2.572535 -1.200422 -0.000007 -0.000022 0.000025 0.220704 0.975341
1741164732.126787 2.603794 -1.185029 -0.000011 -0.000007 -0.000077 0.233446 0.972370
1741164732.176808 2.603794 -1.185029 -0.000011 -0.000007 -0.000077 0.233446 0.972370
1741164732.226799 2.603764 -1.185021 -0.000011 -0.000007 -0.000077 0.233447 0.972370
1741164732.276820 2.603764 -1.185021 -0.000011 -0.000007 -0.000077 0.233447 0.972370
1741164732.326791 2.634607 -1.168817 -0.000011 -0.000006 -0.000077 0.246154 0.969231
1741164732.376811 2.634607 -1.168817 -0.000011 -0.000006 -0.000077 0.246154 0.969231
1741164732.426783 2.634578 -1.168808 -0.000011 -0.000006 -0.000077 0.246153 0.969231
1741164732.476831 2.634578 -1.168808 -0.000011 -0.000006 -0.000077 0.246153 0.969231
1741164732.526793 2.664987 -1.151803 -0.000011 -0.000005 -0.000077 0.258819 0.965926
1741164732.576797 2.664987 -1.151803 -0.000011 -0.000005 -0.000077 0.258819 0.965926
1741164732.626792 2.664958 -1.151794 -0.000011 -0.000005 -0.000077 0.258816 0.965927
1741164732.676812 2.664958 -1.151794 -0.000011 -0.000005 -0.000077 0.258816 0.965927
1741164732.726791 2.694910 -1.134001 -0.000007 -0.000023 0.000024 0.271440 0.962455
1741164732.776819 2.694910 -1.134001 -0.000007 -0.000023 0.000024 0.271440 0.962455
1741164732.826789 2.694882 -1.133992 -0.000007 -0.000023 0.000024 0.271436 0.962456
1741164732.876822 2.694882 -1.133992 -0.000007 -0.000023 0.000024 0.271436 0.962456
1741164732.926798 2.694855 -1.133982 -0.000011 -0.000004 -0.000077 0.271432 0.962458
1741164732.976839 2.694855 -1.133982 -0.000011 -0.000004 -0.000077 0.271432 0.962458
1741164733.026771 2.724356 -1.115421 -0.000007 -0.000024 0.000023 0.284014 0.958820
1741164733.076809 2.724356 -1.115421 -0.000007 -0.000024 0.000023 0.284014 0.958820
1741164733.126802 2.724330 -1.115412 -0.000011 -0.000003 -0.000077 0.284011 0.958821
1741164733.176829 2.724330 -1.115412 -0.000011 -0.000003 -0.000077 0.284011 0.958821
1741164733.226737 2.753308 -1.096078 -0.000011 -0.000002 -0.000077 0.296541 0.955020
1741164733.276821 2.753308 -1.096078 -0.000011 -0.000002 -0.000077 0.296541 0.955020
1741164733.326822 2.753283 -1.096070 -0.000011 -0.000002 -0.000077 0.296539 0.955021
1741164733.376824 2.753283 -1.096070 -0.000011 -0.000002 -0.000077 0.296539 0.955021
1741164733.426827 2.781742 -1.075983 -0.000007 -0.000024 0.000023 0.309019 0.951056
1741164733.476817 2.781742 -1.075983 -0.000007 -0.000024 0.000023 0.309019 0.951056
1741164733.526770 2.781718 -1.075976 -0.000011 -0.000001 -0.000077 0.309018 0.951056
1741164733.576816 2.781718 -1.075976 -0.000011 -0.000001 -0.000077 0.309018 0.951056
1741164733.626836 2.809640 -1.055151 -0.000007 -0.000025 0.000022 0.321442 0.946929
1741164733.676835 2.809640 -1.055151 -0.000007 -0.000025 0.000022 0.321442 0.946929
1741164733.726817 2.809616 -1.055146 -0.000007 -0.000025 0.000022 0.321445 0.946928
1741164733.776838 2.809616 -1.055146 -0.000007 -0.000025 0.000022 0.321445 0.946928
1741164733.826792 2.836986 -1.033597 -0.000011 0.000001 -0.000077 0.333811 0.942640
1741164733.876833 2.836986 -1.033597 -0.000011 0.000001 -0.000077 0.333811 0.942640
1741164733.926773 2.836962 -1.033593 -0.000011 0.000001 -0.000077 0.333816 0.942638
1741164733.976804 2.836962 -1.033593 -0.000011 0.000001 -0.000077 0.333816 0.942638
1741164734.026795 2.863755 -1.011333 -0.000011 0.000002 -0.000077 0.346123 0.938189
1741164734.076863 2.863755 -1.011333 -0.000011 0.000002 -0.000077 0.346123 0.938189
1741164734.126825 2.863733 -1.011331 -0.000007 -0.000025 0.000022 0.346132 0.938186
1741164734.176809 2.863733 -1.011331 -0.000007 -0.000025 0.000022 0.346132 0.938186
1741164734.226794 2.889932 -0.988376 -0.000007 -0.000025 0.000021 0.358375 0.933578
1741164734.276803 2.889932 -0.988376 -0.000007 -0.000025 0.000021 0.358375 0.933578
1741164734.326790 2.889911 -0.988374 -0.000011 0.000003 -0.000077 0.358384 0.933574
1741164734.376827 2.889911 -0.988374 -0.000011 0.000003 -0.000077 0.358384 0.933574
1741164734.426794 2.915502 -0.964742 -0.000011 0.000004 -0.000077 0.370564 0.928807
1741164734.476816 2.915502 -0.964742 -0.000011 0.000004 -0.000077 0.370564 0.928807
1741164734.526792 2.915480 -0.964740 -0.000007 -0.000026 0.000021 0.370575 0.928803
1741164734.576814 2.915480 -0.964740 -0.000007 -0.000026 0.000021 0.370575 0.928803
1741164734.626796 2.940440 -0.940446 -0.000011 0.000005 -0.000077 0.382692 0.923876
1741164734.676832 2.940440 -0.940446 -0.000011 0.000005 -0.000077 0.382692 0.923876
1741164734.726780 2.940420 -0.940445 -0.000011 0.000005 -0.000077 0.382702 0.923872
1741164734.776805 2.940420 -0.940445 -0.000011 0.000005 -0.000077 0.382702 0.923872
1741164734.826828 2.964738 -0.915506 -0.000007 -0.000026 0.000020 0.394752 0.918788
1741164734.876860 2.964738 -0.915506 -0.000007 -0.000026 0.000020 0.394752 0.918788
1741164734.926832 2.964718 -0.915505 -0.000007 -0.000026 0.000020 0.394763 0.918783
1741164734.976813 2.964718 -0.915505 -0.000007 -0.000026 0.000020 0.394763 0.918783
1741164735.026789 2.988372 -0.889939 -0.000011 0.000007 -0.000077 0.406745 0.913542
1741164735.076810 2.988372 -0.889939 -0.000011 0.000007 -0.000077 0.406745 0.913542
1741164735.126798 2.988353 -0.889939 -0.000011 0.000007 -0.000077 0.406757 0.913536
1741164735.176804 2.988353 -0.889939 -0.000011 0.000007 -0.000077 0.406757 0.913536
1741164735.226834 3.011330 -0.863761 -0.000011 0.000008 -0.000077 0.418668 0.908139
1741164735.276812 3.011330 -0.863761 -0.000011 0.000008 -0.000077 0.418668 0.908139
1741164735.326783 3.011311 -0.863762 -0.000011 0.000008 -0.000077 0.418681 0.908133
1741164735.376801 3.011311 -0.863762 -0.000011 0.000008 -0.000077 0.418681 0.908133
1741164735.426832 3.011293 -0.863763 -0.000007 -0.000027 0.000020 0.418694 0.908127
1741164735.476806 3.011293 -0.863763 -0.000007 -0.000027 0.000020 0.418694 0.908127
1741164735.526784 3.033595 -0.836991 -0.000011 0.000009 -0.000077 0.430520 0.902581
1741164735.576814 3.033595 -0.836991 -0.000011 0.000009 -0.000077 0.430520 0.902581
1741164735.626795 3.033577 -0.836992 -0.000011 0.000009 -0.000077 0.430534 0.902574
1741164735.676841 3.033577 -0.836992 -0.000011 0.000009 -0.000077 0.430534 0.902574
1741164735.726798 3.055151 -0.809647 -0.000011 0.000010 -0.000077 0.442298 0.896868
1741164735.776786 3.055151 -0.809647 -0.000011 0.000010 -0.000077 0.442298 0.896868
1741164735.826835 3.055135 -0.809648 -0.000011 0.000010 -0.000077 0.442312 0.896861
1741164735.876814 3.055135 -0.809648 -0.000011 0.000010 -0.000077 0.442312 0.896861
1741164735.926807 3.055119 -0.809648 -0.000011 0.000010 -0.000077 0.442326 0.896855
1741164735.976826 3.055119 -0.809648 -0.000011 0.000010 -0.000077 0.442326 0.896855
1741164736.026839 3.075984 -0.781749 -0.000011 0.000011 -0.000077 0.454000 0.891002
1741164736.076839 3.075984 -0.781749 -0.000011 0.000011 -0.000077 0.454000 0.891002
1741164736.126790 3.075969 -0.781748 -0.000011 0.000011 -0.000077 0.454013 0.890995
1741164736.176783 3.075969 -0.781748 -0.000011 0.000011 -0.000077 0.454013 0.890995
1741164736.226769 3.075954 -0.781748 -0.000011 0.000011 -0.000077 0.454027 0.890988
1741164736.276818 3.075954 -0.781748 -0.000011 0.000011 -0.000077 0.454027 0.890988
1741164736.326782 3.096079 -0.753314 -0.000007 -0.000028 0.000018 0.465624 0.884983
1741164736.376780 3.096079 -0.753314 -0.000007 -0.000028 0.000018 0.465624 0.884983
1741164736.426779 3.096066 -0.753314 -0.000011 0.000012 -0.000076 0.465636 0.884976
1741164736.476838 3.096066 -0.753314 -0.000011 0.000012 -0.000076 0.465636 0.884976
1741164736.526862 3.115425 -0.724364 -0.000007 -0.000028 0.000018 0.477167 0.878813
1741164736.576857 3.115425 -0.724364 -0.000007 -0.000028 0.000018 0.477167 0.878813
1741164736.626837 3.115412 -0.724364 -0.000007 -0.000028 0.000018 0.477178 0.878806
1741164736.676866 3.115412 -0.724364 -0.000007 -0.000028 0.000018 0.477178 0.878806
1741164736.726822 3.134005 -0.694918 -0.000011 0.000014 -0.000076 0.488629 0.872492
1741164736.776862 3.134005 -0.694918 -0.000011 0.000014 -0.000076 0.488629 0.872492
1741164736.826795 3.133993 -0.694918 -0.000011 0.000014 -0.000076 0.488640 0.872486
1741164736.876817 3.133993 -0.694918 -0.000011 0.000014 -0.000076 0.488640 0.872486
1741164736.926792 3.151808 -0.664995 -0.000011 0.000015 -0.000076 0.500007 0.866021
1741164736.976833 3.151808 -0.664995 -0.000011 0.000015 -0.000076 0.500007 0.866021
1741164737.026782 3.151796 -0.664996 -0.000007 -0.000028 0.000017 0.500019 0.866015
1741164737.076808 3.151796 -0.664996 -0.000007 -0.000028 0.000017 0.500019 0.866015
1741164737.126780 3.168820 -0.634617 -0.000011 0.000016 -0.000076 0.511302 0.859401
1741164737.176814 3.168820 -0.634617 -0.000011 0.000016 -0.000076 0.511302 0.859401
1741164737.226792 3.168809 -0.634619 -0.000011 0.000016 -0.000076 0.511313 0.859395
1741164737.276816 3.168809 -0.634619 -0.000011 0.000016 -0.000076 0.511313 0.859395
1741164737.326789 3.185033 -0.603805 -0.000011 0.000017 -0.000075 0.522507 0.852635
1741164737.376825 3.185033 -0.603805 -0.000011 0.000017 -0.000075 0.522507 0.852635
1741164737.426790 3.185023 -0.603809 -0.000011 0.000017 -0.000075 0.522518 0.852628
1741164737.476815 3.185023 -0.603809 -0.000011 0.000017 -0.000075 0.522518 0.852628
1741164737.526804 3.185012 -0.603814 -0.000007 -0.000029 0.000016 0.522530 0.852621
1741164737.576841 3.185012 -0.603814 -0.000007 -0.000029 0.000016 0.522530 0.852621
1741164737.626794 3.200432 -0.572579 -0.000011 0.000018 -0.000075 0.533623 0.845722
1741164737.676859 3.200432 -0.572579 -0.000011 0.000018 -0.000075 0.533623 0.845722
1741164737.726840 3.200423 -0.572587 -0.000011 0.000018 -0.000075 0.533636 0.845714
1741164737.776856 3.200423 -0.572587 -0.000011 0.000018 -0.000075 0.533636 0.845714
1741164737.826838 3.215009 -0.540963 -0.000007 -0.000029 0.000016 0.544649 0.838664
1741164737.876854 3.215009 -0.540963 -0.000007 -0.000029 0.000016 0.544649 0.838664
1741164737.926805 3.215000 -0.540975 -0.000011 0.000019 -0.000075 0.544662 0.838656
1741164737.976910 3.215000 -0.540975 -0.000011 0.000019 -0.000075 0.544662 0.838656
1741164738.026805 3.228754 -0.508973 -0.000011 0.000020 -0.000074 0.555579 0.831464
1741164738.076806 3.228754 -0.508973 -0.000011 0.000020 -0.000074 0.555579 0.831464
1741164738.126791 3.228746 -0.508989 -0.000007 -0.000029 0.000015 0.555593 0.831455
1741164738.176847 3.228746 -0.508989 -0.000007 -0.000029 0.000015 0.555593 0.831455
1741164738.226829 3.241656 -0.476636 -0.000011 0.000021 -0.000074 0.566416 0.824120
1741164738.276807 3.241656 -0.476636 -0.000011 0.000021 -0.000074 0.566416 0.824120
1741164738.326791 3.241648 -0.476656 -0.000011 0.000021 -0.000074 0.566430 0.824110
1741164738.376816 3.241648 -0.476656 -0.000011 0.000021 -0.000074 0.566430 0.824110
1741164738.426804 3.253708 -0.443970 -0.000007 -0.000030 0.000014 0.577154 0.816635
1741164738.476802 3.253708 -0.443970 -0.000007 -0.000030 0.000014 0.577154 0.816635
1741164738.526826 3.253701 -0.443992 -0.000011 0.000022 -0.000074 0.577167 0.816626
1741164738.576850 3.253701 -0.443992 -0.000011 0.000022 -0.000074 0.577167 0.816626
1741164738.626779 3.264901 -0.411001 -0.000011 0.000022 -0.000073 0.587793 0.809011
1741164738.676816 3.264901 -0.411001 -0.000011 0.000022 -0.000073 0.587793 0.809011
1741164738.726773 3.264894 -0.411026 -0.000011 0.000023 -0.000073 0.587806 0.809002
1741164738.776810 3.264894 -0.411026 -0.000011 0.000023 -0.000073 0.587806 0.809002
1741164738.826778 3.275226 -0.377751 -0.000007 -0.000030 0.000014 0.598333 0.801247
1741164738.876775 3.275226 -0.377751 -0.000007 -0.000030 0.000014 0.598333 0.801247
1741164738.926801 3.275221 -0.377778 -0.000011 0.000023 -0.000073 0.598345 0.801238
1741164738.976809 3.275221 -0.377778 -0.000011 0.000023 -0.000073 0.598345 0.801238
1741164739.026816 3.275215 -0.377804 -0.000011 0.000023 -0.000073 0.598357 0.801229
1741164739.076897 3.275215 -0.377804 -0.000011 0.000023 -0.000073 0.598357 0.801229
1741164739.126791 3.284677 -0.344241 -0.000011 0.000024 -0.000073 0.608769 0.793348
1741164739.176795 3.284677 -0.344241 -0.000011 0.000024 -0.000073 0.608769 0.793348
1741164739.226775 3.284673 -0.344270 -0.000007 -0.000030 0.000013 0.608780 0.793339
1741164739.276844 3.284673 -0.344270 -0.000007 -0.000030 0.000013 0.608780 0.793339
1741164739.326792 3.293248 -0.310495 -0.000011 0.000025 -0.000072 0.619101 0.785312
1741164739.376853 3.293248 -0.310495 -0.000011 0.000025 -0.000072 0.619101 0.785312
1741164739.426792 3.293245 -0.310526 -0.000011 0.000025 -0.000072 0.619110 0.785304
1741164739.476812 3.293245 -0.310526 -0.000011 0.000025 -0.000072 0.619110 0.785304
1741164739.526771 3.293242 -0.310557 -0.000007 -0.000030 0.000013 0.619120 0.785296
1741164739.576830 3.293242 -0.310557 -0.000007 -0.000030 0.000013 0.619120 0.785296
1741164739.626777 3.300933 -0.276538 -0.000011 0.000026 -0.000072 0.629327 0.777141
1741164739.676805 3.300933 -0.276538 -0.000011 0.000026 -0.000072 0.629327 0.777141
1741164739.726779 3.300931 -0.276570 -0.000011 0.000026 -0.000072 0.629335 0.777134
1741164739.776855 3.300931 -0.276570 -0.000011 0.000026 -0.000072 0.629335 0.777134
1741164739.826822 3.307726 -0.242388 -0.000011 0.000027 -0.000072 0.639445 0.768837
1741164739.876847 3.307726 -0.242388 -0.000011 0.000027 -0.000072 0.639445 0.768837
1741164739.926786 3.307724 -0.242424 -0.000007 -0.000031 0.000012 0.639453 0.768830
1741164739.976841 3.307724 -0.242424 -0.000007 -0.000031 0.000012 0.639453 0.768830
1741164740.026819 3.313623 -0.208075 -0.000007 -0.000031 0.000011 0.649455 0.760400
1741164740.076834 3.313623 -0.208075 -0.000007 -0.000031 0.000011 0.649455 0.760400
1741164740.126789 3.313621 -0.208112 -0.000011 0.000028 -0.000071 0.649463 0.760393
1741164740.176837 3.313621 -0.208112 -0.000011 0.000028 -0.000071 0.649463 0.760393
1741164740.226774 3.318619 -0.173616 -0.000011 0.000029 -0.000071 0.659352 0.751835
1741164740.276804 3.318619 -0.173616 -0.000011 0.000029 -0.000071 0.659352 0.751835
1741164740.326792 3.318618 -0.173655 -0.000011 0.000029 -0.000071 0.659360 0.751827
1741164740.376840 3.318618 -0.173655 -0.000011 0.000029 -0.000071 0.659360 0.751827
1741164740.426806 3.318617 -0.173694 -0.000011 0.000029 -0.000071 0.659369 0.751820
1741164740.476808 3.318617 -0.173694 -0.000011 0.000029 -0.000071 0.659369 0.751820
1741164740.526820 3.322711 -0.139042 -0.000011 0.000030 -0.000070 0.669138 0.743138
1741164740.576814 3.322711 -0.139042 -0.000011 0.000030 -0.000070 0.669138 0.743138
1741164740.626796 3.322711 -0.139083 -0.000011 0.000030 -0.000070 0.669147 0.743130
1741164740.676837 3.322711 -0.139083 -0.000011 0.000030 -0.000070 0.669147 0.743130
1741164740.726820 3.325897 -0.104370 -0.000007 -0.000031 0.000010 0.678807 0.734316
1741164740.776844 3.325897 -0.104370 -0.000007 -0.000031 0.000010 0.678807 0.734316
1741164740.826791 3.325897 -0.104411 -0.000011 0.000031 -0.000070 0.678817 0.734308
1741164740.876809 3.325897 -0.104411 -0.000011 0.000031 -0.000070 0.678817 0.734308
1741164740.926822 3.328174 -0.069629 -0.000011 0.000032 -0.000069 0.688362 0.725367
1741164740.976844 3.328174 -0.069629 -0.000011 0.000032 -0.000069 0.688362 0.725367
1741164741.026826 3.328174 -0.069672 -0.000011 0.000032 -0.000069 0.688372 0.725358
1741164741.076787 3.328174 -0.069672 -0.000011 0.000032 -0.000069 0.688372 0.725358
1741164741.126776 3.329541 -0.034838 -0.000007 -0.000032 0.000009 0.697798 0.716295
1741164741.176827 3.329541 -0.034838 -0.000007 -0.000032 0.000009 0.697798 0.716295
1741164741.226800 3.329541 -0.034882 -0.000011 0.000033 -0.000069 0.697808 0.716285
1741164741.276809 3.329541 -0.034882 -0.000011 0.000033 -0.000069 0.697808 0.716285
1741164741.326793 3.329997 -0.000019 -0.000007 -0.000032 0.000009 0.707113 0.707101
1741164741.376807 3.329997 -0.000019 -0.000007 -0.000032 0.000009 0.707113 0.707101
1741164741.426798 3.329997 -0.000064 -0.000011 0.000034 -0.000069 0.707122 0.707091
1741164741.476812 3.329997 -0.000064 -0.000011 0.000034 -0.000069 0.707122 0.707091
1741164741.526830 3.329541 0.034792 -0.000011 0.000034 -0.000068 0.716309 0.697783
1741164741.576822 3.329541 0.034792 -0.000011 0.000034 -0.000068 0.716309 0.697783
1741164741.626771 3.329541 0.034746 -0.000011 0.000034 -0.000068 0.716319 0.697773
1741164741.676840 3.329541 0.034746 -0.000011 0.000034 -0.000068 0.716319 0.697773
1741164741.726796 3.328174 0.069584 -0.000007 -0.000032 0.000008 0.725382 0.688347
1741164741.776819 3.328174 0.069584 -0.000007 -0.000032 0.000008 0.725382 0.688347
1741164741.826773 3.328174 0.069540 -0.000007 -0.000032 0.000008 0.725392 0.688336
1741164741.876822 3.328174 0.069540 -0.000007 -0.000032 0.000008 0.725392 0.688336
1741164741.926780 3.325897 0.104329 -0.000011 0.000036 -0.000067 0.734330 0.678793
1741164741.976781 3.325897 0.104329 -0.000011 0.000036 -0.000067 0.734330 0.678793
1741164742.026790 3.325897 0.104281 -0.000007 -0.000032 0.000008 0.734341 0.678781
1741164742.076840 3.325897 0.104281 -0.000007 -0.000032 0.000008 0.734341 0.678781
1741164742.126796 3.325897 0.104236 -0.000011 0.000036 -0.000067 0.734352 0.678769
1741164742.176809 3.325897 0.104236 -0.000011 0.000036 -0.000067 0.734352 0.678769
1741164742.226792 3.322711 0.139000 -0.000011 0.000037 -0.000067 0.743153 0.669121
1741164742.276804 3.322711 0.139000 -0.000011 0.000037 -0.000067 0.743153 0.669121
1741164742.326795 3.322711 0.138953 -0.000011 0.000037 -0.000067 0.743165 0.669109
1741164742.376852 3.322711 0.138953 -0.000011 0.000037 -0.000067 0.743165 0.669109
1741164742.426792 3.318618 0.173579 -0.000007 -0.000032 0.000007 0.751848 0.659337
1741164742.476813 3.318618 0.173579 -0.000007 -0.000032 0.000007 0.751848 0.659337
1741164742.526795 3.318619 0.173534 -0.000011 0.000038 -0.000066 0.751859 0.659323
1741164742.576811 3.318619 0.173534 -0.000011 0.000038 -0.000066 0.751859 0.659323
1741164742.626797 3.318619 0.173487 -0.000011 0.000038 -0.000066 0.751872 0.659310
1741164742.676819 3.318619 0.173487 -0.000011 0.000038 -0.000066 0.751872 0.659310
1741164742.726799 3.313622 0.208034 -0.000007 -0.000032 0.000006 0.760415 0.649438
1741164742.776817 3.313622 0.208034 -0.000007 -0.000032 0.000006 0.760415 0.649438
1741164742.826806 3.313622 0.207989 -0.000007 -0.000032 0.000006 0.760426 0.649424
1741164742.876840 3.313622 0.207989 -0.000007 -0.000032 0.000006 0.760426 0.649424
1741164742.926838 3.307725 0.242349 -0.000007 -0.000032 0.000006 0.768850 0.639429
1741164742.976826 3.307725 0.242349 -0.000007 -0.000032 0.000006 0.768850 0.639429
1741164743.026791 3.307725 0.242308 -0.000011 0.000040 -0.000065 0.768860 0.639417
1741164743.076797 3.307725 0.242308 -0.000011 0.000040 -0.000065 0.768860 0.639417
1741164743.126768 3.300932 0.276500 -0.000007 -0.000032 0.000006 0.777153 0.629312
1741164743.176806 3.300932 0.276500 -0.000007 -0.000032 0.000006 0.777153 0.629312
1741164743.226810 3.300932 0.276459 -0.000011 0.000041 -0.000065 0.777161 0.629301
1741164743.276809 3.300932 0.276459 -0.000011 0.000041 -0.000065 0.777161 0.629301
1741164743.326790 3.300931 0.276416 -0.000007 -0.000032 0.000006 0.777171 0.629290
1741164743.376794 3.300931 0.276416 -0.000007 -0.000032 0.000006 0.777171 0.629290
1741164743.426794 3.293248 0.310462 -0.000007 -0.000032 0.000005 0.785322 0.619087
1741164743.476810 3.293248 0.310462 -0.000007 -0.000032 0.000005 0.785322 0.619087
1741164743.526778 3.293247 0.310422 -0.000011 0.000041 -0.000064 0.785330 0.619078
1741164743.576841 3.293247 0.310422 -0.000011 0.000041 -0.000064 0.785330 0.619078
1741164743.626792 3.284676 0.344209 -0.000011 0.000042 -0.000064 0.793357 0.608756
1741164743.676811 3.284676 0.344209 -0.000011 0.000042 -0.000064 0.793357 0.608756
1741164743.726792 3.284675 0.344170 -0.000011 0.000042 -0.000064 0.793363 0.608748
1741164743.776815 3.284675 0.344170 -0.000011 0.000042 -0.000064 0.793363 0.608748
1741164743.826832 3.275225 0.377720 -0.000011 0.000043 -0.000063 0.801257 0.598320
1741164743.876817 3.275225 0.377720 -0.000011 0.000043 -0.000063 0.801257 0.598320
1741164743.926799 3.275223 0.377682 -0.000011 0.000043 -0.000063 0.801261 0.598314
1741164743.976821 3.275223 0.377682 -0.000011 0.000043 -0.000063 0.801261 0.598314
1741164744.026789 3.264900 0.410976 -0.000007 -0.000033 0.000004 0.809020 0.587781
1741164744.076816 3.264900 0.410976 -0.000007 -0.000033 0.000004 0.809020 0.587781
1741164744.126846 3.264897 0.410939 -0.000011 0.000044 -0.000063 0.809023 0.587777
1741164744.176807 3.264897 0.410939 -0.000011 0.000044 -0.000063 0.809023 0.587777
1741164744.226796 3.253707 0.443946 -0.000011 0.000045 -0.000062 0.816643 0.577143
1741164744.276791 3.253707 0.443946 -0.000011 0.000045 -0.000062 0.816643 0.577143
1741164744.326793 3.253704 0.443910 -0.000011 0.000045 -0.000062 0.816644 0.577141
1741164744.376806 3.253704 0.443910 -0.000011 0.000045 -0.000062 0.816644 0.577141
1741164744.426800 3.241655 0.476612 -0.000007 -0.000033 0.000003 0.824127 0.566405
1741164744.476795 3.241655 0.476612 -0.000007 -0.000033 0.000003 0.824127 0.566405
1741164744.526798 3.241652 0.476577 -0.000007 -0.000033 0.000003 0.824127 0.566405
1741164744.576781 3.241652 0.476577 -0.000007 -0.000033 0.000003 0.824127 0.566405
1741164744.626789 3.228753 0.508954 -0.000007 -0.000033 0.000003 0.831470 0.555569
1741164744.676811 3.228753 0.508954 -0.000007 -0.000033 0.000003 0.831470 0.555569
1741164744.726791 3.228749 0.508921 -0.000011 0.000046 -0.000061 0.831469 0.555571
1741164744.776803 3.228749 0.508921 -0.000011 0.000046 -0.000061 0.831469 0.555571
1741164744.826820 3.215008 0.540942 -0.000007 -0.000033 0.000002 0.838669 0.544641
1741164744.876817 3.215008 0.540942 -0.000007 -0.000033 0.000002 0.838669 0.544641
1741164744.926770 3.215003 0.540909 -0.000007 -0.000033 0.000002 0.838667 0.544645
1741164744.976812 3.215003 0.540909 -0.000007 -0.000033 0.000002 0.838667 0.544645
1741164745.026776 3.200430 0.572565 -0.000011 0.000048 -0.000060 0.845726 0.533618
1741164745.076814 3.200430 0.572565 -0.000011 0.000048 -0.000060 0.845726 0.533618
1741164745.126796 3.200425 0.572533 -0.000011 0.000048 -0.000060 0.845722 0.533625
1741164745.176848 3.200425 0.572533 -0.000011 0.000048 -0.000060 0.845722 0.533625
1741164745.226851 3.200419 0.572501 -0.000011 0.000048 -0.000060 0.845717 0.533631
1741164745.276834 3.200419 0.572501 -0.000011 0.000048 -0.000060 0.845717 0.533631
1741164745.326792 3.185030 0.603791 -0.000007 -0.000033 0.000001 0.852637 0.522504
1741164745.376807 3.185030 0.603791 -0.000007 -0.000033 0.000001 0.852637 0.522504
1741164745.426793 3.185023 0.603761 -0.000011 0.000049 -0.000059 0.852631 0.522513
1741164745.476823 3.185023 0.603761 -0.000011 0.000049 -0.000059 0.852631 0.522513
1741164745.526789 3.168817 0.634607 -0.000011 0.000050 -0.000059 0.859402 0.511300
1741164745.576810 3.168817 0.634607 -0.000011 0.000050 -0.000059 0.859402 0.511300
1741164745.626790 3.168810 0.634576 -0.000007 -0.000033 0.000001 0.859395 0.511312
1741164745.676811 3.168810 0.634576 -0.000007 -0.000033 0.000001 0.859395 0.511312
1741164745.726815 3.151804 0.664986 -0.000011 0.000051 -0.000058 0.866021 0.500008
1741164745.776807 3.151804 0.664986 -0.000011 0.000051 -0.000058 0.866021 0.500008
1741164745.826800 3.151796 0.664957 -0.000011 0.000051 -0.000058 0.866012 0.500023
1741164745.876814 3.151796 0.664957 -0.000011 0.000051 -0.000058 0.866012 0.500023
1741164745.926822 3.134002 0.694910 -0.000007 -0.000033 0.000000 0.872492 0.488629
1741164745.976831 3.134002 0.694910 -0.000007 -0.000033 0.000000 0.872492 0.488629
1741164746.026827 3.133993 0.694883 -0.000011 0.000051 -0.000057 0.872482 0.488646
1741164746.076841 3.133993 0.694883 -0.000011 0.000051 -0.000057 0.872482 0.488646
1741164746.126797 3.115422 0.724356 -0.000007 -0.000033 -0.000000 0.878812 0.477168
1741164746.176807 3.115422 0.724356 -0.000007 -0.000033 -0.000000 0.878812 0.477168
1741164746.226811 3.115414 0.724332 -0.000011 0.000052 -0.000057 0.878803 0.477184
1741164746.276831 3.115414 0.724332 -0.000011 0.000052 -0.000057 0.878803 0.477184
1741164746.326791 3.115406 0.724305 -0.000011 0.000052 -0.000057 0.878794 0.477201
1741164746.376816 3.115406 0.724305 -0.000011 0.000052 -0.000057 0.878794 0.477201
1741164746.426791 3.096078 0.753308 -0.000011 0.000053 -0.000056 0.884983 0.465623
1741164746.476809 3.096078 0.753308 -0.000011 0.000053 -0.000056 0.884983 0.465623
1741164746.526771 3.096071 0.753283 -0.000007 -0.000033 -0.000001 0.884975 0.465639
1741164746.576812 3.096071 0.753283 -0.000007 -0.000033 -0.000001 0.884975 0.465639
1741164746.626804 3.075984 0.781741 -0.000007 -0.000033 -0.000001 0.891003 0.453998
1741164746.676839 3.075984 0.781741 -0.000007 -0.000033 -0.000001 0.891003 0.453998
1741164746.726783 3.075977 0.781718 -0.000011 0.000054 -0.000055 0.890995 0.454012
1741164746.776807 3.075977 0.781718 -0.000011 0.000054 -0.000055 0.890995 0.454012
1741164746.826787 3.055152 0.809643 -0.000011 0.000054 -0.000055 0.896871 0.442293
1741164746.876826 3.055152 0.809643 -0.000011 0.000054 -0.000055 0.896871 0.442293
1741164746.926800 3.055147 0.809620 -0.000007 -0.000033 -0.000002 0.896866 0.442303
1741164746.976820 3.055147 0.809620 -0.000007 -0.000033 -0.000002 0.896866 0.442303
1741164747.026795 3.033597 0.836988 -0.000007 -0.000033 -0.000002 0.902584 0.430513
1741164747.076817 3.033597 0.836988 -0.000007 -0.000033 -0.000002 0.902584 0.430513
1741164747.126783 3.033594 0.836967 -0.000011 0.000055 -0.000054 0.902581 0.430520
1741164747.176812 3.033594 0.836967 -0.000011 0.000055 -0.000054 0.902581 0.430520
1741164747.226803 3.033591 0.836946 -0.000007 -0.000033 -0.000002 0.902578 0.430526
1741164747.276819 3.033591 0.836946 -0.000007 -0.000033 -0.000002 0.902578 0.430526
1741164747.326776 3.011334 0.863755 -0.000007 -0.000033 -0.000002 0.908143 0.418660
1741164747.376818 3.011334 0.863755 -0.000007 -0.000033 -0.000002 0.908143 0.418660
1741164747.426788 3.011332 0.863736 -0.000011 0.000056 -0.000053 0.908142 0.418663
1741164747.476814 3.011332 0.863736 -0.000011 0.000056 -0.000053 0.908142 0.418663
1741164747.526837 2.988377 0.889934 -0.000011 0.000056 -0.000053 0.913545 0.406737
1741164747.576843 2.988377 0.889934 -0.000011 0.000056 -0.000053 0.913545 0.406737
1741164747.626797 2.988376 0.889916 -0.000011 0.000056 -0.000053 0.913545 0.406739
1741164747.676826 2.988376 0.889916 -0.000011 0.000056 -0.000053 0.913545 0.406739
1741164747.726806 2.964742 0.915503 -0.000011 0.000057 -0.000052 0.918791 0.394743
1741164747.776808 2.964742 0.915503 -0.000011 0.000057 -0.000052 0.918791 0.394743
1741164747.826791 2.964742 0.915486 -0.000011 0.000057 -0.000052 0.918791 0.394744
1741164747.876812 2.964742 0.915486 -0.000011 0.000057 -0.000052 0.918791 0.394744
1741164747.926791 2.940447 0.940443 -0.000011 0.000058 -0.000051 0.923880 0.382682
1741164747.976808 2.940447 0.940443 -0.000011 0.000058 -0.000051 0.923880 0.382682
1741164748.026793 2.940447 0.940426 -0.000007 -0.000033 -0.000004 0.923880 0.382682
1741164748.076808 2.940447 0.940426 -0.000007 -0.000033 -0.000004 0.923880 0.382682
1741164748.126777 2.915507 0.964740 -0.000011 0.000059 -0.000050 0.928810 0.370555
1741164748.176825 2.915507 0.964740 -0.000011 0.000059 -0.000050 0.928810 0.370555
1741164748.226799 2.915508 0.964724 -0.000011 0.000059 -0.000050 0.928811 0.370554
1741164748.276815 2.915508 0.964724 -0.000011 0.000059 -0.000050 0.928811 0.370554
1741164748.326795 2.889940 0.988375 -0.000011 0.000059 -0.000050 0.933582 0.358365
1741164748.376802 2.889940 0.988375 -0.000011 0.000059 -0.000050 0.933582 0.358365
1741164748.426785 2.889942 0.988359 -0.000011 0.000059 -0.000050 0.933583 0.358362
1741164748.476807 2.889942 0.988359 -0.000011 0.000059 -0.000050 0.933583 0.358362
1741164748.526791 2.863762 1.011331 -0.000011 0.000060 -0.000049 0.938193 0.346113
1741164748.576835 2.863762 1.011331 -0.000011 0.000060 -0.000049 0.938193 0.346113
1741164748.626793 2.863765 1.011315 -0.000011 0.000060 -0.000049 0.938194 0.346110
1741164748.676813 2.863765 1.011315 -0.000011 0.000060 -0.000049 0.938194 0.346110
1741164748.726800 2.836992 1.033597 -0.000007 -0.000033 -0.000005 0.942643 0.333803
1741164748.776806 2.836992 1.033597 -0.000007 -0.000033 -0.000005 0.942643 0.333803
1741164748.826827 2.836994 1.033581 -0.000011 0.000060 -0.000048 0.942645 0.333798
1741164748.876804 2.836994 1.033581 -0.000011 0.000060 -0.000048 0.942645 0.333798
1741164748.926798 2.809648 1.055151 -0.000007 -0.000033 -0.000006 0.946932 0.321434
1741164748.976848 2.809648 1.055151 -0.000007 -0.000033 -0.000006 0.946932 0.321434
1741164749.026781 2.809649 1.055135 -0.000007 -0.000033 -0.000006 0.946935 0.321426
1741164749.076821 2.809649 1.055135 -0.000007 -0.000033 -0.000006 0.946935 0.321426
1741164749.126798 2.781749 1.075985 -0.000011 0.000062 -0.000046 0.951059 0.309010
1741164749.176818 2.781749 1.075985 -0.000011 0.000062 -0.000046 0.951059 0.309010
1741164749.226789 2.781749 1.075969 -0.000007 -0.000032 -0.000006 0.951062 0.309001
1741164749.276809 2.781749 1.075969 -0.000007 -0.000032 -0.000006 0.951062 0.309001
1741164749.326792 2.753315 1.096080 -0.000007 -0.000032 -0.000007 0.955022 0.296534
1741164749.376817 2.753315 1.096080 -0.000007 -0.000032 -0.000007 0.955022 0.296534
1741164749.426833 2.753315 1.096067 -0.000011 0.000062 -0.000046 0.955025 0.296525
1741164749.476790 2.753315 1.096067 -0.000011 0.000062 -0.000046 0.955025 0.296525
1741164749.526796 2.724364 1.115425 -0.000007 -0.000032 -0.000007 0.958822 0.284009
1741164749.576824 2.724364 1.115425 -0.000007 -0.000032 -0.000007 0.958822 0.284009
1741164749.626793 2.724364 1.115414 -0.000011 0.000063 -0.000045 0.958824 0.284000
1741164749.676836 2.724364 1.115414 -0.000011 0.000063 -0.000045 0.958824 0.284000
1741164749.726843 2.694918 1.134006 -0.000011 0.000063 -0.000044 0.962457 0.271435
1741164749.776835 2.694918 1.134006 -0.000011 0.000063 -0.000044 0.962457 0.271435
1741164749.826772 2.694918 1.133996 -0.000007 -0.000032 -0.000008 0.962459 0.271427
1741164749.876830 2.694918 1.133996 -0.000007 -0.000032 -0.000008 0.962459 0.271427
1741164749.926795 2.664995 1.151809 -0.000011 0.000064 -0.000043 0.965927 0.258814
1741164749.976804 2.664995 1.151809 -0.000011 0.000064 -0.000043 0.965927 0.258814
1741164750.026839 2.664996 1.151801 -0.000011 0.000064 -0.000043 0.965929 0.258807
1741164750.076837 2.664996 1.151801 -0.000011 0.000064 -0.000043 0.965929 0.258807
1741164750.126829 2.634617 1.168823 -0.000011 0.000064 -0.000042 0.969232 0.246149
1741164750.176817 2.634617 1.168823 -0.000011 0.000064 -0.000042 0.969232 0.246149
1741164750.226782 2.634619 1.168817 -0.000011 0.000064 -0.000042 0.969233 0.246144
1741164750.276806 2.634619 1.168817 -0.000011 0.000064 -0.000042 0.969233 0.246144
1741164750.326785 2.603805 1.185036 -0.000007 -0.000032 -0.000009 0.972371 0.233441
1741164750.376796 2.603805 1.185036 -0.000007 -0.000032 -0.000009 0.972371 0.233441
1741164750.426775 2.603809 1.185031 -0.000011 0.000065 -0.000041 0.972372 0.233437
1741164750.476793 2.603809 1.185031 -0.000011 0.000065 -0.000041 0.972372 0.233437
1741164750.526778 2.572579 1.200436 -0.000007 -0.000032 -0.000009 0.975343 0.220694
1741164750.576792 2.572579 1.200436 -0.000007 -0.000032 -0.000009 0.975343 0.220694
1741164750.626776 2.572587 1.200433 -0.000011 0.000065 -0.000040 0.975344 0.220690
1741164750.676786 2.572587 1.200433 -0.000011 0.000065 -0.000040 0.975344 0.220690
1741164750.726790 2.540962 1.215014 -0.000007 -0.000032 -0.000010 0.978148 0.207908
1741164750.776801 2.540962 1.215014 -0.000007 -0.000032 -0.000010 0.978148 0.207908
1741164750.826777 2.540974 1.215011 -0.000007 -0.000032 -0.000010 0.978149 0.207905
1741164750.876801 2.540974 1.215011 -0.000007 -0.000032 -0.000010 0.978149 0.207905
1741164750.926777 2.508972 1.228759 -0.000011 0.000066 -0.000039 0.980786 0.195087
1741164750.976784 2.508972 1.228759 -0.000011 0.000066 -0.000039 0.980786 0.195087
1741164751.026778 2.508988 1.228757 -0.000007 -0.000031 -0.000010 0.980787 0.195084
1741164751.076787 2.508988 1.228757 -0.000007 -0.000031 -0.000010 0.980787 0.195084
1741164751.126787 2.509004 1.228756 -0.000007 -0.000031 -0.000010 0.980787 0.195081
1741164751.176820 2.509004 1.228756 -0.000007 -0.000031 -0.000010 0.980787 0.195081
1741164751.226780 2.476636 1.241661 -0.000011 0.000067 -0.000038 0.983256 0.182231
1741164751.276792 2.476636 1.241661 -0.000011 0.000067 -0.000038 0.983256 0.182231
1741164751.326790 2.476655 1.241660 -0.000007 -0.000031 -0.000011 0.983256 0.182229
1741164751.376795 2.476655 1.241660 -0.000007 -0.000031 -0.000011 0.983256 0.182229
1741164751.426789 2.476674 1.241660 -0.000007 -0.000031 -0.000011 0.983257 0.182226
1741164751.476797 2.476674 1.241660 -0.000007 -0.000031 -0.000011 0.983257 0.182226
1741164751.526792 2.443969 1.253712 -0.000007 -0.000031 -0.000011 0.985556 0.169347
1741164751.576792 2.443969 1.253712 -0.000007 -0.000031 -0.000011 0.985556 0.169347
1741164751.626780 2.443991 1.253713 -0.000011 0.000067 -0.000037 0.985557 0.169346
1741164751.676784 2.443991 1.253713 -0.000011 0.000067 -0.000037 0.985557 0.169346
1741164751.726804 2.411002 1.264905 -0.000011 0.000068 -0.000036 0.987689 0.156433
1741164751.776788 2.411002 1.264905 -0.000011 0.000068 -0.000036 0.987689 0.156433
1741164751.826777 2.411026 1.264906 -0.000007 -0.000031 -0.000011 0.987689 0.156433
1741164751.876792 2.411026 1.264906 -0.000007 -0.000031 -0.000011 0.987689 0.156433
1741164751.926778 2.377750 1.275230 -0.000007 -0.000031 -0.000012 0.989652 0.143490
1741164751.976783 2.377750 1.275230 -0.000007 -0.000031 -0.000012 0.989652 0.143490
1741164752.026778 2.377777 1.275231 -0.000007 -0.000031 -0.000012 0.989652 0.143491
1741164752.076789 2.377777 1.275231 -0.000007 -0.000031 -0.000012 0.989652 0.143491
1741164752.126776 2.344242 1.284681 -0.000007 -0.000031 -0.000012 0.991445 0.130524
1741164752.176787 2.344242 1.284681 -0.000007 -0.000031 -0.000012 0.991445 0.130524
1741164752.226781 2.344269 1.284683 -0.000011 0.000069 -0.000034 0.991445 0.130527
1741164752.276789 2.344269 1.284683 -0.000011 0.000069 -0.000034 0.991445 0.130527
1741164752.326772 2.310497 1.293252 -0.000007 -0.000030 -0.000013 0.993069 0.117536
1741164752.376790 2.310497 1.293252 -0.000007 -0.000030 -0.000013 0.993069 0.117536
1741164752.426778 2.310527 1.293254 -0.000007 -0.000030 -0.000013 0.993068 0.117540
1741164752.476786 2.310527 1.293254 -0.000007 -0.000030 -0.000013 0.993068 0.117540
1741164752.526777 2.276536 1.300936 -0.000011 0.000069 -0.000032 0.994522 0.104528
1741164752.576787 2.276536 1.300936 -0.000011 0.000069 -0.000032 0.994522 0.104528
1741164752.626828 2.276568 1.300938 -0.000011 0.000069 -0.000032 0.994522 0.104532
1741164752.676787 2.276568 1.300938 -0.000011 0.000069 -0.000032 0.994522 0.104532
1741164752.726801 2.242385 1.307728 -0.000011 0.000070 -0.000031 0.995805 0.091503
1741164752.776786 2.242385 1.307728 -0.000011 0.000070 -0.000031 0.995805 0.091503
1741164752.826799 2.242419 1.307731 -0.000011 0.000070 -0.000031 0.995804 0.091507
1741164752.876782 2.242419 1.307731 -0.000011 0.000070 -0.000031 0.995804 0.091507
1741164752.926779 2.208075 1.313625 -0.000007 -0.000030 -0.000014 0.996917 0.078458
1741164752.976783 2.208075 1.313625 -0.000007 -0.000030 -0.000014 0.996917 0.078458
1741164753.026777 2.208112 1.313627 -0.000011 0.000070 -0.000030 0.996917 0.078462
1741164753.076787 2.208112 1.313627 -0.000011 0.000070 -0.000030 0.996917 0.078462
1741164753.126779 2.173615 1.318621 -0.000011 0.000070 -0.000029 0.997859 0.065403
1741164753.176800 2.173615 1.318621 -0.000011 0.000070 -0.000029 0.997859 0.065403
1741164753.226778 2.173653 1.318623 -0.000007 -0.000030 -0.000014 0.997859 0.065405
1741164753.276803 2.173653 1.318623 -0.000007 -0.000030 -0.000014 0.997859 0.065405
1741164753.326777 2.139040 1.322713 -0.000007 -0.000030 -0.000014 0.998630 0.052333
1741164753.376787 2.139040 1.322713 -0.000007 -0.000030 -0.000014 0.998630 0.052333
1741164753.426776 2.139077 1.322715 -0.000011 0.000071 -0.000029 0.998630 0.052334
1741164753.476788 2.139077 1.322715 -0.000011 0.000071 -0.000029 0.998630 0.052334
1741164753.526783 2.104371 1.325898 -0.000007 -0.000029 -0.000015 0.999229 0.039258
1741164753.576791 2.104371 1.325898 -0.000007 -0.000029 -0.000015 0.999229 0.039258
1741164753.626775 2.104412 1.325900 -0.000011 0.000071 -0.000028 0.999229 0.039257
1741164753.676790 2.104412 1.325900 -0.000011 0.000071 -0.000028 0.999229 0.039257
1741164753.726778 2.069626 1.328175 -0.000007 -0.000029 -0.000015 0.999657 0.026175
1741164753.776790 2.069626 1.328175 -0.000007 -0.000029 -0.000015 0.999657 0.026175
1741164753.826797 2.069667 1.328176 -0.000011 0.000072 -0.000027 0.999657 0.026173
1741164753.876818 2.069667 1.328176 -0.000011 0.000072 -0.000027 0.999657 0.026173
1741164753.926782 2.034836 1.329542 -0.000007 -0.000029 -0.000016 0.999914 0.013087
1741164753.976794 2.034836 1.329542 -0.000007 -0.000029 -0.000016 0.999914 0.013087
1741164754.026778 2.034878 1.329542 -0.000011 0.000072 -0.000026 0.999914 0.013086
1741164754.076784 2.034878 1.329542 -0.000011 0.000072 -0.000026 0.999914 0.013086
1741164754.126776 2.000021 1.329997 -0.000007 -0.000029 -0.000016 1.000000 -0.000003
1741164754.176787 2.000021 1.329997 -0.000007 -0.000029 -0.000016 1.000000 -0.000003
1741164754.226778 2.000065 1.329997 -0.000007 -0.000029 -0.000016 1.000000 -0.000005
1741164754.276786 2.000065 1.329997 -0.000007 -0.000029 -0.000016 1.000000 -0.000005
1741164754.326774 1.965206 1.329541 -0.000011 0.000072 -0.000024 0.999914 -0.013092
1741164754.376801 1.965206 1.329541 -0.000011 0.000072 -0.000024 0.999914 -0.013092
1741164754.426784 1.965250 1.329541 -0.000011 0.000073 -0.000024 0.999914 -0.013094
1741164754.476786 1.965250 1.329541 -0.000011 0.000073 -0.000024 0.999914 -0.013094
1741164754.526774 1.930415 1.328174 -0.000007 -0.000028 -0.000017 0.999657 -0.026182
1741164754.576796 1.930415 1.328174 -0.000007 -0.000028 -0.000017 0.999657 -0.026182
1741164754.626779 1.930460 1.328173 -0.000007 -0.000028 -0.000017 0.999657 -0.026185
1741164754.676790 1.930460 1.328173 -0.000007 -0.000028 -0.000017 0.999657 -0.026185
1741164754.726789 1.895669 1.325896 -0.000011 0.000073 -0.000022 0.999229 -0.039266
1741164754.776798 1.895669 1.325896 -0.000011 0.000073 -0.000022 0.999229 -0.039266
1741164754.826783 1.895715 1.325895 -0.000007 -0.000028 -0.000017 0.999229 -0.039272
1741164754.876799 1.895715 1.325895 -0.000007 -0.000028 -0.000017 0.999229 -0.039272
1741164754.926780 1.861001 1.322710 -0.000011 0.000073 -0.000021 0.998629 -0.052343
1741164754.976798 1.861001 1.322710 -0.000011 0.000073 -0.000021 0.998629 -0.052343
1741164755.026780 1.861043 1.322708 -0.000011 0.000073 -0.000021 0.998629 -0.052352
1741164755.076819 1.861043 1.322708 -0.000011 0.000073 -0.000021 0.998629 -0.052352
1741164755.126777 1.826422 1.318617 -0.000007 -0.000028 -0.000018 0.997858 -0.065412
1741164755.176786 1.826422 1.318617 -0.000007 -0.000028 -0.000018 0.997858 -0.065412
1741164755.226781 1.826466 1.318615 -0.000011 0.000074 -0.000020 0.997858 -0.065424
1741164755.276788 1.826466 1.318615 -0.000011 0.000074 -0.000020 0.997858 -0.065424
1741164755.326777 1.826512 1.318614 -0.000011 0.000074 -0.000020 0.997857 -0.065437
1741164755.376816 1.826512 1.318614 -0.000011 0.000074 -0.000020 0.997857 -0.065437
1741164755.426778 1.791963 1.313621 -0.000011 0.000074 -0.000019 0.996916 -0.078470
1741164755.476792 1.791963 1.313621 -0.000011 0.000074 -0.000019 0.996916 -0.078470
1741164755.526778 1.792007 1.313619 -0.000007 -0.000027 -0.000018 0.996915 -0.078484
1741164755.576819 1.792007 1.313619 -0.000007 -0.000027 -0.000018 0.996915 -0.078484
1741164755.626780 1.792051 1.313617 -0.000007 -0.000027 -0.000018 0.996914 -0.078499
1741164755.676786 1.792051 1.313617 -0.000007 -0.000027 -0.000018 0.996914 -0.078499
1741164755.726776 1.757649 1.307724 -0.000011 0.000074 -0.000018 0.995804 -0.091514
1741164755.776784 1.757649 1.307724 -0.000011 0.000074 -0.000018 0.995804 -0.091514
1741164755.826781 1.757692 1.307722 -0.000011 0.000074 -0.000018 0.995802 -0.091529
1741164755.876794 1.757692 1.307722 -0.000011 0.000074 -0.000018 0.995802 -0.091529
1741164755.926776 1.757734 1.307719 -0.000011 0.000074 -0.000018 0.995801 -0.091545
1741164755.976784 1.757734 1.307719 -0.000011 0.000074 -0.000018 0.995801 -0.091545
1741164756.026778 1.723496 1.300931 -0.000007 -0.000027 -0.000019 0.994521 -0.104539
1741164756.076811 1.723496 1.300931 -0.000007 -0.000027 -0.000019 0.994521 -0.104539
1741164756.126788 1.723538 1.300928 -0.000007 -0.000027 -0.000019 0.994519 -0.104554
1741164756.176784 1.723538 1.300928 -0.000007 -0.000027 -0.000019 0.994519 -0.104554
1741164756.226775 1.723578 1.300925 -0.000011 0.000075 -0.000017 0.994518 -0.104570
1741164756.276789 1.723578 1.300925 -0.000011 0.000075 -0.000017 0.994518 -0.104570
1741164756.326781 1.689536 1.293246 -0.000011 0.000075 -0.000016 0.993067 -0.117548
1741164756.376784 1.689536 1.293246 -0.000011 0.000075 -0.000016 0.993067 -0.117548
1741164756.426780 1.689577 1.293243 -0.000007 -0.000027 -0.000019 0.993065 -0.117563
1741164756.476788 1.689577 1.293243 -0.000007 -0.000027 -0.000019 0.993065 -0.117563
1741164756.526778 1.655790 1.284675 -0.000007 -0.000026 -0.000020 0.991443 -0.130537
1741164756.576784 1.655790 1.284675 -0.000007 -0.000026 -0.000020 0.991443 -0.130537
1741164756.626779 1.655827 1.284672 -0.000011 0.000075 -0.000015 0.991442 -0.130551
1741164756.676795 1.655827 1.284672 -0.000011 0.000075 -0.000015 0.991442 -0.130551
1741164756.726777 1.655866 1.284668 -0.000007 -0.000026 -0.000020 0.991440 -0.130564
1741164756.776791 1.655866 1.284668 -0.000007 -0.000026 -0.000020 0.991440 -0.130564
1741164756.826782 1.622279 1.275223 -0.000011 0.000075 -0.000014 0.989650 -0.143502
1741164756.876786 1.622279 1.275223 -0.000011 0.000075 -0.000014 0.989650 -0.143502
1741164756.926777 1.622316 1.275219 -0.000007 -0.000026 -0.000020 0.989648 -0.143515
1741164756.976789 1.622316 1.275219 -0.000007 -0.000026 -0.000020 0.989648 -0.143515
1741164757.026788 1.589025 1.264898 -0.000011 0.000076 -0.000013 0.987687 -0.156444
1741164757.076813 1.589025 1.264898 -0.000011 0.000076 -0.000013 0.987687 -0.156444
1741164757.126797 1.589061 1.264894 -0.000011 0.000076 -0.000013 0.987685 -0.156455
1741164757.176799 1.589061 1.264894 -0.000011 0.000076 -0.000013 0.987685 -0.156455
1741164757.226798 1.556053 1.253706 -0.000011 0.000076 -0.000012 0.985555 -0.169356
1741164757.276795 1.556053 1.253706 -0.000011 0.000076 -0.000012 0.985555 -0.169356
1741164757.326782 1.556088 1.253701 -0.000007 -0.000026 -0.000021 0.985553 -0.169367
1741164757.376790 1.556088 1.253701 -0.000007 -0.000026 -0.000021 0.985553 -0.169367
1741164757.426792 1.523386 1.241655 -0.000011 0.000076 -0.000011 0.983254 -0.182242
1741164757.476801 1.523386 1.241655 -0.000011 0.000076 -0.000011 0.983254 -0.182242
1741164757.526781 1.523419 1.241649 -0.000011 0.000076 -0.000011 0.983252 -0.182251
1741164757.576785 1.523419 1.241649 -0.000011 0.000076 -0.000011 0.983252 -0.182251
1741164757.626776 1.491047 1.228751 -0.000011 0.000076 -0.000010 0.980784 -0.195095
1741164757.676784 1.491047 1.228751 -0.000011 0.000076 -0.000010 0.980784 -0.195095
1741164757.726778 1.491080 1.228745 -0.000007 -0.000025 -0.000021 0.980783 -0.195102
1741164757.776787 1.491080 1.228745 -0.000007 -0.000025 -0.000021 0.980783 -0.195102
1741164757.826778 1.459054 1.215007 -0.000007 -0.000025 -0.000022 0.978147 -0.207917
1741164757.876788 1.459054 1.215007 -0.000007 -0.000025 -0.000022 0.978147 -0.207917
1741164757.926779 1.459085 1.215000 -0.000011 0.000076 -0.000009 0.978146 -0.207921
1741164757.976793 1.459085 1.215000 -0.000011 0.000076 -0.000009 0.978146 -0.207921
1741164758.026777 1.427435 1.200429 -0.000007 -0.000025 -0.000022 0.975341 -0.220701
1741164758.076791 1.427435 1.200429 -0.000007 -0.000025 -0.000022 0.975341 -0.220701
1741164758.126776 1.427466 1.200422 -0.000007 -0.000025 -0.000022 0.975341 -0.220704
1741164758.176791 1.427466 1.200422 -0.000007 -0.000025 -0.000022 0.975341 -0.220704
1741164758.226778 1.396205 1.185030 -0.000011 0.000077 -0.000007 0.972369 -0.233447
1741164758.276790 1.396205 1.185030 -0.000011 0.000077 -0.000007 0.972369 -0.233447
1741164758.326776 1.396235 1.185021 -0.000011 0.000077 -0.000007 0.972369 -0.233448
1741164758.376789 1.396235 1.185021 -0.000011 0.000077 -0.000007 0.972369 -0.233448
1741164758.426774 1.396265 1.185013 -0.000011 0.000077 -0.000007 0.972369 -0.233449
1741164758.476788 1.396265 1.185013 -0.000011 0.000077 -0.000007 0.972369 -0.233449
1741164758.526777 1.365394 1.168817 -0.000007 -0.000024 -0.000023 0.969231 -0.246154
1741164758.576789 1.365394 1.168817 -0.000007 -0.000024 -0.000023 0.969231 -0.246154
1741164758.626759 1.365423 1.168808 -0.000007 -0.000024 -0.000023 0.969231 -0.246152
1741164758.676790 1.365423 1.168808 -0.000007 -0.000024 -0.000023 0.969231 -0.246152
1741164758.726776 1.335013 1.151804 -0.000011 0.000077 -0.000005 0.965926 -0.258819
1741164758.776792 1.335013 1.151804 -0.000011 0.000077 -0.000005 0.965926 -0.258819
1741164758.826777 1.335042 1.151794 -0.000007 -0.000024 -0.000023 0.965926 -0.258817
1741164758.876820 1.335042 1.151794 -0.000007 -0.000024 -0.000023 0.965926 -0.258817
1741164758.926778 1.335070 1.151785 -0.000007 -0.000024 -0.000023 0.965927 -0.258814
1741164758.976787 1.335070 1.151785 -0.000007 -0.000024 -0.000023 0.965927 -0.258814
1741164759.026777 1.305089 1.134001 -0.000011 0.000077 -0.000004 0.962455 -0.271440
1741164759.076787 1.305089 1.134001 -0.000011 0.000077 -0.000004 0.962455 -0.271440
1741164759.126775 1.305116 1.133992 -0.000011 0.000077 -0.000004 0.962456 -0.271437
1741164759.176789 1.305116 1.133992 -0.000011 0.000077 -0.000004 0.962456 -0.271437
1741164759.226779 1.275641 1.115422 -0.000007 -0.000023 -0.000024 0.958820 -0.284015
1741164759.276782 1.275641 1.115422 -0.000007 -0.000023 -0.000024 0.958820 -0.284015
1741164759.326775 1.275667 1.115414 -0.000007 -0.000023 -0.000024 0.958821 -0.284012
1741164759.376785 1.275667 1.115414 -0.000007 -0.000023 -0.000024 0.958821 -0.284012
1741164759.426779 1.246694 1.096077 -0.000007 -0.000023 -0.000024 0.955020 -0.296541
1741164759.476785 1.246694 1.096077 -0.000007 -0.000023 -0.000024 0.955020 -0.296541
1741164759.526779 1.246719 1.096069 -0.000011 0.000077 -0.000002 0.955021 -0.296539
1741164759.576788 1.246719 1.096069 -0.000011 0.000077 -0.000002 0.955021 -0.296539
1741164759.626779 1.218256 1.075984 -0.000011 0.000077 -0.000001 0.951056 -0.309018
1741164759.676790 1.218256 1.075984 -0.000011 0.000077 -0.000001 0.951056 -0.309018
1741164759.726809 1.218281 1.075977 -0.000011 0.000077 -0.000001 0.951056 -0.309018
1741164759.776794 1.218281 1.075977 -0.000011 0.000077 -0.000001 0.951056 -0.309018
1741164759.826776 1.190358 1.055152 -0.000007 -0.000022 -0.000025 0.946929 -0.321443
1741164759.876795 1.190358 1.055152 -0.000007 -0.000022 -0.000025 0.946929 -0.321443
1741164759.926779 1.190382 1.055146 -0.000007 -0.000022 -0.000025 0.946928 -0.321445
1741164759.976786 1.190382 1.055146 -0.000007 -0.000022 -0.000025 0.946928 -0.321445
1741164760.026808 1.163015 1.033597 -0.000011 0.000077 0.000001 0.942640 -0.333811
1741164760.076797 1.163015 1.033597 -0.000011 0.000077 0.000001 0.942640 -0.333811
1741164760.126777 1.163038 1.033593 -0.000011 0.000077 0.000001 0.942638 -0.333816
1741164760.176784 1.163038 1.033593 -0.000011 0.000077 0.000001 0.942638 -0.333816
1741164760.226777 1.136245 1.011333 -0.000007 -0.000022 -0.000025 0.938189 -0.346123
1741164760.276805 1.136245 1.011333 -0.000007 -0.000022 -0.000025 0.938189 -0.346123
1741164760.326787 1.136267 1.011331 -0.000011 0.000077 0.000002 0.938186 -0.346131
1741164760.376800 1.136267 1.011331 -0.000011 0.000077 0.000002 0.938186 -0.346131
1741164760.426829 1.110067 0.988376 -0.000011 0.000077 0.000003 0.933578 -0.358374
1741164760.476787 1.110067 0.988376 -0.000011 0.000077 0.000003 0.933578 -0.358374
1741164760.526778 1.110089 0.988374 -0.000011 0.000077 0.000003 0.933574 -0.358384
1741164760.576787 1.110089 0.988374 -0.000011 0.000077 0.000003 0.933574 -0.358384
1741164760.626775 1.084499 0.964742 -0.000007 -0.000021 -0.000026 0.928807 -0.370565
1741164760.676790 1.084499 0.964742 -0.000007 -0.000021 -0.000026 0.928807 -0.370565
1741164760.726778 1.084519 0.964740 -0.000011 0.000077 0.000004 0.928803 -0.370574
1741164760.776790 1.084519 0.964740 -0.000011 0.000077 0.000004 0.928803 -0.370574
1741164760.826777 1.059559 0.940446 -0.000011 0.000077 0.000005 0.923877 -0.382691
1741164760.876784 1.059559 0.940446 -0.000011 0.000077 0.000005 0.923877 -0.382691
1741164760.926804 1.059579 0.940445 -0.000007 -0.000021 -0.000026 0.923872 -0.382702
1741164760.976787 1.059579 0.940445 -0.000007 -0.000021 -0.000026 0.923872 -0.382702
1741164761.026744 1.035262 0.915506 -0.000007 -0.000020 -0.000026 0.918788 -0.394752
1741164761.076781 1.035262 0.915506 -0.000007 -0.000020 -0.000026 0.918788 -0.394752
1741164761.126772 1.035281 0.915505 -0.000011 0.000077 0.000006 0.918783 -0.394763
1741164761.176786 1.035281 0.915505 -0.000011 0.000077 0.000006 0.918783 -0.394763
1741164761.226779 1.035301 0.915504 -0.000011 0.000077 0.000006 0.918778 -0.394774
1741164761.276789 1.035301 0.915504 -0.000011 0.000077 0.000006 0.918778 -0.394774
1741164761.326776 1.011629 0.889939 -0.000011 0.000077 0.000007 0.913541 -0.406746
1741164761.376792 1.011629 0.889939 -0.000011 0.000077 0.000007 0.913541 -0.406746
1741164761.426777 1.011648 0.889939 -0.000007 -0.000020 -0.000027 0.913536 -0.406758
1741164761.476785 1.011648 0.889939 -0.000007 -0.000020 -0.000027 0.913536 -0.406758
1741164761.526777 0.988670 0.863761 -0.000011 0.000077 0.000008 0.908139 -0.418668
1741164761.576790 0.988670 0.863761 -0.000011 0.000077 0.000008 0.908139 -0.418668
1741164761.626777 0.988689 0.863762 -0.000007 -0.000020 -0.000027 0.908133 -0.418682
1741164761.676788 0.988689 0.863762 -0.000007 -0.000020 -0.000027 0.908133 -0.418682
1741164761.726779 0.966405 0.836991 -0.000011 0.000077 0.000009 0.902581 -0.430520
1741164761.776783 0.966405 0.836991 -0.000011 0.000077 0.000009 0.902581 -0.430520
1741164761.826782 0.966423 0.836992 -0.000011 0.000077 0.000009 0.902574 -0.430534
1741164761.876786 0.966423 0.836992 -0.000011 0.000077 0.000009 0.902574 -0.430534
1741164761.926775 0.944849 0.809647 -0.000007 -0.000019 -0.000027 0.896868 -0.442298
1741164761.976784 0.944849 0.809647 -0.000007 -0.000019 -0.000027 0.896868 -0.442298
1741164762.026780 0.944865 0.809648 -0.000011 0.000077 0.000010 0.896861 -0.442312
1741164762.076782 0.944865 0.809648 -0.000011 0.000077 0.000010 0.896861 -0.442312
1741164762.126776 0.924015 0.781749 -0.000011 0.000077 0.000011 0.891002 -0.453999
1741164762.176788 0.924015 0.781749 -0.000011 0.000077 0.000011 0.891002 -0.453999
1741164762.226775 0.924031 0.781748 -0.000007 -0.000019 -0.000028 0.890995 -0.454013
1741164762.276788 0.924031 0.781748 -0.000007 -0.000019 -0.000028 0.890995 -0.454013
1741164762.326775 0.903919 0.753315 -0.000007 -0.000018 -0.000028 0.884983 -0.465623
1741164762.376786 0.903919 0.753315 -0.000007 -0.000018 -0.000028 0.884983 -0.465623
1741164762.426776 0.903932 0.753314 -0.000007 -0.000018 -0.000028 0.884977 -0.465635
1741164762.476782 0.903932 0.753314 -0.000007 -0.000018 -0.000028 0.884977 -0.465635
1741164762.526750 0.903946 0.753314 -0.000007 -0.000018 -0.000028 0.884970 -0.465648
1741164762.576783 0.903946 0.753314 -0.000007 -0.000018 -0.000028 0.884970 -0.465648
1741164762.626781 0.884576 0.724364 -0.000007 -0.000018 -0.000028 0.878812 -0.477168
1741164762.676784 0.884576 0.724364 -0.000007 -0.000018 -0.000028 0.878812 -0.477168
1741164762.726776 0.884588 0.724364 -0.000011 0.000076 0.000013 0.878806 -0.477179
1741164762.776786 0.884588 0.724364 -0.000011 0.000076 0.000013 0.878806 -0.477179
1741164762.826780 0.865995 0.694918 -0.000011 0.000076 0.000014 0.872492 -0.488629
1741164762.876781 0.865995 0.694918 -0.000011 0.000076 0.000014 0.872492 -0.488629
1741164762.926779 0.866007 0.694918 -0.000011 0.000076 0.000014 0.872486 -0.488640
1741164762.976789 0.866007 0.694918 -0.000011 0.000076 0.000014 0.872486 -0.488640
1741164763.026777 0.848193 0.664995 -0.000007 0.000017 0.000028 -0.866021 0.500008
1741164763.076784 0.848193 0.664995 -0.000007 0.000017 0.000028 -0.866021 0.500008
1741164763.126783 0.848203 0.664996 -0.000011 -0.000076 -0.000015 -0.866015 0.500018
1741164763.176786 0.848203 0.664996 -0.000011 -0.000076 -0.000015 -0.866015 0.500018
1741164763.226784 0.831179 0.634617 -0.000011 -0.000076 -0.000016 -0.859402 0.511300
1741164763.276793 0.831179 0.634617 -0.000011 -0.000076 -0.000016 -0.859402 0.511300
1741164763.326777 0.831190 0.634619 -0.000011 -0.000076 -0.000016 -0.859395 0.511312
1741164763.376781 0.831190 0.634619 -0.000011 -0.000076 -0.000016 -0.859395 0.511312
1741164763.426779 0.814968 0.603805 -0.000007 0.000016 0.000029 -0.852635 0.522507
1741164763.476789 0.814968 0.603805 -0.000007 0.000016 0.000029 -0.852635 0.522507
1741164763.526773 0.814978 0.603809 -0.000011 -0.000075 -0.000017 -0.852628 0.522518
1741164763.576784 0.814978 0.603809 -0.000011 -0.000075 -0.000017 -0.852628 0.522518
1741164763.626777 0.799568 0.572579 -0.000007 0.000016 0.000029 -0.845722 0.533623
1741164763.676790 0.799568 0.572579 -0.000007 0.000016 0.000029 -0.845722 0.533623
1741164763.726794 0.799577 0.572587 -0.000011 -0.000075 -0.000018 -0.845715 0.533635
1741164763.776786 0.799577 0.572587 -0.000011 -0.000075 -0.000018 -0.845715 0.533635
1741164763.826776 0.784990 0.540961 -0.000011 -0.000075 -0.000019 -0.838665 0.544647
1741164763.876788 0.784990 0.540961 -0.000011 -0.000075 -0.000019 -0.838665 0.544647
1741164763.926775 0.784999 0.540973 -0.000011 -0.000075 -0.000019 -0.838657 0.544661
1741164763.976784 0.784999 0.540973 -0.000011 -0.000075 -0.000019 -0.838657 0.544661
1741164764.026754 0.785008 0.540986 -0.000011 -0.000075 -0.000019 -0.838648 0.544674
1741164764.076751 0.785008 0.540986 -0.000011 -0.000075 -0.000019 -0.838648 0.544674
1741164764.126779 0.771246 0.508974 -0.000007 0.000015 0.000029 -0.831463 0.555580
1741164764.176785 0.771246 0.508974 -0.000007 0.000015 0.000029 -0.831463 0.555580
1741164764.226778 0.771255 0.508990 -0.000007 0.000015 0.000029 -0.831454 0.555594
1741164764.276819 0.771255 0.508990 -0.000007 0.000015 0.000029 -0.831454 0.555594
1741164764.326779 0.758343 0.476636 -0.000011 -0.000074 -0.000021 -0.824120 0.566416
1741164764.376790 0.758343 0.476636 -0.000011 -0.000074 -0.000021 -0.824120 0.566416
1741164764.426778 0.758351 0.476655 -0.000011 -0.000074 -0.000021 -0.824110 0.566429
1741164764.476787 0.758351 0.476655 -0.000011 -0.000074 -0.000021 -0.824110 0.566429
1741164764.526776 0.746292 0.443971 -0.000011 -0.000074 -0.000022 -0.816635 0.577155
1741164764.576786 0.746292 0.443971 -0.000011 -0.000074 -0.000022 -0.816635 0.577155
1741164764.626773 0.746299 0.443994 -0.000011 -0.000074 -0.000022 -0.816625 0.577168
1741164764.676789 0.746299 0.443994 -0.000011 -0.000074 -0.000022 -0.816625 0.577168
1741164764.726779 0.735100 0.411004 -0.000007 0.000014 0.000030 -0.809010 0.587796
1741164764.776837 0.735100 0.411004 -0.000007 0.000014 0.000030 -0.809010 0.587796
1741164764.826778 0.735106 0.411028 -0.000007 0.000014 0.000030 -0.809000 0.587808
1741164764.876794 0.735106 0.411028 -0.000007 0.000014 0.000030 -0.809000 0.587808
1741164764.926779 0.724774 0.377752 -0.000007 0.000014 0.000030 -0.801247 0.598334
1741164764.976788 0.724774 0.377752 -0.000007 0.000014 0.000030 -0.801247 0.598334
1741164765.026783 0.724779 0.377778 -0.000011 -0.000073 -0.000023 -0.801238 0.598346
1741164765.076784 0.724779 0.377778 -0.000011 -0.000073 -0.000023 -0.801238 0.598346
1741164765.126781 0.715323 0.344241 -0.000011 -0.000073 -0.000024 -0.793347 0.608770
1741164765.176782 0.715323 0.344241 -0.000011 -0.000073 -0.000024 -0.793347 0.608770
1741164765.226789 0.715327 0.344271 -0.000007 0.000013 0.000030 -0.793338 0.608781
1741164765.276802 0.715327 0.344271 -0.000007 0.000013 0.000030 -0.793338 0.608781
1741164765.326776 0.706751 0.310494 -0.000007 0.000013 0.000030 -0.785312 0.619100
1741164765.376786 0.706751 0.310494 -0.000007 0.000013 0.000030 -0.785312 0.619100
1741164765.426795 0.706755 0.310525 -0.000007 0.000013 0.000030 -0.785304 0.619110
1741164765.476793 0.706755 0.310525 -0.000007 0.000013 0.000030 -0.785304 0.619110
1741164765.526776 0.699067 0.276538 -0.000011 -0.000072 -0.000026 -0.777140 0.629328
1741164765.576787 0.699067 0.276538 -0.000011 -0.000072 -0.000026 -0.777140 0.629328
1741164765.626779 0.699070 0.276572 -0.000007 0.000012 0.000031 -0.777133 0.629337
1741164765.676782 0.699070 0.276572 -0.000007 0.000012 0.000031 -0.777133 0.629337
1741164765.726777 0.699072 0.276604 -0.000007 0.000012 0.000031 -0.777126 0.629345
1741164765.776785 0.699072 0.276604 -0.000007 0.000012 0.000031 -0.777126 0.629345
1741164765.826783 0.692274 0.242390 -0.000007 0.000012 0.000031 -0.768836 0.639446
1741164765.876787 0.692274 0.242390 -0.000007 0.000012 0.000031 -0.768836 0.639446
1741164765.926779 0.692276 0.242424 -0.000011 -0.000072 -0.000027 -0.768829 0.639454
1741164765.976784 0.692276 0.242424 -0.000011 -0.000072 -0.000027 -0.768829 0.639454
1741164766.026777 0.686377 0.208075 -0.000011 -0.000071 -0.000028 -0.760400 0.649455
1741164766.076787 0.686377 0.208075 -0.000011 -0.000071 -0.000028 -0.760400 0.649455
1741164766.126775 0.686379 0.208112 -0.000007 0.000011 0.000031 -0.760393 0.649463
1741164766.176793 0.686379 0.208112 -0.000007 0.000011 0.000031 -0.760393 0.649463
1741164766.226776 0.686380 0.208149 -0.000011 -0.000071 -0.000028 -0.760386 0.649471
1741164766.276786 0.686380 0.208149 -0.000011 -0.000071 -0.000028 -0.760386 0.649471
1741164766.326774 0.681381 0.173619 -0.000007 0.000011 0.000031 -0.751834 0.659352
1741164766.376789 0.681381 0.173619 -0.000007 0.000011 0.000031 -0.751834 0.659352
1741164766.426782 0.681382 0.173658 -0.000007 0.000011 0.000031 -0.751827 0.659361
1741164766.476760 0.681382 0.173658 -0.000007 0.000011 0.000031 -0.751827 0.659361
1741164766.526777 0.677289 0.139042 -0.000011 -0.000070 -0.000030 -0.743139 0.669138
1741164766.576790 0.677289 0.139042 -0.000011 -0.000070 -0.000030 -0.743139 0.669138
1741164766.626776 0.677289 0.139083 -0.000011 -0.000070 -0.000030 -0.743130 0.669147
1741164766.676785 0.677289 0.139083 -0.000011 -0.000070 -0.000030 -0.743130 0.669147
1741164766.726776 0.674103 0.104370 -0.000011 -0.000070 -0.000031 -0.734316 0.678808
1741164766.776784 0.674103 0.104370 -0.000011 -0.000070 -0.000031 -0.734316 0.678808
1741164766.826822 0.674103 0.104413 -0.000007 0.000010 0.000031 -0.734307 0.678818
1741164766.876791 0.674103 0.104413 -0.000007 0.000010 0.000031 -0.734307 0.678818
1741164766.926776 0.671826 0.069625 -0.000011 -0.000069 -0.000032 -0.725368 0.688361
1741164766.976783 0.671826 0.069625 -0.000011 -0.000069 -0.000032 -0.725368 0.688361
1741164767.026777 0.671826 0.069669 -0.000007 0.000010 0.000031 -0.725358 0.688371
1741164767.076786 0.671826 0.069669 -0.000007 0.000010 0.000031 -0.725358 0.688371
1741164767.126776 0.670459 0.034839 -0.000011 -0.000069 -0.000033 -0.716295 0.697798
1741164767.176808 0.670459 0.034839 -0.000011 -0.000069 -0.000033 -0.716295 0.697798
1741164767.226781 0.670459 0.034884 -0.000007 0.000009 0.000032 -0.716285 0.697808
1741164767.276789 0.670459 0.034884 -0.000007 0.000009 0.000032 -0.716285 0.697808
1741164767.326777 0.670003 0.000021 -0.000007 0.000009 0.000032 -0.707100 0.707113
1741164767.376787 0.670003 0.000021 -0.000007 0.000009 0.000032 -0.707100 0.707113
1741164767.426777 0.670003 0.000065 -0.000011 -0.000069 -0.000034 -0.707091 0.707123
1741164767.476786 0.670003 0.000065 -0.000011 -0.000069 -0.000034 -0.707091 0.707123
1741164767.526779 0.670003 0.000110 -0.000011 -0.000069 -0.000034 -0.707081 0.707132
1741164767.576781 0.670003 0.000110 -0.000011 -0.000069 -0.000034 -0.707081 0.707132
1741164767.626775 0.670003 0.000156 -0.000007 0.000009 0.000032 -0.707072 0.707142
1741164767.676785 0.670003 0.000156 -0.000007 0.000009 0.000032 -0.707072 0.707142
1741164767.726775 0.670003 0.000200 -0.000011 -0.000069 -0.000034 -0.707062 0.707151
1741164767.776784 0.670003 0.000200 -0.000011 -0.000069 -0.000034 -0.707062 0.707151
1741164767.826780 0.670003 0.000245 -0.000011 -0.000069 -0.000034 -0.707053 0.707161
1741164767.876799 0.670003 0.000245 -0.000011 -0.000069 -0.000034 -0.707053 0.707161
1741164767.926791 0.670003 0.000290 -0.000007 0.000009 0.000032 -0.707043 0.707170
1741164767.976803 0.670003 0.000290 -0.000007 0.000009 0.000032 -0.707043 0.707170
1741164768.026787 0.670003 0.000335 -0.000011 -0.000069 -0.000034 -0.707034 0.707180
1741164768.076784 0.670003 0.000335 -0.000011 -0.000069 -0.000034 -0.707034 0.707180
1741164768.126820 0.670003 0.000013 -0.000007 0.000009 0.000032 -0.700904 0.713255
1741164768.176794 0.670003 0.000013 -0.000007 0.000009 0.000032 -0.700904 0.713255
1741164768.226777 0.670003 0.000057 -0.000011 -0.000069 -0.000034 -0.700895 0.713265
1741164768.276812 0.670003 0.000057 -0.000011 -0.000069 -0.000034 -0.700895 0.713265
1741164768.326778 0.670003 0.000103 -0.000007 0.000009 0.000032 -0.700885 0.713275
1741164768.376814 0.670003 0.000103 -0.000007 0.000009 0.000032 -0.700885 0.713275
1741164768.426782 0.670003 0.000149 -0.000007 0.000009 0.000032 -0.700875 0.713284
1741164768.476782 0.670003 0.000149 -0.000007 0.000009 0.000032 -0.700875 0.713284
1741164768.526777 0.670003 -0.000006 -0.000017 -0.000127 -0.000090 -0.694657 0.719341
1741164768.576788 0.670003 -0.000006 -0.000017 -0.000127 -0.000090 -0.694657 0.719341
1741164768.626790 0.670003 0.000041 -0.000007 0.000009 0.000032 -0.694646 0.719351
1741164768.676825 0.670003 0.000041 -0.000007 0.000009 0.000032 -0.694646 0.719351
1741164768.726774 0.670003 0.000086 -0.000011 -0.000068 -0.000035 -0.694636 0.719361
1741164768.776785 0.670003 0.000086 -0.000011 -0.000068 -0.000035 -0.694636 0.719361
1741164768.826774 0.670003 0.000132 -0.000011 -0.000068 -0.000035 -0.694626 0.719371
1741164768.876785 0.670003 0.000132 -0.000011 -0.000068 -0.000035 -0.694626 0.719371
1741164768.926774 0.670003 -0.000003 -0.000011 -0.000069 -0.000036 -0.688352 0.725376
1741164768.976799 0.670003 -0.000003 -0.000011 -0.000069 -0.000036 -0.688352 0.725376
1741164769.026775 0.670003 0.000044 -0.000011 -0.000068 -0.000036 -0.688341 0.725387
1741164769.076791 0.670003 0.000044 -0.000011 -0.000068 -0.000036 -0.688341 0.725387
1741164769.126778 0.670003 0.000089 -0.000011 -0.000068 -0.000036 -0.688331 0.725397
1741164769.176762 0.670003 0.000089 -0.000011 -0.000068 -0.000036 -0.688331 0.725397
1741164769.226776 0.670003 -0.000004 -0.000011 -0.000067 -0.000035 -0.681996 0.731356
1741164769.276789 0.670003 -0.000004 -0.000011 -0.000067 -0.000035 -0.681996 0.731356
1741164769.326788 0.670003 0.000043 -0.000007 0.000008 0.000033 -0.681985 0.731366
1741164769.376784 0.670003 0.000043 -0.000007 0.000008 0.000033 -0.681985 0.731366
1741164769.426785 0.670002 0.000089 -0.000011 -0.000068 -0.000036 -0.681973 0.731377
1741164769.476789 0.670002 0.000089 -0.000011 -0.000068 -0.000036 -0.681973 0.731377
1741164769.526775 0.670002 0.000136 -0.000011 -0.000068 -0.000036 -0.681962 0.731388
1741164769.576785 0.670002 0.000136 -0.000011 -0.000068 -0.000036 -0.681962 0.731388
1741164769.626779 0.670003 0.000000 -0.000008 0.000008 0.000033 -0.675588 0.737280
1741164769.676798 0.670003 0.000000 -0.000008 0.000008 0.000033 -0.675588 0.737280
1741164769.726775 0.670003 0.000046 -0.000011 -0.000068 -0.000037 -0.675575 0.737291
1741164769.776787 0.670003 0.000046 -0.000011 -0.000068 -0.000037 -0.675575 0.737291
1741164769.826778 0.670002 0.000093 -0.000011 -0.000068 -0.000037 -0.675563 0.737302
1741164769.876788 0.670002 0.000093 -0.000011 -0.000068 -0.000037 -0.675563 0.737302
1741164769.926779 0.670003 -0.000004 -0.000008 -0.000052 -0.000029 -0.669129 0.743146
1741164769.976788 0.670003 -0.000004 -0.000008 -0.000052 -0.000029 -0.669129 0.743146
1741164770.026777 0.670002 0.000042 -0.000011 -0.000068 -0.000037 -0.669116 0.743158
1741164770.076787 0.670002 0.000042 -0.000011 -0.000068 -0.000037 -0.669116 0.743158
1741164770.126777 0.670002 0.000089 -0.000011 -0.000068 -0.000038 -0.669103 0.743170
1741164770.176784 0.670002 0.000089 -0.000011 -0.000068 -0.000038 -0.669103 0.743170
1741164770.226775 0.670003 -0.000003 -0.000007 0.000007 0.000032 -0.662617 0.748958
1741164770.276783 0.670003 -0.000003 -0.000007 0.000007 0.000032 -0.662617 0.748958
1741164770.326776 0.670002 0.000042 -0.000011 -0.000068 -0.000038 -0.662603 0.748970
1741164770.376836 0.670002 0.000042 -0.000011 -0.000068 -0.000038 -0.662603 0.748970
1741164770.426779 0.670002 0.000089 -0.000011 -0.000068 -0.000038 -0.662589 0.748983
1741164770.476783 0.670002 0.000089 -0.000011 -0.000068 -0.000038 -0.662589 0.748983
1741164770.526778 0.670003 -0.000003 -0.000008 0.000008 0.000036 -0.656057 0.754712
1741164770.576789 0.670003 -0.000003 -0.000008 0.000008 0.000036 -0.656057 0.754712
1741164770.626775 0.670002 0.000043 -0.000011 -0.000067 -0.000039 -0.656042 0.754725
1741164770.676820 0.670002 0.000043 -0.000011 -0.000067 -0.000039 -0.656042 0.754725
1741164770.726780 0.670002 0.000090 -0.000011 -0.000068 -0.000039 -0.656027 0.754738
1741164770.776785 0.670002 0.000090 -0.000011 -0.000068 -0.000039 -0.656027 0.754738
1741164770.826776 0.670003 -0.000004 -0.000012 -0.000074 -0.000044 -0.649447 0.760407
1741164770.876789 0.670003 -0.000004 -0.000012 -0.000074 -0.000044 -0.649447 0.760407
1741164770.926775 0.670002 0.000042 -0.000011 -0.000067 -0.000039 -0.649431 0.760420
1741164770.976785 0.670002 0.000042 -0.000011 -0.000067 -0.000039 -0.649431 0.760420
1741164771.026775 0.670002 0.000088 -0.000011 -0.000067 -0.000040 -0.649416 0.760434
1741164771.076783 0.670002 0.000088 -0.000011 -0.000067 -0.000040 -0.649416 0.760434
1741164771.126777 0.670003 -0.000003 -0.000008 0.000007 0.000035 -0.642785 0.766047
1741164771.176788 0.670003 -0.000003 -0.000008 0.000007 0.000035 -0.642785 0.766047
1741164771.226775 0.670002 0.000042 -0.000011 -0.000067 -0.000040 -0.642769 0.766060
1741164771.276782 0.670002 0.000042 -0.000011 -0.000067 -0.000040 -0.642769 0.766060
1741164771.326796 0.670002 0.000086 -0.000011 -0.000067 -0.000040 -0.642754 0.766073
1741164771.376732 0.670002 0.000086 -0.000011 -0.000067 -0.000040 -0.642754 0.766073
1741164771.426774 0.670003 -0.000004 -0.000008 -0.000050 -0.000031 -0.636076 0.771626
1741164771.476787 0.670003 -0.000004 -0.000008 -0.000050 -0.000031 -0.636076 0.771626
1741164771.526778 0.670002 0.000039 -0.000008 0.000007 0.000034 -0.636061 0.771639
1741164771.576785 0.670002 0.000039 -0.000008 0.000007 0.000034 -0.636061 0.771639
1741164771.626776 0.670002 0.000083 -0.000011 -0.000067 -0.000041 -0.636045 0.771652
1741164771.676788 0.670002 0.000083 -0.000011 -0.000067 -0.000041 -0.636045 0.771652
1741164771.726778 0.670003 -0.000003 -0.000008 0.000006 0.000033 -0.629318 0.777148
1741164771.776786 0.670003 -0.000003 -0.000008 0.000006 0.000033 -0.629318 0.777148
1741164771.826775 0.670003 0.000040 -0.000008 0.000006 0.000035 -0.629303 0.777160
1741164771.876789 0.670003 0.000040 -0.000008 0.000006 0.000035 -0.629303 0.777160
1741164771.926778 0.670003 0.000083 -0.000008 0.000006 0.000035 -0.629289 0.777172
1741164771.976786 0.670003 0.000083 -0.000008 0.000006 0.000035 -0.629289 0.777172
1741164772.026775 0.670003 0.000126 -0.000008 0.000006 0.000035 -0.629274 0.777184
1741164772.076786 0.670003 0.000126 -0.000008 0.000006 0.000035 -0.629274 0.777184
1741164772.126775 0.670003 -0.000003 -0.000011 -0.000066 -0.000042 -0.622512 0.782610
1741164772.176784 0.670003 -0.000003 -0.000011 -0.000066 -0.000042 -0.622512 0.782610
1741164772.226780 0.670003 0.000040 -0.000008 0.000006 0.000035 -0.622493 0.782626
1741164772.276787 0.670003 0.000040 -0.000008 0.000006 0.000035 -0.622493 0.782626
1741164772.326782 0.670003 0.000081 -0.000011 -0.000066 -0.000042 -0.622473 0.782641
1741164772.376783 0.670003 0.000081 -0.000011 -0.000066 -0.000042 -0.622473 0.782641
1741164772.426778 0.670004 0.000123 -0.000008 0.000006 0.000035 -0.622454 0.782656
1741164772.476786 0.670004 0.000123 -0.000008 0.000006 0.000035 -0.622454 0.782656
1741164772.526775 0.670003 -0.000002 -0.000011 -0.000066 -0.000043 -0.615658 0.788013
1741164772.576792 0.670003 -0.000002 -0.000011 -0.000066 -0.000043 -0.615658 0.788013
1741164772.626776 0.670003 0.000039 -0.000011 -0.000066 -0.000043 -0.615640 0.788028
1741164772.676786 0.670003 0.000039 -0.000011 -0.000066 -0.000043 -0.615640 0.788028
1741164772.726814 0.670004 0.000080 -0.000008 0.000006 0.000035 -0.615621 0.788043
1741164772.776783 0.670004 0.000080 -0.000008 0.000006 0.000035 -0.615621 0.788043
1741164772.826792 0.670003 -0.000004 -0.000010 -0.000061 -0.000040 -0.608759 0.793355
1741164772.876782 0.670003 -0.000004 -0.000010 -0.000061 -0.000040 -0.608759 0.793355
1741164772.926776 0.670003 0.000035 -0.000008 0.000005 0.000035 -0.608741 0.793369
1741164772.976785 0.670003 0.000035 -0.000008 0.000005 0.000035 -0.608741 0.793369
1741164773.026778 0.670004 0.000074 -0.000008 0.000005 0.000035 -0.608723 0.793383
1741164773.076796 0.670004 0.000074 -0.000008 0.000005 0.000035 -0.608723 0.793383
1741164773.126779 0.670004 0.000113 -0.000011 -0.000066 -0.000043 -0.608705 0.793397
1741164773.176785 0.670004 0.000113 -0.000011 -0.000066 -0.000043 -0.608705 0.793397
1741164773.226774 0.670003 -0.000003 -0.000008 0.000005 0.000035 -0.601812 0.798638
1741164773.276786 0.670003 -0.000003 -0.000008 0.000005 0.000035 -0.601812 0.798638
1741164773.326779 0.670003 0.000033 -0.000011 -0.000066 -0.000044 -0.601794 0.798651
1741164773.376790 0.670003 0.000033 -0.000011 -0.000066 -0.000044 -0.601794 0.798651
1741164773.426778 0.670004 0.000071 -0.000011 -0.000066 -0.000044 -0.601776 0.798665
1741164773.476789 0.670004 0.000071 -0.000011 -0.000066 -0.000044 -0.601776 0.798665
1741164773.526779 0.670003 -0.000003 -0.000008 0.000005 0.000034 -0.594820 0.803859
1741164773.576786 0.670003 -0.000003 -0.000008 0.000005 0.000034 -0.594820 0.803859
1741164773.626799 0.670003 0.000033 -0.000008 0.000005 0.000036 -0.594795 0.803877
1741164773.676788 0.670003 0.000033 -0.000008 0.000005 0.000036 -0.594795 0.803877
1741164773.726776 0.670003 0.000068 -0.000011 -0.000066 -0.000045 -0.594763 0.803901
1741164773.776787 0.670003 0.000068 -0.000011 -0.000066 -0.000045 -0.594763 0.803901
1741164773.826781 0.670003 -0.000004 -0.000007 0.000004 0.000030 -0.587783 0.809019
1741164773.876781 0.670003 -0.000004 -0.000007 0.000004 0.000030 -0.587783 0.809019
1741164773.926777 0.670003 0.000030 -0.000011 -0.000065 -0.000045 -0.587747 0.809045
1741164773.976786 0.670003 0.000030 -0.000011 -0.000065 -0.000045 -0.587747 0.809045
1741164774.026780 0.670004 0.000065 -0.000011 -0.000065 -0.000045 -0.587710 0.809072
1741164774.076789 0.670004 0.000065 -0.000011 -0.000065 -0.000045 -0.587710 0.809072
1741164774.126776 0.670003 -0.000004 -0.000011 -0.000063 -0.000045 -0.580700 0.814118
1741164774.176787 0.670003 -0.000004 -0.000011 -0.000063 -0.000045 -0.580700 0.814118
1741164774.226799 0.670004 0.000030 -0.000011 -0.000065 -0.000046 -0.580664 0.814143
1741164774.276793 0.670004 0.000030 -0.000011 -0.000065 -0.000046 -0.580664 0.814143
1741164774.326775 0.670004 0.000066 -0.000011 -0.000065 -0.000046 -0.580628 0.814169
1741164774.376783 0.670004 0.000066 -0.000011 -0.000065 -0.000046 -0.580628 0.814169
1741164774.426779 0.670003 -0.000004 -0.000011 -0.000064 -0.000046 -0.573573 0.819154
1741164774.476785 0.670003 -0.000004 -0.000011 -0.000064 -0.000046 -0.573573 0.819154
1741164774.526776 0.670004 0.000030 -0.000008 0.000004 0.000036 -0.573539 0.819178
1741164774.576787 0.670004 0.000030 -0.000008 0.000004 0.000036 -0.573539 0.819178
1741164774.626776 0.670005 0.000063 -0.000008 0.000004 0.000036 -0.573505 0.819202
1741164774.676796 0.670005 0.000063 -0.000008 0.000004 0.000036 -0.573505 0.819202
1741164774.726778 0.670003 -0.000004 -0.000010 -0.000058 -0.000043 -0.566404 0.824128
1741164774.776786 0.670003 -0.000004 -0.000010 -0.000058 -0.000043 -0.566404 0.824128
1741164774.826777 0.670004 0.000029 -0.000008 0.000004 0.000036 -0.566370 0.824151
1741164774.876763 0.670004 0.000029 -0.000008 0.000004 0.000036 -0.566370 0.824151
1741164774.926779 0.670006 0.000061 -0.000011 -0.000065 -0.000047 -0.566338 0.824173
1741164774.976828 0.670006 0.000061 -0.000011 -0.000065 -0.000047 -0.566338 0.824173
1741164775.026778 0.670003 -0.000004 -0.000010 -0.000058 -0.000043 -0.559191 0.829039
1741164775.076792 0.670003 -0.000004 -0.000010 -0.000058 -0.000043 -0.559191 0.829039
1741164775.126780 0.670005 0.000027 -0.000008 0.000003 0.000036 -0.559160 0.829060
1741164775.176825 0.670005 0.000027 -0.000008 0.000003 0.000036 -0.559160 0.829060
1741164775.226790 0.670007 0.000059 -0.000008 0.000003 0.000036 -0.559128 0.829081
1741164775.276824 0.670007 0.000059 -0.000008 0.000003 0.000036 -0.559128 0.829081
1741164775.326781 0.670003 -0.000005 -0.000008 -0.000048 -0.000036 -0.551936 0.833887
1741164775.376794 0.670003 -0.000005 -0.000008 -0.000048 -0.000036 -0.551936 0.833887
1741164775.426779 0.670005 0.000026 -0.000011 -0.000064 -0.000049 -0.551906 0.833906
1741164775.476787 0.670005 0.000026 -0.000011 -0.000064 -0.000049 -0.551906 0.833906
1741164775.526778 0.670008 0.000057 -0.000011 -0.000064 -0.000049 -0.551876 0.833926
1741164775.576793 0.670008 0.000057 -0.000011 -0.000064 -0.000049 -0.551876 0.833926
1741164775.626782 0.670003 -0.000004 -0.000011 -0.000062 -0.000048 -0.544637 0.838672
1741164775.676780 0.670003 -0.000004 -0.000011 -0.000062 -0.000048 -0.544637 0.838672
1741164775.726774 0.670006 0.000027 -0.000008 0.000003 0.000037 -0.544636 0.838673
1741164775.776791 0.670006 0.000027 -0.000008 0.000003 0.000037 -0.544636 0.838673
1741164775.826780 0.670009 0.000059 -0.000008 0.000003 0.000037 -0.544636 0.838672
1741164775.876789 0.670009 0.000059 -0.000008 0.000003 0.000037 -0.544636 0.838672
1741164775.926785 0.670003 -0.000004 -0.000011 -0.000062 -0.000049 -0.537298 0.843393
1741164775.976792 0.670003 -0.000004 -0.000011 -0.000062 -0.000049 -0.537298 0.843393
1741164776.026779 0.670007 0.000028 -0.000011 -0.000063 -0.000050 -0.537302 0.843390
1741164776.076789 0.670007 0.000028 -0.000011 -0.000063 -0.000050 -0.537302 0.843390
1741164776.126780 0.670012 0.000061 -0.000008 0.000003 0.000036 -0.537304 0.843388
1741164776.176784 0.670012 0.000061 -0.000008 0.000003 0.000036 -0.537304 0.843388
1741164776.226783 0.670003 -0.000005 -0.000007 0.000002 0.000030 -0.529917 0.848049
1741164776.276792 0.670003 -0.000005 -0.000007 0.000002 0.000030 -0.529917 0.848049
1741164776.326774 0.670007 0.000027 -0.000008 0.000003 0.000036 -0.529914 0.848051
1741164776.376796 0.670007 0.000027 -0.000008 0.000003 0.000036 -0.529914 0.848051
1741164776.426789 0.670012 0.000060 -0.000011 -0.000063 -0.000050 -0.529912 0.848053
1741164776.476780 0.670012 0.000060 -0.000011 -0.000063 -0.000050 -0.529912 0.848053
1741164776.526776 0.670017 0.000092 -0.000011 -0.000063 -0.000051 -0.529910 0.848054
1741164776.576783 0.670017 0.000092 -0.000011 -0.000063 -0.000051 -0.529910 0.848054
1741164776.626781 0.670003 -0.000004 -0.000011 -0.000061 -0.000050 -0.522497 0.852641
1741164776.676793 0.670003 -0.000004 -0.000011 -0.000061 -0.000050 -0.522497 0.852641
1741164776.726788 0.670008 0.000027 -0.000011 -0.000063 -0.000051 -0.522496 0.852642
1741164776.776792 0.670008 0.000027 -0.000011 -0.000063 -0.000051 -0.522496 0.852642
1741164776.826788 0.670013 0.000060 -0.000008 0.000003 0.000037 -0.522496 0.852642
1741164776.876782 0.670013 0.000060 -0.000008 0.000003 0.000037 -0.522496 0.852642
1741164776.926776 0.670003 -0.000005 -0.000007 0.000001 0.000030 -0.515036 0.857169
1741164776.976784 0.670003 -0.000005 -0.000007 0.000001 0.000030 -0.515036 0.857169
1741164777.026779 0.670009 0.000026 -0.000008 0.000002 0.000037 -0.515038 0.857167
1741164777.076796 0.670009 0.000026 -0.000008 0.000002 0.000037 -0.515038 0.857167
1741164777.126798 0.670014 0.000057 -0.000011 -0.000063 -0.000052 -0.515040 0.857166
1741164777.176795 0.670014 0.000057 -0.000011 -0.000063 -0.000052 -0.515040 0.857166
1741164777.226800 0.670003 -0.000005 -0.000005 0.000000 0.000024 -0.507537 0.861630
1741164777.276800 0.670003 -0.000005 -0.000005 0.000000 0.000024 -0.507537 0.861630
1741164777.326776 0.670009 0.000025 -0.000011 -0.000063 -0.000053 -0.507587 0.861600
1741164777.376782 0.670009 0.000025 -0.000011 -0.000063 -0.000053 -0.507587 0.861600
1741164777.426789 0.670015 0.000055 -0.000008 0.000002 0.000037 -0.507640 0.861569
1741164777.476784 0.670015 0.000055 -0.000008 0.000002 0.000037 -0.507640 0.861569
1741164777.526778 0.670003 -0.000004 -0.000008 0.000002 0.000034 -0.499998 0.866027
1741164777.576782 0.670003 -0.000004 -0.000008 0.000002 0.000034 -0.499998 0.866027
1741164777.626773 0.670009 0.000023 -0.000011 -0.000062 -0.000053 -0.500053 0.865995
1741164777.676785 0.670009 0.000023 -0.000011 -0.000062 -0.000053 -0.500053 0.865995
1741164777.726779 0.670016 0.000052 -0.000012 -0.000062 -0.000053 -0.500108 0.865963
1741164777.776782 0.670016 0.000052 -0.000012 -0.000062 -0.000053 -0.500108 0.865963
1741164777.826777 0.670003 -0.000005 -0.000010 -0.000056 -0.000049 -0.492422 0.870357
1741164777.876781 0.670003 -0.000005 -0.000010 -0.000056 -0.000049 -0.492422 0.870357
1741164777.926778 0.670009 0.000022 -0.000012 -0.000062 -0.000054 -0.492478 0.870325
1741164777.976779 0.670009 0.000022 -0.000012 -0.000062 -0.000054 -0.492478 0.870325
1741164778.026775 0.670016 0.000048 -0.000009 0.000002 0.000037 -0.492534 0.870293
1741164778.076788 0.670016 0.000048 -0.000009 0.000002 0.000037 -0.492534 0.870293
1741164778.126776 0.670003 -0.000004 -0.000008 0.000001 0.000035 -0.484808 0.874621
1741164778.176785 0.670003 -0.000004 -0.000008 0.000001 0.000035 -0.484808 0.874621
1741164778.226775 0.670009 0.000021 -0.000009 0.000001 0.000037 -0.484866 0.874588
1741164778.276788 0.670009 0.000021 -0.000009 0.000001 0.000037 -0.484866 0.874588
1741164778.326786 0.670016 0.000047 -0.000012 -0.000062 -0.000055 -0.484924 0.874556
1741164778.376789 0.670016 0.000047 -0.000012 -0.000062 -0.000055 -0.484924 0.874556
1741164778.426776 0.670003 -0.000005 -0.000008 0.000001 0.000035 -0.477157 0.878818
1741164778.476783 0.670003 -0.000005 -0.000008 0.000001 0.000035 -0.477157 0.878818
1741164778.526778 0.670009 0.000021 -0.000009 0.000001 0.000037 -0.477217 0.878786
1741164778.576787 0.670009 0.000021 -0.000009 0.000001 0.000037 -0.477217 0.878786
1741164778.626772 0.670015 0.000047 -0.000009 0.000001 0.000037 -0.477276 0.878754
1741164778.676786 0.670015 0.000047 -0.000009 0.000001 0.000037 -0.477276 0.878754
1741164778.726779 0.670003 -0.000005 -0.000007 -0.000000 0.000031 -0.469470 0.882948
1741164778.776789 0.670003 -0.000005 -0.000007 -0.000000 0.000031 -0.469470 0.882948
1741164778.826777 0.670008 0.000021 -0.000009 0.000001 0.000037 -0.469545 0.882909
1741164778.876781 0.670008 0.000021 -0.000009 0.000001 0.000037 -0.469545 0.882909
1741164778.926777 0.670013 0.000047 -0.000009 0.000001 0.000037 -0.469621 0.882868
1741164778.976782 0.670013 0.000047 -0.000009 0.000001 0.000037 -0.469621 0.882868
1741164779.026777 0.670003 -0.000005 -0.000010 -0.000054 -0.000051 -0.461747 0.887012
1741164779.076784 0.670003 -0.000005 -0.000010 -0.000054 -0.000051 -0.461747 0.887012
1741164779.126776 0.670007 0.000022 -0.000009 0.000000 0.000038 -0.461822 0.886973
1741164779.176787 0.670007 0.000022 -0.000009 0.000000 0.000038 -0.461822 0.886973
1741164779.226773 0.670011 0.000047 -0.000012 -0.000061 -0.000057 -0.461896 0.886934
1741164779.276783 0.670011 0.000047 -0.000012 -0.000061 -0.000057 -0.461896 0.886934
1741164779.326775 0.670003 -0.000005 -0.000010 -0.000054 -0.000051 -0.453989 0.891007
1741164779.376790 0.670003 -0.000005 -0.000010 -0.000054 -0.000051 -0.453989 0.891007
1741164779.426779 0.670006 0.000020 -0.000012 -0.000061 -0.000058 -0.454062 0.890970
1741164779.476789 0.670006 0.000020 -0.000012 -0.000061 -0.000058 -0.454062 0.890970
1741164779.526779 0.670009 0.000047 -0.000009 -0.000002 0.000038 -0.454138 0.890931
1741164779.576782 0.670009 0.000047 -0.000009 -0.000002 0.000038 -0.454138 0.890931
1741164779.626776 0.670003 -0.000005 -0.000007 -0.000001 0.000030 -0.446196 0.894935
1741164779.676787 0.670003 -0.000005 -0.000007 -0.000001 0.000030 -0.446196 0.894935
1741164779.726776 0.670005 0.000020 -0.000012 -0.000060 -0.000058 -0.446267 0.894900
1741164779.776789 0.670005 0.000020 -0.000012 -0.000060 -0.000058 -0.446267 0.894900
1741164779.826782 0.670008 0.000045 -0.000009 -0.000000 0.000038 -0.446332 0.894868
1741164779.876788 0.670008 0.000045 -0.000009 -0.000000 0.000038 -0.446332 0.894868
1741164779.926775 0.670003 -0.000005 -0.000008 -0.000043 -0.000042 -0.438370 0.898795
1741164779.976787 0.670003 -0.000005 -0.000008 -0.000043 -0.000042 -0.438370 0.898795
1741164780.026781 0.670005 0.000018 -0.000012 -0.000060 -0.000059 -0.438438 0.898762
1741164780.076801 0.670005 0.000018 -0.000012 -0.000060 -0.000059 -0.438438 0.898762
1741164780.126776 0.670007 0.000041 -0.000012 -0.000060 -0.000059 -0.438507 0.898728
1741164780.176780 0.670007 0.000041 -0.000012 -0.000060 -0.000059 -0.438507 0.898728
1741164780.226777 0.670003 -0.000005 -0.000007 -0.000000 0.000030 -0.430509 0.902586
1741164780.276806 0.670003 -0.000005 -0.000007 -0.000000 0.000030 -0.430509 0.902586
1741164780.326777 0.670005 0.000015 -0.000012 -0.000060 -0.000060 -0.430585 0.902550
1741164780.376788 0.670005 0.000015 -0.000012 -0.000060 -0.000060 -0.430585 0.902550
1741164780.426782 0.670007 0.000037 -0.000009 -0.000001 0.000038 -0.430664 0.902512
1741164780.476797 0.670007 0.000037 -0.000009 -0.000001 0.000038 -0.430664 0.902512
1741164780.526777 0.670003 -0.000005 -0.000008 -0.000001 0.000035 -0.422617 0.906308
1741164780.576788 0.670003 -0.000005 -0.000008 -0.000001 0.000035 -0.422617 0.906308
1741164780.626780 0.670005 0.000013 -0.000012 -0.000058 -0.000060 -0.422697 0.906271
1741164780.676790 0.670005 0.000013 -0.000012 -0.000058 -0.000060 -0.422697 0.906271
1741164780.726776 0.670007 0.000031 -0.000009 -0.000003 0.000038 -0.422775 0.906235
1741164780.776787 0.670007 0.000031 -0.000009 -0.000003 0.000038 -0.422775 0.906235
1741164780.826775 0.670003 -0.000005 -0.000008 -0.000001 0.000035 -0.414692 0.909962
1741164780.876822 0.670003 -0.000005 -0.000008 -0.000001 0.000035 -0.414692 0.909962
1741164780.926777 0.670004 0.000010 -0.000009 -0.000001 0.000037 -0.414753 0.909934
1741164780.976793 0.670004 0.000010 -0.000009 -0.000001 0.000037 -0.414753 0.909934
1741164781.026775 0.670006 0.000024 -0.000012 -0.000055 -0.000059 -0.414814 0.909906
1741164781.076791 0.670006 0.000024 -0.000012 -0.000055 -0.000059 -0.414814 0.909906
1741164781.126779 0.670007 0.000037 -0.000008 -0.000001 0.000036 -0.414872 0.909880
1741164781.176791 0.670007 0.000037 -0.000008 -0.000001 0.000036 -0.414872 0.909880
1741164781.226775 0.670003 -0.000005 -0.000011 -0.000051 -0.000058 -0.406736 0.913546
1741164781.276830 0.670003 -0.000005 -0.000011 -0.000051 -0.000058 -0.406736 0.913546
1741164781.326861 0.670004 0.000005 -0.000008 -0.000001 0.000036 -0.406741 0.913543
1741164781.376787 0.670004 0.000005 -0.000008 -0.000001 0.000036 -0.406741 0.913543
1741164781.426776 0.670004 0.000014 -0.000011 -0.000051 -0.000057 -0.406744 0.913542
1741164781.476790 0.670004 0.000014 -0.000011 -0.000051 -0.000057 -0.406744 0.913542
1741164781.526778 0.670003 -0.000005 -0.000008 -0.000040 -0.000043 -0.398748 0.917061
1741164781.576787 0.670003 -0.000005 -0.000008 -0.000040 -0.000043 -0.398748 0.917061
1741164781.626774 0.670002 0.000004 -0.000011 -0.000050 -0.000058 -0.398757 0.917057
1741164781.676824 0.670002 0.000004 -0.000011 -0.000050 -0.000058 -0.398757 0.917057
1741164781.726779 0.670002 0.000012 -0.000009 -0.000002 0.000037 -0.398758 0.917056
1741164781.776787 0.670002 0.000012 -0.000009 -0.000002 0.000037 -0.398758 0.917056
1741164781.826788 0.670003 -0.000005 -0.000010 -0.000047 -0.000054 -0.390730 0.920505
1741164781.876788 0.670003 -0.000005 -0.000010 -0.000047 -0.000054 -0.390730 0.920505
1741164781.926783 0.670001 0.000016 -0.000009 -0.000007 0.000041 -0.390823 0.920466
1741164781.976783 0.670001 0.000016 -0.000009 -0.000007 0.000041 -0.390823 0.920466
1741164782.026777 0.669998 0.000038 -0.000009 -0.000007 0.000041 -0.390922 0.920424
1741164782.076790 0.669998 0.000038 -0.000009 -0.000007 0.000041 -0.390922 0.920424
1741164782.126802 0.670003 -0.000004 -0.000009 -0.000009 0.000044 -0.382688 0.923878
1741164782.176820 0.670003 -0.000004 -0.000009 -0.000009 0.000044 -0.382688 0.923878
1741164782.226776 0.670000 0.000018 -0.000009 -0.000008 0.000041 -0.382786 0.923837
1741164782.276788 0.670000 0.000018 -0.000009 -0.000008 0.000041 -0.382786 0.923837
1741164782.326787 0.669997 0.000040 -0.000013 -0.000074 -0.000076 -0.382885 0.923796
1741164782.376798 0.669997 0.000040 -0.000013 -0.000074 -0.000076 -0.382885 0.923796
1741164782.426775 0.670003 -0.000004 -0.000014 -0.000077 -0.000081 -0.374612 0.927182
1741164782.476786 0.670003 -0.000004 -0.000014 -0.000077 -0.000081 -0.374612 0.927182
1741164782.526775 0.669999 0.000018 -0.000009 -0.000008 0.000041 -0.374712 0.927141
1741164782.576974 0.669999 0.000018 -0.000009 -0.000008 0.000041 -0.374712 0.927141
1741164782.626780 0.669995 0.000037 -0.000013 -0.000074 -0.000077 -0.374808 0.927102
1741164782.676731 0.669995 0.000037 -0.000013 -0.000074 -0.000077 -0.374808 0.927102
1741164782.726780 0.670003 -0.000004 -0.000014 -0.000082 -0.000087 -0.366504 0.930416
1741164782.776796 0.670003 -0.000004 -0.000014 -0.000082 -0.000087 -0.366504 0.930416
1741164782.826777 0.669998 0.000015 -0.000013 -0.000073 -0.000078 -0.366605 0.930377
1741164782.876782 0.669998 0.000015 -0.000013 -0.000073 -0.000078 -0.366605 0.930377
1741164782.926775 0.669994 0.000034 -0.000013 -0.000073 -0.000078 -0.366705 0.930337
1741164782.976786 0.669994 0.000034 -0.000013 -0.000073 -0.000078 -0.366705 0.930337
1741164783.026782 0.669990 0.000053 -0.000013 -0.000074 -0.000078 -0.366805 0.930298
1741164783.076787 0.669990 0.000053 -0.000013 -0.000074 -0.000078 -0.366805 0.930298
1741164783.126776 0.670003 -0.000004 -0.000015 -0.000082 -0.000089 -0.358371 0.933579
1741164783.176787 0.670003 -0.000004 -0.000015 -0.000082 -0.000089 -0.358371 0.933579
1741164783.226780 0.669998 0.000015 -0.000009 -0.000009 0.000041 -0.358477 0.933538
1741164783.276785 0.669998 0.000015 -0.000009 -0.000009 0.000041 -0.358477 0.933538
1741164783.326777 0.669993 0.000031 -0.000013 -0.000074 -0.000080 -0.358579 0.933499
1741164783.376783 0.669993 0.000031 -0.000013 -0.000074 -0.000080 -0.358579 0.933499
1741164783.426777 0.670003 -0.000005 -0.000008 -0.000034 -0.000044 -0.350206 0.936673
1741164783.476791 0.670003 -0.000005 -0.000008 -0.000034 -0.000044 -0.350206 0.936673
1741164783.526777 0.669998 0.000011 -0.000013 -0.000073 -0.000080 -0.350311 0.936634
1741164783.576785 0.669998 0.000011 -0.000013 -0.000073 -0.000080 -0.350311 0.936634
1741164783.626776 0.669993 0.000029 -0.000009 -0.000009 0.000041 -0.350418 0.936593
1741164783.676794 0.669993 0.000029 -0.000009 -0.000009 0.000041 -0.350418 0.936593
1741164783.726739 0.669987 0.000046 -0.000013 -0.000074 -0.000081 -0.350525 0.936553
1741164783.776784 0.669987 0.000046 -0.000013 -0.000074 -0.000081 -0.350525 0.936553
1741164783.826774 0.670003 -0.000005 -0.000010 -0.000057 -0.000064 -0.342019 0.939693
1741164783.876792 0.670003 -0.000005 -0.000010 -0.000057 -0.000064 -0.342019 0.939693
1741164783.926780 0.669997 0.000012 -0.000013 -0.000073 -0.000082 -0.342129 0.939653
1741164783.976788 0.669997 0.000012 -0.000013 -0.000073 -0.000082 -0.342129 0.939653
1741164784.026773 0.669992 0.000030 -0.000009 -0.000009 0.000041 -0.342236 0.939614
1741164784.076784 0.669992 0.000030 -0.000009 -0.000009 0.000041 -0.342236 0.939614
1741164784.126777 0.670003 -0.000005 -0.000015 -0.000085 -0.000096 -0.333808 0.942641
1741164784.176783 0.670003 -0.000005 -0.000015 -0.000085 -0.000096 -0.333808 0.942641
1741164784.226777 0.669997 0.000014 -0.000013 -0.000073 -0.000083 -0.333917 0.942603
1741164784.276785 0.669997 0.000014 -0.000013 -0.000073 -0.000083 -0.333917 0.942603
1741164784.326745 0.669992 0.000032 -0.000009 -0.000010 0.000041 -0.334023 0.942565
1741164784.376787 0.669992 0.000032 -0.000009 -0.000010 0.000041 -0.334023 0.942565
1741164784.426776 0.670003 -0.000005 -0.000009 -0.000047 -0.000054 -0.325567 0.945519
1741164784.476786 0.670003 -0.000005 -0.000009 -0.000047 -0.000054 -0.325567 0.945519
1741164784.526777 0.669999 0.000012 -0.000013 -0.000073 -0.000084 -0.325664 0.945486
1741164784.576794 0.669999 0.000012 -0.000013 -0.000073 -0.000084 -0.325664 0.945486
1741164784.626777 0.669995 0.000030 -0.000013 -0.000074 -0.000085 -0.325762 0.945452
1741164784.676788 0.669995 0.000030 -0.000013 -0.000074 -0.000085 -0.325762 0.945452
1741164784.726779 0.670003 -0.000004 -0.000014 -0.000075 -0.000088 -0.317307 0.948323
1741164784.776790 0.670003 -0.000004 -0.000014 -0.000075 -0.000088 -0.317307 0.948323
1741164784.826776 0.670000 0.000014 -0.000013 -0.000073 -0.000086 -0.317392 0.948295
1741164784.876789 0.670000 0.000014 -0.000013 -0.000073 -0.000086 -0.317392 0.948295
1741164784.926795 0.669997 0.000032 -0.000013 -0.000074 -0.000086 -0.317479 0.948265
1741164784.976802 0.669997 0.000032 -0.000013 -0.000074 -0.000086 -0.317479 0.948265
1741164785.026778 0.670003 -0.000005 -0.000012 -0.000064 -0.000076 -0.309017 0.951057
1741164785.076788 0.670003 -0.000005 -0.000012 -0.000064 -0.000076 -0.309017 0.951057
1741164785.126776 0.670001 0.000012 -0.000013 -0.000073 -0.000087 -0.309092 0.951032
1741164785.176786 0.670001 0.000012 -0.000013 -0.000073 -0.000087 -0.309092 0.951032
1741164785.226780 0.670000 0.000029 -0.000009 -0.000011 0.000041 -0.309168 0.951007
1741164785.276786 0.670000 0.000029 -0.000009 -0.000011 0.000041 -0.309168 0.951007
1741164785.326774 0.670003 -0.000004 -0.000012 -0.000011 0.000048 -0.300706 0.953717
1741164785.376787 0.670003 -0.000004 -0.000012 -0.000011 0.000048 -0.300706 0.953717
1741164785.426781 0.670002 0.000012 -0.000009 -0.000011 0.000041 -0.300777 0.953694
1741164785.476786 0.670002 0.000012 -0.000009 -0.000011 0.000041 -0.300777 0.953694
1741164785.526775 0.670001 0.000026 -0.000014 -0.000074 -0.000089 -0.300845 0.953673
1741164785.576784 0.670001 0.000026 -0.000014 -0.000074 -0.000089 -0.300845 0.953673
1741164785.626774 0.670003 -0.000004 -0.000011 -0.000061 -0.000075 -0.292374 0.956304
1741164785.676785 0.670003 -0.000004 -0.000011 -0.000061 -0.000075 -0.292374 0.956304
1741164785.726773 0.670003 0.000010 -0.000009 -0.000011 0.000041 -0.292439 0.956284
1741164785.776782 0.670003 0.000010 -0.000009 -0.000011 0.000041 -0.292439 0.956284
1741164785.826775 0.670002 0.000024 -0.000009 -0.000011 0.000041 -0.292504 0.956264
1741164785.876791 0.670002 0.000024 -0.000009 -0.000011 0.000041 -0.292504 0.956264
1741164785.926776 0.670003 -0.000004 -0.000006 -0.000012 0.000033 -0.284017 0.958819
1741164785.976787 0.670003 -0.000004 -0.000006 -0.000012 0.000033 -0.284017 0.958819
1741164786.026775 0.670003 0.000009 -0.000009 -0.000012 0.000041 -0.284079 0.958801
1741164786.076790 0.670003 0.000009 -0.000009 -0.000012 0.000041 -0.284079 0.958801
1741164786.126777 0.670003 0.000021 -0.000014 -0.000074 -0.000092 -0.284142 0.958782
1741164786.176820 0.670003 0.000021 -0.000014 -0.000074 -0.000092 -0.284142 0.958782
1741164786.226776 0.670003 -0.000004 -0.000011 -0.000060 -0.000077 -0.275639 0.961261
1741164786.276788 0.670003 -0.000004 -0.000011 -0.000060 -0.000077 -0.275639 0.961261
1741164786.326777 0.670003 0.000007 -0.000014 -0.000073 -0.000093 -0.275699 0.961244
1741164786.376792 0.670003 0.000007 -0.000014 -0.000073 -0.000093 -0.275699 0.961244
1741164786.426775 0.670003 0.000018 -0.000009 -0.000012 0.000041 -0.275758 0.961227
1741164786.476787 0.670003 0.000018 -0.000009 -0.000012 0.000041 -0.275758 0.961227
1741164786.526777 0.670002 0.000029 -0.000009 -0.000012 0.000041 -0.275819 0.961210
1741164786.576792 0.670002 0.000029 -0.000009 -0.000012 0.000041 -0.275819 0.961210
1741164786.626776 0.670003 -0.000004 -0.000014 -0.000071 -0.000092 -0.267241 0.963630
1741164786.676790 0.670003 -0.000004 -0.000014 -0.000071 -0.000092 -0.267241 0.963630
1741164786.726775 0.670003 0.000006 -0.000014 -0.000073 -0.000094 -0.267300 0.963613
1741164786.776788 0.670003 0.000006 -0.000014 -0.000073 -0.000094 -0.267300 0.963613
1741164786.826775 0.670003 0.000016 -0.000014 -0.000073 -0.000095 -0.267358 0.963597
1741164786.876789 0.670003 0.000016 -0.000014 -0.000073 -0.000095 -0.267358 0.963597
1741164786.926777 0.670003 -0.000005 -0.000008 -0.000005 0.000033 -0.258818 0.965926
1741164786.976793 0.670003 -0.000005 -0.000008 -0.000005 0.000033 -0.258818 0.965926
1741164787.026777 0.670003 0.000004 -0.000014 -0.000073 -0.000096 -0.258875 0.965911
1741164787.076787 0.670003 0.000004 -0.000014 -0.000073 -0.000096 -0.258875 0.965911
1741164787.126775 0.670002 0.000013 -0.000014 -0.000073 -0.000096 -0.258932 0.965895
1741164787.176791 0.670002 0.000013 -0.000014 -0.000073 -0.000096 -0.258932 0.965895
1741164787.226777 0.670003 -0.000005 -0.000009 -0.000045 -0.000061 -0.250379 0.968148
1741164787.276784 0.670003 -0.000005 -0.000009 -0.000045 -0.000061 -0.250379 0.968148
1741164787.326774 0.670003 0.000004 -0.000010 -0.000013 0.000041 -0.250435 0.968134
1741164787.376788 0.670003 0.000004 -0.000010 -0.000013 0.000041 -0.250435 0.968134
1741164787.426775 0.670003 0.000013 -0.000010 -0.000013 0.000041 -0.250493 0.968118
1741164787.476787 0.670003 0.000013 -0.000010 -0.000013 0.000041 -0.250493 0.968118
1741164787.526777 0.670003 -0.000005 -0.000012 -0.000063 -0.000085 -0.241921 0.970296
1741164787.576785 0.670003 -0.000005 -0.000012 -0.000063 -0.000085 -0.241921 0.970296
1741164787.626775 0.670002 0.000004 -0.000010 -0.000013 0.000041 -0.241979 0.970281
1741164787.676783 0.670002 0.000004 -0.000010 -0.000013 0.000041 -0.241979 0.970281
1741164787.726775 0.670002 0.000012 -0.000010 -0.000013 0.000041 -0.242039 0.970266
1741164787.776785 0.670002 0.000012 -0.000010 -0.000013 0.000041 -0.242039 0.970266
1741164787.826777 0.670003 -0.000005 -0.000014 -0.000069 -0.000095 -0.233446 0.972370
1741164787.876796 0.670003 -0.000005 -0.000014 -0.000069 -0.000095 -0.233446 0.972370
1741164787.926776 0.670002 0.000003 -0.000014 -0.000073 -0.000101 -0.233507 0.972355
1741164787.976798 0.670002 0.000003 -0.000014 -0.000073 -0.000101 -0.233507 0.972355
1741164788.026775 0.670000 0.000011 -0.000014 -0.000073 -0.000101 -0.233566 0.972341
1741164788.076789 0.670000 0.000011 -0.000014 -0.000073 -0.000101 -0.233566 0.972341
1741164788.126776 0.670003 -0.000005 -0.000009 -0.000045 -0.000063 -0.224950 0.974370
1741164788.176787 0.670003 -0.000005 -0.000009 -0.000045 -0.000063 -0.224950 0.974370
1741164788.226776 0.670000 0.000003 -0.000014 -0.000072 -0.000102 -0.225014 0.974356
1741164788.276794 0.670000 0.000003 -0.000014 -0.000072 -0.000102 -0.225014 0.974356
1741164788.326775 0.669997 0.000011 -0.000015 -0.000073 -0.000103 -0.225079 0.974341
1741164788.376788 0.669997 0.000011 -0.000015 -0.000073 -0.000103 -0.225079 0.974341
1741164788.426778 0.670003 -0.000004 -0.000012 -0.000059 -0.000085 -0.216442 0.976296
1741164788.476791 0.670003 -0.000004 -0.000012 -0.000059 -0.000085 -0.216442 0.976296
1741164788.526778 0.669998 0.000004 -0.000015 -0.000072 -0.000104 -0.216512 0.976280
1741164788.576792 0.669998 0.000004 -0.000015 -0.000072 -0.000104 -0.216512 0.976280
1741164788.626776 0.669993 0.000013 -0.000010 -0.000014 0.000041 -0.216583 0.976264
1741164788.676791 0.669993 0.000013 -0.000010 -0.000014 0.000041 -0.216583 0.976264
1741164788.726781 0.670003 -0.000004 -0.000009 -0.000012 0.000038 -0.207915 0.978147
1741164788.776796 0.670003 -0.000004 -0.000009 -0.000012 0.000038 -0.207915 0.978147
1741164788.826779 0.669996 0.000005 -0.000010 -0.000014 0.000041 -0.207991 0.978131
1741164788.876794 0.669996 0.000005 -0.000010 -0.000014 0.000041 -0.207991 0.978131
1741164788.926778 0.669988 0.000013 -0.000015 -0.000072 -0.000106 -0.208065 0.978115
1741164788.976786 0.669988 0.000013 -0.000015 -0.000072 -0.000106 -0.208065 0.978115
1741164789.026777 0.670003 -0.000005 -0.000009 -0.000007 0.000035 -0.199367 0.979925
1741164789.076790 0.670003 -0.000005 -0.000009 -0.000007 0.000035 -0.199367 0.979925
1741164789.126778 0.669993 0.000003 -0.000015 -0.000072 -0.000107 -0.199446 0.979909
1741164789.176785 0.669993 0.000003 -0.000015 -0.000072 -0.000107 -0.199446 0.979909
1741164789.226780 0.669983 0.000012 -0.000010 -0.000015 0.000042 -0.199529 0.979892
1741164789.276790 0.669983 0.000012 -0.000010 -0.000015 0.000042 -0.199529 0.979892
1741164789.326788 0.670002 -0.000005 -0.000010 -0.000014 0.000039 -0.190810 0.981627
1741164789.376786 0.670002 -0.000005 -0.000010 -0.000014 0.000039 -0.190810 0.981627
1741164789.426775 0.669991 0.000004 -0.000015 -0.000072 -0.000109 -0.190894 0.981611
1741164789.476785 0.669991 0.000004 -0.000015 -0.000072 -0.000109 -0.190894 0.981611
1741164789.526777 0.669979 0.000013 -0.000015 -0.000072 -0.000109 -0.190981 0.981594
1741164789.576787 0.669979 0.000013 -0.000015 -0.000072 -0.000109 -0.190981 0.981594
1741164789.626773 0.670003 -0.000005 -0.000013 -0.000064 -0.000098 -0.182235 0.983255
1741164789.676794 0.670003 -0.000005 -0.000013 -0.000064 -0.000098 -0.182235 0.983255
1741164789.726774 0.669989 0.000004 -0.000015 -0.000071 -0.000110 -0.182324 0.983238
1741164789.776789 0.669989 0.000004 -0.000015 -0.000071 -0.000110 -0.182324 0.983238
1741164789.826775 0.669975 0.000014 -0.000010 -0.000015 0.000042 -0.182416 0.983222
1741164789.876785 0.669975 0.000014 -0.000010 -0.000015 0.000042 -0.182416 0.983222
1741164789.926775 0.669962 0.000022 -0.000015 -0.000072 -0.000111 -0.182504 0.983205
1741164789.976793 0.669962 0.000022 -0.000015 -0.000072 -0.000111 -0.182504 0.983205
1741164790.026776 0.670003 -0.000004 -0.000013 -0.000062 -0.000099 -0.173651 0.984807
1741164790.076786 0.670003 -0.000004 -0.000013 -0.000062 -0.000099 -0.173651 0.984807
1741164790.126776 0.669987 0.000006 -0.000010 -0.000015 0.000042 -0.173746 0.984791
1741164790.176826 0.669987 0.000006 -0.000010 -0.000015 0.000042 -0.173746 0.984791
1741164790.226777 0.669973 0.000015 -0.000015 -0.000071 -0.000112 -0.173837 0.984774
1741164790.276783 0.669973 0.000015 -0.000015 -0.000071 -0.000112 -0.173837 0.984774
1741164790.326778 0.669957 0.000024 -0.000010 -0.000015 0.000042 -0.173931 0.984758
1741164790.376786 0.669957 0.000024 -0.000010 -0.000015 0.000042 -0.173931 0.984758
1741164790.426776 0.670003 -0.000004 -0.000014 -0.000062 -0.000101 -0.165051 0.986285
1741164790.476786 0.670003 -0.000004 -0.000014 -0.000062 -0.000101 -0.165051 0.986285
1741164790.526776 0.669987 0.000006 -0.000015 -0.000071 -0.000113 -0.165146 0.986269
1741164790.576785 0.669987 0.000006 -0.000015 -0.000071 -0.000113 -0.165146 0.986269
1741164790.626776 0.669970 0.000015 -0.000015 -0.000071 -0.000114 -0.165241 0.986253
1741164790.676789 0.669970 0.000015 -0.000015 -0.000071 -0.000114 -0.165241 0.986253
1741164790.726780 0.670003 -0.000005 -0.000014 -0.000062 -0.000102 -0.156434 0.987688
1741164790.776787 0.670003 -0.000005 -0.000014 -0.000062 -0.000102 -0.156434 0.987688
1741164790.826780 0.669985 0.000005 -0.000011 -0.000016 0.000042 -0.156530 0.987673
1741164790.876793 0.669985 0.000005 -0.000011 -0.000016 0.000042 -0.156530 0.987673
1741164790.926774 0.669969 0.000014 -0.000015 -0.000070 -0.000115 -0.156626 0.987658
1741164790.976738 0.669969 0.000014 -0.000015 -0.000070 -0.000115 -0.156626 0.987658
1741164791.026774 0.670003 -0.000005 -0.000011 -0.000047 -0.000079 -0.147809 0.989016
1741164791.076789 0.670003 -0.000005 -0.000011 -0.000047 -0.000079 -0.147809 0.989016
1741164791.126775 0.669985 0.000005 -0.000011 -0.000016 0.000042 -0.147906 0.989001
1741164791.176784 0.669985 0.000005 -0.000011 -0.000016 0.000042 -0.147906 0.989001
1741164791.226784 0.669967 0.000014 -0.000016 -0.000070 -0.000117 -0.148005 0.988987
1741164791.276789 0.669967 0.000014 -0.000016 -0.000070 -0.000117 -0.148005 0.988987
1741164791.326787 0.670003 -0.000004 -0.000013 -0.000056 -0.000097 -0.139175 0.990268
1741164791.376786 0.670003 -0.000004 -0.000013 -0.000056 -0.000097 -0.139175 0.990268
1741164791.426787 0.669984 0.000006 -0.000016 -0.000069 -0.000118 -0.139273 0.990254
1741164791.476796 0.669984 0.000006 -0.000016 -0.000069 -0.000118 -0.139273 0.990254
1741164791.526787 0.669966 0.000015 -0.000011 -0.000016 0.000042 -0.139371 0.990240
1741164791.576793 0.669966 0.000015 -0.000011 -0.000016 0.000042 -0.139371 0.990240
1741164791.626786 0.669947 0.000025 -0.000011 -0.000016 0.000043 -0.139472 0.990226
1741164791.676787 0.669947 0.000025 -0.000011 -0.000016 0.000043 -0.139472 0.990226
1741164791.726802 0.670002 -0.000004 -0.000010 -0.000013 0.000038 -0.130530 0.991444
1741164791.776814 0.670002 -0.000004 -0.000010 -0.000013 0.000038 -0.130530 0.991444
1741164791.826764 0.669984 0.000006 -0.000016 -0.000069 -0.000120 -0.130628 0.991431
1741164791.876787 0.669984 0.000006 -0.000016 -0.000069 -0.000120 -0.130628 0.991431
1741164791.926780 0.669965 0.000015 -0.000016 -0.000069 -0.000120 -0.130726 0.991419
1741164791.976786 0.669965 0.000015 -0.000016 -0.000069 -0.000120 -0.130726 0.991419
1741164792.026778 0.670002 -0.000004 -0.000010 -0.000010 0.000038 -0.121873 0.992546
1741164792.076783 0.670002 -0.000004 -0.000010 -0.000010 0.000038 -0.121873 0.992546
1741164792.126775 0.669984 0.000006 -0.000011 -0.000016 0.000043 -0.121968 0.992534
1741164792.176781 0.669984 0.000006 -0.000011 -0.000016 0.000043 -0.121968 0.992534
1741164792.226776 0.669964 0.000015 -0.000011 -0.000016 0.000043 -0.122068 0.992522
1741164792.276783 0.669964 0.000015 -0.000011 -0.000016 0.000043 -0.122068 0.992522
1741164792.326777 0.670002 -0.000003 -0.000011 -0.000015 0.000042 -0.113210 0.993571
1741164792.376832 0.670002 -0.000003 -0.000011 -0.000015 0.000042 -0.113210 0.993571
1741164792.426777 0.669982 0.000006 -0.000016 -0.000068 -0.000123 -0.113307 0.993560
1741164792.476782 0.669982 0.000006 -0.000016 -0.000068 -0.000123 -0.113307 0.993560
1741164792.526775 0.669964 0.000015 -0.000016 -0.000068 -0.000123 -0.113399 0.993550
1741164792.576790 0.669964 0.000015 -0.000016 -0.000068 -0.000123 -0.113399 0.993550
1741164792.626778 0.670002 -0.000004 -0.000011 0.000012 -0.000051 -0.104526 0.994522
1741164792.676788 0.670002 -0.000004 -0.000011 0.000012 -0.000051 -0.104526 0.994522
1741164792.726773 0.669984 0.000004 -0.000011 -0.000016 0.000043 -0.104609 0.994513
1741164792.776788 0.669984 0.000004 -0.000011 -0.000016 0.000043 -0.104609 0.994513
1741164792.826771 0.669965 0.000013 -0.000011 -0.000016 0.000043 -0.104702 0.994504
1741164792.876781 0.669965 0.000013 -0.000011 -0.000016 0.000043 -0.104702 0.994504
1741164792.926775 0.669946 0.000023 -0.000011 -0.000016 0.000043 -0.104796 0.994494
1741164792.976789 0.669946 0.000023 -0.000011 -0.000016 0.000043 -0.104796 0.994494
1741164793.026778 0.670003 -0.000005 -0.000014 -0.000058 -0.000109 -0.095844 0.995396
1741164793.076784 0.670003 -0.000005 -0.000014 -0.000058 -0.000109 -0.095844 0.995396
1741164793.126775 0.669984 0.000006 -0.000016 -0.000066 -0.000126 -0.095913 0.995390
1741164793.176791 0.669984 0.000006 -0.000016 -0.000066 -0.000126 -0.095913 0.995390
1741164793.226774 0.669965 0.000016 -0.000016 -0.000067 -0.000126 -0.095984 0.995383
1741164793.276788 0.669965 0.000016 -0.000016 -0.000067 -0.000126 -0.095984 0.995383
1741164793.326792 0.670002 -0.000005 -0.000009 -0.000011 0.000034 -0.087154 0.996195
1741164793.376786 0.670002 -0.000005 -0.000009 -0.000011 0.000034 -0.087154 0.996195
1741164793.426775 0.669985 0.000008 -0.000016 -0.000066 -0.000127 -0.087221 0.996189
1741164793.476797 0.669985 0.000008 -0.000016 -0.000066 -0.000127 -0.087221 0.996189
1741164793.526773 0.669966 0.000021 -0.000012 -0.000016 0.000044 -0.087293 0.996183
1741164793.576786 0.669966 0.000021 -0.000012 -0.000016 0.000044 -0.087293 0.996183
1741164793.626772 0.669947 0.000034 -0.000012 -0.000013 0.000044 -0.087363 0.996177
1741164793.676787 0.669947 0.000034 -0.000012 -0.000013 0.000044 -0.087363 0.996177
1741164793.726775 0.670002 -0.000005 -0.000010 -0.000012 0.000039 -0.078457 0.996917
1741164793.776799 0.670002 -0.000005 -0.000010 -0.000012 0.000039 -0.078457 0.996917
1741164793.826777 0.669985 0.000008 -0.000016 -0.000065 -0.000128 -0.078523 0.996912
1741164793.876787 0.669985 0.000008 -0.000016 -0.000065 -0.000128 -0.078523 0.996912
1741164793.926798 0.669968 0.000022 -0.000016 -0.000065 -0.000128 -0.078590 0.996907
1741164793.976785 0.669968 0.000022 -0.000016 -0.000065 -0.000128 -0.078590 0.996907
1741164794.026777 0.670003 -0.000005 -0.000014 -0.000054 -0.000110 -0.069754 0.997564
1741164794.076786 0.670003 -0.000005 -0.000014 -0.000054 -0.000110 -0.069754 0.997564
1741164794.126775 0.669989 0.000006 -0.000016 -0.000063 -0.000128 -0.069808 0.997560
1741164794.176784 0.669989 0.000006 -0.000016 -0.000063 -0.000128 -0.069808 0.997560
1741164794.226777 0.669975 0.000017 -0.000016 -0.000063 -0.000128 -0.069863 0.997557
1741164794.276786 0.669975 0.000017 -0.000016 -0.000063 -0.000128 -0.069863 0.997557
1741164794.326774 0.670003 -0.000005 -0.000009 -0.000011 0.000033 -0.061047 0.998135
1741164794.376786 0.670003 -0.000005 -0.000009 -0.000011 0.000033 -0.061047 0.998135
1741164794.426773 0.669991 0.000003 -0.000011 -0.000014 0.000043 -0.061026 0.998136
1741164794.476788 0.669991 0.000003 -0.000011 -0.000014 0.000043 -0.061026 0.998136
1741164794.526778 0.669981 0.000010 -0.000016 -0.000062 -0.000128 -0.061004 0.998138
1741164794.576784 0.669981 0.000010 -0.000016 -0.000062 -0.000128 -0.061004 0.998138
1741164794.626783 0.670003 -0.000004 -0.000014 -0.000051 -0.000109 -0.052338 0.998629
1741164794.676789 0.670003 -0.000004 -0.000014 -0.000051 -0.000109 -0.052338 0.998629
1741164794.726775 0.669992 -0.000001 -0.000011 -0.000014 0.000042 -0.052312 0.998631
1741164794.776784 0.669992 -0.000001 -0.000011 -0.000014 0.000042 -0.052312 0.998631
1741164794.826776 0.669982 0.000002 -0.000011 -0.000014 0.000042 -0.052285 0.998632
1741164794.876788 0.669982 0.000002 -0.000011 -0.000014 0.000042 -0.052285 0.998632
1741164794.926777 0.670003 -0.000005 -0.000010 -0.000013 0.000037 -0.043617 0.999048
1741164794.976789 0.670003 -0.000005 -0.000010 -0.000013 0.000037 -0.043617 0.999048
1741164795.026774 0.669994 -0.000004 -0.000016 -0.000059 -0.000128 -0.043588 0.999050
1741164795.076786 0.669994 -0.000004 -0.000016 -0.000059 -0.000128 -0.043588 0.999050
1741164795.126775 0.669984 -0.000003 -0.000016 -0.000059 -0.000128 -0.043558 0.999051
1741164795.176785 0.669984 -0.000003 -0.000016 -0.000059 -0.000128 -0.043558 0.999051
1741164795.226772 0.669975 -0.000003 -0.000016 -0.000059 -0.000128 -0.043528 0.999052
1741164795.276784 0.669975 -0.000003 -0.000016 -0.000059 -0.000128 -0.043528 0.999052
1741164795.326777 0.670002 -0.000005 -0.000011 -0.000015 0.000041 -0.034896 0.999391
1741164795.376786 0.670002 -0.000005 -0.000011 -0.000015 0.000041 -0.034896 0.999391
1741164795.426778 0.669994 -0.000004 -0.000011 -0.000015 0.000041 -0.034864 0.999392
1741164795.476783 0.669994 -0.000004 -0.000011 -0.000015 0.000041 -0.034864 0.999392
1741164795.526776 0.669986 -0.000004 -0.000011 -0.000015 0.000041 -0.034833 0.999393
1741164795.576785 0.669986 -0.000004 -0.000011 -0.000015 0.000041 -0.034833 0.999393
1741164795.626778 0.670003 -0.000005 -0.000011 -0.000038 -0.000086 -0.026175 0.999657
1741164795.676788 0.670003 -0.000005 -0.000011 -0.000038 -0.000086 -0.026175 0.999657
1741164795.726781 0.669995 -0.000004 -0.000011 -0.000015 0.000041 -0.026144 0.999658
1741164795.776784 0.669995 -0.000004 -0.000011 -0.000015 0.000041 -0.026144 0.999658
1741164795.826777 0.669989 -0.000004 -0.000016 -0.000056 -0.000128 -0.026112 0.999659
1741164795.876789 0.669989 -0.000004 -0.000016 -0.000056 -0.000128 -0.026112 0.999659
1741164795.926774 0.670003 -0.000005 -0.000010 -0.000014 0.000037 -0.017449 0.999848
1741164795.976790 0.670003 -0.000005 -0.000010 -0.000014 0.000037 -0.017449 0.999848
1741164796.026775 0.669996 -0.000004 -0.000011 -0.000015 0.000040 -0.017418 0.999848
1741164796.076782 0.669996 -0.000004 -0.000011 -0.000015 0.000040 -0.017418 0.999848
1741164796.126773 0.669990 -0.000004 -0.000011 -0.000015 0.000040 -0.017386 0.999849
1741164796.176785 0.669990 -0.000004 -0.000011 -0.000015 0.000040 -0.017386 0.999849
1741164796.226780 0.670002 -0.000004 -0.000011 -0.000016 0.000040 -0.008729 0.999962
1741164796.276785 0.670002 -0.000004 -0.000011 -0.000016 0.000040 -0.008729 0.999962
1741164796.326757 0.669997 -0.000004 -0.000016 -0.000053 -0.000128 -0.008697 0.999962
1741164796.376784 0.669997 -0.000004 -0.000016 -0.000053 -0.000128 -0.008697 0.999962
1741164796.426774 0.669992 -0.000004 -0.000016 -0.000053 -0.000127 -0.008666 0.999962
1741164796.476784 0.669992 -0.000004 -0.000016 -0.000053 -0.000127 -0.008666 0.999962
1741164796.526775 0.669986 -0.000004 -0.000016 -0.000053 -0.000127 -0.008634 0.999963
1741164796.576782 0.669986 -0.000004 -0.000016 -0.000053 -0.000127 -0.008634 0.999963
1741164796.626775 0.669981 -0.000004 -0.000016 -0.000053 -0.000127 -0.008604 0.999963
1741164796.676783 0.669981 -0.000004 -0.000016 -0.000053 -0.000127 -0.008604 0.999963
1741164796.726794 0.669975 -0.000003 -0.000011 -0.000015 0.000039 -0.008572 0.999963
1741164796.776788 0.669975 -0.000003 -0.000011 -0.000015 0.000039 -0.008572 0.999963
1741164796.826774 0.669970 -0.000003 -0.000016 -0.000053 -0.000127 -0.008541 0.999964
1741164796.876784 0.669970 -0.000003 -0.000016 -0.000053 -0.000127 -0.008541 0.999964
1741164796.926773 0.669964 -0.000003 -0.000011 -0.000015 0.000039 -0.008510 0.999964
1741164796.976763 0.669964 -0.000003 -0.000011 -0.000015 0.000039 -0.008510 0.999964
1741164797.026778 0.669959 -0.000003 -0.000016 -0.000053 -0.000127 -0.008478 0.999964
1741164797.076788 0.669959 -0.000003 -0.000016 -0.000053 -0.000127 -0.008478 0.999964
1741164797.126782 0.669953 -0.000003 -0.000011 -0.000015 0.000039 -0.008448 0.999964
1741164797.176787 0.669953 -0.000003 -0.000011 -0.000015 0.000039 -0.008448 0.999964
1741164797.226774 0.669948 -0.000003 -0.000011 -0.000015 0.000039 -0.008416 0.999965
1741164797.276785 0.669948 -0.000003 -0.000011 -0.000015 0.000039 -0.008416 0.999965
1741164797.326776 0.669943 -0.000003 -0.000011 -0.000015 0.000039 -0.008385 0.999965
1741164797.376786 0.669943 -0.000003 -0.000011 -0.000015 0.000039 -0.008385 0.999965
1741164797.426776 0.669937 -0.000003 -0.000011 -0.000015 0.000039 -0.008354 0.999965
1741164797.476786 0.669937 -0.000003 -0.000011 -0.000015 0.000039 -0.008354 0.999965
1741164797.526792 0.669932 -0.000003 -0.000011 -0.000015 0.000039 -0.008323 0.999965
1741164797.576788 0.669932 -0.000003 -0.000011 -0.000015 0.000039 -0.008323 0.999965
1741164797.626774 0.669927 -0.000003 -0.000011 -0.000015 0.000039 -0.008291 0.999966
1741164797.676784 0.669927 -0.000003 -0.000011 -0.000015 0.000039 -0.008291 0.999966
1741164797.726768 0.669922 -0.000003 -0.000011 -0.000015 0.000039 -0.008260 0.999966
1741164797.776794 0.669922 -0.000003 -0.000011 -0.000015 0.000039 -0.008260 0.999966
1741164797.826847 0.669916 -0.000003 -0.000011 -0.000015 0.000039 -0.008229 0.999966
1741164797.876814 0.669916 -0.000003 -0.000011 -0.000015 0.000039 -0.008229 0.999966
1741164797.926775 0.669912 -0.000002 -0.000016 -0.000053 -0.000127 -0.008198 0.999966
1741164797.976795 0.669912 -0.000002 -0.000016 -0.000053 -0.000127 -0.008198 0.999966
1741164798.026774 0.669906 -0.000002 -0.000011 -0.000015 0.000039 -0.008167 0.999967
1741164798.076790 0.669906 -0.000002 -0.000011 -0.000015 0.000039 -0.008167 0.999967
1741164798.126775 0.669900 -0.000002 -0.000011 -0.000015 0.000039 -0.008135 0.999967
1741164798.176785 0.669900 -0.000002 -0.000011 -0.000015 0.000039 -0.008135 0.999967
1741164798.226775 0.669895 -0.000002 -0.000011 -0.000015 0.000039 -0.008104 0.999967
1741164798.276785 0.669895 -0.000002 -0.000011 -0.000015 0.000039 -0.008104 0.999967
1741164798.326776 0.669890 -0.000002 -0.000016 -0.000052 -0.000127 -0.008072 0.999967
1741164798.376786 0.669890 -0.000002 -0.000016 -0.000052 -0.000127 -0.008072 0.999967
1741164798.426772 0.669885 -0.000002 -0.000016 -0.000052 -0.000127 -0.008041 0.999968
1741164798.476784 0.669885 -0.000002 -0.000016 -0.000052 -0.000127 -0.008041 0.999968
1741164798.526776 0.669880 -0.000002 -0.000016 -0.000052 -0.000127 -0.008010 0.999968
1741164798.576785 0.669880 -0.000002 -0.000016 -0.000052 -0.000127 -0.008010 0.999968
1741164798.626774 0.669874 -0.000002 -0.000011 -0.000015 0.000039 -0.007979 0.999968
1741164798.676787 0.669874 -0.000002 -0.000011 -0.000015 0.000039 -0.007979 0.999968
1741164798.726777 0.669869 -0.000002 -0.000016 -0.000052 -0.000127 -0.007947 0.999968
1741164798.776791 0.669869 -0.000002 -0.000016 -0.000052 -0.000127 -0.007947 0.999968
1741164798.826774 0.669864 -0.000002 -0.000016 -0.000052 -0.000127 -0.007916 0.999969
1741164798.876785 0.669864 -0.000002 -0.000016 -0.000052 -0.000127 -0.007916 0.999969
1741164798.926774 0.669858 -0.000002 -0.000011 -0.000015 0.000039 -0.007886 0.999969
1741164798.976795 0.669858 -0.000002 -0.000011 -0.000015 0.000039 -0.007886 0.999969
1741164799.026785 0.669853 -0.000002 -0.000011 -0.000015 0.000039 -0.007854 0.999969
1741164799.076785 0.669853 -0.000002 -0.000011 -0.000015 0.000039 -0.007854 0.999969
1741164799.126775 0.669848 -0.000001 -0.000011 -0.000015 0.000039 -0.007823 0.999969
1741164799.176815 0.669848 -0.000001 -0.000011 -0.000015 0.000039 -0.007823 0.999969
1741164799.226777 0.669843 -0.000001 -0.000016 -0.000052 -0.000127 -0.007792 0.999970
1741164799.276784 0.669843 -0.000001 -0.000016 -0.000052 -0.000127 -0.007792 0.999970
1741164799.326774 0.669837 -0.000001 -0.000011 -0.000015 0.000039 -0.007761 0.999970
1741164799.376790 0.669837 -0.000001 -0.000011 -0.000015 0.000039 -0.007761 0.999970
1741164799.426777 0.669832 -0.000001 -0.000011 -0.000015 0.000039 -0.007729 0.999970
1741164799.476789 0.669832 -0.000001 -0.000011 -0.000015 0.000039 -0.007729 0.999970
1741164799.526775 0.669827 -0.000001 -0.000011 -0.000015 0.000039 -0.007698 0.999970
1741164799.576789 0.669827 -0.000001 -0.000011 -0.000015 0.000039 -0.007698 0.999970
1741164799.626775 0.669822 -0.000001 -0.000016 -0.000052 -0.000127 -0.007666 0.999971
1741164799.676788 0.669822 -0.000001 -0.000016 -0.000052 -0.000127 -0.007666 0.999971
1741164799.726778 0.669816 -0.000001 -0.000011 -0.000015 0.000039 -0.007636 0.999971
1741164799.776796 0.669816 -0.000001 -0.000011 -0.000015 0.000039 -0.007636 0.999971
1741164799.826775 0.669811 -0.000001 -0.000011 -0.000015 0.000039 -0.007604 0.999971
1741164799.876788 0.669811 -0.000001 -0.000011 -0.000015 0.000039 -0.007604 0.999971
1741164799.926774 0.669806 -0.000001 -0.000011 -0.000015 0.000039 -0.007573 0.999971
1741164799.976745 0.669806 -0.000001 -0.000011 -0.000015 0.000039 -0.007573 0.999971
1741164800.026773 0.669801 -0.000001 -0.000011 -0.000015 0.000039 -0.007542 0.999972
1741164800.076789 0.669801 -0.000001 -0.000011 -0.000015 0.000039 -0.007542 0.999972
1741164800.126776 0.669795 -0.000001 -0.000011 -0.000015 0.000039 -0.007511 0.999972
1741164800.176782 0.669795 -0.000001 -0.000011 -0.000015 0.000039 -0.007511 0.999972
1741164800.226776 0.669790 -0.000001 -0.000011 -0.000015 0.000039 -0.007480 0.999972
1741164800.276789 0.669790 -0.000001 -0.000011 -0.000015 0.000039 -0.007480 0.999972
1741164800.326777 0.669785 -0.000001 -0.000011 -0.000015 0.000039 -0.007448 0.999972
1741164800.376789 0.669785 -0.000001 -0.000011 -0.000015 0.000039 -0.007448 0.999972
1741164800.426779 0.669780 -0.000001 -0.000016 -0.000052 -0.000127 -0.007416 0.999972
1741164800.476785 0.669780 -0.000001 -0.000016 -0.000052 -0.000127 -0.007416 0.999972
1741164800.526778 0.669775 -0.000000 -0.000016 -0.000052 -0.000127 -0.007385 0.999973
1741164800.576755 0.669775 -0.000000 -0.000016 -0.000052 -0.000127 -0.007385 0.999973
1741164800.626775 0.669769 -0.000000 -0.000011 -0.000015 0.000039 -0.007355 0.999973
1741164800.676790 0.669769 -0.000000 -0.000011 -0.000015 0.000039 -0.007355 0.999973
1741164800.726781 0.669764 -0.000000 -0.000016 -0.000052 -0.000127 -0.007322 0.999973
1741164800.776796 0.669764 -0.000000 -0.000016 -0.000052 -0.000127 -0.007322 0.999973
1741164800.826772 0.669759 -0.000000 -0.000011 -0.000015 0.000039 -0.007292 0.999973
1741164800.876788 0.669759 -0.000000 -0.000011 -0.000015 0.000039 -0.007292 0.999973
1741164800.926786 0.669754 -0.000000 -0.000016 -0.000052 -0.000127 -0.007260 0.999974
1741164800.976782 0.669754 -0.000000 -0.000016 -0.000052 -0.000127 -0.007260 0.999974
1741164801.026779 0.669748 -0.000000 -0.000011 -0.000015 0.000039 -0.007230 0.999974
1741164801.076786 0.669748 -0.000000 -0.000011 -0.000015 0.000039 -0.007230 0.999974
1741164801.126778 0.669743 -0.000000 -0.000011 -0.000015 0.000039 -0.007198 0.999974
1741164801.176793 0.669743 -0.000000 -0.000011 -0.000015 0.000039 -0.007198 0.999974
1741164801.226775 0.669738 -0.000000 -0.000011 -0.000015 0.000039 -0.007167 0.999974
1741164801.276782 0.669738 -0.000000 -0.000011 -0.000015 0.000039 -0.007167 0.999974
1741164801.326779 0.669733 0.000000 -0.000016 -0.000052 -0.000127 -0.007135 0.999975
1741164801.376789 0.669733 0.000000 -0.000016 -0.000052 -0.000127 -0.007135 0.999975
1741164801.426774 0.669728 0.000000 -0.000011 -0.000015 0.000039 -0.007105 0.999975
1741164801.476785 0.669728 0.000000 -0.000011 -0.000015 0.000039 -0.007105 0.999975
1741164801.526775 0.669723 0.000000 -0.000011 -0.000015 0.000039 -0.007073 0.999975
1741164801.576787 0.669723 0.000000 -0.000011 -0.000015 0.000039 -0.007073 0.999975
1741164801.626774 0.669718 0.000000 -0.000016 -0.000052 -0.000127 -0.007042 0.999975
1741164801.676801 0.669718 0.000000 -0.000016 -0.000052 -0.000127 -0.007042 0.999975
1741164801.726774 0.669712 0.000000 -0.000011 -0.000015 0.000039 -0.007011 0.999975
1741164801.776785 0.669712 0.000000 -0.000011 -0.000015 0.000039 -0.007011 0.999975
1741164801.826787 0.669708 0.000000 -0.000016 -0.000052 -0.000127 -0.006979 0.999976
1741164801.876809 0.669708 0.000000 -0.000016 -0.000052 -0.000127 -0.006979 0.999976
1741164801.926778 0.669702 0.000000 -0.000016 -0.000052 -0.000127 -0.006948 0.999976
1741164801.976799 0.669702 0.000000 -0.000016 -0.000052 -0.000127 -0.006948 0.999976
1741164802.026787 0.669697 0.000000 -0.000011 -0.000015 0.000039 -0.006917 0.999976
1741164802.076796 0.669697 0.000000 -0.000011 -0.000015 0.000039 -0.006917 0.999976
1741164802.126777 0.669692 0.000000 -0.000016 -0.000052 -0.000127 -0.006886 0.999976
1741164802.176784 0.669692 0.000000 -0.000016 -0.000052 -0.000127 -0.006886 0.999976
1741164802.226781 0.669687 0.000001 -0.000016 -0.000052 -0.000127 -0.006854 0.999977
1741164802.276795 0.669687 0.000001 -0.000016 -0.000052 -0.000127 -0.006854 0.999977
1741164802.326785 0.669681 0.000001 -0.000011 -0.000015 0.000039 -0.006823 0.999977
1741164802.376791 0.669681 0.000001 -0.000011 -0.000015 0.000039 -0.006823 0.999977
1741164802.426779 0.669677 0.000001 -0.000016 -0.000052 -0.000127 -0.006791 0.999977
1741164802.476782 0.669677 0.000001 -0.000016 -0.000052 -0.000127 -0.006791 0.999977
1741164802.526808 0.669671 0.000001 -0.000011 -0.000015 0.000039 -0.006761 0.999977
1741164802.576793 0.669671 0.000001 -0.000011 -0.000015 0.000039 -0.006761 0.999977
1741164802.626776 0.669666 0.000001 -0.000016 -0.000052 -0.000127 -0.006729 0.999977
1741164802.676790 0.669666 0.000001 -0.000016 -0.000052 -0.000127 -0.006729 0.999977
1741164802.726777 0.669661 0.000001 -0.000011 -0.000015 0.000039 -0.006698 0.999978
1741164802.776789 0.669661 0.000001 -0.000011 -0.000015 0.000039 -0.006698 0.999978
1741164802.826777 0.669656 0.000001 -0.000011 -0.000015 0.000039 -0.006667 0.999978
1741164802.876783 0.669656 0.000001 -0.000011 -0.000015 0.000039 -0.006667 0.999978
1741164802.926774 0.669650 0.000001 -0.000011 -0.000015 0.000039 -0.006636 0.999978
1741164802.976780 0.669650 0.000001 -0.000011 -0.000015 0.000039 -0.006636 0.999978
1741164803.026774 0.669645 0.000001 -0.000011 -0.000015 0.000039 -0.006605 0.999978
1741164803.076783 0.669645 0.000001 -0.000011 -0.000015 0.000039 -0.006605 0.999978
1741164803.126772 0.669640 0.000001 -0.000011 -0.000015 0.000039 -0.006574 0.999978
1741164803.176783 0.669640 0.000001 -0.000011 -0.000015 0.000039 -0.006574 0.999978
1741164803.226774 0.669635 0.000001 -0.000011 -0.000015 0.000039 -0.006542 0.999979
1741164803.276784 0.669635 0.000001 -0.000011 -0.000015 0.000039 -0.006542 0.999979
1741164803.326775 0.669630 0.000001 -0.000011 -0.000015 0.000039 -0.006511 0.999979
1741164803.376786 0.669630 0.000001 -0.000011 -0.000015 0.000039 -0.006511 0.999979
1741164803.426775 0.669625 0.000001 -0.000011 -0.000015 0.000039 -0.006479 0.999979
1741164803.476784 0.669625 0.000001 -0.000011 -0.000015 0.000039 -0.006479 0.999979
1741164803.526775 0.669620 0.000001 -0.000011 -0.000015 0.000039 -0.006449 0.999979
1741164803.576780 0.669620 0.000001 -0.000011 -0.000015 0.000039 -0.006449 0.999979
1741164803.626776 0.669615 0.000001 -0.000011 -0.000015 0.000039 -0.006417 0.999979
1741164803.676787 0.669615 0.000001 -0.000011 -0.000015 0.000039 -0.006417 0.999979
1741164803.726776 0.669609 0.000001 -0.000011 -0.000015 0.000039 -0.006386 0.999980
1741164803.776781 0.669609 0.000001 -0.000011 -0.000015 0.000039 -0.006386 0.999980
1741164803.826775 0.669604 0.000001 -0.000011 -0.000015 0.000039 -0.006355 0.999980
1741164803.876793 0.669604 0.000001 -0.000011 -0.000015 0.000039 -0.006355 0.999980
1741164803.926778 0.669599 0.000001 -0.000011 -0.000015 0.000039 -0.006324 0.999980
1741164803.976780 0.669599 0.000001 -0.000011 -0.000015 0.000039 -0.006324 0.999980
1741164804.026774 0.669594 0.000001 -0.000011 -0.000015 0.000039 -0.006292 0.999980
1741164804.076786 0.669594 0.000001 -0.000011 -0.000015 0.000039 -0.006292 0.999980
1741164804.126775 0.669589 0.000001 -0.000011 -0.000015 0.000039 -0.006261 0.999980
1741164804.176791 0.669589 0.000001 -0.000011 -0.000015 0.000039 -0.006261 0.999980
1741164804.226778 0.669584 0.000001 -0.000016 -0.000052 -0.000127 -0.006229 0.999981
1741164804.276789 0.669584 0.000001 -0.000016 -0.000052 -0.000127 -0.006229 0.999981
1741164804.326777 0.669579 0.000001 -0.000011 -0.000015 0.000039 -0.006198 0.999981
1741164804.376782 0.669579 0.000001 -0.000011 -0.000015 0.000039 -0.006198 0.999981
1741164804.426774 0.669574 0.000002 -0.000011 -0.000015 0.000039 -0.006167 0.999981
1741164804.476795 0.669574 0.000002 -0.000011 -0.000015 0.000039 -0.006167 0.999981
1741164804.526775 0.669569 0.000002 -0.000011 -0.000015 0.000039 -0.006136 0.999981
1741164804.576783 0.669569 0.000002 -0.000011 -0.000015 0.000039 -0.006136 0.999981
1741164804.626774 0.669564 0.000002 -0.000011 -0.000015 0.000039 -0.006105 0.999981
1741164804.676790 0.669564 0.000002 -0.000011 -0.000015 0.000039 -0.006105 0.999981
1741164804.726779 0.669559 0.000002 -0.000016 -0.000052 -0.000127 -0.006073 0.999982
1741164804.776788 0.669559 0.000002 -0.000016 -0.000052 -0.000127 -0.006073 0.999982
1741164804.826776 0.669553 0.000002 -0.000011 -0.000015 0.000039 -0.006042 0.999982
1741164804.876787 0.669553 0.000002 -0.000011 -0.000015 0.000039 -0.006042 0.999982
1741164804.926808 0.669548 0.000002 -0.000011 -0.000015 0.000039 -0.006011 0.999982
1741164804.976825 0.669548 0.000002 -0.000011 -0.000015 0.000039 -0.006011 0.999982
1741164805.026776 0.669543 0.000002 -0.000011 -0.000015 0.000039 -0.005980 0.999982
1741164805.076788 0.669543 0.000002 -0.000011 -0.000015 0.000039 -0.005980 0.999982
1741164805.126797 0.669538 0.000002 -0.000011 -0.000015 0.000039 -0.005948 0.999982
1741164805.176784 0.669538 0.000002 -0.000011 -0.000015 0.000039 -0.005948 0.999982
1741164805.226774 0.669533 0.000002 -0.000011 -0.000015 0.000039 -0.005917 0.999982
1741164805.276781 0.669533 0.000002 -0.000011 -0.000015 0.000039 -0.005917 0.999982
1741164805.326774 0.669528 0.000002 -0.000011 -0.000015 0.000039 -0.005886 0.999983
1741164805.376805 0.669528 0.000002 -0.000011 -0.000015 0.000039 -0.005886 0.999983
1741164805.426775 0.669523 0.000002 -0.000011 -0.000015 0.000039 -0.005855 0.999983
1741164805.476801 0.669523 0.000002 -0.000011 -0.000015 0.000039 -0.005855 0.999983
1741164805.526774 0.669518 0.000002 -0.000011 -0.000015 0.000039 -0.005823 0.999983
1741164805.576802 0.669518 0.000002 -0.000011 -0.000015 0.000039 -0.005823 0.999983
1741164805.626773 0.669513 0.000002 -0.000011 -0.000015 0.000039 -0.005792 0.999983
1741164805.676784 0.669513 0.000002 -0.000011 -0.000015 0.000039 -0.005792 0.999983
1741164805.726773 0.669508 0.000002 -0.000011 -0.000015 0.000039 -0.005761 0.999983
1741164805.776795 0.669508 0.000002 -0.000011 -0.000015 0.000039 -0.005761 0.999983
1741164805.826777 0.669503 0.000002 -0.000011 -0.000015 0.000039 -0.005729 0.999984
1741164805.876785 0.669503 0.000002 -0.000011 -0.000015 0.000039 -0.005729 0.999984
1741164805.926775 0.669498 0.000002 -0.000011 -0.000015 0.000039 -0.005698 0.999984
1741164805.976787 0.669498 0.000002 -0.000011 -0.000015 0.000039 -0.005698 0.999984
1741164806.026777 0.669493 0.000002 -0.000016 -0.000052 -0.000127 -0.005667 0.999984
1741164806.076782 0.669493 0.000002 -0.000016 -0.000052 -0.000127 -0.005667 0.999984
1741164806.126775 0.669488 0.000002 -0.000016 -0.000052 -0.000127 -0.005635 0.999984
1741164806.176786 0.669488 0.000002 -0.000016 -0.000052 -0.000127 -0.005635 0.999984
1741164806.226777 0.669482 0.000002 -0.000011 -0.000015 0.000039 -0.005605 0.999984
1741164806.276786 0.669482 0.000002 -0.000011 -0.000015 0.000039 -0.005605 0.999984
1741164806.326775 0.669477 0.000002 -0.000011 -0.000015 0.000039 -0.005573 0.999984
1741164806.376806 0.669477 0.000002 -0.000011 -0.000015 0.000039 -0.005573 0.999984
1741164806.426772 0.669472 0.000002 -0.000011 -0.000015 0.000039 -0.005542 0.999985
1741164806.476792 0.669472 0.000002 -0.000011 -0.000015 0.000039 -0.005542 0.999985
1741164806.526778 0.729998 0.000001 -0.000011 -0.000015 0.000039 -0.004992 0.999988
1741164806.576788 0.729998 0.000001 -0.000011 -0.000015 0.000039 -0.004992 0.999988
1741164806.626779 0.729992 0.000001 -0.000011 -0.000015 0.000039 -0.004961 0.999988
1741164806.676791 0.729992 0.000001 -0.000011 -0.000015 0.000039 -0.004961 0.999988
1741164806.726776 0.729987 0.000001 -0.000011 -0.000015 0.000039 -0.004930 0.999988
1741164806.776788 0.729987 0.000001 -0.000011 -0.000015 0.000039 -0.004930 0.999988
1741164806.826794 0.729982 0.000001 -0.000011 -0.000015 0.000039 -0.004899 0.999988
1741164806.876789 0.729982 0.000001 -0.000011 -0.000015 0.000039 -0.004899 0.999988
1741164806.926775 0.729977 0.000001 -0.000011 -0.000015 0.000039 -0.004867 0.999988
1741164806.976785 0.729977 0.000001 -0.000011 -0.000015 0.000039 -0.004867 0.999988
1741164807.026775 0.729972 0.000001 -0.000016 -0.000052 -0.000127 -0.004836 0.999988
1741164807.076823 0.729972 0.000001 -0.000016 -0.000052 -0.000127 -0.004836 0.999988
1741164807.126805 0.729967 0.000001 -0.000016 -0.000052 -0.000127 -0.004805 0.999988
1741164807.176819 0.729967 0.000001 -0.000016 -0.000052 -0.000127 -0.004805 0.999988
1741164807.226774 0.729961 0.000001 -0.000011 -0.000015 0.000039 -0.004774 0.999989
1741164807.276782 0.729961 0.000001 -0.000011 -0.000015 0.000039 -0.004774 0.999989
1741164807.326775 0.729956 0.000001 -0.000016 -0.000052 -0.000127 -0.004742 0.999989
1741164807.376784 0.729956 0.000001 -0.000016 -0.000052 -0.000127 -0.004742 0.999989
1741164807.426775 0.729951 0.000001 -0.000011 -0.000015 0.000039 -0.004711 0.999989
1741164807.476789 0.729951 0.000001 -0.000011 -0.000015 0.000039 -0.004711 0.999989
1741164807.526776 0.729946 0.000001 -0.000016 -0.000052 -0.000127 -0.004679 0.999989
1741164807.576785 0.729946 0.000001 -0.000016 -0.000052 -0.000127 -0.004679 0.999989
1741164807.626775 0.729940 0.000001 -0.000011 -0.000015 0.000039 -0.004648 0.999989
1741164807.676781 0.729940 0.000001 -0.000011 -0.000015 0.000039 -0.004648 0.999989
1741164807.726776 0.729936 0.000001 -0.000016 -0.000052 -0.000127 -0.004617 0.999989
1741164807.776796 0.729936 0.000001 -0.000016 -0.000052 -0.000127 -0.004617 0.999989
1741164807.826775 0.729930 0.000001 -0.000011 -0.000015 0.000039 -0.004586 0.999989
1741164807.876785 0.729930 0.000001 -0.000011 -0.000015 0.000039 -0.004586 0.999989
1741164807.926775 0.729998 0.000001 -0.000011 -0.000015 0.000039 -0.009996 0.999950
1741164807.976790 0.729998 0.000001 -0.000011 -0.000015 0.000039 -0.009996 0.999950
1741164808.026775 0.729993 0.000001 -0.000016 -0.000053 -0.000127 -0.009965 0.999950
1741164808.076784 0.729993 0.000001 -0.000016 -0.000053 -0.000127 -0.009965 0.999950
1741164808.126806 0.729987 0.000001 -0.000011 -0.000015 0.000039 -0.009934 0.999951
1741164808.176785 0.729987 0.000001 -0.000011 -0.000015 0.000039 -0.009934 0.999951
1741164808.226777 0.729982 0.000001 -0.000011 -0.000015 0.000039 -0.009903 0.999951
1741164808.276788 0.729982 0.000001 -0.000011 -0.000015 0.000039 -0.009903 0.999951
1741164808.326776 0.729976 0.000001 -0.000011 -0.000015 0.000039 -0.009872 0.999951
1741164808.376779 0.729976 0.000001 -0.000011 -0.000015 0.000039 -0.009872 0.999951
1741164808.426774 0.729971 0.000001 -0.000016 -0.000053 -0.000127 -0.009840 0.999952
1741164808.476784 0.729971 0.000001 -0.000016 -0.000053 -0.000127 -0.009840 0.999952
1741164808.526773 0.729996 0.000001 -0.000011 -0.000015 0.000039 -0.014983 0.999888
1741164808.576785 0.729996 0.000001 -0.000011 -0.000015 0.000039 -0.014983 0.999888
1741164808.626777 0.729995 0.000000 -0.000011 -0.000015 0.000039 -0.019975 0.999800
1741164808.676799 0.729995 0.000000 -0.000011 -0.000015 0.000039 -0.019975 0.999800
1741164808.726777 0.729999 0.000000 -0.000016 -0.000055 -0.000126 -0.029988 0.999550
1741164808.776790 0.729999 0.000000 -0.000016 -0.000055 -0.000126 -0.029988 0.999550
1741164808.826776 0.729998 0.000000 -0.000011 -0.000014 0.000040 -0.034983 0.999388
1741164808.876786 0.729998 0.000000 -0.000011 -0.000014 0.000040 -0.034983 0.999388
1741164808.926776 0.729998 0.000000 -0.000016 -0.000057 -0.000125 -0.039980 0.999200
1741164808.976817 0.729998 0.000000 -0.000016 -0.000057 -0.000125 -0.039980 0.999200
1741164809.026780 0.729996 0.000001 -0.000011 -0.000014 0.000040 -0.044976 0.998988
1741164809.076788 0.729996 0.000001 -0.000011 -0.000014 0.000040 -0.044976 0.998988
1741164809.126776 0.729996 0.000001 -0.000016 -0.000058 -0.000125 -0.049969 0.998751
1741164809.176796 0.729996 0.000001 -0.000016 -0.000058 -0.000125 -0.049969 0.998751
1741164809.226775 0.729995 0.000001 -0.000011 -0.000013 0.000040 -0.054962 0.998488
1741164809.276782 0.729995 0.000001 -0.000011 -0.000013 0.000040 -0.054962 0.998488
1741164809.326773 0.729985 0.000002 -0.000016 -0.000058 -0.000124 -0.054933 0.998490
1741164809.376785 0.729985 0.000002 -0.000016 -0.000058 -0.000124 -0.054933 0.998490
1741164809.426781 0.729998 0.000000 -0.000016 -0.000059 -0.000124 -0.059958 0.998201
1741164809.476790 0.729998 0.000000 -0.000016 -0.000059 -0.000124 -0.059958 0.998201
1741164809.526778 0.729988 0.000000 -0.000016 -0.000059 -0.000124 -0.059930 0.998203
1741164809.576816 0.729988 0.000000 -0.000016 -0.000059 -0.000124 -0.059930 0.998203
1741164809.626775 0.729978 0.000001 -0.000016 -0.000059 -0.000124 -0.059903 0.998204
1741164809.676803 0.729978 0.000001 -0.000016 -0.000059 -0.000124 -0.059903 0.998204
1741164809.726794 0.729968 0.000001 -0.000016 -0.000059 -0.000124 -0.059875 0.998206
1741164809.776783 0.729968 0.000001 -0.000016 -0.000059 -0.000124 -0.059875 0.998206
1741164809.826777 0.729958 0.000001 -0.000016 -0.000059 -0.000124 -0.059848 0.998207
1741164809.876785 0.729958 0.000001 -0.000016 -0.000059 -0.000124 -0.059848 0.998207
1741164809.926776 0.729948 0.000001 -0.000011 -0.000013 0.000040 -0.059821 0.998209
1741164809.976795 0.729948 0.000001 -0.000011 -0.000013 0.000040 -0.059821 0.998209
1741164810.026774 0.729993 -0.000000 -0.000011 -0.000013 0.000040 -0.064937 0.997889
1741164810.076788 0.729993 -0.000000 -0.000011 -0.000013 0.000040 -0.064937 0.997889
1741164810.126778 0.729992 0.000001 -0.000016 -0.000060 -0.000123 -0.069928 0.997552
1741164810.176787 0.729992 0.000001 -0.000016 -0.000060 -0.000123 -0.069928 0.997552
1741164810.226777 0.730000 0.000000 0.000000 0.000000 0.000000 -0.079915 0.996802
1741164810.276782 0.730000 0.000000 0.000000 0.000000 0.000000 -0.079915 0.996802
1741164810.326776 0.730000 0.000001 -0.000009 -0.000024 0.000040 -0.084903 0.996389
1741164810.376789 0.730000 0.000001 -0.000009 -0.000024 0.000040 -0.084903 0.996389
1741164810.426774 0.729999 0.000001 -0.000011 -0.000012 0.000041 -0.089882 0.995952
1741164810.476784 0.729999 0.000001 -0.000011 -0.000012 0.000041 -0.089882 0.995952
1741164810.526782 0.729998 0.000001 -0.000011 -0.000012 0.000040 -0.094860 0.995491
1741164810.576788 0.729998 0.000001 -0.000011 -0.000012 0.000040 -0.094860 0.995491
1741164810.626781 0.729997 0.000001 -0.000016 -0.000064 -0.000121 -0.099834 0.995004
1741164810.676790 0.729997 0.000001 -0.000016 -0.000064 -0.000121 -0.099834 0.995004
1741164810.726779 0.729992 -0.000002 -0.000011 -0.000011 0.000041 -0.104799 0.994493
1741164810.776786 0.729992 -0.000002 -0.000011 -0.000011 0.000041 -0.104799 0.994493
1741164810.826776 0.729991 -0.000002 -0.000011 -0.000011 0.000041 -0.109769 0.993957
1741164810.876783 0.729991 -0.000002 -0.000011 -0.000011 0.000041 -0.109769 0.993957
1741164810.926777 0.729989 -0.000003 -0.000011 -0.000011 0.000041 -0.114736 0.993396
1741164810.976799 0.729989 -0.000003 -0.000011 -0.000011 0.000041 -0.114736 0.993396
1741164811.026788 0.730000 -0.000000 -0.000007 -0.000041 -0.000044 -0.124675 0.992198
1741164811.076789 0.730000 -0.000000 -0.000007 -0.000041 -0.000044 -0.124675 0.992198
1741164811.126782 0.729999 -0.000001 -0.000016 -0.000068 -0.000120 -0.129634 0.991562
1741164811.176797 0.729999 -0.000001 -0.000016 -0.000068 -0.000120 -0.129634 0.991562
1741164811.226774 0.729985 -0.000004 -0.000011 -0.000010 0.000041 -0.129622 0.991563
1741164811.276781 0.729985 -0.000004 -0.000011 -0.000010 0.000041 -0.129622 0.991563
1741164811.326773 0.729994 -0.000001 -0.000016 -0.000068 -0.000119 -0.134590 0.990901
1741164811.376783 0.729994 -0.000001 -0.000016 -0.000068 -0.000119 -0.134590 0.990901
1741164811.426775 0.729993 -0.000001 -0.000016 -0.000069 -0.000119 -0.139542 0.990216
1741164811.476785 0.729993 -0.000001 -0.000016 -0.000069 -0.000119 -0.139542 0.990216
1741164811.526776 0.729992 -0.000002 -0.000016 -0.000069 -0.000118 -0.144491 0.989506
1741164811.576787 0.729992 -0.000002 -0.000016 -0.000069 -0.000118 -0.144491 0.989506
1741164811.626779 0.729991 -0.000002 -0.000016 -0.000070 -0.000118 -0.149437 0.988771
1741164811.676756 0.729991 -0.000002 -0.000016 -0.000070 -0.000118 -0.149437 0.988771
1741164811.726774 0.729978 -0.000006 -0.000016 -0.000070 -0.000118 -0.149428 0.988773
1741164811.776789 0.729978 -0.000006 -0.000016 -0.000070 -0.000118 -0.149428 0.988773
1741164811.826785 0.729965 -0.000010 -0.000016 -0.000070 -0.000118 -0.149419 0.988774
1741164811.876787 0.729965 -0.000010 -0.000016 -0.000070 -0.000118 -0.149419 0.988774
1741164811.926788 0.729952 -0.000015 -0.000016 -0.000070 -0.000118 -0.149410 0.988775
1741164811.976789 0.729952 -0.000015 -0.000016 -0.000070 -0.000118 -0.149410 0.988775
1741164812.026783 0.729939 -0.000019 -0.000016 -0.000070 -0.000118 -0.149401 0.988777
1741164812.076789 0.729939 -0.000019 -0.000016 -0.000070 -0.000118 -0.149401 0.988777
1741164812.126786 0.729925 -0.000024 -0.000016 -0.000070 -0.000118 -0.149392 0.988778
1741164812.176789 0.729925 -0.000024 -0.000016 -0.000070 -0.000118 -0.149392 0.988778
1741164812.226778 0.729912 -0.000028 -0.000016 -0.000070 -0.000118 -0.149383 0.988779
1741164812.276785 0.729912 -0.000028 -0.000016 -0.000070 -0.000118 -0.149383 0.988779
1741164812.326777 0.729991 -0.000003 -0.000011 -0.000009 0.000041 -0.154375 0.988012
1741164812.376795 0.729991 -0.000003 -0.000011 -0.000009 0.000041 -0.154375 0.988012
1741164812.426793 0.729990 -0.000004 -0.000016 -0.000071 -0.000117 -0.159313 0.987228
1741164812.476790 0.729990 -0.000004 -0.000016 -0.000071 -0.000117 -0.159313 0.987228
1741164812.526785 0.730000 0.000000 -0.000007 0.000061 0.000041 -0.169182 0.985585
1741164812.576828 0.730000 0.000000 -0.000007 0.000061 0.000041 -0.169182 0.985585
1741164812.626776 0.730000 -0.000001 -0.000016 -0.000072 -0.000115 -0.174109 0.984726
1741164812.676784 0.730000 -0.000001 -0.000016 -0.000072 -0.000115 -0.174109 0.984726
1741164812.726774 0.729999 0.000000 -0.000016 -0.000073 -0.000116 -0.179033 0.983843
1741164812.776786 0.729999 0.000000 -0.000016 -0.000073 -0.000116 -0.179033 0.983843
1741164812.826773 0.729998 -0.000000 -0.000016 -0.000074 -0.000115 -0.183950 0.982936
1741164812.876786 0.729998 -0.000000 -0.000016 -0.000074 -0.000115 -0.183950 0.982936
1741164812.926781 0.729997 -0.000000 -0.000011 -0.000008 0.000041 -0.188863 0.982004
1741164812.976798 0.729997 -0.000000 -0.000011 -0.000008 0.000041 -0.188863 0.982004
1741164813.026782 0.729996 -0.000001 -0.000016 -0.000075 -0.000114 -0.193770 0.981047
1741164813.076788 0.729996 -0.000001 -0.000016 -0.000075 -0.000114 -0.193770 0.981047
1741164813.126775 0.729996 -0.000001 -0.000016 -0.000075 -0.000114 -0.198674 0.980066
1741164813.176792 0.729996 -0.000001 -0.000016 -0.000075 -0.000114 -0.198674 0.980066
1741164813.226774 0.729988 -0.000005 -0.000016 -0.000075 -0.000114 -0.198673 0.980066
1741164813.276783 0.729988 -0.000005 -0.000016 -0.000075 -0.000114 -0.198673 0.980066
1741164813.326774 0.729998 -0.000001 -0.000016 -0.000076 -0.000114 -0.203572 0.979060
1741164813.376806 0.729998 -0.000001 -0.000016 -0.000076 -0.000114 -0.203572 0.979060
1741164813.426774 0.729991 -0.000005 -0.000016 -0.000076 -0.000114 -0.203572 0.979060
1741164813.476785 0.729991 -0.000005 -0.000016 -0.000076 -0.000114 -0.203572 0.979060
1741164813.526776 0.729984 -0.000009 -0.000016 -0.000076 -0.000114 -0.203573 0.979060
1741164813.576787 0.729984 -0.000009 -0.000016 -0.000076 -0.000114 -0.203573 0.979060
1741164813.626775 0.729977 -0.000012 -0.000011 -0.000007 0.000041 -0.203573 0.979060
1741164813.676797 0.729977 -0.000012 -0.000011 -0.000007 0.000041 -0.203573 0.979060
1741164813.726798 0.729971 -0.000017 -0.000016 -0.000076 -0.000113 -0.203573 0.979060
1741164813.776786 0.729971 -0.000017 -0.000016 -0.000076 -0.000113 -0.203573 0.979060
1741164813.826775 0.729964 -0.000021 -0.000016 -0.000076 -0.000113 -0.203574 0.979060
1741164813.876796 0.729964 -0.000021 -0.000016 -0.000076 -0.000113 -0.203574 0.979060
1741164813.926789 0.729996 -0.000003 -0.000016 -0.000076 -0.000113 -0.208462 0.978030
1741164813.976780 0.729996 -0.000003 -0.000016 -0.000076 -0.000113 -0.208462 0.978030
1741164814.026775 0.730000 0.000000 0.000000 0.000000 0.000000 -0.218230 0.975897
1741164814.076793 0.730000 0.000000 0.000000 0.000000 0.000000 -0.218230 0.975897
1741164814.126778 0.730001 -0.000000 -0.000010 -0.000006 0.000039 -0.223108 0.974794
1741164814.176786 0.730001 -0.000000 -0.000010 -0.000006 0.000039 -0.223108 0.974794
1741164814.226775 0.730000 0.000000 -0.000016 -0.000079 -0.000112 -0.227982 0.973665
1741164814.276786 0.730000 0.000000 -0.000016 -0.000079 -0.000112 -0.227982 0.973665
1741164814.326781 0.729999 -0.000002 -0.000011 -0.000006 0.000041 -0.227984 0.973665
1741164814.376788 0.729999 -0.000002 -0.000011 -0.000006 0.000041 -0.227984 0.973665
1741164814.426775 0.729997 -0.000005 -0.000016 -0.000079 -0.000111 -0.227986 0.973664
1741164814.476788 0.729997 -0.000005 -0.000016 -0.000079 -0.000111 -0.227986 0.973664
1741164814.526778 0.729996 -0.000008 -0.000016 -0.000079 -0.000111 -0.227987 0.973664
1741164814.576792 0.729996 -0.000008 -0.000016 -0.000079 -0.000111 -0.227987 0.973664
1741164814.626785 0.729994 -0.000010 -0.000011 -0.000006 0.000041 -0.227989 0.973664
1741164814.676786 0.729994 -0.000010 -0.000011 -0.000006 0.000041 -0.227989 0.973664
1741164814.726775 0.729993 -0.000013 -0.000016 -0.000079 -0.000111 -0.227991 0.973663
1741164814.776788 0.729993 -0.000013 -0.000016 -0.000079 -0.000111 -0.227991 0.973663
1741164814.826779 0.729991 -0.000016 -0.000011 -0.000006 0.000041 -0.227992 0.973663
1741164814.876747 0.729991 -0.000016 -0.000011 -0.000006 0.000041 -0.227992 0.973663
1741164814.926775 0.729989 -0.000019 -0.000011 -0.000006 0.000041 -0.227994 0.973663
1741164814.976784 0.729989 -0.000019 -0.000011 -0.000006 0.000041 -0.227994 0.973663
1741164815.026775 0.730001 -0.000000 -0.000011 -0.000006 0.000042 -0.232845 0.972514
1741164815.076798 0.730001 -0.000000 -0.000011 -0.000006 0.000042 -0.232845 0.972514
1741164815.126778 0.730001 0.000001 -0.000011 -0.000006 0.000041 -0.237708 0.971337
1741164815.176786 0.730001 0.000001 -0.000011 -0.000006 0.000041 -0.237708 0.971337
1741164815.226778 0.730001 0.000000 -0.000016 -0.000080 -0.000110 -0.242562 0.970136
1741164815.276782 0.730001 0.000000 -0.000016 -0.000080 -0.000110 -0.242562 0.970136
1741164815.326772 0.730001 0.000000 -0.000011 -0.000005 0.000041 -0.247409 0.968911
1741164815.376800 0.730001 0.000000 -0.000011 -0.000005 0.000041 -0.247409 0.968911
1741164815.426778 0.730001 -0.000000 -0.000011 -0.000005 0.000041 -0.252247 0.967663
1741164815.476787 0.730001 -0.000000 -0.000011 -0.000005 0.000041 -0.252247 0.967663
1741164815.526775 0.730001 -0.000001 -0.000011 -0.000005 0.000041 -0.252247 0.967663
1741164815.576789 0.730001 -0.000001 -0.000011 -0.000005 0.000041 -0.252247 0.967663
1741164815.626775 0.730001 0.000001 -0.000011 -0.000005 0.000042 -0.261914 0.965091
1741164815.676790 0.730001 0.000001 -0.000011 -0.000005 0.000042 -0.261914 0.965091
1741164815.726758 0.730001 -0.000000 -0.000016 -0.000083 -0.000108 -0.266732 0.963771
1741164815.776792 0.730001 -0.000000 -0.000016 -0.000083 -0.000108 -0.266732 0.963771
1741164815.826784 0.730001 0.000001 -0.000011 -0.000004 0.000042 -0.271551 0.962424
1741164815.876791 0.730001 0.000001 -0.000011 -0.000004 0.000042 -0.271551 0.962424
1741164815.926776 0.730001 0.000001 -0.000016 -0.000084 -0.000107 -0.276360 0.961054
1741164815.976785 0.730001 0.000001 -0.000016 -0.000084 -0.000107 -0.276360 0.961054
1741164816.026784 0.730000 0.000003 -0.000011 -0.000004 0.000042 -0.276358 0.961055
1741164816.076785 0.730000 0.000003 -0.000011 -0.000004 0.000042 -0.276358 0.961055
1741164816.126775 0.730001 0.000001 -0.000016 -0.000084 -0.000107 -0.281161 0.959660
1741164816.176784 0.730001 0.000001 -0.000016 -0.000084 -0.000107 -0.281161 0.959660
1741164816.226774 0.730001 0.000001 -0.000011 -0.000004 0.000042 -0.285952 0.958244
1741164816.276785 0.730001 0.000001 -0.000011 -0.000004 0.000042 -0.285952 0.958244
1741164816.326776 0.730001 0.000000 -0.000011 -0.000003 0.000042 -0.290741 0.956802
1741164816.376791 0.730001 0.000000 -0.000011 -0.000003 0.000042 -0.290741 0.956802
1741164816.426764 0.730001 0.000002 -0.000011 -0.000003 0.000042 -0.295524 0.955335
1741164816.476783 0.730001 0.000002 -0.000011 -0.000003 0.000042 -0.295524 0.955335
1741164816.526775 0.730001 0.000005 -0.000016 -0.000086 -0.000106 -0.295522 0.955336
1741164816.576782 0.730001 0.000005 -0.000016 -0.000086 -0.000106 -0.295522 0.955336
1741164816.626788 0.730001 0.000002 -0.000011 -0.000003 0.000042 -0.300296 0.953846
1741164816.676784 0.730001 0.000002 -0.000011 -0.000003 0.000042 -0.300296 0.953846
1741164816.726779 0.730001 0.000002 -0.000016 -0.000087 -0.000105 -0.305058 0.952334
1741164816.776783 0.730001 0.000002 -0.000016 -0.000087 -0.000105 -0.305058 0.952334
1741164816.826780 0.730001 0.000006 -0.000016 -0.000087 -0.000105 -0.305055 0.952335
1741164816.876791 0.730001 0.000006 -0.000016 -0.000087 -0.000105 -0.305055 0.952335
1741164816.926776 0.730001 0.000004 -0.000016 -0.000088 -0.000104 -0.309818 0.950796
1741164816.976781 0.730001 0.000004 -0.000016 -0.000088 -0.000104 -0.309818 0.950796
1741164817.026775 0.730001 0.000002 -0.000016 -0.000088 -0.000104 -0.314570 0.949234
1741164817.076782 0.730001 0.000002 -0.000016 -0.000088 -0.000104 -0.314570 0.949234
1741164817.126777 0.730001 0.000006 -0.000016 -0.000088 -0.000104 -0.314567 0.949235
1741164817.176784 0.730001 0.000006 -0.000016 -0.000088 -0.000104 -0.314567 0.949235
1741164817.226796 0.730001 0.000003 -0.000011 -0.000002 0.000042 -0.319307 0.947651
1741164817.276785 0.730001 0.000003 -0.000011 -0.000002 0.000042 -0.319307 0.947651
1741164817.326783 0.730002 0.000008 -0.000011 -0.000002 0.000042 -0.319304 0.947652
1741164817.376789 0.730002 0.000008 -0.000011 -0.000002 0.000042 -0.319304 0.947652
1741164817.426776 0.730000 0.000001 -0.000016 -0.000087 -0.000101 -0.328774 0.944409
1741164817.476784 0.730000 0.000001 -0.000016 -0.000087 -0.000101 -0.328774 0.944409
1741164817.526778 0.730001 0.000006 -0.000016 -0.000090 -0.000103 -0.328771 0.944410
1741164817.576787 0.730001 0.000006 -0.000016 -0.000090 -0.000103 -0.328771 0.944410
1741164817.626773 0.730001 0.000002 -0.000016 -0.000090 -0.000102 -0.333487 0.942755
1741164817.676786 0.730001 0.000002 -0.000016 -0.000090 -0.000102 -0.333487 0.942755
1741164817.726775 0.730000 0.000003 -0.000016 -0.000091 -0.000102 -0.338201 0.941074
1741164817.776783 0.730000 0.000003 -0.000016 -0.000091 -0.000102 -0.338201 0.941074
1741164817.826771 0.730000 0.000008 -0.000011 -0.000001 0.000042 -0.338198 0.941075
1741164817.876781 0.730000 0.000008 -0.000011 -0.000001 0.000042 -0.338198 0.941075
1741164817.926773 0.730000 0.000004 -0.000016 -0.000091 -0.000101 -0.342897 0.939373
1741164817.976789 0.730000 0.000004 -0.000016 -0.000091 -0.000101 -0.342897 0.939373
1741164818.026785 0.730000 0.000000 -0.000016 -0.000092 -0.000101 -0.347591 0.937646
1741164818.076783 0.730000 0.000000 -0.000016 -0.000092 -0.000101 -0.347591 0.937646
1741164818.126773 0.730000 0.000002 -0.000016 -0.000092 -0.000100 -0.352279 0.935895
1741164818.176793 0.730000 0.000002 -0.000016 -0.000092 -0.000100 -0.352279 0.935895
1741164818.226775 0.729999 0.000007 -0.000016 -0.000092 -0.000100 -0.352277 0.935896
1741164818.276787 0.729999 0.000007 -0.000016 -0.000092 -0.000100 -0.352277 0.935896
1741164818.326773 0.730000 0.000000 0.000000 0.000000 0.000000 -0.361615 0.932327
1741164818.376786 0.730000 0.000000 0.000000 0.000000 0.000000 -0.361615 0.932327
1741164818.426779 0.730000 0.000001 -0.000016 -0.000094 -0.000100 -0.366278 0.930505
1741164818.476798 0.730000 0.000001 -0.000016 -0.000094 -0.000100 -0.366278 0.930505
1741164818.526774 0.729999 0.000002 -0.000011 0.000000 0.000042 -0.370926 0.928662
1741164818.576788 0.729999 0.000002 -0.000011 0.000000 0.000042 -0.370926 0.928662
1741164818.626777 0.729998 0.000007 -0.000016 -0.000094 -0.000098 -0.370923 0.928664
1741164818.676787 0.729998 0.000007 -0.000016 -0.000094 -0.000098 -0.370923 0.928664
1741164818.726776 0.729999 0.000004 -0.000016 -0.000095 -0.000098 -0.375564 0.926797
1741164818.776812 0.729999 0.000004 -0.000016 -0.000095 -0.000098 -0.375564 0.926797
1741164818.826776 0.729999 0.000003 -0.000016 -0.000095 -0.000097 -0.380187 0.924910
1741164818.876782 0.729999 0.000003 -0.000016 -0.000095 -0.000097 -0.380187 0.924910
1741164818.926773 0.730000 0.000000 -0.000016 -0.000095 -0.000096 -0.384808 0.922996
1741164818.976783 0.730000 0.000000 -0.000016 -0.000095 -0.000096 -0.384808 0.922996
1741164819.026775 0.730000 0.000001 -0.000011 0.000001 0.000042 -0.389418 0.921061
1741164819.076782 0.730000 0.000001 -0.000011 0.000001 0.000042 -0.389418 0.921061
1741164819.126773 0.729998 0.000008 -0.000011 0.000001 0.000042 -0.389416 0.921062
1741164819.176818 0.729998 0.000008 -0.000011 0.000001 0.000042 -0.389416 0.921062
1741164819.226780 0.729999 0.000005 -0.000016 -0.000097 -0.000096 -0.394018 0.919103
1741164819.276793 0.729999 0.000005 -0.000016 -0.000097 -0.000096 -0.394018 0.919103
1741164819.326773 0.730000 0.000002 -0.000011 0.000001 0.000042 -0.398609 0.917121
1741164819.376786 0.730000 0.000002 -0.000011 0.000001 0.000042 -0.398609 0.917121
1741164819.426774 0.729998 0.000008 -0.000016 -0.000097 -0.000096 -0.398609 0.917121
1741164819.476795 0.729998 0.000008 -0.000016 -0.000097 -0.000096 -0.398609 0.917121
1741164819.526774 0.729999 0.000005 -0.000016 -0.000098 -0.000095 -0.403190 0.915116
1741164819.576784 0.729999 0.000005 -0.000016 -0.000098 -0.000095 -0.403190 0.915116
1741164819.626775 0.729998 0.000007 -0.000016 -0.000098 -0.000095 -0.407767 0.913086
1741164819.676791 0.729998 0.000007 -0.000016 -0.000098 -0.000095 -0.407767 0.913086
1741164819.726779 0.729999 0.000002 -0.000016 -0.000099 -0.000094 -0.412327 0.911036
1741164819.776792 0.729999 0.000002 -0.000016 -0.000099 -0.000094 -0.412327 0.911036
1741164819.826775 0.730000 0.000003 -0.000011 0.000002 0.000042 -0.416872 0.908965
1741164819.876791 0.730000 0.000003 -0.000011 0.000002 0.000042 -0.416872 0.908965
1741164819.926796 0.730000 0.000003 -0.000016 -0.000100 -0.000093 -0.421412 0.906869
1741164819.976784 0.730000 0.000003 -0.000016 -0.000100 -0.000093 -0.421412 0.906869
1741164820.026772 0.730000 0.000005 -0.000011 0.000003 0.000042 -0.425948 0.904748
1741164820.076786 0.730000 0.000005 -0.000011 0.000003 0.000042 -0.425948 0.904748
1741164820.126778 0.730000 0.000014 -0.000011 0.000003 0.000042 -0.425956 0.904744
1741164820.176786 0.730000 0.000014 -0.000011 0.000003 0.000042 -0.425956 0.904744
1741164820.226779 0.729999 0.000001 -0.000011 0.000003 0.000042 -0.434971 0.900444
1741164820.276787 0.729999 0.000001 -0.000011 0.000003 0.000042 -0.434971 0.900444
1741164820.326776 0.730000 0.000001 -0.000011 0.000003 0.000042 -0.439463 0.898261
1741164820.376797 0.730000 0.000001 -0.000011 0.000003 0.000042 -0.439463 0.898261
1741164820.426776 0.730000 0.000003 -0.000016 -0.000102 -0.000091 -0.443956 0.896048
1741164820.476791 0.730000 0.000003 -0.000016 -0.000102 -0.000091 -0.443956 0.896048
1741164820.526780 0.730001 0.000004 -0.000011 0.000004 0.000042 -0.448427 0.893819
1741164820.576786 0.730001 0.000004 -0.000011 0.000004 0.000042 -0.448427 0.893819
1741164820.626775 0.730001 0.000005 -0.000016 -0.000103 -0.000090 -0.452898 0.891562
1741164820.676784 0.730001 0.000005 -0.000016 -0.000103 -0.000090 -0.452898 0.891562
1741164820.726776 0.730002 0.000006 -0.000016 -0.000103 -0.000089 -0.457349 0.889287
1741164820.776734 0.730002 0.000006 -0.000016 -0.000103 -0.000089 -0.457349 0.889287
1741164820.826782 0.730003 0.000007 -0.000016 -0.000104 -0.000089 -0.461792 0.886988
1741164820.876784 0.730003 0.000007 -0.000016 -0.000104 -0.000089 -0.461792 0.886988
1741164820.926784 0.730004 0.000009 -0.000016 -0.000104 -0.000088 -0.466229 0.884664
1741164820.976786 0.730004 0.000009 -0.000016 -0.000104 -0.000088 -0.466229 0.884664
1741164821.026779 0.730005 0.000009 -0.000016 -0.000105 -0.000088 -0.470645 0.882323
1741164821.076784 0.730005 0.000009 -0.000016 -0.000105 -0.000088 -0.470645 0.882323
1741164821.126776 0.730000 0.000001 -0.000007 0.000071 0.000018 -0.479425 0.877583
1741164821.176795 0.730000 0.000001 -0.000007 0.000071 0.000018 -0.479425 0.877583
1741164821.226776 0.730000 0.000001 -0.000011 0.000005 0.000041 -0.483808 0.875174
1741164821.276786 0.730000 0.000001 -0.000011 0.000005 0.000041 -0.483808 0.875174
1741164821.326778 0.730008 0.000013 -0.000016 -0.000106 -0.000086 -0.483837 0.875158
1741164821.376785 0.730008 0.000013 -0.000016 -0.000106 -0.000086 -0.483837 0.875158
1741164821.426778 0.730005 0.000008 -0.000016 -0.000107 -0.000086 -0.488198 0.872733
1741164821.476785 0.730005 0.000008 -0.000016 -0.000107 -0.000086 -0.488198 0.872733
1741164821.526778 0.730006 0.000009 -0.000016 -0.000107 -0.000085 -0.492558 0.870279
1741164821.576786 0.730006 0.000009 -0.000016 -0.000107 -0.000085 -0.492558 0.870279
1741164821.626775 0.730007 0.000011 -0.000016 -0.000107 -0.000085 -0.496904 0.867806
1741164821.676825 0.730007 0.000011 -0.000016 -0.000107 -0.000085 -0.496904 0.867806
1741164821.726780 0.730000 0.000001 -0.000016 0.000133 0.000045 -0.505535 0.862806
1741164821.776783 0.730000 0.000001 -0.000016 0.000133 0.000045 -0.505535 0.862806
1741164821.826777 0.730000 0.000001 -0.000010 0.000006 0.000039 -0.509841 0.860269
1741164821.876787 0.730000 0.000001 -0.000010 0.000006 0.000039 -0.509841 0.860269
1741164821.926776 0.730001 0.000002 -0.000016 -0.000109 -0.000082 -0.514142 0.857705
1741164821.976787 0.730001 0.000002 -0.000016 -0.000109 -0.000082 -0.514142 0.857705
1741164822.026776 0.730009 0.000016 -0.000011 0.000007 0.000041 -0.514169 0.857689
1741164822.076784 0.730009 0.000016 -0.000011 0.000007 0.000041 -0.514169 0.857689
1741164822.126786 0.730005 0.000010 -0.000011 0.000007 0.000041 -0.518436 0.855117
1741164822.176780 0.730005 0.000010 -0.000011 0.000007 0.000041 -0.518436 0.855117
1741164822.226777 0.730014 0.000023 -0.000011 0.000007 0.000041 -0.518462 0.855101
1741164822.276782 0.730014 0.000023 -0.000011 0.000007 0.000041 -0.518462 0.855101
1741164822.326782 0.730022 0.000036 -0.000016 -0.000110 -0.000082 -0.518488 0.855085
1741164822.376786 0.730022 0.000036 -0.000016 -0.000110 -0.000082 -0.518488 0.855085
1741164822.426774 0.730030 0.000049 -0.000016 -0.000110 -0.000082 -0.518515 0.855069
1741164822.476784 0.730030 0.000049 -0.000016 -0.000110 -0.000082 -0.518515 0.855069
1741164822.526778 0.730039 0.000062 -0.000016 -0.000110 -0.000082 -0.518541 0.855053
1741164822.576789 0.730039 0.000062 -0.000016 -0.000110 -0.000082 -0.518541 0.855053
1741164822.626776 0.730047 0.000075 -0.000016 -0.000110 -0.000082 -0.518567 0.855037
1741164822.676786 0.730047 0.000075 -0.000016 -0.000110 -0.000082 -0.518567 0.855037
1741164822.726776 0.730055 0.000088 -0.000016 -0.000110 -0.000082 -0.518594 0.855021
1741164822.776788 0.730055 0.000088 -0.000016 -0.000110 -0.000082 -0.518594 0.855021
1741164822.826776 0.730064 0.000102 -0.000011 0.000007 0.000041 -0.518620 0.855005
1741164822.876783 0.730064 0.000102 -0.000011 0.000007 0.000041 -0.518620 0.855005
1741164822.926776 0.730002 0.000003 -0.000016 -0.000110 -0.000081 -0.522693 0.852521
1741164822.976786 0.730002 0.000003 -0.000016 -0.000110 -0.000081 -0.522693 0.852521
1741164823.026775 0.730002 0.000004 -0.000016 -0.000110 -0.000081 -0.526950 0.849896
1741164823.076786 0.730002 0.000004 -0.000016 -0.000110 -0.000081 -0.526950 0.849896
1741164823.126773 0.730003 0.000006 -0.000016 -0.000111 -0.000080 -0.531198 0.847247
1741164823.176787 0.730003 0.000006 -0.000016 -0.000111 -0.000080 -0.531198 0.847247
1741164823.226773 0.730004 0.000008 -0.000011 0.000008 0.000041 -0.535430 0.844580
1741164823.276787 0.730004 0.000008 -0.000011 0.000008 0.000041 -0.535430 0.844580
1741164823.326773 0.730004 0.000008 -0.000016 -0.000112 -0.000079 -0.539647 0.841892
1741164823.376784 0.730004 0.000008 -0.000016 -0.000112 -0.000079 -0.539647 0.841892
1741164823.426773 0.730004 0.000010 -0.000011 0.000008 0.000041 -0.543847 0.839185
1741164823.476787 0.730004 0.000010 -0.000011 0.000008 0.000041 -0.543847 0.839185
1741164823.526774 0.730005 0.000011 -0.000016 -0.000113 -0.000078 -0.548040 0.836452
1741164823.576784 0.730005 0.000011 -0.000016 -0.000113 -0.000078 -0.548040 0.836452
1741164823.626775 0.730000 0.000000 -0.000007 -0.000057 -0.000021 -0.556359 0.830942
1741164823.676790 0.730000 0.000000 -0.000007 -0.000057 -0.000021 -0.556359 0.830942
1741164823.726774 0.730000 0.000001 -0.000016 -0.000114 -0.000077 -0.560508 0.828149
1741164823.776788 0.730000 0.000001 -0.000016 -0.000114 -0.000077 -0.560508 0.828149
1741164823.826775 0.730001 0.000002 -0.000016 -0.000114 -0.000076 -0.564644 0.825335
1741164823.876786 0.730001 0.000002 -0.000016 -0.000114 -0.000076 -0.564644 0.825335
1741164823.926775 0.730005 0.000015 -0.000011 0.000009 0.000041 -0.564655 0.825327
1741164823.976787 0.730005 0.000015 -0.000011 0.000009 0.000041 -0.564655 0.825327
1741164824.026777 0.730010 0.000027 -0.000016 -0.000114 -0.000076 -0.564667 0.825319
1741164824.076793 0.730010 0.000027 -0.000016 -0.000114 -0.000076 -0.564667 0.825319
1741164824.126775 0.730015 0.000041 -0.000011 0.000009 0.000041 -0.564678 0.825311
1741164824.176794 0.730015 0.000041 -0.000011 0.000009 0.000041 -0.564678 0.825311
1741164824.226775 0.730020 0.000053 -0.000016 -0.000114 -0.000076 -0.564690 0.825303
1741164824.276786 0.730020 0.000053 -0.000016 -0.000114 -0.000076 -0.564690 0.825303
1741164824.326775 0.730025 0.000065 -0.000016 -0.000114 -0.000076 -0.564702 0.825295
1741164824.376790 0.730025 0.000065 -0.000016 -0.000114 -0.000076 -0.564702 0.825295
1741164824.426776 0.730029 0.000078 -0.000011 0.000009 0.000041 -0.564714 0.825287
1741164824.476784 0.730029 0.000078 -0.000011 0.000009 0.000041 -0.564714 0.825287
1741164824.526775 0.730034 0.000091 -0.000011 0.000009 0.000041 -0.564725 0.825279
1741164824.576796 0.730034 0.000091 -0.000011 0.000009 0.000041 -0.564725 0.825279
1741164824.626787 0.730001 0.000004 -0.000011 0.000010 0.000041 -0.568764 0.822501
1741164824.676785 0.730001 0.000004 -0.000011 0.000010 0.000041 -0.568764 0.822501
1741164824.726778 0.730001 0.000005 -0.000016 -0.000115 -0.000075 -0.572872 0.819644
1741164824.776783 0.730001 0.000005 -0.000016 -0.000115 -0.000075 -0.572872 0.819644
1741164824.826773 0.730001 0.000006 -0.000011 0.000010 0.000041 -0.576961 0.816772
1741164824.876788 0.730001 0.000006 -0.000011 0.000010 0.000041 -0.576961 0.816772
1741164824.926779 0.730002 0.000007 -0.000016 -0.000116 -0.000074 -0.581040 0.813875
1741164824.976831 0.730002 0.000007 -0.000016 -0.000116 -0.000074 -0.581040 0.813875
1741164825.026777 0.730002 0.000008 -0.000016 -0.000116 -0.000073 -0.585102 0.810960
1741164825.076785 0.730002 0.000008 -0.000016 -0.000116 -0.000073 -0.585102 0.810960
1741164825.126777 0.730002 0.000010 -0.000011 0.000011 0.000041 -0.589149 0.808025
1741164825.176782 0.730002 0.000010 -0.000011 0.000011 0.000041 -0.589149 0.808025
1741164825.226781 0.730000 0.000000 0.000000 0.000000 0.000000 -0.597195 0.802096
1741164825.276791 0.730000 0.000000 0.000000 0.000000 0.000000 -0.597195 0.802096
1741164825.326778 0.730002 0.000011 -0.000011 0.000011 0.000041 -0.597194 0.802097
1741164825.376798 0.730002 0.000011 -0.000011 0.000011 0.000041 -0.597194 0.802097
1741164825.426775 0.730000 0.000005 -0.000011 0.000011 0.000041 -0.601196 0.799101
1741164825.476782 0.730000 0.000005 -0.000011 0.000011 0.000041 -0.601196 0.799101
1741164825.526777 0.730002 0.000015 -0.000016 -0.000118 -0.000071 -0.601195 0.799102
1741164825.576788 0.730002 0.000015 -0.000016 -0.000118 -0.000071 -0.601195 0.799102
1741164825.626779 0.730004 0.000026 -0.000011 0.000011 0.000041 -0.601194 0.799103
1741164825.676783 0.730004 0.000026 -0.000011 0.000011 0.000041 -0.601194 0.799103
1741164825.726775 0.730005 0.000037 -0.000011 0.000011 0.000041 -0.601193 0.799103
1741164825.776785 0.730005 0.000037 -0.000011 0.000011 0.000041 -0.601193 0.799103
1741164825.826777 0.730007 0.000048 -0.000016 -0.000117 -0.000071 -0.601192 0.799104
1741164825.876838 0.730007 0.000048 -0.000016 -0.000117 -0.000071 -0.601192 0.799104
1741164825.926778 0.730009 0.000059 -0.000011 0.000011 0.000041 -0.601192 0.799105
1741164825.976787 0.730009 0.000059 -0.000011 0.000011 0.000041 -0.601192 0.799105
1741164826.026780 0.730011 0.000070 -0.000016 -0.000117 -0.000071 -0.601191 0.799106
1741164826.076782 0.730011 0.000070 -0.000016 -0.000117 -0.000071 -0.601191 0.799106
1741164826.126774 0.730012 0.000081 -0.000011 0.000011 0.000041 -0.601190 0.799106
1741164826.176785 0.730012 0.000081 -0.000011 0.000011 0.000041 -0.601190 0.799106
1741164826.226776 0.730014 0.000092 -0.000011 0.000011 0.000041 -0.601189 0.799107
1741164826.276787 0.730014 0.000092 -0.000011 0.000011 0.000041 -0.601189 0.799107
1741164826.326784 0.730016 0.000103 -0.000011 0.000011 0.000041 -0.601188 0.799108
1741164826.376785 0.730016 0.000103 -0.000011 0.000011 0.000041 -0.601188 0.799108
1741164826.426778 0.730018 0.000114 -0.000011 0.000011 0.000041 -0.601187 0.799109
1741164826.476788 0.730018 0.000114 -0.000011 0.000011 0.000041 -0.601187 0.799109
1741164826.526775 0.730019 0.000125 -0.000011 0.000011 0.000041 -0.601186 0.799109
1741164826.576806 0.730019 0.000125 -0.000011 0.000011 0.000041 -0.601186 0.799109
1741164826.626780 0.730021 0.000136 -0.000011 0.000011 0.000041 -0.601185 0.799110
1741164826.676808 0.730021 0.000136 -0.000011 0.000011 0.000041 -0.601185 0.799110
1741164826.726780 0.730023 0.000147 -0.000011 0.000011 0.000041 -0.601184 0.799111
1741164826.776788 0.730023 0.000147 -0.000011 0.000011 0.000041 -0.601184 0.799111
1741164826.826779 0.730000 0.000006 -0.000011 0.000011 0.000040 -0.605183 0.796086
1741164826.876797 0.730000 0.000006 -0.000011 0.000011 0.000040 -0.605183 0.796086
1741164826.926777 0.730002 0.000017 -0.000011 0.000011 0.000040 -0.605181 0.796088
1741164826.976782 0.730002 0.000017 -0.000011 0.000011 0.000040 -0.605181 0.796088
1741164827.026778 0.730003 0.000027 -0.000016 -0.000118 -0.000070 -0.605178 0.796090
1741164827.076790 0.730003 0.000027 -0.000016 -0.000118 -0.000070 -0.605178 0.796090
1741164827.126784 0.730005 0.000039 -0.000011 0.000011 0.000040 -0.605176 0.796092
1741164827.176789 0.730005 0.000039 -0.000011 0.000011 0.000040 -0.605176 0.796092
1741164827.226777 0.730006 0.000050 -0.000011 0.000011 0.000040 -0.605173 0.796094
1741164827.276783 0.730006 0.000050 -0.000011 0.000011 0.000040 -0.605173 0.796094
1741164827.326783 0.730007 0.000060 -0.000011 0.000011 0.000040 -0.605171 0.796096
1741164827.376788 0.730007 0.000060 -0.000011 0.000011 0.000040 -0.605171 0.796096
1741164827.426781 0.730009 0.000071 -0.000011 0.000011 0.000040 -0.605168 0.796098
1741164827.476784 0.730009 0.000071 -0.000011 0.000011 0.000040 -0.605168 0.796098
1741164827.526777 0.730010 0.000081 -0.000016 -0.000118 -0.000070 -0.605166 0.796099
1741164827.576788 0.730010 0.000081 -0.000016 -0.000118 -0.000070 -0.605166 0.796099
1741164827.626776 0.730012 0.000092 -0.000016 -0.000118 -0.000070 -0.605163 0.796101
1741164827.676789 0.730012 0.000092 -0.000016 -0.000118 -0.000070 -0.605163 0.796101
1741164827.726779 0.730013 0.000103 -0.000016 -0.000118 -0.000070 -0.605161 0.796103
1741164827.776787 0.730013 0.000103 -0.000016 -0.000118 -0.000070 -0.605161 0.796103
1741164827.826776 0.730015 0.000113 -0.000016 -0.000118 -0.000070 -0.605158 0.796105
1741164827.876788 0.730015 0.000113 -0.000016 -0.000118 -0.000070 -0.605158 0.796105
1741164827.926777 0.730016 0.000124 -0.000016 -0.000118 -0.000070 -0.605156 0.796107
1741164827.976787 0.730016 0.000124 -0.000016 -0.000118 -0.000070 -0.605156 0.796107
1741164828.026776 0.730017 0.000135 -0.000011 0.000011 0.000040 -0.605153 0.796109
1741164828.076785 0.730017 0.000135 -0.000011 0.000011 0.000040 -0.605153 0.796109
1741164828.126787 0.730019 0.000145 -0.000016 -0.000118 -0.000070 -0.605151 0.796111
1741164828.176783 0.730019 0.000145 -0.000016 -0.000118 -0.000070 -0.605151 0.796111
1741164828.226785 0.730020 0.000157 -0.000011 0.000011 0.000040 -0.605148 0.796113
1741164828.276795 0.730020 0.000157 -0.000011 0.000011 0.000040 -0.605148 0.796113
1741164828.326799 0.730022 0.000167 -0.000011 0.000011 0.000040 -0.605146 0.796115
1741164828.376792 0.730022 0.000167 -0.000011 0.000011 0.000040 -0.605146 0.796115
1741164828.426778 0.730023 0.000178 -0.000011 0.000011 0.000040 -0.605144 0.796116
1741164828.476789 0.730023 0.000178 -0.000011 0.000011 0.000040 -0.605144 0.796116
1741164828.526778 0.732675 -0.009633 -0.000011 0.000011 0.000040 -0.605184 0.796085
1741164828.576787 0.732675 -0.009633 -0.000011 0.000011 0.000040 -0.605184 0.796085
1741164828.626781 0.735350 -0.019268 -0.000016 -0.000118 -0.000070 -0.605184 0.796086
1741164828.676794 0.735350 -0.019268 -0.000016 -0.000118 -0.000070 -0.605184 0.796086
1741164828.726780 0.738025 -0.028902 -0.000011 0.000011 0.000040 -0.605184 0.796086
1741164828.776784 0.738025 -0.028902 -0.000011 0.000011 0.000040 -0.605184 0.796086
1741164828.826775 0.740700 -0.038537 -0.000011 0.000011 0.000040 -0.605184 0.796086
1741164828.876790 0.740700 -0.038537 -0.000011 0.000011 0.000040 -0.605184 0.796086
1741164828.926775 0.743375 -0.048172 -0.000016 -0.000118 -0.000070 -0.605186 0.796084
1741164828.976783 0.743375 -0.048172 -0.000016 -0.000118 -0.000070 -0.605186 0.796084
1741164829.026776 0.746050 -0.057807 -0.000016 -0.000118 -0.000070 -0.605183 0.796086
1741164829.076785 0.746050 -0.057807 -0.000016 -0.000118 -0.000070 -0.605183 0.796086
1741164829.126776 0.748726 -0.067441 -0.000011 0.000011 0.000040 -0.605186 0.796084
1741164829.176788 0.748726 -0.067441 -0.000011 0.000011 0.000040 -0.605186 0.796084
1741164829.226778 0.751401 -0.077076 -0.000011 0.000011 0.000040 -0.605183 0.796087
1741164829.276791 0.751401 -0.077076 -0.000011 0.000011 0.000040 -0.605183 0.796087
1741164829.326778 0.756750 -0.096355 -0.000011 0.000012 0.000041 -0.605188 0.796083
1741164829.376782 0.756750 -0.096355 -0.000011 0.000012 0.000041 -0.605188 0.796083
1741164829.426782 0.759425 -0.105990 -0.000011 0.000011 0.000041 -0.605185 0.796085
1741164829.476787 0.759425 -0.105990 -0.000011 0.000011 0.000041 -0.605185 0.796085
1741164829.526784 0.762100 -0.115624 -0.000011 0.000011 0.000040 -0.605187 0.796083
1741164829.576801 0.762100 -0.115624 -0.000011 0.000011 0.000040 -0.605187 0.796083
1741164829.626776 0.764775 -0.125260 -0.000016 -0.000118 -0.000070 -0.605184 0.796085
1741164829.676794 0.764775 -0.125260 -0.000016 -0.000118 -0.000070 -0.605184 0.796085
1741164829.726782 0.767450 -0.134895 -0.000016 -0.000118 -0.000070 -0.605184 0.796086
1741164829.776788 0.767450 -0.134895 -0.000016 -0.000118 -0.000070 -0.605184 0.796086
1741164829.826787 0.770125 -0.144529 -0.000016 -0.000118 -0.000070 -0.605187 0.796084
1741164829.876785 0.770125 -0.144529 -0.000016 -0.000118 -0.000070 -0.605187 0.796084
1741164829.926779 0.772800 -0.154163 -0.000016 -0.000118 -0.000070 -0.605183 0.796086
1741164829.976779 0.772800 -0.154163 -0.000016 -0.000118 -0.000070 -0.605183 0.796086
1741164830.026776 0.772802 -0.154153 -0.000016 -0.000118 -0.000070 -0.605181 0.796088
1741164830.076791 0.772802 -0.154153 -0.000016 -0.000118 -0.000070 -0.605181 0.796088
1741164830.126778 0.775476 -0.163796 -0.000011 0.000011 0.000040 -0.605186 0.796084
1741164830.176803 0.775476 -0.163796 -0.000011 0.000011 0.000040 -0.605186 0.796084
1741164830.226779 0.778151 -0.173431 -0.000016 -0.000118 -0.000070 -0.605186 0.796084
1741164830.276784 0.778151 -0.173431 -0.000016 -0.000118 -0.000070 -0.605186 0.796084
1741164830.326780 0.783499 -0.192711 -0.000016 -0.000119 -0.000071 -0.605188 0.796083
1741164830.376791 0.783499 -0.192711 -0.000016 -0.000119 -0.000071 -0.605188 0.796083
1741164830.426776 0.786175 -0.202346 -0.000016 -0.000118 -0.000070 -0.605184 0.796085
1741164830.476784 0.786175 -0.202346 -0.000016 -0.000118 -0.000070 -0.605184 0.796085
1741164830.526780 0.788850 -0.211980 -0.000011 0.000011 0.000041 -0.605184 0.796085
1741164830.576788 0.788850 -0.211980 -0.000011 0.000011 0.000041 -0.605184 0.796085
1741164830.626777 0.791525 -0.221616 -0.000016 -0.000118 -0.000070 -0.605184 0.796085
1741164830.676788 0.791525 -0.221616 -0.000016 -0.000118 -0.000070 -0.605184 0.796085
1741164830.726811 0.794200 -0.231250 -0.000016 -0.000118 -0.000070 -0.605184 0.796086
1741164830.776786 0.794200 -0.231250 -0.000016 -0.000118 -0.000070 -0.605184 0.796086
1741164830.826786 0.796875 -0.240884 -0.000011 0.000011 0.000040 -0.605184 0.796086
1741164830.876790 0.796875 -0.240884 -0.000011 0.000011 0.000040 -0.605184 0.796086
1741164830.926779 0.799550 -0.250519 -0.000016 -0.000118 -0.000070 -0.605186 0.796084
1741164830.976794 0.799550 -0.250519 -0.000016 -0.000118 -0.000070 -0.605186 0.796084
1741164831.026781 0.802225 -0.260154 -0.000016 -0.000118 -0.000070 -0.605186 0.796084
1741164831.076783 0.802225 -0.260154 -0.000016 -0.000118 -0.000070 -0.605186 0.796084
1741164831.126776 0.804900 -0.269788 -0.000016 -0.000118 -0.000070 -0.605186 0.796084
1741164831.176785 0.804900 -0.269788 -0.000016 -0.000118 -0.000070 -0.605186 0.796084
1741164831.226778 0.810249 -0.289067 -0.000005 0.000003 0.000024 -0.605185 0.796085
1741164831.276785 0.810249 -0.289067 -0.000005 0.000003 0.000024 -0.605185 0.796085
1741164831.326775 0.812924 -0.298702 -0.000011 0.000011 0.000041 -0.605188 0.796083
1741164831.376784 0.812924 -0.298702 -0.000011 0.000011 0.000041 -0.605188 0.796083
1741164831.426784 0.812926 -0.298691 -0.000011 0.000011 0.000040 -0.605185 0.796085
1741164831.476789 0.812926 -0.298691 -0.000011 0.000011 0.000040 -0.605185 0.796085
1741164831.526778 0.815600 -0.308333 -0.000011 0.000011 0.000040 -0.605184 0.796086
1741164831.576787 0.815600 -0.308333 -0.000011 0.000011 0.000040 -0.605184 0.796086
1741164831.626777 0.818275 -0.317967 -0.000016 -0.000118 -0.000070 -0.605183 0.796086
1741164831.676784 0.818275 -0.317967 -0.000016 -0.000118 -0.000070 -0.605183 0.796086
1741164831.726780 0.820950 -0.327602 -0.000016 -0.000118 -0.000070 -0.605183 0.796087
1741164831.776785 0.820950 -0.327602 -0.000016 -0.000118 -0.000070 -0.605183 0.796087
1741164831.826778 0.826299 -0.346881 -0.000011 -0.000082 -0.000049 -0.605185 0.796085
1741164831.876788 0.826299 -0.346881 -0.000011 -0.000082 -0.000049 -0.605185 0.796085
1741164831.926777 0.828974 -0.356515 -0.000011 0.000011 0.000041 -0.605185 0.796085
1741164831.976784 0.828974 -0.356515 -0.000011 0.000011 0.000041 -0.605185 0.796085
1741164832.026774 0.831649 -0.366150 -0.000016 -0.000118 -0.000070 -0.605184 0.796085
1741164832.076788 0.831649 -0.366150 -0.000016 -0.000118 -0.000070 -0.605184 0.796085
1741164832.126776 0.834325 -0.375781 -0.000016 -0.000118 -0.000070 -0.605186 0.796084
1741164832.176784 0.834325 -0.375781 -0.000016 -0.000118 -0.000070 -0.605186 0.796084
1741164832.226778 0.837000 -0.385416 -0.000016 -0.000118 -0.000070 -0.605183 0.796086
1741164832.276788 0.837000 -0.385416 -0.000016 -0.000118 -0.000070 -0.605183 0.796086
1741164832.326776 0.839675 -0.395051 -0.000016 -0.000118 -0.000070 -0.605186 0.796084
1741164832.376780 0.839675 -0.395051 -0.000016 -0.000118 -0.000070 -0.605186 0.796084
1741164832.426779 0.842350 -0.404686 -0.000016 -0.000118 -0.000070 -0.605183 0.796087
1741164832.476786 0.842350 -0.404686 -0.000016 -0.000118 -0.000070 -0.605183 0.796087
1741164832.526780 0.845025 -0.414324 -0.000011 0.000011 0.000040 -0.605187 0.796084
1741164832.576781 0.845025 -0.414324 -0.000011 0.000011 0.000040 -0.605187 0.796084
1741164832.626776 0.847700 -0.423960 -0.000016 -0.000118 -0.000070 -0.605186 0.796084
1741164832.676786 0.847700 -0.423960 -0.000016 -0.000118 -0.000070 -0.605186 0.796084
1741164832.726784 0.850375 -0.433594 -0.000016 -0.000118 -0.000070 -0.605186 0.796084
1741164832.776792 0.850375 -0.433594 -0.000016 -0.000118 -0.000070 -0.605186 0.796084
1741164832.826774 0.853050 -0.443228 -0.000011 0.000011 0.000040 -0.605186 0.796084
1741164832.876800 0.853050 -0.443228 -0.000011 0.000011 0.000040 -0.605186 0.796084
1741164832.926774 0.855725 -0.452863 -0.000011 0.000011 0.000040 -0.605183 0.796087
1741164832.976788 0.855725 -0.452863 -0.000011 0.000011 0.000040 -0.605183 0.796087
1741164833.026776 0.861074 -0.472143 -0.000007 0.000073 0.000008 -0.605186 0.796084
1741164833.076796 0.861074 -0.472143 -0.000007 0.000073 0.000008 -0.605186 0.796084
1741164833.126778 0.863749 -0.481778 -0.000016 -0.000118 -0.000070 -0.605184 0.796085
1741164833.176781 0.863749 -0.481778 -0.000016 -0.000118 -0.000070 -0.605184 0.796085
1741164833.226775 0.866424 -0.491413 -0.000016 -0.000118 -0.000070 -0.605184 0.796085
1741164833.276788 0.866424 -0.491413 -0.000016 -0.000118 -0.000070 -0.605184 0.796085
1741164833.326783 0.869100 -0.501044 -0.000016 -0.000118 -0.000070 -0.605186 0.796084
1741164833.376795 0.869100 -0.501044 -0.000016 -0.000118 -0.000070 -0.605186 0.796084
1741164833.426775 0.871775 -0.510678 -0.000011 0.000011 0.000040 -0.605183 0.796086
1741164833.476815 0.871775 -0.510678 -0.000011 0.000011 0.000040 -0.605183 0.796086
1741164833.526782 0.874450 -0.520313 -0.000016 -0.000118 -0.000070 -0.605186 0.796084
1741164833.576797 0.874450 -0.520313 -0.000016 -0.000118 -0.000070 -0.605186 0.796084
1741164833.626780 0.877124 -0.529955 -0.000016 -0.000118 -0.000070 -0.605187 0.796083
1741164833.676785 0.877124 -0.529955 -0.000016 -0.000118 -0.000070 -0.605187 0.796083
1741164833.726778 0.879799 -0.539589 -0.000011 0.000011 0.000040 -0.605187 0.796083
1741164833.776796 0.879799 -0.539589 -0.000011 0.000011 0.000040 -0.605187 0.796083
1741164833.826791 0.882474 -0.549225 -0.000016 -0.000118 -0.000070 -0.605187 0.796083
1741164833.876780 0.882474 -0.549225 -0.000016 -0.000118 -0.000070 -0.605187 0.796083
1741164833.926781 0.885150 -0.558859 -0.000016 -0.000118 -0.000070 -0.605187 0.796084
1741164833.976784 0.885150 -0.558859 -0.000016 -0.000118 -0.000070 -0.605187 0.796084
1741164834.026777 0.887825 -0.568493 -0.000016 -0.000118 -0.000070 -0.605186 0.796084
1741164834.076787 0.887825 -0.568493 -0.000016 -0.000118 -0.000070 -0.605186 0.796084
1741164834.126776 0.893174 -0.587770 -0.000015 -0.000114 -0.000068 -0.605185 0.796085
1741164834.176786 0.893174 -0.587770 -0.000015 -0.000114 -0.000068 -0.605185 0.796085
1741164834.226779 0.895849 -0.597405 -0.000016 -0.000118 -0.000070 -0.605187 0.796083
1741164834.276787 0.895849 -0.597405 -0.000016 -0.000118 -0.000070 -0.605187 0.796083
1741164834.326775 0.898525 -0.607036 -0.000016 -0.000118 -0.000070 -0.605183 0.796086
1741164834.376783 0.898525 -0.607036 -0.000016 -0.000118 -0.000070 -0.605183 0.796086
1741164834.426811 0.901200 -0.616670 -0.000011 0.000011 0.000040 -0.605186 0.796084
1741164834.476787 0.901200 -0.616670 -0.000011 0.000011 0.000040 -0.605186 0.796084
1741164834.526778 0.903875 -0.626305 -0.000016 -0.000118 -0.000070 -0.605183 0.796086
1741164834.576787 0.903875 -0.626305 -0.000016 -0.000118 -0.000070 -0.605183 0.796086
1741164834.626779 0.906550 -0.635939 -0.000016 -0.000118 -0.000070 -0.605186 0.796084
1741164834.676783 0.906550 -0.635939 -0.000016 -0.000118 -0.000070 -0.605186 0.796084
1741164834.726781 0.911899 -0.655219 -0.000009 0.000009 0.000033 -0.605185 0.796085
1741164834.776796 0.911899 -0.655219 -0.000009 0.000009 0.000033 -0.605185 0.796085
1741164834.826777 0.914574 -0.664854 -0.000016 -0.000118 -0.000070 -0.605184 0.796085
1741164834.876789 0.914574 -0.664854 -0.000016 -0.000118 -0.000070 -0.605184 0.796085
1741164834.926773 0.914575 -0.664843 -0.000016 -0.000118 -0.000070 -0.605182 0.796087
1741164834.976817 0.914575 -0.664843 -0.000016 -0.000118 -0.000070 -0.605182 0.796087
1741164835.026778 0.917250 -0.674484 -0.000011 0.000011 0.000040 -0.605186 0.796084
1741164835.076787 0.917250 -0.674484 -0.000011 0.000011 0.000040 -0.605186 0.796084
1741164835.126777 0.919925 -0.684118 -0.000011 0.000011 0.000040 -0.605186 0.796084
1741164835.176788 0.919925 -0.684118 -0.000011 0.000011 0.000040 -0.605186 0.796084
1741164835.226781 0.925274 -0.703396 -0.000016 -0.000118 -0.000070 -0.605184 0.796085
1741164835.276787 0.925274 -0.703396 -0.000016 -0.000118 -0.000070 -0.605184 0.796085
1741164835.326779 0.927949 -0.713030 -0.000011 0.000011 0.000040 -0.605184 0.796086
1741164835.376783 0.927949 -0.713030 -0.000011 0.000011 0.000040 -0.605184 0.796086
1741164835.426776 0.930624 -0.722666 -0.000016 -0.000118 -0.000070 -0.605184 0.796086
1741164835.476834 0.930624 -0.722666 -0.000016 -0.000118 -0.000070 -0.605184 0.796086
1741164835.526778 0.933299 -0.732299 -0.000011 0.000011 0.000040 -0.605184 0.796086
1741164835.576788 0.933299 -0.732299 -0.000011 0.000011 0.000040 -0.605184 0.796086
1741164835.626779 0.935974 -0.741934 -0.000011 0.000011 0.000040 -0.605183 0.796086
1741164835.676790 0.935974 -0.741934 -0.000011 0.000011 0.000040 -0.605183 0.796086
1741164835.726778 0.938650 -0.751568 -0.000011 0.000011 0.000040 -0.605183 0.796086
1741164835.776785 0.938650 -0.751568 -0.000011 0.000011 0.000040 -0.605183 0.796086
1741164835.826776 0.941325 -0.761203 -0.000011 0.000011 0.000040 -0.605183 0.796086
1741164835.876783 0.941325 -0.761203 -0.000011 0.000011 0.000040 -0.605183 0.796086
1741164835.926777 0.944000 -0.770837 -0.000011 0.000011 0.000040 -0.605183 0.796087
1741164835.976788 0.944000 -0.770837 -0.000011 0.000011 0.000040 -0.605183 0.796087
1741164836.026773 0.949349 -0.790118 -0.000011 -0.000082 -0.000049 -0.605185 0.796085
1741164836.076784 0.949349 -0.790118 -0.000011 -0.000082 -0.000049 -0.605185 0.796085
1741164836.126779 0.952024 -0.799752 -0.000011 0.000011 0.000041 -0.605185 0.796085
1741164836.176787 0.952024 -0.799752 -0.000011 0.000011 0.000041 -0.605185 0.796085
1741164836.226789 0.952025 -0.799742 -0.000016 -0.000118 -0.000070 -0.605182 0.796087
1741164836.276784 0.952025 -0.799742 -0.000016 -0.000118 -0.000070 -0.605182 0.796087
1741164836.326777 0.957374 -0.819021 -0.000011 0.000011 0.000040 -0.605187 0.796083
1741164836.376788 0.957374 -0.819021 -0.000011 0.000011 0.000040 -0.605187 0.796083
1741164836.426785 0.960049 -0.828657 -0.000016 -0.000118 -0.000070 -0.605187 0.796083
1741164836.476792 0.960049 -0.828657 -0.000016 -0.000118 -0.000070 -0.605187 0.796083
1741164836.526781 0.962725 -0.838288 -0.000011 0.000011 0.000040 -0.605183 0.796086
1741164836.576788 0.962725 -0.838288 -0.000011 0.000011 0.000040 -0.605183 0.796086
1741164836.626779 0.965400 -0.847923 -0.000016 -0.000118 -0.000070 -0.605186 0.796084
1741164836.676812 0.965400 -0.847923 -0.000016 -0.000118 -0.000070 -0.605186 0.796084
1741164836.726780 0.970749 -0.867202 0.000000 0.000000 0.000000 -0.605186 0.796084
1741164836.776791 0.970749 -0.867202 0.000000 0.000000 0.000000 -0.605186 0.796084
1741164836.826777 0.973424 -0.876837 -0.000010 0.000011 0.000040 -0.605185 0.796085
1741164836.876783 0.973424 -0.876837 -0.000010 0.000011 0.000040 -0.605185 0.796085
1741164836.926777 0.976099 -0.886472 -0.000016 -0.000118 -0.000070 -0.605187 0.796083
1741164836.976792 0.976099 -0.886472 -0.000016 -0.000118 -0.000070 -0.605187 0.796083
1741164837.026777 0.978774 -0.896107 -0.000016 -0.000118 -0.000070 -0.605184 0.796085
1741164837.076787 0.978774 -0.896107 -0.000016 -0.000118 -0.000070 -0.605184 0.796085
1741164837.126778 0.981449 -0.905741 -0.000016 -0.000118 -0.000070 -0.605184 0.796086
1741164837.176797 0.981449 -0.905741 -0.000016 -0.000118 -0.000070 -0.605184 0.796086
1741164837.226787 0.984124 -0.915375 -0.000011 0.000011 0.000040 -0.605184 0.796086
1741164837.276788 0.984124 -0.915375 -0.000011 0.000011 0.000040 -0.605184 0.796086
1741164837.326775 0.986799 -0.925010 -0.000011 0.000011 0.000040 -0.605184 0.796086
1741164837.376783 0.986799 -0.925010 -0.000011 0.000011 0.000040 -0.605184 0.796086
1741164837.426775 0.989474 -0.934644 -0.000011 0.000011 0.000040 -0.605186 0.796084
1741164837.476790 0.989474 -0.934644 -0.000011 0.000011 0.000040 -0.605186 0.796084
1741164837.526776 0.989476 -0.934634 -0.000011 0.000011 0.000040 -0.605184 0.796086
1741164837.576785 0.989476 -0.934634 -0.000011 0.000011 0.000040 -0.605184 0.796086
1741164837.626776 0.992149 -0.944280 -0.000011 0.000011 0.000040 -0.605186 0.796084
1741164837.676785 0.992149 -0.944280 -0.000011 0.000011 0.000040 -0.605186 0.796084
1741164837.726775 0.994824 -0.953915 -0.000016 -0.000118 -0.000070 -0.605186 0.796084
1741164837.776791 0.994824 -0.953915 -0.000016 -0.000118 -0.000070 -0.605186 0.796084
1741164837.826788 0.997500 -0.963550 -0.000016 -0.000118 -0.000070 -0.605183 0.796087
1741164837.876799 0.997500 -0.963550 -0.000016 -0.000118 -0.000070 -0.605183 0.796087
1741164837.926779 1.002848 -0.982829 -0.000005 0.000003 0.000024 -0.605185 0.796085
1741164837.976782 1.002848 -0.982829 -0.000005 0.000003 0.000024 -0.605185 0.796085
1741164838.026775 1.005524 -0.992464 -0.000016 -0.000118 -0.000070 -0.605188 0.796083
1741164838.076790 1.005524 -0.992464 -0.000016 -0.000118 -0.000070 -0.605188 0.796083
1741164838.126776 1.008199 -1.002099 -0.000016 -0.000118 -0.000070 -0.605184 0.796085
1741164838.176789 1.008199 -1.002099 -0.000016 -0.000118 -0.000070 -0.605184 0.796085
1741164838.226776 1.010874 -1.011733 -0.000011 0.000011 0.000040 -0.605184 0.796086
1741164838.276783 1.010874 -1.011733 -0.000011 0.000011 0.000040 -0.605184 0.796086
1741164838.326778 1.013549 -1.021368 -0.000016 -0.000118 -0.000070 -0.605187 0.796083
1741164838.376818 1.013549 -1.021368 -0.000016 -0.000118 -0.000070 -0.605187 0.796083
1741164838.426774 1.016224 -1.031002 -0.000011 0.000011 0.000040 -0.605184 0.796086
1741164838.476781 1.016224 -1.031002 -0.000011 0.000011 0.000040 -0.605184 0.796086
1741164838.526778 1.018899 -1.040637 -0.000011 0.000011 0.000040 -0.605186 0.796084
1741164838.576784 1.018899 -1.040637 -0.000011 0.000011 0.000040 -0.605186 0.796084
1741164838.626776 1.021574 -1.050271 -0.000011 0.000011 0.000040 -0.605183 0.796086
1741164838.676800 1.021574 -1.050271 -0.000011 0.000011 0.000040 -0.605183 0.796086
1741164838.726780 1.024249 -1.059906 -0.000011 0.000011 0.000040 -0.605186 0.796084
1741164838.776795 1.024249 -1.059906 -0.000011 0.000011 0.000040 -0.605186 0.796084
1741164838.826778 1.026924 -1.069541 -0.000011 0.000011 0.000040 -0.605183 0.796087
1741164838.876783 1.026924 -1.069541 -0.000011 0.000011 0.000040 -0.605183 0.796087
1741164838.926778 1.032274 -1.088822 -0.000013 -0.000170 -0.000174 -0.605187 0.796084
1741164838.976787 1.032274 -1.088822 -0.000013 -0.000170 -0.000174 -0.605187 0.796084
1741164839.026774 1.034948 -1.098456 -0.000016 -0.000118 -0.000070 -0.605185 0.796085
1741164839.076788 1.034948 -1.098456 -0.000016 -0.000118 -0.000070 -0.605185 0.796085
1741164839.126780 1.037624 -1.108090 -0.000016 -0.000118 -0.000070 -0.605184 0.796085
1741164839.176789 1.037624 -1.108090 -0.000016 -0.000118 -0.000070 -0.605184 0.796085
1741164839.226776 1.040299 -1.117724 -0.000011 0.000011 0.000040 -0.605187 0.796083
1741164839.276783 1.040299 -1.117724 -0.000011 0.000011 0.000040 -0.605187 0.796083
1741164839.326773 1.042974 -1.127360 -0.000016 -0.000118 -0.000070 -0.605184 0.796086
1741164839.376792 1.042974 -1.127360 -0.000016 -0.000118 -0.000070 -0.605184 0.796086
1741164839.426780 1.045649 -1.136994 -0.000016 -0.000118 -0.000070 -0.605184 0.796086
1741164839.476788 1.045649 -1.136994 -0.000016 -0.000118 -0.000070 -0.605184 0.796086
1741164839.526778 1.045650 -1.136983 -0.000016 -0.000118 -0.000070 -0.605181 0.796088
1741164839.576792 1.045650 -1.136983 -0.000016 -0.000118 -0.000070 -0.605181 0.796088
1741164839.626777 1.045652 -1.136972 -0.000016 -0.000118 -0.000070 -0.605179 0.796090
1741164839.676790 1.045652 -1.136972 -0.000016 -0.000118 -0.000070 -0.605179 0.796090
1741164839.726779 1.045653 -1.136961 -0.000016 -0.000118 -0.000070 -0.605176 0.796092
1741164839.776790 1.045653 -1.136961 -0.000016 -0.000118 -0.000070 -0.605176 0.796092
1741164839.826775 1.045655 -1.136950 -0.000011 0.000011 0.000040 -0.605174 0.796094
1741164839.876784 1.045655 -1.136950 -0.000011 0.000011 0.000040 -0.605174 0.796094
1741164839.926776 1.045656 -1.136940 -0.000016 -0.000118 -0.000070 -0.605171 0.796095
1741164839.976784 1.045656 -1.136940 -0.000016 -0.000118 -0.000070 -0.605171 0.796095
1741164840.026780 1.045657 -1.136929 -0.000016 -0.000118 -0.000070 -0.605169 0.796097
1741164840.076801 1.045657 -1.136929 -0.000016 -0.000118 -0.000070 -0.605169 0.796097
1741164840.126775 1.045659 -1.136919 -0.000016 -0.000118 -0.000070 -0.605166 0.796099
1741164840.176785 1.045659 -1.136919 -0.000016 -0.000118 -0.000070 -0.605166 0.796099
1741164840.226774 1.045660 -1.136908 -0.000016 -0.000118 -0.000070 -0.605164 0.796101
1741164840.276789 1.045660 -1.136908 -0.000016 -0.000118 -0.000070 -0.605164 0.796101
1741164840.326776 1.045662 -1.136896 -0.000011 0.000011 0.000040 -0.605161 0.796103
1741164840.376781 1.045662 -1.136896 -0.000011 0.000011 0.000040 -0.605161 0.796103
1741164840.426777 1.045663 -1.136886 -0.000011 0.000011 0.000040 -0.605159 0.796105
1741164840.476799 1.045663 -1.136886 -0.000011 0.000011 0.000040 -0.605159 0.796105
1741164840.526776 1.045664 -1.136875 -0.000011 0.000011 0.000040 -0.605156 0.796107
1741164840.576783 1.045664 -1.136875 -0.000011 0.000011 0.000040 -0.605156 0.796107
1741164840.626777 1.045666 -1.136864 -0.000011 0.000011 0.000040 -0.605154 0.796109
1741164840.676791 1.045666 -1.136864 -0.000011 0.000011 0.000040 -0.605154 0.796109
1741164840.726775 1.045667 -1.136854 -0.000011 0.000011 0.000040 -0.605151 0.796111
1741164840.776783 1.045667 -1.136854 -0.000011 0.000011 0.000040 -0.605151 0.796111
1741164840.826777 1.045669 -1.136844 -0.000016 -0.000118 -0.000070 -0.605149 0.796112
1741164840.876791 1.045669 -1.136844 -0.000016 -0.000118 -0.000070 -0.605149 0.796112
1741164840.926777 1.045670 -1.136833 -0.000016 -0.000118 -0.000070 -0.605146 0.796114
1741164840.976783 1.045670 -1.136833 -0.000016 -0.000118 -0.000070 -0.605146 0.796114
1741164841.026777 1.045672 -1.136822 -0.000011 0.000011 0.000040 -0.605144 0.796116
1741164841.076786 1.045672 -1.136822 -0.000011 0.000011 0.000040 -0.605144 0.796116
1741164841.126776 1.045673 -1.136811 -0.000011 0.000011 0.000040 -0.605141 0.796118
1741164841.176784 1.045673 -1.136811 -0.000011 0.000011 0.000040 -0.605141 0.796118
1741164841.226776 1.045674 -1.136800 -0.000011 0.000011 0.000040 -0.605139 0.796120
1741164841.276788 1.045674 -1.136800 -0.000011 0.000011 0.000040 -0.605139 0.796120
1741164841.326782 1.045676 -1.136790 -0.000016 -0.000118 -0.000070 -0.605136 0.796122
1741164841.376786 1.045676 -1.136790 -0.000016 -0.000118 -0.000070 -0.605136 0.796122
1741164841.426774 1.045677 -1.136779 -0.000011 0.000011 0.000040 -0.605134 0.796124
1741164841.476782 1.045677 -1.136779 -0.000011 0.000011 0.000040 -0.605134 0.796124
1741164841.526784 1.045679 -1.136768 -0.000011 0.000011 0.000040 -0.605131 0.796126
1741164841.576787 1.045679 -1.136768 -0.000011 0.000011 0.000040 -0.605131 0.796126
1741164841.626775 1.045680 -1.136758 -0.000016 -0.000118 -0.000070 -0.605129 0.796128
1741164841.676785 1.045680 -1.136758 -0.000016 -0.000118 -0.000070 -0.605129 0.796128
1741164841.726777 1.045681 -1.136748 -0.000016 -0.000118 -0.000070 -0.605126 0.796129
1741164841.776781 1.045681 -1.136748 -0.000016 -0.000118 -0.000070 -0.605126 0.796129
1741164841.826777 1.045683 -1.136736 -0.000011 0.000011 0.000040 -0.605124 0.796131
1741164841.876784 1.045683 -1.136736 -0.000011 0.000011 0.000040 -0.605124 0.796131
1741164841.926778 1.045684 -1.136726 -0.000016 -0.000118 -0.000070 -0.605122 0.796133
1741164841.976784 1.045684 -1.136726 -0.000016 -0.000118 -0.000070 -0.605122 0.796133
1741164842.026777 1.045686 -1.136715 -0.000011 0.000011 0.000040 -0.605119 0.796135
1741164842.076783 1.045686 -1.136715 -0.000011 0.000011 0.000040 -0.605119 0.796135
1741164842.126775 1.045687 -1.136704 -0.000011 0.000011 0.000040 -0.605117 0.796137
1741164842.176784 1.045687 -1.136704 -0.000011 0.000011 0.000040 -0.605117 0.796137
1741164842.226776 1.045688 -1.136694 -0.000016 -0.000118 -0.000070 -0.605114 0.796139
1741164842.276785 1.045688 -1.136694 -0.000016 -0.000118 -0.000070 -0.605114 0.796139
1741164842.326778 1.045690 -1.136684 -0.000016 -0.000118 -0.000070 -0.605112 0.796141
1741164842.376783 1.045690 -1.136684 -0.000016 -0.000118 -0.000070 -0.605112 0.796141
1741164842.426776 1.045691 -1.136672 -0.000011 0.000011 0.000040 -0.605109 0.796142
1741164842.476785 1.045691 -1.136672 -0.000011 0.000011 0.000040 -0.605109 0.796142
1741164842.526776 1.045693 -1.136662 -0.000011 0.000011 0.000040 -0.605107 0.796144
1741164842.576787 1.045693 -1.136662 -0.000011 0.000011 0.000040 -0.605107 0.796144
1741164842.626781 1.045694 -1.136652 -0.000016 -0.000118 -0.000070 -0.605104 0.796146
1741164842.676787 1.045694 -1.136652 -0.000016 -0.000118 -0.000070 -0.605104 0.796146
1741164842.726781 1.045696 -1.136641 -0.000016 -0.000118 -0.000070 -0.605102 0.796148
1741164842.776786 1.045696 -1.136641 -0.000016 -0.000118 -0.000070 -0.605102 0.796148
1741164842.826778 1.045697 -1.136631 -0.000016 -0.000118 -0.000070 -0.605100 0.796150
1741164842.876787 1.045697 -1.136631 -0.000016 -0.000118 -0.000070 -0.605100 0.796150
1741164842.926777 1.045698 -1.136619 -0.000011 0.000011 0.000040 -0.605097 0.796152
1741164842.976791 1.045698 -1.136619 -0.000011 0.000011 0.000040 -0.605097 0.796152
1741164843.026777 1.045700 -1.136608 -0.000011 0.000011 0.000040 -0.605095 0.796154
1741164843.076785 1.045700 -1.136608 -0.000011 0.000011 0.000040 -0.605095 0.796154
1741164843.126776 1.045701 -1.136599 -0.000016 -0.000118 -0.000070 -0.605092 0.796155
1741164843.176786 1.045701 -1.136599 -0.000016 -0.000118 -0.000070 -0.605092 0.796155
1741164843.226777 1.045703 -1.136587 -0.000011 0.000011 0.000040 -0.605090 0.796157
1741164843.276788 1.045703 -1.136587 -0.000011 0.000011 0.000040 -0.605090 0.796157
1741164843.326779 1.045704 -1.136577 -0.000016 -0.000118 -0.000070 -0.605087 0.796159
1741164843.376784 1.045704 -1.136577 -0.000016 -0.000118 -0.000070 -0.605087 0.796159
1741164843.426778 1.045706 -1.136567 -0.000016 -0.000118 -0.000070 -0.605085 0.796161
1741164843.476792 1.045706 -1.136567 -0.000016 -0.000118 -0.000070 -0.605085 0.796161
1741164843.526775 1.045707 -1.136556 -0.000016 -0.000118 -0.000070 -0.605083 0.796163
1741164843.576792 1.045707 -1.136556 -0.000016 -0.000118 -0.000070 -0.605083 0.796163
1741164843.626779 1.045708 -1.136544 -0.000011 0.000011 0.000040 -0.605080 0.796165
1741164843.676795 1.045708 -1.136544 -0.000011 0.000011 0.000040 -0.605080 0.796165
1741164843.726776 1.045710 -1.136534 -0.000011 0.000011 0.000040 -0.605078 0.796166
1741164843.776791 1.045710 -1.136534 -0.000011 0.000011 0.000040 -0.605078 0.796166
1741164843.826776 1.045711 -1.136523 -0.000011 0.000011 0.000040 -0.605075 0.796168
1741164843.876786 1.045711 -1.136523 -0.000011 0.000011 0.000040 -0.605075 0.796168
1741164843.926774 1.045713 -1.136514 -0.000016 -0.000118 -0.000070 -0.605073 0.796170
1741164843.976789 1.045713 -1.136514 -0.000016 -0.000118 -0.000070 -0.605073 0.796170
1741164844.026775 1.045714 -1.136502 -0.000011 0.000011 0.000040 -0.605070 0.796172
1741164844.076785 1.045714 -1.136502 -0.000011 0.000011 0.000040 -0.605070 0.796172
1741164844.126777 1.045716 -1.136492 -0.000011 0.000011 0.000040 -0.605068 0.796174
1741164844.176795 1.045716 -1.136492 -0.000011 0.000011 0.000040 -0.605068 0.796174
1741164844.226777 1.045717 -1.136481 -0.000011 0.000011 0.000040 -0.605066 0.796176
1741164844.276785 1.045717 -1.136481 -0.000011 0.000011 0.000040 -0.605066 0.796176
1741164844.326777 1.045718 -1.136470 -0.000011 0.000011 0.000040 -0.605063 0.796178
1741164844.376787 1.045718 -1.136470 -0.000011 0.000011 0.000040 -0.605063 0.796178
1741164844.426777 1.048323 -1.146632 -0.000011 0.000011 0.000040 -0.605187 0.796083
1741164844.476784 1.048323 -1.146632 -0.000011 0.000011 0.000040 -0.605187 0.796083
1741164844.526778 1.050999 -1.156267 -0.000016 -0.000118 -0.000070 -0.605184 0.796086
1741164844.576785 1.050999 -1.156267 -0.000016 -0.000118 -0.000070 -0.605184 0.796086
1741164844.626777 1.053674 -1.165901 -0.000011 0.000011 0.000040 -0.605184 0.796086
1741164844.676800 1.053674 -1.165901 -0.000011 0.000011 0.000040 -0.605184 0.796086
1741164844.726777 1.056349 -1.175536 -0.000016 -0.000118 -0.000070 -0.605187 0.796084
1741164844.776781 1.056349 -1.175536 -0.000016 -0.000118 -0.000070 -0.605187 0.796084
1741164844.826774 1.059024 -1.185171 -0.000016 -0.000118 -0.000070 -0.605183 0.796086
1741164844.876788 1.059024 -1.185171 -0.000016 -0.000118 -0.000070 -0.605183 0.796086
1741164844.926782 1.061699 -1.194805 -0.000011 0.000011 0.000040 -0.605183 0.796086
1741164844.976787 1.061699 -1.194805 -0.000011 0.000011 0.000040 -0.605183 0.796086
1741164845.026777 1.064374 -1.204440 -0.000016 -0.000118 -0.000070 -0.605183 0.796086
1741164845.076786 1.064374 -1.204440 -0.000016 -0.000118 -0.000070 -0.605183 0.796086
1741164845.126776 1.069723 -1.223717 -0.000016 -0.000118 -0.000070 -0.605184 0.796085
1741164845.176788 1.069723 -1.223717 -0.000016 -0.000118 -0.000070 -0.605184 0.796085
1741164845.226775 1.072399 -1.233351 -0.000016 -0.000118 -0.000070 -0.605187 0.796083
1741164845.276786 1.072399 -1.233351 -0.000016 -0.000118 -0.000070 -0.605187 0.796083
1741164845.326777 1.072400 -1.233340 -0.000016 -0.000118 -0.000070 -0.605184 0.796085
1741164845.376800 1.072400 -1.233340 -0.000016 -0.000118 -0.000070 -0.605184 0.796085
1741164845.426776 1.072401 -1.233329 -0.000016 -0.000118 -0.000070 -0.605182 0.796087
1741164845.476785 1.072401 -1.233329 -0.000016 -0.000118 -0.000070 -0.605182 0.796087
1741164845.526776 1.072403 -1.233318 -0.000016 -0.000118 -0.000070 -0.605179 0.796089
1741164845.576788 1.072403 -1.233318 -0.000016 -0.000118 -0.000070 -0.605179 0.796089
1741164845.626777 1.072404 -1.233308 -0.000016 -0.000118 -0.000070 -0.605177 0.796091
1741164845.676788 1.072404 -1.233308 -0.000016 -0.000118 -0.000070 -0.605177 0.796091
1741164845.726778 1.072406 -1.233297 -0.000016 -0.000118 -0.000070 -0.605174 0.796093
1741164845.776789 1.072406 -1.233297 -0.000016 -0.000118 -0.000070 -0.605174 0.796093
1741164845.826777 1.072407 -1.233286 -0.000016 -0.000118 -0.000070 -0.605172 0.796095
1741164845.876786 1.072407 -1.233286 -0.000016 -0.000118 -0.000070 -0.605172 0.796095
1741164845.926779 1.072408 -1.233275 -0.000011 0.000011 0.000040 -0.605169 0.796097
1741164845.976789 1.072408 -1.233275 -0.000011 0.000011 0.000040 -0.605169 0.796097
1741164846.026776 1.072410 -1.233265 -0.000016 -0.000118 -0.000070 -0.605167 0.796099
1741164846.076784 1.072410 -1.233265 -0.000016 -0.000118 -0.000070 -0.605167 0.796099
1741164846.126778 1.075073 -1.242990 -0.000010 -0.000007 0.000012 -0.605186 0.796084
1741164846.176790 1.075073 -1.242990 -0.000010 -0.000007 0.000012 -0.605186 0.796084
1741164846.226778 1.077748 -1.252626 -0.000015 -0.000114 -0.000068 -0.605185 0.796085
1741164846.276784 1.077748 -1.252626 -0.000015 -0.000114 -0.000068 -0.605185 0.796085
1741164846.326777 1.080424 -1.262256 -0.000011 0.000011 0.000040 -0.605184 0.796086
1741164846.376791 1.080424 -1.262256 -0.000011 0.000011 0.000040 -0.605184 0.796086
1741164846.426788 1.083099 -1.271887 -0.000011 0.000011 0.000040 -0.605186 0.796084
1741164846.476783 1.083099 -1.271887 -0.000011 0.000011 0.000040 -0.605186 0.796084
1741164846.526778 1.083101 -1.271876 -0.000011 0.000011 0.000040 -0.605183 0.796086
1741164846.576785 1.083101 -1.271876 -0.000011 0.000011 0.000040 -0.605183 0.796086
1741164846.626778 1.083102 -1.271865 -0.000011 0.000011 0.000040 -0.605181 0.796088
1741164846.676784 1.083102 -1.271865 -0.000011 0.000011 0.000040 -0.605181 0.796088
1741164846.726779 1.083104 -1.271855 -0.000011 0.000011 0.000040 -0.605178 0.796090
1741164846.776785 1.083104 -1.271855 -0.000011 0.000011 0.000040 -0.605178 0.796090
1741164846.826777 1.085774 -1.281525 -0.000011 0.000011 0.000040 -0.605186 0.796084
1741164846.876781 1.085774 -1.281525 -0.000011 0.000011 0.000040 -0.605186 0.796084
1741164846.926776 1.085775 -1.281514 -0.000011 0.000011 0.000040 -0.605184 0.796086
1741164846.976783 1.085775 -1.281514 -0.000011 0.000011 0.000040 -0.605184 0.796086
1741164847.026777 1.085777 -1.281503 -0.000011 0.000011 0.000040 -0.605181 0.796088
1741164847.076786 1.085777 -1.281503 -0.000011 0.000011 0.000040 -0.605181 0.796088
1741164847.126778 1.085778 -1.281492 -0.000011 0.000011 0.000040 -0.605179 0.796090
1741164847.176788 1.085778 -1.281492 -0.000011 0.000011 0.000040 -0.605179 0.796090
1741164847.226803 1.085780 -1.281482 -0.000011 0.000011 0.000040 -0.605176 0.796092
1741164847.276791 1.085780 -1.281482 -0.000011 0.000011 0.000040 -0.605176 0.796092
1741164847.326777 1.085781 -1.281471 -0.000011 0.000011 0.000040 -0.605174 0.796094
1741164847.376785 1.085781 -1.281471 -0.000011 0.000011 0.000040 -0.605174 0.796094
1741164847.426789 1.085782 -1.281461 -0.000016 -0.000118 -0.000070 -0.605171 0.796095
1741164847.476805 1.085782 -1.281461 -0.000016 -0.000118 -0.000070 -0.605171 0.796095
1741164847.526803 1.085784 -1.281450 -0.000016 -0.000118 -0.000070 -0.605169 0.796097
1741164847.576788 1.085784 -1.281450 -0.000016 -0.000118 -0.000070 -0.605169 0.796097
1741164847.626775 1.085785 -1.281439 -0.000016 -0.000118 -0.000070 -0.605166 0.796099
1741164847.676801 1.085785 -1.281439 -0.000016 -0.000118 -0.000070 -0.605166 0.796099
1741164847.726779 1.085787 -1.281428 -0.000011 0.000011 0.000040 -0.605164 0.796101
1741164847.776784 1.085787 -1.281428 -0.000011 0.000011 0.000040 -0.605164 0.796101
1741164847.826776 1.085788 -1.281418 -0.000016 -0.000118 -0.000070 -0.605161 0.796103
1741164847.876745 1.085788 -1.281418 -0.000016 -0.000118 -0.000070 -0.605161 0.796103
1741164847.926780 1.085790 -1.281407 -0.000011 0.000011 0.000040 -0.605159 0.796105
1741164847.976795 1.085790 -1.281407 -0.000011 0.000011 0.000040 -0.605159 0.796105
1741164848.026778 1.085791 -1.281396 -0.000016 -0.000118 -0.000070 -0.605156 0.796107
1741164848.076792 1.085791 -1.281396 -0.000016 -0.000118 -0.000070 -0.605156 0.796107
1741164848.126781 1.085792 -1.281385 -0.000011 0.000011 0.000040 -0.605154 0.796109
1741164848.176785 1.085792 -1.281385 -0.000011 0.000011 0.000040 -0.605154 0.796109
1741164848.226779 1.085794 -1.281375 -0.000016 -0.000118 -0.000070 -0.605151 0.796111
1741164848.276787 1.085794 -1.281375 -0.000016 -0.000118 -0.000070 -0.605151 0.796111
1741164848.326780 1.085795 -1.281365 -0.000016 -0.000118 -0.000070 -0.605149 0.796112
1741164848.376793 1.085795 -1.281365 -0.000016 -0.000118 -0.000070 -0.605149 0.796112
1741164848.426775 1.085797 -1.281353 -0.000011 0.000011 0.000040 -0.605146 0.796114
1741164848.476788 1.085797 -1.281353 -0.000011 0.000011 0.000040 -0.605146 0.796114
1741164848.526776 1.085798 -1.281343 -0.000016 -0.000118 -0.000070 -0.605144 0.796116
1741164848.576786 1.085798 -1.281343 -0.000016 -0.000118 -0.000070 -0.605144 0.796116
1741164848.626776 1.085799 -1.281333 -0.000016 -0.000118 -0.000070 -0.605141 0.796118
1741164848.676786 1.085799 -1.281333 -0.000016 -0.000118 -0.000070 -0.605141 0.796118
1741164848.726775 1.085801 -1.281322 -0.000016 -0.000118 -0.000070 -0.605139 0.796120
1741164848.776817 1.085801 -1.281322 -0.000016 -0.000118 -0.000070 -0.605139 0.796120
1741164848.826776 1.085802 -1.281311 -0.000016 -0.000118 -0.000070 -0.605136 0.796122
1741164848.876782 1.085802 -1.281311 -0.000016 -0.000118 -0.000070 -0.605136 0.796122
1741164848.926777 1.085804 -1.281301 -0.000016 -0.000118 -0.000070 -0.605134 0.796124
1741164848.976785 1.085804 -1.281301 -0.000016 -0.000118 -0.000070 -0.605134 0.796124
1741164849.026776 1.085805 -1.281290 -0.000016 -0.000118 -0.000070 -0.605131 0.796126
1741164849.076782 1.085805 -1.281290 -0.000016 -0.000118 -0.000070 -0.605131 0.796126
1741164849.126776 1.085806 -1.281279 -0.000011 0.000011 0.000040 -0.605129 0.796127
1741164849.176792 1.085806 -1.281279 -0.000011 0.000011 0.000040 -0.605129 0.796127
1741164849.226788 1.080746 -1.237805 -0.000016 -0.000116 -0.000073 -0.585141 0.810932
1741164849.276854 1.080746 -1.237805 -0.000016 -0.000116 -0.000073 -0.585141 0.810932
1741164849.326776 1.080749 -1.237794 -0.000016 -0.000116 -0.000073 -0.585145 0.810928
1741164849.376784 1.080749 -1.237794 -0.000016 -0.000116 -0.000073 -0.585145 0.810928
1741164849.426781 1.080752 -1.237781 -0.000011 0.000010 0.000041 -0.585150 0.810925
1741164849.476781 1.080752 -1.237781 -0.000011 0.000010 0.000041 -0.585150 0.810925
1741164849.526779 1.080744 -1.237812 -0.000009 0.000008 0.000033 -0.592189 0.805799
1741164849.576785 1.080744 -1.237812 -0.000009 0.000008 0.000033 -0.592189 0.805799
1741164849.626776 1.080746 -1.237801 -0.000016 -0.000116 -0.000072 -0.592192 0.805797
1741164849.676787 1.080746 -1.237801 -0.000016 -0.000116 -0.000072 -0.592192 0.805797
1741164849.726779 1.080749 -1.237790 -0.000016 -0.000116 -0.000072 -0.592195 0.805795
1741164849.776785 1.080749 -1.237790 -0.000016 -0.000116 -0.000072 -0.592195 0.805795
1741164849.826777 1.080744 -1.237812 -0.000016 -0.000120 -0.000073 -0.599201 0.800598
1741164849.876793 1.080744 -1.237812 -0.000016 -0.000120 -0.000073 -0.599201 0.800598
1741164849.926779 1.080746 -1.237800 -0.000011 0.000011 0.000041 -0.599201 0.800599
1741164849.976787 1.080746 -1.237800 -0.000011 0.000011 0.000041 -0.599201 0.800599
1741164850.026776 1.080748 -1.237789 -0.000011 0.000011 0.000041 -0.599201 0.800599
1741164850.076782 1.080748 -1.237789 -0.000011 0.000011 0.000041 -0.599201 0.800599
1741164850.126777 1.080750 -1.237779 -0.000016 -0.000118 -0.000071 -0.599201 0.800599
1741164850.176785 1.080750 -1.237779 -0.000016 -0.000118 -0.000071 -0.599201 0.800599
1741164850.226775 1.080744 -1.237811 -0.000011 0.000012 0.000041 -0.606165 0.795339
1741164850.276786 1.080744 -1.237811 -0.000011 0.000012 0.000041 -0.606165 0.795339
1741164850.326777 1.080745 -1.237800 -0.000011 0.000011 0.000041 -0.606162 0.795342
1741164850.376790 1.080745 -1.237800 -0.000011 0.000011 0.000041 -0.606162 0.795342
1741164850.426782 1.080746 -1.237790 -0.000016 -0.000119 -0.000071 -0.606158 0.795344
1741164850.476783 1.080746 -1.237790 -0.000016 -0.000119 -0.000071 -0.606158 0.795344
1741164850.526776 1.080744 -1.237813 -0.000011 -0.000082 -0.000047 -0.613080 0.790021
1741164850.576797 1.080744 -1.237813 -0.000011 -0.000082 -0.000047 -0.613080 0.790021
1741164850.626778 1.080745 -1.237802 -0.000011 0.000012 0.000041 -0.613073 0.790026
1741164850.676791 1.080745 -1.237802 -0.000011 0.000012 0.000041 -0.613073 0.790026
1741164850.726777 1.080745 -1.237792 -0.000016 -0.000121 -0.000070 -0.613067 0.790031
1741164850.776786 1.080745 -1.237792 -0.000016 -0.000121 -0.000070 -0.613067 0.790031
1741164850.826775 1.080744 -1.237813 -0.000016 -0.000121 -0.000069 -0.619953 0.784639
1741164850.876784 1.080744 -1.237813 -0.000016 -0.000121 -0.000069 -0.619953 0.784639
1741164850.926784 1.080744 -1.237802 -0.000016 -0.000122 -0.000069 -0.619944 0.784646
1741164850.976786 1.080744 -1.237802 -0.000016 -0.000122 -0.000069 -0.619944 0.784646
1741164851.026785 1.080744 -1.237792 -0.000016 -0.000122 -0.000069 -0.619934 0.784654
1741164851.076789 1.080744 -1.237792 -0.000016 -0.000122 -0.000069 -0.619934 0.784654
1741164851.126777 1.080744 -1.237813 -0.000010 -0.000076 -0.000042 -0.626774 0.779201
1741164851.176786 1.080744 -1.237813 -0.000010 -0.000076 -0.000042 -0.626774 0.779201
1741164851.226774 1.080743 -1.237802 -0.000011 0.000013 0.000042 -0.626761 0.779211
1741164851.276783 1.080743 -1.237802 -0.000011 0.000013 0.000042 -0.626761 0.779211
1741164851.326784 1.080743 -1.237792 -0.000011 0.000013 0.000042 -0.626749 0.779221
1741164851.376787 1.080743 -1.237792 -0.000011 0.000013 0.000042 -0.626749 0.779221
1741164851.426776 1.080744 -1.237813 -0.000014 -0.000108 -0.000060 -0.633554 0.773699
1741164851.476785 1.080744 -1.237813 -0.000014 -0.000108 -0.000060 -0.633554 0.773699
1741164851.526778 1.080743 -1.237803 -0.000011 0.000013 0.000042 -0.633538 0.773712
1741164851.576787 1.080743 -1.237803 -0.000011 0.000013 0.000042 -0.633538 0.773712
1741164851.626777 1.080742 -1.237793 -0.000016 -0.000124 -0.000067 -0.633521 0.773725
1741164851.676765 1.080742 -1.237793 -0.000016 -0.000124 -0.000067 -0.633521 0.773725
1741164851.726776 1.080741 -1.237783 -0.000011 0.000013 0.000042 -0.633505 0.773738
1741164851.776785 1.080741 -1.237783 -0.000011 0.000013 0.000042 -0.633505 0.773738
1741164851.826779 1.080744 -1.237812 -0.000008 0.000010 0.000032 -0.640278 0.768143
1741164851.876788 1.080744 -1.237812 -0.000008 0.000010 0.000032 -0.640278 0.768143
1741164851.926776 1.080742 -1.237804 -0.000016 -0.000125 -0.000067 -0.640259 0.768159
1741164851.976787 1.080742 -1.237804 -0.000016 -0.000125 -0.000067 -0.640259 0.768159
1741164852.026777 1.080741 -1.237794 -0.000011 0.000014 0.000042 -0.640240 0.768175
1741164852.076785 1.080741 -1.237794 -0.000011 0.000014 0.000042 -0.640240 0.768175
1741164852.126776 1.080744 -1.237812 -0.000009 0.000011 0.000033 -0.646957 0.762527
1741164852.176795 1.080744 -1.237812 -0.000009 0.000011 0.000033 -0.646957 0.762527
1741164852.226779 1.080742 -1.237803 -0.000011 0.000014 0.000043 -0.646935 0.762545
1741164852.276806 1.080742 -1.237803 -0.000011 0.000014 0.000043 -0.646935 0.762545
1741164852.326779 1.080740 -1.237794 -0.000011 0.000014 0.000043 -0.646914 0.762563
1741164852.376790 1.080740 -1.237794 -0.000011 0.000014 0.000043 -0.646914 0.762563
1741164852.426778 1.080744 -1.237812 -0.000010 0.000013 0.000038 -0.653586 0.756852
1741164852.476785 1.080744 -1.237812 -0.000010 0.000013 0.000038 -0.653586 0.756852
1741164852.526778 1.080743 -1.237804 -0.000011 0.000015 0.000043 -0.653559 0.756875
1741164852.576791 1.080743 -1.237804 -0.000011 0.000015 0.000043 -0.653559 0.756875
1741164852.626777 1.080742 -1.237796 -0.000016 -0.000127 -0.000065 -0.653529 0.756901
1741164852.676790 1.080742 -1.237796 -0.000016 -0.000127 -0.000065 -0.653529 0.756901
1741164852.726776 1.080741 -1.237786 -0.000011 0.000015 0.000043 -0.653521 0.756909
1741164852.776800 1.080741 -1.237786 -0.000011 0.000015 0.000043 -0.653521 0.756909
1741164852.826781 1.080744 -1.237812 -0.000011 0.000015 0.000042 -0.660166 0.751120
1741164852.876788 1.080744 -1.237812 -0.000011 0.000015 0.000042 -0.660166 0.751120
1741164852.926776 1.080743 -1.237800 -0.000012 0.000015 0.000043 -0.660186 0.751102
1741164852.976824 1.080743 -1.237800 -0.000012 0.000015 0.000043 -0.660186 0.751102
1741164853.026780 1.080743 -1.237789 -0.000016 -0.000128 -0.000064 -0.660207 0.751084
1741164853.076792 1.080743 -1.237789 -0.000016 -0.000128 -0.000064 -0.660207 0.751084
1741164853.126775 1.080744 -1.237812 -0.000011 0.000014 0.000040 -0.666695 0.745330
1741164853.176788 1.080744 -1.237812 -0.000011 0.000014 0.000040 -0.666695 0.745330
1741164853.226777 1.080743 -1.237800 -0.000011 0.000013 0.000045 -0.666718 0.745310
1741164853.276782 1.080743 -1.237800 -0.000011 0.000013 0.000045 -0.666718 0.745310
1741164853.326775 1.080742 -1.237789 -0.000016 -0.000128 -0.000062 -0.666740 0.745290
1741164853.376785 1.080742 -1.237789 -0.000016 -0.000128 -0.000062 -0.666740 0.745290
1741164853.426776 1.080744 -1.237812 -0.000002 0.000005 0.000008 -0.673174 0.739484
1741164853.476789 1.080744 -1.237812 -0.000002 0.000005 0.000008 -0.673174 0.739484
1741164853.526779 1.080743 -1.237802 -0.000016 -0.000129 -0.000061 -0.673198 0.739462
1741164853.576779 1.080743 -1.237802 -0.000016 -0.000129 -0.000061 -0.673198 0.739462
1741164853.626781 1.080742 -1.237789 -0.000011 0.000013 0.000045 -0.673227 0.739436
1741164853.676784 1.080742 -1.237789 -0.000011 0.000013 0.000045 -0.673227 0.739436
1741164853.726779 1.080745 -1.237813 -0.000016 -0.000130 -0.000060 -0.679606 0.733577
1741164853.776782 1.080745 -1.237813 -0.000016 -0.000130 -0.000060 -0.679606 0.733577
1741164853.826775 1.080744 -1.237801 -0.000016 -0.000129 -0.000060 -0.679637 0.733549
1741164853.876782 1.080744 -1.237801 -0.000016 -0.000129 -0.000060 -0.679637 0.733549
1741164853.926778 1.080742 -1.237789 -0.000011 0.000013 0.000044 -0.679668 0.733520
1741164853.976780 1.080742 -1.237789 -0.000011 0.000013 0.000044 -0.679668 0.733520
1741164854.026777 1.080744 -1.237812 -0.000002 0.000005 0.000008 -0.685978 0.727623
1741164854.076784 1.080744 -1.237812 -0.000002 0.000005 0.000008 -0.685978 0.727623
1741164854.126765 1.080743 -1.237802 -0.000016 -0.000129 -0.000058 -0.686008 0.727594
1741164854.176790 1.080743 -1.237802 -0.000016 -0.000129 -0.000058 -0.686008 0.727594
1741164854.226798 1.080742 -1.237791 -0.000011 0.000013 0.000044 -0.686041 0.727563
1741164854.276800 1.080742 -1.237791 -0.000011 0.000013 0.000044 -0.686041 0.727563
1741164854.326775 1.080744 -1.237813 -0.000004 -0.000026 -0.000013 -0.692301 0.721608
1741164854.376786 1.080744 -1.237813 -0.000004 -0.000026 -0.000013 -0.692301 0.721608
1741164854.426795 1.080744 -1.237802 -0.000011 0.000013 0.000044 -0.692334 0.721578
1741164854.476789 1.080744 -1.237802 -0.000011 0.000013 0.000044 -0.692334 0.721578
1741164854.526773 1.080743 -1.237791 -0.000011 0.000013 0.000044 -0.692368 0.721545
1741164854.576787 1.080743 -1.237791 -0.000011 0.000013 0.000044 -0.692368 0.721545
1741164854.626777 1.080744 -1.237812 -0.000005 -0.000023 0.000027 -0.698572 0.715539
1741164854.676785 1.080744 -1.237812 -0.000005 -0.000023 0.000027 -0.698572 0.715539
1741164854.726776 1.080744 -1.237802 -0.000011 0.000013 0.000044 -0.698605 0.715507
1741164854.776785 1.080744 -1.237802 -0.000011 0.000013 0.000044 -0.698605 0.715507
1741164854.826778 1.080744 -1.237791 -0.000011 0.000013 0.000044 -0.698640 0.715473
1741164854.876785 1.080744 -1.237791 -0.000011 0.000013 0.000044 -0.698640 0.715473
1741164854.926774 1.080745 -1.237812 -0.000016 -0.000126 -0.000053 -0.704796 0.709410
1741164854.976789 1.080745 -1.237812 -0.000016 -0.000126 -0.000053 -0.704796 0.709410
1741164855.026778 1.080745 -1.237800 -0.000011 0.000013 0.000044 -0.704831 0.709375
1741164855.076790 1.080745 -1.237800 -0.000011 0.000013 0.000044 -0.704831 0.709375
1741164855.126776 1.080745 -1.237789 -0.000011 0.000013 0.000044 -0.704867 0.709340
1741164855.176788 1.080745 -1.237789 -0.000011 0.000013 0.000044 -0.704867 0.709340
1741164855.226777 1.080744 -1.237813 -0.000014 -0.000112 -0.000046 -0.710954 0.703238
1741164855.276780 1.080744 -1.237813 -0.000014 -0.000112 -0.000046 -0.710954 0.703238
1741164855.326776 1.080744 -1.237801 -0.000016 -0.000127 -0.000052 -0.710991 0.703201
1741164855.376791 1.080744 -1.237801 -0.000016 -0.000127 -0.000052 -0.710991 0.703201
1741164855.426777 1.080744 -1.237788 -0.000011 0.000013 0.000043 -0.711028 0.703164
1741164855.476784 1.080744 -1.237788 -0.000011 0.000013 0.000043 -0.711028 0.703164
1741164855.526781 1.080744 -1.237813 -0.000014 -0.000112 -0.000044 -0.717064 0.697007
1741164855.576797 1.080744 -1.237813 -0.000014 -0.000112 -0.000044 -0.717064 0.697007
1741164855.626782 1.080745 -1.237800 -0.000016 -0.000126 -0.000050 -0.717101 0.696969
1741164855.676786 1.080745 -1.237800 -0.000016 -0.000126 -0.000050 -0.717101 0.696969
1741164855.726775 1.080745 -1.237787 -0.000016 -0.000126 -0.000050 -0.717138 0.696931
1741164855.776804 1.080745 -1.237787 -0.000016 -0.000126 -0.000050 -0.717138 0.696931
1741164855.826790 1.080745 -1.237773 -0.000011 0.000013 0.000043 -0.717175 0.696893
1741164855.876787 1.080745 -1.237773 -0.000011 0.000013 0.000043 -0.717175 0.696893
1741164855.926776 1.080745 -1.237813 -0.000015 -0.000119 -0.000046 -0.723123 0.690719
1741164855.976783 1.080745 -1.237813 -0.000015 -0.000119 -0.000046 -0.723123 0.690719
1741164856.026812 1.080746 -1.237798 -0.000011 0.000013 0.000043 -0.723161 0.690679
1741164856.076788 1.080746 -1.237798 -0.000011 0.000013 0.000043 -0.723161 0.690679
1741164856.126775 1.080746 -1.237784 -0.000011 0.000013 0.000043 -0.723200 0.690639
1741164856.176783 1.080746 -1.237784 -0.000011 0.000013 0.000043 -0.723200 0.690639
1741164856.226779 1.080744 -1.237813 -0.000014 -0.000111 -0.000042 -0.729120 0.684386
1741164856.276788 1.080744 -1.237813 -0.000014 -0.000111 -0.000042 -0.729120 0.684386
1741164856.326782 1.080745 -1.237797 -0.000011 0.000013 0.000043 -0.729161 0.684343
1741164856.376780 1.080745 -1.237797 -0.000011 0.000013 0.000043 -0.729161 0.684343
1741164856.426781 1.080746 -1.237783 -0.000015 -0.000124 -0.000047 -0.729200 0.684301
1741164856.476789 1.080746 -1.237783 -0.000015 -0.000124 -0.000047 -0.729200 0.684301
1741164856.526776 1.080745 -1.237812 -0.000009 0.000010 0.000042 -0.735068 0.677993
1741164856.576785 1.080745 -1.237812 -0.000009 0.000010 0.000042 -0.735068 0.677993
1741164856.626776 1.080747 -1.237796 -0.000015 -0.000124 -0.000046 -0.735111 0.677947
1741164856.676809 1.080747 -1.237796 -0.000015 -0.000124 -0.000046 -0.735111 0.677947
1741164856.726782 1.080748 -1.237780 -0.000015 -0.000124 -0.000046 -0.735155 0.677899
1741164856.776793 1.080748 -1.237780 -0.000015 -0.000124 -0.000046 -0.735155 0.677899
1741164856.826778 1.080745 -1.237812 -0.000010 0.000013 0.000038 -0.740957 0.671552
1741164856.876789 1.080745 -1.237812 -0.000010 0.000013 0.000038 -0.740957 0.671552
1741164856.926785 1.080747 -1.237795 -0.000015 -0.000123 -0.000044 -0.741004 0.671500
1741164856.976794 1.080747 -1.237795 -0.000015 -0.000123 -0.000044 -0.741004 0.671500
1741164857.026788 1.080749 -1.237778 -0.000015 -0.000123 -0.000044 -0.741052 0.671447
1741164857.076804 1.080749 -1.237778 -0.000015 -0.000123 -0.000044 -0.741052 0.671447
1741164857.126776 1.080751 -1.237760 -0.000010 0.000013 0.000042 -0.741101 0.671393
1741164857.176781 1.080751 -1.237760 -0.000010 0.000013 0.000042 -0.741101 0.671393
1741164857.226779 1.080744 -1.237812 -0.000010 0.000013 0.000042 -0.746788 0.665062
1741164857.276785 1.080744 -1.237812 -0.000010 0.000013 0.000042 -0.746788 0.665062
1741164857.326778 1.080747 -1.237794 -0.000015 -0.000123 -0.000043 -0.746842 0.665002
1741164857.376785 1.080747 -1.237794 -0.000015 -0.000123 -0.000043 -0.746842 0.665002
1741164857.426772 1.080750 -1.237775 -0.000015 -0.000122 -0.000043 -0.746896 0.664941
1741164857.476781 1.080750 -1.237775 -0.000015 -0.000122 -0.000043 -0.746896 0.664941
1741164857.526777 1.080745 -1.237812 -0.000012 -0.000099 -0.000034 -0.752564 0.658519
1741164857.576787 1.080745 -1.237812 -0.000012 -0.000099 -0.000034 -0.752564 0.658519
1741164857.626773 1.080749 -1.237793 -0.000015 -0.000122 -0.000042 -0.752623 0.658451
1741164857.676780 1.080749 -1.237793 -0.000015 -0.000122 -0.000042 -0.752623 0.658451
1741164857.726775 1.080753 -1.237774 -0.000010 0.000013 0.000042 -0.752683 0.658384
1741164857.776784 1.080753 -1.237774 -0.000010 0.000013 0.000042 -0.752683 0.658384
1741164857.826774 1.080744 -1.237812 -0.000009 0.000013 0.000038 -0.758280 0.651929
1741164857.876800 1.080744 -1.237812 -0.000009 0.000013 0.000038 -0.758280 0.651929
1741164857.926796 1.080749 -1.237792 -0.000010 0.000014 0.000042 -0.758345 0.651854
1741164857.976796 1.080749 -1.237792 -0.000010 0.000014 0.000042 -0.758345 0.651854
1741164858.026776 1.080754 -1.237773 -0.000015 -0.000121 -0.000040 -0.758410 0.651778
1741164858.076783 1.080754 -1.237773 -0.000015 -0.000121 -0.000040 -0.758410 0.651778
1741164858.126776 1.080745 -1.237812 -0.000009 0.000013 0.000038 -0.763944 0.645283
1741164858.176791 1.080745 -1.237812 -0.000009 0.000013 0.000038 -0.763944 0.645283
1741164858.226777 1.080751 -1.237792 -0.000010 0.000014 0.000042 -0.764013 0.645200
1741164858.276784 1.080751 -1.237792 -0.000010 0.000014 0.000042 -0.764013 0.645200
1741164858.326774 1.080757 -1.237771 -0.000010 0.000014 0.000042 -0.764083 0.645118
1741164858.376786 1.080757 -1.237771 -0.000010 0.000014 0.000042 -0.764083 0.645118
1741164858.426778 1.080745 -1.237811 -0.000010 0.000014 0.000041 -0.769545 0.638593
1741164858.476786 1.080745 -1.237811 -0.000010 0.000014 0.000041 -0.769545 0.638593
1741164858.526777 1.080751 -1.237792 -0.000015 -0.000120 -0.000037 -0.769616 0.638507
1741164858.576785 1.080751 -1.237792 -0.000015 -0.000120 -0.000037 -0.769616 0.638507
1741164858.626779 1.080758 -1.237771 -0.000010 0.000014 0.000041 -0.769689 0.638419
1741164858.676828 1.080758 -1.237771 -0.000010 0.000014 0.000041 -0.769689 0.638419
1741164858.726779 1.080744 -1.237812 -0.000008 0.000015 0.000029 -0.775084 0.631858
1741164858.776786 1.080744 -1.237812 -0.000008 0.000015 0.000029 -0.775084 0.631858
1741164858.826776 1.080752 -1.237792 -0.000014 -0.000119 -0.000036 -0.775160 0.631764
1741164858.876783 1.080752 -1.237792 -0.000014 -0.000119 -0.000036 -0.775160 0.631764
1741164858.926775 1.080759 -1.237771 -0.000014 -0.000118 -0.000036 -0.775237 0.631671
1741164858.976786 1.080759 -1.237771 -0.000014 -0.000118 -0.000036 -0.775237 0.631671
1741164859.026779 1.080745 -1.237813 -0.000012 -0.000084 -0.000027 -0.780571 0.625067
1741164859.076781 1.080745 -1.237813 -0.000012 -0.000084 -0.000027 -0.780571 0.625067
1741164859.126774 1.080753 -1.237791 -0.000010 0.000015 0.000041 -0.780650 0.624968
1741164859.176782 1.080753 -1.237791 -0.000010 0.000015 0.000041 -0.780650 0.624968
1741164859.226774 1.080761 -1.237771 -0.000014 -0.000118 -0.000035 -0.780728 0.624871
1741164859.276798 1.080761 -1.237771 -0.000014 -0.000118 -0.000035 -0.780728 0.624871
1741164859.326779 1.080770 -1.237750 -0.000010 0.000014 0.000041 -0.780805 0.624775
1741164859.376789 1.080770 -1.237750 -0.000010 0.000014 0.000041 -0.780805 0.624775
1741164859.426783 1.080744 -1.237812 -0.000005 0.000009 0.000021 -0.785993 0.618235
1741164859.476783 1.080744 -1.237812 -0.000005 0.000009 0.000021 -0.785993 0.618235
1741164859.526774 1.080753 -1.237793 -0.000014 -0.000117 -0.000033 -0.786070 0.618137
1741164859.576784 1.080753 -1.237793 -0.000014 -0.000117 -0.000033 -0.786070 0.618137
1741164859.626777 1.080761 -1.237772 -0.000014 -0.000117 -0.000033 -0.786149 0.618036
1741164859.676852 1.080761 -1.237772 -0.000014 -0.000117 -0.000033 -0.786149 0.618036
1741164859.726776 1.080771 -1.237751 -0.000010 0.000015 0.000041 -0.786228 0.617936
1741164859.776787 1.080771 -1.237751 -0.000010 0.000015 0.000041 -0.786228 0.617936
1741164859.826771 1.080779 -1.237730 -0.000014 -0.000117 -0.000033 -0.786308 0.617835
1741164859.876786 1.080779 -1.237730 -0.000014 -0.000117 -0.000033 -0.786308 0.617835
1741164859.926779 1.080745 -1.237812 -0.000014 -0.000113 -0.000031 -0.791364 0.611345
1741164859.976782 1.080745 -1.237812 -0.000014 -0.000113 -0.000031 -0.791364 0.611345
1741164860.026775 1.080755 -1.237792 -0.000014 -0.000116 -0.000032 -0.791443 0.611243
1741164860.076782 1.080755 -1.237792 -0.000014 -0.000116 -0.000032 -0.791443 0.611243
1741164860.126777 1.080764 -1.237771 -0.000014 -0.000116 -0.000032 -0.791523 0.611140
1741164860.176814 1.080764 -1.237771 -0.000014 -0.000116 -0.000032 -0.791523 0.611140
1741164860.226787 1.080773 -1.237751 -0.000014 -0.000116 -0.000032 -0.791602 0.611037
1741164860.276783 1.080773 -1.237751 -0.000014 -0.000116 -0.000032 -0.791602 0.611037
1741164860.326779 1.080745 -1.237812 -0.000009 0.000014 0.000037 -0.796668 0.604417
1741164860.376793 1.080745 -1.237812 -0.000009 0.000014 0.000037 -0.796668 0.604417
1741164860.426775 1.080755 -1.237792 -0.000010 0.000015 0.000040 -0.796748 0.604312
1741164860.476784 1.080755 -1.237792 -0.000010 0.000015 0.000040 -0.796748 0.604312
1741164860.526776 1.080765 -1.237772 -0.000014 -0.000115 -0.000031 -0.796827 0.604208
1741164860.576791 1.080765 -1.237772 -0.000014 -0.000115 -0.000031 -0.796827 0.604208
1741164860.626796 1.080744 -1.237812 -0.000013 -0.000109 -0.000028 -0.801910 0.597444
1741164860.676783 1.080744 -1.237812 -0.000013 -0.000109 -0.000028 -0.801910 0.597444
1741164860.726780 1.080755 -1.237793 -0.000014 -0.000115 -0.000030 -0.801989 0.597339
1741164860.776785 1.080755 -1.237793 -0.000014 -0.000115 -0.000030 -0.801989 0.597339
1741164860.826774 1.080765 -1.237773 -0.000014 -0.000114 -0.000030 -0.802067 0.597234
1741164860.876791 1.080765 -1.237773 -0.000014 -0.000114 -0.000030 -0.802067 0.597234
1741164860.926787 1.080745 -1.237812 -0.000009 0.000015 0.000037 -0.807095 0.590421
1741164860.976786 1.080745 -1.237812 -0.000009 0.000015 0.000037 -0.807095 0.590421
1741164861.026773 1.080756 -1.237793 -0.000009 0.000016 0.000040 -0.807173 0.590315
1741164861.076785 1.080756 -1.237793 -0.000009 0.000016 0.000040 -0.807173 0.590315
1741164861.126779 1.080766 -1.237775 -0.000014 -0.000114 -0.000028 -0.807251 0.590209
1741164861.176782 1.080766 -1.237775 -0.000014 -0.000114 -0.000028 -0.807251 0.590209
1741164861.226777 1.080777 -1.237756 -0.000014 -0.000113 -0.000028 -0.807328 0.590103
1741164861.276825 1.080777 -1.237756 -0.000014 -0.000113 -0.000028 -0.807328 0.590103
1741164861.326777 1.080745 -1.237811 -0.000009 0.000016 0.000040 -0.812219 0.583352
1741164861.376785 1.080745 -1.237811 -0.000009 0.000016 0.000040 -0.812219 0.583352
1741164861.426773 1.080756 -1.237794 -0.000009 0.000016 0.000040 -0.812294 0.583249
1741164861.476784 1.080756 -1.237794 -0.000009 0.000016 0.000040 -0.812294 0.583249
1741164861.526781 1.080767 -1.237776 -0.000009 0.000016 0.000040 -0.812371 0.583141
1741164861.576786 1.080767 -1.237776 -0.000009 0.000016 0.000040 -0.812371 0.583141
1741164861.626776 1.080778 -1.237758 -0.000009 0.000016 0.000040 -0.812447 0.583035
1741164861.676782 1.080778 -1.237758 -0.000009 0.000016 0.000040 -0.812447 0.583035
1741164861.726779 1.080744 -1.237812 -0.000012 -0.000097 -0.000023 -0.817273 0.576250
1741164861.776792 1.080744 -1.237812 -0.000012 -0.000097 -0.000023 -0.817273 0.576250
1741164861.826777 1.080755 -1.237796 -0.000014 -0.000112 -0.000026 -0.817347 0.576145
1741164861.876763 1.080755 -1.237796 -0.000014 -0.000112 -0.000026 -0.817347 0.576145
1741164861.926777 1.080767 -1.237780 -0.000009 0.000016 0.000039 -0.817421 0.576041
1741164861.976784 1.080767 -1.237780 -0.000009 0.000016 0.000039 -0.817421 0.576041
1741164862.026775 1.080745 -1.237811 -0.000014 -0.000114 -0.000026 -0.822275 0.569090
1741164862.076785 1.080745 -1.237811 -0.000014 -0.000114 -0.000026 -0.822275 0.569090
1741164862.126775 1.080756 -1.237796 -0.000009 0.000016 0.000039 -0.822346 0.568987
1741164862.176785 1.080756 -1.237796 -0.000009 0.000016 0.000039 -0.822346 0.568987
1741164862.226776 1.080768 -1.237781 -0.000009 0.000016 0.000039 -0.822419 0.568882
1741164862.276818 1.080768 -1.237781 -0.000009 0.000016 0.000039 -0.822419 0.568882
1741164862.326751 1.080745 -1.237812 -0.000013 -0.000110 -0.000024 -0.827210 0.561893
1741164862.376785 1.080745 -1.237812 -0.000013 -0.000110 -0.000024 -0.827210 0.561893
1741164862.426778 1.080756 -1.237799 -0.000009 0.000017 0.000039 -0.827275 0.561796
1741164862.476785 1.080756 -1.237799 -0.000009 0.000017 0.000039 -0.827275 0.561796
1741164862.526776 1.080767 -1.237786 -0.000009 0.000017 0.000039 -0.827344 0.561695
1741164862.576787 1.080767 -1.237786 -0.000009 0.000017 0.000039 -0.827344 0.561695
1741164862.626778 1.080745 -1.237812 -0.000014 -0.000113 -0.000023 -0.832082 0.554653
1741164862.676784 1.080745 -1.237812 -0.000014 -0.000113 -0.000023 -0.832082 0.554653
1741164862.726773 1.080756 -1.237801 -0.000013 -0.000109 -0.000023 -0.832147 0.554555
1741164862.776788 1.080756 -1.237801 -0.000013 -0.000109 -0.000023 -0.832147 0.554555
1741164862.826779 1.080768 -1.237790 -0.000013 -0.000109 -0.000023 -0.832213 0.554456
1741164862.876819 1.080768 -1.237790 -0.000013 -0.000109 -0.000023 -0.832213 0.554456
1741164862.926776 1.080744 -1.237812 -0.000011 -0.000085 -0.000017 -0.836885 0.547378
1741164862.976784 1.080744 -1.237812 -0.000011 -0.000085 -0.000017 -0.836885 0.547378
1741164863.026785 1.080755 -1.237804 -0.000013 -0.000109 -0.000022 -0.836947 0.547283
1741164863.076795 1.080755 -1.237804 -0.000013 -0.000109 -0.000022 -0.836947 0.547283
1741164863.126787 1.080767 -1.237796 -0.000013 -0.000109 -0.000022 -0.837009 0.547190
1741164863.176783 1.080767 -1.237796 -0.000013 -0.000109 -0.000022 -0.837009 0.547190
1741164863.226780 1.080778 -1.237787 -0.000013 -0.000108 -0.000022 -0.837072 0.547093
1741164863.276791 1.080778 -1.237787 -0.000013 -0.000108 -0.000022 -0.837072 0.547093
1741164863.326779 1.080746 -1.237812 -0.000013 -0.000108 -0.000021 -0.841638 0.540042
1741164863.376781 1.080746 -1.237812 -0.000013 -0.000108 -0.000021 -0.841638 0.540042
1741164863.426785 1.080757 -1.237806 -0.000013 -0.000108 -0.000021 -0.841696 0.539952
1741164863.476796 1.080757 -1.237806 -0.000013 -0.000108 -0.000021 -0.841696 0.539952
1741164863.526784 1.080769 -1.237800 -0.000013 -0.000108 -0.000021 -0.841755 0.539860
1741164863.576810 1.080769 -1.237800 -0.000013 -0.000108 -0.000021 -0.841755 0.539860
1741164863.626761 1.080745 -1.237812 -0.000014 -0.000113 -0.000021 -0.846315 0.532683
1741164863.676827 1.080745 -1.237812 -0.000014 -0.000113 -0.000021 -0.846315 0.532683
1741164863.726778 1.080757 -1.237809 -0.000009 0.000018 0.000038 -0.846371 0.532595
1741164863.776788 1.080757 -1.237809 -0.000009 0.000018 0.000038 -0.846371 0.532595
1741164863.826774 1.080769 -1.237805 -0.000009 0.000018 0.000038 -0.846426 0.532506
1741164863.876784 1.080769 -1.237805 -0.000009 0.000018 0.000038 -0.846426 0.532506
1741164863.926777 1.080745 -1.237812 -0.000014 -0.000112 -0.000020 -0.850931 0.525277
1741164863.976785 1.080745 -1.237812 -0.000014 -0.000112 -0.000020 -0.850931 0.525277
1741164864.026777 1.080757 -1.237811 -0.000013 -0.000107 -0.000019 -0.850984 0.525191
1741164864.076823 1.080757 -1.237811 -0.000013 -0.000107 -0.000019 -0.850984 0.525191
1741164864.126776 1.080770 -1.237809 -0.000013 -0.000106 -0.000019 -0.851038 0.525105
1741164864.176821 1.080770 -1.237809 -0.000013 -0.000106 -0.000019 -0.851038 0.525105
1741164864.226777 1.080745 -1.237813 -0.000014 -0.000112 -0.000019 -0.855482 0.517832
1741164864.276793 1.080745 -1.237813 -0.000014 -0.000112 -0.000019 -0.855482 0.517832
1741164864.326780 1.080758 -1.237813 -0.000013 -0.000106 -0.000018 -0.855534 0.517747
1741164864.376784 1.080758 -1.237813 -0.000013 -0.000106 -0.000018 -0.855534 0.517747
1741164864.426777 1.080772 -1.237813 -0.000009 0.000018 0.000038 -0.855585 0.517663
1741164864.476779 1.080772 -1.237813 -0.000009 0.000018 0.000038 -0.855585 0.517663
1741164864.526748 1.080744 -1.237813 -0.000007 0.000016 0.000024 -0.859965 0.510354
1741164864.576783 1.080744 -1.237813 -0.000007 0.000016 0.000024 -0.859965 0.510354
1741164864.626779 1.080758 -1.237813 -0.000009 0.000019 0.000038 -0.860014 0.510271
1741164864.676785 1.080758 -1.237813 -0.000009 0.000019 0.000038 -0.860014 0.510271
1741164864.726774 1.080772 -1.237814 -0.000013 -0.000105 -0.000017 -0.860064 0.510186
1741164864.776787 1.080772 -1.237814 -0.000013 -0.000105 -0.000017 -0.860064 0.510186
1741164864.826774 1.080745 -1.237813 -0.000014 -0.000110 -0.000017 -0.864389 0.502823
1741164864.876785 1.080745 -1.237813 -0.000014 -0.000110 -0.000017 -0.864389 0.502823
1741164864.926776 1.080761 -1.237813 -0.000009 0.000019 0.000037 -0.864439 0.502738
1741164864.976780 1.080761 -1.237813 -0.000009 0.000019 0.000037 -0.864439 0.502738
1741164865.026780 1.080776 -1.237814 -0.000013 -0.000105 -0.000016 -0.864489 0.502652
1741164865.076811 1.080776 -1.237814 -0.000013 -0.000105 -0.000016 -0.864489 0.502652
1741164865.126775 1.080745 -1.237813 -0.000014 0.000110 0.000016 0.868744 -0.495261
1741164865.176780 1.080745 -1.237813 -0.000014 0.000110 0.000016 0.868744 -0.495261
1741164865.226776 1.080762 -1.237813 -0.000013 0.000104 0.000015 0.868794 -0.495173
1741164865.276765 1.080762 -1.237813 -0.000013 0.000104 0.000015 0.868794 -0.495173
1741164865.326774 1.080779 -1.237814 -0.000013 0.000104 0.000015 0.868844 -0.495086
1741164865.376782 1.080779 -1.237814 -0.000013 0.000104 0.000015 0.868844 -0.495086
1741164865.426777 1.080796 -1.237815 -0.000009 -0.000019 -0.000037 0.868893 -0.495000
1741164865.476791 1.080796 -1.237815 -0.000009 -0.000019 -0.000037 0.868893 -0.495000
1741164865.526775 1.080744 -1.237813 -0.000008 -0.000020 -0.000029 0.873030 -0.487667
1741164865.576784 1.080744 -1.237813 -0.000008 -0.000020 -0.000029 0.873030 -0.487667
1741164865.626775 1.080746 -1.237812 -0.000008 -0.000020 -0.000030 0.873038 -0.487651
1741164865.676784 1.080746 -1.237812 -0.000008 -0.000020 -0.000030 0.873038 -0.487651
1741164865.726777 1.080747 -1.237812 -0.000011 0.000075 0.000016 0.873049 -0.487632
1741164865.776783 1.080747 -1.237812 -0.000011 0.000075 0.000016 0.873049 -0.487632
1741164865.826777 1.080749 -1.237811 -0.000008 -0.000020 -0.000029 0.873066 -0.487602
1741164865.876797 1.080749 -1.237811 -0.000008 -0.000020 -0.000029 0.873066 -0.487602
1741164865.926777 1.080744 -1.237813 -0.000012 0.000077 0.000015 0.877253 -0.480027
1741164865.976781 1.080744 -1.237813 -0.000012 0.000077 0.000015 0.877253 -0.480027
1741164866.026779 1.080748 -1.237812 -0.000008 -0.000020 -0.000029 0.877261 -0.480014
1741164866.076781 1.080748 -1.237812 -0.000008 -0.000020 -0.000029 0.877261 -0.480014
1741164866.126782 1.080754 -1.237812 -0.000012 0.000078 0.000014 0.877280 -0.479978
1741164866.176793 1.080754 -1.237812 -0.000012 0.000078 0.000014 0.877280 -0.479978
1741164866.226776 1.080744 -1.237813 -0.000011 0.000075 0.000011 0.881408 -0.472356
1741164866.276789 1.080744 -1.237813 -0.000011 0.000075 0.000011 0.881408 -0.472356
1741164866.326779 1.080759 -1.237812 -0.000009 -0.000021 -0.000030 0.881436 -0.472303
1741164866.376793 1.080759 -1.237812 -0.000009 -0.000021 -0.000030 0.881436 -0.472303
1741164866.426775 1.080775 -1.237811 -0.000012 0.000084 0.000013 0.881467 -0.472247
1741164866.476782 1.080775 -1.237811 -0.000012 0.000084 0.000013 0.881467 -0.472247
1741164866.526778 1.080744 -1.237813 -0.000008 -0.000020 -0.000028 0.885496 -0.464647
1741164866.576782 1.080744 -1.237813 -0.000008 -0.000020 -0.000028 0.885496 -0.464647
1741164866.626769 1.080766 -1.237811 -0.000009 -0.000022 -0.000031 0.885545 -0.464554
1741164866.676787 1.080766 -1.237811 -0.000009 -0.000022 -0.000031 0.885545 -0.464554
1741164866.726778 1.080787 -1.237809 -0.000012 0.000084 0.000012 0.885592 -0.464465
1741164866.776780 1.080787 -1.237809 -0.000012 0.000084 0.000012 0.885592 -0.464465
1741164866.826780 1.080744 -1.237813 -0.000010 0.000074 0.000010 0.889517 -0.456902
1741164866.876783 1.080744 -1.237813 -0.000010 0.000074 0.000010 0.889517 -0.456902
1741164866.926775 1.080769 -1.237809 -0.000009 -0.000022 -0.000030 0.889570 -0.456799
1741164866.976779 1.080769 -1.237809 -0.000009 -0.000022 -0.000030 0.889570 -0.456799
1741164867.026781 1.080791 -1.237806 -0.000009 -0.000022 -0.000030 0.889616 -0.456709
1741164867.076783 1.080791 -1.237806 -0.000009 -0.000022 -0.000030 0.889616 -0.456709
1741164867.126775 1.080813 -1.237803 -0.000012 0.000084 0.000011 0.889651 -0.456641
1741164867.176783 1.080813 -1.237803 -0.000012 0.000084 0.000011 0.889651 -0.456641
1741164867.226776 1.080766 -1.237808 -0.000009 -0.000022 -0.000030 0.893517 -0.449030
1741164867.276778 1.080766 -1.237808 -0.000009 -0.000022 -0.000030 0.893517 -0.449030
1741164867.326776 1.080790 -1.237803 -0.000009 -0.000022 -0.000030 0.893569 -0.448926
1741164867.376802 1.080790 -1.237803 -0.000009 -0.000022 -0.000030 0.893569 -0.448926
1741164867.426778 1.080813 -1.237798 -0.000009 -0.000022 -0.000030 0.893621 -0.448823
1741164867.476779 1.080813 -1.237798 -0.000009 -0.000022 -0.000030 0.893621 -0.448823
1741164867.526775 1.080744 -1.237813 -0.000010 0.000074 0.000009 0.897356 -0.441307
1741164867.576802 1.080744 -1.237813 -0.000010 0.000074 0.000009 0.897356 -0.441307
1741164867.626786 1.080769 -1.237807 -0.000009 -0.000023 -0.000030 0.897408 -0.441201
1741164867.676787 1.080769 -1.237807 -0.000009 -0.000023 -0.000030 0.897408 -0.441201
1741164867.726773 1.080795 -1.237801 -0.000012 0.000083 0.000010 0.897465 -0.441085
1741164867.776788 1.080795 -1.237801 -0.000012 0.000083 0.000010 0.897465 -0.441085
1741164867.826778 1.080744 -1.237813 -0.000008 -0.000021 -0.000027 0.901173 -0.433460
1741164867.876790 1.080744 -1.237813 -0.000008 -0.000021 -0.000027 0.901173 -0.433460
1741164867.926784 1.080769 -1.237807 -0.000009 -0.000023 -0.000030 0.901225 -0.433352
1741164867.976815 1.080769 -1.237807 -0.000009 -0.000023 -0.000030 0.901225 -0.433352
1741164868.026938 1.080792 -1.237801 -0.000012 0.000083 0.000009 0.901275 -0.433247
1741164868.076784 1.080792 -1.237801 -0.000012 0.000083 0.000009 0.901275 -0.433247
1741164868.126782 1.080744 -1.237813 -0.000008 -0.000021 -0.000027 0.904921 -0.425580
1741164868.176784 1.080744 -1.237813 -0.000008 -0.000021 -0.000027 0.904921 -0.425580
1741164868.226778 1.080768 -1.237808 -0.000012 0.000083 0.000008 0.904960 -0.425498
1741164868.276793 1.080768 -1.237808 -0.000012 0.000083 0.000008 0.904960 -0.425498
1741164868.326776 1.080792 -1.237803 -0.000012 0.000083 0.000008 0.904997 -0.425417
1741164868.376784 1.080792 -1.237803 -0.000012 0.000083 0.000008 0.904997 -0.425417
1741164868.426775 1.080744 -1.237813 -0.000008 -0.000022 -0.000027 0.908600 -0.417668
1741164868.476783 1.080744 -1.237813 -0.000008 -0.000022 -0.000027 0.908600 -0.417668
1741164868.526785 1.080768 -1.237808 -0.000012 0.000083 0.000008 0.908632 -0.417598
1741164868.576786 1.080768 -1.237808 -0.000012 0.000083 0.000008 0.908632 -0.417598
1741164868.626776 1.080792 -1.237804 -0.000012 0.000083 0.000008 0.908662 -0.417534
1741164868.676795 1.080792 -1.237804 -0.000012 0.000083 0.000008 0.908662 -0.417534
1741164868.726779 1.080744 -1.237813 -0.000010 0.000074 0.000006 0.912211 -0.409722
1741164868.776785 1.080744 -1.237813 -0.000010 0.000074 0.000006 0.912211 -0.409722
1741164868.826776 1.080767 -1.237810 -0.000012 0.000083 0.000007 0.912239 -0.409659
1741164868.876785 1.080767 -1.237810 -0.000012 0.000083 0.000007 0.912239 -0.409659
1741164868.926775 1.080790 -1.237807 -0.000012 0.000082 0.000007 0.912267 -0.409596
1741164868.976783 1.080790 -1.237807 -0.000012 0.000082 0.000007 0.912267 -0.409596
1741164869.026776 1.080744 -1.237813 -0.000010 0.000074 0.000005 0.915751 -0.401746
1741164869.076786 1.080744 -1.237813 -0.000010 0.000074 0.000005 0.915751 -0.401746
1741164869.126777 1.080766 -1.237811 -0.000008 -0.000023 -0.000029 0.915778 -0.401686
1741164869.176786 1.080766 -1.237811 -0.000008 -0.000023 -0.000029 0.915778 -0.401686
1741164869.226776 1.080788 -1.237809 -0.000012 0.000082 0.000006 0.915805 -0.401624
1741164869.276787 1.080788 -1.237809 -0.000012 0.000082 0.000006 0.915805 -0.401624
1741164869.326775 1.080811 -1.237807 -0.000008 -0.000023 -0.000029 0.915832 -0.401562
1741164869.376783 1.080811 -1.237807 -0.000008 -0.000023 -0.000029 0.915832 -0.401562
1741164869.426777 1.080745 -1.237813 -0.000012 0.000083 0.000005 0.919223 -0.393737
1741164869.476793 1.080745 -1.237813 -0.000012 0.000083 0.000005 0.919223 -0.393737
1741164869.526778 1.080768 -1.237812 -0.000012 0.000082 0.000005 0.919249 -0.393677
1741164869.576783 1.080768 -1.237812 -0.000012 0.000082 0.000005 0.919249 -0.393677
1741164869.626773 1.080790 -1.237811 -0.000012 0.000082 0.000005 0.919275 -0.393616
1741164869.676786 1.080790 -1.237811 -0.000012 0.000082 0.000005 0.919275 -0.393616
1741164869.726775 1.080813 -1.237810 -0.000011 0.000082 0.000005 0.919301 -0.393556
1741164869.776780 1.080813 -1.237810 -0.000011 0.000082 0.000005 0.919301 -0.393556
1741164869.826774 1.080746 -1.237813 -0.000008 -0.000024 -0.000028 0.922624 -0.385701
1741164869.876784 1.080746 -1.237813 -0.000008 -0.000024 -0.000028 0.922624 -0.385701
1741164869.926777 1.080768 -1.237813 -0.000008 -0.000024 -0.000028 0.922648 -0.385642
1741164869.976780 1.080768 -1.237813 -0.000008 -0.000024 -0.000028 0.922648 -0.385642
1741164870.026788 1.080791 -1.237813 -0.000008 -0.000024 -0.000028 0.922673 -0.385584
1741164870.076787 1.080791 -1.237813 -0.000008 -0.000024 -0.000028 0.922673 -0.385584
1741164870.126776 1.080744 -1.237813 -0.000010 0.000074 0.000004 0.925954 -0.377637
1741164870.176784 1.080744 -1.237813 -0.000010 0.000074 0.000004 0.925954 -0.377637
1741164870.226776 1.080766 -1.237814 -0.000008 -0.000024 -0.000028 0.925948 -0.377652
1741164870.276794 1.080766 -1.237814 -0.000008 -0.000024 -0.000028 0.925948 -0.377652
1741164870.326778 1.080786 -1.237815 -0.000011 0.000081 0.000004 0.925939 -0.377674
1741164870.376785 1.080786 -1.237815 -0.000011 0.000081 0.000004 0.925939 -0.377674
1741164870.426774 1.080744 -1.237813 -0.000008 -0.000022 -0.000027 0.929214 -0.369543
1741164870.476784 1.080744 -1.237813 -0.000008 -0.000022 -0.000027 0.929214 -0.369543
1741164870.526776 1.080766 -1.237814 -0.000011 0.000081 0.000003 0.929205 -0.369565
1741164870.576783 1.080766 -1.237814 -0.000011 0.000081 0.000003 0.929205 -0.369565
1741164870.626776 1.080788 -1.237815 -0.000008 -0.000024 -0.000027 0.929196 -0.369587
1741164870.676782 1.080788 -1.237815 -0.000008 -0.000024 -0.000027 0.929196 -0.369587
1741164870.726776 1.080744 -1.237813 -0.000010 0.000073 0.000002 0.932404 -0.361419
1741164870.776783 1.080744 -1.237813 -0.000010 0.000073 0.000002 0.932404 -0.361419
1741164870.826784 1.080767 -1.237814 -0.000008 -0.000024 -0.000027 0.932395 -0.361441
1741164870.876784 1.080767 -1.237814 -0.000008 -0.000024 -0.000027 0.932395 -0.361441
1741164870.926777 1.080788 -1.237816 -0.000008 -0.000024 -0.000028 0.932388 -0.361458
1741164870.976789 1.080788 -1.237816 -0.000008 -0.000024 -0.000028 0.932388 -0.361458
1741164871.026774 1.080744 -1.237813 -0.000007 -0.000020 -0.000023 0.935522 -0.353269
1741164871.076783 1.080744 -1.237813 -0.000007 -0.000020 -0.000023 0.935522 -0.353269
1741164871.126777 1.080764 -1.237814 -0.000008 -0.000024 -0.000028 0.935518 -0.353279
1741164871.176785 1.080764 -1.237814 -0.000008 -0.000024 -0.000028 0.935518 -0.353279
1741164871.226775 1.080784 -1.237816 -0.000011 0.000081 0.000002 0.935515 -0.353287
1741164871.276783 1.080784 -1.237816 -0.000011 0.000081 0.000002 0.935515 -0.353287
1741164871.326778 1.080745 -1.237813 -0.000008 -0.000024 -0.000027 0.938568 -0.345094
1741164871.376784 1.080745 -1.237813 -0.000008 -0.000024 -0.000027 0.938568 -0.345094
1741164871.426777 1.080763 -1.237814 -0.000011 0.000081 0.000001 0.938559 -0.345119
1741164871.476784 1.080763 -1.237814 -0.000011 0.000081 0.000001 0.938559 -0.345119
1741164871.526784 1.080782 -1.237816 -0.000008 -0.000024 -0.000028 0.938545 -0.345157
1741164871.576783 1.080782 -1.237816 -0.000008 -0.000024 -0.000028 0.938545 -0.345157
1741164871.626780 1.080744 -1.237813 -0.000008 -0.000023 -0.000026 0.941544 -0.336889
1741164871.676784 1.080744 -1.237813 -0.000008 -0.000023 -0.000026 0.941544 -0.336889
1741164871.726779 1.080764 -1.237815 -0.000011 0.000081 0.000001 0.941528 -0.336935
1741164871.776785 1.080764 -1.237815 -0.000011 0.000081 0.000001 0.941528 -0.336935
1741164871.826778 1.080783 -1.237818 -0.000008 -0.000024 -0.000027 0.941512 -0.336980
1741164871.876787 1.080783 -1.237818 -0.000008 -0.000024 -0.000027 0.941512 -0.336980
1741164871.926775 1.080803 -1.237820 -0.000008 -0.000024 -0.000027 0.941495 -0.337026
1741164871.976781 1.080803 -1.237820 -0.000008 -0.000024 -0.000027 0.941495 -0.337026
1741164872.026778 1.080744 -1.237813 -0.000010 0.000073 -0.000000 0.944449 -0.328659
1741164872.076780 1.080744 -1.237813 -0.000010 0.000073 -0.000000 0.944449 -0.328659
1741164872.126778 1.080764 -1.237816 -0.000008 -0.000024 -0.000027 0.944433 -0.328703
1741164872.176790 1.080764 -1.237816 -0.000008 -0.000024 -0.000027 0.944433 -0.328703
1741164872.226781 1.080784 -1.237819 -0.000008 -0.000024 -0.000027 0.944418 -0.328748
1741164872.276783 1.080784 -1.237819 -0.000008 -0.000024 -0.000027 0.944418 -0.328748
1741164872.326776 1.080804 -1.237822 -0.000008 -0.000024 -0.000027 0.944402 -0.328793
1741164872.376785 1.080804 -1.237822 -0.000008 -0.000024 -0.000027 0.944402 -0.328793
1741164872.426784 1.080744 -1.237813 -0.000008 -0.000023 -0.000025 0.947281 -0.320405
1741164872.476792 1.080744 -1.237813 -0.000008 -0.000023 -0.000025 0.947281 -0.320405
1741164872.526777 1.080764 -1.237817 -0.000011 0.000080 -0.000001 0.947267 -0.320447
1741164872.576799 1.080764 -1.237817 -0.000011 0.000080 -0.000001 0.947267 -0.320447
1741164872.626776 1.080785 -1.237821 -0.000011 0.000080 -0.000001 0.947252 -0.320491
1741164872.676805 1.080785 -1.237821 -0.000011 0.000080 -0.000001 0.947252 -0.320491
1741164872.726797 1.080744 -1.237813 -0.000011 0.000078 -0.000001 0.950041 -0.312127
1741164872.776788 1.080744 -1.237813 -0.000011 0.000078 -0.000001 0.950041 -0.312127
1741164872.826775 1.080766 -1.237818 -0.000008 -0.000025 -0.000026 0.950027 -0.312169
1741164872.876784 1.080766 -1.237818 -0.000008 -0.000025 -0.000026 0.950027 -0.312169
1741164872.926776 1.080787 -1.237823 -0.000008 -0.000025 -0.000026 0.950013 -0.312211
1741164872.976783 1.080787 -1.237823 -0.000008 -0.000025 -0.000026 0.950013 -0.312211
1741164873.026775 1.080744 -1.237813 -0.000010 0.000073 -0.000002 0.952728 -0.303823
1741164873.076791 1.080744 -1.237813 -0.000010 0.000073 -0.000002 0.952728 -0.303823
1741164873.126780 1.080766 -1.237819 -0.000008 -0.000025 -0.000026 0.952715 -0.303865
1741164873.176787 1.080766 -1.237819 -0.000008 -0.000025 -0.000026 0.952715 -0.303865
1741164873.226777 1.080789 -1.237824 -0.000008 -0.000025 -0.000026 0.952702 -0.303906
1741164873.276784 1.080789 -1.237824 -0.000008 -0.000025 -0.000026 0.952702 -0.303906
1741164873.326779 1.080744 -1.237813 -0.000010 0.000072 -0.000003 0.955343 -0.295498
1741164873.376779 1.080744 -1.237813 -0.000010 0.000072 -0.000003 0.955343 -0.295498
1741164873.426779 1.080767 -1.237819 -0.000008 -0.000025 -0.000026 0.955336 -0.295523
1741164873.476784 1.080767 -1.237819 -0.000008 -0.000025 -0.000026 0.955336 -0.295523
1741164873.526777 1.080790 -1.237826 -0.000011 0.000080 -0.000003 0.955332 -0.295536
1741164873.576783 1.080790 -1.237826 -0.000011 0.000080 -0.000003 0.955332 -0.295536
1741164873.626775 1.080744 -1.237813 -0.000008 -0.000024 -0.000024 0.957885 -0.287151
1741164873.676782 1.080744 -1.237813 -0.000008 -0.000024 -0.000024 0.957885 -0.287151
1741164873.726774 1.080768 -1.237820 -0.000008 -0.000025 -0.000026 0.957883 -0.287158
1741164873.776788 1.080768 -1.237820 -0.000008 -0.000025 -0.000026 0.957883 -0.287158
1741164873.826775 1.080793 -1.237828 -0.000008 -0.000025 -0.000026 0.957881 -0.287165
1741164873.876784 1.080793 -1.237828 -0.000008 -0.000025 -0.000026 0.957881 -0.287165
1741164873.926777 1.080745 -1.237813 -0.000008 -0.000025 -0.000025 0.960355 -0.278780
1741164873.976782 1.080745 -1.237813 -0.000008 -0.000025 -0.000025 0.960355 -0.278780
1741164874.026776 1.080770 -1.237821 -0.000008 -0.000025 -0.000025 0.960353 -0.278787
1741164874.076783 1.080770 -1.237821 -0.000008 -0.000025 -0.000025 0.960353 -0.278787
1741164874.126776 1.080795 -1.237829 -0.000011 0.000079 -0.000004 0.960351 -0.278793
1741164874.176799 1.080795 -1.237829 -0.000011 0.000079 -0.000004 0.960351 -0.278793
1741164874.226791 1.080744 -1.237813 -0.000008 -0.000024 -0.000024 0.962751 -0.270389
1741164874.276785 1.080744 -1.237813 -0.000008 -0.000024 -0.000024 0.962751 -0.270389
1741164874.326776 1.080770 -1.237821 -0.000011 0.000079 -0.000005 0.962749 -0.270395
1741164874.376804 1.080770 -1.237821 -0.000011 0.000079 -0.000005 0.962749 -0.270395
1741164874.426777 1.080797 -1.237830 -0.000011 0.000079 -0.000005 0.962748 -0.270402
1741164874.476806 1.080797 -1.237830 -0.000011 0.000079 -0.000005 0.962748 -0.270402
1741164874.526785 1.080744 -1.237813 -0.000011 0.000078 -0.000005 0.965074 -0.261977
1741164874.576791 1.080744 -1.237813 -0.000011 0.000078 -0.000005 0.965074 -0.261977
1741164874.626781 1.080772 -1.237822 -0.000008 -0.000026 -0.000025 0.965072 -0.261984
1741164874.676785 1.080772 -1.237822 -0.000008 -0.000026 -0.000025 0.965072 -0.261984
1741164874.726777 1.080800 -1.237830 -0.000011 0.000079 -0.000005 0.965071 -0.261990
1741164874.776797 1.080800 -1.237830 -0.000011 0.000079 -0.000005 0.965071 -0.261990
1741164874.826777 1.080745 -1.237813 -0.000008 -0.000025 -0.000023 0.967324 -0.253545
1741164874.876784 1.080745 -1.237813 -0.000008 -0.000025 -0.000023 0.967324 -0.253545
1741164874.926776 1.080773 -1.237822 -0.000008 -0.000026 -0.000024 0.967322 -0.253553
1741164874.976803 1.080773 -1.237822 -0.000008 -0.000026 -0.000024 0.967322 -0.253553
1741164875.026777 1.080801 -1.237830 -0.000011 0.000079 -0.000006 0.967320 -0.253560
1741164875.076786 1.080801 -1.237830 -0.000011 0.000079 -0.000006 0.967320 -0.253560
1741164875.126775 1.080831 -1.237839 -0.000008 -0.000026 -0.000024 0.967318 -0.253565
1741164875.176782 1.080831 -1.237839 -0.000008 -0.000026 -0.000024 0.967318 -0.253565
1741164875.226778 1.080745 -1.237813 -0.000008 -0.000025 -0.000023 0.969499 -0.245094
1741164875.276794 1.080745 -1.237813 -0.000008 -0.000025 -0.000023 0.969499 -0.245094
1741164875.326776 1.080773 -1.237821 -0.000011 0.000079 -0.000007 0.969499 -0.245094
1741164875.376782 1.080773 -1.237821 -0.000011 0.000079 -0.000007 0.969499 -0.245094
1741164875.426777 1.080804 -1.237830 -0.000008 -0.000026 -0.000024 0.969499 -0.245095
1741164875.476782 1.080804 -1.237830 -0.000008 -0.000026 -0.000024 0.969499 -0.245095
1741164875.526774 1.080834 -1.237838 -0.000008 -0.000026 -0.000024 0.969499 -0.245096
1741164875.576786 1.080834 -1.237838 -0.000008 -0.000026 -0.000024 0.969499 -0.245096
1741164875.626776 1.080747 -1.237813 -0.000008 -0.000026 -0.000024 0.971601 -0.236625
1741164875.676790 1.080747 -1.237813 -0.000008 -0.000026 -0.000024 0.971601 -0.236625
1741164875.726777 1.080777 -1.237821 -0.000011 0.000078 -0.000007 0.971601 -0.236627
1741164875.776783 1.080777 -1.237821 -0.000011 0.000078 -0.000007 0.971601 -0.236627
1741164875.826779 1.080807 -1.237829 -0.000011 0.000078 -0.000007 0.971600 -0.236629
1741164875.876785 1.080807 -1.237829 -0.000011 0.000078 -0.000007 0.971600 -0.236629
1741164875.926775 1.080746 -1.237812 -0.000008 -0.000027 -0.000024 0.973629 -0.228135
1741164875.976781 1.080746 -1.237812 -0.000008 -0.000027 -0.000024 0.973629 -0.228135
1741164876.026783 1.080776 -1.237820 -0.000011 0.000078 -0.000008 0.973629 -0.228138
1741164876.076792 1.080776 -1.237820 -0.000011 0.000078 -0.000008 0.973629 -0.228138
1741164876.126782 1.080808 -1.237828 -0.000011 0.000078 -0.000008 0.973628 -0.228141
1741164876.176794 1.080808 -1.237828 -0.000011 0.000078 -0.000008 0.973628 -0.228141
1741164876.226777 1.080745 -1.237812 -0.000011 0.000081 -0.000009 0.975583 -0.219632
1741164876.276792 1.080745 -1.237812 -0.000011 0.000081 -0.000009 0.975583 -0.219632
1741164876.326775 1.080777 -1.237820 -0.000008 -0.000026 -0.000023 0.975582 -0.219637
1741164876.376791 1.080777 -1.237820 -0.000008 -0.000026 -0.000023 0.975582 -0.219637
1741164876.426776 1.080808 -1.237827 -0.000011 0.000078 -0.000009 0.975581 -0.219641
1741164876.476779 1.080808 -1.237827 -0.000011 0.000078 -0.000009 0.975581 -0.219641
1741164876.526778 1.080840 -1.237834 -0.000011 0.000078 -0.000009 0.975580 -0.219646
1741164876.576784 1.080840 -1.237834 -0.000011 0.000078 -0.000009 0.975580 -0.219646
1741164876.626775 1.080745 -1.237813 -0.000011 0.000077 -0.000009 0.977462 -0.211110
1741164876.676779 1.080745 -1.237813 -0.000011 0.000077 -0.000009 0.977462 -0.211110
1741164876.726775 1.080778 -1.237819 -0.000008 -0.000026 -0.000023 0.977461 -0.211116
1741164876.776784 1.080778 -1.237819 -0.000008 -0.000026 -0.000023 0.977461 -0.211116
1741164876.826772 1.080810 -1.237826 -0.000008 -0.000026 -0.000023 0.977460 -0.211122
1741164876.876779 1.080810 -1.237826 -0.000008 -0.000026 -0.000023 0.977460 -0.211122
1741164876.926778 1.080746 -1.237813 -0.000008 -0.000026 -0.000022 0.979267 -0.202573
1741164876.976780 1.080746 -1.237813 -0.000008 -0.000026 -0.000022 0.979267 -0.202573
1741164877.026777 1.080778 -1.237819 -0.000011 0.000077 -0.000010 0.979266 -0.202579
1741164877.076782 1.080778 -1.237819 -0.000011 0.000077 -0.000010 0.979266 -0.202579
1741164877.126777 1.080810 -1.237825 -0.000011 0.000077 -0.000010 0.979264 -0.202586
1741164877.176781 1.080810 -1.237825 -0.000011 0.000077 -0.000010 0.979264 -0.202586
1741164877.226776 1.080844 -1.237832 -0.000008 -0.000026 -0.000022 0.979263 -0.202593
1741164877.276782 1.080844 -1.237832 -0.000008 -0.000026 -0.000022 0.979263 -0.202593
1741164877.326776 1.080746 -1.237813 -0.000008 -0.000026 -0.000022 0.980998 -0.194019
1741164877.376786 1.080746 -1.237813 -0.000008 -0.000026 -0.000022 0.980998 -0.194019
1741164877.426777 1.080779 -1.237819 -0.000011 0.000077 -0.000011 0.980996 -0.194027
1741164877.476788 1.080779 -1.237819 -0.000011 0.000077 -0.000011 0.980996 -0.194027
1741164877.526778 1.080813 -1.237825 -0.000008 -0.000026 -0.000022 0.980995 -0.194035
1741164877.576785 1.080813 -1.237825 -0.000008 -0.000026 -0.000022 0.980995 -0.194035
1741164877.626779 1.080746 -1.237813 -0.000008 -0.000026 -0.000022 0.982654 -0.185451
1741164877.676778 1.080746 -1.237813 -0.000008 -0.000026 -0.000022 0.982654 -0.185451
1741164877.726774 1.080780 -1.237818 -0.000008 -0.000026 -0.000022 0.982652 -0.185460
1741164877.776793 1.080780 -1.237818 -0.000008 -0.000026 -0.000022 0.982652 -0.185460
1741164877.826793 1.080814 -1.237824 -0.000008 -0.000026 -0.000022 0.982650 -0.185469
1741164877.876813 1.080814 -1.237824 -0.000008 -0.000026 -0.000022 0.982650 -0.185469
1741164877.926783 1.080847 -1.237830 -0.000008 -0.000026 -0.000022 0.982648 -0.185478
1741164877.976794 1.080847 -1.237830 -0.000008 -0.000026 -0.000022 0.982648 -0.185478
1741164878.026778 1.080746 -1.237813 -0.000008 -0.000027 -0.000022 0.984235 -0.176867
1741164878.076792 1.080746 -1.237813 -0.000008 -0.000027 -0.000022 0.984235 -0.176867
1741164878.126788 1.080780 -1.237818 -0.000007 -0.000026 -0.000021 0.984233 -0.176877
1741164878.176804 1.080780 -1.237818 -0.000007 -0.000026 -0.000021 0.984233 -0.176877
1741164878.226789 1.080814 -1.237824 -0.000011 0.000077 -0.000012 0.984231 -0.176887
1741164878.276790 1.080814 -1.237824 -0.000011 0.000077 -0.000012 0.984231 -0.176887
1741164878.326773 1.080850 -1.237829 -0.000007 -0.000026 -0.000021 0.984229 -0.176897
1741164878.376788 1.080850 -1.237829 -0.000007 -0.000026 -0.000021 0.984229 -0.176897
1741164878.426782 1.080745 -1.237813 -0.000010 0.000070 -0.000012 0.985740 -0.168273
1741164878.476786 1.080745 -1.237813 -0.000010 0.000070 -0.000012 0.985740 -0.168273
1741164878.526773 1.080780 -1.237818 -0.000011 0.000076 -0.000013 0.985739 -0.168284
1741164878.576790 1.080780 -1.237818 -0.000011 0.000076 -0.000013 0.985739 -0.168284
1741164878.626762 1.080815 -1.237823 -0.000007 -0.000026 -0.000021 0.985737 -0.168294
1741164878.676797 1.080815 -1.237823 -0.000007 -0.000026 -0.000021 0.985737 -0.168294
1741164878.726788 1.080745 -1.237813 -0.000007 -0.000025 -0.000020 0.987171 -0.159665
1741164878.776803 1.080745 -1.237813 -0.000007 -0.000025 -0.000020 0.987171 -0.159665
1741164878.826789 1.080781 -1.237817 -0.000011 0.000076 -0.000013 0.987170 -0.159676
1741164878.876775 1.080781 -1.237817 -0.000011 0.000076 -0.000013 0.987170 -0.159676
1741164878.926775 1.080817 -1.237822 -0.000007 -0.000026 -0.000021 0.987168 -0.159687
1741164878.976781 1.080817 -1.237822 -0.000007 -0.000026 -0.000021 0.987168 -0.159687
1741164879.026774 1.080853 -1.237827 -0.000011 0.000076 -0.000013 0.987166 -0.159699
1741164879.076783 1.080853 -1.237827 -0.000011 0.000076 -0.000013 0.987166 -0.159699
1741164879.126774 1.080889 -1.237832 -0.000007 -0.000026 -0.000021 0.987164 -0.159710
1741164879.176780 1.080889 -1.237832 -0.000007 -0.000026 -0.000021 0.987164 -0.159710
1741164879.226743 1.080925 -1.237837 -0.000007 -0.000026 -0.000021 0.987162 -0.159722
1741164879.276784 1.080925 -1.237837 -0.000007 -0.000026 -0.000021 0.987162 -0.159722
1741164879.326774 1.080961 -1.237841 -0.000007 -0.000026 -0.000020 0.987160 -0.159733
1741164879.376782 1.080961 -1.237841 -0.000007 -0.000026 -0.000020 0.987160 -0.159733
1741164879.426777 1.080996 -1.237846 -0.000011 0.000076 -0.000013 0.987158 -0.159744
1741164879.476790 1.080996 -1.237846 -0.000011 0.000076 -0.000013 0.987158 -0.159744
1741164879.526775 1.047860 -1.249222 -0.000011 0.000076 -0.000012 0.984996 -0.172576
1741164879.576800 1.047860 -1.249222 -0.000011 0.000076 -0.000012 0.984996 -0.172576
1741164879.626772 1.047896 -1.249227 -0.000007 -0.000026 -0.000021 0.984994 -0.172586
1741164879.676785 1.047896 -1.249227 -0.000007 -0.000026 -0.000021 0.984994 -0.172586
1741164879.726779 1.015282 -1.261488 -0.000007 -0.000025 -0.000021 0.982653 -0.185454
1741164879.776791 1.015282 -1.261488 -0.000007 -0.000025 -0.000021 0.982653 -0.185454
1741164879.826775 1.015315 -1.261494 -0.000007 -0.000025 -0.000021 0.982651 -0.185462
1741164879.876784 1.015315 -1.261494 -0.000007 -0.000025 -0.000021 0.982651 -0.185462
1741164879.926778 0.983025 -1.274602 -0.000007 -0.000025 -0.000021 0.980141 -0.198301
1741164879.976785 0.983025 -1.274602 -0.000007 -0.000025 -0.000021 0.980141 -0.198301
1741164880.026777 0.983057 -1.274608 -0.000011 0.000076 -0.000010 0.980140 -0.198307
1741164880.076786 0.983057 -1.274608 -0.000011 0.000076 -0.000010 0.980140 -0.198307
1741164880.126782 0.951125 -1.288556 -0.000007 -0.000025 -0.000022 0.977462 -0.211111
1741164880.176782 0.951125 -1.288556 -0.000007 -0.000025 -0.000022 0.977462 -0.211111
1741164880.226778 0.951157 -1.288563 -0.000007 -0.000025 -0.000022 0.977461 -0.211115
1741164880.276793 0.951157 -1.288563 -0.000007 -0.000025 -0.000022 0.977461 -0.211115
1741164880.326779 0.919603 -1.303340 -0.000007 -0.000025 -0.000022 0.974615 -0.223886
1741164880.376781 0.919603 -1.303340 -0.000007 -0.000025 -0.000022 0.974615 -0.223886
1741164880.426778 0.919632 -1.303348 -0.000011 0.000077 -0.000008 0.974615 -0.223888
1741164880.476779 0.919632 -1.303348 -0.000011 0.000077 -0.000008 0.974615 -0.223888
1741164880.526779 0.888475 -1.318944 -0.000007 -0.000024 -0.000022 0.971601 -0.236623
1741164880.576786 0.888475 -1.318944 -0.000007 -0.000024 -0.000022 0.971601 -0.236623
1741164880.626779 0.888505 -1.318952 -0.000007 -0.000024 -0.000022 0.971601 -0.236624
1741164880.676784 0.888505 -1.318952 -0.000007 -0.000024 -0.000022 0.971601 -0.236624
1741164880.726783 0.857767 -1.335357 -0.000007 -0.000024 -0.000023 0.968421 -0.249320
1741164880.776782 0.857767 -1.335357 -0.000007 -0.000024 -0.000023 0.968421 -0.249320
1741164880.826800 0.857794 -1.335366 -0.000007 -0.000024 -0.000023 0.968422 -0.249318
1741164880.876780 0.857794 -1.335366 -0.000007 -0.000024 -0.000023 0.968422 -0.249318
1741164880.926779 0.857823 -1.335375 -0.000007 -0.000024 -0.000023 0.968422 -0.249317
1741164880.976795 0.857823 -1.335375 -0.000007 -0.000024 -0.000023 0.968422 -0.249317
1741164881.026783 0.827498 -1.352568 -0.000007 -0.000024 -0.000023 0.965075 -0.261975
1741164881.076782 0.827498 -1.352568 -0.000007 -0.000024 -0.000023 0.965075 -0.261975
1741164881.126778 0.827525 -1.352577 -0.000011 0.000077 -0.000005 0.965076 -0.261972
1741164881.176792 0.827525 -1.352577 -0.000011 0.000077 -0.000005 0.965076 -0.261972
1741164881.226787 0.797694 -1.370566 -0.000007 -0.000023 -0.000023 0.961563 -0.274584
1741164881.276800 0.797694 -1.370566 -0.000007 -0.000023 -0.000023 0.961563 -0.274584
1741164881.326792 0.797721 -1.370576 -0.000007 -0.000023 -0.000023 0.961564 -0.274580
1741164881.376788 0.797721 -1.370576 -0.000007 -0.000023 -0.000023 0.961564 -0.274580
1741164881.426777 0.768366 -1.389337 -0.000007 -0.000023 -0.000024 0.957886 -0.287148
1741164881.476791 0.768366 -1.389337 -0.000007 -0.000023 -0.000024 0.957886 -0.287148
1741164881.526789 0.768392 -1.389345 -0.000007 -0.000023 -0.000024 0.957887 -0.287145
1741164881.576797 0.768392 -1.389345 -0.000007 -0.000023 -0.000024 0.957887 -0.287145
1741164881.626784 0.739543 -1.408870 -0.000011 0.000077 -0.000002 0.954046 -0.299662
1741164881.676789 0.739543 -1.408870 -0.000011 0.000077 -0.000002 0.954046 -0.299662
1741164881.726789 0.739569 -1.408877 -0.000007 -0.000023 -0.000024 0.954046 -0.299660
1741164881.776791 0.739569 -1.408877 -0.000007 -0.000023 -0.000024 0.954046 -0.299660
1741164881.826787 0.711241 -1.429150 -0.000011 0.000077 -0.000001 0.950041 -0.312125
1741164881.876794 0.711241 -1.429150 -0.000011 0.000077 -0.000001 0.950041 -0.312125
1741164881.926783 0.711267 -1.429156 -0.000007 -0.000023 -0.000024 0.950041 -0.312126
1741164881.976784 0.711267 -1.429156 -0.000007 -0.000023 -0.000024 0.950041 -0.312126
1741164882.026775 0.683478 -1.450163 -0.000011 0.000077 -0.000000 0.945874 -0.324535
1741164882.076787 0.683478 -1.450163 -0.000011 0.000077 -0.000000 0.945874 -0.324535
1741164882.126789 0.683502 -1.450168 -0.000007 -0.000022 -0.000025 0.945872 -0.324539
1741164882.176785 0.683502 -1.450168 -0.000007 -0.000022 -0.000025 0.945872 -0.324539
1741164882.226777 0.656276 -1.471897 -0.000007 -0.000022 -0.000025 0.941544 -0.336891
1741164882.276779 0.656276 -1.471897 -0.000007 -0.000022 -0.000025 0.941544 -0.336891
1741164882.326797 0.656300 -1.471900 -0.000011 0.000077 0.000001 0.941541 -0.336897
1741164882.376787 0.656300 -1.471900 -0.000011 0.000077 0.000001 0.941541 -0.336897
1741164882.426774 0.629651 -1.494334 -0.000011 0.000077 0.000002 0.937053 -0.349187
1741164882.476781 0.629651 -1.494334 -0.000011 0.000077 0.000002 0.937053 -0.349187
1741164882.526777 0.629672 -1.494337 -0.000011 0.000077 0.000002 0.937050 -0.349196
1741164882.576794 0.629672 -1.494337 -0.000011 0.000077 0.000002 0.937050 -0.349196
1741164882.626776 0.603626 -1.517462 -0.000011 0.000077 0.000003 0.932401 -0.361424
1741164882.676794 0.603626 -1.517462 -0.000011 0.000077 0.000003 0.932401 -0.361424
1741164882.726778 0.603647 -1.517464 -0.000011 0.000077 0.000003 0.932398 -0.361434
1741164882.776785 0.603647 -1.517464 -0.000011 0.000077 0.000003 0.932398 -0.361434
1741164882.826776 0.578212 -1.541263 -0.000007 -0.000021 -0.000026 0.927591 -0.373598
1741164882.876785 0.578212 -1.541263 -0.000007 -0.000021 -0.000026 0.927591 -0.373598
1741164882.926775 0.578232 -1.541265 -0.000011 0.000077 0.000004 0.927587 -0.373608
1741164882.976781 0.578232 -1.541265 -0.000011 0.000077 0.000004 0.927587 -0.373608
1741164883.026778 0.553431 -1.565721 -0.000011 0.000077 0.000005 0.922621 -0.385708
1741164883.076816 0.553431 -1.565721 -0.000011 0.000077 0.000005 0.922621 -0.385708
1741164883.126775 0.553451 -1.565723 -0.000011 0.000077 0.000005 0.922616 -0.385719
1741164883.176781 0.553451 -1.565723 -0.000011 0.000077 0.000005 0.922616 -0.385719
1741164883.226796 0.529298 -1.590820 -0.000011 0.000077 0.000006 0.917493 -0.397753
1741164883.276814 0.529298 -1.590820 -0.000011 0.000077 0.000006 0.917493 -0.397753
1741164883.326782 0.529318 -1.590821 -0.000007 -0.000020 -0.000026 0.917488 -0.397765
1741164883.376795 0.529318 -1.590821 -0.000007 -0.000020 -0.000026 0.917488 -0.397765
1741164883.426789 0.529338 -1.590821 -0.000007 -0.000020 -0.000026 0.917483 -0.397776
1741164883.476814 0.529338 -1.590821 -0.000007 -0.000020 -0.000026 0.917483 -0.397776
1741164883.526778 0.505833 -1.616541 -0.000007 -0.000020 -0.000027 0.912207 -0.409730
1741164883.576780 0.505833 -1.616541 -0.000007 -0.000020 -0.000027 0.912207 -0.409730
1741164883.626777 0.505851 -1.616541 -0.000007 -0.000020 -0.000027 0.912202 -0.409742
1741164883.676788 0.505851 -1.616541 -0.000007 -0.000020 -0.000027 0.912202 -0.409742
1741164883.726776 0.483045 -1.642868 -0.000011 0.000077 0.000008 0.906766 -0.421635
1741164883.776792 0.483045 -1.642868 -0.000011 0.000077 0.000008 0.906766 -0.421635
1741164883.826780 0.483064 -1.642867 -0.000011 0.000077 0.000008 0.906760 -0.421648
1741164883.876793 0.483064 -1.642867 -0.000011 0.000077 0.000008 0.906760 -0.421648
1741164883.926776 0.460956 -1.669783 -0.000011 0.000077 0.000009 0.901169 -0.433468
1741164883.976785 0.460956 -1.669783 -0.000011 0.000077 0.000009 0.901169 -0.433468
1741164884.026787 0.460973 -1.669782 -0.000011 0.000077 0.000009 0.901162 -0.433482
1741164884.076790 0.460973 -1.669782 -0.000011 0.000077 0.000009 0.901162 -0.433482
1741164884.126776 0.460990 -1.669781 -0.000011 0.000077 0.000009 0.901156 -0.433495
1741164884.176784 0.460990 -1.669781 -0.000011 0.000077 0.000009 0.901156 -0.433495
1741164884.226778 0.439579 -1.697267 -0.000007 -0.000019 -0.000027 0.895417 -0.445227
1741164884.276797 0.439579 -1.697267 -0.000007 -0.000019 -0.000027 0.895417 -0.445227
1741164884.326775 0.439595 -1.697267 -0.000011 0.000077 0.000010 0.895411 -0.445241
1741164884.376780 0.439595 -1.697267 -0.000011 0.000077 0.000010 0.895411 -0.445241
1741164884.426760 0.418928 -1.725302 -0.000011 0.000077 0.000011 0.889513 -0.456909
1741164884.476780 0.418928 -1.725302 -0.000011 0.000077 0.000011 0.889513 -0.456909
1741164884.526775 0.418942 -1.725302 -0.000011 0.000077 0.000011 0.889507 -0.456922
1741164884.576784 0.418942 -1.725302 -0.000011 0.000077 0.000011 0.889507 -0.456922
1741164884.626775 0.399018 -1.753866 -0.000011 0.000076 0.000012 0.883457 -0.468513
1741164884.676785 0.399018 -1.753866 -0.000011 0.000076 0.000012 0.883457 -0.468513
1741164884.726791 0.399032 -1.753867 -0.000011 0.000076 0.000012 0.883450 -0.468525
1741164884.776799 0.399032 -1.753867 -0.000011 0.000076 0.000012 0.883450 -0.468525
1741164884.826778 0.379864 -1.782943 -0.000007 -0.000018 -0.000028 0.877248 -0.480037
1741164884.876781 0.379864 -1.782943 -0.000007 -0.000018 -0.000028 0.877248 -0.480037
1741164884.926776 0.379876 -1.782943 -0.000007 -0.000018 -0.000028 0.877242 -0.480048
1741164884.976784 0.379876 -1.782943 -0.000007 -0.000018 -0.000028 0.877242 -0.480048
1741164885.026777 0.361477 -1.812510 -0.000007 -0.000017 -0.000028 0.870890 -0.491478
1741164885.076789 0.361477 -1.812510 -0.000007 -0.000017 -0.000028 0.870890 -0.491478
1741164885.126777 0.361488 -1.812510 -0.000011 0.000076 0.000014 0.870884 -0.491488
1741164885.176811 0.361488 -1.812510 -0.000011 0.000076 0.000014 0.870884 -0.491488
1741164885.226775 0.343870 -1.842548 -0.000011 -0.000076 -0.000015 -0.864382 0.502836
1741164885.276787 0.343870 -1.842548 -0.000011 -0.000076 -0.000015 -0.864382 0.502836
1741164885.326776 0.343881 -1.842547 -0.000007 0.000017 0.000028 -0.864375 0.502847
1741164885.376793 0.343881 -1.842547 -0.000007 0.000017 0.000028 -0.864375 0.502847
1741164885.426777 0.327056 -1.873037 -0.000007 0.000017 0.000029 -0.857726 0.514107
1741164885.476780 0.327056 -1.873037 -0.000007 0.000017 0.000029 -0.857726 0.514107
1741164885.526772 0.327066 -1.873034 -0.000011 -0.000075 -0.000016 -0.857719 0.514118
1741164885.576783 0.327066 -1.873034 -0.000011 -0.000075 -0.000016 -0.857719 0.514118
1741164885.626775 0.311045 -1.903954 -0.000011 -0.000075 -0.000017 -0.850923 0.525290
1741164885.676784 0.311045 -1.903954 -0.000011 -0.000075 -0.000017 -0.850923 0.525290
1741164885.726775 0.311056 -1.903949 -0.000007 0.000016 0.000029 -0.850915 0.525303
1741164885.776793 0.311056 -1.903949 -0.000007 0.000016 0.000029 -0.850915 0.525303
1741164885.826765 0.311066 -1.903943 -0.000007 0.000016 0.000029 -0.850908 0.525315
1741164885.876784 0.311066 -1.903943 -0.000007 0.000016 0.000029 -0.850908 0.525315
1741164885.926775 0.295850 -1.935280 -0.000011 -0.000075 -0.000018 -0.843974 0.536384
1741164885.976784 0.295850 -1.935280 -0.000011 -0.000075 -0.000018 -0.843974 0.536384
1741164886.026779 0.295860 -1.935270 -0.000007 0.000016 0.000029 -0.843966 0.536397
1741164886.076781 0.295860 -1.935270 -0.000007 0.000016 0.000029 -0.843966 0.536397
1741164886.126779 0.295869 -1.935261 -0.000007 0.000016 0.000029 -0.843958 0.536410
1741164886.176786 0.295869 -1.935261 -0.000007 0.000016 0.000029 -0.843958 0.536410
1741164886.226779 0.281481 -1.966991 -0.000007 0.000015 0.000029 -0.836880 0.547387
1741164886.276787 0.281481 -1.966991 -0.000007 0.000015 0.000029 -0.836880 0.547387
1741164886.326774 0.281490 -1.966978 -0.000007 0.000015 0.000029 -0.836871 0.547400
1741164886.376781 0.281490 -1.966978 -0.000007 0.000015 0.000029 -0.836871 0.547400
1741164886.426779 0.267945 -1.999070 -0.000011 -0.000074 -0.000020 -0.829644 0.558293
1741164886.476822 0.267945 -1.999070 -0.000011 -0.000074 -0.000020 -0.829644 0.558293
1741164886.526782 0.267953 -1.999053 -0.000011 -0.000074 -0.000020 -0.829634 0.558307
1741164886.576786 0.267953 -1.999053 -0.000011 -0.000074 -0.000020 -0.829634 0.558307
1741164886.626777 0.267961 -1.999036 -0.000011 -0.000074 -0.000020 -0.829625 0.558320
1741164886.676816 0.267961 -1.999036 -0.000011 -0.000074 -0.000020 -0.829625 0.558320
1741164886.726779 0.255254 -2.031490 -0.000011 -0.000074 -0.000021 -0.822264 0.569107
1741164886.776788 0.255254 -2.031490 -0.000011 -0.000074 -0.000021 -0.822264 0.569107
1741164886.826777 0.255262 -2.031470 -0.000011 -0.000074 -0.000021 -0.822254 0.569120
1741164886.876785 0.255262 -2.031470 -0.000011 -0.000074 -0.000021 -0.822254 0.569120
1741164886.926778 0.243417 -2.064233 -0.000011 -0.000074 -0.000022 -0.814744 0.579821
1741164886.976803 0.243417 -2.064233 -0.000011 -0.000074 -0.000022 -0.814744 0.579821
1741164887.026775 0.243423 -2.064211 -0.000011 -0.000074 -0.000022 -0.814735 0.579834
1741164887.076787 0.243423 -2.064211 -0.000011 -0.000074 -0.000022 -0.814735 0.579834
1741164887.126759 0.243430 -2.064187 -0.000007 0.000014 0.000030 -0.814725 0.579848
1741164887.176795 0.243430 -2.064187 -0.000007 0.000014 0.000030 -0.814725 0.579848
1741164887.226776 0.232440 -2.097274 -0.000007 0.000014 0.000030 -0.807084 0.590436
1741164887.276785 0.232440 -2.097274 -0.000007 0.000014 0.000030 -0.807084 0.590436
1741164887.326774 0.232446 -2.097250 -0.000011 -0.000073 -0.000023 -0.807075 0.590448
1741164887.376782 0.232446 -2.097250 -0.000011 -0.000073 -0.000023 -0.807075 0.590448
1741164887.426777 0.222332 -2.130594 -0.000011 -0.000073 -0.000024 -0.799288 0.600948
1741164887.476782 0.222332 -2.130594 -0.000011 -0.000073 -0.000024 -0.799288 0.600948
1741164887.526780 0.222337 -2.130566 -0.000007 0.000013 0.000030 -0.799279 0.600960
1741164887.576788 0.222337 -2.130566 -0.000007 0.000013 0.000030 -0.799279 0.600960
1741164887.626776 0.213100 -2.164163 -0.000011 -0.000073 -0.000025 -0.791353 0.611359
1741164887.676792 0.213100 -2.164163 -0.000011 -0.000073 -0.000025 -0.791353 0.611359
1741164887.726775 0.213104 -2.164134 -0.000011 -0.000073 -0.000025 -0.791345 0.611370
1741164887.776783 0.213104 -2.164134 -0.000011 -0.000073 -0.000025 -0.791345 0.611370
1741164887.826777 0.213108 -2.164105 -0.000011 -0.000073 -0.000025 -0.791337 0.611381
1741164887.876780 0.213108 -2.164105 -0.000011 -0.000073 -0.000025 -0.791337 0.611381
1741164887.926775 0.204750 -2.197963 -0.000011 -0.000072 -0.000026 -0.783283 0.621665
1741164887.976784 0.204750 -2.197963 -0.000011 -0.000072 -0.000026 -0.783283 0.621665
1741164888.026774 0.204753 -2.197932 -0.000011 -0.000072 -0.000026 -0.783276 0.621675
1741164888.076782 0.204753 -2.197932 -0.000011 -0.000072 -0.000026 -0.783276 0.621675
1741164888.126779 0.197287 -2.231972 -0.000007 0.000012 0.000031 -0.775080 0.631863
1741164888.176782 0.197287 -2.231972 -0.000007 0.000012 0.000031 -0.775080 0.631863
1741164888.226778 0.197289 -2.231939 -0.000007 0.000012 0.000031 -0.775073 0.631872
1741164888.276778 0.197289 -2.231939 -0.000007 0.000012 0.000031 -0.775073 0.631872
1741164888.326780 0.197292 -2.231906 -0.000007 0.000012 0.000031 -0.775066 0.631880
1741164888.376781 0.197292 -2.231906 -0.000007 0.000012 0.000031 -0.775066 0.631880
1741164888.426775 0.190718 -2.266161 -0.000011 -0.000071 -0.000027 -0.766742 0.641955
1741164888.476784 0.190718 -2.266161 -0.000011 -0.000071 -0.000027 -0.766742 0.641955
1741164888.526776 0.190719 -2.266126 -0.000011 -0.000071 -0.000027 -0.766736 0.641963
1741164888.576783 0.190719 -2.266126 -0.000011 -0.000071 -0.000027 -0.766736 0.641963
1741164888.626775 0.185045 -2.300518 -0.000011 -0.000071 -0.000028 -0.758275 0.651935
1741164888.676792 0.185045 -2.300518 -0.000011 -0.000071 -0.000028 -0.758275 0.651935
1741164888.726776 0.185047 -2.300480 -0.000007 0.000011 0.000031 -0.758267 0.651944
1741164888.776786 0.185047 -2.300480 -0.000007 0.000011 0.000031 -0.758267 0.651944
1741164888.826779 0.180274 -2.335006 -0.000011 -0.000071 -0.000029 -0.749675 0.661806
1741164888.876780 0.180274 -2.335006 -0.000011 -0.000071 -0.000029 -0.749675 0.661806
1741164888.926771 0.180275 -2.334967 -0.000011 -0.000071 -0.000029 -0.749667 0.661815
1741164888.976781 0.180275 -2.334967 -0.000011 -0.000071 -0.000029 -0.749667 0.661815
1741164889.026779 0.180276 -2.334925 -0.000007 0.000011 0.000031 -0.749659 0.661824
1741164889.076788 0.180276 -2.334925 -0.000007 0.000011 0.000031 -0.749659 0.661824
1741164889.126777 0.176408 -2.369607 -0.000007 0.000011 0.000031 -0.740947 0.671563
1741164889.176793 0.176408 -2.369607 -0.000007 0.000011 0.000031 -0.740947 0.671563
1741164889.226777 0.176409 -2.369566 -0.000011 -0.000070 -0.000030 -0.740939 0.671572
1741164889.276786 0.176409 -2.369566 -0.000011 -0.000070 -0.000030 -0.740939 0.671572
1741164889.326777 0.173449 -2.404300 -0.000011 -0.000070 -0.000031 -0.732093 0.681204
1741164889.376780 0.173449 -2.404300 -0.000011 -0.000070 -0.000031 -0.732093 0.681204
1741164889.426776 0.173449 -2.404256 -0.000007 0.000010 0.000031 -0.732084 0.681214
1741164889.476784 0.173449 -2.404256 -0.000007 0.000010 0.000031 -0.732084 0.681214
1741164889.526775 0.171399 -2.439055 -0.000007 0.000010 0.000031 -0.723114 0.690729
1741164889.576787 0.171399 -2.439055 -0.000007 0.000010 0.000031 -0.723114 0.690729
1741164889.626775 0.171399 -2.439012 -0.000007 0.000010 0.000031 -0.723104 0.690739
1741164889.676790 0.171399 -2.439012 -0.000007 0.000010 0.000031 -0.723104 0.690739
1741164889.726775 0.170259 -2.473854 -0.000007 0.000009 0.000032 -0.714010 0.700135
1741164889.776783 0.170259 -2.473854 -0.000007 0.000009 0.000032 -0.714010 0.700135
1741164889.826777 0.170260 -2.473811 -0.000011 -0.000069 -0.000033 -0.714001 0.700145
1741164889.876782 0.170260 -2.473811 -0.000011 -0.000069 -0.000033 -0.714001 0.700145
1741164889.926781 0.170031 -2.508673 -0.000011 -0.000068 -0.000034 -0.704785 0.709421
1741164889.976788 0.170031 -2.508673 -0.000011 -0.000068 -0.000034 -0.704785 0.709421
1741164890.026774 0.170031 -2.508627 -0.000011 -0.000068 -0.000034 -0.704775 0.709431
1741164890.076797 0.170031 -2.508627 -0.000011 -0.000068 -0.000034 -0.704775 0.709431
1741164890.126777 0.170715 -2.543484 -0.000007 0.000008 0.000032 -0.695438 0.718586
1741164890.176791 0.170715 -2.543484 -0.000007 0.000008 0.000032 -0.695438 0.718586
1741164890.226776 0.170715 -2.543437 -0.000007 0.000008 0.000032 -0.695428 0.718596
1741164890.276788 0.170715 -2.543437 -0.000007 0.000008 0.000032 -0.695428 0.718596
1741164890.326779 0.170715 -2.543392 -0.000011 -0.000068 -0.000035 -0.695418 0.718606
1741164890.376803 0.170715 -2.543392 -0.000011 -0.000068 -0.000035 -0.695418 0.718606
1741164890.426775 0.172309 -2.578264 -0.000011 -0.000068 -0.000036 -0.685972 0.727628
1741164890.476785 0.172309 -2.578264 -0.000011 -0.000068 -0.000036 -0.685972 0.727628
1741164890.526777 0.172309 -2.578218 -0.000011 -0.000068 -0.000036 -0.685961 0.727639
1741164890.576780 0.172309 -2.578218 -0.000011 -0.000068 -0.000036 -0.685961 0.727639
1741164890.626786 0.174813 -2.612993 -0.000011 -0.000067 -0.000036 -0.676389 0.736545
1741164890.676783 0.174813 -2.612993 -0.000011 -0.000067 -0.000036 -0.676389 0.736545
1741164890.726781 0.174813 -2.612946 -0.000007 0.000008 0.000032 -0.676376 0.736556
1741164890.776805 0.174813 -2.612946 -0.000007 0.000008 0.000032 -0.676376 0.736556
1741164890.826775 0.178226 -2.647644 -0.000011 -0.000067 -0.000037 -0.666689 0.745336
1741164890.876794 0.178226 -2.647644 -0.000011 -0.000067 -0.000037 -0.666689 0.745336
1741164890.926786 0.178226 -2.647598 -0.000011 -0.000067 -0.000037 -0.666676 0.745348
1741164890.976784 0.178226 -2.647598 -0.000011 -0.000067 -0.000037 -0.666676 0.745348
1741164891.026775 0.178225 -2.647552 -0.000007 0.000007 0.000032 -0.666663 0.745359
1741164891.076804 0.178225 -2.647552 -0.000007 0.000007 0.000032 -0.666663 0.745359
1741164891.126776 0.182545 -2.682190 -0.000007 0.000007 0.000032 -0.656875 0.754000
1741164891.176787 0.182545 -2.682190 -0.000007 0.000007 0.000032 -0.656875 0.754000
1741164891.226776 0.182544 -2.682145 -0.000011 -0.000066 -0.000038 -0.656861 0.754012
1741164891.276785 0.182544 -2.682145 -0.000011 -0.000066 -0.000038 -0.656861 0.754012
1741164891.326774 0.182544 -2.682099 -0.000011 -0.000066 -0.000038 -0.656847 0.754024
1741164891.376781 0.182544 -2.682099 -0.000011 -0.000066 -0.000038 -0.656847 0.754024
1741164891.426786 0.187766 -2.716619 -0.000011 -0.000066 -0.000039 -0.646950 0.762533
1741164891.476761 0.187766 -2.716619 -0.000011 -0.000066 -0.000039 -0.646950 0.762533
1741164891.526774 0.187766 -2.716574 -0.000011 -0.000066 -0.000039 -0.646936 0.762544
1741164891.576788 0.187766 -2.716574 -0.000011 -0.000066 -0.000039 -0.646936 0.762544
1741164891.626774 0.193887 -2.750896 -0.000011 -0.000065 -0.000040 -0.636914 0.770935
1741164891.676782 0.193887 -2.750896 -0.000011 -0.000065 -0.000040 -0.636914 0.770935
1741164891.726775 0.193887 -2.750853 -0.000011 -0.000065 -0.000040 -0.636901 0.770945
1741164891.776807 0.193887 -2.750853 -0.000011 -0.000065 -0.000040 -0.636901 0.770945
1741164891.826775 0.193887 -2.750810 -0.000011 -0.000065 -0.000040 -0.636889 0.770956
1741164891.876789 0.193887 -2.750810 -0.000011 -0.000065 -0.000040 -0.636889 0.770956
1741164891.926774 0.200903 -2.784998 -0.000011 -0.000065 -0.000041 -0.626769 0.779205
1741164891.976786 0.200903 -2.784998 -0.000011 -0.000065 -0.000041 -0.626769 0.779205
1741164892.026777 0.200904 -2.784955 -0.000007 0.000006 0.000032 -0.626758 0.779214
1741164892.076788 0.200904 -2.784955 -0.000007 0.000006 0.000032 -0.626758 0.779214
1741164892.126771 0.208810 -2.818912 -0.000011 -0.000064 -0.000042 -0.616518 0.787341
1741164892.176796 0.208810 -2.818912 -0.000011 -0.000064 -0.000042 -0.616518 0.787341
1741164892.226791 0.208811 -2.818871 -0.000011 -0.000064 -0.000042 -0.616509 0.787348
1741164892.276800 0.208811 -2.818871 -0.000011 -0.000064 -0.000042 -0.616509 0.787348
1741164892.326774 0.217601 -2.852601 -0.000007 0.000005 0.000033 -0.606159 0.795343
1741164892.376783 0.217601 -2.852601 -0.000007 0.000005 0.000033 -0.606159 0.795343
1741164892.426776 0.217603 -2.852562 -0.000011 -0.000064 -0.000042 -0.606152 0.795349
1741164892.476791 0.217603 -2.852562 -0.000011 -0.000064 -0.000042 -0.606152 0.795349
1741164892.526776 0.227271 -2.886049 -0.000007 0.000004 0.000033 -0.595697 0.803209
1741164892.576791 0.227271 -2.886049 -0.000007 0.000004 0.000033 -0.595697 0.803209
1741164892.626776 0.227273 -2.886012 -0.000011 -0.000063 -0.000043 -0.595692 0.803213
1741164892.676796 0.227273 -2.886012 -0.000011 -0.000063 -0.000043 -0.595692 0.803213
1741164892.726774 0.237814 -2.919235 -0.000011 -0.000063 -0.000044 -0.585135 0.810936
1741164892.776787 0.237814 -2.919235 -0.000011 -0.000063 -0.000044 -0.585135 0.810936
1741164892.826778 0.237817 -2.919197 -0.000007 0.000004 0.000033 -0.585131 0.810939
1741164892.876785 0.237817 -2.919197 -0.000007 0.000004 0.000033 -0.585131 0.810939
1741164892.926774 0.249222 -2.952132 -0.000011 -0.000062 -0.000045 -0.574471 0.818525
1741164892.976789 0.249222 -2.952132 -0.000011 -0.000062 -0.000045 -0.574471 0.818525
1741164893.026776 0.249225 -2.952095 -0.000007 0.000003 0.000033 -0.574469 0.818526
1741164893.076789 0.249225 -2.952095 -0.000007 0.000003 0.000033 -0.574469 0.818526
1741164893.126775 0.261487 -2.984719 -0.000011 -0.000061 -0.000046 -0.563709 0.825973
1741164893.176787 0.261487 -2.984719 -0.000011 -0.000061 -0.000046 -0.563709 0.825973
1741164893.226777 0.261491 -2.984683 -0.000007 0.000003 0.000033 -0.563709 0.825973
1741164893.276785 0.261491 -2.984683 -0.000007 0.000003 0.000033 -0.563709 0.825973
1741164893.326772 0.261494 -2.984650 -0.000011 -0.000062 -0.000046 -0.563709 0.825973
1741164893.376787 0.261494 -2.984650 -0.000011 -0.000062 -0.000046 -0.563709 0.825973
1741164893.426776 0.274600 -3.016974 -0.000007 0.000003 0.000033 -0.552849 0.833281
1741164893.476794 0.274600 -3.016974 -0.000007 0.000003 0.000033 -0.552849 0.833281
1741164893.526772 0.274605 -3.016940 -0.000011 -0.000061 -0.000047 -0.552852 0.833280
1741164893.576783 0.274605 -3.016940 -0.000011 -0.000061 -0.000047 -0.552852 0.833280
1741164893.626774 0.288554 -3.048877 -0.000011 -0.000060 -0.000048 -0.541896 0.840446
1741164893.676788 0.288554 -3.048877 -0.000011 -0.000060 -0.000048 -0.541896 0.840446
1741164893.726775 0.288559 -3.048844 -0.000011 -0.000060 -0.000048 -0.541901 0.840443
1741164893.776785 0.288559 -3.048844 -0.000011 -0.000060 -0.000048 -0.541901 0.840443
1741164893.826773 0.303339 -3.080399 -0.000011 -0.000060 -0.000048 -0.530852 0.847465
1741164893.876787 0.303339 -3.080399 -0.000011 -0.000060 -0.000048 -0.530852 0.847465
1741164893.926778 0.303345 -3.080366 -0.000007 0.000002 0.000033 -0.530859 0.847460
1741164893.976785 0.303345 -3.080366 -0.000007 0.000002 0.000033 -0.530859 0.847460
1741164894.026776 0.318943 -3.111525 -0.000007 0.000001 0.000033 -0.519714 0.854340
1741164894.076783 0.318943 -3.111525 -0.000007 0.000001 0.000033 -0.519714 0.854340
1741164894.126777 0.318949 -3.111495 -0.000011 -0.000059 -0.000049 -0.519725 0.854334
1741164894.176789 0.318949 -3.111495 -0.000011 -0.000059 -0.000049 -0.519725 0.854334
1741164894.226775 0.335356 -3.142234 -0.000007 0.000001 0.000033 -0.508487 0.861070
1741164894.276784 0.335356 -3.142234 -0.000007 0.000001 0.000033 -0.508487 0.861070
1741164894.326776 0.335363 -3.142205 -0.000007 0.000001 0.000033 -0.508500 0.861062
1741164894.376785 0.335363 -3.142205 -0.000007 0.000001 0.000033 -0.508500 0.861062
1741164894.426776 0.352568 -3.172500 -0.000007 0.000000 0.000033 -0.497175 0.867650
1741164894.476783 0.352568 -3.172500 -0.000007 0.000000 0.000033 -0.497175 0.867650
1741164894.526785 0.352576 -3.172472 -0.000007 0.000000 0.000033 -0.497190 0.867642
1741164894.576788 0.352576 -3.172472 -0.000007 0.000000 0.000033 -0.497190 0.867642
1741164894.626774 0.352584 -3.172444 -0.000011 -0.000058 -0.000051 -0.497205 0.867633
1741164894.676800 0.352584 -3.172444 -0.000011 -0.000058 -0.000051 -0.497205 0.867633
1741164894.726781 0.370565 -3.202309 -0.000011 -0.000057 -0.000052 -0.485775 0.874084
1741164894.776789 0.370565 -3.202309 -0.000011 -0.000057 -0.000052 -0.485775 0.874084
1741164894.826774 0.370573 -3.202281 -0.000011 -0.000057 -0.000052 -0.485792 0.874075
1741164894.876783 0.370573 -3.202281 -0.000011 -0.000057 -0.000052 -0.485792 0.874075
1741164894.926777 0.389337 -3.231633 -0.000007 -0.000000 0.000033 -0.474293 0.880367
1741164894.976792 0.389337 -3.231633 -0.000007 -0.000000 0.000033 -0.474293 0.880367
1741164895.026771 0.389345 -3.231607 -0.000007 -0.000000 0.000033 -0.474309 0.880358
1741164895.076807 0.389345 -3.231607 -0.000007 -0.000000 0.000033 -0.474309 0.880358
1741164895.126774 0.389352 -3.231581 -0.000007 -0.000000 0.000033 -0.474326 0.880349
1741164895.176783 0.389352 -3.231581 -0.000007 -0.000000 0.000033 -0.474326 0.880349
1741164895.226773 0.408869 -3.260457 -0.000007 -0.000001 0.000033 -0.462727 0.886501
1741164895.276785 0.408869 -3.260457 -0.000007 -0.000001 0.000033 -0.462727 0.886501
1741164895.326779 0.408876 -3.260433 -0.000007 -0.000001 0.000033 -0.462742 0.886493
1741164895.376783 0.408876 -3.260433 -0.000007 -0.000001 0.000033 -0.462742 0.886493
1741164895.426774 0.429149 -3.288761 -0.000011 -0.000055 -0.000054 -0.451082 0.892483
1741164895.476783 0.429149 -3.288761 -0.000011 -0.000055 -0.000054 -0.451082 0.892483
1741164895.526774 0.429155 -3.288738 -0.000011 -0.000055 -0.000054 -0.451095 0.892476
1741164895.576785 0.429155 -3.288738 -0.000011 -0.000055 -0.000054 -0.451095 0.892476
1741164895.626783 0.450163 -3.316521 -0.000007 -0.000002 0.000033 -0.439360 0.898311
1741164895.676784 0.450163 -3.316521 -0.000007 -0.000002 0.000033 -0.439360 0.898311
1741164895.726777 0.450167 -3.316499 -0.000011 -0.000055 -0.000055 -0.439369 0.898307
1741164895.776785 0.450167 -3.316499 -0.000011 -0.000055 -0.000055 -0.439369 0.898307
1741164895.826775 0.471896 -3.343727 -0.000011 -0.000054 -0.000055 -0.427560 0.903987
1741164895.876781 0.471896 -3.343727 -0.000011 -0.000054 -0.000055 -0.427560 0.903987
1741164895.926777 0.471899 -3.343706 -0.000011 -0.000054 -0.000055 -0.427566 0.903984
1741164895.976783 0.471899 -3.343706 -0.000011 -0.000054 -0.000055 -0.427566 0.903984
1741164896.026774 0.471901 -3.343686 -0.000011 -0.000054 -0.000055 -0.427571 0.903982
1741164896.076793 0.471901 -3.343686 -0.000011 -0.000054 -0.000055 -0.427571 0.903982
1741164896.126774 0.494334 -3.370349 -0.000011 -0.000053 -0.000056 -0.415689 0.909507
1741164896.176832 0.494334 -3.370349 -0.000011 -0.000053 -0.000056 -0.415689 0.909507
1741164896.226774 0.494335 -3.370330 -0.000011 -0.000053 -0.000056 -0.415691 0.909506
1741164896.276786 0.494335 -3.370330 -0.000011 -0.000053 -0.000056 -0.415691 0.909506
1741164896.326775 0.517462 -3.396377 -0.000011 -0.000052 -0.000057 -0.403748 0.914870
1741164896.376787 0.517462 -3.396377 -0.000011 -0.000052 -0.000057 -0.403748 0.914870
1741164896.426774 0.517463 -3.396359 -0.000011 -0.000052 -0.000057 -0.403750 0.914869
1741164896.476786 0.517463 -3.396359 -0.000011 -0.000052 -0.000057 -0.403750 0.914869
1741164896.526787 0.541263 -3.421790 -0.000011 -0.000052 -0.000057 -0.391738 0.920077
1741164896.576789 0.541263 -3.421790 -0.000011 -0.000052 -0.000057 -0.391738 0.920077
1741164896.626775 0.541263 -3.421773 -0.000011 -0.000052 -0.000057 -0.391739 0.920076
1741164896.676789 0.541263 -3.421773 -0.000011 -0.000052 -0.000057 -0.391739 0.920076
1741164896.726776 0.565721 -3.446570 -0.000011 -0.000051 -0.000058 -0.379660 0.925126
1741164896.776786 0.565721 -3.446570 -0.000011 -0.000051 -0.000058 -0.379660 0.925126
1741164896.826775 0.565720 -3.446553 -0.000011 -0.000051 -0.000058 -0.379660 0.925126
1741164896.876801 0.565720 -3.446553 -0.000011 -0.000051 -0.000058 -0.379660 0.925126
1741164896.926787 0.590819 -3.470704 -0.000007 -0.000004 0.000033 -0.367517 0.930017
1741164896.976795 0.590819 -3.470704 -0.000007 -0.000004 0.000033 -0.367517 0.930017
1741164897.026793 0.590817 -3.470688 -0.000007 -0.000004 0.000033 -0.367515 0.930017
1741164897.076790 0.590817 -3.470688 -0.000007 -0.000004 0.000033 -0.367515 0.930017
1741164897.126777 0.616540 -3.494171 -0.000011 -0.000049 -0.000059 -0.355311 0.934748
1741164897.176790 0.616540 -3.494171 -0.000011 -0.000049 -0.000059 -0.355311 0.934748
1741164897.226774 0.616538 -3.494154 -0.000011 -0.000049 -0.000059 -0.355308 0.934749
1741164897.276797 0.616538 -3.494154 -0.000011 -0.000049 -0.000059 -0.355308 0.934749
1741164897.326794 0.642867 -3.516956 -0.000007 -0.000005 0.000033 -0.343045 0.939319
1741164897.376803 0.642867 -3.516956 -0.000007 -0.000005 0.000033 -0.343045 0.939319
1741164897.426775 0.642865 -3.516941 -0.000011 -0.000049 -0.000060 -0.343042 0.939320
1741164897.476801 0.642865 -3.516941 -0.000011 -0.000049 -0.000060 -0.343042 0.939320
1741164897.526777 0.669782 -3.539044 -0.000007 -0.000006 0.000033 -0.330719 0.943729
1741164897.576788 0.669782 -3.539044 -0.000007 -0.000006 0.000033 -0.330719 0.943729
1741164897.626782 0.669780 -3.539028 -0.000011 -0.000048 -0.000061 -0.330714 0.943731
1741164897.676788 0.669780 -3.539028 -0.000011 -0.000048 -0.000061 -0.330714 0.943731
1741164897.726772 0.697267 -3.560422 -0.000011 -0.000047 -0.000061 -0.318337 0.947978
1741164897.776793 0.697267 -3.560422 -0.000011 -0.000047 -0.000061 -0.318337 0.947978
1741164897.826772 0.697266 -3.560406 -0.000011 -0.000047 -0.000061 -0.318329 0.947980
1741164897.876787 0.697266 -3.560406 -0.000011 -0.000047 -0.000061 -0.318329 0.947980
1741164897.926775 0.725301 -3.581072 -0.000007 -0.000006 0.000032 -0.305900 0.952064
1741164897.976785 0.725301 -3.581072 -0.000007 -0.000006 0.000032 -0.305900 0.952064
1741164898.026776 0.725301 -3.581058 -0.000011 -0.000046 -0.000062 -0.305891 0.952067
1741164898.076787 0.725301 -3.581058 -0.000011 -0.000046 -0.000062 -0.305891 0.952067
1741164898.126772 0.753866 -3.600981 -0.000007 -0.000007 0.000032 -0.293411 0.955986
1741164898.176794 0.753866 -3.600981 -0.000007 -0.000007 0.000032 -0.293411 0.955986
1741164898.226777 0.753866 -3.600968 -0.000007 -0.000007 0.000032 -0.293402 0.955989
1741164898.276783 0.753866 -3.600968 -0.000007 -0.000007 0.000032 -0.293402 0.955989
1741164898.326775 0.782942 -3.620137 -0.000011 -0.000044 -0.000063 -0.280874 0.959745
1741164898.376789 0.782942 -3.620137 -0.000011 -0.000044 -0.000063 -0.280874 0.959745
1741164898.426776 0.782942 -3.620125 -0.000011 -0.000045 -0.000063 -0.280865 0.959747
1741164898.476785 0.782942 -3.620125 -0.000011 -0.000045 -0.000063 -0.280865 0.959747
1741164898.526773 0.812510 -3.638524 -0.000007 -0.000008 0.000032 -0.268287 0.963339
1741164898.576785 0.812510 -3.638524 -0.000007 -0.000008 0.000032 -0.268287 0.963339
1741164898.626776 0.812509 -3.638515 -0.000011 -0.000044 -0.000063 -0.268280 0.963341
1741164898.676822 0.812509 -3.638515 -0.000011 -0.000044 -0.000063 -0.268280 0.963341
1741164898.726787 0.842548 -3.656132 -0.000011 -0.000043 -0.000064 -0.255655 0.966768
1741164898.776784 0.842548 -3.656132 -0.000011 -0.000043 -0.000064 -0.255655 0.966768
1741164898.826779 0.842547 -3.656124 -0.000007 -0.000008 0.000032 -0.255649 0.966770
1741164898.876778 0.842547 -3.656124 -0.000007 -0.000008 0.000032 -0.255649 0.966770
1741164898.926774 0.873037 -3.672947 -0.000011 -0.000042 -0.000064 -0.242980 0.970031
1741164898.976788 0.873037 -3.672947 -0.000011 -0.000042 -0.000064 -0.242980 0.970031
1741164899.026776 0.873034 -3.672941 -0.000011 -0.000042 -0.000064 -0.242975 0.970033
1741164899.076806 0.873034 -3.672941 -0.000011 -0.000042 -0.000064 -0.242975 0.970033
1741164899.126775 0.903954 -3.688957 -0.000007 -0.000009 0.000032 -0.230261 0.973129
1741164899.176796 0.903954 -3.688957 -0.000007 -0.000009 0.000032 -0.230261 0.973129
1741164899.226787 0.903948 -3.688953 -0.000011 -0.000041 -0.000065 -0.230257 0.973130
1741164899.276802 0.903948 -3.688953 -0.000011 -0.000041 -0.000065 -0.230257 0.973130
1741164899.326775 0.935280 -3.704154 -0.000011 -0.000040 -0.000065 -0.217505 0.976059
1741164899.376797 0.935280 -3.704154 -0.000011 -0.000040 -0.000065 -0.217505 0.976059
1741164899.426776 0.935271 -3.704151 -0.000011 -0.000040 -0.000066 -0.217501 0.976060
1741164899.476785 0.935271 -3.704151 -0.000011 -0.000040 -0.000066 -0.217501 0.976060
1741164899.526775 0.966992 -3.718524 -0.000007 -0.000010 0.000032 -0.204710 0.978823
1741164899.576788 0.966992 -3.718524 -0.000007 -0.000010 0.000032 -0.204710 0.978823
1741164899.626774 0.966979 -3.718522 -0.000011 -0.000039 -0.000066 -0.204707 0.978823
1741164899.676788 0.966979 -3.718522 -0.000011 -0.000039 -0.000066 -0.204707 0.978823
1741164899.726777 0.999070 -3.732059 -0.000011 -0.000038 -0.000066 -0.191880 0.981418
1741164899.776783 0.999070 -3.732059 -0.000011 -0.000038 -0.000066 -0.191880 0.981418
1741164899.826775 0.999053 -3.732058 -0.000011 -0.000038 -0.000066 -0.191877 0.981419
1741164899.876793 0.999053 -3.732058 -0.000011 -0.000038 -0.000066 -0.191877 0.981419
1741164899.926775 1.031490 -3.744750 -0.000011 -0.000038 -0.000067 -0.179017 0.983846
1741164899.976792 1.031490 -3.744750 -0.000011 -0.000038 -0.000067 -0.179017 0.983846
1741164900.026775 1.031470 -3.744750 -0.000011 -0.000038 -0.000067 -0.179014 0.983846
1741164900.076807 1.031470 -3.744750 -0.000011 -0.000038 -0.000067 -0.179014 0.983846
1741164900.126780 1.064233 -3.756588 -0.000011 -0.000037 -0.000067 -0.166124 0.986105
1741164900.176785 1.064233 -3.756588 -0.000011 -0.000037 -0.000067 -0.166124 0.986105
1741164900.226775 1.064211 -3.756588 -0.000007 -0.000011 0.000031 -0.166123 0.986105
1741164900.276797 1.064211 -3.756588 -0.000007 -0.000011 0.000031 -0.166123 0.986105
1741164900.326777 1.097277 -3.767564 -0.000011 -0.000036 -0.000068 -0.153204 0.988195
1741164900.376788 1.097277 -3.767564 -0.000011 -0.000036 -0.000068 -0.153204 0.988195
1741164900.426780 1.097252 -3.767565 -0.000007 -0.000011 0.000031 -0.153204 0.988195
1741164900.476799 1.097252 -3.767565 -0.000007 -0.000011 0.000031 -0.153204 0.988195
1741164900.526778 1.130592 -3.777672 -0.000007 -0.000012 0.000031 -0.140255 0.990115
1741164900.576798 1.130592 -3.777672 -0.000007 -0.000012 0.000031 -0.140255 0.990115
1741164900.626774 1.130566 -3.777673 -0.000011 -0.000035 -0.000068 -0.140256 0.990115
1741164900.676786 1.130566 -3.777673 -0.000011 -0.000035 -0.000068 -0.140256 0.990115
1741164900.726779 1.164164 -3.786904 -0.000011 -0.000034 -0.000069 -0.127285 0.991866
1741164900.776791 1.164164 -3.786904 -0.000011 -0.000034 -0.000069 -0.127285 0.991866
1741164900.826772 1.164136 -3.786906 -0.000011 -0.000034 -0.000069 -0.127288 0.991866
1741164900.876802 1.164136 -3.786906 -0.000011 -0.000034 -0.000069 -0.127288 0.991866
1741164900.926774 1.164107 -3.786908 -0.000011 -0.000034 -0.000069 -0.127291 0.991865
1741164900.976788 1.164107 -3.786908 -0.000011 -0.000034 -0.000069 -0.127291 0.991865
1741164901.026774 1.197963 -3.795254 -0.000007 -0.000013 0.000030 -0.114290 0.993447
1741164901.076785 1.197963 -3.795254 -0.000007 -0.000013 0.000030 -0.114290 0.993447
1741164901.126787 1.197931 -3.795256 -0.000007 -0.000013 0.000030 -0.114294 0.993447
1741164901.176787 1.197931 -3.795256 -0.000007 -0.000013 0.000030 -0.114294 0.993447
1741164901.226777 1.231975 -3.802716 -0.000011 -0.000032 -0.000069 -0.101279 0.994858
1741164901.276808 1.231975 -3.802716 -0.000011 -0.000032 -0.000069 -0.101279 0.994858
1741164901.326792 1.231942 -3.802718 -0.000011 -0.000032 -0.000069 -0.101283 0.994858
1741164901.376794 1.231942 -3.802718 -0.000011 -0.000032 -0.000069 -0.101283 0.994858
1741164901.426775 1.266166 -3.809285 -0.000011 -0.000031 -0.000070 -0.088246 0.996099
1741164901.476802 1.266166 -3.809285 -0.000011 -0.000031 -0.000070 -0.088246 0.996099
1741164901.526773 1.266130 -3.809288 -0.000007 -0.000013 0.000030 -0.088250 0.996098
1741164901.576796 1.266130 -3.809288 -0.000007 -0.000013 0.000030 -0.088250 0.996098
1741164901.626776 1.300518 -3.814957 -0.000011 -0.000030 -0.000070 -0.075201 0.997168
1741164901.676787 1.300518 -3.814957 -0.000011 -0.000030 -0.000070 -0.075201 0.997168
1741164901.726796 1.300481 -3.814959 -0.000011 -0.000030 -0.000070 -0.075204 0.997168
1741164901.776785 1.300481 -3.814959 -0.000011 -0.000030 -0.000070 -0.075204 0.997168
1741164901.826777 1.335006 -3.819727 -0.000011 -0.000029 -0.000071 -0.062141 0.998067
1741164901.876788 1.335006 -3.819727 -0.000011 -0.000029 -0.000071 -0.062141 0.998067
1741164901.926775 1.334967 -3.819730 -0.000011 -0.000029 -0.000071 -0.062143 0.998067
1741164901.976789 1.334967 -3.819730 -0.000011 -0.000029 -0.000071 -0.062143 0.998067
1741164902.026774 1.369608 -3.823593 -0.000011 -0.000028 -0.000071 -0.049070 0.998795
1741164902.076801 1.369608 -3.823593 -0.000011 -0.000028 -0.000071 -0.049070 0.998795
1741164902.126774 1.369568 -3.823595 -0.000011 -0.000028 -0.000071 -0.049071 0.998795
1741164902.176782 1.369568 -3.823595 -0.000011 -0.000028 -0.000071 -0.049071 0.998795
1741164902.226776 1.404299 -3.826552 -0.000007 -0.000015 0.000029 -0.035990 0.999352
1741164902.276788 1.404299 -3.826552 -0.000007 -0.000015 0.000029 -0.035990 0.999352
1741164902.326776 1.404258 -3.826553 -0.000011 -0.000027 -0.000071 -0.035989 0.999352
1741164902.376783 1.404258 -3.826553 -0.000011 -0.000027 -0.000071 -0.035989 0.999352
1741164902.426794 1.439057 -3.828602 -0.000011 -0.000026 -0.000072 -0.022906 0.999738
1741164902.476786 1.439057 -3.828602 -0.000011 -0.000026 -0.000072 -0.022906 0.999738
1741164902.526798 1.439014 -3.828603 -0.000007 -0.000015 0.000029 -0.022904 0.999738
1741164902.576782 1.439014 -3.828603 -0.000007 -0.000015 0.000029 -0.022904 0.999738
1741164902.626773 1.473857 -3.829741 -0.000011 -0.000026 -0.000072 -0.009818 0.999952
1741164902.676781 1.473857 -3.829741 -0.000011 -0.000026 -0.000072 -0.009818 0.999952
1741164902.726778 1.473813 -3.829741 -0.000007 -0.000016 0.000029 -0.009817 0.999952
1741164902.776784 1.473813 -3.829741 -0.000007 -0.000016 0.000029 -0.009817 0.999952
1741164902.826774 1.508672 -3.829969 -0.000011 -0.000025 -0.000072 0.003272 0.999995
1741164902.876785 1.508672 -3.829969 -0.000011 -0.000025 -0.000072 0.003272 0.999995
1741164902.926779 1.508625 -3.829969 -0.000007 -0.000016 0.000029 0.003273 0.999995
1741164902.976781 1.508625 -3.829969 -0.000007 -0.000016 0.000029 0.003273 0.999995
1741164903.026774 1.543488 -3.829285 -0.000011 -0.000024 -0.000073 0.016362 0.999866
1741164903.076787 1.543488 -3.829285 -0.000011 -0.000024 -0.000073 0.016362 0.999866
1741164903.126774 1.543444 -3.829284 -0.000011 -0.000024 -0.000073 0.016364 0.999866
1741164903.176782 1.543444 -3.829284 -0.000011 -0.000024 -0.000073 0.016364 0.999866
1741164903.226737 1.578266 -3.827690 -0.000011 -0.000023 -0.000073 0.029448 0.999566
1741164903.276784 1.578266 -3.827690 -0.000011 -0.000023 -0.000073 0.029448 0.999566
1741164903.326776 1.578220 -3.827689 -0.000011 -0.000023 -0.000073 0.029452 0.999566
1741164903.376794 1.578220 -3.827689 -0.000011 -0.000023 -0.000073 0.029452 0.999566
1741164903.426774 1.612992 -3.825186 -0.000011 -0.000022 -0.000073 0.042531 0.999095
1741164903.476782 1.612992 -3.825186 -0.000011 -0.000022 -0.000073 0.042531 0.999095
1741164903.526778 1.612947 -3.825184 -0.000011 -0.000022 -0.000073 0.042538 0.999095
1741164903.576785 1.612947 -3.825184 -0.000011 -0.000022 -0.000073 0.042538 0.999095
1741164903.626774 1.647644 -3.821773 -0.000007 -0.000018 0.000028 0.055608 0.998453
1741164903.676786 1.647644 -3.821773 -0.000007 -0.000018 0.000028 0.055608 0.998453
1741164903.726776 1.647600 -3.821771 -0.000011 -0.000021 -0.000074 0.055617 0.998452
1741164903.776782 1.647600 -3.821771 -0.000011 -0.000021 -0.000074 0.055617 0.998452
1741164903.826775 1.682194 -3.817454 -0.000007 -0.000018 0.000028 0.068674 0.997639
1741164903.876781 1.682194 -3.817454 -0.000007 -0.000018 0.000028 0.068674 0.997639
1741164903.926730 1.682150 -3.817452 -0.000011 -0.000020 -0.000074 0.068687 0.997638
1741164903.976789 1.682150 -3.817452 -0.000011 -0.000020 -0.000074 0.068687 0.997638
1741164904.026775 1.716619 -3.812233 -0.000011 -0.000019 -0.000074 0.081728 0.996655
1741164904.076785 1.716619 -3.812233 -0.000011 -0.000019 -0.000074 0.081728 0.996655
1741164904.126777 1.716575 -3.812230 -0.000007 -0.000018 0.000027 0.081743 0.996653
1741164904.176783 1.716575 -3.812230 -0.000007 -0.000018 0.000027 0.081743 0.996653
1741164904.226778 1.750897 -3.806112 -0.000011 -0.000018 -0.000074 0.094767 0.995500
1741164904.276783 1.750897 -3.806112 -0.000011 -0.000018 -0.000074 0.094767 0.995500
1741164904.326774 1.750855 -3.806109 -0.000011 -0.000018 -0.000074 0.094782 0.995498
1741164904.376781 1.750855 -3.806109 -0.000011 -0.000018 -0.000074 0.094782 0.995498
1741164904.426776 1.785000 -3.799095 -0.000011 -0.000017 -0.000075 0.107789 0.994174
1741164904.476785 1.785000 -3.799095 -0.000011 -0.000017 -0.000075 0.107789 0.994174
1741164904.526776 1.784959 -3.799092 -0.000011 -0.000017 -0.000075 0.107805 0.994172
1741164904.576782 1.784959 -3.799092 -0.000011 -0.000017 -0.000075 0.107805 0.994172
1741164904.626776 1.818912 -3.791189 -0.000007 -0.000019 0.000027 0.120793 0.992678
1741164904.676779 1.818912 -3.791189 -0.000007 -0.000019 0.000027 0.120793 0.992678
1741164904.726773 1.818873 -3.791186 -0.000007 -0.000019 0.000027 0.120807 0.992676
1741164904.776782 1.818873 -3.791186 -0.000007 -0.000019 0.000027 0.120807 0.992676
1741164904.826772 1.852601 -3.782398 -0.000007 -0.000020 0.000026 0.133777 0.991012
1741164904.876783 1.852601 -3.782398 -0.000007 -0.000020 0.000026 0.133777 0.991012
1741164904.926775 1.852563 -3.782394 -0.000011 -0.000015 -0.000075 0.133790 0.991010
1741164904.976775 1.852563 -3.782394 -0.000011 -0.000015 -0.000075 0.133790 0.991010
1741164905.026776 1.852524 -3.782390 -0.000007 -0.000020 0.000026 0.133804 0.991008
1741164905.076786 1.852524 -3.782390 -0.000007 -0.000020 0.000026 0.133804 0.991008
1741164905.126776 1.886050 -3.772727 -0.000007 -0.000020 0.000026 0.146736 0.989176
1741164905.176785 1.886050 -3.772727 -0.000007 -0.000020 0.000026 0.146736 0.989176
1741164905.226775 1.886014 -3.772723 -0.000011 -0.000014 -0.000075 0.146749 0.989174
1741164905.276787 1.886014 -3.772723 -0.000011 -0.000014 -0.000075 0.146749 0.989174
1741164905.326775 1.919235 -3.762184 -0.000011 -0.000013 -0.000076 0.159670 0.987170
1741164905.376781 1.919235 -3.762184 -0.000011 -0.000013 -0.000076 0.159670 0.987170
1741164905.426817 1.919199 -3.762180 -0.000011 -0.000013 -0.000076 0.159681 0.987169
1741164905.476790 1.919199 -3.762180 -0.000011 -0.000013 -0.000076 0.159681 0.987169
1741164905.526777 1.952132 -3.750777 -0.000011 -0.000012 -0.000076 0.172576 0.984996
1741164905.576783 1.952132 -3.750777 -0.000011 -0.000012 -0.000076 0.172576 0.984996
1741164905.626771 1.952098 -3.750772 -0.000011 -0.000012 -0.000076 0.172586 0.984994
1741164905.676782 1.952098 -3.750772 -0.000011 -0.000012 -0.000076 0.172586 0.984994
1741164905.726778 1.984720 -3.738512 -0.000007 -0.000021 0.000025 0.185455 0.982653
1741164905.776782 1.984720 -3.738512 -0.000007 -0.000021 0.000025 0.185455 0.982653
1741164905.826779 1.984687 -3.738507 -0.000007 -0.000021 0.000025 0.185463 0.982651
1741164905.876784 1.984687 -3.738507 -0.000007 -0.000021 0.000025 0.185463 0.982651
1741164905.926775 2.016975 -3.725398 -0.000011 -0.000010 -0.000076 0.198300 0.980141
1741164905.976807 2.016975 -3.725398 -0.000011 -0.000010 -0.000076 0.198300 0.980141
1741164906.026774 2.016943 -3.725392 -0.000011 -0.000010 -0.000076 0.198307 0.980140
1741164906.076790 2.016943 -3.725392 -0.000011 -0.000010 -0.000076 0.198307 0.980140
1741164906.126776 2.048875 -3.711444 -0.000011 -0.000009 -0.000076 0.211111 0.977462
1741164906.176785 2.048875 -3.711444 -0.000011 -0.000009 -0.000076 0.211111 0.977462
1741164906.226775 2.048843 -3.711437 -0.000011 -0.000009 -0.000076 0.211115 0.977461
1741164906.276782 2.048843 -3.711437 -0.000011 -0.000009 -0.000076 0.211115 0.977461
1741164906.326776 2.080401 -3.696661 -0.000011 -0.000008 -0.000077 0.223887 0.974615
1741164906.376786 2.080401 -3.696661 -0.000011 -0.000008 -0.000077 0.223887 0.974615
1741164906.426773 2.080370 -3.696653 -0.000011 -0.000008 -0.000077 0.223889 0.974615
1741164906.476804 2.080370 -3.696653 -0.000011 -0.000008 -0.000077 0.223889 0.974615
1741164906.526779 2.080339 -3.696645 -0.000007 -0.000022 0.000025 0.223892 0.974614
1741164906.576787 2.080339 -3.696645 -0.000007 -0.000022 0.000025 0.223892 0.974614
1741164906.626774 2.111526 -3.681056 -0.000007 -0.000022 0.000024 0.236623 0.971601
1741164906.676785 2.111526 -3.681056 -0.000007 -0.000022 0.000024 0.236623 0.971601
1741164906.726774 2.111496 -3.681048 -0.000007 -0.000022 0.000024 0.236624 0.971601
1741164906.776785 2.111496 -3.681048 -0.000007 -0.000022 0.000024 0.236624 0.971601
1741164906.826786 2.142236 -3.664644 -0.000007 -0.000023 0.000024 0.249321 0.968421
1741164906.876781 2.142236 -3.664644 -0.000007 -0.000023 0.000024 0.249321 0.968421
1741164906.926773 2.142206 -3.664635 -0.000007 -0.000023 0.000024 0.249319 0.968421
1741164906.976784 2.142206 -3.664635 -0.000007 -0.000023 0.000024 0.249319 0.968421
1741164907.026774 2.172502 -3.647432 -0.000007 -0.000023 0.000024 0.261975 0.965075
1741164907.076782 2.172502 -3.647432 -0.000007 -0.000023 0.000024 0.261975 0.965075
1741164907.126773 2.172475 -3.647423 -0.000011 -0.000005 -0.000077 0.261972 0.965076
1741164907.176784 2.172475 -3.647423 -0.000011 -0.000005 -0.000077 0.261972 0.965076
1741164907.226774 2.172447 -3.647414 -0.000011 -0.000005 -0.000077 0.261969 0.965076
1741164907.276782 2.172447 -3.647414 -0.000011 -0.000005 -0.000077 0.261969 0.965076
1741164907.326772 2.202306 -3.629434 -0.000007 -0.000023 0.000023 0.274583 0.961563
1741164907.376787 2.202306 -3.629434 -0.000007 -0.000023 0.000023 0.274583 0.961563
1741164907.426788 2.202280 -3.629425 -0.000011 -0.000004 -0.000077 0.274580 0.961564
1741164907.476783 2.202280 -3.629425 -0.000011 -0.000004 -0.000077 0.274580 0.961564
1741164907.526776 2.231634 -3.610663 -0.000011 -0.000003 -0.000077 0.287147 0.957887
1741164907.576790 2.231634 -3.610663 -0.000011 -0.000003 -0.000077 0.287147 0.957887
1741164907.626787 2.231607 -3.610654 -0.000007 -0.000024 0.000023 0.287144 0.957887
1741164907.676803 2.231607 -3.610654 -0.000007 -0.000024 0.000023 0.287144 0.957887
1741164907.726785 2.231581 -3.610645 -0.000011 -0.000003 -0.000077 0.287140 0.957889
1741164907.776783 2.231581 -3.610645 -0.000011 -0.000003 -0.000077 0.287140 0.957889
1741164907.826778 2.260455 -3.591130 -0.000011 -0.000002 -0.000077 0.299661 0.954046
1741164907.876784 2.260455 -3.591130 -0.000011 -0.000002 -0.000077 0.299661 0.954046
1741164907.926773 2.260429 -3.591122 -0.000007 -0.000024 0.000023 0.299660 0.954046
1741164907.976790 2.260429 -3.591122 -0.000007 -0.000024 0.000023 0.299660 0.954046
1741164908.026774 2.288760 -3.570850 -0.000011 -0.000001 -0.000077 0.312125 0.950041
1741164908.076790 2.288760 -3.570850 -0.000011 -0.000001 -0.000077 0.312125 0.950041
1741164908.126770 2.288735 -3.570844 -0.000011 -0.000001 -0.000077 0.312126 0.950041
1741164908.176789 2.288735 -3.570844 -0.000011 -0.000001 -0.000077 0.312126 0.950041
1741164908.226775 2.288711 -3.570838 -0.000007 -0.000024 0.000023 0.312127 0.950040
1741164908.276783 2.288711 -3.570838 -0.000007 -0.000024 0.000023 0.312127 0.950040
1741164908.326773 2.316522 -3.549837 -0.000011 -0.000000 -0.000077 0.324536 0.945873
1741164908.376791 2.316522 -3.549837 -0.000011 -0.000000 -0.000077 0.324536 0.945873
1741164908.426773 2.316498 -3.549832 -0.000011 -0.000000 -0.000077 0.324539 0.945872
1741164908.476784 2.316498 -3.549832 -0.000011 -0.000000 -0.000077 0.324539 0.945872
1741164908.526773 2.343725 -3.528104 -0.000011 0.000001 -0.000077 0.336891 0.941544
1741164908.576781 2.343725 -3.528104 -0.000011 0.000001 -0.000077 0.336891 0.941544
1741164908.626776 2.343702 -3.528100 -0.000011 0.000001 -0.000077 0.336897 0.941542
1741164908.676782 2.343702 -3.528100 -0.000011 0.000001 -0.000077 0.336897 0.941542
1741164908.726775 2.343679 -3.528096 -0.000007 -0.000025 0.000022 0.336903 0.941539
1741164908.776784 2.343679 -3.528096 -0.000007 -0.000025 0.000022 0.336903 0.941539
1741164908.826774 2.370347 -3.505666 -0.000011 0.000002 -0.000077 0.349188 0.937053
1741164908.876788 2.370347 -3.505666 -0.000011 0.000002 -0.000077 0.349188 0.937053
1741164908.926773 2.370325 -3.505663 -0.000011 0.000002 -0.000077 0.349196 0.937050
1741164908.976791 2.370325 -3.505663 -0.000011 0.000002 -0.000077 0.349196 0.937050
1741164909.026777 2.370303 -3.505661 -0.000011 0.000002 -0.000077 0.349205 0.937046
1741164909.076785 2.370303 -3.505661 -0.000011 0.000002 -0.000077 0.349205 0.937046
1741164909.126776 2.396374 -3.482538 -0.000011 0.000003 -0.000077 0.361424 0.932402
1741164909.176785 2.396374 -3.482538 -0.000011 0.000003 -0.000077 0.361424 0.932402
1741164909.226779 2.396352 -3.482536 -0.000007 -0.000026 0.000021 0.361434 0.932398
1741164909.276785 2.396352 -3.482536 -0.000007 -0.000026 0.000021 0.361434 0.932398
1741164909.326775 2.421787 -3.458736 -0.000007 -0.000026 0.000021 0.373599 0.927590
1741164909.376785 2.421787 -3.458736 -0.000007 -0.000026 0.000021 0.373599 0.927590
1741164909.426774 2.421767 -3.458735 -0.000007 -0.000026 0.000021 0.373609 0.927586
1741164909.476787 2.421767 -3.458735 -0.000007 -0.000026 0.000021 0.373609 0.927586
1741164909.526774 2.446569 -3.434279 -0.000007 -0.000026 0.000021 0.385709 0.922621
1741164909.576783 2.446569 -3.434279 -0.000007 -0.000026 0.000021 0.385709 0.922621
1741164909.626785 2.446549 -3.434277 -0.000007 -0.000026 0.000021 0.385719 0.922616
1741164909.676782 2.446549 -3.434277 -0.000007 -0.000026 0.000021 0.385719 0.922616
1741164909.726781 2.470701 -3.409180 -0.000011 0.000006 -0.000077 0.397753 0.917492
1741164909.776787 2.470701 -3.409180 -0.000011 0.000006 -0.000077 0.397753 0.917492
1741164909.826777 2.470681 -3.409180 -0.000011 0.000006 -0.000077 0.397765 0.917487
1741164909.876785 2.470681 -3.409180 -0.000011 0.000006 -0.000077 0.397765 0.917487
1741164909.926775 2.494168 -3.383459 -0.000007 -0.000027 0.000020 0.409729 0.912207
1741164909.976784 2.494168 -3.383459 -0.000007 -0.000027 0.000020 0.409729 0.912207
1741164910.026773 2.494149 -3.383459 -0.000007 -0.000027 0.000020 0.409741 0.912202
1741164910.076784 2.494149 -3.383459 -0.000007 -0.000027 0.000020 0.409741 0.912202
1741164910.126774 2.516956 -3.357132 -0.000011 0.000008 -0.000077 0.421634 0.906766
1741164910.176788 2.516956 -3.357132 -0.000011 0.000008 -0.000077 0.421634 0.906766
1741164910.226774 2.516937 -3.357133 -0.000011 0.000008 -0.000077 0.421647 0.906760
1741164910.276782 2.516937 -3.357133 -0.000011 0.000008 -0.000077 0.421647 0.906760
1741164910.326773 2.539044 -3.330217 -0.000011 0.000009 -0.000077 0.433468 0.901169
1741164910.376789 2.539044 -3.330217 -0.000011 0.000009 -0.000077 0.433468 0.901169
1741164910.426775 2.539027 -3.330218 -0.000011 0.000009 -0.000077 0.433482 0.901162
1741164910.476779 2.539027 -3.330218 -0.000011 0.000009 -0.000077 0.433482 0.901162
1741164910.526774 2.560421 -3.302733 -0.000007 -0.000027 0.000019 0.445227 0.895417
1741164910.576808 2.560421 -3.302733 -0.000007 -0.000027 0.000019 0.445227 0.895417
1741164910.626780 2.560405 -3.302733 -0.000011 0.000010 -0.000077 0.445241 0.895411
1741164910.676801 2.560405 -3.302733 -0.000011 0.000010 -0.000077 0.445241 0.895411
1741164910.726777 2.560389 -3.302733 -0.000007 -0.000027 0.000019 0.445255 0.895404
1741164910.776801 2.560389 -3.302733 -0.000007 -0.000027 0.000019 0.445255 0.895404
1741164910.826777 2.581072 -3.274698 -0.000007 -0.000028 0.000018 0.456909 0.889513
1741164910.876786 2.581072 -3.274698 -0.000007 -0.000028 0.000018 0.456909 0.889513
1741164910.926772 2.581058 -3.274698 -0.000011 0.000011 -0.000077 0.456922 0.889507
1741164910.976782 2.581058 -3.274698 -0.000011 0.000011 -0.000077 0.456922 0.889507
1741164911.026773 2.600981 -3.246134 -0.000011 0.000012 -0.000076 0.468513 0.883457
1741164911.076782 2.600981 -3.246134 -0.000011 0.000012 -0.000076 0.468513 0.883457
1741164911.126776 2.600968 -3.246133 -0.000011 0.000012 -0.000076 0.468525 0.883450
1741164911.176791 2.600968 -3.246133 -0.000011 0.000012 -0.000076 0.468525 0.883450
1741164911.226774 2.620137 -3.217057 -0.000007 -0.000028 0.000018 0.480036 0.877249
1741164911.276786 2.620137 -3.217057 -0.000007 -0.000028 0.000018 0.480036 0.877249
1741164911.326776 2.620124 -3.217057 -0.000007 -0.000028 0.000018 0.480048 0.877242
1741164911.376784 2.620124 -3.217057 -0.000007 -0.000028 0.000018 0.480048 0.877242
1741164911.426773 2.620112 -3.217057 -0.000011 0.000013 -0.000076 0.480059 0.877236
1741164911.476785 2.620112 -3.217057 -0.000011 0.000013 -0.000076 0.480059 0.877236
1741164911.526773 2.638522 -3.187490 -0.000007 -0.000028 0.000017 0.491479 0.870889
1741164911.576783 2.638522 -3.187490 -0.000007 -0.000028 0.000017 0.491479 0.870889
1741164911.626776 2.638511 -3.187490 -0.000011 0.000014 -0.000076 0.491490 0.870883
1741164911.676784 2.638511 -3.187490 -0.000011 0.000014 -0.000076 0.491490 0.870883
1741164911.726776 2.638499 -3.187491 -0.000007 -0.000028 0.000017 0.491501 0.870877
1741164911.776788 2.638499 -3.187491 -0.000007 -0.000028 0.000017 0.491501 0.870877
1741164911.826782 2.656130 -3.157452 -0.000011 0.000015 -0.000076 0.502835 0.864382
1741164911.876783 2.656130 -3.157452 -0.000011 0.000015 -0.000076 0.502835 0.864382
1741164911.926775 2.656119 -3.157453 -0.000007 -0.000028 0.000017 0.502846 0.864376
1741164911.976787 2.656119 -3.157453 -0.000007 -0.000028 0.000017 0.502846 0.864376
1741164912.026779 2.672944 -3.126963 -0.000007 -0.000029 0.000017 0.514107 0.857726
1741164912.076803 2.672944 -3.126963 -0.000007 -0.000029 0.000017 0.514107 0.857726
1741164912.126777 2.672933 -3.126966 -0.000007 -0.000029 0.000017 0.514119 0.857719
1741164912.176780 2.672933 -3.126966 -0.000007 -0.000029 0.000017 0.514119 0.857719
1741164912.226774 2.688954 -3.096046 -0.000007 -0.000029 0.000016 0.525291 0.850923
1741164912.276782 2.688954 -3.096046 -0.000007 -0.000029 0.000016 0.525291 0.850923
1741164912.326774 2.688945 -3.096051 -0.000011 0.000017 -0.000075 0.525302 0.850916
1741164912.376782 2.688945 -3.096051 -0.000011 0.000017 -0.000075 0.525302 0.850916
1741164912.426774 2.704150 -3.064720 -0.000011 0.000018 -0.000075 0.536384 0.843974
1741164912.476780 2.704150 -3.064720 -0.000011 0.000018 -0.000075 0.536384 0.843974
1741164912.526774 2.704140 -3.064729 -0.000007 -0.000029 0.000016 0.536397 0.843966
1741164912.576783 2.704140 -3.064729 -0.000007 -0.000029 0.000016 0.536397 0.843966
1741164912.626775 2.704131 -3.064739 -0.000007 -0.000029 0.000016 0.536410 0.843958
1741164912.676782 2.704131 -3.064739 -0.000007 -0.000029 0.000016 0.536410 0.843958
1741164912.726779 2.718519 -3.033010 -0.000007 -0.000029 0.000015 0.547388 0.836879
1741164912.776780 2.718519 -3.033010 -0.000007 -0.000029 0.000015 0.547388 0.836879
1741164912.826776 2.718510 -3.033023 -0.000011 0.000019 -0.000075 0.547401 0.836871
1741164912.876785 2.718510 -3.033023 -0.000011 0.000019 -0.000075 0.547401 0.836871
1741164912.926779 2.732055 -3.000931 -0.000007 -0.000029 0.000015 0.558294 0.829643
1741164912.976786 2.732055 -3.000931 -0.000007 -0.000029 0.000015 0.558294 0.829643
1741164913.026778 2.732046 -3.000948 -0.000007 -0.000030 0.000015 0.558308 0.829634
1741164913.076797 2.732046 -3.000948 -0.000007 -0.000030 0.000015 0.558308 0.829634
1741164913.126785 2.744746 -2.968509 -0.000007 -0.000030 0.000015 0.569106 0.822264
1741164913.176813 2.744746 -2.968509 -0.000007 -0.000030 0.000015 0.569106 0.822264
1741164913.226788 2.744738 -2.968529 -0.000007 -0.000030 0.000015 0.569119 0.822255
1741164913.276793 2.744738 -2.968529 -0.000007 -0.000030 0.000015 0.569119 0.822255
1741164913.326790 2.756583 -2.935767 -0.000007 -0.000030 0.000014 0.579821 0.814744
1741164913.376842 2.756583 -2.935767 -0.000007 -0.000030 0.000014 0.579821 0.814744
1741164913.426786 2.756577 -2.935790 -0.000011 0.000022 -0.000074 0.579834 0.814735
1741164913.476798 2.756577 -2.935790 -0.000011 0.000022 -0.000074 0.579834 0.814735
1741164913.526788 2.767560 -2.902725 -0.000011 0.000023 -0.000073 0.590435 0.807085
1741164913.576795 2.767560 -2.902725 -0.000011 0.000023 -0.000073 0.590435 0.807085
1741164913.626784 2.767554 -2.902750 -0.000011 0.000023 -0.000073 0.590448 0.807076
1741164913.676791 2.767554 -2.902750 -0.000011 0.000023 -0.000073 0.590448 0.807076
1741164913.726793 2.777668 -2.869407 -0.000011 0.000024 -0.000073 0.600949 0.799288
1741164913.776793 2.777668 -2.869407 -0.000011 0.000024 -0.000073 0.600949 0.799288
1741164913.826775 2.777663 -2.869434 -0.000011 0.000024 -0.000073 0.600960 0.799279
1741164913.876781 2.777663 -2.869434 -0.000011 0.000024 -0.000073 0.600960 0.799279
1741164913.926777 2.786900 -2.835837 -0.000007 -0.000030 0.000013 0.611359 0.791354
1741164913.976783 2.786900 -2.835837 -0.000007 -0.000030 0.000013 0.611359 0.791354
1741164914.026799 2.786896 -2.835866 -0.000011 0.000025 -0.000073 0.611369 0.791346
1741164914.076784 2.786896 -2.835866 -0.000011 0.000025 -0.000073 0.611369 0.791346
1741164914.126778 2.795251 -2.802034 -0.000007 -0.000030 0.000013 0.621664 0.783284
1741164914.176791 2.795251 -2.802034 -0.000007 -0.000030 0.000013 0.621664 0.783284
1741164914.226776 2.795248 -2.802064 -0.000007 -0.000030 0.000013 0.621673 0.783277
1741164914.276788 2.795248 -2.802064 -0.000007 -0.000030 0.000013 0.621673 0.783277
1741164914.326777 2.802713 -2.768028 -0.000007 -0.000031 0.000012 0.631864 0.775079
1741164914.376784 2.802713 -2.768028 -0.000007 -0.000031 0.000012 0.631864 0.775079
1741164914.426780 2.802711 -2.768061 -0.000011 0.000026 -0.000072 0.631872 0.775072
1741164914.476798 2.802711 -2.768061 -0.000011 0.000026 -0.000072 0.631872 0.775072
1741164914.526778 2.809283 -2.733835 -0.000011 0.000027 -0.000071 0.641954 0.766743
1741164914.576784 2.809283 -2.733835 -0.000011 0.000027 -0.000071 0.641954 0.766743
1741164914.626775 2.809281 -2.733871 -0.000007 -0.000031 0.000012 0.641962 0.766736
1741164914.676783 2.809281 -2.733871 -0.000007 -0.000031 0.000012 0.641962 0.766736
1741164914.726779 2.814955 -2.699484 -0.000007 -0.000031 0.000011 0.651936 0.758274
1741164914.776787 2.814955 -2.699484 -0.000007 -0.000031 0.000011 0.651936 0.758274
1741164914.826774 2.814953 -2.699521 -0.000011 0.000028 -0.000071 0.651944 0.758267
1741164914.876784 2.814953 -2.699521 -0.000011 0.000028 -0.000071 0.651944 0.758267
1741164914.926783 2.819726 -2.664994 -0.000007 -0.000031 0.000011 0.661806 0.749675
1741164914.976782 2.819726 -2.664994 -0.000007 -0.000031 0.000011 0.661806 0.749675
1741164915.026787 2.819725 -2.665033 -0.000011 0.000029 -0.000071 0.661815 0.749667
1741164915.076796 2.819725 -2.665033 -0.000011 0.000029 -0.000071 0.661815 0.749667
1741164915.126787 2.823592 -2.630391 -0.000007 -0.000031 0.000011 0.671562 0.740948
1741164915.176786 2.823592 -2.630391 -0.000007 -0.000031 0.000011 0.671562 0.740948
1741164915.226779 2.823591 -2.630432 -0.000011 0.000030 -0.000070 0.671571 0.740940
1741164915.276795 2.823591 -2.630432 -0.000011 0.000030 -0.000070 0.671571 0.740940
1741164915.326797 2.826551 -2.595701 -0.000011 0.000031 -0.000070 0.681204 0.732093
1741164915.376790 2.826551 -2.595701 -0.000011 0.000031 -0.000070 0.681204 0.732093
1741164915.426775 2.826551 -2.595744 -0.000011 0.000031 -0.000070 0.681214 0.732084
1741164915.476790 2.826551 -2.595744 -0.000011 0.000031 -0.000070 0.681214 0.732084
1741164915.526777 2.828601 -2.560945 -0.000011 0.000032 -0.000069 0.690729 0.723114
1741164915.576812 2.828601 -2.560945 -0.000011 0.000032 -0.000069 0.690729 0.723114
1741164915.626777 2.828601 -2.560989 -0.000007 -0.000031 0.000010 0.690739 0.723104
1741164915.676785 2.828601 -2.560989 -0.000007 -0.000031 0.000010 0.690739 0.723104
1741164915.726776 2.829741 -2.526144 -0.000011 0.000033 -0.000069 0.700135 0.714010
1741164915.776784 2.829741 -2.526144 -0.000011 0.000033 -0.000069 0.700135 0.714010
1741164915.826775 2.829740 -2.526189 -0.000011 0.000033 -0.000069 0.700145 0.714001
1741164915.876789 2.829740 -2.526189 -0.000011 0.000033 -0.000069 0.700145 0.714001
1741164915.926754 2.829969 -2.491328 -0.000011 0.000034 -0.000068 0.709421 0.704785
1741164915.976780 2.829969 -2.491328 -0.000011 0.000034 -0.000068 0.709421 0.704785
1741164916.026775 2.829969 -2.491374 -0.000011 0.000034 -0.000068 0.709431 0.704775
1741164916.076784 2.829969 -2.491374 -0.000011 0.000034 -0.000068 0.709431 0.704775
1741164916.126786 2.829285 -2.456515 -0.000011 0.000035 -0.000068 0.718586 0.695438
1741164916.176793 2.829285 -2.456515 -0.000011 0.000035 -0.000068 0.718586 0.695438
1741164916.226780 2.829285 -2.456562 -0.000007 -0.000032 0.000008 0.718596 0.695428
1741164916.276786 2.829285 -2.456562 -0.000007 -0.000032 0.000008 0.718596 0.695428
1741164916.326778 2.827691 -2.421735 -0.000011 0.000035 -0.000068 0.727628 0.685972
1741164916.376782 2.827691 -2.421735 -0.000011 0.000035 -0.000068 0.727628 0.685972
1741164916.426777 2.827691 -2.421782 -0.000011 0.000036 -0.000068 0.727638 0.685961
1741164916.476802 2.827691 -2.421782 -0.000011 0.000036 -0.000068 0.727638 0.685961
1741164916.526779 2.827691 -2.421828 -0.000011 0.000036 -0.000068 0.727649 0.685950
1741164916.576782 2.827691 -2.421828 -0.000011 0.000036 -0.000068 0.727649 0.685950
1741164916.626775 2.825187 -2.387007 -0.000011 0.000036 -0.000067 0.736545 0.676389
1741164916.676784 2.825187 -2.387007 -0.000011 0.000036 -0.000067 0.736545 0.676389
1741164916.726777 2.825187 -2.387053 -0.000011 0.000036 -0.000067 0.736556 0.676376
1741164916.776783 2.825187 -2.387053 -0.000011 0.000036 -0.000067 0.736556 0.676376
1741164916.826772 2.825187 -2.387101 -0.000011 0.000036 -0.000067 0.736567 0.676364
1741164916.876782 2.825187 -2.387101 -0.000011 0.000036 -0.000067 0.736567 0.676364
1741164916.926777 2.821774 -2.352356 -0.000007 -0.000032 0.000007 0.745336 0.666689
1741164916.976784 2.821774 -2.352356 -0.000007 -0.000032 0.000007 0.745336 0.666689
1741164917.026774 2.821774 -2.352402 -0.000011 0.000037 -0.000067 0.745347 0.666676
1741164917.076784 2.821774 -2.352402 -0.000011 0.000037 -0.000067 0.745347 0.666676
1741164917.126774 2.817455 -2.317805 -0.000011 0.000038 -0.000066 0.753999 0.656876
1741164917.176788 2.817455 -2.317805 -0.000011 0.000038 -0.000066 0.753999 0.656876
1741164917.226778 2.817456 -2.317851 -0.000011 0.000038 -0.000066 0.754011 0.656862
1741164917.276819 2.817456 -2.317851 -0.000011 0.000038 -0.000066 0.754011 0.656862
1741164917.326776 2.812234 -2.283381 -0.000011 0.000039 -0.000066 0.762532 0.646950
1741164917.376782 2.812234 -2.283381 -0.000011 0.000039 -0.000066 0.762532 0.646950
1741164917.426773 2.812234 -2.283426 -0.000011 0.000039 -0.000066 0.762544 0.646937
1741164917.476786 2.812234 -2.283426 -0.000011 0.000039 -0.000066 0.762544 0.646937
1741164917.526775 2.806113 -2.249108 -0.000007 -0.000032 0.000006 0.770935 0.636913
1741164917.576784 2.806113 -2.249108 -0.000007 -0.000032 0.000006 0.770935 0.636913
1741164917.626774 2.806113 -2.249149 -0.000007 -0.000032 0.000006 0.770945 0.636901
1741164917.676784 2.806113 -2.249149 -0.000007 -0.000032 0.000006 0.770945 0.636901
1741164917.726774 2.799097 -2.214999 -0.000011 0.000041 -0.000065 0.779205 0.626769
1741164917.776783 2.799097 -2.214999 -0.000011 0.000041 -0.000065 0.779205 0.626769
1741164917.826791 2.799096 -2.215041 -0.000011 0.000041 -0.000065 0.779214 0.626758
1741164917.876793 2.799096 -2.215041 -0.000011 0.000041 -0.000065 0.779214 0.626758
1741164917.926775 2.799096 -2.215084 -0.000007 -0.000032 0.000006 0.779223 0.626747
1741164917.976781 2.799096 -2.215084 -0.000007 -0.000032 0.000006 0.779223 0.626747
1741164918.026775 2.791190 -2.181093 -0.000011 0.000042 -0.000064 0.787342 0.616516
1741164918.076795 2.791190 -2.181093 -0.000011 0.000042 -0.000064 0.787342 0.616516
1741164918.126789 2.791189 -2.181135 -0.000007 -0.000032 0.000005 0.787350 0.616507
1741164918.176796 2.791189 -2.181135 -0.000007 -0.000032 0.000005 0.787350 0.616507
1741164918.226777 2.782399 -2.147398 -0.000011 0.000042 -0.000064 0.795343 0.606159
1741164918.276781 2.782399 -2.147398 -0.000011 0.000042 -0.000064 0.795343 0.606159
1741164918.326777 2.782397 -2.147439 -0.000007 -0.000033 0.000005 0.795349 0.606152
1741164918.376789 2.782397 -2.147439 -0.000007 -0.000033 0.000005 0.795349 0.606152
1741164918.426778 2.772728 -2.113952 -0.000007 -0.000033 0.000004 0.803208 0.595698
1741164918.476786 2.772728 -2.113952 -0.000007 -0.000033 0.000004 0.803208 0.595698
1741164918.526774 2.772726 -2.113989 -0.000011 0.000043 -0.000063 0.803212 0.595693
1741164918.576783 2.772726 -2.113989 -0.000011 0.000043 -0.000063 0.803212 0.595693
1741164918.626778 2.762186 -2.080765 -0.000011 0.000044 -0.000063 0.810937 0.585134
1741164918.676733 2.762186 -2.080765 -0.000011 0.000044 -0.000063 0.810937 0.585134
1741164918.726777 2.762183 -2.080803 -0.000007 -0.000033 0.000004 0.810939 0.585130
1741164918.776787 2.762183 -2.080803 -0.000007 -0.000033 0.000004 0.810939 0.585130
1741164918.826788 2.762181 -2.080839 -0.000011 0.000044 -0.000063 0.810942 0.585127
1741164918.876781 2.762181 -2.080839 -0.000011 0.000044 -0.000063 0.810942 0.585127
1741164918.926775 2.750778 -2.047867 -0.000011 0.000045 -0.000062 0.818525 0.574470
1741164918.976780 2.750778 -2.047867 -0.000011 0.000045 -0.000062 0.818525 0.574470
1741164919.026778 2.750775 -2.047904 -0.000007 -0.000033 0.000003 0.818527 0.574468
1741164919.076786 2.750775 -2.047904 -0.000007 -0.000033 0.000003 0.818527 0.574468
1741164919.126774 2.750772 -2.047939 -0.000011 0.000045 -0.000062 0.818528 0.574467
1741164919.176781 2.750772 -2.047939 -0.000011 0.000045 -0.000062 0.818528 0.574467
1741164919.226774 2.738513 -2.015281 -0.000011 0.000046 -0.000061 0.825974 0.563708
1741164919.276783 2.738513 -2.015281 -0.000011 0.000046 -0.000061 0.825974 0.563708
1741164919.326779 2.738509 -2.015317 -0.000011 0.000046 -0.000062 0.825974 0.563708
1741164919.376800 2.738509 -2.015317 -0.000011 0.000046 -0.000062 0.825974 0.563708
1741164919.426775 2.725400 -1.983025 -0.000011 0.000047 -0.000061 0.833281 0.552849
1741164919.476782 2.725400 -1.983025 -0.000011 0.000047 -0.000061 0.833281 0.552849
1741164919.526775 2.725395 -1.983059 -0.000011 0.000047 -0.000061 0.833280 0.552852
1741164919.576780 2.725395 -1.983059 -0.000011 0.000047 -0.000061 0.833280 0.552852
1741164919.626778 2.711446 -1.951126 -0.000011 0.000048 -0.000060 0.840445 0.541896
1741164919.676784 2.711446 -1.951126 -0.000011 0.000048 -0.000060 0.840445 0.541896
1741164919.726775 2.711440 -1.951159 -0.000011 0.000048 -0.000060 0.840442 0.541901
1741164919.776783 2.711440 -1.951159 -0.000011 0.000048 -0.000060 0.840442 0.541901
1741164919.826787 2.696662 -1.919601 -0.000011 0.000048 -0.000060 0.847465 0.530851
1741164919.876794 2.696662 -1.919601 -0.000011 0.000048 -0.000060 0.847465 0.530851
1741164919.926786 2.696655 -1.919634 -0.000007 -0.000033 0.000002 0.847460 0.530859
1741164919.976779 2.696655 -1.919634 -0.000007 -0.000033 0.000002 0.847460 0.530859
1741164920.026774 2.681058 -1.888473 -0.000011 0.000049 -0.000059 0.854341 0.519713
1741164920.076781 2.681058 -1.888473 -0.000011 0.000049 -0.000059 0.854341 0.519713
1741164920.126788 2.681051 -1.888503 -0.000007 -0.000033 0.000001 0.854335 0.519723
1741164920.176799 2.681051 -1.888503 -0.000007 -0.000033 0.000001 0.854335 0.519723
1741164920.226786 2.681044 -1.888533 -0.000011 0.000049 -0.000059 0.854329 0.519733
1741164920.276785 2.681044 -1.888533 -0.000011 0.000049 -0.000059 0.854329 0.519733
1741164920.326776 2.664644 -1.857768 -0.000007 -0.000033 0.000001 0.861069 0.508489
1741164920.376790 2.664644 -1.857768 -0.000007 -0.000033 0.000001 0.861069 0.508489
1741164920.426776 2.664636 -1.857796 -0.000011 0.000050 -0.000059 0.861061 0.508502
1741164920.476791 2.664636 -1.857796 -0.000011 0.000050 -0.000059 0.861061 0.508502
1741164920.526776 2.647432 -1.827500 -0.000011 0.000051 -0.000058 0.867650 0.497176
1741164920.576786 2.647432 -1.827500 -0.000011 0.000051 -0.000058 0.867650 0.497176
1741164920.626781 2.647424 -1.827530 -0.000007 -0.000033 0.000000 0.867641 0.497191
1741164920.676800 2.647424 -1.827530 -0.000007 -0.000033 0.000000 0.867641 0.497191
1741164920.726775 2.647416 -1.827558 -0.000007 -0.000033 0.000000 0.867633 0.497206
1741164920.776783 2.647416 -1.827558 -0.000007 -0.000033 0.000000 0.867633 0.497206
1741164920.826775 2.629435 -1.797691 -0.000011 0.000052 -0.000057 0.874084 0.485775
1741164920.876783 2.629435 -1.797691 -0.000011 0.000052 -0.000057 0.874084 0.485775
1741164920.926771 2.629427 -1.797718 -0.000011 0.000052 -0.000057 0.874075 0.485791
1741164920.976786 2.629427 -1.797718 -0.000011 0.000052 -0.000057 0.874075 0.485791
1741164921.026779 2.629419 -1.797745 -0.000011 0.000052 -0.000057 0.874065 0.485808
1741164921.076783 2.629419 -1.797745 -0.000011 0.000052 -0.000057 0.874065 0.485808
1741164921.126796 2.610663 -1.768367 -0.000007 -0.000033 -0.000000 0.880367 0.474293
1741164921.176784 2.610663 -1.768367 -0.000007 -0.000033 -0.000000 0.880367 0.474293
1741164921.226776 2.610656 -1.768392 -0.000011 0.000052 -0.000057 0.880358 0.474310
1741164921.276800 2.610656 -1.768392 -0.000011 0.000052 -0.000057 0.880358 0.474310
1741164921.326789 2.610648 -1.768418 -0.000011 0.000052 -0.000057 0.880349 0.474326
1741164921.376796 2.610648 -1.768418 -0.000011 0.000052 -0.000057 0.880349 0.474326
1741164921.426792 2.591131 -1.739542 -0.000011 0.000053 -0.000056 0.886501 0.462727
1741164921.476805 2.591131 -1.739542 -0.000011 0.000053 -0.000056 0.886501 0.462727
1741164921.526779 2.591124 -1.739567 -0.000011 0.000053 -0.000056 0.886493 0.462742
1741164921.576783 2.591124 -1.739567 -0.000011 0.000053 -0.000056 0.886493 0.462742
1741164921.626775 2.570851 -1.711238 -0.000011 0.000054 -0.000055 0.892483 0.451081
1741164921.676788 2.570851 -1.711238 -0.000011 0.000054 -0.000055 0.892483 0.451081
1741164921.726775 2.570845 -1.711262 -0.000011 0.000054 -0.000055 0.892476 0.451094
1741164921.776787 2.570845 -1.711262 -0.000011 0.000054 -0.000055 0.892476 0.451094
1741164921.826774 2.549837 -1.683478 -0.000011 0.000055 -0.000055 0.898311 0.439359
1741164921.876788 2.549837 -1.683478 -0.000011 0.000055 -0.000055 0.898311 0.439359
1741164921.926775 2.549833 -1.683499 -0.000011 0.000055 -0.000055 0.898307 0.439368
1741164921.976787 2.549833 -1.683499 -0.000011 0.000055 -0.000055 0.898307 0.439368
1741164922.026775 2.528104 -1.656275 -0.000007 -0.000033 -0.000002 0.903987 0.427560
1741164922.076784 2.528104 -1.656275 -0.000007 -0.000033 -0.000002 0.903987 0.427560
1741164922.126776 2.528101 -1.656295 -0.000011 0.000055 -0.000054 0.903984 0.427566
1741164922.176783 2.528101 -1.656295 -0.000011 0.000055 -0.000054 0.903984 0.427566
1741164922.226775 2.505666 -1.629651 -0.000007 -0.000033 -0.000003 0.909507 0.415689
1741164922.276783 2.505666 -1.629651 -0.000007 -0.000033 -0.000003 0.909507 0.415689
1741164922.326786 2.505665 -1.629670 -0.000007 -0.000033 -0.000003 0.909506 0.415691
1741164922.376791 2.505665 -1.629670 -0.000007 -0.000033 -0.000003 0.909506 0.415691
1741164922.426774 2.482538 -1.603622 -0.000011 0.000057 -0.000052 0.914870 0.403748
1741164922.476779 2.482538 -1.603622 -0.000011 0.000057 -0.000052 0.914870 0.403748
1741164922.526785 2.482537 -1.603641 -0.000007 -0.000033 -0.000003 0.914869 0.403750
1741164922.576796 2.482537 -1.603641 -0.000007 -0.000033 -0.000003 0.914869 0.403750
1741164922.626787 2.482536 -1.603659 -0.000011 0.000057 -0.000052 0.914868 0.403752
1741164922.676783 2.482536 -1.603659 -0.000011 0.000057 -0.000052 0.914868 0.403752
1741164922.726791 2.458737 -1.578210 -0.000011 0.000057 -0.000052 0.920077 0.391738
1741164922.776786 2.458737 -1.578210 -0.000011 0.000057 -0.000052 0.920077 0.391738
1741164922.826776 2.458737 -1.578228 -0.000007 -0.000033 -0.000003 0.920076 0.391739
1741164922.876780 2.458737 -1.578228 -0.000007 -0.000033 -0.000003 0.920076 0.391739
1741164922.926779 2.434279 -1.553430 -0.000007 -0.000033 -0.000004 0.925126 0.379660
1741164922.976787 2.434279 -1.553430 -0.000007 -0.000033 -0.000004 0.925126 0.379660
1741164923.026777 2.434280 -1.553446 -0.000011 0.000058 -0.000051 0.925126 0.379660
1741164923.076795 2.434280 -1.553446 -0.000011 0.000058 -0.000051 0.925126 0.379660
1741164923.126775 2.409181 -1.529297 -0.000007 -0.000033 -0.000004 0.930017 0.367517
1741164923.176780 2.409181 -1.529297 -0.000007 -0.000033 -0.000004 0.930017 0.367517
1741164923.226775 2.409183 -1.529313 -0.000011 0.000059 -0.000050 0.930017 0.367515
1741164923.276786 2.409183 -1.529313 -0.000011 0.000059 -0.000050 0.930017 0.367515
1741164923.326775 2.383460 -1.505829 -0.000007 -0.000033 -0.000005 0.934748 0.355311
1741164923.376785 2.383460 -1.505829 -0.000007 -0.000033 -0.000005 0.934748 0.355311
1741164923.426773 2.383462 -1.505845 -0.000007 -0.000033 -0.000005 0.934749 0.355308
1741164923.476781 2.383462 -1.505845 -0.000007 -0.000033 -0.000005 0.934749 0.355308
1741164923.526775 2.357133 -1.483044 -0.000011 0.000060 -0.000049 0.939319 0.343045
1741164923.576786 2.357133 -1.483044 -0.000011 0.000060 -0.000049 0.939319 0.343045
1741164923.626776 2.357136 -1.483060 -0.000011 0.000060 -0.000049 0.939320 0.343041
1741164923.676784 2.357136 -1.483060 -0.000011 0.000060 -0.000049 0.939320 0.343041
1741164923.726774 2.330218 -1.460954 -0.000011 0.000061 -0.000048 0.943729 0.330720
1741164923.776794 2.330218 -1.460954 -0.000011 0.000061 -0.000048 0.943729 0.330720
1741164923.826776 2.330220 -1.460971 -0.000007 -0.000033 -0.000006 0.943731 0.330714
1741164923.876796 2.330220 -1.460971 -0.000007 -0.000033 -0.000006 0.943731 0.330714
1741164923.926785 2.302733 -1.439578 -0.000011 0.000061 -0.000047 0.947978 0.318337
1741164923.976793 2.302733 -1.439578 -0.000011 0.000061 -0.000047 0.947978 0.318337
1741164924.026788 2.302734 -1.439593 -0.000011 0.000061 -0.000047 0.947980 0.318329
1741164924.076780 2.302734 -1.439593 -0.000011 0.000061 -0.000047 0.947980 0.318329
1741164924.126773 2.274699 -1.418928 -0.000011 0.000062 -0.000046 0.952064 0.305900
1741164924.176785 2.274699 -1.418928 -0.000011 0.000062 -0.000046 0.952064 0.305900
1741164924.226781 2.274699 -1.418942 -0.000011 0.000062 -0.000046 0.952067 0.305891
1741164924.276782 2.274699 -1.418942 -0.000011 0.000062 -0.000046 0.952067 0.305891
1741164924.326776 2.246134 -1.399018 -0.000011 0.000062 -0.000045 0.955986 0.293412
1741164924.376781 2.246134 -1.399018 -0.000011 0.000062 -0.000045 0.955986 0.293412
1741164924.426775 2.246134 -1.399032 -0.000007 -0.000032 -0.000007 0.955989 0.293402
1741164924.476785 2.246134 -1.399032 -0.000007 -0.000032 -0.000007 0.955989 0.293402
1741164924.526775 2.217058 -1.379863 -0.000007 -0.000032 -0.000007 0.959745 0.280874
1741164924.576785 2.217058 -1.379863 -0.000007 -0.000032 -0.000007 0.959745 0.280874
1741164924.626777 2.217058 -1.379874 -0.000011 0.000063 -0.000045 0.959747 0.280866
1741164924.676795 2.217058 -1.379874 -0.000011 0.000063 -0.000045 0.959747 0.280866
1741164924.726773 2.187490 -1.361476 -0.000007 -0.000032 -0.000008 0.963339 0.268287
1741164924.776787 2.187490 -1.361476 -0.000007 -0.000032 -0.000008 0.963339 0.268287
1741164924.826780 2.187491 -1.361485 -0.000011 0.000063 -0.000044 0.963341 0.268280
1741164924.876783 2.187491 -1.361485 -0.000011 0.000063 -0.000044 0.963341 0.268280
1741164924.926776 2.157452 -1.343868 -0.000011 0.000064 -0.000043 0.966768 0.255656
1741164924.976782 2.157452 -1.343868 -0.000011 0.000064 -0.000043 0.966768 0.255656
1741164925.026774 2.157453 -1.343876 -0.000011 0.000064 -0.000043 0.966770 0.255649
1741164925.076781 2.157453 -1.343876 -0.000011 0.000064 -0.000043 0.966770 0.255649
1741164925.126781 2.126963 -1.327053 -0.000011 0.000064 -0.000042 0.970031 0.242980
1741164925.176783 2.126963 -1.327053 -0.000011 0.000064 -0.000042 0.970031 0.242980
1741164925.226778 2.126966 -1.327059 -0.000007 -0.000032 -0.000009 0.970033 0.242975
1741164925.276786 2.126966 -1.327059 -0.000007 -0.000032 -0.000009 0.970033 0.242975
1741164925.326774 2.126968 -1.327065 -0.000007 -0.000032 -0.000009 0.970034 0.242970
1741164925.376783 2.126968 -1.327065 -0.000007 -0.000032 -0.000009 0.970034 0.242970
1741164925.426775 2.096046 -1.311043 -0.000007 -0.000032 -0.000009 0.973129 0.230261
1741164925.476787 2.096046 -1.311043 -0.000007 -0.000032 -0.000009 0.973129 0.230261
1741164925.526776 2.096052 -1.311047 -0.000007 -0.000032 -0.000009 0.973130 0.230257
1741164925.576802 2.096052 -1.311047 -0.000007 -0.000032 -0.000009 0.973130 0.230257
1741164925.626789 2.064721 -1.295847 -0.000011 0.000065 -0.000040 0.976059 0.217504
1741164925.676789 2.064721 -1.295847 -0.000011 0.000065 -0.000040 0.976059 0.217504
1741164925.726786 2.064730 -1.295850 -0.000007 -0.000032 -0.000009 0.976060 0.217500
1741164925.776783 2.064730 -1.295850 -0.000007 -0.000032 -0.000009 0.976060 0.217500
1741164925.826784 2.033008 -1.281476 -0.000007 -0.000032 -0.000010 0.978823 0.204710
1741164925.876781 2.033008 -1.281476 -0.000007 -0.000032 -0.000010 0.978823 0.204710
1741164925.926776 2.033021 -1.281478 -0.000011 0.000066 -0.000039 0.978823 0.204707
1741164925.976787 2.033021 -1.281478 -0.000011 0.000066 -0.000039 0.978823 0.204707
1741164926.026776 2.000930 -1.267941 -0.000007 -0.000031 -0.000010 0.981418 0.191880
1741164926.076785 2.000930 -1.267941 -0.000007 -0.000031 -0.000010 0.981418 0.191880
1741164926.126779 2.000947 -1.267942 -0.000011 0.000066 -0.000038 0.981419 0.191877
1741164926.176748 2.000947 -1.267942 -0.000011 0.000066 -0.000038 0.981419 0.191877
1741164926.226788 1.968509 -1.255250 -0.000011 0.000067 -0.000038 0.983846 0.179018
1741164926.276780 1.968509 -1.255250 -0.000011 0.000067 -0.000038 0.983846 0.179018
1741164926.326776 1.968529 -1.255250 -0.000011 0.000067 -0.000038 0.983846 0.179016
1741164926.376783 1.968529 -1.255250 -0.000011 0.000067 -0.000038 0.983846 0.179016
1741164926.426778 1.935766 -1.243412 -0.000011 0.000067 -0.000037 0.986105 0.166124
1741164926.476797 1.935766 -1.243412 -0.000011 0.000067 -0.000037 0.986105 0.166124
1741164926.526773 1.935788 -1.243412 -0.000011 0.000067 -0.000037 0.986105 0.166123
1741164926.576791 1.935788 -1.243412 -0.000011 0.000067 -0.000037 0.986105 0.166123
1741164926.626787 1.902725 -1.232436 -0.000011 0.000068 -0.000036 0.988195 0.153203
1741164926.676795 1.902725 -1.232436 -0.000011 0.000068 -0.000036 0.988195 0.153203
1741164926.726788 1.902750 -1.232435 -0.000011 0.000068 -0.000036 0.988195 0.153203
1741164926.776786 1.902750 -1.232435 -0.000011 0.000068 -0.000036 0.988195 0.153203
1741164926.826776 1.869407 -1.222328 -0.000011 0.000068 -0.000035 0.990115 0.140255
1741164926.876795 1.869407 -1.222328 -0.000011 0.000068 -0.000035 0.990115 0.140255
1741164926.926785 1.869434 -1.222327 -0.000007 -0.000031 -0.000012 0.990115 0.140256
1741164926.976783 1.869434 -1.222327 -0.000007 -0.000031 -0.000012 0.990115 0.140256
1741164927.026777 1.835837 -1.213096 -0.000011 0.000069 -0.000034 0.991866 0.127283
1741164927.076789 1.835837 -1.213096 -0.000011 0.000069 -0.000034 0.991866 0.127283
1741164927.126773 1.835865 -1.213094 -0.000011 0.000069 -0.000034 0.991866 0.127286
1741164927.176783 1.835865 -1.213094 -0.000011 0.000069 -0.000034 0.991866 0.127286
1741164927.226752 1.802034 -1.204746 -0.000011 0.000069 -0.000033 0.993447 0.114292
1741164927.276788 1.802034 -1.204746 -0.000011 0.000069 -0.000033 0.993447 0.114292
1741164927.326773 1.802066 -1.204744 -0.000007 -0.000030 -0.000013 0.993447 0.114296
1741164927.376788 1.802066 -1.204744 -0.000007 -0.000030 -0.000013 0.993447 0.114296
1741164927.426785 1.768026 -1.197284 -0.000011 0.000069 -0.000032 0.994858 0.101279
1741164927.476794 1.768026 -1.197284 -0.000011 0.000069 -0.000032 0.994858 0.101279
1741164927.526789 1.768060 -1.197282 -0.000007 -0.000030 -0.000013 0.994858 0.101283
1741164927.576790 1.768060 -1.197282 -0.000007 -0.000030 -0.000013 0.994858 0.101283
1741164927.626787 1.733835 -1.190715 -0.000007 -0.000030 -0.000013 0.996099 0.088248
1741164927.676788 1.733835 -1.190715 -0.000007 -0.000030 -0.000013 0.996099 0.088248
1741164927.726789 1.733869 -1.190712 -0.000011 0.000070 -0.000031 0.996098 0.088252
1741164927.776793 1.733869 -1.190712 -0.000011 0.000070 -0.000031 0.996098 0.088252
1741164927.826774 1.699484 -1.185043 -0.000011 0.000070 -0.000030 0.997169 0.075199
1741164927.876782 1.699484 -1.185043 -0.000011 0.000070 -0.000030 0.997169 0.075199
1741164927.926787 1.699519 -1.185041 -0.000011 0.000070 -0.000030 0.997168 0.075202
1741164927.976797 1.699519 -1.185041 -0.000011 0.000070 -0.000030 0.997168 0.075202
1741164928.026773 1.664996 -1.180273 -0.000007 -0.000030 -0.000014 0.998067 0.062140
1741164928.076781 1.664996 -1.180273 -0.000007 -0.000030 -0.000014 0.998067 0.062140
1741164928.126777 1.665034 -1.180270 -0.000011 0.000071 -0.000029 0.998067 0.062141
1741164928.176783 1.665034 -1.180270 -0.000011 0.000071 -0.000029 0.998067 0.062141
1741164928.226776 1.630392 -1.176407 -0.000011 0.000071 -0.000028 0.998795 0.049070
1741164928.276782 1.630392 -1.176407 -0.000011 0.000071 -0.000028 0.998795 0.049070
1741164928.326776 1.630432 -1.176405 -0.000011 0.000071 -0.000028 0.998795 0.049071
1741164928.376784 1.630432 -1.176405 -0.000011 0.000071 -0.000028 0.998795 0.049071
1741164928.426771 1.595700 -1.173448 -0.000007 -0.000029 -0.000015 0.999352 0.035990
1741164928.476783 1.595700 -1.173448 -0.000007 -0.000029 -0.000015 0.999352 0.035990
1741164928.526779 1.595742 -1.173447 -0.000011 0.000071 -0.000027 0.999352 0.035989
1741164928.576787 1.595742 -1.173447 -0.000011 0.000071 -0.000027 0.999352 0.035989
1741164928.626791 1.560942 -1.171398 -0.000011 0.000072 -0.000026 0.999738 0.022906
1741164928.676794 1.560942 -1.171398 -0.000011 0.000072 -0.000026 0.999738 0.022906
1741164928.726777 1.560984 -1.171397 -0.000011 0.000072 -0.000026 0.999738 0.022905
1741164928.776787 1.560984 -1.171397 -0.000011 0.000072 -0.000026 0.999738 0.022905
1741164928.826774 1.561026 -1.171397 -0.000011 0.000072 -0.000026 0.999738 0.022903
1741164928.876783 1.561026 -1.171397 -0.000011 0.000072 -0.000026 0.999738 0.022903
1741164928.926773 1.526146 -1.170259 -0.000011 0.000072 -0.000026 0.999952 0.009818
1741164928.976781 1.526146 -1.170259 -0.000011 0.000072 -0.000026 0.999952 0.009818
1741164929.026776 1.526190 -1.170259 -0.000007 -0.000029 -0.000016 0.999952 0.009817
1741164929.076785 1.526190 -1.170259 -0.000007 -0.000029 -0.000016 0.999952 0.009817
1741164929.126776 1.491328 -1.170031 -0.000007 -0.000029 -0.000016 0.999995 -0.003271
1741164929.176782 1.491328 -1.170031 -0.000007 -0.000029 -0.000016 0.999995 -0.003271
1741164929.226776 1.491372 -1.170031 -0.000007 -0.000029 -0.000016 0.999995 -0.003272
1741164929.276778 1.491372 -1.170031 -0.000007 -0.000029 -0.000016 0.999995 -0.003272
1741164929.326773 1.491416 -1.170032 -0.000007 -0.000029 -0.000016 0.999995 -0.003273
1741164929.376781 1.491416 -1.170032 -0.000007 -0.000029 -0.000016 0.999995 -0.003273
1741164929.426775 1.456513 -1.170715 -0.000011 0.000073 -0.000024 0.999866 -0.016362
1741164929.476788 1.456513 -1.170715 -0.000011 0.000073 -0.000024 0.999866 -0.016362
1741164929.526774 1.456558 -1.170716 -0.000011 0.000073 -0.000024 0.999866 -0.016364
1741164929.576787 1.456558 -1.170716 -0.000011 0.000073 -0.000024 0.999866 -0.016364
1741164929.626774 1.456603 -1.170716 -0.000011 0.000073 -0.000024 0.999866 -0.016366
1741164929.676792 1.456603 -1.170716 -0.000011 0.000073 -0.000024 0.999866 -0.016366
1741164929.726774 1.421732 -1.172310 -0.000011 0.000073 -0.000023 0.999566 -0.029449
1741164929.776779 1.421732 -1.172310 -0.000011 0.000073 -0.000023 0.999566 -0.029449
1741164929.826773 1.421777 -1.172311 -0.000007 -0.000028 -0.000017 0.999566 -0.029453
1741164929.876798 1.421777 -1.172311 -0.000007 -0.000028 -0.000017 0.999566 -0.029453
1741164929.926775 1.421823 -1.172312 -0.000011 0.000073 -0.000023 0.999566 -0.029457
1741164929.976785 1.421823 -1.172312 -0.000011 0.000073 -0.000023 0.999566 -0.029457
1741164930.026783 1.387008 -1.174814 -0.000007 -0.000028 -0.000017 0.999095 -0.042531
1741164930.076797 1.387008 -1.174814 -0.000007 -0.000028 -0.000017 0.999095 -0.042531
1741164930.126790 1.387053 -1.174816 -0.000007 -0.000028 -0.000017 0.999095 -0.042538
1741164930.176783 1.387053 -1.174816 -0.000007 -0.000028 -0.000017 0.999095 -0.042538
1741164930.226776 1.387099 -1.174817 -0.000007 -0.000028 -0.000017 0.999095 -0.042544
1741164930.276782 1.387099 -1.174817 -0.000007 -0.000028 -0.000017 0.999095 -0.042544
1741164930.326774 1.352352 -1.178227 -0.000011 0.000074 -0.000021 0.998453 -0.055606
1741164930.376782 1.352352 -1.178227 -0.000011 0.000074 -0.000021 0.998453 -0.055606
1741164930.426773 1.352397 -1.178229 -0.000007 -0.000028 -0.000018 0.998452 -0.055616
1741164930.476797 1.352397 -1.178229 -0.000007 -0.000028 -0.000018 0.998452 -0.055616
1741164930.526778 1.317805 -1.182546 -0.000011 0.000074 -0.000020 0.997639 -0.068674
1741164930.576783 1.317805 -1.182546 -0.000011 0.000074 -0.000020 0.997639 -0.068674
1741164930.626773 1.317850 -1.182548 -0.000011 0.000074 -0.000020 0.997638 -0.068687
1741164930.676785 1.317850 -1.182548 -0.000011 0.000074 -0.000020 0.997638 -0.068687
1741164930.726775 1.283382 -1.187767 -0.000007 -0.000027 -0.000018 0.996655 -0.081728
1741164930.776788 1.283382 -1.187767 -0.000007 -0.000027 -0.000018 0.996655 -0.081728
1741164930.826757 1.283425 -1.187770 -0.000011 0.000074 -0.000019 0.996653 -0.081743
1741164930.876799 1.283425 -1.187770 -0.000011 0.000074 -0.000019 0.996653 -0.081743
1741164930.926787 1.283468 -1.187772 -0.000011 0.000074 -0.000019 0.996652 -0.081758
1741164930.976789 1.283468 -1.187772 -0.000011 0.000074 -0.000019 0.996652 -0.081758
1741164931.026787 1.249106 -1.193888 -0.000011 0.000074 -0.000018 0.995499 -0.094768
1741164931.076780 1.249106 -1.193888 -0.000011 0.000074 -0.000018 0.995499 -0.094768
1741164931.126775 1.249149 -1.193891 -0.000011 0.000074 -0.000018 0.995498 -0.094784
1741164931.176781 1.249149 -1.193891 -0.000011 0.000074 -0.000018 0.995498 -0.094784
1741164931.226773 1.249191 -1.193894 -0.000011 0.000074 -0.000018 0.995496 -0.094800
1741164931.276781 1.249191 -1.193894 -0.000011 0.000074 -0.000018 0.995496 -0.094800
1741164931.326785 1.214998 -1.200905 -0.000007 -0.000027 -0.000019 0.994174 -0.107789
1741164931.376781 1.214998 -1.200905 -0.000007 -0.000027 -0.000019 0.994174 -0.107789
1741164931.426785 1.215039 -1.200908 -0.000007 -0.000027 -0.000019 0.994172 -0.107804
1741164931.476784 1.215039 -1.200908 -0.000007 -0.000027 -0.000019 0.994172 -0.107804
1741164931.526788 1.181090 -1.208811 -0.000007 -0.000027 -0.000019 0.992678 -0.120793
1741164931.576783 1.181090 -1.208811 -0.000007 -0.000027 -0.000019 0.992678 -0.120793
1741164931.626776 1.181130 -1.208815 -0.000011 0.000075 -0.000016 0.992676 -0.120808
1741164931.676783 1.181130 -1.208815 -0.000011 0.000075 -0.000016 0.992676 -0.120808
1741164931.726785 1.181170 -1.208818 -0.000007 -0.000027 -0.000019 0.992674 -0.120822
1741164931.776787 1.181170 -1.208818 -0.000007 -0.000027 -0.000019 0.992674 -0.120822
1741164931.826787 1.147397 -1.217602 -0.000007 -0.000026 -0.000020 0.991012 -0.133775
1741164931.876792 1.147397 -1.217602 -0.000007 -0.000026 -0.000020 0.991012 -0.133775
1741164931.926785 1.147435 -1.217606 -0.000011 0.000075 -0.000015 0.991010 -0.133789
1741164931.976784 1.147435 -1.217606 -0.000011 0.000075 -0.000015 0.991010 -0.133789
1741164932.026789 1.113950 -1.227273 -0.000007 -0.000026 -0.000020 0.989176 -0.146736
1741164932.076782 1.113950 -1.227273 -0.000007 -0.000026 -0.000020 0.989176 -0.146736
1741164932.126789 1.113987 -1.227277 -0.000007 -0.000026 -0.000020 0.989174 -0.146749
1741164932.176795 1.113987 -1.227277 -0.000007 -0.000026 -0.000020 0.989174 -0.146749
1741164932.226779 1.080765 -1.237816 -0.000011 0.000076 -0.000013 0.987171 -0.159669
1741164932.276786 1.080765 -1.237816 -0.000011 0.000076 -0.000013 0.987171 -0.159669
1741164932.326786 1.080801 -1.237820 -0.000007 -0.000026 -0.000020 0.987169 -0.159681
1741164932.376781 1.080801 -1.237820 -0.000007 -0.000026 -0.000020 0.987169 -0.159681
1741164932.426776 1.080837 -1.237825 -0.000007 -0.000026 -0.000020 0.987167 -0.159692
1741164932.476785 1.080837 -1.237825 -0.000007 -0.000026 -0.000020 0.987167 -0.159692
1741164932.526773 1.080873 -1.237830 -0.000007 -0.000026 -0.000020 0.987165 -0.159704
1741164932.576783 1.080873 -1.237830 -0.000007 -0.000026 -0.000020 0.987165 -0.159704
1741164932.626776 1.080909 -1.237835 -0.000011 0.000076 -0.000013 0.987163 -0.159715
1741164932.676779 1.080909 -1.237835 -0.000011 0.000076 -0.000013 0.987163 -0.159715
1741164932.726772 1.080945 -1.237840 -0.000007 -0.000026 -0.000021 0.987161 -0.159726
1741164932.776785 1.080945 -1.237840 -0.000007 -0.000026 -0.000021 0.987161 -0.159726
1741164932.826775 1.080980 -1.237844 -0.000007 -0.000026 -0.000021 0.987160 -0.159737
1741164932.876785 1.080980 -1.237844 -0.000007 -0.000026 -0.000021 0.987160 -0.159737
1741164932.926775 1.081015 -1.237849 -0.000011 0.000076 -0.000013 0.987158 -0.159748
1741164932.976784 1.081015 -1.237849 -0.000011 0.000076 -0.000013 0.987158 -0.159748
1741164933.026792 1.080759 -1.237815 -0.000007 -0.000026 -0.000021 0.985740 -0.168276
1741164933.076787 1.080759 -1.237815 -0.000007 -0.000026 -0.000021 0.985740 -0.168276
1741164933.126785 1.080794 -1.237820 -0.000007 -0.000026 -0.000021 0.985738 -0.168286
1741164933.176780 1.080794 -1.237820 -0.000007 -0.000026 -0.000021 0.985738 -0.168286
1741164933.226774 1.080831 -1.237825 -0.000007 -0.000026 -0.000021 0.985736 -0.168297
1741164933.276787 1.080831 -1.237825 -0.000007 -0.000026 -0.000021 0.985736 -0.168297
1741164933.326773 1.080745 -1.237813 -0.000007 -0.000025 -0.000020 0.984234 -0.176869
1741164933.376781 1.080745 -1.237813 -0.000007 -0.000025 -0.000020 0.984234 -0.176869
1741164933.426774 1.080780 -1.237818 -0.000007 -0.000026 -0.000021 0.984233 -0.176878
1741164933.476784 1.080780 -1.237818 -0.000007 -0.000026 -0.000021 0.984233 -0.176878
1741164933.526777 1.080814 -1.237824 -0.000007 -0.000026 -0.000021 0.984231 -0.176888
1741164933.576783 1.080814 -1.237824 -0.000007 -0.000026 -0.000021 0.984231 -0.176888
1741164933.626785 1.080848 -1.237829 -0.000011 0.000076 -0.000012 0.984229 -0.176897
1741164933.676789 1.080848 -1.237829 -0.000011 0.000076 -0.000012 0.984229 -0.176897
1741164933.726780 1.080745 -1.237813 -0.000011 0.000080 -0.000012 0.982654 -0.185449
1741164933.776784 1.080745 -1.237813 -0.000011 0.000080 -0.000012 0.982654 -0.185449
1741164933.826774 1.080779 -1.237819 -0.000011 0.000077 -0.000011 0.982652 -0.185458
1741164933.876785 1.080779 -1.237819 -0.000011 0.000077 -0.000011 0.982652 -0.185458
1741164933.926775 1.080814 -1.237825 -0.000007 -0.000026 -0.000021 0.982650 -0.185467
1741164933.976785 1.080814 -1.237825 -0.000007 -0.000026 -0.000021 0.982650 -0.185467
1741164934.026778 1.080745 -1.237813 -0.000007 -0.000025 -0.000021 0.980998 -0.194019
1741164934.076782 1.080745 -1.237813 -0.000007 -0.000025 -0.000021 0.980998 -0.194019
1741164934.126775 1.080778 -1.237819 -0.000008 -0.000026 -0.000022 0.980996 -0.194026
1741164934.176783 1.080778 -1.237819 -0.000008 -0.000026 -0.000022 0.980996 -0.194026
1741164934.226774 1.080812 -1.237825 -0.000008 -0.000026 -0.000022 0.980995 -0.194034
1741164934.276785 1.080812 -1.237825 -0.000008 -0.000026 -0.000022 0.980995 -0.194034
1741164934.326780 1.080745 -1.237813 -0.000007 -0.000028 -0.000020 0.979267 -0.202572
1741164934.376783 1.080745 -1.237813 -0.000007 -0.000028 -0.000020 0.979267 -0.202572
1741164934.426773 1.080777 -1.237819 -0.000011 0.000077 -0.000010 0.979266 -0.202578
1741164934.476791 1.080777 -1.237819 -0.000011 0.000077 -0.000010 0.979266 -0.202578
1741164934.526776 1.080811 -1.237826 -0.000008 -0.000026 -0.000022 0.979265 -0.202585
1741164934.576787 1.080811 -1.237826 -0.000008 -0.000026 -0.000022 0.979265 -0.202585
1741164934.626777 1.080843 -1.237832 -0.000008 -0.000026 -0.000022 0.979263 -0.202591
1741164934.676785 1.080843 -1.237832 -0.000008 -0.000026 -0.000022 0.979263 -0.202591
1741164934.726775 1.080748 -1.237813 -0.000008 -0.000026 -0.000022 0.977462 -0.211110
1741164934.776790 1.080748 -1.237813 -0.000008 -0.000026 -0.000022 0.977462 -0.211110
1741164934.826777 1.080780 -1.237820 -0.000008 -0.000026 -0.000022 0.977461 -0.211115
1741164934.876797 1.080780 -1.237820 -0.000008 -0.000026 -0.000022 0.977461 -0.211115
1741164934.926800 1.080811 -1.237827 -0.000011 0.000077 -0.000009 0.977460 -0.211121
1741164934.976783 1.080811 -1.237827 -0.000011 0.000077 -0.000009 0.977460 -0.211121
1741164935.026774 1.080745 -1.237813 -0.000007 -0.000025 -0.000022 0.975583 -0.219632
1741164935.076782 1.080745 -1.237813 -0.000007 -0.000025 -0.000022 0.975583 -0.219632
1741164935.126775 1.080776 -1.237820 -0.000008 -0.000026 -0.000023 0.975582 -0.219636
1741164935.176787 1.080776 -1.237820 -0.000008 -0.000026 -0.000023 0.975582 -0.219636
1741164935.226775 1.080808 -1.237827 -0.000008 -0.000026 -0.000023 0.975581 -0.219640
1741164935.276786 1.080808 -1.237827 -0.000008 -0.000026 -0.000023 0.975581 -0.219640
1741164935.326791 1.080745 -1.237813 -0.000007 -0.000025 -0.000022 0.973629 -0.228137
1741164935.376783 1.080745 -1.237813 -0.000007 -0.000025 -0.000022 0.973629 -0.228137
1741164935.426775 1.080776 -1.237821 -0.000008 -0.000026 -0.000023 0.973628 -0.228140
1741164935.476789 1.080776 -1.237821 -0.000008 -0.000026 -0.000023 0.973628 -0.228140
1741164935.526777 1.080807 -1.237828 -0.000008 -0.000026 -0.000023 0.973628 -0.228143
1741164935.576786 1.080807 -1.237828 -0.000008 -0.000026 -0.000023 0.973628 -0.228143
1741164935.626772 1.080745 -1.237812 -0.000011 0.000081 -0.000008 0.971601 -0.236625
1741164935.676820 1.080745 -1.237812 -0.000011 0.000081 -0.000008 0.971601 -0.236625
1741164935.726778 1.080775 -1.237820 -0.000008 -0.000026 -0.000023 0.971601 -0.236627
1741164935.776786 1.080775 -1.237820 -0.000008 -0.000026 -0.000023 0.971601 -0.236627
1741164935.826778 1.080805 -1.237828 -0.000011 0.000078 -0.000007 0.971600 -0.236628
1741164935.876780 1.080805 -1.237828 -0.000011 0.000078 -0.000007 0.971600 -0.236628
1741164935.926772 1.080745 -1.237813 -0.000007 -0.000024 -0.000023 0.969499 -0.245094
1741164935.976786 1.080745 -1.237813 -0.000007 -0.000024 -0.000023 0.969499 -0.245094
1741164936.026780 1.080775 -1.237821 -0.000008 -0.000026 -0.000024 0.969499 -0.245095
1741164936.076783 1.080775 -1.237821 -0.000008 -0.000026 -0.000024 0.969499 -0.245095
1741164936.126774 1.080804 -1.237830 -0.000011 0.000078 -0.000007 0.969499 -0.245095
1741164936.176788 1.080804 -1.237830 -0.000011 0.000078 -0.000007 0.969499 -0.245095
1741164936.226772 1.080744 -1.237813 -0.000010 0.000072 -0.000006 0.967324 -0.253545
1741164936.276785 1.080744 -1.237813 -0.000010 0.000072 -0.000006 0.967324 -0.253545
1741164936.326773 1.080773 -1.237821 -0.000011 0.000079 -0.000006 0.967324 -0.253544
1741164936.376783 1.080773 -1.237821 -0.000011 0.000079 -0.000006 0.967324 -0.253544
1741164936.426776 1.080803 -1.237830 -0.000008 -0.000026 -0.000024 0.967324 -0.253544
1741164936.476784 1.080803 -1.237830 -0.000008 -0.000026 -0.000024 0.967324 -0.253544
1741164936.526774 1.080745 -1.237813 -0.000008 -0.000025 -0.000023 0.965074 -0.261977
1741164936.576781 1.080745 -1.237813 -0.000008 -0.000025 -0.000023 0.965074 -0.261977
1741164936.626781 1.080774 -1.237822 -0.000008 -0.000026 -0.000024 0.965075 -0.261975
1741164936.676782 1.080774 -1.237822 -0.000008 -0.000026 -0.000024 0.965075 -0.261975
1741164936.726777 1.080802 -1.237831 -0.000008 -0.000026 -0.000024 0.965075 -0.261974
1741164936.776790 1.080802 -1.237831 -0.000008 -0.000026 -0.000024 0.965075 -0.261974
1741164936.826797 1.080830 -1.237839 -0.000008 -0.000026 -0.000025 0.965075 -0.261972
1741164936.876783 1.080830 -1.237839 -0.000008 -0.000026 -0.000025 0.965075 -0.261972
1741164936.926773 1.080745 -1.237813 -0.000011 0.000080 -0.000005 0.962751 -0.270388
1741164936.976789 1.080745 -1.237813 -0.000011 0.000080 -0.000005 0.962751 -0.270388
1741164937.026775 1.080774 -1.237822 -0.000008 -0.000025 -0.000025 0.962749 -0.270395
1741164937.076786 1.080774 -1.237822 -0.000008 -0.000025 -0.000025 0.962749 -0.270395
1741164937.126773 1.080801 -1.237831 -0.000008 -0.000025 -0.000025 0.962748 -0.270402
1741164937.176782 1.080801 -1.237831 -0.000008 -0.000025 -0.000025 0.962748 -0.270402
1741164937.226784 1.080744 -1.237813 -0.000007 -0.000022 -0.000021 0.960355 -0.278780
1741164937.276784 1.080744 -1.237813 -0.000007 -0.000022 -0.000021 0.960355 -0.278780
1741164937.326773 1.080771 -1.237821 -0.000008 -0.000025 -0.000025 0.960353 -0.278786
1741164937.376796 1.080771 -1.237821 -0.000008 -0.000025 -0.000025 0.960353 -0.278786
1741164937.426783 1.080797 -1.237829 -0.000008 -0.000025 -0.000025 0.960351 -0.278793
1741164937.476789 1.080797 -1.237829 -0.000008 -0.000025 -0.000025 0.960351 -0.278793
1741164937.526786 1.080744 -1.237813 -0.000005 -0.000017 -0.000016 0.957886 -0.287150
1741164937.576794 1.080744 -1.237813 -0.000005 -0.000017 -0.000016 0.957886 -0.287150
1741164937.626791 1.080769 -1.237820 -0.000011 0.000079 -0.000003 0.957884 -0.287156
1741164937.676789 1.080769 -1.237820 -0.000011 0.000079 -0.000003 0.957884 -0.287156
1741164937.726771 1.080794 -1.237828 -0.000008 -0.000025 -0.000025 0.957882 -0.287164
1741164937.776785 1.080794 -1.237828 -0.000008 -0.000025 -0.000025 0.957882 -0.287164
1741164937.826776 1.080819 -1.237836 -0.000008 -0.000025 -0.000025 0.957879 -0.287171
1741164937.876787 1.080819 -1.237836 -0.000008 -0.000025 -0.000025 0.957879 -0.287171
1741164937.926770 1.080744 -1.237813 -0.000010 0.000072 -0.000003 0.955343 -0.295498
1741164937.976787 1.080744 -1.237813 -0.000010 0.000072 -0.000003 0.955343 -0.295498
1741164938.026778 1.080768 -1.237820 -0.000011 0.000079 -0.000003 0.955341 -0.295506
1741164938.076781 1.080768 -1.237820 -0.000011 0.000079 -0.000003 0.955341 -0.295506
1741164938.126773 1.080792 -1.237827 -0.000008 -0.000025 -0.000026 0.955338 -0.295514
1741164938.176782 1.080792 -1.237827 -0.000008 -0.000025 -0.000026 0.955338 -0.295514
1741164938.226773 1.080744 -1.237813 -0.000010 0.000072 -0.000002 0.952728 -0.303823
1741164938.276787 1.080744 -1.237813 -0.000010 0.000072 -0.000002 0.952728 -0.303823
1741164938.326776 1.080767 -1.237819 -0.000011 0.000080 -0.000002 0.952725 -0.303833
1741164938.376780 1.080767 -1.237819 -0.000011 0.000080 -0.000002 0.952725 -0.303833
1741164938.426775 1.080790 -1.237825 -0.000008 -0.000025 -0.000026 0.952722 -0.303842
1741164938.476786 1.080790 -1.237825 -0.000008 -0.000025 -0.000026 0.952722 -0.303842
1741164938.526781 1.080744 -1.237813 -0.000011 0.000078 -0.000001 0.950041 -0.312127
1741164938.576780 1.080744 -1.237813 -0.000011 0.000078 -0.000001 0.950041 -0.312127
1741164938.626773 1.080766 -1.237818 -0.000008 -0.000025 -0.000026 0.950037 -0.312138
1741164938.676783 1.080766 -1.237818 -0.000008 -0.000025 -0.000026 0.950037 -0.312138
1741164938.726778 1.080787 -1.237823 -0.000011 0.000080 -0.000001 0.950030 -0.312158
1741164938.776785 1.080787 -1.237823 -0.000011 0.000080 -0.000001 0.950030 -0.312158
1741164938.826776 1.080744 -1.237813 -0.000008 0.000058 -0.000001 0.947281 -0.320404
1741164938.876789 1.080744 -1.237813 -0.000008 0.000058 -0.000001 0.947281 -0.320404
1741164938.926777 1.080764 -1.237817 -0.000011 0.000080 -0.000001 0.947267 -0.320445
1741164938.976783 1.080764 -1.237817 -0.000011 0.000080 -0.000001 0.947267 -0.320445
1741164939.026773 1.080785 -1.237821 -0.000008 -0.000025 -0.000027 0.947252 -0.320489
1741164939.076791 1.080785 -1.237821 -0.000008 -0.000025 -0.000027 0.947252 -0.320489
1741164939.126778 1.080806 -1.237825 -0.000011 0.000080 -0.000001 0.947238 -0.320532
1741164939.176804 1.080806 -1.237825 -0.000011 0.000080 -0.000001 0.947238 -0.320532
1741164939.226774 1.080744 -1.237813 -0.000010 0.000073 -0.000000 0.944449 -0.328659
1741164939.276783 1.080744 -1.237813 -0.000010 0.000073 -0.000000 0.944449 -0.328659
1741164939.326777 1.080765 -1.237816 -0.000008 -0.000024 -0.000027 0.944433 -0.328705
1741164939.376792 1.080765 -1.237816 -0.000008 -0.000024 -0.000027 0.944433 -0.328705
1741164939.426775 1.080784 -1.237820 -0.000011 0.000080 -0.000000 0.944418 -0.328748
1741164939.476780 1.080784 -1.237820 -0.000011 0.000080 -0.000000 0.944418 -0.328748
1741164939.526776 1.080805 -1.237823 -0.000011 0.000080 -0.000000 0.944402 -0.328792
1741164939.576784 1.080805 -1.237823 -0.000011 0.000080 -0.000000 0.944402 -0.328792
1741164939.626773 1.080744 -1.237813 -0.000007 -0.000020 -0.000023 0.941545 -0.336888
1741164939.676785 1.080744 -1.237813 -0.000007 -0.000020 -0.000023 0.941545 -0.336888
1741164939.726774 1.080763 -1.237815 -0.000008 -0.000024 -0.000027 0.941528 -0.336933
1741164939.776780 1.080763 -1.237815 -0.000008 -0.000024 -0.000027 0.941528 -0.336933
1741164939.826775 1.080783 -1.237818 -0.000008 -0.000024 -0.000027 0.941512 -0.336979
1741164939.876778 1.080783 -1.237818 -0.000008 -0.000024 -0.000027 0.941512 -0.336979
1741164939.926794 1.080744 -1.237813 -0.000010 0.000073 0.000001 0.938569 -0.345092
1741164939.976783 1.080744 -1.237813 -0.000010 0.000073 0.000001 0.938569 -0.345092
1741164940.026773 1.080763 -1.237815 -0.000011 0.000080 0.000001 0.938552 -0.345138
1741164940.076785 1.080763 -1.237815 -0.000011 0.000080 0.000001 0.938552 -0.345138
1741164940.126772 1.080782 -1.237817 -0.000011 0.000081 0.000001 0.938535 -0.345184
1741164940.176784 1.080782 -1.237817 -0.000011 0.000081 0.000001 0.938535 -0.345184
1741164940.226774 1.080744 -1.237813 -0.000010 0.000073 0.000002 0.935522 -0.353269
1741164940.276785 1.080744 -1.237813 -0.000010 0.000073 0.000002 0.935522 -0.353269
1741164940.326774 1.080763 -1.237815 -0.000008 -0.000024 -0.000028 0.935504 -0.353315
1741164940.376782 1.080763 -1.237815 -0.000008 -0.000024 -0.000028 0.935504 -0.353315
1741164940.426776 1.080781 -1.237817 -0.000008 -0.000024 -0.000028 0.935487 -0.353361
1741164940.476785 1.080781 -1.237817 -0.000008 -0.000024 -0.000028 0.935487 -0.353361
1741164940.526775 1.080744 -1.237813 -0.000008 -0.000022 -0.000026 0.932403 -0.361420
1741164940.576787 1.080744 -1.237813 -0.000008 -0.000022 -0.000026 0.932403 -0.361420
1741164940.626776 1.080761 -1.237815 -0.000011 0.000081 0.000003 0.932394 -0.361444
1741164940.676785 1.080761 -1.237815 -0.000011 0.000081 0.000003 0.932394 -0.361444
1741164940.726772 1.080780 -1.237817 -0.000008 -0.000024 -0.000028 0.932391 -0.361453
1741164940.776788 1.080780 -1.237817 -0.000008 -0.000024 -0.000028 0.932391 -0.361453
1741164940.826775 1.080798 -1.237818 -0.000011 0.000081 0.000003 0.932387 -0.361460
1741164940.876785 1.080798 -1.237818 -0.000011 0.000081 0.000003 0.932387 -0.361460
1741164940.926772 1.080744 -1.237813 -0.000010 0.000073 0.000003 0.929214 -0.369542
1741164940.976782 1.080744 -1.237813 -0.000010 0.000073 0.000003 0.929214 -0.369542
1741164941.026775 1.080763 -1.237814 -0.000008 -0.000023 -0.000028 0.929210 -0.369552
1741164941.076782 1.080763 -1.237814 -0.000008 -0.000023 -0.000028 0.929210 -0.369552
1741164941.126775 1.080783 -1.237815 -0.000011 0.000081 0.000003 0.929206 -0.369562
1741164941.176783 1.080783 -1.237815 -0.000011 0.000081 0.000003 0.929206 -0.369562
1741164941.226796 1.080744 -1.237813 -0.000008 -0.000022 -0.000027 0.925953 -0.377638
1741164941.276783 1.080744 -1.237813 -0.000008 -0.000022 -0.000027 0.925953 -0.377638
1741164941.326784 1.080765 -1.237813 -0.000008 -0.000023 -0.000029 0.925948 -0.377651
1741164941.376782 1.080765 -1.237813 -0.000008 -0.000023 -0.000029 0.925948 -0.377651
1741164941.426775 1.080787 -1.237814 -0.000008 -0.000024 -0.000028 0.925942 -0.377667
1741164941.476784 1.080787 -1.237814 -0.000008 -0.000024 -0.000028 0.925942 -0.377667
1741164941.526795 1.080744 -1.237813 -0.000008 -0.000022 -0.000027 0.922623 -0.385703
1741164941.576784 1.080744 -1.237813 -0.000008 -0.000022 -0.000027 0.922623 -0.385703
1741164941.626776 1.080764 -1.237813 -0.000011 0.000081 0.000005 0.922614 -0.385725
1741164941.676787 1.080764 -1.237813 -0.000011 0.000081 0.000005 0.922614 -0.385725
1741164941.726778 1.080785 -1.237814 -0.000011 0.000081 0.000005 0.922605 -0.385747
1741164941.776783 1.080785 -1.237814 -0.000011 0.000081 0.000005 0.922605 -0.385747
1741164941.826777 1.080744 -1.237813 -0.000008 -0.000022 -0.000027 0.919222 -0.393740
1741164941.876786 1.080744 -1.237813 -0.000008 -0.000022 -0.000027 0.919222 -0.393740
1741164941.926775 1.080764 -1.237813 -0.000011 0.000082 0.000005 0.919220 -0.393744
1741164941.976784 1.080764 -1.237813 -0.000011 0.000082 0.000005 0.919220 -0.393744
1741164942.026778 1.080786 -1.237813 -0.000008 -0.000023 -0.000028 0.919236 -0.393708
1741164942.076783 1.080786 -1.237813 -0.000008 -0.000023 -0.000028 0.919236 -0.393708
1741164942.126772 1.080744 -1.237813 -0.000008 -0.000021 -0.000028 0.915751 -0.401746
1741164942.176784 1.080744 -1.237813 -0.000008 -0.000021 -0.000028 0.915751 -0.401746
1741164942.226773 1.080766 -1.237811 -0.000011 0.000082 0.000006 0.915776 -0.401690
1741164942.276782 1.080766 -1.237811 -0.000011 0.000082 0.000006 0.915776 -0.401690
1741164942.326774 1.080789 -1.237810 -0.000008 -0.000023 -0.000029 0.915802 -0.401630
1741164942.376781 1.080789 -1.237810 -0.000008 -0.000023 -0.000029 0.915802 -0.401630
1741164942.426785 1.080745 -1.237813 -0.000008 -0.000023 -0.000028 0.912211 -0.409721
1741164942.476805 1.080745 -1.237813 -0.000008 -0.000023 -0.000028 0.912211 -0.409721
1741164942.526793 1.080767 -1.237810 -0.000008 -0.000023 -0.000029 0.912238 -0.409661
1741164942.576815 1.080767 -1.237810 -0.000008 -0.000023 -0.000029 0.912238 -0.409661
1741164942.626776 1.080788 -1.237808 -0.000012 0.000082 0.000007 0.912264 -0.409602
1741164942.676784 1.080788 -1.237808 -0.000012 0.000082 0.000007 0.912264 -0.409602
1741164942.726775 1.080744 -1.237813 -0.000005 -0.000014 -0.000020 0.908601 -0.417666
1741164942.776790 1.080744 -1.237813 -0.000005 -0.000014 -0.000020 0.908601 -0.417666
1741164942.826776 1.080765 -1.237809 -0.000008 -0.000023 -0.000029 0.908627 -0.417608
1741164942.876797 1.080765 -1.237809 -0.000008 -0.000023 -0.000029 0.908627 -0.417608
1741164942.926775 1.080787 -1.237806 -0.000012 0.000082 0.000008 0.908656 -0.417547
1741164942.976793 1.080787 -1.237806 -0.000012 0.000082 0.000008 0.908656 -0.417547
1741164943.026774 1.080744 -1.237813 -0.000008 -0.000021 -0.000027 0.904921 -0.425580
1741164943.076789 1.080744 -1.237813 -0.000008 -0.000021 -0.000027 0.904921 -0.425580
1741164943.126786 1.080767 -1.237808 -0.000009 -0.000023 -0.000029 0.904951 -0.425517
1741164943.176785 1.080767 -1.237808 -0.000009 -0.000023 -0.000029 0.904951 -0.425517
1741164943.226785 1.080789 -1.237804 -0.000012 0.000083 0.000008 0.904979 -0.425456
1741164943.276781 1.080789 -1.237804 -0.000012 0.000083 0.000008 0.904979 -0.425456
1741164943.326774 1.080744 -1.237813 -0.000007 -0.000018 -0.000025 0.901172 -0.433461
1741164943.376802 1.080744 -1.237813 -0.000007 -0.000018 -0.000025 0.901172 -0.433461
1741164943.426795 1.080766 -1.237808 -0.000012 0.000083 0.000009 0.901201 -0.433401
1741164943.476785 1.080766 -1.237808 -0.000012 0.000083 0.000009 0.901201 -0.433401
1741164943.526784 1.080789 -1.237804 -0.000012 0.000083 0.000009 0.901231 -0.433338
1741164943.576785 1.080789 -1.237804 -0.000012 0.000083 0.000009 0.901231 -0.433338
1741164943.626776 1.080744 -1.237813 -0.000008 -0.000021 -0.000028 0.897356 -0.441308
1741164943.676784 1.080744 -1.237813 -0.000008 -0.000021 -0.000028 0.897356 -0.441308
1741164943.726778 1.080766 -1.237809 -0.000012 0.000083 0.000010 0.897386 -0.441247
1741164943.776783 1.080766 -1.237809 -0.000012 0.000083 0.000010 0.897386 -0.441247
1741164943.826787 1.080790 -1.237804 -0.000009 -0.000022 -0.000030 0.897417 -0.441184
1741164943.876787 1.080790 -1.237804 -0.000009 -0.000022 -0.000030 0.897417 -0.441184
1741164943.926773 1.080744 -1.237813 -0.000011 0.000081 0.000010 0.893470 -0.449123
1741164943.976781 1.080744 -1.237813 -0.000011 0.000081 0.000010 0.893470 -0.449123
1741164944.026775 1.080767 -1.237809 -0.000012 0.000083 0.000011 0.893502 -0.449059
1741164944.076783 1.080767 -1.237809 -0.000012 0.000083 0.000011 0.893502 -0.449059
1741164944.126775 1.080789 -1.237806 -0.000009 -0.000022 -0.000030 0.893532 -0.448999
1741164944.176784 1.080789 -1.237806 -0.000009 -0.000022 -0.000030 0.893532 -0.448999
1741164944.226775 1.080811 -1.237802 -0.000012 0.000083 0.000011 0.893563 -0.448937
1741164944.276782 1.080811 -1.237802 -0.000012 0.000083 0.000011 0.893563 -0.448937
1741164944.326775 1.080746 -1.237812 -0.000012 0.000084 0.000011 0.889520 -0.456897
1741164944.376783 1.080746 -1.237812 -0.000012 0.000084 0.000011 0.889520 -0.456897
1741164944.426777 1.080767 -1.237810 -0.000012 0.000083 0.000011 0.889549 -0.456839
1741164944.476783 1.080767 -1.237810 -0.000012 0.000083 0.000011 0.889549 -0.456839
1741164944.526775 1.080789 -1.237808 -0.000009 -0.000022 -0.000030 0.889580 -0.456780
1741164944.576781 1.080789 -1.237808 -0.000009 -0.000022 -0.000030 0.889580 -0.456780
1741164944.626773 1.080811 -1.237805 -0.000012 0.000084 0.000011 0.889610 -0.456720
1741164944.676781 1.080811 -1.237805 -0.000012 0.000084 0.000011 0.889610 -0.456720
1741164944.726774 1.080745 -1.237813 -0.000012 0.000084 0.000012 0.885497 -0.464644
1741164944.776780 1.080745 -1.237813 -0.000012 0.000084 0.000012 0.885497 -0.464644
1741164944.826775 1.080767 -1.237811 -0.000009 -0.000022 -0.000031 0.885527 -0.464587
1741164944.876783 1.080767 -1.237811 -0.000009 -0.000022 -0.000031 0.885527 -0.464587
1741164944.926770 1.080788 -1.237810 -0.000012 0.000084 0.000012 0.885557 -0.464531
1741164944.976781 1.080788 -1.237810 -0.000012 0.000084 0.000012 0.885557 -0.464531
1741164945.026774 1.080744 -1.237813 -0.000007 -0.000017 -0.000026 0.881408 -0.472356
1741164945.076786 1.080744 -1.237813 -0.000007 -0.000017 -0.000026 0.881408 -0.472356
1741164945.126774 1.080764 -1.237812 -0.000012 0.000084 0.000013 0.881436 -0.472304
1741164945.176780 1.080764 -1.237812 -0.000012 0.000084 0.000013 0.881436 -0.472304
1741164945.226777 1.080785 -1.237812 -0.000012 0.000084 0.000013 0.881464 -0.472251
1741164945.276783 1.080785 -1.237812 -0.000012 0.000084 0.000013 0.881464 -0.472251
1741164945.326776 1.080744 -1.237813 -0.000010 0.000074 0.000012 0.877252 -0.480030
1741164945.376780 1.080744 -1.237813 -0.000010 0.000074 0.000012 0.877252 -0.480030
1741164945.426773 1.080763 -1.237813 -0.000009 -0.000021 -0.000031 0.877284 -0.479972
1741164945.476781 1.080763 -1.237813 -0.000009 -0.000021 -0.000031 0.877284 -0.479972
1741164945.526775 1.080782 -1.237812 -0.000012 0.000084 0.000014 0.877315 -0.479914
1741164945.576790 1.080782 -1.237812 -0.000012 0.000084 0.000014 0.877315 -0.479914
1741164945.626774 1.080744 -1.237813 -0.000008 -0.000020 -0.000029 0.873030 -0.487666
1741164945.676785 1.080744 -1.237813 -0.000008 -0.000020 -0.000029 0.873030 -0.487666
1741164945.726775 1.080756 -1.237813 -0.000009 -0.000021 -0.000030 0.873057 -0.487617
1741164945.776788 1.080756 -1.237813 -0.000009 -0.000021 -0.000030 0.873057 -0.487617
1741164945.826788 1.080766 -1.237813 -0.000008 -0.000020 -0.000030 0.873084 -0.487570
1741164945.876779 1.080766 -1.237813 -0.000008 -0.000020 -0.000030 0.873084 -0.487570
1741164945.926787 1.080744 -1.237813 -0.000011 0.000074 0.000013 0.868741 -0.495266
1741164945.976785 1.080744 -1.237813 -0.000011 0.000074 0.000013 0.868741 -0.495266
1741164946.026775 1.080747 -1.237812 -0.000011 0.000074 0.000016 0.868763 -0.495229
1741164946.076783 1.080747 -1.237812 -0.000011 0.000074 0.000016 0.868763 -0.495229
1741164946.126776 1.080749 -1.237812 -0.000011 0.000075 0.000016 0.868784 -0.495191
1741164946.176781 1.080749 -1.237812 -0.000011 0.000075 0.000016 0.868784 -0.495191
1741164946.226772 1.080744 -1.237813 -0.000011 -0.000074 -0.000014 -0.864386 0.502829
1741164946.276819 1.080744 -1.237813 -0.000011 -0.000074 -0.000014 -0.864386 0.502829
1741164946.326777 1.080745 -1.237812 -0.000008 0.000020 0.000030 -0.864409 0.502789
1741164946.376781 1.080745 -1.237812 -0.000008 0.000020 0.000030 -0.864409 0.502789
1741164946.426774 1.080745 -1.237812 -0.000011 -0.000075 -0.000017 -0.864431 0.502751
1741164946.476782 1.080745 -1.237812 -0.000011 -0.000075 -0.000017 -0.864431 0.502751
1741164946.526773 1.080744 -1.237813 -0.000007 0.000016 0.000025 -0.859965 0.510353
1741164946.576786 1.080744 -1.237813 -0.000007 0.000016 0.000025 -0.859965 0.510353
1741164946.626772 1.080759 -1.237813 -0.000013 -0.000104 -0.000017 -0.860013 0.510272
1741164946.676782 1.080759 -1.237813 -0.000013 -0.000104 -0.000017 -0.860013 0.510272
1741164946.726776 1.080776 -1.237814 -0.000009 0.000019 0.000038 -0.860064 0.510186
1741164946.776788 1.080776 -1.237814 -0.000009 0.000019 0.000038 -0.860064 0.510186
1741164946.826774 1.080744 -1.237813 -0.000008 0.000018 0.000029 -0.855479 0.517838
1741164946.876780 1.080744 -1.237813 -0.000008 0.000018 0.000029 -0.855479 0.517838
1741164946.926774 1.080759 -1.237813 -0.000009 0.000018 0.000038 -0.855530 0.517753
1741164946.976740 1.080759 -1.237813 -0.000009 0.000018 0.000038 -0.855530 0.517753
1741164947.026771 1.080774 -1.237813 -0.000009 0.000018 0.000038 -0.855582 0.517668
1741164947.076780 1.080774 -1.237813 -0.000009 0.000018 0.000038 -0.855582 0.517668
1741164947.126775 1.080745 -1.237812 -0.000010 0.000019 0.000041 -0.850931 0.525278
1741164947.176788 1.080745 -1.237812 -0.000010 0.000019 0.000041 -0.850931 0.525278
1741164947.226776 1.080759 -1.237811 -0.000013 -0.000105 -0.000019 -0.850984 0.525192
1741164947.276786 1.080759 -1.237811 -0.000013 -0.000105 -0.000019 -0.850984 0.525192
1741164947.326773 1.080773 -1.237810 -0.000009 0.000018 0.000038 -0.851038 0.525104
1741164947.376785 1.080773 -1.237810 -0.000009 0.000018 0.000038 -0.851038 0.525104
1741164947.426777 1.080744 -1.237812 -0.000009 0.000017 0.000034 -0.846311 0.532688
1741164947.476790 1.080744 -1.237812 -0.000009 0.000017 0.000034 -0.846311 0.532688
1741164947.526778 1.080757 -1.237809 -0.000009 0.000018 0.000038 -0.846367 0.532599
1741164947.576785 1.080757 -1.237809 -0.000009 0.000018 0.000038 -0.846367 0.532599
1741164947.626775 1.080771 -1.237805 -0.000009 0.000018 0.000038 -0.846425 0.532509
1741164947.676783 1.080771 -1.237805 -0.000009 0.000018 0.000038 -0.846425 0.532509
1741164947.726775 1.080745 -1.237812 -0.000009 0.000018 0.000040 -0.841636 0.540046
1741164947.776785 1.080745 -1.237812 -0.000009 0.000018 0.000040 -0.841636 0.540046
1741164947.826775 1.080757 -1.237806 -0.000013 -0.000107 -0.000021 -0.841694 0.539956
1741164947.876788 1.080757 -1.237806 -0.000013 -0.000107 -0.000021 -0.841694 0.539956
1741164947.926772 1.080770 -1.237800 -0.000009 0.000018 0.000038 -0.841753 0.539862
1741164947.976781 1.080770 -1.237800 -0.000009 0.000018 0.000038 -0.841753 0.539862
1741164948.026851 1.080783 -1.237794 -0.000009 0.000018 0.000038 -0.841812 0.539771
1741164948.076786 1.080783 -1.237794 -0.000009 0.000018 0.000038 -0.841812 0.539771
1741164948.126785 1.080745 -1.237812 -0.000010 0.000018 0.000042 -0.836890 0.547372
1741164948.176784 1.080745 -1.237812 -0.000010 0.000018 0.000042 -0.836890 0.547372
1741164948.226778 1.080757 -1.237803 -0.000009 0.000017 0.000039 -0.836951 0.547277
1741164948.276783 1.080757 -1.237803 -0.000009 0.000017 0.000039 -0.836951 0.547277
1741164948.326793 1.080769 -1.237795 -0.000009 0.000017 0.000039 -0.837013 0.547183
1741164948.376764 1.080769 -1.237795 -0.000009 0.000017 0.000039 -0.837013 0.547183
1741164948.426776 1.080744 -1.237812 -0.000008 0.000015 0.000033 -0.832077 0.554659
1741164948.476783 1.080744 -1.237812 -0.000008 0.000015 0.000033 -0.832077 0.554659
1741164948.526796 1.080755 -1.237802 -0.000013 -0.000108 -0.000023 -0.832141 0.554564
1741164948.576783 1.080755 -1.237802 -0.000013 -0.000108 -0.000023 -0.832141 0.554564
1741164948.626775 1.080767 -1.237791 -0.000009 0.000017 0.000039 -0.832207 0.554465
1741164948.676788 1.080767 -1.237791 -0.000009 0.000017 0.000039 -0.832207 0.554465
1741164948.726776 1.080744 -1.237812 -0.000013 -0.000108 -0.000024 -0.827209 0.561895
1741164948.776780 1.080744 -1.237812 -0.000013 -0.000108 -0.000024 -0.827209 0.561895
1741164948.826772 1.080756 -1.237799 -0.000009 0.000017 0.000039 -0.827274 0.561799
1741164948.876787 1.080756 -1.237799 -0.000009 0.000017 0.000039 -0.827274 0.561799
1741164948.926779 1.080767 -1.237787 -0.000013 -0.000109 -0.000024 -0.827341 0.561701
1741164948.976804 1.080767 -1.237787 -0.000013 -0.000109 -0.000024 -0.827341 0.561701
1741164949.026776 1.080744 -1.237812 -0.000008 0.000017 0.000028 -0.822271 0.569097
1741164949.076787 1.080744 -1.237812 -0.000008 0.000017 0.000028 -0.822271 0.569097
1741164949.126772 1.080755 -1.237798 -0.000009 0.000016 0.000039 -0.822341 0.568995
1741164949.176783 1.080755 -1.237798 -0.000009 0.000016 0.000039 -0.822341 0.568995
1741164949.226773 1.080766 -1.237783 -0.000013 -0.000110 -0.000025 -0.822411 0.568894
1741164949.276787 1.080766 -1.237783 -0.000013 -0.000110 -0.000025 -0.822411 0.568894
1741164949.326776 1.080745 -1.237811 -0.000009 0.000016 0.000041 -0.817277 0.576245
1741164949.376784 1.080745 -1.237811 -0.000009 0.000016 0.000041 -0.817277 0.576245
1741164949.426773 1.080756 -1.237795 -0.000009 0.000016 0.000039 -0.817351 0.576141
1741164949.476781 1.080756 -1.237795 -0.000009 0.000016 0.000039 -0.817351 0.576141
1741164949.526774 1.080767 -1.237778 -0.000009 0.000016 0.000039 -0.817424 0.576037
1741164949.576791 1.080767 -1.237778 -0.000009 0.000016 0.000039 -0.817424 0.576037
1741164949.626774 1.080745 -1.237811 -0.000009 0.000015 0.000041 -0.812216 0.583357
1741164949.676785 1.080745 -1.237811 -0.000009 0.000015 0.000041 -0.812216 0.583357
1741164949.726781 1.080756 -1.237794 -0.000009 0.000016 0.000040 -0.812291 0.583253
1741164949.776797 1.080756 -1.237794 -0.000009 0.000016 0.000040 -0.812291 0.583253
1741164949.826774 1.080766 -1.237777 -0.000014 -0.000111 -0.000027 -0.812364 0.583150
1741164949.876783 1.080766 -1.237777 -0.000014 -0.000111 -0.000027 -0.812364 0.583150
1741164949.926781 1.080777 -1.237759 -0.000014 -0.000111 -0.000027 -0.812439 0.583046
1741164949.976792 1.080777 -1.237759 -0.000014 -0.000111 -0.000027 -0.812439 0.583046
1741164950.026775 1.080745 -1.237811 -0.000014 -0.000114 -0.000029 -0.807094 0.590423
1741164950.076789 1.080745 -1.237811 -0.000014 -0.000114 -0.000029 -0.807094 0.590423
1741164950.126773 1.080756 -1.237792 -0.000009 0.000016 0.000040 -0.807172 0.590316
1741164950.176792 1.080756 -1.237792 -0.000009 0.000016 0.000040 -0.807172 0.590316
1741164950.226784 1.080766 -1.237774 -0.000009 0.000016 0.000040 -0.807248 0.590212
1741164950.276785 1.080766 -1.237774 -0.000009 0.000016 0.000040 -0.807248 0.590212
1741164950.326759 1.080745 -1.237811 -0.000010 0.000016 0.000041 -0.801913 0.597441
1741164950.376785 1.080745 -1.237811 -0.000010 0.000016 0.000041 -0.801913 0.597441
1741164950.426774 1.080755 -1.237792 -0.000014 -0.000113 -0.000029 -0.801989 0.597339
1741164950.476780 1.080755 -1.237792 -0.000014 -0.000113 -0.000029 -0.801989 0.597339
1741164950.526776 1.080766 -1.237772 -0.000009 0.000015 0.000040 -0.802068 0.597233
1741164950.576784 1.080766 -1.237772 -0.000009 0.000015 0.000040 -0.802068 0.597233
1741164950.626774 1.080745 -1.237812 -0.000011 -0.000094 -0.000025 -0.796667 0.604418
1741164950.676784 1.080745 -1.237812 -0.000011 -0.000094 -0.000025 -0.796667 0.604418
1741164950.726782 1.080755 -1.237792 -0.000009 0.000015 0.000040 -0.796747 0.604313
1741164950.776792 1.080755 -1.237792 -0.000009 0.000015 0.000040 -0.796747 0.604313
1741164950.826776 1.080765 -1.237772 -0.000009 0.000015 0.000040 -0.796825 0.604210
1741164950.876782 1.080765 -1.237772 -0.000009 0.000015 0.000040 -0.796825 0.604210
1741164950.926775 1.080745 -1.237812 -0.000009 0.000014 0.000037 -0.791364 0.611346
1741164950.976784 1.080745 -1.237812 -0.000009 0.000014 0.000037 -0.791364 0.611346
1741164951.026777 1.080755 -1.237791 -0.000010 0.000015 0.000040 -0.791442 0.611244
1741164951.076783 1.080755 -1.237791 -0.000010 0.000015 0.000040 -0.791442 0.611244
1741164951.126798 1.080764 -1.237772 -0.000014 -0.000115 -0.000032 -0.791520 0.611144
1741164951.176789 1.080764 -1.237772 -0.000014 -0.000115 -0.000032 -0.791520 0.611144
1741164951.226774 1.080744 -1.237812 -0.000008 0.000016 0.000029 -0.785994 0.618234
1741164951.276796 1.080744 -1.237812 -0.000008 0.000016 0.000029 -0.785994 0.618234
1741164951.326777 1.080753 -1.237792 -0.000014 -0.000115 -0.000033 -0.786071 0.618136
1741164951.376787 1.080753 -1.237792 -0.000014 -0.000115 -0.000033 -0.786071 0.618136
1741164951.426781 1.080762 -1.237772 -0.000014 -0.000116 -0.000033 -0.786150 0.618036
1741164951.476782 1.080762 -1.237772 -0.000014 -0.000116 -0.000033 -0.786150 0.618036
1741164951.526775 1.080745 -1.237812 -0.000014 -0.000112 -0.000033 -0.780574 0.625064
1741164951.576735 1.080745 -1.237812 -0.000014 -0.000112 -0.000033 -0.780574 0.625064
1741164951.626780 1.080754 -1.237791 -0.000010 0.000014 0.000041 -0.780652 0.624965
1741164951.676788 1.080754 -1.237791 -0.000010 0.000014 0.000041 -0.780652 0.624965
1741164951.726775 1.080762 -1.237770 -0.000010 0.000014 0.000041 -0.780730 0.624869
1741164951.776782 1.080762 -1.237770 -0.000010 0.000014 0.000041 -0.780730 0.624869
1741164951.826796 1.080745 -1.237812 -0.000009 0.000013 0.000038 -0.775089 0.631852
1741164951.876796 1.080745 -1.237812 -0.000009 0.000013 0.000038 -0.775089 0.631852
1741164951.926777 1.080753 -1.237791 -0.000010 0.000014 0.000041 -0.775165 0.631759
1741164951.976783 1.080753 -1.237791 -0.000010 0.000014 0.000041 -0.775165 0.631759
1741164952.026774 1.080760 -1.237771 -0.000014 -0.000117 -0.000036 -0.775240 0.631666
1741164952.076784 1.080760 -1.237771 -0.000014 -0.000117 -0.000036 -0.775240 0.631666
1741164952.126774 1.080744 -1.237813 -0.000009 -0.000073 -0.000023 -0.769541 0.638598
1741164952.176790 1.080744 -1.237813 -0.000009 -0.000073 -0.000023 -0.769541 0.638598
1741164952.226775 1.080751 -1.237793 -0.000014 -0.000117 -0.000037 -0.769612 0.638512
1741164952.276781 1.080751 -1.237793 -0.000014 -0.000117 -0.000037 -0.769612 0.638512
1741164952.326771 1.080757 -1.237772 -0.000014 -0.000118 -0.000037 -0.769686 0.638422
1741164952.376749 1.080757 -1.237772 -0.000014 -0.000118 -0.000037 -0.769686 0.638422
1741164952.426778 1.080745 -1.237812 -0.000014 -0.000114 -0.000037 -0.763944 0.645283
1741164952.476782 1.080745 -1.237812 -0.000014 -0.000114 -0.000037 -0.763944 0.645283
1741164952.526781 1.080751 -1.237792 -0.000014 -0.000118 -0.000038 -0.764014 0.645199
1741164952.576782 1.080751 -1.237792 -0.000014 -0.000118 -0.000038 -0.764014 0.645199
1741164952.626787 1.080756 -1.237772 -0.000014 -0.000119 -0.000038 -0.764082 0.645119
1741164952.676780 1.080756 -1.237772 -0.000014 -0.000119 -0.000038 -0.764082 0.645119
1741164952.726772 1.080745 -1.237813 -0.000012 -0.000083 -0.000030 -0.758281 0.651928
1741164952.776780 1.080745 -1.237813 -0.000012 -0.000083 -0.000030 -0.758281 0.651928
1741164952.826770 1.080750 -1.237793 -0.000010 0.000013 0.000042 -0.758347 0.651851
1741164952.876780 1.080750 -1.237793 -0.000010 0.000013 0.000042 -0.758347 0.651851
1741164952.926778 1.080755 -1.237773 -0.000010 0.000013 0.000042 -0.758412 0.651775
1741164952.976782 1.080755 -1.237773 -0.000010 0.000013 0.000042 -0.758412 0.651775
1741164953.026772 1.080745 -1.237812 -0.000009 0.000013 0.000038 -0.752565 0.658518
1741164953.076785 1.080745 -1.237812 -0.000009 0.000013 0.000038 -0.752565 0.658518
1741164953.126780 1.080749 -1.237793 -0.000010 0.000013 0.000042 -0.752624 0.658451
1741164953.176780 1.080749 -1.237793 -0.000010 0.000013 0.000042 -0.752624 0.658451
1741164953.226777 1.080753 -1.237774 -0.000010 0.000013 0.000042 -0.752683 0.658383
1741164953.276791 1.080753 -1.237774 -0.000010 0.000013 0.000042 -0.752683 0.658383
1741164953.326775 1.080744 -1.237813 -0.000013 -0.000105 -0.000037 -0.746785 0.665065
1741164953.376785 1.080744 -1.237813 -0.000013 -0.000105 -0.000037 -0.746785 0.665065
1741164953.426772 1.080747 -1.237795 -0.000015 -0.000121 -0.000042 -0.746838 0.665006
1741164953.476781 1.080747 -1.237795 -0.000015 -0.000121 -0.000042 -0.746838 0.665006
1741164953.526779 1.080750 -1.237776 -0.000010 0.000013 0.000042 -0.746892 0.664945
1741164953.576788 1.080750 -1.237776 -0.000010 0.000013 0.000042 -0.746892 0.664945
1741164953.626773 1.080745 -1.237812 -0.000012 -0.000099 -0.000036 -0.740956 0.671553
1741164953.676731 1.080745 -1.237812 -0.000012 -0.000099 -0.000036 -0.740956 0.671553
1741164953.726774 1.080747 -1.237795 -0.000015 -0.000121 -0.000044 -0.741004 0.671501
1741164953.776781 1.080747 -1.237795 -0.000015 -0.000121 -0.000044 -0.741004 0.671501
1741164953.826772 1.080749 -1.237778 -0.000015 -0.000122 -0.000044 -0.741052 0.671448
1741164953.876784 1.080749 -1.237778 -0.000015 -0.000122 -0.000044 -0.741052 0.671448
1741164953.926774 1.080745 -1.237812 -0.000015 -0.000120 -0.000044 -0.735069 0.677992
1741164953.976786 1.080745 -1.237812 -0.000015 -0.000120 -0.000044 -0.735069 0.677992
1741164954.026774 1.080747 -1.237796 -0.000015 -0.000122 -0.000045 -0.735113 0.677945
1741164954.076780 1.080747 -1.237796 -0.000015 -0.000122 -0.000045 -0.735113 0.677945
1741164954.126772 1.080748 -1.237779 -0.000010 0.000013 0.000043 -0.735156 0.677898
1741164954.176785 1.080748 -1.237779 -0.000010 0.000013 0.000043 -0.735156 0.677898
1741164954.226783 1.080745 -1.237813 -0.000013 -0.000083 -0.000034 -0.729123 0.684383
1741164954.276792 1.080745 -1.237813 -0.000013 -0.000083 -0.000034 -0.729123 0.684383
1741164954.326787 1.080746 -1.237798 -0.000015 -0.000123 -0.000047 -0.729162 0.684341
1741164954.376792 1.080746 -1.237798 -0.000015 -0.000123 -0.000047 -0.729162 0.684341
1741164954.426777 1.080747 -1.237783 -0.000015 -0.000123 -0.000047 -0.729202 0.684298
1741164954.476793 1.080747 -1.237783 -0.000015 -0.000123 -0.000047 -0.729202 0.684298
1741164954.526773 1.080744 -1.237813 -0.000013 -0.000110 -0.000043 -0.723119 0.690723
1741164954.576779 1.080744 -1.237813 -0.000013 -0.000110 -0.000043 -0.723119 0.690723
1741164954.626777 1.080745 -1.237799 -0.000015 -0.000123 -0.000048 -0.723157 0.690683
1741164954.676783 1.080745 -1.237799 -0.000015 -0.000123 -0.000048 -0.723157 0.690683
1741164954.726773 1.080746 -1.237785 -0.000010 0.000012 0.000043 -0.723196 0.690643
1741164954.776783 1.080746 -1.237785 -0.000010 0.000012 0.000043 -0.723196 0.690643
1741164954.826778 1.080746 -1.237771 -0.000015 -0.000124 -0.000048 -0.723233 0.690604
1741164954.876784 1.080746 -1.237771 -0.000015 -0.000124 -0.000048 -0.723233 0.690604
1741164954.926772 1.080745 -1.237813 -0.000013 -0.000107 -0.000043 -0.717067 0.697004
1741164954.976786 1.080745 -1.237813 -0.000013 -0.000107 -0.000043 -0.717067 0.697004
1741164955.026776 1.080745 -1.237800 -0.000015 -0.000124 -0.000050 -0.717105 0.696965
1741164955.076794 1.080745 -1.237800 -0.000015 -0.000124 -0.000050 -0.717105 0.696965
1741164955.126785 1.080746 -1.237787 -0.000015 -0.000125 -0.000050 -0.717141 0.696928
1741164955.176781 1.080746 -1.237787 -0.000015 -0.000125 -0.000050 -0.717141 0.696928
1741164955.226781 1.080745 -1.237812 -0.000010 0.000011 0.000039 -0.710958 0.703234
1741164955.276783 1.080745 -1.237812 -0.000010 0.000011 0.000039 -0.710958 0.703234
1741164955.326769 1.080745 -1.237800 -0.000011 0.000012 0.000043 -0.710994 0.703198
1741164955.376778 1.080745 -1.237800 -0.000011 0.000012 0.000043 -0.710994 0.703198
1741164955.426776 1.080745 -1.237789 -0.000015 -0.000125 -0.000051 -0.711030 0.703162
1741164955.476779 1.080745 -1.237789 -0.000015 -0.000125 -0.000051 -0.711030 0.703162
1741164955.526773 1.080744 -1.237813 -0.000014 -0.000111 -0.000046 -0.704791 0.709415
1741164955.576782 1.080744 -1.237813 -0.000014 -0.000111 -0.000046 -0.704791 0.709415
1741164955.626773 1.080744 -1.237801 -0.000011 0.000012 0.000043 -0.704827 0.709379
1741164955.676777 1.080744 -1.237801 -0.000011 0.000012 0.000043 -0.704827 0.709379
1741164955.726775 1.080744 -1.237790 -0.000011 0.000012 0.000044 -0.704862 0.709344
1741164955.776776 1.080744 -1.237790 -0.000011 0.000012 0.000044 -0.704862 0.709344
1741164955.826774 1.080745 -1.237813 -0.000013 -0.000102 -0.000044 -0.698576 0.715535
1741164955.876785 1.080745 -1.237813 -0.000013 -0.000102 -0.000044 -0.698576 0.715535
1741164955.926773 1.080745 -1.237801 -0.000011 0.000012 0.000044 -0.698612 0.715501
1741164955.976781 1.080745 -1.237801 -0.000011 0.000012 0.000044 -0.698612 0.715501
1741164956.026772 1.080744 -1.237791 -0.000016 -0.000126 -0.000054 -0.698646 0.715467
1741164956.076785 1.080744 -1.237791 -0.000016 -0.000126 -0.000054 -0.698646 0.715467
1741164956.126798 1.080745 -1.237812 -0.000009 0.000008 0.000037 -0.692306 0.721604
1741164956.176780 1.080745 -1.237812 -0.000009 0.000008 0.000037 -0.692306 0.721604
1741164956.226777 1.080744 -1.237801 -0.000011 0.000012 0.000044 -0.692340 0.721572
1741164956.276782 1.080744 -1.237801 -0.000011 0.000012 0.000044 -0.692340 0.721572
1741164956.326748 1.080744 -1.237790 -0.000011 0.000012 0.000044 -0.692374 0.721539
1741164956.376741 1.080744 -1.237790 -0.000011 0.000012 0.000044 -0.692374 0.721539
1741164956.426773 1.080743 -1.237780 -0.000016 -0.000127 -0.000056 -0.692407 0.721507
1741164956.476782 1.080743 -1.237780 -0.000016 -0.000127 -0.000056 -0.692407 0.721507
1741164956.526772 1.080744 -1.237812 -0.000010 0.000015 0.000038 -0.685978 0.727622
1741164956.576781 1.080744 -1.237812 -0.000010 0.000015 0.000038 -0.685978 0.727622
1741164956.626773 1.080743 -1.237803 -0.000016 -0.000127 -0.000057 -0.686007 0.727595
1741164956.676784 1.080743 -1.237803 -0.000016 -0.000127 -0.000057 -0.686007 0.727595
1741164956.726783 1.080742 -1.237791 -0.000011 0.000013 0.000044 -0.686041 0.727562
1741164956.776788 1.080742 -1.237791 -0.000011 0.000013 0.000044 -0.686041 0.727562
1741164956.826776 1.080745 -1.237813 -0.000016 -0.000124 -0.000057 -0.679607 0.733577
1741164956.876807 1.080745 -1.237813 -0.000016 -0.000124 -0.000057 -0.679607 0.733577
1741164956.926788 1.080744 -1.237801 -0.000016 -0.000127 -0.000059 -0.679637 0.733549
1741164956.976783 1.080744 -1.237801 -0.000016 -0.000127 -0.000059 -0.679637 0.733549
1741164957.026799 1.080742 -1.237789 -0.000011 0.000013 0.000044 -0.679667 0.733520
1741164957.076785 1.080742 -1.237789 -0.000011 0.000013 0.000044 -0.679667 0.733520
1741164957.126776 1.080744 -1.237813 -0.000004 0.000003 0.000019 -0.673174 0.739484
1741164957.176784 1.080744 -1.237813 -0.000004 0.000003 0.000019 -0.673174 0.739484
1741164957.226774 1.080743 -1.237801 -0.000011 0.000013 0.000045 -0.673199 0.739461
1741164957.276779 1.080743 -1.237801 -0.000011 0.000013 0.000045 -0.673199 0.739461
1741164957.326774 1.080742 -1.237790 -0.000016 -0.000128 -0.000061 -0.673226 0.739437
1741164957.376780 1.080742 -1.237790 -0.000016 -0.000128 -0.000061 -0.673226 0.739437
1741164957.426787 1.080744 -1.237813 -0.000010 -0.000076 -0.000037 -0.666695 0.745331
1741164957.476795 1.080744 -1.237813 -0.000010 -0.000076 -0.000037 -0.666695 0.745331
1741164957.526786 1.080743 -1.237801 -0.000016 -0.000128 -0.000062 -0.666718 0.745310
1741164957.576785 1.080743 -1.237801 -0.000016 -0.000128 -0.000062 -0.666718 0.745310
1741164957.626793 1.080742 -1.237788 -0.000011 0.000013 0.000045 -0.666744 0.745287
1741164957.676788 1.080742 -1.237788 -0.000011 0.000013 0.000045 -0.666744 0.745287
1741164957.726776 1.080744 -1.237813 -0.000016 -0.000128 -0.000063 -0.660170 0.751117
1741164957.776790 1.080744 -1.237813 -0.000016 -0.000128 -0.000063 -0.660170 0.751117
1741164957.826785 1.080744 -1.237799 -0.000012 0.000013 0.000045 -0.660194 0.751095
1741164957.876795 1.080744 -1.237799 -0.000012 0.000013 0.000045 -0.660194 0.751095
1741164957.926787 1.080743 -1.237786 -0.000012 0.000013 0.000045 -0.660218 0.751074
1741164957.976782 1.080743 -1.237786 -0.000012 0.000013 0.000045 -0.660218 0.751074
1741164958.026775 1.080742 -1.237773 -0.000012 0.000015 0.000043 -0.660242 0.751053
1741164958.076787 1.080742 -1.237773 -0.000012 0.000015 0.000043 -0.660242 0.751053
1741164958.126775 1.080744 -1.237813 -0.000016 -0.000125 -0.000064 -0.653586 0.756852
1741164958.176782 1.080744 -1.237813 -0.000016 -0.000125 -0.000064 -0.653586 0.756852
1741164958.226774 1.080743 -1.237799 -0.000011 0.000012 0.000045 -0.653609 0.756832
1741164958.276792 1.080743 -1.237799 -0.000011 0.000012 0.000045 -0.653609 0.756832
1741164958.326776 1.080743 -1.237786 -0.000012 0.000015 0.000043 -0.653632 0.756813
1741164958.376786 1.080743 -1.237786 -0.000012 0.000015 0.000043 -0.653632 0.756813
1741164958.426774 1.080744 -1.237813 -0.000013 -0.000105 -0.000054 -0.646957 0.762527
1741164958.476780 1.080744 -1.237813 -0.000013 -0.000105 -0.000054 -0.646957 0.762527
1741164958.526774 1.080743 -1.237801 -0.000016 -0.000127 -0.000066 -0.646977 0.762510
1741164958.576786 1.080743 -1.237801 -0.000016 -0.000127 -0.000066 -0.646977 0.762510
1741164958.626775 1.080743 -1.237789 -0.000016 -0.000127 -0.000066 -0.646998 0.762492
1741164958.676784 1.080743 -1.237789 -0.000016 -0.000127 -0.000066 -0.646998 0.762492
1741164958.726775 1.080744 -1.237812 -0.000009 0.000010 0.000033 -0.640278 0.768143
1741164958.776782 1.080744 -1.237812 -0.000009 0.000010 0.000033 -0.640278 0.768143
1741164958.826775 1.080742 -1.237803 -0.000016 -0.000126 -0.000067 -0.640258 0.768160
1741164958.876783 1.080742 -1.237803 -0.000016 -0.000126 -0.000067 -0.640258 0.768160
1741164958.926774 1.080741 -1.237793 -0.000011 0.000014 0.000043 -0.640238 0.768177
1741164958.976781 1.080741 -1.237793 -0.000011 0.000014 0.000043 -0.640238 0.768177
1741164959.026775 1.080739 -1.237784 -0.000016 -0.000126 -0.000067 -0.640218 0.768194
1741164959.076783 1.080739 -1.237784 -0.000016 -0.000126 -0.000067 -0.640218 0.768194
1741164959.126772 1.080744 -1.237812 -0.000010 0.000012 0.000038 -0.633550 0.773702
1741164959.176787 1.080744 -1.237812 -0.000010 0.000012 0.000038 -0.633550 0.773702
1741164959.226775 1.080743 -1.237803 -0.000016 -0.000125 -0.000068 -0.633533 0.773716
1741164959.276782 1.080743 -1.237803 -0.000016 -0.000125 -0.000068 -0.633533 0.773716
1741164959.326773 1.080741 -1.237792 -0.000011 0.000013 0.000043 -0.633516 0.773730
1741164959.376785 1.080741 -1.237792 -0.000011 0.000013 0.000043 -0.633516 0.773730
1741164959.426775 1.080740 -1.237783 -0.000016 -0.000125 -0.000068 -0.633498 0.773744
1741164959.476782 1.080740 -1.237783 -0.000016 -0.000125 -0.000068 -0.633498 0.773744
1741164959.526774 1.080744 -1.237812 -0.000016 -0.000124 -0.000069 -0.626776 0.779199
1741164959.576784 1.080744 -1.237812 -0.000016 -0.000124 -0.000069 -0.626776 0.779199
1741164959.626778 1.080743 -1.237802 -0.000016 -0.000124 -0.000069 -0.626763 0.779210
1741164959.676785 1.080743 -1.237802 -0.000016 -0.000124 -0.000069 -0.626763 0.779210
1741164959.726774 1.080743 -1.237791 -0.000011 0.000013 0.000042 -0.626749 0.779221
1741164959.776782 1.080743 -1.237791 -0.000011 0.000013 0.000042 -0.626749 0.779221
1741164959.826774 1.080744 -1.237813 -0.000014 -0.000105 -0.000059 -0.619951 0.784641
1741164959.876793 1.080744 -1.237813 -0.000014 -0.000105 -0.000059 -0.619951 0.784641
1741164959.926772 1.080744 -1.237802 -0.000016 -0.000123 -0.000070 -0.619940 0.784649
1741164959.976782 1.080744 -1.237802 -0.000016 -0.000123 -0.000070 -0.619940 0.784649
1741164960.026774 1.080744 -1.237792 -0.000016 -0.000123 -0.000069 -0.619930 0.784657
1741164960.076785 1.080744 -1.237792 -0.000016 -0.000123 -0.000069 -0.619930 0.784657
1741164960.126770 1.080744 -1.237812 -0.000008 0.000009 0.000032 -0.613080 0.790021
1741164960.176784 1.080744 -1.237812 -0.000008 0.000009 0.000032 -0.613080 0.790021
1741164960.226780 1.080744 -1.237802 -0.000016 -0.000122 -0.000070 -0.613073 0.790026
1741164960.276795 1.080744 -1.237802 -0.000016 -0.000122 -0.000070 -0.613073 0.790026
1741164960.326773 1.080745 -1.237790 -0.000011 0.000012 0.000042 -0.613066 0.790032
1741164960.376790 1.080745 -1.237790 -0.000011 0.000012 0.000042 -0.613066 0.790032
1741164960.426773 1.080744 -1.237813 -0.000014 -0.000106 -0.000062 -0.606162 0.795341
1741164960.476785 1.080744 -1.237813 -0.000014 -0.000106 -0.000062 -0.606162 0.795341
1741164960.526778 1.080745 -1.237802 -0.000016 -0.000120 -0.000071 -0.606158 0.795344
1741164960.576782 1.080745 -1.237802 -0.000016 -0.000120 -0.000071 -0.606158 0.795344
1741164960.626778 1.080746 -1.237790 -0.000011 0.000012 0.000041 -0.606154 0.795347
1741164960.676785 1.080746 -1.237790 -0.000011 0.000012 0.000041 -0.606154 0.795347
1741164960.726773 1.080744 -1.237813 -0.000015 -0.000110 -0.000068 -0.599201 0.800598
1741164960.776784 1.080744 -1.237813 -0.000015 -0.000110 -0.000068 -0.599201 0.800598
1741164960.826771 1.080746 -1.237801 -0.000011 0.000011 0.000041 -0.599200 0.800599
1741164960.876782 1.080746 -1.237801 -0.000011 0.000011 0.000041 -0.599200 0.800599
1741164960.926777 1.080748 -1.237790 -0.000016 -0.000119 -0.000072 -0.599200 0.800600
1741164960.976782 1.080748 -1.237790 -0.000016 -0.000119 -0.000072 -0.599200 0.800600
1741164961.026772 1.080744 -1.237812 -0.000010 0.000010 0.000038 -0.592189 0.805799
1741164961.076780 1.080744 -1.237812 -0.000010 0.000010 0.000038 -0.592189 0.805799
1741164961.126776 1.080746 -1.237800 -0.000011 0.000011 0.000041 -0.592191 0.805797
1741164961.176788 1.080746 -1.237800 -0.000011 0.000011 0.000041 -0.592191 0.805797
1741164961.226774 1.080749 -1.237789 -0.000011 0.000011 0.000041 -0.592193 0.805796
1741164961.276800 1.080749 -1.237789 -0.000011 0.000011 0.000041 -0.592193 0.805796
1741164961.326792 1.080751 -1.237778 -0.000016 -0.000117 -0.000072 -0.592196 0.805794
1741164961.376798 1.080751 -1.237778 -0.000016 -0.000117 -0.000072 -0.592196 0.805794
1741164961.426782 1.080754 -1.237766 -0.000011 0.000011 0.000041 -0.592198 0.805792
1741164961.476782 1.080754 -1.237766 -0.000011 0.000011 0.000041 -0.592198 0.805792
1741164961.526771 1.080756 -1.237754 -0.000011 0.000011 0.000041 -0.592200 0.805791
1741164961.576807 1.080756 -1.237754 -0.000011 0.000011 0.000041 -0.592200 0.805791
1741164961.626781 1.080759 -1.237743 -0.000011 0.000011 0.000041 -0.592203 0.805789
1741164961.676784 1.080759 -1.237743 -0.000011 0.000011 0.000041 -0.592203 0.805789
1741164961.726773 1.080761 -1.237732 -0.000016 -0.000117 -0.000072 -0.592205 0.805787
1741164961.776781 1.080761 -1.237732 -0.000016 -0.000117 -0.000072 -0.592205 0.805787
1741164961.826775 1.080764 -1.237720 -0.000011 0.000011 0.000041 -0.592207 0.805786
1741164961.876781 1.080764 -1.237720 -0.000011 0.000011 0.000041 -0.592207 0.805786
1741164961.926772 1.080766 -1.237709 -0.000016 -0.000117 -0.000072 -0.592210 0.805784
1741164961.976784 1.080766 -1.237709 -0.000016 -0.000117 -0.000072 -0.592210 0.805784
1741164962.026775 1.080769 -1.237698 -0.000016 -0.000117 -0.000072 -0.592212 0.805782
1741164962.076795 1.080769 -1.237698 -0.000016 -0.000117 -0.000072 -0.592212 0.805782
1741164962.126775 1.080771 -1.237686 -0.000016 -0.000117 -0.000072 -0.592214 0.805781
1741164962.176793 1.080771 -1.237686 -0.000016 -0.000117 -0.000072 -0.592214 0.805781
1741164962.226774 1.080774 -1.237674 -0.000011 0.000011 0.000041 -0.592217 0.805779
1741164962.276782 1.080774 -1.237674 -0.000011 0.000011 0.000041 -0.592217 0.805779
1741164962.326771 1.080776 -1.237663 -0.000016 -0.000117 -0.000072 -0.592219 0.805777
1741164962.376787 1.080776 -1.237663 -0.000016 -0.000117 -0.000072 -0.592219 0.805777
1741164962.426752 1.080779 -1.237652 -0.000016 -0.000117 -0.000072 -0.592221 0.805775
1741164962.476782 1.080779 -1.237652 -0.000016 -0.000117 -0.000072 -0.592221 0.805775
1741164962.526775 1.080781 -1.237641 -0.000016 -0.000117 -0.000072 -0.592223 0.805774
1741164962.576790 1.080781 -1.237641 -0.000016 -0.000117 -0.000072 -0.592223 0.805774
1741164962.626802 1.080784 -1.237629 -0.000011 0.000011 0.000041 -0.592226 0.805772
1741164962.676815 1.080784 -1.237629 -0.000011 0.000011 0.000041 -0.592226 0.805772
1741164962.726775 1.080786 -1.237618 -0.000016 -0.000117 -0.000072 -0.592228 0.805770
1741164962.776782 1.080786 -1.237618 -0.000016 -0.000117 -0.000072 -0.592228 0.805770
1741164962.826781 1.080789 -1.237607 -0.000016 -0.000117 -0.000072 -0.592230 0.805769
1741164962.876786 1.080789 -1.237607 -0.000016 -0.000117 -0.000072 -0.592230 0.805769
1741164962.926776 1.080791 -1.237594 -0.000011 0.000011 0.000041 -0.592233 0.805767
1741164962.976788 1.080791 -1.237594 -0.000011 0.000011 0.000041 -0.592233 0.805767
1741164963.026793 1.080794 -1.237583 -0.000011 0.000011 0.000041 -0.592235 0.805765
1741164963.076787 1.080794 -1.237583 -0.000011 0.000011 0.000041 -0.592235 0.805765
1741164963.126777 1.080796 -1.237572 -0.000011 0.000011 0.000041 -0.592237 0.805764
1741164963.176787 1.080796 -1.237572 -0.000011 0.000011 0.000041 -0.592237 0.805764
1741164963.226788 1.080799 -1.237560 -0.000011 0.000011 0.000041 -0.592240 0.805762
1741164963.276792 1.080799 -1.237560 -0.000011 0.000011 0.000041 -0.592240 0.805762
1741164963.326791 1.080801 -1.237550 -0.000016 -0.000117 -0.000072 -0.592242 0.805760
1741164963.376795 1.080801 -1.237550 -0.000016 -0.000117 -0.000072 -0.592242 0.805760
1741164963.426782 1.080804 -1.237538 -0.000016 -0.000117 -0.000072 -0.592244 0.805758
1741164963.476793 1.080804 -1.237538 -0.000016 -0.000117 -0.000072 -0.592244 0.805758
1741164963.526783 1.080806 -1.237527 -0.000016 -0.000117 -0.000072 -0.592247 0.805757
1741164963.576820 1.080806 -1.237527 -0.000016 -0.000117 -0.000072 -0.592247 0.805757
1741164963.626786 1.080809 -1.237515 -0.000011 0.000011 0.000041 -0.592249 0.805755
1741164963.676795 1.080809 -1.237515 -0.000011 0.000011 0.000041 -0.592249 0.805755
1741164963.726783 1.080811 -1.237504 -0.000011 0.000011 0.000041 -0.592251 0.805753
1741164963.776792 1.080811 -1.237504 -0.000011 0.000011 0.000041 -0.592251 0.805753
1741164963.826778 1.080814 -1.237492 -0.000011 0.000011 0.000041 -0.592254 0.805752
1741164963.876789 1.080814 -1.237492 -0.000011 0.000011 0.000041 -0.592254 0.805752
1741164963.926776 1.080816 -1.237481 -0.000011 0.000011 0.000041 -0.592256 0.805750
1741164963.976788 1.080816 -1.237481 -0.000011 0.000011 0.000041 -0.592256 0.805750
1741164964.026772 1.080819 -1.237469 -0.000011 0.000011 0.000041 -0.592258 0.805748
1741164964.076792 1.080819 -1.237469 -0.000011 0.000011 0.000041 -0.592258 0.805748
1741164964.126775 1.080821 -1.237459 -0.000016 -0.000117 -0.000072 -0.592261 0.805746
1741164964.176793 1.080821 -1.237459 -0.000016 -0.000117 -0.000072 -0.592261 0.805746
1741164964.226772 1.080824 -1.237447 -0.000011 0.000011 0.000041 -0.592263 0.805745
1741164964.276787 1.080824 -1.237447 -0.000011 0.000011 0.000041 -0.592263 0.805745
1741164964.326775 1.080826 -1.237435 -0.000011 0.000011 0.000041 -0.592265 0.805743
1741164964.376835 1.080826 -1.237435 -0.000011 0.000011 0.000041 -0.592265 0.805743
1741164964.426779 1.080829 -1.237425 -0.000016 -0.000117 -0.000072 -0.592268 0.805741
1741164964.476789 1.080829 -1.237425 -0.000016 -0.000117 -0.000072 -0.592268 0.805741
1741164964.526778 1.080831 -1.237413 -0.000011 0.000011 0.000041 -0.592270 0.805740
1741164964.576791 1.080831 -1.237413 -0.000011 0.000011 0.000041 -0.592270 0.805740
1741164964.626759 1.080834 -1.237401 -0.000011 0.000011 0.000041 -0.592272 0.805738
1741164964.676784 1.080834 -1.237401 -0.000011 0.000011 0.000041 -0.592272 0.805738
1741164964.726771 1.080836 -1.237390 -0.000011 0.000011 0.000041 -0.592275 0.805736
1741164964.776787 1.080836 -1.237390 -0.000011 0.000011 0.000041 -0.592275 0.805736
1741164964.826793 1.080839 -1.237379 -0.000016 -0.000117 -0.000072 -0.592277 0.805734
1741164964.876731 1.080839 -1.237379 -0.000016 -0.000117 -0.000072 -0.592277 0.805734
1741164964.926773 1.080841 -1.237367 -0.000011 0.000011 0.000041 -0.592279 0.805733
1741164964.976804 1.080841 -1.237367 -0.000011 0.000011 0.000041 -0.592279 0.805733
1741164965.026775 1.080844 -1.237356 -0.000011 0.000011 0.000041 -0.592282 0.805731
1741164965.076799 1.080844 -1.237356 -0.000011 0.000011 0.000041 -0.592282 0.805731
1741164965.126801 1.080846 -1.237346 -0.000016 -0.000117 -0.000072 -0.592284 0.805729
1741164965.176789 1.080846 -1.237346 -0.000016 -0.000117 -0.000072 -0.592284 0.805729
1741164965.226779 1.080849 -1.237334 -0.000016 -0.000117 -0.000072 -0.592286 0.805728
1741164965.276789 1.080849 -1.237334 -0.000016 -0.000117 -0.000072 -0.592286 0.805728
1741164965.326771 1.080851 -1.237322 -0.000011 0.000011 0.000041 -0.592289 0.805726
1741164965.376807 1.080851 -1.237322 -0.000011 0.000011 0.000041 -0.592289 0.805726
1741164965.426780 1.080854 -1.237311 -0.000011 0.000011 0.000041 -0.592291 0.805724
1741164965.476799 1.080854 -1.237311 -0.000011 0.000011 0.000041 -0.592291 0.805724
1741164965.526795 1.080856 -1.237299 -0.000011 0.000011 0.000041 -0.592293 0.805723
1741164965.576793 1.080856 -1.237299 -0.000011 0.000011 0.000041 -0.592293 0.805723
1741164965.626774 1.080859 -1.237288 -0.000011 0.000011 0.000041 -0.592295 0.805721
1741164965.676802 1.080859 -1.237288 -0.000011 0.000011 0.000041 -0.592295 0.805721
1741164965.726788 1.080861 -1.237277 -0.000011 0.000011 0.000041 -0.592298 0.805719
1741164965.776799 1.080861 -1.237277 -0.000011 0.000011 0.000041 -0.592298 0.805719
1741164965.826776 1.080864 -1.237266 -0.000016 -0.000117 -0.000072 -0.592300 0.805717
1741164965.876792 1.080864 -1.237266 -0.000016 -0.000117 -0.000072 -0.592300 0.805717
1741164965.926783 1.080866 -1.237255 -0.000016 -0.000117 -0.000072 -0.592302 0.805716
1741164965.976790 1.080866 -1.237255 -0.000016 -0.000117 -0.000072 -0.592302 0.805716
1741164966.026777 1.080869 -1.237243 -0.000011 0.000011 0.000041 -0.592305 0.805714
1741164966.076786 1.080869 -1.237243 -0.000011 0.000011 0.000041 -0.592305 0.805714
1741164966.126781 1.080871 -1.237232 -0.000016 -0.000117 -0.000072 -0.592307 0.805712
1741164966.176791 1.080871 -1.237232 -0.000016 -0.000117 -0.000072 -0.592307 0.805712
1741164966.226774 1.080874 -1.237221 -0.000016 -0.000117 -0.000072 -0.592309 0.805711
1741164966.276790 1.080874 -1.237221 -0.000016 -0.000117 -0.000072 -0.592309 0.805711
1741164966.326814 1.080876 -1.237209 -0.000011 0.000011 0.000041 -0.592312 0.805709
1741164966.376804 1.080876 -1.237209 -0.000011 0.000011 0.000041 -0.592312 0.805709
1741164966.426772 1.080879 -1.237198 -0.000016 -0.000117 -0.000072 -0.592314 0.805707
1741164966.476756 1.080879 -1.237198 -0.000016 -0.000117 -0.000072 -0.592314 0.805707
1741164966.526784 1.080881 -1.237186 -0.000011 0.000011 0.000041 -0.592316 0.805706
1741164966.576842 1.080881 -1.237186 -0.000011 0.000011 0.000041 -0.592316 0.805706
1741164966.626779 1.080884 -1.237176 -0.000016 -0.000117 -0.000072 -0.592319 0.805704
1741164966.676795 1.080884 -1.237176 -0.000016 -0.000117 -0.000072 -0.592319 0.805704
1741164966.726781 1.080886 -1.237164 -0.000011 0.000011 0.000041 -0.592321 0.805702
1741164966.776787 1.080886 -1.237164 -0.000011 0.000011 0.000041 -0.592321 0.805702
1741164966.826775 1.080889 -1.237153 -0.000016 -0.000117 -0.000072 -0.592323 0.805700
1741164966.876793 1.080889 -1.237153 -0.000016 -0.000117 -0.000072 -0.592323 0.805700
1741164966.926793 1.080891 -1.237142 -0.000016 -0.000117 -0.000072 -0.592326 0.805699
1741164966.976806 1.080891 -1.237142 -0.000016 -0.000117 -0.000072 -0.592326 0.805699
1741164967.026779 1.080894 -1.237130 -0.000011 0.000011 0.000041 -0.592328 0.805697
1741164967.076793 1.080894 -1.237130 -0.000011 0.000011 0.000041 -0.592328 0.805697
1741164967.126776 1.080896 -1.237119 -0.000011 0.000011 0.000041 -0.592330 0.805695
1741164967.176799 1.080896 -1.237119 -0.000011 0.000011 0.000041 -0.592330 0.805695
1741164967.226779 1.080899 -1.237108 -0.000016 -0.000117 -0.000072 -0.592333 0.805694
1741164967.276783 1.080899 -1.237108 -0.000016 -0.000117 -0.000072 -0.592333 0.805694
1741164967.326788 1.080901 -1.237097 -0.000016 -0.000117 -0.000072 -0.592335 0.805692
1741164967.376819 1.080901 -1.237097 -0.000016 -0.000117 -0.000072 -0.592335 0.805692
1741164967.426783 1.080904 -1.237085 -0.000011 0.000011 0.000041 -0.592337 0.805690
1741164967.476793 1.080904 -1.237085 -0.000011 0.000011 0.000041 -0.592337 0.805690
1741164967.526781 1.080906 -1.237074 -0.000016 -0.000117 -0.000072 -0.592339 0.805688
1741164967.576803 1.080906 -1.237074 -0.000016 -0.000117 -0.000072 -0.592339 0.805688
1741164967.626784 1.080909 -1.237063 -0.000016 -0.000117 -0.000072 -0.592342 0.805687
1741164967.676840 1.080909 -1.237063 -0.000016 -0.000117 -0.000072 -0.592342 0.805687
1741164967.726738 1.080911 -1.237051 -0.000016 -0.000117 -0.000072 -0.592344 0.805685
1741164967.776790 1.080911 -1.237051 -0.000016 -0.000117 -0.000072 -0.592344 0.805685
1741164967.826777 1.080914 -1.237040 -0.000016 -0.000117 -0.000072 -0.592346 0.805683
1741164967.876789 1.080914 -1.237040 -0.000016 -0.000117 -0.000072 -0.592346 0.805683
1741164967.926779 1.080916 -1.237028 -0.000011 0.000011 0.000041 -0.592349 0.805682
1741164967.976786 1.080916 -1.237028 -0.000011 0.000011 0.000041 -0.592349 0.805682
1741164968.026784 1.080919 -1.237018 -0.000016 -0.000117 -0.000072 -0.592351 0.805680
1741164968.076796 1.080919 -1.237018 -0.000016 -0.000117 -0.000072 -0.592351 0.805680
1741164968.126775 1.080921 -1.237006 -0.000016 -0.000116 -0.000072 -0.592353 0.805678
1741164968.176792 1.080921 -1.237006 -0.000016 -0.000116 -0.000072 -0.592353 0.805678
1741164968.226749 1.080924 -1.236995 -0.000016 -0.000116 -0.000072 -0.592356 0.805677
1741164968.276790 1.080924 -1.236995 -0.000016 -0.000116 -0.000072 -0.592356 0.805677
1741164968.326784 1.080927 -1.236982 -0.000011 0.000011 0.000041 -0.592358 0.805675
1741164968.376815 1.080927 -1.236982 -0.000011 0.000011 0.000041 -0.592358 0.805675
1741164968.426779 1.080929 -1.236972 -0.000011 0.000011 0.000041 -0.592360 0.805673
1741164968.476790 1.080929 -1.236972 -0.000011 0.000011 0.000041 -0.592360 0.805673
1741164968.526780 1.080931 -1.236960 -0.000011 0.000011 0.000041 -0.592363 0.805672
1741164968.576805 1.080931 -1.236960 -0.000011 0.000011 0.000041 -0.592363 0.805672
1741164968.626792 1.080934 -1.236950 -0.000016 -0.000116 -0.000072 -0.592365 0.805670
1741164968.676808 1.080934 -1.236950 -0.000016 -0.000116 -0.000072 -0.592365 0.805670
1741164968.726780 1.080936 -1.236938 -0.000011 0.000011 0.000041 -0.592367 0.805668
1741164968.776798 1.080936 -1.236938 -0.000011 0.000011 0.000041 -0.592367 0.805668
1741164968.826774 1.080939 -1.236927 -0.000011 0.000011 0.000041 -0.592369 0.805666
1741164968.876787 1.080939 -1.236927 -0.000011 0.000011 0.000041 -0.592369 0.805666
1741164968.926777 1.080941 -1.236916 -0.000016 -0.000116 -0.000072 -0.592372 0.805665
1741164968.976796 1.080941 -1.236916 -0.000016 -0.000116 -0.000072 -0.592372 0.805665
1741164969.026778 1.080944 -1.236904 -0.000016 -0.000116 -0.000072 -0.592374 0.805663
1741164969.076749 1.080944 -1.236904 -0.000016 -0.000116 -0.000072 -0.592374 0.805663
1741164969.126779 1.080946 -1.236893 -0.000011 0.000011 0.000041 -0.592376 0.805661
1741164969.176791 1.080946 -1.236893 -0.000011 0.000011 0.000041 -0.592376 0.805661
1741164969.226775 1.080949 -1.236882 -0.000016 -0.000116 -0.000072 -0.592379 0.805660
1741164969.276790 1.080949 -1.236882 -0.000016 -0.000116 -0.000072 -0.592379 0.805660
1741164969.326772 1.080951 -1.236871 -0.000016 -0.000116 -0.000072 -0.592381 0.805658
1741164969.376837 1.080951 -1.236871 -0.000016 -0.000116 -0.000072 -0.592381 0.805658
1741164969.426800 1.080954 -1.236860 -0.000016 -0.000116 -0.000072 -0.592383 0.805656
1741164969.476805 1.080954 -1.236860 -0.000016 -0.000116 -0.000072 -0.592383 0.805656
1741164969.526787 1.080956 -1.236848 -0.000016 -0.000116 -0.000072 -0.592386 0.805655
1741164969.576793 1.080956 -1.236848 -0.000016 -0.000116 -0.000072 -0.592386 0.805655
1741164969.626779 1.080959 -1.236837 -0.000016 -0.000116 -0.000072 -0.592388 0.805653
1741164969.676795 1.080959 -1.236837 -0.000016 -0.000116 -0.000072 -0.592388 0.805653
1741164969.726777 1.080961 -1.236826 -0.000016 -0.000116 -0.000072 -0.592390 0.805651
1741164969.776783 1.080961 -1.236826 -0.000016 -0.000116 -0.000072 -0.592390 0.805651
1741164969.826782 1.080964 -1.236814 -0.000011 0.000011 0.000041 -0.592393 0.805649
1741164969.876806 1.080964 -1.236814 -0.000011 0.000011 0.000041 -0.592393 0.805649
1741164969.926777 1.080966 -1.236803 -0.000016 -0.000116 -0.000072 -0.592395 0.805648
1741164969.976800 1.080966 -1.236803 -0.000016 -0.000116 -0.000072 -0.592395 0.805648
1741164970.026778 1.080969 -1.236791 -0.000011 0.000011 0.000041 -0.592397 0.805646
1741164970.076802 1.080969 -1.236791 -0.000011 0.000011 0.000041 -0.592397 0.805646
1741164970.126786 1.080971 -1.236781 -0.000016 -0.000116 -0.000072 -0.592399 0.805644
1741164970.176789 1.080971 -1.236781 -0.000016 -0.000116 -0.000072 -0.592399 0.805644
1741164970.226784 1.080974 -1.236769 -0.000016 -0.000116 -0.000072 -0.592402 0.805643
1741164970.276793 1.080974 -1.236769 -0.000016 -0.000116 -0.000072 -0.592402 0.805643
1741164970.326780 1.080976 -1.236757 -0.000011 0.000011 0.000041 -0.592404 0.805641
1741164970.376784 1.080976 -1.236757 -0.000011 0.000011 0.000041 -0.592404 0.805641
1741164970.426775 1.080979 -1.236746 -0.000011 0.000011 0.000041 -0.592406 0.805639
1741164970.476741 1.080979 -1.236746 -0.000011 0.000011 0.000041 -0.592406 0.805639
1741164970.526785 1.080981 -1.236735 -0.000011 0.000011 0.000041 -0.592409 0.805638
1741164970.576793 1.080981 -1.236735 -0.000011 0.000011 0.000041 -0.592409 0.805638
1741164970.626776 1.080984 -1.236724 -0.000016 -0.000116 -0.000072 -0.592411 0.805636
1741164970.676794 1.080984 -1.236724 -0.000016 -0.000116 -0.000072 -0.592411 0.805636
1741164970.726789 1.080986 -1.236712 -0.000011 0.000011 0.000041 -0.592413 0.805634
1741164970.776796 1.080986 -1.236712 -0.000011 0.000011 0.000041 -0.592413 0.805634
1741164970.826779 1.080989 -1.236701 -0.000011 0.000011 0.000041 -0.592415 0.805633
1741164970.876801 1.080989 -1.236701 -0.000011 0.000011 0.000041 -0.592415 0.805633
1741164970.926785 1.080991 -1.236690 -0.000011 0.000011 0.000041 -0.592418 0.805631
1741164970.976791 1.080991 -1.236690 -0.000011 0.000011 0.000041 -0.592418 0.805631
1741164971.026772 1.080994 -1.236679 -0.000016 -0.000116 -0.000072 -0.592420 0.805629
1741164971.076790 1.080994 -1.236679 -0.000016 -0.000116 -0.000072 -0.592420 0.805629
1741164971.126790 1.080996 -1.236667 -0.000011 0.000011 0.000041 -0.592422 0.805628
1741164971.176799 1.080996 -1.236667 -0.000011 0.000011 0.000041 -0.592422 0.805628
1741164971.226775 1.080999 -1.236657 -0.000016 -0.000116 -0.000072 -0.592425 0.805626
1741164971.276787 1.080999 -1.236657 -0.000016 -0.000116 -0.000072 -0.592425 0.805626
1741164971.326776 1.081001 -1.236645 -0.000016 -0.000116 -0.000072 -0.592427 0.805624
1741164971.376785 1.081001 -1.236645 -0.000016 -0.000116 -0.000072 -0.592427 0.805624
1741164971.426776 1.081004 -1.236634 -0.000011 0.000011 0.000041 -0.592429 0.805622
1741164971.476789 1.081004 -1.236634 -0.000011 0.000011 0.000041 -0.592429 0.805622
1741164971.526787 1.081006 -1.236623 -0.000016 -0.000116 -0.000072 -0.592432 0.805621
1741164971.576824 1.081006 -1.236623 -0.000016 -0.000116 -0.000072 -0.592432 0.805621
1741164971.626780 1.081009 -1.236611 -0.000011 0.000011 0.000041 -0.592434 0.805619
1741164971.676799 1.081009 -1.236611 -0.000011 0.000011 0.000041 -0.592434 0.805619
1741164971.726773 1.081011 -1.236600 -0.000016 -0.000116 -0.000072 -0.592436 0.805617
1741164971.776795 1.081011 -1.236600 -0.000016 -0.000116 -0.000072 -0.592436 0.805617
1741164971.826782 1.081014 -1.236589 -0.000016 -0.000116 -0.000072 -0.592438 0.805616
1741164971.876788 1.081014 -1.236589 -0.000016 -0.000116 -0.000072 -0.592438 0.805616
1741164971.926817 1.081016 -1.236578 -0.000016 -0.000116 -0.000072 -0.592441 0.805614
1741164971.976790 1.081016 -1.236578 -0.000016 -0.000116 -0.000072 -0.592441 0.805614
1741164972.026775 1.081019 -1.236567 -0.000016 -0.000116 -0.000072 -0.592443 0.805612
1741164972.076806 1.081019 -1.236567 -0.000016 -0.000116 -0.000072 -0.592443 0.805612
1741164972.126779 1.081021 -1.236555 -0.000011 0.000011 0.000041 -0.592445 0.805611
1741164972.176788 1.081021 -1.236555 -0.000011 0.000011 0.000041 -0.592445 0.805611
1741164972.226780 1.081024 -1.236544 -0.000011 0.000011 0.000041 -0.592448 0.805609
1741164972.276798 1.081024 -1.236544 -0.000011 0.000011 0.000041 -0.592448 0.805609
1741164972.326779 1.081026 -1.236533 -0.000016 -0.000116 -0.000072 -0.592450 0.805607
1741164972.376785 1.081026 -1.236533 -0.000016 -0.000116 -0.000072 -0.592450 0.805607
1741164972.426780 1.081029 -1.236522 -0.000016 -0.000116 -0.000072 -0.592452 0.805606
1741164972.476816 1.081029 -1.236522 -0.000016 -0.000116 -0.000072 -0.592452 0.805606
1741164972.526780 1.081031 -1.236511 -0.000016 -0.000116 -0.000072 -0.592454 0.805604
1741164972.576799 1.081031 -1.236511 -0.000016 -0.000116 -0.000072 -0.592454 0.805604
1741164972.626779 1.081034 -1.236499 -0.000011 0.000011 0.000041 -0.592457 0.805602
1741164972.676795 1.081034 -1.236499 -0.000011 0.000011 0.000041 -0.592457 0.805602
1741164972.726780 1.081036 -1.236487 -0.000011 0.000011 0.000041 -0.592459 0.805601
1741164972.776786 1.081036 -1.236487 -0.000011 0.000011 0.000041 -0.592459 0.805601
1741164972.826779 1.081039 -1.236477 -0.000016 -0.000116 -0.000072 -0.592461 0.805599
1741164972.876796 1.081039 -1.236477 -0.000016 -0.000116 -0.000072 -0.592461 0.805599
1741164972.926783 1.081041 -1.236465 -0.000011 0.000011 0.000041 -0.592464 0.805597
1741164972.976790 1.081041 -1.236465 -0.000011 0.000011 0.000041 -0.592464 0.805597
1741164973.026777 1.081044 -1.236454 -0.000011 0.000011 0.000041 -0.592466 0.805596
1741164973.076790 1.081044 -1.236454 -0.000011 0.000011 0.000041 -0.592466 0.805596
1741164973.126786 1.081046 -1.236442 -0.000011 0.000011 0.000041 -0.592468 0.805594
1741164973.176797 1.081046 -1.236442 -0.000011 0.000011 0.000041 -0.592468 0.805594
1741164973.226776 1.081049 -1.236431 -0.000011 0.000011 0.000041 -0.592470 0.805592
1741164973.276809 1.081049 -1.236431 -0.000011 0.000011 0.000041 -0.592470 0.805592
1741164973.326781 1.081051 -1.236420 -0.000011 0.000011 0.000041 -0.592473 0.805591
1741164973.376791 1.081051 -1.236420 -0.000011 0.000011 0.000041 -0.592473 0.805591
1741164973.426779 1.081054 -1.236409 -0.000011 0.000011 0.000041 -0.592475 0.805589
1741164973.476788 1.081054 -1.236409 -0.000011 0.000011 0.000041 -0.592475 0.805589
1741164973.526780 1.081056 -1.236398 -0.000016 -0.000116 -0.000072 -0.592477 0.805587
1741164973.576792 1.081056 -1.236398 -0.000016 -0.000116 -0.000072 -0.592477 0.805587
1741164973.626776 1.081058 -1.236387 -0.000016 -0.000116 -0.000072 -0.592480 0.805585
1741164973.676793 1.081058 -1.236387 -0.000016 -0.000116 -0.000072 -0.592480 0.805585
1741164973.726778 1.081061 -1.236375 -0.000016 -0.000116 -0.000072 -0.592482 0.805584
1741164973.776787 1.081061 -1.236375 -0.000016 -0.000116 -0.000072 -0.592482 0.805584
1741164973.826784 1.081063 -1.236364 -0.000016 -0.000116 -0.000072 -0.592484 0.805582
1741164973.876788 1.081063 -1.236364 -0.000016 -0.000116 -0.000072 -0.592484 0.805582
1741164973.926801 1.085775 -1.281522 -0.000011 0.000011 0.000041 -0.601199 0.799099
1741164973.976813 1.085775 -1.281522 -0.000011 0.000011 0.000041 -0.601199 0.799099
1741164974.026786 1.085776 -1.281512 -0.000016 -0.000118 -0.000071 -0.601198 0.799100
1741164974.076792 1.085776 -1.281512 -0.000016 -0.000118 -0.000071 -0.601198 0.799100
1741164974.126776 1.085778 -1.281500 -0.000011 0.000011 0.000041 -0.601197 0.799101
1741164974.176838 1.085778 -1.281500 -0.000011 0.000011 0.000041 -0.601197 0.799101
1741164974.226793 1.085780 -1.281489 -0.000011 0.000011 0.000041 -0.601196 0.799102
1741164974.276786 1.085780 -1.281489 -0.000011 0.000011 0.000041 -0.601196 0.799102
1741164974.326773 1.085782 -1.281478 -0.000011 0.000011 0.000041 -0.601195 0.799102
1741164974.376791 1.085782 -1.281478 -0.000011 0.000011 0.000041 -0.601195 0.799102
1741164974.426769 1.085783 -1.281468 -0.000016 -0.000117 -0.000071 -0.601194 0.799103
1741164974.476798 1.085783 -1.281468 -0.000016 -0.000117 -0.000071 -0.601194 0.799103
1741164974.526795 1.085785 -1.281457 -0.000016 -0.000117 -0.000071 -0.601193 0.799104
1741164974.576795 1.085785 -1.281457 -0.000016 -0.000117 -0.000071 -0.601193 0.799104
1741164974.626780 1.085787 -1.281445 -0.000011 0.000011 0.000041 -0.601192 0.799105
1741164974.676795 1.085787 -1.281445 -0.000011 0.000011 0.000041 -0.601192 0.799105
1741164974.726741 1.085789 -1.281435 -0.000016 -0.000117 -0.000071 -0.601191 0.799105
1741164974.776802 1.085789 -1.281435 -0.000016 -0.000117 -0.000071 -0.601191 0.799105
1741164974.826782 1.085790 -1.281423 -0.000011 0.000011 0.000041 -0.601190 0.799106
1741164974.876788 1.085790 -1.281423 -0.000011 0.000011 0.000041 -0.601190 0.799106
1741164974.926782 1.085792 -1.281413 -0.000016 -0.000117 -0.000071 -0.601189 0.799107
1741164974.976804 1.085792 -1.281413 -0.000016 -0.000117 -0.000071 -0.601189 0.799107
1741164975.026786 1.085794 -1.281402 -0.000016 -0.000117 -0.000071 -0.601188 0.799108
1741164975.076797 1.085794 -1.281402 -0.000016 -0.000117 -0.000071 -0.601188 0.799108
1741164975.126779 1.085796 -1.281391 -0.000011 0.000011 0.000041 -0.601187 0.799108
1741164975.176798 1.085796 -1.281391 -0.000011 0.000011 0.000041 -0.601187 0.799108
1741164975.226784 1.085797 -1.281380 -0.000011 0.000011 0.000041 -0.601186 0.799109
1741164975.276802 1.085797 -1.281380 -0.000011 0.000011 0.000041 -0.601186 0.799109
1741164975.326781 1.085799 -1.281369 -0.000011 0.000011 0.000041 -0.601185 0.799110
1741164975.376788 1.085799 -1.281369 -0.000011 0.000011 0.000041 -0.601185 0.799110
1741164975.426786 1.085801 -1.281358 -0.000011 0.000011 0.000041 -0.601184 0.799111
1741164975.476797 1.085801 -1.281358 -0.000011 0.000011 0.000041 -0.601184 0.799111
1741164975.526776 1.085803 -1.281347 -0.000011 0.000011 0.000041 -0.601183 0.799111
1741164975.576788 1.085803 -1.281347 -0.000011 0.000011 0.000041 -0.601183 0.799111
1741164975.626780 1.085804 -1.281337 -0.000016 -0.000117 -0.000071 -0.601182 0.799112
1741164975.676788 1.085804 -1.281337 -0.000016 -0.000117 -0.000071 -0.601182 0.799112
1741164975.726783 1.085806 -1.281325 -0.000011 0.000011 0.000041 -0.601181 0.799113
1741164975.776796 1.085806 -1.281325 -0.000011 0.000011 0.000041 -0.601181 0.799113
1741164975.826776 1.085808 -1.281314 -0.000011 0.000011 0.000041 -0.601180 0.799113
1741164975.876797 1.085808 -1.281314 -0.000011 0.000011 0.000041 -0.601180 0.799113
1741164975.926786 1.085810 -1.281303 -0.000011 0.000011 0.000041 -0.601179 0.799114
1741164975.976801 1.085810 -1.281303 -0.000011 0.000011 0.000041 -0.601179 0.799114
1741164976.026795 1.085811 -1.281293 -0.000016 -0.000117 -0.000071 -0.601178 0.799115
1741164976.076800 1.085811 -1.281293 -0.000016 -0.000117 -0.000071 -0.601178 0.799115
1741164976.126790 1.085774 -1.281529 -0.000011 0.000011 0.000041 -0.597197 0.802095
1741164976.176781 1.085774 -1.281529 -0.000011 0.000011 0.000041 -0.597197 0.802095
1741164976.226781 1.085774 -1.281528 -0.000011 0.000011 0.000041 -0.593180 0.805070
1741164976.276793 1.085774 -1.281528 -0.000011 0.000011 0.000041 -0.593180 0.805070
1741164976.326779 1.085774 -1.281527 -0.000016 -0.000116 -0.000072 -0.589148 0.808025
1741164976.376820 1.085774 -1.281527 -0.000016 -0.000116 -0.000072 -0.589148 0.808025
1741164976.426778 1.085775 -1.281526 -0.000011 0.000010 0.000041 -0.585101 0.810960
1741164976.476799 1.085775 -1.281526 -0.000011 0.000010 0.000041 -0.585101 0.810960
1741164976.526789 1.085775 -1.281525 -0.000011 0.000010 0.000041 -0.581040 0.813875
1741164976.576793 1.085775 -1.281525 -0.000011 0.000010 0.000041 -0.581040 0.813875
1741164976.626772 1.085776 -1.281524 -0.000016 -0.000115 -0.000074 -0.576962 0.816771
1741164976.676795 1.085776 -1.281524 -0.000016 -0.000115 -0.000074 -0.576962 0.816771
1741164976.726779 1.085776 -1.281522 -0.000011 0.000010 0.000041 -0.572876 0.819642
1741164976.776793 1.085776 -1.281522 -0.000011 0.000010 0.000041 -0.572876 0.819642
1741164976.826774 1.085773 -1.281532 -0.000011 0.000009 0.000042 -0.564644 0.825334
1741164976.876791 1.085773 -1.281532 -0.000011 0.000009 0.000042 -0.564644 0.825334
1741164976.926780 1.085773 -1.281531 -0.000011 0.000009 0.000041 -0.560508 0.828149
1741164976.976842 1.085773 -1.281531 -0.000011 0.000009 0.000041 -0.560508 0.828149
1741164977.026776 1.085774 -1.281530 -0.000011 0.000009 0.000041 -0.556362 0.830940
1741164977.076836 1.085774 -1.281530 -0.000011 0.000009 0.000041 -0.556362 0.830940
1741164977.126781 1.085774 -1.281529 -0.000016 -0.000113 -0.000078 -0.552206 0.833708
1741164977.176789 1.085774 -1.281529 -0.000016 -0.000113 -0.000078 -0.552206 0.833708
1741164977.226783 1.085775 -1.281528 -0.000016 -0.000113 -0.000078 -0.548032 0.836457
1741164977.276783 1.085775 -1.281528 -0.000016 -0.000113 -0.000078 -0.548032 0.836457
1741164977.326777 1.085778 -1.281523 -0.000016 -0.000112 -0.000079 -0.543851 0.839182
1741164977.376792 1.085778 -1.281523 -0.000016 -0.000112 -0.000079 -0.543851 0.839182
1741164977.426785 1.085779 -1.281521 -0.000011 0.000008 0.000041 -0.539647 0.841891
1741164977.476791 1.085779 -1.281521 -0.000011 0.000008 0.000041 -0.539647 0.841891
1741164977.526774 1.085773 -1.281531 -0.000011 0.000008 0.000041 -0.531186 0.847255
1741164977.576783 1.085773 -1.281531 -0.000011 0.000008 0.000041 -0.531186 0.847255
1741164977.626777 1.085773 -1.281531 -0.000010 0.000007 0.000041 -0.526943 0.849901
1741164977.676794 1.085773 -1.281531 -0.000010 0.000007 0.000041 -0.526943 0.849901
1741164977.726776 1.085775 -1.281529 -0.000011 0.000007 0.000041 -0.522693 0.852521
1741164977.776788 1.085775 -1.281529 -0.000011 0.000007 0.000041 -0.522693 0.852521
1741164977.826779 1.085775 -1.281529 -0.000011 0.000007 0.000041 -0.518423 0.855124
1741164977.876796 1.085775 -1.281529 -0.000011 0.000007 0.000041 -0.518423 0.855124
1741164977.926775 1.085776 -1.281528 -0.000016 -0.000109 -0.000082 -0.514148 0.857702
1741164977.976818 1.085776 -1.281528 -0.000016 -0.000109 -0.000082 -0.514148 0.857702
1741164978.026779 1.085777 -1.281525 -0.000011 0.000007 0.000041 -0.509856 0.860260
1741164978.076799 1.085777 -1.281525 -0.000011 0.000007 0.000041 -0.509856 0.860260
1741164978.126778 1.085777 -1.281525 -0.000011 0.000006 0.000041 -0.505547 0.862799
1741164978.176816 1.085777 -1.281525 -0.000011 0.000006 0.000041 -0.505547 0.862799
1741164978.226781 1.085773 -1.281532 -0.000007 -0.000055 -0.000025 -0.496878 0.867820
1741164978.276801 1.085773 -1.281532 -0.000007 -0.000055 -0.000025 -0.496878 0.867820
1741164978.326781 1.085773 -1.281532 -0.000015 -0.000103 -0.000082 -0.492535 0.870293
1741164978.376789 1.085773 -1.281532 -0.000015 -0.000103 -0.000082 -0.492535 0.870293
1741164978.426776 1.085774 -1.281530 -0.000011 0.000006 0.000042 -0.488184 0.872741
1741164978.476828 1.085774 -1.281530 -0.000011 0.000006 0.000042 -0.488184 0.872741
1741164978.526780 1.085775 -1.281529 -0.000011 0.000005 0.000042 -0.483812 0.875172
1741164978.576791 1.085775 -1.281529 -0.000011 0.000005 0.000042 -0.483812 0.875172
1741164978.626779 1.085775 -1.281528 -0.000016 -0.000106 -0.000087 -0.479437 0.877576
1741164978.676804 1.085775 -1.281528 -0.000016 -0.000106 -0.000087 -0.479437 0.877576
1741164978.726778 1.085776 -1.281527 -0.000016 -0.000105 -0.000087 -0.475046 0.879961
1741164978.776786 1.085776 -1.281527 -0.000016 -0.000105 -0.000087 -0.475046 0.879961
1741164978.826773 1.085776 -1.281525 -0.000011 0.000005 0.000042 -0.470642 0.882324
1741164978.876796 1.085776 -1.281525 -0.000011 0.000005 0.000042 -0.470642 0.882324
1741164978.926784 1.085777 -1.281525 -0.000011 0.000005 0.000042 -0.466222 0.884668
1741164978.976791 1.085777 -1.281525 -0.000011 0.000005 0.000042 -0.466222 0.884668
1741164979.026789 1.085777 -1.281524 -0.000011 0.000004 0.000042 -0.461798 0.886985
1741164979.076797 1.085777 -1.281524 -0.000011 0.000004 0.000042 -0.461798 0.886985
1741164979.126780 1.085776 -1.281523 -0.000011 0.000004 0.000042 -0.457357 0.889283
1741164979.176794 1.085776 -1.281523 -0.000011 0.000004 0.000042 -0.457357 0.889283
1741164979.226780 1.085781 -1.281512 -0.000011 0.000004 0.000042 -0.457377 0.889273
1741164979.276788 1.085781 -1.281512 -0.000011 0.000004 0.000042 -0.457377 0.889273
1741164979.326814 1.085786 -1.281501 -0.000011 0.000004 0.000042 -0.457397 0.889262
1741164979.376796 1.085786 -1.281501 -0.000011 0.000004 0.000042 -0.457397 0.889262
1741164979.426798 1.085791 -1.281491 -0.000016 -0.000103 -0.000089 -0.457417 0.889252
1741164979.476789 1.085791 -1.281491 -0.000016 -0.000103 -0.000089 -0.457417 0.889252
1741164979.526781 1.085796 -1.281480 -0.000016 -0.000103 -0.000089 -0.457438 0.889242
1741164979.576818 1.085796 -1.281480 -0.000016 -0.000103 -0.000089 -0.457438 0.889242
1741164979.626793 1.085800 -1.281469 -0.000016 -0.000103 -0.000089 -0.457458 0.889231
1741164979.676792 1.085800 -1.281469 -0.000016 -0.000103 -0.000089 -0.457458 0.889231
1741164979.726781 1.085805 -1.281458 -0.000016 -0.000103 -0.000089 -0.457478 0.889221
1741164979.776793 1.085805 -1.281458 -0.000016 -0.000103 -0.000089 -0.457478 0.889221
1741164979.826776 1.085810 -1.281447 -0.000011 0.000004 0.000042 -0.457497 0.889211
1741164979.876791 1.085810 -1.281447 -0.000011 0.000004 0.000042 -0.457497 0.889211
1741164979.926772 1.085815 -1.281436 -0.000011 0.000004 0.000042 -0.457518 0.889201
1741164979.976793 1.085815 -1.281436 -0.000011 0.000004 0.000042 -0.457518 0.889201
1741164980.026778 1.085819 -1.281425 -0.000011 0.000004 0.000042 -0.457538 0.889190
1741164980.076796 1.085819 -1.281425 -0.000011 0.000004 0.000042 -0.457538 0.889190
1741164980.126775 1.085824 -1.281415 -0.000016 -0.000103 -0.000089 -0.457558 0.889180
1741164980.176790 1.085824 -1.281415 -0.000016 -0.000103 -0.000089 -0.457558 0.889180
1741164980.226781 1.085829 -1.281404 -0.000011 0.000004 0.000042 -0.457578 0.889170
1741164980.276790 1.085829 -1.281404 -0.000011 0.000004 0.000042 -0.457578 0.889170
1741164980.326788 1.085774 -1.281529 -0.000011 0.000004 0.000042 -0.452895 0.891564
1741164980.376796 1.085774 -1.281529 -0.000011 0.000004 0.000042 -0.452895 0.891564
1741164980.426782 1.085774 -1.281529 -0.000011 0.000004 0.000042 -0.448427 0.893819
1741164980.476788 1.085774 -1.281529 -0.000011 0.000004 0.000042 -0.448427 0.893819
1741164980.526787 1.085774 -1.281528 -0.000011 0.000003 0.000042 -0.443953 0.896050
1741164980.576792 1.085774 -1.281528 -0.000011 0.000003 0.000042 -0.443953 0.896050
1741164980.626783 1.085774 -1.281528 -0.000016 -0.000101 -0.000091 -0.439468 0.898258
1741164980.676791 1.085774 -1.281528 -0.000016 -0.000101 -0.000091 -0.439468 0.898258
1741164980.726779 1.085774 -1.281527 -0.000011 0.000003 0.000042 -0.434971 0.900445
1741164980.776797 1.085774 -1.281527 -0.000011 0.000003 0.000042 -0.434971 0.900445
1741164980.826779 1.085774 -1.281526 -0.000011 0.000003 0.000042 -0.430463 0.902608
1741164980.876798 1.085774 -1.281526 -0.000011 0.000003 0.000042 -0.430463 0.902608
1741164980.926777 1.085773 -1.281525 -0.000011 0.000003 0.000042 -0.425950 0.904747
1741164980.976788 1.085773 -1.281525 -0.000011 0.000003 0.000042 -0.425950 0.904747
1741164981.026803 1.085773 -1.281525 -0.000016 -0.000100 -0.000093 -0.421421 0.906865
1741164981.076803 1.085773 -1.281525 -0.000016 -0.000100 -0.000093 -0.421421 0.906865
1741164981.126783 1.085773 -1.281529 -0.000011 0.000002 0.000042 -0.412327 0.911036
1741164981.176791 1.085773 -1.281529 -0.000011 0.000002 0.000042 -0.412327 0.911036
1741164981.226794 1.085774 -1.281532 -0.000007 0.000069 0.000024 -0.407760 0.913089
1741164981.276792 1.085774 -1.281532 -0.000007 0.000069 0.000024 -0.407760 0.913089
1741164981.326779 1.085773 -1.281531 -0.000011 0.000002 0.000042 -0.403196 0.915114
1741164981.376813 1.085773 -1.281531 -0.000011 0.000002 0.000042 -0.403196 0.915114
1741164981.426776 1.085773 -1.281530 -0.000011 0.000001 0.000042 -0.398615 0.917118
1741164981.476795 1.085773 -1.281530 -0.000011 0.000001 0.000042 -0.398615 0.917118
1741164981.526789 1.085773 -1.281530 -0.000011 0.000001 0.000042 -0.394018 0.919103
1741164981.576792 1.085773 -1.281530 -0.000011 0.000001 0.000042 -0.394018 0.919103
1741164981.626776 1.085772 -1.281529 -0.000011 0.000001 0.000042 -0.389423 0.921059
1741164981.676794 1.085772 -1.281529 -0.000011 0.000001 0.000042 -0.389423 0.921059
1741164981.726781 1.085773 -1.281529 -0.000011 0.000001 0.000042 -0.384807 0.922997
1741164981.776788 1.085773 -1.281529 -0.000011 0.000001 0.000042 -0.384807 0.922997
1741164981.826782 1.085773 -1.281532 0.000000 0.000000 0.000000 -0.375559 0.926798
1741164981.876795 1.085773 -1.281532 0.000000 0.000000 0.000000 -0.375559 0.926798
1741164981.926779 1.085774 -1.281532 -0.000015 -0.000091 -0.000095 -0.370921 0.928664
1741164981.976831 1.085774 -1.281532 -0.000015 -0.000091 -0.000095 -0.370921 0.928664
1741164982.026781 1.085773 -1.281531 -0.000016 -0.000094 -0.000099 -0.366278 0.930505
1741164982.076800 1.085773 -1.281531 -0.000016 -0.000094 -0.000099 -0.366278 0.930505
1741164982.126785 1.085772 -1.281526 -0.000016 -0.000094 -0.000099 -0.366275 0.930507
1741164982.176789 1.085772 -1.281526 -0.000016 -0.000094 -0.000099 -0.366275 0.930507
1741164982.226775 1.085773 -1.281530 -0.000016 -0.000093 -0.000099 -0.361614 0.932328
1741164982.276789 1.085773 -1.281530 -0.000016 -0.000093 -0.000099 -0.361614 0.932328
1741164982.326776 1.085773 -1.281528 -0.000016 -0.000093 -0.000100 -0.356953 0.934122
1741164982.376799 1.085773 -1.281528 -0.000016 -0.000093 -0.000100 -0.356953 0.934122
1741164982.426779 1.085773 -1.281527 -0.000011 -0.000001 0.000042 -0.352278 0.935896
1741164982.476790 1.085773 -1.281527 -0.000011 -0.000001 0.000042 -0.352278 0.935896
1741164982.526790 1.085774 -1.281530 -0.000011 -0.000001 0.000042 -0.347590 0.937647
1741164982.576804 1.085774 -1.281530 -0.000011 -0.000001 0.000042 -0.347590 0.937647
1741164982.626777 1.085774 -1.281530 -0.000011 -0.000001 0.000042 -0.342897 0.939373
1741164982.676801 1.085774 -1.281530 -0.000011 -0.000001 0.000042 -0.342897 0.939373
1741164982.726781 1.085773 -1.281525 -0.000011 -0.000001 0.000042 -0.342895 0.939374
1741164982.776796 1.085773 -1.281525 -0.000011 -0.000001 0.000042 -0.342895 0.939374
1741164982.826776 1.085774 -1.281530 -0.000011 -0.000001 0.000042 -0.338196 0.941076
1741164982.876788 1.085774 -1.281530 -0.000011 -0.000001 0.000042 -0.338196 0.941076
1741164982.926780 1.085774 -1.281526 -0.000016 -0.000091 -0.000102 -0.338194 0.941077
1741164982.976789 1.085774 -1.281526 -0.000016 -0.000091 -0.000102 -0.338194 0.941077
1741164983.026774 1.085774 -1.281521 -0.000016 -0.000091 -0.000102 -0.338191 0.941078
1741164983.076792 1.085774 -1.281521 -0.000016 -0.000091 -0.000102 -0.338191 0.941078
1741164983.126784 1.085773 -1.281516 -0.000016 -0.000091 -0.000102 -0.338188 0.941079
1741164983.176793 1.085773 -1.281516 -0.000016 -0.000091 -0.000102 -0.338188 0.941079
1741164983.226777 1.085773 -1.281511 -0.000016 -0.000091 -0.000102 -0.338185 0.941079
1741164983.276786 1.085773 -1.281511 -0.000016 -0.000091 -0.000102 -0.338185 0.941079
1741164983.326777 1.085773 -1.281506 -0.000011 -0.000001 0.000042 -0.338182 0.941081
1741164983.376789 1.085773 -1.281506 -0.000011 -0.000001 0.000042 -0.338182 0.941081
1741164983.426780 1.085774 -1.281528 -0.000011 -0.000002 0.000042 -0.333485 0.942755
1741164983.476815 1.085774 -1.281528 -0.000011 -0.000002 0.000042 -0.333485 0.942755
1741164983.526778 1.085774 -1.281532 -0.000016 -0.000090 -0.000103 -0.328770 0.944410
1741164983.576790 1.085774 -1.281532 -0.000016 -0.000090 -0.000103 -0.328770 0.944410
1741164983.626784 1.085774 -1.281532 -0.000016 -0.000089 -0.000103 -0.324043 0.946042
1741164983.676800 1.085774 -1.281532 -0.000016 -0.000089 -0.000103 -0.324043 0.946042
1741164983.726781 1.085775 -1.281530 -0.000016 -0.000089 -0.000103 -0.319308 0.947651
1741164983.776809 1.085775 -1.281530 -0.000016 -0.000089 -0.000103 -0.319308 0.947651
1741164983.826781 1.085774 -1.281530 -0.000011 -0.000002 0.000042 -0.314570 0.949234
1741164983.876790 1.085774 -1.281530 -0.000011 -0.000002 0.000042 -0.314570 0.949234
1741164983.926777 1.085775 -1.281526 -0.000016 -0.000088 -0.000104 -0.314567 0.949235
1741164983.976789 1.085775 -1.281526 -0.000016 -0.000088 -0.000104 -0.314567 0.949235
1741164984.026781 1.085773 -1.281532 0.000000 0.000000 0.000000 -0.305059 0.952334
1741164984.076804 1.085773 -1.281532 0.000000 0.000000 0.000000 -0.305059 0.952334
1741164984.126777 1.085774 -1.281528 -0.000011 -0.000003 0.000042 -0.305060 0.952333
1741164984.176793 1.085774 -1.281528 -0.000011 -0.000003 0.000042 -0.305060 0.952333
1741164984.226779 1.085774 -1.281532 -0.000016 -0.000087 -0.000105 -0.300294 0.953847
1741164984.276799 1.085774 -1.281532 -0.000016 -0.000087 -0.000105 -0.300294 0.953847
1741164984.326775 1.085775 -1.281528 -0.000016 -0.000087 -0.000105 -0.300291 0.953848
1741164984.376794 1.085775 -1.281528 -0.000016 -0.000087 -0.000105 -0.300291 0.953848
1741164984.426779 1.085774 -1.281530 -0.000011 -0.000003 0.000042 -0.295520 0.955337
1741164984.476790 1.085774 -1.281530 -0.000011 -0.000003 0.000042 -0.295520 0.955337
1741164984.526789 1.085774 -1.281527 -0.000016 -0.000086 -0.000106 -0.295517 0.955337
1741164984.576808 1.085774 -1.281527 -0.000016 -0.000086 -0.000106 -0.295517 0.955337
1741164984.626785 1.085774 -1.281530 -0.000016 -0.000086 -0.000106 -0.290739 0.956802
1741164984.676804 1.085774 -1.281530 -0.000016 -0.000086 -0.000106 -0.290739 0.956802
1741164984.726780 1.085774 -1.281532 -0.000011 -0.000004 0.000042 -0.285953 0.958244
1741164984.776790 1.085774 -1.281532 -0.000011 -0.000004 0.000042 -0.285953 0.958244
1741164984.826784 1.085774 -1.281529 -0.000011 -0.000004 0.000042 -0.285950 0.958244
1741164984.876788 1.085774 -1.281529 -0.000011 -0.000004 0.000042 -0.285950 0.958244
1741164984.926782 1.085774 -1.281532 -0.000016 -0.000084 -0.000107 -0.281158 0.959662
1741164984.976793 1.085774 -1.281532 -0.000016 -0.000084 -0.000107 -0.281158 0.959662
1741164985.026782 1.085774 -1.281530 -0.000011 -0.000004 0.000042 -0.276359 0.961055
1741164985.076792 1.085774 -1.281530 -0.000011 -0.000004 0.000042 -0.276359 0.961055
1741164985.126778 1.085774 -1.281529 -0.000011 -0.000004 0.000042 -0.276357 0.961055
1741164985.176794 1.085774 -1.281529 -0.000011 -0.000004 0.000042 -0.276357 0.961055
1741164985.226797 1.085774 -1.281531 -0.000016 -0.000083 -0.000108 -0.271550 0.962424
1741164985.276789 1.085774 -1.281531 -0.000016 -0.000083 -0.000108 -0.271550 0.962424
1741164985.326781 1.085774 -1.281532 -0.000011 -0.000004 0.000042 -0.266732 0.963771
1741164985.376795 1.085774 -1.281532 -0.000011 -0.000004 0.000042 -0.266732 0.963771
1741164985.426776 1.085774 -1.281532 -0.000016 -0.000082 -0.000109 -0.261914 0.965091
1741164985.476788 1.085774 -1.281532 -0.000016 -0.000082 -0.000109 -0.261914 0.965091
1741164985.526776 1.085774 -1.281531 -0.000011 -0.000005 0.000042 -0.261912 0.965092
1741164985.576794 1.085774 -1.281531 -0.000011 -0.000005 0.000042 -0.261912 0.965092
1741164985.626775 1.085773 -1.281531 -0.000016 -0.000082 -0.000109 -0.261912 0.965092
1741164985.676794 1.085773 -1.281531 -0.000016 -0.000082 -0.000109 -0.261912 0.965092
1741164985.726783 1.085773 -1.281530 -0.000011 -0.000005 0.000042 -0.261910 0.965092
1741164985.776793 1.085773 -1.281530 -0.000011 -0.000005 0.000042 -0.261910 0.965092
1741164985.826775 1.085773 -1.281530 -0.000011 -0.000005 0.000042 -0.261909 0.965092
1741164985.876789 1.085773 -1.281530 -0.000011 -0.000005 0.000042 -0.261909 0.965092
1741164985.926778 1.085774 -1.281532 -0.000011 -0.000005 0.000042 -0.257085 0.966389
1741164985.976797 1.085774 -1.281532 -0.000011 -0.000005 0.000042 -0.257085 0.966389
1741164986.026776 1.085774 -1.281532 -0.000011 -0.000005 0.000042 -0.257085 0.966389
1741164986.076790 1.085774 -1.281532 -0.000011 -0.000005 0.000042 -0.257085 0.966389
1741164986.126777 1.085774 -1.281532 -0.000011 -0.000005 0.000042 -0.257084 0.966389
1741164986.176787 1.085774 -1.281532 -0.000011 -0.000005 0.000042 -0.257084 0.966389
1741164986.226778 1.085774 -1.281532 -0.000011 -0.000005 0.000042 -0.257084 0.966389
1741164986.276786 1.085774 -1.281532 -0.000011 -0.000005 0.000042 -0.257084 0.966389
1741164986.326795 1.085773 -1.281532 -0.000011 -0.000005 0.000042 -0.257083 0.966389
1741164986.376792 1.085773 -1.281532 -0.000011 -0.000005 0.000042 -0.257083 0.966389
1741164986.426779 1.085774 -1.281532 -0.000016 -0.000083 -0.000112 -0.252250 0.967662
1741164986.476794 1.085774 -1.281532 -0.000016 -0.000083 -0.000112 -0.252250 0.967662
1741164986.526789 1.085774 -1.281532 -0.000011 -0.000005 0.000041 -0.252250 0.967662
1741164986.576785 1.085774 -1.281532 -0.000011 -0.000005 0.000041 -0.252250 0.967662
1741164986.626783 1.085774 -1.281533 -0.000011 -0.000005 0.000041 -0.252250 0.967662
1741164986.676790 1.085774 -1.281533 -0.000011 -0.000005 0.000041 -0.252250 0.967662
1741164986.726774 1.085774 -1.281533 -0.000011 -0.000005 0.000041 -0.252250 0.967662
1741164986.776794 1.085774 -1.281533 -0.000011 -0.000005 0.000041 -0.252250 0.967662
1741164986.826779 1.085774 -1.281532 -0.000011 -0.000005 0.000041 -0.247409 0.968911
1741164986.876807 1.085774 -1.281532 -0.000011 -0.000005 0.000041 -0.247409 0.968911
1741164986.926774 1.085774 -1.281533 -0.000011 -0.000005 0.000041 -0.247410 0.968911
1741164986.976791 1.085774 -1.281533 -0.000011 -0.000005 0.000041 -0.247410 0.968911
1741164987.026775 1.085774 -1.281535 -0.000011 -0.000005 0.000041 -0.247410 0.968911
1741164987.076808 1.085774 -1.281535 -0.000011 -0.000005 0.000041 -0.247410 0.968911
1741164987.126786 1.085774 -1.281536 -0.000011 -0.000005 0.000041 -0.247411 0.968911
1741164987.176795 1.085774 -1.281536 -0.000011 -0.000005 0.000041 -0.247411 0.968911
1741164987.226776 1.085774 -1.281537 -0.000011 -0.000005 0.000041 -0.247412 0.968910
1741164987.276788 1.085774 -1.281537 -0.000011 -0.000005 0.000041 -0.247412 0.968910
1741164987.326750 1.085774 -1.281538 -0.000011 -0.000005 0.000041 -0.247412 0.968910
1741164987.376783 1.085774 -1.281538 -0.000011 -0.000005 0.000041 -0.247412 0.968910
1741164987.426777 1.085775 -1.281539 -0.000016 -0.000081 -0.000110 -0.247413 0.968910
1741164987.476789 1.085775 -1.281539 -0.000016 -0.000081 -0.000110 -0.247413 0.968910
1741164987.526779 1.085775 -1.281541 -0.000016 -0.000081 -0.000110 -0.247414 0.968910
1741164987.576786 1.085775 -1.281541 -0.000016 -0.000081 -0.000110 -0.247414 0.968910
1741164987.626775 1.085775 -1.281541 -0.000011 -0.000005 0.000041 -0.247414 0.968910
1741164987.676794 1.085775 -1.281541 -0.000011 -0.000005 0.000041 -0.247414 0.968910
1741164987.726786 1.085775 -1.281542 -0.000011 -0.000005 0.000041 -0.247415 0.968910
1741164987.776788 1.085775 -1.281542 -0.000011 -0.000005 0.000041 -0.247415 0.968910
1741164987.826808 1.085775 -1.281544 -0.000011 -0.000005 0.000041 -0.247415 0.968910
1741164987.876765 1.085775 -1.281544 -0.000011 -0.000005 0.000041 -0.247415 0.968910
1741164987.926777 1.085775 -1.281545 -0.000011 -0.000005 0.000041 -0.247416 0.968909
1741164987.976797 1.085775 -1.281545 -0.000011 -0.000005 0.000041 -0.247416 0.968909
1741164988.026778 1.085775 -1.281546 -0.000011 -0.000005 0.000041 -0.247417 0.968909
1741164988.076789 1.085775 -1.281546 -0.000011 -0.000005 0.000041 -0.247417 0.968909
1741164988.126779 1.085775 -1.281547 -0.000011 -0.000005 0.000041 -0.247417 0.968909
1741164988.176797 1.085775 -1.281547 -0.000011 -0.000005 0.000041 -0.247417 0.968909
1741164988.226775 1.085775 -1.281548 -0.000011 -0.000005 0.000041 -0.247418 0.968909
1741164988.276792 1.085775 -1.281548 -0.000011 -0.000005 0.000041 -0.247418 0.968909
1741164988.326783 1.085774 -1.281533 -0.000011 -0.000005 0.000041 -0.242558 0.970137
1741164988.376801 1.085774 -1.281533 -0.000011 -0.000005 0.000041 -0.242558 0.970137
1741164988.426785 1.085774 -1.281532 -0.000011 -0.000006 0.000041 -0.237708 0.971337
1741164988.476798 1.085774 -1.281532 -0.000011 -0.000006 0.000041 -0.237708 0.971337
1741164988.526776 1.085774 -1.281532 -0.000019 -0.000110 -0.000102 -0.232847 0.972513
1741164988.576794 1.085774 -1.281532 -0.000019 -0.000110 -0.000102 -0.232847 0.972513
1741164988.626776 1.085774 -1.281533 -0.000011 -0.000006 0.000042 -0.227979 0.973666
1741164988.676792 1.085774 -1.281533 -0.000011 -0.000006 0.000042 -0.227979 0.973666
1741164988.726773 1.085772 -1.281536 -0.000011 -0.000006 0.000041 -0.227981 0.973666
1741164988.776792 1.085772 -1.281536 -0.000011 -0.000006 0.000041 -0.227981 0.973666
1741164988.826782 1.085771 -1.281538 -0.000011 -0.000006 0.000041 -0.227982 0.973665
1741164988.876793 1.085771 -1.281538 -0.000011 -0.000006 0.000041 -0.227982 0.973665
1741164988.926777 1.085769 -1.281541 -0.000011 -0.000006 0.000041 -0.227984 0.973665
1741164988.976790 1.085769 -1.281541 -0.000011 -0.000006 0.000041 -0.227984 0.973665
1741164989.026777 1.085768 -1.281544 -0.000011 -0.000006 0.000041 -0.227986 0.973665
1741164989.076792 1.085768 -1.281544 -0.000011 -0.000006 0.000041 -0.227986 0.973665
1741164989.126784 1.085766 -1.281547 -0.000011 -0.000006 0.000041 -0.227987 0.973664
1741164989.176794 1.085766 -1.281547 -0.000011 -0.000006 0.000041 -0.227987 0.973664
1741164989.226800 1.085765 -1.281550 -0.000016 -0.000079 -0.000111 -0.227989 0.973664
1741164989.276793 1.085765 -1.281550 -0.000016 -0.000079 -0.000111 -0.227989 0.973664
1741164989.326777 1.085763 -1.281552 -0.000011 -0.000006 0.000041 -0.227990 0.973663
1741164989.376784 1.085763 -1.281552 -0.000011 -0.000006 0.000041 -0.227990 0.973663
1741164989.426780 1.085761 -1.281555 -0.000011 -0.000006 0.000041 -0.227992 0.973663
1741164989.476822 1.085761 -1.281555 -0.000011 -0.000006 0.000041 -0.227992 0.973663
1741164989.526777 1.085774 -1.281533 -0.000010 -0.000006 0.000039 -0.223108 0.974794
1741164989.576787 1.085774 -1.281533 -0.000010 -0.000006 0.000039 -0.223108 0.974794
1741164989.626792 1.085772 -1.281536 -0.000016 -0.000078 -0.000112 -0.223110 0.974793
1741164989.676790 1.085772 -1.281536 -0.000016 -0.000078 -0.000112 -0.223110 0.974793
1741164989.726778 1.085769 -1.281539 -0.000016 -0.000078 -0.000112 -0.223111 0.974793
1741164989.776790 1.085769 -1.281539 -0.000016 -0.000078 -0.000112 -0.223111 0.974793
1741164989.826776 1.085767 -1.281542 -0.000016 -0.000078 -0.000112 -0.223113 0.974793
1741164989.876797 1.085767 -1.281542 -0.000016 -0.000078 -0.000112 -0.223113 0.974793
1741164989.926775 1.085764 -1.281545 -0.000016 -0.000078 -0.000112 -0.223115 0.974792
1741164989.976744 1.085764 -1.281545 -0.000016 -0.000078 -0.000112 -0.223115 0.974792
1741164990.026776 1.085761 -1.281548 -0.000011 -0.000006 0.000041 -0.223116 0.974792
1741164990.076825 1.085761 -1.281548 -0.000011 -0.000006 0.000041 -0.223116 0.974792
1741164990.126779 1.085759 -1.281551 -0.000016 -0.000078 -0.000112 -0.223118 0.974791
1741164990.176792 1.085759 -1.281551 -0.000016 -0.000078 -0.000112 -0.223118 0.974791
1741164990.226774 1.085771 -1.281534 -0.000016 -0.000078 -0.000112 -0.218236 0.975896
1741164990.276797 1.085771 -1.281534 -0.000016 -0.000078 -0.000112 -0.218236 0.975896
1741164990.326777 1.085770 -1.281535 -0.000016 -0.000077 -0.000113 -0.213353 0.976975
1741164990.376787 1.085770 -1.281535 -0.000016 -0.000077 -0.000113 -0.213353 0.976975
1741164990.426775 1.085765 -1.281538 -0.000011 -0.000007 0.000041 -0.213354 0.976975
1741164990.476793 1.085765 -1.281538 -0.000011 -0.000007 0.000041 -0.213354 0.976975
1741164990.526788 1.085760 -1.281542 -0.000016 -0.000077 -0.000113 -0.213356 0.976974
1741164990.576787 1.085760 -1.281542 -0.000016 -0.000077 -0.000113 -0.213356 0.976974
1741164990.626778 1.085756 -1.281546 -0.000016 -0.000077 -0.000113 -0.213357 0.976974
1741164990.676820 1.085756 -1.281546 -0.000016 -0.000077 -0.000113 -0.213357 0.976974
1741164990.726780 1.085751 -1.281549 -0.000016 -0.000077 -0.000113 -0.213359 0.976974
1741164990.776791 1.085751 -1.281549 -0.000016 -0.000077 -0.000113 -0.213359 0.976974
1741164990.826773 1.085747 -1.281553 -0.000016 -0.000077 -0.000113 -0.213360 0.976974
1741164990.876800 1.085747 -1.281553 -0.000016 -0.000077 -0.000113 -0.213360 0.976974
1741164990.926779 1.085742 -1.281557 -0.000011 -0.000007 0.000041 -0.213361 0.976973
1741164990.976789 1.085742 -1.281557 -0.000011 -0.000007 0.000041 -0.213361 0.976973
1741164991.026778 1.085737 -1.281560 -0.000011 -0.000007 0.000041 -0.213363 0.976973
1741164991.076790 1.085737 -1.281560 -0.000011 -0.000007 0.000041 -0.213363 0.976973
1741164991.126777 1.085733 -1.281564 -0.000011 -0.000007 0.000041 -0.213364 0.976973
1741164991.176812 1.085733 -1.281564 -0.000011 -0.000007 0.000041 -0.213364 0.976973
1741164991.226778 1.085771 -1.281533 -0.000011 -0.000007 0.000041 -0.208465 0.978030
1741164991.276787 1.085771 -1.281533 -0.000011 -0.000007 0.000041 -0.208465 0.978030
1741164991.326779 1.085770 -1.281533 -0.000011 -0.000007 0.000041 -0.203572 0.979060
1741164991.376795 1.085770 -1.281533 -0.000011 -0.000007 0.000041 -0.203572 0.979060
1741164991.426776 1.085764 -1.281538 -0.000016 -0.000076 -0.000114 -0.203572 0.979060
1741164991.476787 1.085764 -1.281538 -0.000016 -0.000076 -0.000114 -0.203572 0.979060
1741164991.526784 1.085756 -1.281542 -0.000011 -0.000007 0.000041 -0.203572 0.979060
1741164991.576794 1.085756 -1.281542 -0.000011 -0.000007 0.000041 -0.203572 0.979060
1741164991.626774 1.085750 -1.281546 -0.000016 -0.000076 -0.000114 -0.203573 0.979060
1741164991.676791 1.085750 -1.281546 -0.000016 -0.000076 -0.000114 -0.203573 0.979060
1741164991.726777 1.085743 -1.281550 -0.000016 -0.000076 -0.000114 -0.203573 0.979060
1741164991.776794 1.085743 -1.281550 -0.000016 -0.000076 -0.000114 -0.203573 0.979060
1741164991.826782 1.085736 -1.281554 -0.000016 -0.000076 -0.000113 -0.203574 0.979060
1741164991.876788 1.085736 -1.281554 -0.000016 -0.000076 -0.000113 -0.203574 0.979060
1741164991.926774 1.085730 -1.281558 -0.000016 -0.000076 -0.000113 -0.203574 0.979060
1741164991.976790 1.085730 -1.281558 -0.000016 -0.000076 -0.000113 -0.203574 0.979060
1741164992.026793 1.085723 -1.281562 -0.000016 -0.000076 -0.000113 -0.203574 0.979059
1741164992.076794 1.085723 -1.281562 -0.000016 -0.000076 -0.000113 -0.203574 0.979059
1741164992.126787 1.085716 -1.281566 -0.000016 -0.000076 -0.000113 -0.203575 0.979059
1741164992.176789 1.085716 -1.281566 -0.000016 -0.000076 -0.000113 -0.203575 0.979059
1741164992.226785 1.085709 -1.281570 -0.000016 -0.000076 -0.000113 -0.203575 0.979059
1741164992.276791 1.085709 -1.281570 -0.000016 -0.000076 -0.000113 -0.203575 0.979059
1741164992.326778 1.085702 -1.281574 -0.000011 -0.000007 0.000041 -0.203575 0.979059
1741164992.376796 1.085702 -1.281574 -0.000011 -0.000007 0.000041 -0.203575 0.979059
1741164992.426780 1.085695 -1.281578 -0.000011 -0.000007 0.000041 -0.203576 0.979059
1741164992.476787 1.085695 -1.281578 -0.000011 -0.000007 0.000041 -0.203576 0.979059
1741164992.526777 1.085689 -1.281582 -0.000016 -0.000076 -0.000113 -0.203576 0.979059
1741164992.576789 1.085689 -1.281582 -0.000016 -0.000076 -0.000113 -0.203576 0.979059
1741164992.626768 1.085682 -1.281586 -0.000011 -0.000007 0.000041 -0.203576 0.979059
1741164992.676790 1.085682 -1.281586 -0.000011 -0.000007 0.000041 -0.203576 0.979059
1741164992.726777 1.085770 -1.281535 -0.000016 -0.000075 -0.000114 -0.198670 0.980066
1741164992.776784 1.085770 -1.281535 -0.000016 -0.000075 -0.000114 -0.198670 0.980066
1741164992.826789 1.085762 -1.281539 -0.000011 -0.000007 0.000041 -0.198670 0.980066
1741164992.876793 1.085762 -1.281539 -0.000011 -0.000007 0.000041 -0.198670 0.980066
1741164992.926780 1.085755 -1.281543 -0.000011 -0.000007 0.000041 -0.198669 0.980067
1741164992.976803 1.085755 -1.281543 -0.000011 -0.000007 0.000041 -0.198669 0.980067
1741164993.026779 1.085747 -1.281547 -0.000011 -0.000007 0.000041 -0.198669 0.980067
1741164993.076802 1.085747 -1.281547 -0.000011 -0.000007 0.000041 -0.198669 0.980067
1741164993.126776 1.085739 -1.281552 -0.000016 -0.000075 -0.000114 -0.198669 0.980067
1741164993.176788 1.085739 -1.281552 -0.000016 -0.000075 -0.000114 -0.198669 0.980067
1741164993.226777 1.085731 -1.281556 -0.000011 -0.000007 0.000041 -0.198668 0.980067
1741164993.276791 1.085731 -1.281556 -0.000011 -0.000007 0.000041 -0.198668 0.980067
1741164993.326777 1.085723 -1.281560 -0.000016 -0.000075 -0.000114 -0.198668 0.980067
1741164993.376789 1.085723 -1.281560 -0.000016 -0.000075 -0.000114 -0.198668 0.980067
1741164993.426775 1.085715 -1.281564 -0.000016 -0.000075 -0.000114 -0.198668 0.980067
1741164993.476790 1.085715 -1.281564 -0.000016 -0.000075 -0.000114 -0.198668 0.980067
1741164993.526783 1.085708 -1.281568 -0.000011 -0.000007 0.000041 -0.198667 0.980067
1741164993.576790 1.085708 -1.281568 -0.000011 -0.000007 0.000041 -0.198667 0.980067
1741164993.626775 1.085700 -1.281572 -0.000011 -0.000007 0.000041 -0.198667 0.980067
1741164993.676797 1.085700 -1.281572 -0.000011 -0.000007 0.000041 -0.198667 0.980067
1741164993.726779 1.085692 -1.281577 -0.000016 -0.000075 -0.000114 -0.198667 0.980067
1741164993.776787 1.085692 -1.281577 -0.000016 -0.000075 -0.000114 -0.198667 0.980067
1741164993.826775 1.085772 -1.281534 -0.000016 -0.000075 -0.000114 -0.193767 0.981048
1741164993.876787 1.085772 -1.281534 -0.000016 -0.000075 -0.000114 -0.193767 0.981048
1741164993.926781 1.085763 -1.281538 -0.000011 -0.000008 0.000041 -0.193766 0.981048
1741164993.976788 1.085763 -1.281538 -0.000011 -0.000008 0.000041 -0.193766 0.981048
1741164994.026786 1.085754 -1.281542 -0.000016 -0.000075 -0.000114 -0.193765 0.981048
1741164994.076788 1.085754 -1.281542 -0.000016 -0.000075 -0.000114 -0.193765 0.981048
1741164994.126776 1.085746 -1.281547 -0.000016 -0.000075 -0.000114 -0.193764 0.981048
1741164994.176791 1.085746 -1.281547 -0.000016 -0.000075 -0.000114 -0.193764 0.981048
1741164994.226775 1.085737 -1.281551 -0.000016 -0.000075 -0.000114 -0.193763 0.981048
1741164994.276785 1.085737 -1.281551 -0.000016 -0.000075 -0.000114 -0.193763 0.981048
1741164994.326776 1.085728 -1.281555 -0.000011 -0.000008 0.000041 -0.193761 0.981049
1741164994.376791 1.085728 -1.281555 -0.000011 -0.000008 0.000041 -0.193761 0.981049
1741164994.426795 1.085719 -1.281559 -0.000011 -0.000008 0.000041 -0.193760 0.981049
1741164994.476791 1.085719 -1.281559 -0.000011 -0.000008 0.000041 -0.193760 0.981049
1741164994.526794 1.085710 -1.281564 -0.000011 -0.000008 0.000041 -0.193759 0.981049
1741164994.576789 1.085710 -1.281564 -0.000011 -0.000008 0.000041 -0.193759 0.981049
1741164994.626778 1.085702 -1.281568 -0.000016 -0.000075 -0.000114 -0.193758 0.981049
1741164994.676793 1.085702 -1.281568 -0.000016 -0.000075 -0.000114 -0.193758 0.981049
1741164994.726777 1.085693 -1.281572 -0.000016 -0.000075 -0.000114 -0.193757 0.981050
1741164994.776800 1.085693 -1.281572 -0.000016 -0.000075 -0.000114 -0.193757 0.981050
1741164994.826782 1.085684 -1.281577 -0.000016 -0.000075 -0.000114 -0.193756 0.981050
1741164994.876783 1.085684 -1.281577 -0.000016 -0.000075 -0.000114 -0.193756 0.981050
1741164994.926776 1.085676 -1.281581 -0.000016 -0.000075 -0.000114 -0.193755 0.981050
1741164994.976791 1.085676 -1.281581 -0.000016 -0.000075 -0.000114 -0.193755 0.981050
1741164995.026777 1.085667 -1.281585 -0.000016 -0.000075 -0.000114 -0.193753 0.981050
1741164995.076784 1.085667 -1.281585 -0.000016 -0.000075 -0.000114 -0.193753 0.981050
1741164995.126773 1.085658 -1.281590 -0.000016 -0.000075 -0.000114 -0.193752 0.981050
1741164995.176787 1.085658 -1.281590 -0.000016 -0.000075 -0.000114 -0.193752 0.981050
1741164995.226782 1.085649 -1.281594 -0.000011 -0.000008 0.000041 -0.193751 0.981051
1741164995.276787 1.085649 -1.281594 -0.000011 -0.000008 0.000041 -0.193751 0.981051
1741164995.326778 1.085641 -1.281598 -0.000016 -0.000075 -0.000114 -0.193750 0.981051
1741164995.376787 1.085641 -1.281598 -0.000016 -0.000075 -0.000114 -0.193750 0.981051
1741164995.426782 1.095015 -1.285338 -0.000016 -0.000075 -0.000114 -0.193767 0.981048
1741164995.476794 1.095015 -1.285338 -0.000016 -0.000075 -0.000114 -0.193767 0.981048
1741164995.526775 1.104272 -1.289137 -0.000014 -0.000067 -0.000102 -0.193768 0.981047
1741164995.576784 1.104272 -1.289137 -0.000014 -0.000067 -0.000102 -0.193768 0.981047
1741164995.626776 1.113520 -1.292937 -0.000011 -0.000008 0.000041 -0.193771 0.981047
1741164995.676791 1.113520 -1.292937 -0.000011 -0.000008 0.000041 -0.193771 0.981047
1741164995.726781 1.122768 -1.296740 -0.000011 -0.000008 0.000041 -0.193770 0.981047
1741164995.776796 1.122768 -1.296740 -0.000011 -0.000008 0.000041 -0.193770 0.981047
1741164995.826781 1.132020 -1.300542 -0.000013 -0.000076 -0.000231 -0.193767 0.981047
1741164995.876799 1.132020 -1.300542 -0.000013 -0.000076 -0.000231 -0.193767 0.981047
1741164995.926774 1.141267 -1.304345 -0.000011 -0.000008 0.000041 -0.193767 0.981048
1741164995.976786 1.141267 -1.304345 -0.000011 -0.000008 0.000041 -0.193767 0.981048
1741164996.026777 1.150515 -1.308146 -0.000016 -0.000075 -0.000114 -0.193771 0.981047
1741164996.076788 1.150515 -1.308146 -0.000016 -0.000075 -0.000114 -0.193771 0.981047
1741164996.126778 1.159764 -1.311949 -0.000016 -0.000075 -0.000114 -0.193767 0.981048
1741164996.176787 1.159764 -1.311949 -0.000016 -0.000075 -0.000114 -0.193767 0.981048
1741164996.226778 1.169012 -1.315751 -0.000011 -0.000008 0.000041 -0.193767 0.981048
1741164996.276787 1.169012 -1.315751 -0.000011 -0.000008 0.000041 -0.193767 0.981048
1741164996.326779 1.178261 -1.319554 -0.000016 -0.000075 -0.000114 -0.193767 0.981048
1741164996.376793 1.178261 -1.319554 -0.000016 -0.000075 -0.000114 -0.193767 0.981048
1741164996.426780 1.187509 -1.323356 -0.000016 -0.000075 -0.000114 -0.193767 0.981048
1741164996.476796 1.187509 -1.323356 -0.000016 -0.000075 -0.000114 -0.193767 0.981048
1741164996.526777 1.196759 -1.327156 -0.000011 -0.000008 0.000041 -0.193770 0.981047
1741164996.576789 1.196759 -1.327156 -0.000011 -0.000008 0.000041 -0.193770 0.981047
1741164996.626777 1.206008 -1.330959 -0.000011 -0.000008 0.000041 -0.193767 0.981048
1741164996.676795 1.206008 -1.330959 -0.000011 -0.000008 0.000041 -0.193767 0.981048
1741164996.726781 1.215256 -1.334762 -0.000011 -0.000008 0.000041 -0.193767 0.981048
1741164996.776789 1.215256 -1.334762 -0.000011 -0.000008 0.000041 -0.193767 0.981048
1741164996.826775 1.215247 -1.334766 -0.000016 -0.000075 -0.000114 -0.193766 0.981048
1741164996.876790 1.215247 -1.334766 -0.000016 -0.000075 -0.000114 -0.193766 0.981048
1741164996.926779 1.233760 -1.342363 -0.000013 -0.000076 -0.000231 -0.193767 0.981047
1741164996.976787 1.233760 -1.342363 -0.000013 -0.000076 -0.000231 -0.193767 0.981047
1741164997.026780 1.243008 -1.346165 -0.000011 -0.000008 0.000041 -0.193767 0.981048
1741164997.076860 1.243008 -1.346165 -0.000011 -0.000008 0.000041 -0.193767 0.981048
1741164997.126783 1.252256 -1.349967 -0.000011 -0.000008 0.000041 -0.193767 0.981048
1741164997.176805 1.252256 -1.349967 -0.000011 -0.000008 0.000041 -0.193767 0.981048
1741164997.226789 1.261504 -1.353770 -0.000011 -0.000008 0.000041 -0.193767 0.981048
1741164997.276803 1.261504 -1.353770 -0.000011 -0.000008 0.000041 -0.193767 0.981048
1741164997.326774 1.270753 -1.357572 -0.000011 -0.000008 0.000041 -0.193767 0.981048
1741164997.376792 1.270753 -1.357572 -0.000011 -0.000008 0.000041 -0.193767 0.981048
1741164997.426776 1.280001 -1.361373 -0.000016 -0.000075 -0.000114 -0.193770 0.981047
1741164997.476748 1.280001 -1.361373 -0.000016 -0.000075 -0.000114 -0.193770 0.981047
1741164997.526788 1.289249 -1.365175 -0.000016 -0.000075 -0.000114 -0.193770 0.981047
1741164997.576789 1.289249 -1.365175 -0.000016 -0.000075 -0.000114 -0.193770 0.981047
1741164997.626776 1.298497 -1.368977 -0.000016 -0.000075 -0.000114 -0.193770 0.981047
1741164997.676787 1.298497 -1.368977 -0.000016 -0.000075 -0.000114 -0.193770 0.981047
1741164997.726778 1.307746 -1.372781 -0.000016 -0.000075 -0.000114 -0.193767 0.981048
1741164997.776794 1.307746 -1.372781 -0.000016 -0.000075 -0.000114 -0.193767 0.981048
1741164997.826777 1.316994 -1.376583 -0.000016 -0.000075 -0.000114 -0.193767 0.981048
1741164997.876795 1.316994 -1.376583 -0.000016 -0.000075 -0.000114 -0.193767 0.981048
1741164997.926779 1.335499 -1.384182 -0.000016 0.000110 0.000086 -0.193769 0.981047
1741164997.976804 1.335499 -1.384182 -0.000016 0.000110 0.000086 -0.193769 0.981047
1741164998.026778 1.335491 -1.384186 -0.000011 -0.000008 0.000041 -0.193770 0.981047
1741164998.076789 1.335491 -1.384186 -0.000011 -0.000008 0.000041 -0.193770 0.981047
1741164998.126809 1.344744 -1.387988 -0.000011 -0.000008 0.000041 -0.193767 0.981048
1741164998.176795 1.344744 -1.387988 -0.000011 -0.000008 0.000041 -0.193767 0.981048
1741164998.226775 1.353992 -1.391790 -0.000011 -0.000008 0.000041 -0.193767 0.981048
1741164998.276805 1.353992 -1.391790 -0.000011 -0.000008 0.000041 -0.193767 0.981048
1741164998.326776 1.363241 -1.395592 -0.000016 -0.000075 -0.000114 -0.193767 0.981048
1741164998.376790 1.363241 -1.395592 -0.000016 -0.000075 -0.000114 -0.193767 0.981048
1741164998.426775 1.372490 -1.399394 -0.000011 -0.000008 0.000041 -0.193767 0.981048
1741164998.476791 1.372490 -1.399394 -0.000011 -0.000008 0.000041 -0.193767 0.981048
1741164998.526778 1.381738 -1.403195 -0.000011 -0.000008 0.000041 -0.193770 0.981047
1741164998.576799 1.381738 -1.403195 -0.000011 -0.000008 0.000041 -0.193770 0.981047
1741164998.626777 1.400243 -1.410796 -0.000010 -0.000012 0.000007 -0.193767 0.981048
1741164998.676793 1.400243 -1.410796 -0.000010 -0.000012 0.000007 -0.193767 0.981048
1741164998.726775 1.409492 -1.414599 -0.000016 -0.000074 -0.000113 -0.193768 0.981047
1741164998.776798 1.409492 -1.414599 -0.000016 -0.000074 -0.000113 -0.193768 0.981047
1741164998.826779 1.418740 -1.418401 -0.000011 -0.000008 0.000041 -0.193767 0.981048
1741164998.876794 1.418740 -1.418401 -0.000011 -0.000008 0.000041 -0.193767 0.981048
1741164998.926775 1.427988 -1.422204 -0.000016 -0.000075 -0.000114 -0.193767 0.981048
1741164998.976793 1.427988 -1.422204 -0.000016 -0.000075 -0.000114 -0.193767 0.981048
1741164999.026776 1.437236 -1.426004 -0.000011 -0.000008 0.000041 -0.193770 0.981047
1741164999.076785 1.437236 -1.426004 -0.000011 -0.000008 0.000041 -0.193770 0.981047
1741164999.126774 1.437227 -1.426009 -0.000016 -0.000075 -0.000114 -0.193769 0.981047
1741164999.176788 1.437227 -1.426009 -0.000016 -0.000075 -0.000114 -0.193769 0.981047
1741164999.226754 1.455737 -1.433608 -0.000010 -0.000007 0.000040 -0.193767 0.981048
1741164999.276787 1.455737 -1.433608 -0.000010 -0.000007 0.000040 -0.193767 0.981048
1741164999.326775 1.464985 -1.437410 -0.000011 -0.000008 0.000041 -0.193767 0.981048
1741164999.376802 1.464985 -1.437410 -0.000011 -0.000008 0.000041 -0.193767 0.981048
1741164999.426776 1.474234 -1.441213 -0.000016 -0.000075 -0.000114 -0.193767 0.981048
1741164999.476790 1.474234 -1.441213 -0.000016 -0.000075 -0.000114 -0.193767 0.981048
1741164999.526777 1.483482 -1.445015 -0.000011 -0.000008 0.000041 -0.193767 0.981048
1741164999.576785 1.483482 -1.445015 -0.000011 -0.000008 0.000041 -0.193767 0.981048
1741164999.626776 1.492730 -1.448817 -0.000016 -0.000075 -0.000114 -0.193767 0.981048
1741164999.676795 1.492730 -1.448817 -0.000016 -0.000075 -0.000114 -0.193767 0.981048
1741164999.726781 1.501978 -1.452618 -0.000016 -0.000075 -0.000114 -0.193770 0.981047
1741164999.776804 1.501978 -1.452618 -0.000016 -0.000075 -0.000114 -0.193770 0.981047
1741164999.826782 1.511227 -1.456421 -0.000016 -0.000075 -0.000114 -0.193770 0.981047
1741164999.876789 1.511227 -1.456421 -0.000016 -0.000075 -0.000114 -0.193770 0.981047
1741164999.926775 1.520475 -1.460223 -0.000016 -0.000075 -0.000114 -0.193770 0.981047
1741164999.976786 1.520475 -1.460223 -0.000016 -0.000075 -0.000114 -0.193770 0.981047
1741165000.026780 1.529723 -1.464027 -0.000016 -0.000075 -0.000114 -0.193767 0.981048
1741165000.076788 1.529723 -1.464027 -0.000016 -0.000075 -0.000114 -0.193767 0.981048
1741165000.126778 1.538978 -1.467824 -0.000011 -0.000008 0.000041 -0.193771 0.981047
1741165000.176789 1.538978 -1.467824 -0.000011 -0.000008 0.000041 -0.193771 0.981047
1741165000.226783 1.548226 -1.471626 -0.000011 -0.000008 0.000041 -0.193771 0.981047
1741165000.276796 1.548226 -1.471626 -0.000011 -0.000008 0.000041 -0.193771 0.981047
1741165000.326784 1.557475 -1.475430 -0.000016 -0.000075 -0.000114 -0.193767 0.981048
1741165000.376789 1.557475 -1.475430 -0.000016 -0.000075 -0.000114 -0.193767 0.981048
1741165000.426776 1.566723 -1.479231 -0.000016 -0.000075 -0.000114 -0.193771 0.981047
1741165000.476793 1.566723 -1.479231 -0.000016 -0.000075 -0.000114 -0.193771 0.981047
1741165000.526776 1.575971 -1.483033 -0.000011 -0.000008 0.000041 -0.193770 0.981047
1741165000.576793 1.575971 -1.483033 -0.000011 -0.000008 0.000041 -0.193770 0.981047
1741165000.626780 1.585220 -1.486837 -0.000011 -0.000008 0.000041 -0.193767 0.981048
1741165000.676798 1.585220 -1.486837 -0.000011 -0.000008 0.000041 -0.193767 0.981048
1741165000.726776 1.594468 -1.490639 -0.000016 -0.000075 -0.000114 -0.193767 0.981048
1741165000.776831 1.594468 -1.490639 -0.000016 -0.000075 -0.000114 -0.193767 0.981048
1741165000.826777 1.603716 -1.494442 -0.000011 -0.000008 0.000041 -0.193766 0.981048
1741165000.876789 1.603716 -1.494442 -0.000011 -0.000008 0.000041 -0.193766 0.981048
1741165000.926775 1.622221 -1.502041 -0.000007 0.000062 0.000039 -0.193766 0.981048
1741165000.976739 1.622221 -1.502041 -0.000007 0.000062 0.000039 -0.193766 0.981048
1741165001.026779 1.631470 -1.505843 -0.000011 -0.000008 0.000042 -0.193771 0.981047
1741165001.076799 1.631470 -1.505843 -0.000011 -0.000008 0.000042 -0.193771 0.981047
1741165001.126779 1.640718 -1.509646 -0.000016 -0.000075 -0.000115 -0.193767 0.981047
1741165001.176848 1.640718 -1.509646 -0.000016 -0.000075 -0.000115 -0.193767 0.981047
1741165001.226778 1.640709 -1.509651 -0.000016 -0.000075 -0.000114 -0.193766 0.981048
1741165001.276794 1.640709 -1.509651 -0.000016 -0.000075 -0.000114 -0.193766 0.981048
1741165001.326780 1.649963 -1.513450 -0.000011 -0.000008 0.000041 -0.193767 0.981048
1741165001.376791 1.649963 -1.513450 -0.000011 -0.000008 0.000041 -0.193767 0.981048
1741165001.426774 1.659212 -1.517251 -0.000016 -0.000075 -0.000114 -0.193770 0.981047
1741165001.476794 1.659212 -1.517251 -0.000016 -0.000075 -0.000114 -0.193770 0.981047
1741165001.526778 1.668460 -1.521053 -0.000016 -0.000075 -0.000114 -0.193770 0.981047
1741165001.576794 1.668460 -1.521053 -0.000016 -0.000075 -0.000114 -0.193770 0.981047
1741165001.626776 1.686964 -1.528655 0.000000 0.000000 0.000000 -0.193767 0.981048
1741165001.676830 1.686964 -1.528655 0.000000 0.000000 0.000000 -0.193767 0.981048
1741165001.726776 1.696214 -1.532456 -0.000019 -0.000106 -0.000106 -0.193770 0.981047
1741165001.776788 1.696214 -1.532456 -0.000019 -0.000106 -0.000106 -0.193770 0.981047
1741165001.826777 1.705462 -1.536258 -0.000011 -0.000008 0.000041 -0.193771 0.981047
1741165001.876787 1.705462 -1.536258 -0.000011 -0.000008 0.000041 -0.193771 0.981047
1741165001.926779 1.714710 -1.540062 -0.000016 -0.000075 -0.000114 -0.193767 0.981047
1741165001.976791 1.714710 -1.540062 -0.000016 -0.000075 -0.000114 -0.193767 0.981047
1741165002.026778 1.723959 -1.543864 -0.000011 -0.000008 0.000041 -0.193767 0.981048
1741165002.076792 1.723959 -1.543864 -0.000011 -0.000008 0.000041 -0.193767 0.981048
1741165002.126788 1.733207 -1.547666 -0.000016 -0.000075 -0.000114 -0.193767 0.981048
1741165002.176793 1.733207 -1.547666 -0.000016 -0.000075 -0.000114 -0.193767 0.981048
1741165002.226781 1.742452 -1.551468 -0.000011 -0.000008 0.000041 -0.193770 0.981047
1741165002.276788 1.742452 -1.551468 -0.000011 -0.000008 0.000041 -0.193770 0.981047
1741165002.326788 1.751701 -1.555272 -0.000011 -0.000008 0.000041 -0.193766 0.981048
1741165002.376797 1.751701 -1.555272 -0.000011 -0.000008 0.000041 -0.193766 0.981048
1741165002.426782 1.770206 -1.562871 -0.000016 0.000110 0.000086 -0.193769 0.981047
1741165002.476787 1.770206 -1.562871 -0.000016 0.000110 0.000086 -0.193769 0.981047
1741165002.526778 1.779455 -1.566673 -0.000016 -0.000076 -0.000116 -0.193771 0.981047
1741165002.576788 1.779455 -1.566673 -0.000016 -0.000076 -0.000116 -0.193771 0.981047
1741165002.626779 1.788703 -1.570476 -0.000011 -0.000008 0.000041 -0.193767 0.981048
1741165002.676787 1.788703 -1.570476 -0.000011 -0.000008 0.000041 -0.193767 0.981048
1741165002.726781 1.788695 -1.570481 -0.000011 -0.000008 0.000041 -0.193766 0.981048
1741165002.776788 1.788695 -1.570481 -0.000011 -0.000008 0.000041 -0.193766 0.981048
1741165002.826784 1.797950 -1.574278 -0.000011 -0.000008 0.000041 -0.193770 0.981047
1741165002.876788 1.797950 -1.574278 -0.000011 -0.000008 0.000041 -0.193770 0.981047
1741165002.926781 1.807198 -1.578082 -0.000011 -0.000008 0.000041 -0.193767 0.981048
1741165002.976786 1.807198 -1.578082 -0.000011 -0.000008 0.000041 -0.193767 0.981048
1741165003.026777 1.816447 -1.581884 -0.000011 -0.000008 0.000041 -0.193767 0.981048
1741165003.076807 1.816447 -1.581884 -0.000011 -0.000008 0.000041 -0.193767 0.981048
1741165003.126776 1.825695 -1.585685 -0.000011 -0.000008 0.000041 -0.193770 0.981047
1741165003.176787 1.825695 -1.585685 -0.000011 -0.000008 0.000041 -0.193770 0.981047
1741165003.226778 1.834943 -1.589489 -0.000011 -0.000008 0.000041 -0.193766 0.981048
1741165003.276788 1.834943 -1.589489 -0.000011 -0.000008 0.000041 -0.193766 0.981048
1741165003.326777 1.853448 -1.597088 -0.000016 0.000110 0.000086 -0.193769 0.981047
1741165003.376784 1.853448 -1.597088 -0.000016 0.000110 0.000086 -0.193769 0.981047
1741165003.426777 1.862697 -1.600891 -0.000016 -0.000074 -0.000113 -0.193768 0.981047
1741165003.476793 1.862697 -1.600891 -0.000016 -0.000074 -0.000113 -0.193768 0.981047
1741165003.526776 1.871945 -1.604694 -0.000016 -0.000075 -0.000115 -0.193767 0.981047
1741165003.576783 1.871945 -1.604694 -0.000016 -0.000075 -0.000115 -0.193767 0.981047
1741165003.626778 1.881193 -1.608494 -0.000011 -0.000008 0.000041 -0.193770 0.981047
1741165003.676797 1.881193 -1.608494 -0.000011 -0.000008 0.000041 -0.193770 0.981047
1741165003.726776 1.890439 -1.612298 -0.000016 -0.000075 -0.000114 -0.193770 0.981047
1741165003.776789 1.890439 -1.612298 -0.000016 -0.000075 -0.000114 -0.193770 0.981047
1741165003.826777 1.899687 -1.616100 -0.000011 -0.000008 0.000041 -0.193770 0.981047
1741165003.876787 1.899687 -1.616100 -0.000011 -0.000008 0.000041 -0.193770 0.981047
1741165003.926775 1.908936 -1.619904 -0.000016 -0.000075 -0.000114 -0.193767 0.981048
1741165003.976784 1.908936 -1.619904 -0.000016 -0.000075 -0.000114 -0.193767 0.981048
1741165004.026778 1.918190 -1.623702 -0.000011 -0.000008 0.000041 -0.193771 0.981047
1741165004.076790 1.918190 -1.623702 -0.000011 -0.000008 0.000041 -0.193771 0.981047
1741165004.126775 1.927438 -1.627505 -0.000011 -0.000008 0.000041 -0.193767 0.981048
1741165004.176783 1.927438 -1.627505 -0.000011 -0.000008 0.000041 -0.193767 0.981048
1741165004.226779 1.936687 -1.631306 -0.000011 -0.000008 0.000041 -0.193770 0.981047
1741165004.276799 1.936687 -1.631306 -0.000011 -0.000008 0.000041 -0.193770 0.981047
1741165004.326787 1.945935 -1.635110 -0.000011 -0.000008 0.000041 -0.193767 0.981048
1741165004.376793 1.945935 -1.635110 -0.000011 -0.000008 0.000041 -0.193767 0.981048
1741165004.426779 1.955182 -1.638913 -0.000011 -0.000008 0.000041 -0.193767 0.981048
1741165004.476802 1.955182 -1.638913 -0.000011 -0.000008 0.000041 -0.193767 0.981048
1741165004.526786 1.964431 -1.642713 -0.000016 -0.000075 -0.000114 -0.193770 0.981047
1741165004.576802 1.964431 -1.642713 -0.000016 -0.000075 -0.000114 -0.193770 0.981047
1741165004.626775 1.973680 -1.646516 -0.000011 -0.000008 0.000041 -0.193770 0.981047
1741165004.676801 1.973680 -1.646516 -0.000011 -0.000008 0.000041 -0.193770 0.981047
1741165004.726774 1.992184 -1.654117 -0.000010 -0.000012 0.000007 -0.193767 0.981048
1741165004.776793 1.992184 -1.654117 -0.000010 -0.000012 0.000007 -0.193767 0.981048
1741165004.826776 2.001434 -1.657920 -0.000015 -0.000072 -0.000110 -0.193768 0.981047
1741165004.876797 2.001434 -1.657920 -0.000015 -0.000072 -0.000110 -0.193768 0.981047
1741165004.926777 2.010682 -1.661720 -0.000016 -0.000075 -0.000115 -0.193771 0.981047
1741165004.976795 2.010682 -1.661720 -0.000016 -0.000075 -0.000115 -0.193771 0.981047
1741165005.026778 2.019930 -1.665523 -0.000016 -0.000075 -0.000114 -0.193771 0.981047
1741165005.076793 2.019930 -1.665523 -0.000016 -0.000075 -0.000114 -0.193771 0.981047
1741165005.126780 2.029179 -1.669325 -0.000016 -0.000075 -0.000114 -0.193771 0.981047
1741165005.176797 2.029179 -1.669325 -0.000016 -0.000075 -0.000114 -0.193771 0.981047
1741165005.226780 2.038427 -1.673128 -0.000011 -0.000008 0.000041 -0.193767 0.981048
1741165005.276785 2.038427 -1.673128 -0.000011 -0.000008 0.000041 -0.193767 0.981048
1741165005.326776 2.038418 -1.673133 -0.000011 -0.000008 0.000041 -0.193766 0.981048
1741165005.376790 2.038418 -1.673133 -0.000011 -0.000008 0.000041 -0.193766 0.981048
1741165005.426778 2.047672 -1.676930 -0.000011 -0.000008 0.000041 -0.193770 0.981047
1741165005.476802 2.047672 -1.676930 -0.000011 -0.000008 0.000041 -0.193770 0.981047
1741165005.526779 2.056921 -1.680733 -0.000016 -0.000075 -0.000114 -0.193770 0.981047
1741165005.576796 2.056921 -1.680733 -0.000016 -0.000075 -0.000114 -0.193770 0.981047
1741165005.626778 2.075426 -1.688333 -0.000016 -0.000076 -0.000116 -0.193771 0.981047
1741165005.676792 2.075426 -1.688333 -0.000016 -0.000076 -0.000116 -0.193771 0.981047
1741165005.726779 2.084674 -1.692137 -0.000011 -0.000008 0.000041 -0.193767 0.981048
1741165005.776794 2.084674 -1.692137 -0.000011 -0.000008 0.000041 -0.193767 0.981048
1741165005.826779 2.093923 -1.695939 -0.000016 -0.000075 -0.000114 -0.193767 0.981047
1741165005.876787 2.093923 -1.695939 -0.000016 -0.000075 -0.000114 -0.193767 0.981047
1741165005.926779 2.103172 -1.699741 -0.000016 -0.000075 -0.000114 -0.193767 0.981048
1741165005.976789 2.103172 -1.699741 -0.000016 -0.000075 -0.000114 -0.193767 0.981048
1741165006.026776 2.112420 -1.703542 -0.000016 -0.000075 -0.000114 -0.193771 0.981047
1741165006.076787 2.112420 -1.703542 -0.000016 -0.000075 -0.000114 -0.193771 0.981047
1741165006.126779 2.121669 -1.707344 -0.000016 -0.000075 -0.000114 -0.193771 0.981047
1741165006.176762 2.121669 -1.707344 -0.000016 -0.000075 -0.000114 -0.193771 0.981047
1741165006.226760 2.130917 -1.711148 -0.000011 -0.000008 0.000041 -0.193767 0.981048
1741165006.276796 2.130917 -1.711148 -0.000011 -0.000008 0.000041 -0.193767 0.981048
1741165006.326776 2.140165 -1.714949 -0.000016 -0.000075 -0.000114 -0.193770 0.981047
1741165006.376826 2.140165 -1.714949 -0.000016 -0.000075 -0.000114 -0.193770 0.981047
1741165006.426776 2.149413 -1.718752 -0.000016 -0.000075 -0.000114 -0.193767 0.981048
1741165006.476788 2.149413 -1.718752 -0.000016 -0.000075 -0.000114 -0.193767 0.981048
1741165006.526791 2.158666 -1.722551 -0.000016 -0.000075 -0.000114 -0.193771 0.981047
1741165006.576793 2.158666 -1.722551 -0.000016 -0.000075 -0.000114 -0.193771 0.981047
1741165006.626776 2.167914 -1.726353 -0.000011 -0.000008 0.000041 -0.193770 0.981047
1741165006.676791 2.167914 -1.726353 -0.000011 -0.000008 0.000041 -0.193770 0.981047
1741165006.726776 2.177162 -1.730156 -0.000016 -0.000075 -0.000114 -0.193770 0.981047
1741165006.776789 2.177162 -1.730156 -0.000016 -0.000075 -0.000114 -0.193770 0.981047
1741165006.826787 2.186411 -1.733958 -0.000011 -0.000008 0.000041 -0.193770 0.981047
1741165006.876797 2.186411 -1.733958 -0.000011 -0.000008 0.000041 -0.193770 0.981047
1741165006.926779 2.204914 -1.741560 -0.000007 0.000062 0.000039 -0.193766 0.981048
1741165006.976806 2.204914 -1.741560 -0.000007 0.000062 0.000039 -0.193766 0.981048
1741165007.026781 2.214162 -1.745362 -0.000016 -0.000075 -0.000115 -0.193771 0.981047
1741165007.076789 2.214162 -1.745362 -0.000016 -0.000075 -0.000115 -0.193771 0.981047
1741165007.126777 2.223410 -1.749164 -0.000011 -0.000008 0.000041 -0.193771 0.981047
1741165007.176794 2.223410 -1.749164 -0.000011 -0.000008 0.000041 -0.193771 0.981047
1741165007.226778 2.232659 -1.752967 -0.000011 -0.000008 0.000041 -0.193767 0.981048
1741165007.276791 2.232659 -1.752967 -0.000011 -0.000008 0.000041 -0.193767 0.981048
1741165007.326800 2.241907 -1.756770 -0.000016 -0.000075 -0.000114 -0.193767 0.981048
1741165007.376799 2.241907 -1.756770 -0.000016 -0.000075 -0.000114 -0.193767 0.981048
1741165007.426777 2.251155 -1.760571 -0.000016 -0.000075 -0.000114 -0.193770 0.981047
1741165007.476786 2.251155 -1.760571 -0.000016 -0.000075 -0.000114 -0.193770 0.981047
1741165007.526775 2.251146 -1.760575 -0.000011 -0.000008 0.000041 -0.193769 0.981047
1741165007.576789 2.251146 -1.760575 -0.000011 -0.000008 0.000041 -0.193769 0.981047
1741165007.626778 2.269656 -1.768174 -0.000016 -0.000075 -0.000114 -0.193771 0.981047
1741165007.676817 2.269656 -1.768174 -0.000016 -0.000075 -0.000114 -0.193771 0.981047
1741165007.726775 2.278904 -1.771977 -0.000011 -0.000008 0.000041 -0.193767 0.981048
1741165007.776786 2.278904 -1.771977 -0.000011 -0.000008 0.000041 -0.193767 0.981048
1741165007.826777 2.288152 -1.775778 -0.000011 -0.000008 0.000041 -0.193770 0.981047
1741165007.876789 2.288152 -1.775778 -0.000011 -0.000008 0.000041 -0.193770 0.981047
1741165007.926774 2.297400 -1.779582 -0.000016 -0.000075 -0.000114 -0.193767 0.981048
1741165007.976785 2.297400 -1.779582 -0.000016 -0.000075 -0.000114 -0.193767 0.981048
1741165008.026775 2.306649 -1.783384 -0.000011 -0.000008 0.000041 -0.193767 0.981048
1741165008.076796 2.306649 -1.783384 -0.000011 -0.000008 0.000041 -0.193767 0.981048
1741165008.126773 2.315897 -1.787185 -0.000011 -0.000008 0.000041 -0.193770 0.981047
1741165008.176783 2.315897 -1.787185 -0.000011 -0.000008 0.000041 -0.193770 0.981047
1741165008.226776 2.325145 -1.790987 -0.000016 -0.000075 -0.000114 -0.193770 0.981047
1741165008.276791 2.325145 -1.790987 -0.000016 -0.000075 -0.000114 -0.193770 0.981047
1741165008.326776 2.334393 -1.794790 -0.000016 -0.000075 -0.000114 -0.193770 0.981047
1741165008.376789 2.334393 -1.794790 -0.000016 -0.000075 -0.000114 -0.193770 0.981047
1741165008.426780 2.352899 -1.802391 -0.000005 -0.000008 0.000023 -0.193767 0.981047
1741165008.476820 2.352899 -1.802391 -0.000005 -0.000008 0.000023 -0.193767 0.981047
1741165008.526798 2.362148 -1.806192 -0.000011 -0.000008 0.000042 -0.193771 0.981047
1741165008.576805 2.362148 -1.806192 -0.000011 -0.000008 0.000042 -0.193771 0.981047
1741165008.626781 2.362139 -1.806196 -0.000011 -0.000008 0.000041 -0.193770 0.981047
1741165008.676796 2.362139 -1.806196 -0.000011 -0.000008 0.000041 -0.193770 0.981047
1741165008.726834 2.371393 -1.809997 -0.000016 -0.000075 -0.000114 -0.193767 0.981048
1741165008.776790 2.371393 -1.809997 -0.000016 -0.000075 -0.000114 -0.193767 0.981048
1741165008.826775 2.380641 -1.813799 -0.000011 -0.000008 0.000041 -0.193767 0.981048
1741165008.876802 2.380641 -1.813799 -0.000011 -0.000008 0.000041 -0.193767 0.981048
1741165008.926804 2.380632 -1.813803 -0.000011 -0.000008 0.000041 -0.193765 0.981048
1741165008.976795 2.380632 -1.813803 -0.000011 -0.000008 0.000041 -0.193765 0.981048
1741165009.026790 2.380623 -1.813808 -0.000011 -0.000008 0.000041 -0.193764 0.981048
1741165009.076789 2.380623 -1.813808 -0.000011 -0.000008 0.000041 -0.193764 0.981048
1741165009.126779 2.380615 -1.813812 -0.000016 -0.000075 -0.000114 -0.193763 0.981048
1741165009.176794 2.380615 -1.813812 -0.000016 -0.000075 -0.000114 -0.193763 0.981048
1741165009.226774 2.380606 -1.813816 -0.000011 -0.000008 0.000041 -0.193762 0.981049
1741165009.276788 2.380606 -1.813816 -0.000011 -0.000008 0.000041 -0.193762 0.981049
1741165009.326778 2.380597 -1.813821 -0.000011 -0.000008 0.000041 -0.193761 0.981049
1741165009.376784 2.380597 -1.813821 -0.000011 -0.000008 0.000041 -0.193761 0.981049
1741165009.426776 2.380588 -1.813825 -0.000011 -0.000008 0.000041 -0.193760 0.981049
1741165009.476790 2.380588 -1.813825 -0.000011 -0.000008 0.000041 -0.193760 0.981049
1741165009.526790 2.380580 -1.813829 -0.000016 -0.000075 -0.000114 -0.193759 0.981049
1741165009.576790 2.380580 -1.813829 -0.000016 -0.000075 -0.000114 -0.193759 0.981049
1741165009.626779 2.380571 -1.813834 -0.000016 -0.000075 -0.000114 -0.193758 0.981049
1741165009.676790 2.380571 -1.813834 -0.000016 -0.000075 -0.000114 -0.193758 0.981049
1741165009.726780 2.380562 -1.813838 -0.000011 -0.000008 0.000041 -0.193756 0.981050
1741165009.776797 2.380562 -1.813838 -0.000011 -0.000008 0.000041 -0.193756 0.981050
1741165009.826778 2.380553 -1.813842 -0.000011 -0.000008 0.000041 -0.193755 0.981050
1741165009.876790 2.380553 -1.813842 -0.000011 -0.000008 0.000041 -0.193755 0.981050
1741165009.926778 2.389888 -1.817601 -0.000016 -0.000075 -0.000114 -0.193770 0.981047
1741165009.976788 2.389888 -1.817601 -0.000016 -0.000075 -0.000114 -0.193770 0.981047
1741165010.026777 2.408394 -1.825202 -0.000005 -0.000008 0.000023 -0.193767 0.981047
1741165010.076805 2.408394 -1.825202 -0.000005 -0.000008 0.000023 -0.193767 0.981047
1741165010.126799 2.417642 -1.829004 -0.000011 -0.000008 0.000041 -0.193767 0.981048
1741165010.176791 2.417642 -1.829004 -0.000011 -0.000008 0.000041 -0.193767 0.981048
1741165010.226777 2.417633 -1.829009 -0.000016 -0.000075 -0.000114 -0.193766 0.981048
1741165010.276788 2.417633 -1.829009 -0.000016 -0.000075 -0.000114 -0.193766 0.981048
1741165010.326780 2.417625 -1.829013 -0.000011 -0.000008 0.000041 -0.193765 0.981048
1741165010.376790 2.417625 -1.829013 -0.000011 -0.000008 0.000041 -0.193765 0.981048
1741165010.426776 2.417616 -1.829017 -0.000016 -0.000075 -0.000114 -0.193764 0.981048
1741165010.476788 2.417616 -1.829017 -0.000016 -0.000075 -0.000114 -0.193764 0.981048
1741165010.526775 2.417607 -1.829022 -0.000011 -0.000008 0.000041 -0.193763 0.981048
1741165010.576788 2.417607 -1.829022 -0.000011 -0.000008 0.000041 -0.193763 0.981048
1741165010.626776 2.417598 -1.829026 -0.000011 -0.000008 0.000041 -0.193761 0.981049
1741165010.676787 2.417598 -1.829026 -0.000011 -0.000008 0.000041 -0.193761 0.981049
1741165010.726783 2.417590 -1.829030 -0.000011 -0.000008 0.000041 -0.193760 0.981049
1741165010.776797 2.417590 -1.829030 -0.000011 -0.000008 0.000041 -0.193760 0.981049
1741165010.826778 2.417581 -1.829034 -0.000011 -0.000008 0.000041 -0.193759 0.981049
1741165010.876816 2.417581 -1.829034 -0.000011 -0.000008 0.000041 -0.193759 0.981049
1741165010.926776 2.417572 -1.829039 -0.000011 -0.000008 0.000041 -0.193758 0.981049
1741165010.976792 2.417572 -1.829039 -0.000011 -0.000008 0.000041 -0.193758 0.981049
1741165011.026779 2.417563 -1.829043 -0.000011 -0.000008 0.000041 -0.193757 0.981050
1741165011.076787 2.417563 -1.829043 -0.000011 -0.000008 0.000041 -0.193757 0.981050
1741165011.126728 2.417554 -1.829047 -0.000011 -0.000008 0.000041 -0.193756 0.981050
1741165011.176798 2.417554 -1.829047 -0.000011 -0.000008 0.000041 -0.193756 0.981050
1741165011.226776 2.417546 -1.829052 -0.000011 -0.000008 0.000041 -0.193755 0.981050
1741165011.276785 2.417546 -1.829052 -0.000011 -0.000008 0.000041 -0.193755 0.981050
1741165011.326773 2.417537 -1.829056 -0.000016 -0.000075 -0.000114 -0.193754 0.981050
1741165011.376782 2.417537 -1.829056 -0.000016 -0.000075 -0.000114 -0.193754 0.981050
1741165011.426810 2.417528 -1.829060 -0.000011 -0.000008 0.000041 -0.193752 0.981050
1741165011.476786 2.417528 -1.829060 -0.000011 -0.000008 0.000041 -0.193752 0.981050
1741165011.526776 2.417520 -1.829064 -0.000011 -0.000008 0.000041 -0.193751 0.981051
1741165011.576807 2.417520 -1.829064 -0.000011 -0.000008 0.000041 -0.193751 0.981051
1741165011.626776 2.417511 -1.829069 -0.000016 -0.000075 -0.000114 -0.193750 0.981051
1741165011.676802 2.417511 -1.829069 -0.000016 -0.000075 -0.000114 -0.193750 0.981051
1741165011.726778 2.417502 -1.829073 -0.000016 -0.000075 -0.000114 -0.193749 0.981051
1741165011.776786 2.417502 -1.829073 -0.000016 -0.000075 -0.000114 -0.193749 0.981051
1741165011.826776 2.417493 -1.829077 -0.000011 -0.000008 0.000041 -0.193748 0.981051
1741165011.876789 2.417493 -1.829077 -0.000011 -0.000008 0.000041 -0.193748 0.981051
1741165011.926775 2.417485 -1.829082 -0.000016 -0.000075 -0.000114 -0.193747 0.981052
1741165011.976792 2.417485 -1.829082 -0.000016 -0.000075 -0.000114 -0.193747 0.981052
1741165012.026780 2.417476 -1.829086 -0.000011 -0.000008 0.000041 -0.193745 0.981052
1741165012.076793 2.417476 -1.829086 -0.000011 -0.000008 0.000041 -0.193745 0.981052
1741165012.126779 2.417467 -1.829090 -0.000016 -0.000075 -0.000114 -0.193744 0.981052
1741165012.176785 2.417467 -1.829090 -0.000016 -0.000075 -0.000114 -0.193744 0.981052
1741165012.226779 2.417458 -1.829095 -0.000011 -0.000008 0.000041 -0.193743 0.981052
1741165012.276794 2.417458 -1.829095 -0.000011 -0.000008 0.000041 -0.193743 0.981052
1741165012.326782 2.417450 -1.829099 -0.000016 -0.000075 -0.000114 -0.193742 0.981053
1741165012.376786 2.417450 -1.829099 -0.000016 -0.000075 -0.000114 -0.193742 0.981053
1741165012.426783 2.417441 -1.829103 -0.000016 -0.000075 -0.000114 -0.193741 0.981053
1741165012.476828 2.417441 -1.829103 -0.000016 -0.000075 -0.000114 -0.193741 0.981053
1741165012.526781 2.417432 -1.829108 -0.000011 -0.000008 0.000041 -0.193739 0.981053
1741165012.576862 2.417432 -1.829108 -0.000011 -0.000008 0.000041 -0.193739 0.981053
1741165012.626779 2.417423 -1.829112 -0.000011 -0.000008 0.000041 -0.193738 0.981053
1741165012.676791 2.417423 -1.829112 -0.000011 -0.000008 0.000041 -0.193738 0.981053
1741165012.726779 2.417415 -1.829116 -0.000011 -0.000008 0.000041 -0.193737 0.981053
1741165012.776788 2.417415 -1.829116 -0.000011 -0.000008 0.000041 -0.193737 0.981053
1741165012.826776 2.417406 -1.829120 -0.000011 -0.000008 0.000041 -0.193736 0.981054
1741165012.876778 2.417406 -1.829120 -0.000011 -0.000008 0.000041 -0.193736 0.981054
1741165012.926780 2.417397 -1.829125 -0.000016 -0.000075 -0.000114 -0.193735 0.981054
1741165012.976790 2.417397 -1.829125 -0.000016 -0.000075 -0.000114 -0.193735 0.981054
1741165013.026777 2.417388 -1.829129 -0.000011 -0.000008 0.000041 -0.193734 0.981054
1741165013.076785 2.417388 -1.829129 -0.000011 -0.000008 0.000041 -0.193734 0.981054
1741165013.126777 2.401619 -1.808213 -0.000011 -0.000007 0.000042 -0.202819 0.979216
1741165013.176795 2.401619 -1.808213 -0.000011 -0.000007 0.000042 -0.202819 0.979216
1741165013.226778 2.401612 -1.808217 -0.000011 -0.000007 0.000041 -0.202819 0.979216
1741165013.276799 2.401612 -1.808217 -0.000011 -0.000007 0.000041 -0.202819 0.979216
1741165013.326782 2.401605 -1.808221 -0.000011 -0.000007 0.000041 -0.202819 0.979216
1741165013.376789 2.401605 -1.808221 -0.000011 -0.000007 0.000041 -0.202819 0.979216
1741165013.426779 2.401619 -1.808215 -0.000010 -0.000006 0.000038 -0.211353 0.977410
1741165013.476791 2.401619 -1.808215 -0.000010 -0.000006 0.000038 -0.211353 0.977410
1741165013.526775 2.401614 -1.808218 -0.000016 -0.000076 -0.000112 -0.211354 0.977409
1741165013.576794 2.401614 -1.808218 -0.000016 -0.000076 -0.000112 -0.211354 0.977409
1741165013.626777 2.401609 -1.808222 -0.000011 -0.000007 0.000041 -0.211355 0.977409
1741165013.676786 2.401609 -1.808222 -0.000011 -0.000007 0.000041 -0.211355 0.977409
1741165013.726780 2.401620 -1.808214 -0.000009 -0.000006 0.000034 -0.219874 0.975528
1741165013.776788 2.401620 -1.808214 -0.000009 -0.000006 0.000034 -0.219874 0.975528
1741165013.826776 2.401616 -1.808218 -0.000011 -0.000006 0.000041 -0.219876 0.975528
1741165013.876783 2.401616 -1.808218 -0.000011 -0.000006 0.000041 -0.219876 0.975528
1741165013.926779 2.401613 -1.808221 -0.000016 -0.000078 -0.000113 -0.219878 0.975527
1741165013.976791 2.401613 -1.808221 -0.000016 -0.000078 -0.000113 -0.219878 0.975527
1741165014.026776 2.401620 -1.808215 -0.000014 -0.000071 -0.000100 -0.228379 0.973572
1741165014.076787 2.401620 -1.808215 -0.000014 -0.000071 -0.000100 -0.228379 0.973572
1741165014.126778 2.401618 -1.808217 -0.000011 -0.000006 0.000042 -0.228381 0.973572
1741165014.176787 2.401618 -1.808217 -0.000011 -0.000006 0.000042 -0.228381 0.973572
1741165014.226779 2.401616 -1.808220 -0.000011 -0.000006 0.000042 -0.228382 0.973572
1741165014.276788 2.401616 -1.808220 -0.000011 -0.000006 0.000042 -0.228382 0.973572
1741165014.326775 2.401620 -1.808214 -0.000018 -0.000107 -0.000098 -0.236869 0.971542
1741165014.376798 2.401620 -1.808214 -0.000018 -0.000107 -0.000098 -0.236869 0.971542
1741165014.426776 2.401619 -1.808215 -0.000016 -0.000081 -0.000112 -0.236870 0.971541
1741165014.476794 2.401619 -1.808215 -0.000016 -0.000081 -0.000112 -0.236870 0.971541
1741165014.526776 2.401619 -1.808217 -0.000016 -0.000081 -0.000112 -0.236871 0.971541
1741165014.576795 2.401619 -1.808217 -0.000016 -0.000081 -0.000112 -0.236871 0.971541
1741165014.626779 2.401620 -1.808214 -0.000010 -0.000005 0.000039 -0.245336 0.969438
1741165014.676787 2.401620 -1.808214 -0.000010 -0.000005 0.000039 -0.245336 0.969438
1741165014.726776 2.401620 -1.808215 -0.000011 -0.000006 0.000043 -0.245336 0.969438
1741165014.776789 2.401620 -1.808215 -0.000011 -0.000006 0.000043 -0.245336 0.969438
1741165014.826776 2.401620 -1.808216 -0.000011 -0.000006 0.000043 -0.245336 0.969438
1741165014.876791 2.401620 -1.808216 -0.000011 -0.000006 0.000043 -0.245336 0.969438
1741165014.926778 2.401620 -1.808217 -0.000016 -0.000083 -0.000112 -0.245337 0.969438
1741165014.976801 2.401620 -1.808217 -0.000016 -0.000083 -0.000112 -0.245337 0.969438
1741165015.026779 2.401620 -1.808213 -0.000011 -0.000005 0.000042 -0.253789 0.967260
1741165015.076807 2.401620 -1.808213 -0.000011 -0.000005 0.000042 -0.253789 0.967260
1741165015.126783 2.401619 -1.808213 -0.000011 -0.000005 0.000043 -0.253788 0.967260
1741165015.176788 2.401619 -1.808213 -0.000011 -0.000005 0.000043 -0.253788 0.967260
1741165015.226778 2.401619 -1.808213 -0.000011 -0.000005 0.000043 -0.253786 0.967260
1741165015.276794 2.401619 -1.808213 -0.000011 -0.000005 0.000043 -0.253786 0.967260
1741165015.326776 2.401620 -1.808214 -0.000005 -0.000030 -0.000024 -0.262216 0.965009
1741165015.376798 2.401620 -1.808214 -0.000005 -0.000030 -0.000024 -0.262216 0.965009
1741165015.426787 2.401619 -1.808213 -0.000011 -0.000005 0.000043 -0.262214 0.965010
1741165015.476792 2.401619 -1.808213 -0.000011 -0.000005 0.000043 -0.262214 0.965010
1741165015.526779 2.401619 -1.808212 -0.000011 -0.000005 0.000044 -0.262211 0.965010
1741165015.576793 2.401619 -1.808212 -0.000011 -0.000005 0.000044 -0.262211 0.965010
1741165015.626781 2.401620 -1.808214 -0.000004 0.000037 0.000019 -0.270627 0.962684
1741165015.676797 2.401620 -1.808214 -0.000004 0.000037 0.000019 -0.270627 0.962684
1741165015.726778 2.401619 -1.808212 -0.000011 -0.000005 0.000044 -0.270625 0.962685
1741165015.776784 2.401619 -1.808212 -0.000011 -0.000005 0.000044 -0.270625 0.962685
1741165015.826777 2.401619 -1.808210 -0.000011 -0.000005 0.000044 -0.270621 0.962686
1741165015.876787 2.401619 -1.808210 -0.000011 -0.000005 0.000044 -0.270621 0.962686
1741165015.926779 2.401619 -1.808208 -0.000011 -0.000005 0.000044 -0.270617 0.962687
1741165015.976787 2.401619 -1.808208 -0.000011 -0.000005 0.000044 -0.270617 0.962687
1741165016.026777 2.401620 -1.808214 -0.000010 -0.000053 -0.000066 -0.279019 0.960286
1741165016.076784 2.401620 -1.808214 -0.000010 -0.000053 -0.000066 -0.279019 0.960286
1741165016.126783 2.401620 -1.808212 -0.000016 -0.000088 -0.000111 -0.279015 0.960287
1741165016.176799 2.401620 -1.808212 -0.000016 -0.000088 -0.000111 -0.279015 0.960287
1741165016.226784 2.401619 -1.808208 -0.000016 -0.000088 -0.000111 -0.279011 0.960288
1741165016.276791 2.401619 -1.808208 -0.000016 -0.000088 -0.000111 -0.279011 0.960288
1741165016.326818 2.401620 -1.808214 -0.000010 -0.000053 -0.000065 -0.287388 0.957814
1741165016.376795 2.401620 -1.808214 -0.000010 -0.000053 -0.000065 -0.287388 0.957814
1741165016.426779 2.401620 -1.808208 -0.000011 -0.000004 0.000045 -0.287427 0.957803
1741165016.476788 2.401620 -1.808208 -0.000011 -0.000004 0.000045 -0.287427 0.957803
1741165016.526780 2.401619 -1.808201 -0.000011 -0.000004 0.000045 -0.287469 0.957790
1741165016.576792 2.401619 -1.808201 -0.000011 -0.000004 0.000045 -0.287469 0.957790
1741165016.626777 2.401620 -1.808214 -0.000010 -0.000004 0.000041 -0.295735 0.955270
1741165016.676790 2.401620 -1.808214 -0.000010 -0.000004 0.000041 -0.295735 0.955270
1741165016.726778 2.401619 -1.808202 -0.000016 -0.000091 -0.000110 -0.295784 0.955255
1741165016.776789 2.401619 -1.808202 -0.000016 -0.000091 -0.000110 -0.295784 0.955255
1741165016.826780 2.401619 -1.808189 -0.000011 -0.000004 0.000045 -0.295836 0.955239
1741165016.876787 2.401619 -1.808189 -0.000011 -0.000004 0.000045 -0.295836 0.955239
1741165016.926780 2.401620 -1.808214 -0.000010 -0.000003 0.000038 -0.304061 0.952653
1741165016.976793 2.401620 -1.808214 -0.000010 -0.000003 0.000038 -0.304061 0.952653
1741165017.026776 2.401617 -1.808197 -0.000012 -0.000004 0.000046 -0.304150 0.952624
1741165017.076787 2.401617 -1.808197 -0.000012 -0.000004 0.000046 -0.304150 0.952624
1741165017.126800 2.401614 -1.808178 -0.000012 -0.000003 0.000045 -0.304246 0.952594
1741165017.176792 2.401614 -1.808178 -0.000012 -0.000003 0.000045 -0.304246 0.952594
1741165017.226777 2.401611 -1.808162 -0.000016 -0.000092 -0.000109 -0.304335 0.952565
1741165017.276791 2.401611 -1.808162 -0.000016 -0.000092 -0.000109 -0.304335 0.952565
1741165017.326778 2.401619 -1.808214 -0.000002 0.000002 0.000009 -0.312359 0.949964
1741165017.376794 2.401619 -1.808214 -0.000002 0.000002 0.000009 -0.312359 0.949964
1741165017.426780 2.401615 -1.808196 -0.000012 -0.000003 0.000046 -0.312457 0.949932
1741165017.476789 2.401615 -1.808196 -0.000012 -0.000003 0.000046 -0.312457 0.949932
1741165017.526786 2.401610 -1.808177 -0.000016 -0.000092 -0.000108 -0.312562 0.949897
1741165017.576787 2.401610 -1.808177 -0.000016 -0.000092 -0.000108 -0.312562 0.949897
1741165017.626778 2.401619 -1.808213 -0.000011 -0.000006 0.000046 -0.320647 0.947199
1741165017.676792 2.401619 -1.808213 -0.000011 -0.000006 0.000046 -0.320647 0.947199
1741165017.726776 2.401613 -1.808192 -0.000011 -0.000006 0.000046 -0.320764 0.947159
1741165017.776787 2.401613 -1.808192 -0.000011 -0.000006 0.000046 -0.320764 0.947159
1741165017.826786 2.401608 -1.808172 -0.000011 -0.000006 0.000046 -0.320881 0.947119
1741165017.876797 2.401608 -1.808172 -0.000011 -0.000006 0.000046 -0.320881 0.947119
1741165017.926787 2.401602 -1.808152 -0.000011 -0.000006 0.000046 -0.320997 0.947080
1741165017.976792 2.401602 -1.808152 -0.000011 -0.000006 0.000046 -0.320997 0.947080
1741165018.026790 2.401619 -1.808212 -0.000011 -0.000006 0.000046 -0.328905 0.944363
1741165018.076795 2.401619 -1.808212 -0.000011 -0.000006 0.000046 -0.328905 0.944363
1741165018.126776 2.401612 -1.808192 -0.000011 -0.000006 0.000046 -0.329028 0.944320
1741165018.176792 2.401612 -1.808192 -0.000011 -0.000006 0.000046 -0.329028 0.944320
1741165018.226776 2.401606 -1.808171 -0.000011 -0.000006 0.000046 -0.329150 0.944278
1741165018.276789 2.401606 -1.808171 -0.000011 -0.000006 0.000046 -0.329150 0.944278
1741165018.326779 2.401619 -1.808213 -0.000010 -0.000002 0.000041 -0.337127 0.941459
1741165018.376786 2.401619 -1.808213 -0.000010 -0.000002 0.000041 -0.337127 0.941459
1741165018.426775 2.401613 -1.808194 -0.000016 -0.000094 -0.000104 -0.337249 0.941416
1741165018.476789 2.401613 -1.808194 -0.000016 -0.000094 -0.000104 -0.337249 0.941416
1741165018.526778 2.401606 -1.808174 -0.000016 -0.000093 -0.000103 -0.337372 0.941371
1741165018.576786 2.401606 -1.808174 -0.000016 -0.000093 -0.000103 -0.337372 0.941371
1741165018.626776 2.401619 -1.808214 -0.000010 0.000010 -0.000074 -0.345322 0.938484
1741165018.676809 2.401619 -1.808214 -0.000010 0.000010 -0.000074 -0.345322 0.938484
1741165018.726778 2.401613 -1.808196 -0.000011 -0.000006 0.000045 -0.345437 0.938442
1741165018.776784 2.401613 -1.808196 -0.000011 -0.000006 0.000045 -0.345437 0.938442
1741165018.826776 2.401607 -1.808176 -0.000011 -0.000006 0.000045 -0.345558 0.938397
1741165018.876789 2.401607 -1.808176 -0.000011 -0.000006 0.000045 -0.345558 0.938397
1741165018.926775 2.401601 -1.808158 -0.000016 -0.000094 -0.000102 -0.345676 0.938354
1741165018.976791 2.401601 -1.808158 -0.000016 -0.000094 -0.000102 -0.345676 0.938354
1741165019.026786 2.401618 -1.808214 -0.000005 -0.000032 0.000016 -0.353498 0.935435
1741165019.076793 2.401618 -1.808214 -0.000005 -0.000032 0.000016 -0.353498 0.935435
1741165019.126782 2.401614 -1.808197 -0.000011 -0.000006 0.000045 -0.353606 0.935394
1741165019.176783 2.401614 -1.808197 -0.000011 -0.000006 0.000045 -0.353606 0.935394
1741165019.226776 2.401608 -1.808178 -0.000016 -0.000094 -0.000101 -0.353721 0.935351
1741165019.276783 2.401608 -1.808178 -0.000016 -0.000094 -0.000101 -0.353721 0.935351
1741165019.326780 2.401603 -1.808159 -0.000011 -0.000006 0.000045 -0.353836 0.935308
1741165019.376794 2.401603 -1.808159 -0.000011 -0.000006 0.000045 -0.353836 0.935308
1741165019.426779 2.401619 -1.808214 -0.000013 -0.000076 -0.000080 -0.361655 0.932312
1741165019.476793 2.401619 -1.808214 -0.000013 -0.000076 -0.000080 -0.361655 0.932312
1741165019.526783 2.401614 -1.808195 -0.000011 -0.000006 0.000045 -0.361765 0.932269
1741165019.576793 2.401614 -1.808195 -0.000011 -0.000006 0.000045 -0.361765 0.932269
1741165019.626781 2.401609 -1.808177 -0.000011 -0.000006 0.000045 -0.361872 0.932228
1741165019.676792 2.401609 -1.808177 -0.000011 -0.000006 0.000045 -0.361872 0.932228
1741165019.726777 2.401619 -1.808214 -0.000010 -0.000005 0.000042 -0.369775 0.929121
1741165019.776786 2.401619 -1.808214 -0.000010 -0.000005 0.000042 -0.369775 0.929121
1741165019.826781 2.401615 -1.808197 -0.000011 -0.000006 0.000045 -0.369876 0.929081
1741165019.876785 2.401615 -1.808197 -0.000011 -0.000006 0.000045 -0.369876 0.929081
1741165019.926776 2.401611 -1.808179 -0.000011 -0.000006 0.000045 -0.369977 0.929041
1741165019.976794 2.401611 -1.808179 -0.000011 -0.000006 0.000045 -0.369977 0.929041
1741165020.026777 2.401619 -1.808215 -0.000009 -0.000000 0.000036 -0.377867 0.925860
1741165020.076779 2.401619 -1.808215 -0.000009 -0.000000 0.000036 -0.377867 0.925860
1741165020.126784 2.401615 -1.808198 -0.000015 -0.000094 -0.000096 -0.377964 0.925820
1741165020.176800 2.401615 -1.808198 -0.000015 -0.000094 -0.000096 -0.377964 0.925820
1741165020.226781 2.401612 -1.808180 -0.000011 -0.000006 0.000045 -0.378060 0.925781
1741165020.276801 2.401612 -1.808180 -0.000011 -0.000006 0.000045 -0.378060 0.925781
1741165020.326800 2.401619 -1.808215 -0.000015 -0.000091 -0.000091 -0.385934 0.922526
1741165020.376810 2.401619 -1.808215 -0.000015 -0.000091 -0.000091 -0.385934 0.922526
1741165020.426773 2.401616 -1.808197 -0.000011 -0.000005 0.000044 -0.386028 0.922487
1741165020.476786 2.401616 -1.808197 -0.000011 -0.000005 0.000044 -0.386028 0.922487
1741165020.526779 2.401612 -1.808180 -0.000011 -0.000006 0.000044 -0.386122 0.922448
1741165020.576787 2.401612 -1.808180 -0.000011 -0.000006 0.000044 -0.386122 0.922448
1741165020.626778 2.401619 -1.808215 -0.000015 -0.000091 -0.000089 -0.393970 0.919123
1741165020.676789 2.401619 -1.808215 -0.000015 -0.000091 -0.000089 -0.393970 0.919123
1741165020.726773 2.401616 -1.808197 -0.000010 -0.000005 0.000044 -0.394063 0.919084
1741165020.776791 2.401616 -1.808197 -0.000010 -0.000005 0.000044 -0.394063 0.919084
1741165020.826782 2.401613 -1.808180 -0.000010 -0.000005 0.000044 -0.394156 0.919044
1741165020.876782 2.401613 -1.808180 -0.000010 -0.000005 0.000044 -0.394156 0.919044
1741165020.926777 2.401619 -1.808215 -0.000010 -0.000004 0.000041 -0.401975 0.915650
1741165020.976786 2.401619 -1.808215 -0.000010 -0.000004 0.000041 -0.401975 0.915650
1741165021.026786 2.401616 -1.808198 -0.000015 -0.000095 -0.000091 -0.402067 0.915610
1741165021.076789 2.401616 -1.808198 -0.000015 -0.000095 -0.000091 -0.402067 0.915610
1741165021.126760 2.401614 -1.808180 -0.000010 -0.000005 0.000044 -0.402159 0.915570
1741165021.176786 2.401614 -1.808180 -0.000010 -0.000005 0.000044 -0.402159 0.915570
1741165021.226780 2.401619 -1.808215 -0.000010 -0.000064 -0.000060 -0.409949 0.912108
1741165021.276784 2.401619 -1.808215 -0.000010 -0.000064 -0.000060 -0.409949 0.912108
1741165021.326780 2.401617 -1.808198 -0.000010 -0.000005 0.000044 -0.410038 0.912069
1741165021.376783 2.401617 -1.808198 -0.000010 -0.000005 0.000044 -0.410038 0.912069
1741165021.426775 2.401615 -1.808180 -0.000010 -0.000005 0.000044 -0.410128 0.912028
1741165021.476793 2.401615 -1.808180 -0.000010 -0.000005 0.000044 -0.410128 0.912028
1741165021.526777 2.401613 -1.808163 -0.000010 -0.000005 0.000044 -0.410219 0.911987
1741165021.576789 2.401613 -1.808163 -0.000010 -0.000005 0.000044 -0.410219 0.911987
1741165021.626777 2.401619 -1.808213 -0.000015 -0.000094 -0.000088 -0.417905 0.908491
1741165021.676789 2.401619 -1.808213 -0.000015 -0.000094 -0.000088 -0.417905 0.908491
1741165021.726776 2.401617 -1.808194 -0.000010 -0.000005 0.000044 -0.417995 0.908449
1741165021.776785 2.401617 -1.808194 -0.000010 -0.000005 0.000044 -0.417995 0.908449
1741165021.826778 2.401616 -1.808177 -0.000010 -0.000005 0.000044 -0.418085 0.908408
1741165021.876790 2.401616 -1.808177 -0.000010 -0.000005 0.000044 -0.418085 0.908408
1741165021.926778 2.401619 -1.808213 -0.000009 -0.000003 0.000040 -0.425811 0.904812
1741165021.976792 2.401619 -1.808213 -0.000009 -0.000003 0.000040 -0.425811 0.904812
1741165022.026778 2.401618 -1.808195 -0.000010 -0.000004 0.000044 -0.425901 0.904770
1741165022.076783 2.401618 -1.808195 -0.000010 -0.000004 0.000044 -0.425901 0.904770
1741165022.126776 2.401618 -1.808177 -0.000010 -0.000005 0.000044 -0.425991 0.904727
1741165022.176785 2.401618 -1.808177 -0.000010 -0.000005 0.000044 -0.425991 0.904727
1741165022.226779 2.401619 -1.808214 -0.000014 -0.000090 -0.000081 -0.433691 0.901062
1741165022.276813 2.401619 -1.808214 -0.000014 -0.000090 -0.000081 -0.433691 0.901062
1741165022.326776 2.401620 -1.808195 -0.000010 -0.000004 0.000044 -0.433781 0.901018
1741165022.376783 2.401620 -1.808195 -0.000010 -0.000004 0.000044 -0.433781 0.901018
1741165022.426777 2.401620 -1.808177 -0.000010 -0.000004 0.000044 -0.433871 0.900975
1741165022.476788 2.401620 -1.808177 -0.000010 -0.000004 0.000044 -0.433871 0.900975
1741165022.526775 2.401619 -1.808215 -0.000014 -0.000089 -0.000079 -0.441533 0.897245
1741165022.576790 2.401619 -1.808215 -0.000014 -0.000089 -0.000079 -0.441533 0.897245
1741165022.626776 2.401621 -1.808197 -0.000010 -0.000004 0.000044 -0.441623 0.897201
1741165022.676786 2.401621 -1.808197 -0.000010 -0.000004 0.000044 -0.441623 0.897201
1741165022.726776 2.401623 -1.808179 -0.000015 -0.000094 -0.000083 -0.441714 0.897156
1741165022.776783 2.401623 -1.808179 -0.000015 -0.000094 -0.000083 -0.441714 0.897156
1741165022.826777 2.401625 -1.808159 -0.000010 -0.000004 0.000044 -0.441806 0.897110
1741165022.876783 2.401625 -1.808159 -0.000010 -0.000004 0.000044 -0.441806 0.897110
1741165022.926754 2.401619 -1.808214 -0.000007 -0.000005 0.000034 -0.449349 0.893356
1741165022.976788 2.401619 -1.808214 -0.000007 -0.000005 0.000034 -0.449349 0.893356
1741165023.026778 2.401622 -1.808195 -0.000014 -0.000094 -0.000082 -0.449440 0.893310
1741165023.076788 2.401622 -1.808195 -0.000014 -0.000094 -0.000082 -0.449440 0.893310
1741165023.126774 2.401625 -1.808177 -0.000014 -0.000094 -0.000082 -0.449532 0.893264
1741165023.176821 2.401625 -1.808177 -0.000014 -0.000094 -0.000082 -0.449532 0.893264
1741165023.226777 2.401627 -1.808158 -0.000010 -0.000004 0.000043 -0.449623 0.893218
1741165023.276788 2.401627 -1.808158 -0.000010 -0.000004 0.000043 -0.449623 0.893218
1741165023.326774 2.401619 -1.808214 -0.000010 -0.000003 0.000043 -0.457127 0.889401
1741165023.376783 2.401619 -1.808214 -0.000010 -0.000003 0.000043 -0.457127 0.889401
1741165023.426776 2.401623 -1.808196 -0.000014 -0.000094 -0.000080 -0.457221 0.889353
1741165023.476790 2.401623 -1.808196 -0.000014 -0.000094 -0.000080 -0.457221 0.889353
1741165023.526774 2.401627 -1.808177 -0.000014 -0.000093 -0.000080 -0.457313 0.889306
1741165023.576784 2.401627 -1.808177 -0.000014 -0.000093 -0.000080 -0.457313 0.889306
1741165023.626774 2.401619 -1.808213 -0.000010 -0.000003 0.000043 -0.464874 0.885377
1741165023.676795 2.401619 -1.808213 -0.000010 -0.000003 0.000043 -0.464874 0.885377
1741165023.726778 2.401624 -1.808194 -0.000010 -0.000003 0.000043 -0.464968 0.885327
1741165023.776787 2.401624 -1.808194 -0.000010 -0.000003 0.000043 -0.464968 0.885327
1741165023.826774 2.401629 -1.808175 -0.000010 -0.000003 0.000043 -0.465062 0.885278
1741165023.876790 2.401629 -1.808175 -0.000010 -0.000003 0.000043 -0.465062 0.885278
1741165023.926779 2.401619 -1.808214 -0.000012 -0.000077 -0.000064 -0.472580 0.881288
1741165023.976784 2.401619 -1.808214 -0.000012 -0.000077 -0.000064 -0.472580 0.881288
1741165024.026777 2.401625 -1.808194 -0.000010 -0.000003 0.000043 -0.472674 0.881237
1741165024.076785 2.401625 -1.808194 -0.000010 -0.000003 0.000043 -0.472674 0.881237
1741165024.126777 2.401631 -1.808175 -0.000014 -0.000093 -0.000077 -0.472769 0.881186
1741165024.176783 2.401631 -1.808175 -0.000014 -0.000093 -0.000077 -0.472769 0.881186
1741165024.226774 2.401619 -1.808215 -0.000009 -0.000002 0.000039 -0.480249 0.877132
1741165024.276793 2.401619 -1.808215 -0.000009 -0.000002 0.000039 -0.480249 0.877132
1741165024.326780 2.401626 -1.808196 -0.000014 -0.000093 -0.000076 -0.480344 0.877080
1741165024.376785 2.401626 -1.808196 -0.000014 -0.000093 -0.000076 -0.480344 0.877080
1741165024.426776 2.401632 -1.808176 -0.000014 -0.000093 -0.000075 -0.480439 0.877028
1741165024.476785 2.401632 -1.808176 -0.000014 -0.000093 -0.000075 -0.480439 0.877028
1741165024.526774 2.401619 -1.808213 -0.000009 -0.000003 0.000044 -0.487888 0.872906
1741165024.576784 2.401619 -1.808213 -0.000009 -0.000003 0.000044 -0.487888 0.872906
1741165024.626775 2.401626 -1.808193 -0.000010 -0.000002 0.000043 -0.487982 0.872854
1741165024.676791 2.401626 -1.808193 -0.000010 -0.000002 0.000043 -0.487982 0.872854
1741165024.726776 2.401633 -1.808174 -0.000014 -0.000092 -0.000074 -0.488076 0.872801
1741165024.776789 2.401633 -1.808174 -0.000014 -0.000092 -0.000074 -0.488076 0.872801
1741165024.826776 2.401619 -1.808213 -0.000014 -0.000095 -0.000075 -0.495489 0.868614
1741165024.876784 2.401619 -1.808213 -0.000014 -0.000095 -0.000075 -0.495489 0.868614
1741165024.926781 2.401627 -1.808193 -0.000014 -0.000093 -0.000073 -0.495581 0.868562
1741165024.976787 2.401627 -1.808193 -0.000014 -0.000093 -0.000073 -0.495581 0.868562
1741165025.026803 2.401634 -1.808172 -0.000009 -0.000002 0.000043 -0.495672 0.868510
1741165025.076796 2.401634 -1.808172 -0.000009 -0.000002 0.000043 -0.495672 0.868510
1741165025.126780 2.401619 -1.808213 -0.000010 -0.000002 0.000044 -0.503049 0.864258
1741165025.176788 2.401619 -1.808213 -0.000010 -0.000002 0.000044 -0.503049 0.864258
1741165025.226777 2.401627 -1.808193 -0.000009 -0.000002 0.000043 -0.503137 0.864207
1741165025.276788 2.401627 -1.808193 -0.000009 -0.000002 0.000043 -0.503137 0.864207
1741165025.326777 2.401634 -1.808172 -0.000009 -0.000002 0.000043 -0.503226 0.864155
1741165025.376792 2.401634 -1.808172 -0.000009 -0.000002 0.000043 -0.503226 0.864155
1741165025.426778 2.401642 -1.808152 -0.000014 -0.000092 -0.000071 -0.503316 0.864103
1741165025.476790 2.401642 -1.808152 -0.000014 -0.000092 -0.000071 -0.503316 0.864103
1741165025.526774 2.401619 -1.808213 -0.000010 -0.000001 0.000044 -0.510572 0.859835
1741165025.576786 2.401619 -1.808213 -0.000010 -0.000001 0.000044 -0.510572 0.859835
1741165025.626782 2.401627 -1.808192 -0.000009 -0.000001 0.000043 -0.510658 0.859784
1741165025.676832 2.401627 -1.808192 -0.000009 -0.000001 0.000043 -0.510658 0.859784
1741165025.726778 2.401634 -1.808171 -0.000009 -0.000001 0.000043 -0.510744 0.859733
1741165025.776788 2.401634 -1.808171 -0.000009 -0.000001 0.000043 -0.510744 0.859733
1741165025.826778 2.401619 -1.808213 -0.000010 -0.000001 0.000044 -0.518056 0.855347
1741165025.876794 2.401619 -1.808213 -0.000010 -0.000001 0.000044 -0.518056 0.855347
1741165025.926776 2.401626 -1.808192 -0.000009 -0.000001 0.000043 -0.518138 0.855297
1741165025.976796 2.401626 -1.808192 -0.000009 -0.000001 0.000043 -0.518138 0.855297
1741165026.026777 2.401633 -1.808171 -0.000009 -0.000001 0.000043 -0.518220 0.855247
1741165026.076795 2.401633 -1.808171 -0.000009 -0.000001 0.000043 -0.518220 0.855247
1741165026.126778 2.401619 -1.808213 -0.000014 -0.000094 -0.000069 -0.525500 0.850793
1741165026.176792 2.401619 -1.808213 -0.000014 -0.000094 -0.000069 -0.525500 0.850793
1741165026.226778 2.401626 -1.808191 -0.000009 -0.000001 0.000043 -0.525582 0.850743
1741165026.276784 2.401626 -1.808191 -0.000009 -0.000001 0.000043 -0.525582 0.850743
1741165026.326778 2.401632 -1.808171 -0.000014 -0.000091 -0.000067 -0.525657 0.850697
1741165026.376786 2.401632 -1.808171 -0.000014 -0.000091 -0.000067 -0.525657 0.850697
1741165026.426779 2.401639 -1.808150 -0.000009 -0.000001 0.000043 -0.525735 0.850649
1741165026.476783 2.401639 -1.808150 -0.000009 -0.000001 0.000043 -0.525735 0.850649
1741165026.526780 2.401619 -1.808215 -0.000009 -0.000058 -0.000042 -0.532899 0.846179
1741165026.576791 2.401619 -1.808215 -0.000009 -0.000058 -0.000042 -0.532899 0.846179
1741165026.626777 2.401624 -1.808195 -0.000009 -0.000000 0.000043 -0.532972 0.846133
1741165026.676789 2.401624 -1.808195 -0.000009 -0.000000 0.000043 -0.532972 0.846133
1741165026.726781 2.401630 -1.808176 -0.000009 -0.000000 0.000043 -0.533045 0.846087
1741165026.776789 2.401630 -1.808176 -0.000009 -0.000000 0.000043 -0.533045 0.846087
1741165026.826777 2.401619 -1.808212 -0.000010 -0.000000 0.000044 -0.540270 0.841492
1741165026.876790 2.401619 -1.808212 -0.000010 -0.000000 0.000044 -0.540270 0.841492
1741165026.926778 2.401624 -1.808194 -0.000013 -0.000091 -0.000065 -0.540339 0.841447
1741165026.976792 2.401624 -1.808194 -0.000013 -0.000091 -0.000065 -0.540339 0.841447
1741165027.026778 2.401629 -1.808175 -0.000009 0.000000 0.000042 -0.540408 0.841403
1741165027.076789 2.401629 -1.808175 -0.000009 0.000000 0.000042 -0.540408 0.841403
1741165027.126778 2.401619 -1.808213 -0.000014 -0.000096 -0.000067 -0.547591 0.836746
1741165027.176794 2.401619 -1.808213 -0.000014 -0.000096 -0.000067 -0.547591 0.836746
1741165027.226770 2.401624 -1.808195 -0.000013 -0.000091 -0.000063 -0.547656 0.836704
1741165027.276785 2.401624 -1.808195 -0.000013 -0.000091 -0.000063 -0.547656 0.836704
1741165027.326775 2.401628 -1.808177 -0.000013 -0.000090 -0.000063 -0.547721 0.836661
1741165027.376792 2.401628 -1.808177 -0.000013 -0.000090 -0.000063 -0.547721 0.836661
1741165027.426776 2.401619 -1.808214 -0.000007 0.000003 0.000030 -0.554867 0.831939
1741165027.476787 2.401619 -1.808214 -0.000007 0.000003 0.000030 -0.554867 0.831939
1741165027.526776 2.401623 -1.808197 -0.000009 0.000001 0.000042 -0.554929 0.831898
1741165027.576786 2.401623 -1.808197 -0.000009 0.000001 0.000042 -0.554929 0.831898
1741165027.626787 2.401627 -1.808178 -0.000009 0.000001 0.000042 -0.554992 0.831856
1741165027.676785 2.401627 -1.808178 -0.000009 0.000001 0.000042 -0.554992 0.831856
1741165027.726776 2.401631 -1.808161 -0.000013 -0.000090 -0.000062 -0.555055 0.831813
1741165027.776788 2.401631 -1.808161 -0.000013 -0.000090 -0.000062 -0.555055 0.831813
1741165027.826779 2.401619 -1.808211 -0.000009 0.000001 0.000042 -0.562114 0.827060
1741165027.876815 2.401619 -1.808211 -0.000009 0.000001 0.000042 -0.562114 0.827060
1741165027.926778 2.401623 -1.808192 -0.000013 -0.000090 -0.000061 -0.562176 0.827018
1741165027.976794 2.401623 -1.808192 -0.000013 -0.000090 -0.000061 -0.562176 0.827018
1741165028.026779 2.401627 -1.808172 -0.000013 -0.000090 -0.000061 -0.562237 0.826976
1741165028.076799 2.401627 -1.808172 -0.000013 -0.000090 -0.000061 -0.562237 0.826976
1741165028.126773 2.401619 -1.808214 -0.000007 0.000003 0.000030 -0.569302 0.822128
1741165028.176807 2.401619 -1.808214 -0.000007 0.000003 0.000030 -0.569302 0.822128
1741165028.226775 2.401622 -1.808192 -0.000009 0.000001 0.000042 -0.569363 0.822086
1741165028.276786 2.401622 -1.808192 -0.000009 0.000001 0.000042 -0.569363 0.822086
1741165028.326778 2.401626 -1.808170 -0.000009 0.000001 0.000042 -0.569424 0.822044
1741165028.376795 2.401626 -1.808170 -0.000009 0.000001 0.000042 -0.569424 0.822044
1741165028.426777 2.401619 -1.808213 -0.000010 0.000002 0.000045 -0.576458 0.817127
1741165028.476797 2.401619 -1.808213 -0.000010 0.000002 0.000045 -0.576458 0.817127
1741165028.526776 2.401622 -1.808191 -0.000013 -0.000090 -0.000059 -0.576518 0.817085
1741165028.576786 2.401622 -1.808191 -0.000013 -0.000090 -0.000059 -0.576518 0.817085
1741165028.626775 2.401626 -1.808168 -0.000009 0.000002 0.000042 -0.576577 0.817043
1741165028.676803 2.401626 -1.808168 -0.000009 0.000002 0.000042 -0.576577 0.817043
1741165028.726778 2.401619 -1.808214 -0.000007 0.000005 0.000029 -0.583563 0.812068
1741165028.776788 2.401619 -1.808214 -0.000007 0.000005 0.000029 -0.583563 0.812068
1741165028.826777 2.401622 -1.808192 -0.000009 0.000002 0.000042 -0.583619 0.812028
1741165028.876784 2.401622 -1.808192 -0.000009 0.000002 0.000042 -0.583619 0.812028
1741165028.926775 2.401625 -1.808170 -0.000009 0.000002 0.000042 -0.583676 0.811986
1741165028.976783 2.401625 -1.808170 -0.000009 0.000002 0.000042 -0.583676 0.811986
1741165029.026778 2.401619 -1.808213 -0.000010 0.000002 0.000045 -0.590631 0.806942
1741165029.076787 2.401619 -1.808213 -0.000010 0.000002 0.000045 -0.590631 0.806942
1741165029.126777 2.401622 -1.808191 -0.000009 0.000002 0.000042 -0.590686 0.806901
1741165029.176786 2.401622 -1.808191 -0.000009 0.000002 0.000042 -0.590686 0.806901
1741165029.226785 2.401625 -1.808169 -0.000009 0.000002 0.000042 -0.590742 0.806861
1741165029.276796 2.401625 -1.808169 -0.000009 0.000002 0.000042 -0.590742 0.806861
1741165029.326781 2.401628 -1.808148 -0.000009 0.000003 0.000042 -0.590797 0.806820
1741165029.376790 2.401628 -1.808148 -0.000009 0.000003 0.000042 -0.590797 0.806820
1741165029.426784 2.401619 -1.808214 -0.000011 -0.000063 -0.000042 -0.597647 0.801759
1741165029.476798 2.401619 -1.808214 -0.000011 -0.000063 -0.000042 -0.597647 0.801759
1741165029.526782 2.401622 -1.808201 -0.000008 0.000006 0.000035 -0.597651 0.801757
1741165029.576790 2.401622 -1.808201 -0.000008 0.000006 0.000035 -0.597651 0.801757
1741165029.626776 2.401626 -1.808189 -0.000008 0.000006 0.000035 -0.597657 0.801752
1741165029.676794 2.401626 -1.808189 -0.000008 0.000006 0.000035 -0.597657 0.801752
1741165029.726777 2.401619 -1.808213 -0.000008 0.000006 0.000034 -0.604621 0.796513
1741165029.776788 2.401619 -1.808213 -0.000008 0.000006 0.000034 -0.604621 0.796513
1741165029.826783 2.401623 -1.808201 -0.000008 0.000007 0.000035 -0.604630 0.796507
1741165029.876788 2.401623 -1.808201 -0.000008 0.000007 0.000035 -0.604630 0.796507
1741165029.926783 2.401626 -1.808189 -0.000008 0.000007 0.000036 -0.604639 0.796500
1741165029.976792 2.401626 -1.808189 -0.000008 0.000007 0.000036 -0.604639 0.796500
1741165030.026778 2.401619 -1.808214 -0.000010 -0.000063 -0.000041 -0.611548 0.791207
1741165030.076792 2.401619 -1.808214 -0.000010 -0.000063 -0.000041 -0.611548 0.791207
1741165030.126777 2.401622 -1.808201 -0.000012 -0.000067 -0.000045 -0.611557 0.791201
1741165030.176789 2.401622 -1.808201 -0.000012 -0.000067 -0.000045 -0.611557 0.791201
1741165030.226779 2.401626 -1.808188 -0.000012 -0.000071 -0.000046 -0.611572 0.791189
1741165030.276792 2.401626 -1.808188 -0.000012 -0.000071 -0.000046 -0.611572 0.791189
1741165030.326778 2.401619 -1.808213 -0.000012 -0.000070 -0.000044 -0.618429 0.785841
1741165030.376792 2.401619 -1.808213 -0.000012 -0.000070 -0.000044 -0.618429 0.785841
1741165030.426774 2.401623 -1.808199 -0.000012 -0.000072 -0.000045 -0.618472 0.785807
1741165030.476789 2.401623 -1.808199 -0.000012 -0.000072 -0.000045 -0.618472 0.785807
1741165030.526776 2.401627 -1.808184 -0.000012 -0.000072 -0.000045 -0.618520 0.785769
1741165030.576789 2.401627 -1.808184 -0.000012 -0.000072 -0.000045 -0.618520 0.785769
1741165030.626791 2.401619 -1.808213 -0.000011 -0.000069 -0.000043 -0.625264 0.780413
1741165030.676805 2.401619 -1.808213 -0.000011 -0.000069 -0.000043 -0.625264 0.780413
1741165030.726782 2.401622 -1.808198 -0.000012 -0.000072 -0.000045 -0.625308 0.780378
1741165030.776800 2.401622 -1.808198 -0.000012 -0.000072 -0.000045 -0.625308 0.780378
1741165030.826778 2.401626 -1.808182 -0.000009 0.000008 0.000037 -0.625353 0.780342
1741165030.876797 2.401626 -1.808182 -0.000009 0.000008 0.000037 -0.625353 0.780342
1741165030.926779 2.401630 -1.808166 -0.000009 0.000008 0.000037 -0.625397 0.780306
1741165030.976790 2.401630 -1.808166 -0.000009 0.000008 0.000037 -0.625397 0.780306
1741165031.026776 2.401619 -1.808213 -0.000011 -0.000070 -0.000043 -0.632050 0.774928
1741165031.076804 2.401619 -1.808213 -0.000011 -0.000070 -0.000043 -0.632050 0.774928
1741165031.126777 2.401622 -1.808196 -0.000009 0.000008 0.000037 -0.632092 0.774893
1741165031.176785 2.401622 -1.808196 -0.000009 0.000008 0.000037 -0.632092 0.774893
1741165031.226774 2.401625 -1.808180 -0.000009 0.000008 0.000037 -0.632134 0.774859
1741165031.276793 2.401625 -1.808180 -0.000009 0.000008 0.000037 -0.632134 0.774859
1741165031.326777 2.401619 -1.808212 -0.000009 0.000008 0.000036 -0.638788 0.769383
1741165031.376790 2.401619 -1.808212 -0.000009 0.000008 0.000036 -0.638788 0.769383
1741165031.426776 2.401622 -1.808196 -0.000012 -0.000072 -0.000043 -0.638828 0.769350
1741165031.476786 2.401622 -1.808196 -0.000012 -0.000072 -0.000043 -0.638828 0.769350
1741165031.526779 2.401624 -1.808181 -0.000012 -0.000072 -0.000043 -0.638865 0.769319
1741165031.576851 2.401624 -1.808181 -0.000012 -0.000072 -0.000043 -0.638865 0.769319
1741165031.626781 2.401619 -1.808214 -0.000007 -0.000041 -0.000022 -0.645478 0.763779
1741165031.676787 2.401619 -1.808214 -0.000007 -0.000041 -0.000022 -0.645478 0.763779
1741165031.726780 2.401621 -1.808198 -0.000012 -0.000072 -0.000042 -0.645512 0.763751
1741165031.776787 2.401621 -1.808198 -0.000012 -0.000072 -0.000042 -0.645512 0.763751
1741165031.826776 2.401623 -1.808181 -0.000009 0.000009 0.000036 -0.645548 0.763719
1741165031.876786 2.401623 -1.808181 -0.000009 0.000009 0.000036 -0.645548 0.763719
1741165031.926777 2.401625 -1.808165 -0.000009 0.000009 0.000036 -0.645585 0.763689
1741165031.976790 2.401625 -1.808165 -0.000009 0.000009 0.000036 -0.645585 0.763689
1741165032.026776 2.401619 -1.808213 -0.000010 -0.000065 -0.000037 -0.652118 0.758118
1741165032.076789 2.401619 -1.808213 -0.000010 -0.000065 -0.000037 -0.652118 0.758118
1741165032.126779 2.401621 -1.808197 -0.000012 -0.000073 -0.000042 -0.652125 0.758111
1741165032.176792 2.401621 -1.808197 -0.000012 -0.000073 -0.000042 -0.652125 0.758111
1741165032.226781 2.401622 -1.808180 -0.000012 -0.000072 -0.000042 -0.652130 0.758107
1741165032.276783 2.401622 -1.808180 -0.000012 -0.000072 -0.000042 -0.652130 0.758107
1741165032.326779 2.401619 -1.808214 -0.000008 -0.000051 -0.000028 -0.658710 0.752397
1741165032.376790 2.401619 -1.808214 -0.000008 -0.000051 -0.000028 -0.658710 0.752397
1741165032.426776 2.401620 -1.808197 -0.000012 -0.000073 -0.000041 -0.658714 0.752393
1741165032.476789 2.401620 -1.808197 -0.000012 -0.000073 -0.000041 -0.658714 0.752393
1741165032.526776 2.401621 -1.808180 -0.000009 0.000009 0.000036 -0.658718 0.752389
1741165032.576789 2.401621 -1.808180 -0.000009 0.000009 0.000036 -0.658718 0.752389
1741165032.626772 2.401619 -1.808214 -0.000009 -0.000053 -0.000029 -0.665251 0.746620
1741165032.676790 2.401619 -1.808214 -0.000009 -0.000053 -0.000029 -0.665251 0.746620
1741165032.726777 2.401620 -1.808196 -0.000009 0.000009 0.000036 -0.665254 0.746617
1741165032.776820 2.401620 -1.808196 -0.000009 0.000009 0.000036 -0.665254 0.746617
1741165032.826777 2.401621 -1.808179 -0.000009 0.000009 0.000036 -0.665257 0.746614
1741165032.876781 2.401621 -1.808179 -0.000009 0.000009 0.000036 -0.665257 0.746614
1741165032.926775 2.401619 -1.808213 -0.000010 -0.000065 -0.000035 -0.671740 0.740787
1741165032.976786 2.401619 -1.808213 -0.000010 -0.000065 -0.000035 -0.671740 0.740787
1741165033.026775 2.401620 -1.808196 -0.000012 -0.000073 -0.000039 -0.671743 0.740785
1741165033.076782 2.401620 -1.808196 -0.000012 -0.000073 -0.000039 -0.671743 0.740785
1741165033.126779 2.401620 -1.808179 -0.000008 0.000010 0.000036 -0.671745 0.740782
1741165033.176788 2.401620 -1.808179 -0.000008 0.000010 0.000036 -0.671745 0.740782
1741165033.226776 2.401621 -1.808163 -0.000012 -0.000073 -0.000039 -0.671748 0.740780
1741165033.276809 2.401621 -1.808163 -0.000012 -0.000073 -0.000039 -0.671748 0.740780
1741165033.326778 2.401619 -1.808213 -0.000007 0.000007 0.000029 -0.678179 0.734897
1741165033.376784 2.401619 -1.808213 -0.000007 0.000007 0.000029 -0.678179 0.734897
1741165033.426778 2.401619 -1.808195 -0.000012 -0.000073 -0.000039 -0.678180 0.734896
1741165033.476790 2.401619 -1.808195 -0.000012 -0.000073 -0.000039 -0.678180 0.734896
1741165033.526773 2.401620 -1.808176 -0.000008 0.000010 0.000035 -0.678181 0.734895
1741165033.576797 2.401620 -1.808176 -0.000008 0.000010 0.000035 -0.678181 0.734895
1741165033.626781 2.401619 -1.808213 -0.000010 -0.000065 -0.000034 -0.684566 0.728950
1741165033.676795 2.401619 -1.808213 -0.000010 -0.000065 -0.000034 -0.684566 0.728950
1741165033.726776 2.401619 -1.808192 -0.000011 -0.000073 -0.000038 -0.684566 0.728951
1741165033.776785 2.401619 -1.808192 -0.000011 -0.000073 -0.000038 -0.684566 0.728951
1741165033.826798 2.401619 -1.808171 -0.000011 -0.000073 -0.000038 -0.684565 0.728952
1741165033.876789 2.401619 -1.808171 -0.000011 -0.000073 -0.000038 -0.684565 0.728952
1741165033.926780 2.401619 -1.808213 -0.000010 -0.000066 -0.000033 -0.690902 0.722948
1741165033.976791 2.401619 -1.808213 -0.000010 -0.000066 -0.000033 -0.690902 0.722948
1741165034.026780 2.401619 -1.808189 -0.000011 -0.000073 -0.000037 -0.690900 0.722950
1741165034.076791 2.401619 -1.808189 -0.000011 -0.000073 -0.000037 -0.690900 0.722950
1741165034.126777 2.401619 -1.808164 -0.000008 0.000010 0.000035 -0.690898 0.722952
1741165034.176785 2.401619 -1.808164 -0.000008 0.000010 0.000035 -0.690898 0.722952
1741165034.226776 2.401619 -1.808213 -0.000010 -0.000066 -0.000033 -0.697184 0.716892
1741165034.276786 2.401619 -1.808213 -0.000010 -0.000066 -0.000033 -0.697184 0.716892
1741165034.326779 2.401619 -1.808186 -0.000011 -0.000073 -0.000036 -0.697182 0.716895
1741165034.376787 2.401619 -1.808186 -0.000011 -0.000073 -0.000036 -0.697182 0.716895
1741165034.426780 2.401619 -1.808159 -0.000011 -0.000073 -0.000036 -0.697179 0.716897
1741165034.476783 2.401619 -1.808159 -0.000011 -0.000073 -0.000036 -0.697179 0.716897
1741165034.526773 2.401619 -1.808213 -0.000010 -0.000066 -0.000032 -0.703414 0.710781
1741165034.576782 2.401619 -1.808213 -0.000010 -0.000066 -0.000032 -0.703414 0.710781
1741165034.626776 2.401619 -1.808183 -0.000011 -0.000073 -0.000036 -0.703410 0.710784
1741165034.676780 2.401619 -1.808183 -0.000011 -0.000073 -0.000036 -0.703410 0.710784
1741165034.726779 2.401619 -1.808154 -0.000011 -0.000073 -0.000036 -0.703407 0.710787
1741165034.776788 2.401619 -1.808154 -0.000011 -0.000073 -0.000036 -0.703407 0.710787
1741165034.826773 2.401619 -1.808123 -0.000011 -0.000073 -0.000036 -0.703404 0.710791
1741165034.876783 2.401619 -1.808123 -0.000011 -0.000073 -0.000036 -0.703404 0.710791
1741165034.926777 2.401619 -1.808213 -0.000007 0.000009 0.000029 -0.709590 0.704615
1741165034.976786 2.401619 -1.808213 -0.000007 0.000009 0.000029 -0.709590 0.704615
1741165035.026775 2.401619 -1.808179 -0.000008 0.000010 0.000035 -0.709585 0.704620
1741165035.076789 2.401619 -1.808179 -0.000008 0.000010 0.000035 -0.709585 0.704620
1741165035.126776 2.401619 -1.808145 -0.000008 0.000010 0.000035 -0.709581 0.704623
1741165035.176787 2.401619 -1.808145 -0.000008 0.000010 0.000035 -0.709581 0.704623
1741165035.226777 2.401619 -1.808213 -0.000007 0.000009 0.000029 -0.715712 0.698396
1741165035.276783 2.401619 -1.808213 -0.000007 0.000009 0.000029 -0.715712 0.698396
1741165035.326776 2.401619 -1.808177 -0.000011 -0.000073 -0.000034 -0.715679 0.698430
1741165035.376789 2.401619 -1.808177 -0.000011 -0.000073 -0.000034 -0.715679 0.698430
1741165035.426778 2.401619 -1.808142 -0.000011 -0.000073 -0.000034 -0.715645 0.698464
1741165035.476782 2.401619 -1.808142 -0.000011 -0.000073 -0.000034 -0.715645 0.698464
1741165035.526772 2.401619 -1.808213 -0.000007 0.000009 0.000029 -0.721779 0.692123
1741165035.576784 2.401619 -1.808213 -0.000007 0.000009 0.000029 -0.721779 0.692123
1741165035.626778 2.401619 -1.808175 -0.000011 -0.000073 -0.000033 -0.721747 0.692157
1741165035.676791 2.401619 -1.808175 -0.000011 -0.000073 -0.000033 -0.721747 0.692157
1741165035.726779 2.401620 -1.808138 -0.000008 0.000011 0.000035 -0.721714 0.692191
1741165035.776788 2.401620 -1.808138 -0.000008 0.000011 0.000035 -0.721714 0.692191
1741165035.826776 2.401619 -1.808213 -0.000007 0.000010 0.000029 -0.727792 0.685798
1741165035.876784 2.401619 -1.808213 -0.000007 0.000010 0.000029 -0.727792 0.685798
1741165035.926777 2.401619 -1.808175 -0.000008 0.000011 0.000035 -0.727761 0.685831
1741165035.976793 2.401619 -1.808175 -0.000008 0.000011 0.000035 -0.727761 0.685831
1741165036.026779 2.401620 -1.808137 -0.000011 -0.000073 -0.000033 -0.727730 0.685864
1741165036.076792 2.401620 -1.808137 -0.000011 -0.000073 -0.000033 -0.727730 0.685864
1741165036.126773 2.401619 -1.808212 -0.000008 0.000011 0.000033 -0.733748 0.679422
1741165036.176788 2.401619 -1.808212 -0.000008 0.000011 0.000033 -0.733748 0.679422
1741165036.226777 2.401619 -1.808174 -0.000008 0.000012 0.000035 -0.733718 0.679454
1741165036.276786 2.401619 -1.808174 -0.000008 0.000012 0.000035 -0.733718 0.679454
1741165036.326778 2.401620 -1.808135 -0.000008 0.000012 0.000034 -0.733689 0.679485
1741165036.376791 2.401620 -1.808135 -0.000008 0.000012 0.000034 -0.733689 0.679485
1741165036.426779 2.401619 -1.808213 -0.000010 -0.000067 -0.000029 -0.739649 0.672993
1741165036.476783 2.401619 -1.808213 -0.000010 -0.000067 -0.000029 -0.739649 0.672993
1741165036.526776 2.401620 -1.808175 -0.000011 -0.000074 -0.000031 -0.739617 0.673028
1741165036.576782 2.401620 -1.808175 -0.000011 -0.000074 -0.000031 -0.739617 0.673028
1741165036.626778 2.401621 -1.808136 -0.000011 -0.000074 -0.000031 -0.739583 0.673065
1741165036.676794 2.401621 -1.808136 -0.000011 -0.000074 -0.000031 -0.739583 0.673065
1741165036.726775 2.401619 -1.808212 -0.000008 0.000011 0.000032 -0.745494 0.666513
1741165036.776790 2.401619 -1.808212 -0.000008 0.000011 0.000032 -0.745494 0.666513
1741165036.826775 2.401620 -1.808176 -0.000008 0.000012 0.000034 -0.745463 0.666547
1741165036.876783 2.401620 -1.808176 -0.000008 0.000012 0.000034 -0.745463 0.666547
1741165036.926775 2.401621 -1.808138 -0.000011 -0.000074 -0.000031 -0.745432 0.666582
1741165036.976784 2.401621 -1.808138 -0.000011 -0.000074 -0.000031 -0.745432 0.666582
1741165037.026781 2.401619 -1.808212 -0.000008 0.000012 0.000034 -0.751281 0.659982
1741165037.076795 2.401619 -1.808212 -0.000008 0.000012 0.000034 -0.751281 0.659982
1741165037.126779 2.401620 -1.808176 -0.000011 -0.000074 -0.000030 -0.751252 0.660016
1741165037.176784 2.401620 -1.808176 -0.000011 -0.000074 -0.000030 -0.751252 0.660016
1741165037.226784 2.401622 -1.808138 -0.000008 0.000012 0.000034 -0.751221 0.660051
1741165037.276786 2.401622 -1.808138 -0.000008 0.000012 0.000034 -0.751221 0.660051
1741165037.326774 2.401619 -1.808213 -0.000007 0.000011 0.000028 -0.757013 0.653400
1741165037.376788 2.401619 -1.808213 -0.000007 0.000011 0.000028 -0.757013 0.653400
1741165037.426779 2.401621 -1.808178 -0.000011 -0.000074 -0.000029 -0.756984 0.653433
1741165037.476792 2.401621 -1.808178 -0.000011 -0.000074 -0.000029 -0.756984 0.653433
1741165037.526777 2.401622 -1.808142 -0.000011 -0.000074 -0.000029 -0.756955 0.653467
1741165037.576780 2.401622 -1.808142 -0.000011 -0.000074 -0.000029 -0.756955 0.653467
1741165037.626776 2.401619 -1.808214 -0.000008 -0.000056 -0.000022 -0.762687 0.646768
1741165037.676787 2.401619 -1.808214 -0.000008 -0.000056 -0.000022 -0.762687 0.646768
1741165037.726774 2.401621 -1.808180 -0.000011 -0.000074 -0.000029 -0.762659 0.646801
1741165037.776788 2.401621 -1.808180 -0.000011 -0.000074 -0.000029 -0.762659 0.646801
1741165037.826777 2.401623 -1.808145 -0.000011 -0.000074 -0.000029 -0.762631 0.646834
1741165037.876791 2.401623 -1.808145 -0.000011 -0.000074 -0.000029 -0.762631 0.646834
1741165037.926780 2.401625 -1.808111 -0.000011 -0.000074 -0.000029 -0.762603 0.646867
1741165037.976787 2.401625 -1.808111 -0.000011 -0.000074 -0.000029 -0.762603 0.646867
1741165038.026775 2.401619 -1.808213 -0.000010 -0.000068 -0.000026 -0.768301 0.640088
1741165038.076787 2.401619 -1.808213 -0.000010 -0.000068 -0.000026 -0.768301 0.640088
1741165038.126778 2.401621 -1.808179 -0.000008 0.000013 0.000033 -0.768292 0.640099
1741165038.176788 2.401621 -1.808179 -0.000008 0.000013 0.000033 -0.768292 0.640099
1741165038.226775 2.401624 -1.808146 -0.000008 0.000013 0.000033 -0.768284 0.640109
1741165038.276788 2.401624 -1.808146 -0.000008 0.000013 0.000033 -0.768284 0.640109
1741165038.326778 2.401619 -1.808213 -0.000010 -0.000068 -0.000025 -0.773858 0.633360
1741165038.376790 2.401619 -1.808213 -0.000010 -0.000068 -0.000025 -0.773858 0.633360
1741165038.426774 2.401621 -1.808180 -0.000008 0.000013 0.000033 -0.773850 0.633369
1741165038.476787 2.401621 -1.808180 -0.000008 0.000013 0.000033 -0.773850 0.633369
1741165038.526773 2.401624 -1.808148 -0.000011 -0.000074 -0.000027 -0.773843 0.633378
1741165038.576800 2.401624 -1.808148 -0.000011 -0.000074 -0.000027 -0.773843 0.633378
1741165038.626778 2.401619 -1.808213 -0.000007 0.000012 0.000028 -0.779355 0.626582
1741165038.676789 2.401619 -1.808213 -0.000007 0.000012 0.000028 -0.779355 0.626582
1741165038.726776 2.401621 -1.808183 -0.000011 -0.000075 -0.000027 -0.779349 0.626591
1741165038.776796 2.401621 -1.808183 -0.000011 -0.000075 -0.000027 -0.779349 0.626591
1741165038.826776 2.401624 -1.808150 -0.000008 0.000014 0.000033 -0.779341 0.626600
1741165038.876784 2.401624 -1.808150 -0.000008 0.000014 0.000033 -0.779341 0.626600
1741165038.926778 2.401619 -1.808213 -0.000008 0.000013 0.000031 -0.784793 0.619757
1741165038.976796 2.401619 -1.808213 -0.000008 0.000013 0.000031 -0.784793 0.619757
1741165039.026785 2.401622 -1.808182 -0.000011 -0.000075 -0.000026 -0.784786 0.619766
1741165039.076786 2.401622 -1.808182 -0.000011 -0.000075 -0.000026 -0.784786 0.619766
1741165039.126775 2.401625 -1.808152 -0.000008 0.000014 0.000033 -0.784779 0.619776
1741165039.176787 2.401625 -1.808152 -0.000008 0.000014 0.000033 -0.784779 0.619776
1741165039.226775 2.401619 -1.808213 -0.000007 0.000012 0.000027 -0.790172 0.612885
1741165039.276789 2.401619 -1.808213 -0.000007 0.000012 0.000027 -0.790172 0.612885
1741165039.326775 2.401622 -1.808184 -0.000008 0.000014 0.000032 -0.790165 0.612895
1741165039.376785 2.401622 -1.808184 -0.000008 0.000014 0.000032 -0.790165 0.612895
1741165039.426778 2.401626 -1.808154 -0.000008 0.000014 0.000032 -0.790157 0.612904
1741165039.476788 2.401626 -1.808154 -0.000008 0.000014 0.000032 -0.790157 0.612904
1741165039.526774 2.401619 -1.808214 -0.000010 -0.000068 -0.000023 -0.795490 0.605966
1741165039.576783 2.401619 -1.808214 -0.000010 -0.000068 -0.000023 -0.795490 0.605966
1741165039.626776 2.401623 -1.808185 -0.000008 0.000014 0.000032 -0.795483 0.605977
1741165039.676786 2.401623 -1.808185 -0.000008 0.000014 0.000032 -0.795483 0.605977
1741165039.726774 2.401627 -1.808156 -0.000008 0.000014 0.000032 -0.795475 0.605987
1741165039.776796 2.401627 -1.808156 -0.000008 0.000014 0.000032 -0.795475 0.605987
1741165039.826775 2.401620 -1.808212 -0.000008 0.000015 0.000032 -0.800748 0.599002
1741165039.876786 2.401620 -1.808212 -0.000008 0.000015 0.000032 -0.800748 0.599002
1741165039.926774 2.401624 -1.808185 -0.000008 0.000015 0.000032 -0.800740 0.599013
1741165039.976784 2.401624 -1.808185 -0.000008 0.000015 0.000032 -0.800740 0.599013
1741165040.026786 2.401629 -1.808158 -0.000008 0.000015 0.000032 -0.800731 0.599024
1741165040.076790 2.401629 -1.808158 -0.000008 0.000015 0.000032 -0.800731 0.599024
1741165040.126777 2.401619 -1.808213 -0.000007 0.000014 0.000030 -0.805945 0.591991
1741165040.176781 2.401619 -1.808213 -0.000007 0.000014 0.000030 -0.805945 0.591991
1741165040.226777 2.401624 -1.808188 -0.000008 0.000015 0.000031 -0.805936 0.592003
1741165040.276788 2.401624 -1.808188 -0.000008 0.000015 0.000031 -0.805936 0.592003
1741165040.326778 2.401629 -1.808162 -0.000011 -0.000075 -0.000023 -0.805928 0.592014
1741165040.376783 2.401629 -1.808162 -0.000011 -0.000075 -0.000023 -0.805928 0.592014
1741165040.426802 2.401619 -1.808213 -0.000007 0.000014 0.000030 -0.811080 0.584935
1741165040.476789 2.401619 -1.808213 -0.000007 0.000014 0.000030 -0.811080 0.584935
1741165040.526776 2.401625 -1.808189 -0.000008 0.000015 0.000031 -0.811071 0.584948
1741165040.576779 2.401625 -1.808189 -0.000008 0.000015 0.000031 -0.811071 0.584948
1741165040.626776 2.401631 -1.808165 -0.000008 0.000015 0.000031 -0.811062 0.584960
1741165040.676786 2.401631 -1.808165 -0.000008 0.000015 0.000031 -0.811062 0.584960
1741165040.726789 2.401619 -1.808212 -0.000008 0.000015 0.000031 -0.816153 0.577836
1741165040.776781 2.401619 -1.808212 -0.000008 0.000015 0.000031 -0.816153 0.577836
1741165040.826792 2.401626 -1.808190 -0.000008 0.000015 0.000031 -0.816143 0.577849
1741165040.876787 2.401626 -1.808190 -0.000008 0.000015 0.000031 -0.816143 0.577849
1741165040.926775 2.401633 -1.808167 -0.000008 0.000015 0.000031 -0.816134 0.577863
1741165040.976784 2.401633 -1.808167 -0.000008 0.000015 0.000031 -0.816134 0.577863
1741165041.026777 2.401619 -1.808214 -0.000007 0.000013 0.000026 -0.821165 0.570691
1741165041.076782 2.401619 -1.808214 -0.000007 0.000013 0.000026 -0.821165 0.570691
1741165041.126776 2.401626 -1.808193 -0.000008 0.000015 0.000031 -0.821155 0.570705
1741165041.176788 2.401626 -1.808193 -0.000008 0.000015 0.000031 -0.821155 0.570705
1741165041.226777 2.401634 -1.808173 -0.000011 -0.000075 -0.000021 -0.821145 0.570719
1741165041.276795 2.401634 -1.808173 -0.000011 -0.000075 -0.000021 -0.821145 0.570719
1741165041.326783 2.401619 -1.808213 -0.000007 0.000015 0.000030 -0.826113 0.563504
1741165041.376802 2.401619 -1.808213 -0.000007 0.000015 0.000030 -0.826113 0.563504
1741165041.426777 2.401627 -1.808195 -0.000008 0.000015 0.000030 -0.826104 0.563518
1741165041.476789 2.401627 -1.808195 -0.000008 0.000015 0.000030 -0.826104 0.563518
1741165041.526775 2.401636 -1.808176 -0.000008 0.000015 0.000030 -0.826094 0.563532
1741165041.576800 2.401636 -1.808176 -0.000008 0.000015 0.000030 -0.826094 0.563532
1741165041.626781 2.401620 -1.808212 -0.000011 -0.000075 -0.000020 -0.830999 0.556274
1741165041.676784 2.401620 -1.808212 -0.000011 -0.000075 -0.000020 -0.830999 0.556274
1741165041.726778 2.401628 -1.808196 -0.000007 0.000015 0.000030 -0.830990 0.556288
1741165041.776783 2.401628 -1.808196 -0.000007 0.000015 0.000030 -0.830990 0.556288
1741165041.826776 2.401637 -1.808180 -0.000007 0.000015 0.000030 -0.830981 0.556301
1741165041.876784 2.401637 -1.808180 -0.000007 0.000015 0.000030 -0.830981 0.556301
1741165041.926776 2.401619 -1.808214 -0.000006 0.000014 0.000026 -0.835822 0.549000
1741165041.976785 2.401619 -1.808214 -0.000006 0.000014 0.000026 -0.835822 0.549000
1741165042.026779 2.401628 -1.808200 -0.000011 -0.000075 -0.000019 -0.835814 0.549013
1741165042.076784 2.401628 -1.808200 -0.000011 -0.000075 -0.000019 -0.835814 0.549013
1741165042.126786 2.401637 -1.808187 -0.000011 -0.000075 -0.000019 -0.835805 0.549027
1741165042.176786 2.401637 -1.808187 -0.000011 -0.000075 -0.000019 -0.835805 0.549027
1741165042.226786 2.401646 -1.808173 -0.000007 0.000016 0.000030 -0.835796 0.549040
1741165042.276799 2.401646 -1.808173 -0.000007 0.000016 0.000030 -0.835796 0.549040
1741165042.326776 2.401655 -1.808159 -0.000011 -0.000075 -0.000019 -0.835787 0.549054
1741165042.376785 2.401655 -1.808159 -0.000011 -0.000075 -0.000019 -0.835787 0.549054
1741165042.426781 2.401664 -1.808146 -0.000011 -0.000075 -0.000019 -0.835778 0.549067
1741165042.476784 2.401664 -1.808146 -0.000011 -0.000075 -0.000019 -0.835778 0.549067
1741165042.526774 2.401673 -1.808132 -0.000007 0.000015 0.000029 -0.835769 0.549081
1741165042.576788 2.401673 -1.808132 -0.000007 0.000015 0.000029 -0.835769 0.549081
1741165042.626778 2.401682 -1.808118 -0.000011 -0.000075 -0.000019 -0.835761 0.549094
1741165042.676787 2.401682 -1.808118 -0.000011 -0.000075 -0.000019 -0.835761 0.549094
1741165042.726775 2.401691 -1.808104 -0.000011 -0.000075 -0.000019 -0.835752 0.549107
1741165042.776789 2.401691 -1.808104 -0.000011 -0.000075 -0.000019 -0.835752 0.549107
1741165042.826780 2.384061 -1.850284 -0.000007 0.000015 0.000030 -0.828561 0.559899
1741165042.876789 2.384061 -1.850284 -0.000007 0.000015 0.000030 -0.828561 0.559899
1741165042.926779 2.384070 -1.850266 -0.000007 0.000015 0.000030 -0.828551 0.559913
1741165042.976810 2.384070 -1.850266 -0.000007 0.000015 0.000030 -0.828551 0.559913
1741165043.026778 2.367609 -1.892802 -0.000011 -0.000074 -0.000021 -0.821159 0.570699
1741165043.076787 2.367609 -1.892802 -0.000011 -0.000074 -0.000021 -0.821159 0.570699
1741165043.126780 2.367616 -1.892782 -0.000007 0.000015 0.000030 -0.821150 0.570713
1741165043.176799 2.367616 -1.892782 -0.000007 0.000015 0.000030 -0.821150 0.570713
1741165043.226779 2.352273 -1.935741 -0.000007 0.000014 0.000030 -0.813619 0.581398
1741165043.276785 2.352273 -1.935741 -0.000007 0.000014 0.000030 -0.813619 0.581398
1741165043.326780 2.352280 -1.935718 -0.000011 -0.000074 -0.000022 -0.813610 0.581411
1741165043.376782 2.352280 -1.935718 -0.000011 -0.000074 -0.000022 -0.813610 0.581411
1741165043.426779 2.338067 -1.979065 -0.000011 -0.000073 -0.000023 -0.805939 0.591998
1741165043.476783 2.338067 -1.979065 -0.000011 -0.000073 -0.000023 -0.805939 0.591998
1741165043.526779 2.338073 -1.979039 -0.000007 0.000014 0.000030 -0.805930 0.592011
1741165043.576804 2.338073 -1.979039 -0.000007 0.000014 0.000030 -0.805930 0.592011
1741165043.626780 2.325000 -2.022747 -0.000011 -0.000073 -0.000024 -0.798122 0.602496
1741165043.676793 2.325000 -2.022747 -0.000011 -0.000073 -0.000024 -0.798122 0.602496
1741165043.726775 2.325005 -2.022720 -0.000011 -0.000073 -0.000024 -0.798113 0.602508
1741165043.776795 2.325005 -2.022720 -0.000011 -0.000073 -0.000024 -0.798113 0.602508
1741165043.826738 2.313081 -2.066755 -0.000007 0.000013 0.000030 -0.790167 0.612891
1741165043.876791 2.313081 -2.066755 -0.000007 0.000013 0.000030 -0.790167 0.612891
1741165043.926801 2.313085 -2.066726 -0.000007 0.000013 0.000030 -0.790159 0.612902
1741165043.976804 2.313085 -2.066726 -0.000007 0.000013 0.000030 -0.790159 0.612902
1741165044.026781 2.302318 -2.111058 -0.000007 0.000013 0.000031 -0.782077 0.623182
1741165044.076785 2.302318 -2.111058 -0.000007 0.000013 0.000031 -0.782077 0.623182
1741165044.126776 2.302321 -2.111028 -0.000007 0.000013 0.000031 -0.782070 0.623191
1741165044.176786 2.302321 -2.111028 -0.000007 0.000013 0.000031 -0.782070 0.623191
1741165044.226778 2.292718 -2.155632 -0.000011 -0.000072 -0.000027 -0.773853 0.633365
1741165044.276783 2.292718 -2.155632 -0.000011 -0.000072 -0.000027 -0.773853 0.633365
1741165044.326782 2.292721 -2.155598 -0.000007 0.000012 0.000031 -0.773846 0.633374
1741165044.376803 2.292721 -2.155598 -0.000007 0.000012 0.000031 -0.773846 0.633374
1741165044.426784 2.284289 -2.200441 -0.000011 -0.000071 -0.000028 -0.765497 0.643439
1741165044.476785 2.284289 -2.200441 -0.000011 -0.000071 -0.000028 -0.765497 0.643439
1741165044.526789 2.284291 -2.200405 -0.000007 0.000012 0.000031 -0.765490 0.643448
1741165044.576785 2.284291 -2.200405 -0.000007 0.000012 0.000031 -0.765490 0.643448
1741165044.626780 2.284292 -2.200368 -0.000007 0.000012 0.000031 -0.765483 0.643456
1741165044.676791 2.284292 -2.200368 -0.000007 0.000012 0.000031 -0.765483 0.643456
1741165044.726776 2.277036 -2.245454 -0.000007 0.000011 0.000031 -0.757009 0.653405
1741165044.776789 2.277036 -2.245454 -0.000007 0.000011 0.000031 -0.757009 0.653405
1741165044.826778 2.277037 -2.245416 -0.000007 0.000011 0.000031 -0.757002 0.653413
1741165044.876791 2.277037 -2.245416 -0.000007 0.000011 0.000031 -0.757002 0.653413
1741165044.926776 2.277038 -2.245378 -0.000011 -0.000071 -0.000028 -0.756995 0.653421
1741165044.976785 2.277038 -2.245378 -0.000011 -0.000071 -0.000028 -0.756995 0.653421
1741165045.026777 2.270963 -2.290643 -0.000007 0.000011 0.000031 -0.748390 0.663258
1741165045.076790 2.270963 -2.290643 -0.000007 0.000011 0.000031 -0.748390 0.663258
1741165045.126780 2.270964 -2.290603 -0.000011 -0.000071 -0.000029 -0.748383 0.663267
1741165045.176787 2.270964 -2.290603 -0.000011 -0.000071 -0.000029 -0.748383 0.663267
1741165045.226777 2.270965 -2.290563 -0.000007 0.000011 0.000031 -0.748375 0.663276
1741165045.276786 2.270965 -2.290563 -0.000007 0.000011 0.000031 -0.748375 0.663276
1741165045.326776 2.266076 -2.335975 -0.000007 0.000010 0.000031 -0.739644 0.672998
1741165045.376790 2.266076 -2.335975 -0.000007 0.000010 0.000031 -0.739644 0.672998
1741165045.426775 2.266077 -2.335933 -0.000007 0.000010 0.000031 -0.739636 0.673007
1741165045.476789 2.266077 -2.335933 -0.000007 0.000010 0.000031 -0.739636 0.673007
1741165045.526782 2.262377 -2.381419 -0.000011 -0.000070 -0.000031 -0.730772 0.682622
1741165045.576787 2.262377 -2.381419 -0.000011 -0.000070 -0.000031 -0.730772 0.682622
1741165045.626778 2.262378 -2.381376 -0.000011 -0.000070 -0.000031 -0.730763 0.682632
1741165045.676833 2.262378 -2.381376 -0.000011 -0.000070 -0.000031 -0.730763 0.682632
1741165045.726780 2.259869 -2.426945 -0.000011 -0.000069 -0.000032 -0.721773 0.692129
1741165045.776788 2.259869 -2.426945 -0.000011 -0.000069 -0.000032 -0.721773 0.692129
1741165045.826780 2.259869 -2.426901 -0.000007 0.000010 0.000031 -0.721764 0.692139
1741165045.876792 2.259869 -2.426901 -0.000007 0.000010 0.000031 -0.721764 0.692139
1741165045.926782 2.258554 -2.472521 -0.000007 0.000009 0.000032 -0.712652 0.701518
1741165045.976786 2.258554 -2.472521 -0.000007 0.000009 0.000032 -0.712652 0.701518
1741165046.026780 2.258554 -2.472477 -0.000011 -0.000069 -0.000033 -0.712643 0.701527
1741165046.076789 2.258554 -2.472477 -0.000011 -0.000069 -0.000033 -0.712643 0.701527
1741165046.126777 2.258432 -2.518115 -0.000011 -0.000068 -0.000034 -0.703408 0.710786
1741165046.176787 2.258432 -2.518115 -0.000011 -0.000068 -0.000034 -0.703408 0.710786
1741165046.226775 2.258432 -2.518070 -0.000007 0.000009 0.000032 -0.703399 0.710796
1741165046.276797 2.258432 -2.518070 -0.000007 0.000009 0.000032 -0.703399 0.710796
1741165046.326780 2.258432 -2.518024 -0.000007 0.000009 0.000032 -0.703389 0.710805
1741165046.376790 2.258432 -2.518024 -0.000007 0.000009 0.000032 -0.703389 0.710805
1741165046.426775 2.259503 -2.563697 -0.000007 0.000008 0.000032 -0.694044 0.719933
1741165046.476780 2.259503 -2.563697 -0.000007 0.000008 0.000032 -0.694044 0.719933
1741165046.526780 2.259503 -2.563651 -0.000007 0.000008 0.000032 -0.694033 0.719943
1741165046.576786 2.259503 -2.563651 -0.000007 0.000008 0.000032 -0.694033 0.719943
1741165046.626775 2.261768 -2.609236 -0.000007 0.000008 0.000032 -0.684560 0.728957
1741165046.676792 2.261768 -2.609236 -0.000007 0.000008 0.000032 -0.684560 0.728957
1741165046.726784 2.261768 -2.609189 -0.000007 0.000008 0.000032 -0.684549 0.728967
1741165046.776790 2.261768 -2.609189 -0.000007 0.000008 0.000032 -0.684549 0.728967
1741165046.826778 2.265224 -2.654702 -0.000011 -0.000067 -0.000037 -0.674960 0.737854
1741165046.876786 2.265224 -2.654702 -0.000011 -0.000067 -0.000037 -0.674960 0.737854
1741165046.926777 2.265223 -2.654656 -0.000011 -0.000067 -0.000037 -0.674948 0.737866
1741165046.976782 2.265223 -2.654656 -0.000011 -0.000067 -0.000037 -0.674948 0.737866
1741165047.026780 2.269868 -2.700056 -0.000011 -0.000067 -0.000037 -0.665242 0.746628
1741165047.076790 2.269868 -2.700056 -0.000011 -0.000067 -0.000037 -0.665242 0.746628
1741165047.126775 2.269868 -2.700010 -0.000007 0.000007 0.000032 -0.665229 0.746639
1741165047.176785 2.269868 -2.700010 -0.000007 0.000007 0.000032 -0.665229 0.746639
1741165047.226777 2.275699 -2.745281 -0.000011 -0.000066 -0.000038 -0.655413 0.755271
1741165047.276809 2.275699 -2.745281 -0.000011 -0.000066 -0.000038 -0.655413 0.755271
1741165047.326775 2.275699 -2.745236 -0.000007 0.000007 0.000032 -0.655399 0.755283
1741165047.376785 2.275699 -2.745236 -0.000007 0.000007 0.000032 -0.655399 0.755283
1741165047.426780 2.282711 -2.790334 -0.000011 -0.000066 -0.000039 -0.645470 0.763785
1741165047.476789 2.282711 -2.790334 -0.000011 -0.000066 -0.000039 -0.645470 0.763785
1741165047.526799 2.282711 -2.790289 -0.000011 -0.000066 -0.000039 -0.645457 0.763797
1741165047.576788 2.282711 -2.790289 -0.000011 -0.000066 -0.000039 -0.645457 0.763797
1741165047.626776 2.282711 -2.790244 -0.000007 0.000006 0.000032 -0.645443 0.763808
1741165047.676793 2.282711 -2.790244 -0.000007 0.000006 0.000032 -0.645443 0.763808
1741165047.726774 2.290901 -2.835188 -0.000007 0.000006 0.000032 -0.635419 0.772168
1741165047.776785 2.290901 -2.835188 -0.000007 0.000006 0.000032 -0.635419 0.772168
1741165047.826786 2.290901 -2.835145 -0.000007 0.000006 0.000032 -0.635406 0.772178
1741165047.876783 2.290901 -2.835145 -0.000007 0.000006 0.000032 -0.635406 0.772178
1741165047.926776 2.290901 -2.835102 -0.000007 0.000006 0.000032 -0.635394 0.772188
1741165047.976784 2.290901 -2.835102 -0.000007 0.000006 0.000032 -0.635394 0.772188
1741165048.026777 2.300261 -2.879814 -0.000011 -0.000065 -0.000041 -0.625258 0.780418
1741165048.076797 2.300261 -2.879814 -0.000011 -0.000065 -0.000041 -0.625258 0.780418
1741165048.126787 2.300262 -2.879772 -0.000007 0.000005 0.000032 -0.625247 0.780427
1741165048.176782 2.300262 -2.879772 -0.000007 0.000005 0.000032 -0.625247 0.780427
1741165048.226774 2.310787 -2.924179 -0.000011 -0.000064 -0.000042 -0.614991 0.788534
1741165048.276782 2.310787 -2.924179 -0.000011 -0.000064 -0.000042 -0.614991 0.788534
1741165048.326778 2.310788 -2.924137 -0.000007 0.000005 0.000032 -0.614982 0.788541
1741165048.376784 2.310788 -2.924137 -0.000007 0.000005 0.000032 -0.614982 0.788541
1741165048.426780 2.322471 -2.968253 -0.000007 0.000005 0.000033 -0.604617 0.796517
1741165048.476783 2.322471 -2.968253 -0.000007 0.000005 0.000033 -0.604617 0.796517
1741165048.526774 2.322472 -2.968213 -0.000007 0.000005 0.000033 -0.604610 0.796522
1741165048.576786 2.322472 -2.968213 -0.000007 0.000005 0.000033 -0.604610 0.796522
1741165048.626776 2.335304 -3.012005 -0.000007 0.000004 0.000033 -0.594141 0.804361
1741165048.676793 2.335304 -3.012005 -0.000007 0.000004 0.000033 -0.594141 0.804361
1741165048.726778 2.335306 -3.011967 -0.000007 0.000004 0.000033 -0.594136 0.804365
1741165048.776789 2.335306 -3.011967 -0.000007 0.000004 0.000033 -0.594136 0.804365
1741165048.826776 2.335308 -3.011929 -0.000011 -0.000063 -0.000043 -0.594131 0.804368
1741165048.876785 2.335308 -3.011929 -0.000011 -0.000063 -0.000043 -0.594131 0.804368
1741165048.926776 2.349278 -3.055407 -0.000007 0.000004 0.000033 -0.583562 0.812068
1741165048.976794 2.349278 -3.055407 -0.000007 0.000004 0.000033 -0.583562 0.812068
1741165049.026775 2.349281 -3.055370 -0.000007 0.000004 0.000033 -0.583559 0.812071
1741165049.076786 2.349281 -3.055370 -0.000007 0.000004 0.000033 -0.583559 0.812071
1741165049.126775 2.364383 -3.098428 -0.000007 0.000003 0.000033 -0.572883 0.819637
1741165049.176782 2.364383 -3.098428 -0.000007 0.000003 0.000033 -0.572883 0.819637
1741165049.226780 2.364386 -3.098393 -0.000007 0.000003 0.000033 -0.572881 0.819639
1741165049.276820 2.364386 -3.098393 -0.000007 0.000003 0.000033 -0.572881 0.819639
1741165049.326778 2.380610 -3.141040 -0.000011 -0.000061 -0.000046 -0.562106 0.827065
1741165049.376786 2.380610 -3.141040 -0.000011 -0.000061 -0.000046 -0.562106 0.827065
1741165049.426779 2.380613 -3.141005 -0.000007 0.000003 0.000033 -0.562106 0.827065
1741165049.476786 2.380613 -3.141005 -0.000007 0.000003 0.000033 -0.562106 0.827065
1741165049.526773 2.397946 -3.183209 -0.000007 0.000003 0.000033 -0.551235 0.834350
1741165049.576786 2.397946 -3.183209 -0.000007 0.000003 0.000033 -0.551235 0.834350
1741165049.626774 2.397951 -3.183176 -0.000007 0.000003 0.000033 -0.551237 0.834349
1741165049.676783 2.397951 -3.183176 -0.000007 0.000003 0.000033 -0.551237 0.834349
1741165049.726774 2.397955 -3.183142 -0.000007 0.000003 0.000033 -0.551240 0.834347
1741165049.776795 2.397955 -3.183142 -0.000007 0.000003 0.000033 -0.551240 0.834347
1741165049.826779 2.416380 -3.224915 -0.000007 0.000002 0.000033 -0.540266 0.841494
1741165049.876786 2.416380 -3.224915 -0.000007 0.000002 0.000033 -0.540266 0.841494
1741165049.926781 2.416386 -3.224881 -0.000007 0.000002 0.000033 -0.540271 0.841491
1741165049.976781 2.416386 -3.224881 -0.000007 0.000002 0.000033 -0.540271 0.841491
1741165050.026777 2.416391 -3.224850 -0.000011 -0.000060 -0.000048 -0.540276 0.841488
1741165050.076781 2.416391 -3.224850 -0.000011 -0.000060 -0.000048 -0.540276 0.841488
1741165050.126775 2.435900 -3.266120 -0.000007 0.000002 0.000033 -0.529207 0.848493
1741165050.176780 2.435900 -3.266120 -0.000007 0.000002 0.000033 -0.529207 0.848493
1741165050.226774 2.435906 -3.266088 -0.000007 0.000002 0.000033 -0.529214 0.848488
1741165050.276789 2.435906 -3.266088 -0.000007 0.000002 0.000033 -0.529214 0.848488
1741165050.326778 2.456492 -3.306801 -0.000011 -0.000059 -0.000049 -0.518059 0.855345
1741165050.376787 2.456492 -3.306801 -0.000011 -0.000059 -0.000049 -0.518059 0.855345
1741165050.426780 2.456499 -3.306770 -0.000007 0.000001 0.000033 -0.518068 0.855339
1741165050.476786 2.456499 -3.306770 -0.000007 0.000001 0.000033 -0.518068 0.855339
1741165050.526776 2.478141 -3.346934 -0.000011 -0.000058 -0.000050 -0.506817 0.862054
1741165050.576788 2.478141 -3.346934 -0.000011 -0.000058 -0.000050 -0.506817 0.862054
1741165050.626778 2.478148 -3.346904 -0.000007 0.000001 0.000033 -0.506830 0.862046
1741165050.676786 2.478148 -3.346904 -0.000007 0.000001 0.000033 -0.506830 0.862046
1741165050.726775 2.500833 -3.386480 -0.000007 0.000000 0.000033 -0.495491 0.868613
1741165050.776785 2.500833 -3.386480 -0.000007 0.000000 0.000033 -0.495491 0.868613
1741165050.826777 2.500842 -3.386451 -0.000011 -0.000058 -0.000051 -0.495507 0.868604
1741165050.876783 2.500842 -3.386451 -0.000011 -0.000058 -0.000051 -0.495507 0.868604
1741165050.926778 2.524554 -3.425419 -0.000011 -0.000057 -0.000052 -0.484081 0.875023
1741165050.976783 2.524554 -3.425419 -0.000011 -0.000057 -0.000052 -0.484081 0.875023
1741165051.026774 2.524562 -3.425392 -0.000011 -0.000057 -0.000052 -0.484098 0.875014
1741165051.076785 2.524562 -3.425392 -0.000011 -0.000057 -0.000052 -0.484098 0.875014
1741165051.126776 2.549284 -3.463726 -0.000007 -0.000000 0.000033 -0.472586 0.881285
1741165051.176786 2.549284 -3.463726 -0.000007 -0.000000 0.000033 -0.472586 0.881285
1741165051.226759 2.549291 -3.463701 -0.000011 -0.000057 -0.000052 -0.472603 0.881276
1741165051.276787 2.549291 -3.463701 -0.000011 -0.000057 -0.000052 -0.472603 0.881276
1741165051.326776 2.575008 -3.501371 -0.000007 -0.000001 0.000033 -0.461009 0.887395
1741165051.376815 2.575008 -3.501371 -0.000007 -0.000001 0.000033 -0.461009 0.887395
1741165051.426799 2.575015 -3.501346 -0.000007 -0.000001 0.000033 -0.461024 0.887387
1741165051.476791 2.575015 -3.501346 -0.000007 -0.000001 0.000033 -0.461024 0.887387
1741165051.526777 2.601709 -3.538330 -0.000007 -0.000001 0.000033 -0.449352 0.893355
1741165051.576787 2.601709 -3.538330 -0.000007 -0.000001 0.000033 -0.449352 0.893355
1741165051.626774 2.601715 -3.538307 -0.000007 -0.000001 0.000033 -0.449364 0.893349
1741165051.676780 2.601715 -3.538307 -0.000007 -0.000001 0.000033 -0.449364 0.893349
1741165051.726777 2.629368 -3.574582 -0.000011 -0.000054 -0.000055 -0.437617 0.899162
1741165051.776790 2.629368 -3.574582 -0.000011 -0.000054 -0.000055 -0.437617 0.899162
1741165051.826778 2.629372 -3.574560 -0.000011 -0.000055 -0.000055 -0.437625 0.899157
1741165051.876781 2.629372 -3.574560 -0.000011 -0.000055 -0.000055 -0.437625 0.899157
1741165051.926779 2.657966 -3.610092 -0.000007 -0.000002 0.000033 -0.425808 0.904814
1741165051.976786 2.657966 -3.610092 -0.000007 -0.000002 0.000033 -0.425808 0.904814
1741165052.026776 2.657968 -3.610071 -0.000007 -0.000002 0.000033 -0.425813 0.904811
1741165052.076790 2.657968 -3.610071 -0.000007 -0.000002 0.000033 -0.425813 0.904811
1741165052.126795 2.687484 -3.644842 -0.000007 -0.000003 0.000033 -0.413926 0.910311
1741165052.176788 2.687484 -3.644842 -0.000007 -0.000003 0.000033 -0.413926 0.910311
1741165052.226780 2.687486 -3.644822 -0.000007 -0.000003 0.000033 -0.413928 0.910310
1741165052.276810 2.687486 -3.644822 -0.000007 -0.000003 0.000033 -0.413928 0.910310
1741165052.326778 2.687487 -3.644804 -0.000007 -0.000003 0.000033 -0.413929 0.910309
1741165052.376786 2.687487 -3.644804 -0.000007 -0.000003 0.000033 -0.413929 0.910309
1741165052.426783 2.717903 -3.678809 -0.000007 -0.000003 0.000033 -0.401974 0.915651
1741165052.476784 2.717903 -3.678809 -0.000007 -0.000003 0.000033 -0.401974 0.915651
1741165052.526776 2.717904 -3.678791 -0.000007 -0.000003 0.000033 -0.401976 0.915650
1741165052.576786 2.717904 -3.678791 -0.000007 -0.000003 0.000033 -0.401976 0.915650
1741165052.626779 2.749199 -3.711966 -0.000011 -0.000052 -0.000057 -0.389954 0.920834
1741165052.676819 2.749199 -3.711966 -0.000011 -0.000052 -0.000057 -0.389954 0.920834
1741165052.726779 2.749200 -3.711948 -0.000007 -0.000003 0.000033 -0.389954 0.920834
1741165052.776787 2.749200 -3.711948 -0.000007 -0.000003 0.000033 -0.389954 0.920834
1741165052.826775 2.781353 -3.744293 -0.000007 -0.000004 0.000033 -0.377866 0.925860
1741165052.876783 2.781353 -3.744293 -0.000007 -0.000004 0.000033 -0.377866 0.925860
1741165052.926773 2.781353 -3.744277 -0.000007 -0.000004 0.000033 -0.377865 0.925861
1741165052.976785 2.781353 -3.744277 -0.000007 -0.000004 0.000033 -0.377865 0.925861
1741165053.026780 2.814342 -3.775767 -0.000011 -0.000050 -0.000059 -0.365714 0.930727
1741165053.076784 2.814342 -3.775767 -0.000011 -0.000050 -0.000059 -0.365714 0.930727
1741165053.126776 2.814341 -3.775751 -0.000011 -0.000050 -0.000059 -0.365712 0.930728
1741165053.176782 2.814341 -3.775751 -0.000011 -0.000050 -0.000059 -0.365712 0.930728
1741165053.226775 2.848144 -3.806368 -0.000007 -0.000005 0.000033 -0.353499 0.935435
1741165053.276783 2.848144 -3.806368 -0.000007 -0.000005 0.000033 -0.353499 0.935435
1741165053.326773 2.848142 -3.806352 -0.000007 -0.000005 0.000033 -0.353495 0.935436
1741165053.376782 2.848142 -3.806352 -0.000007 -0.000005 0.000033 -0.353495 0.935436
1741165053.426773 2.848139 -3.806337 -0.000011 -0.000049 -0.000059 -0.353492 0.935437
1741165053.476784 2.848139 -3.806337 -0.000011 -0.000049 -0.000059 -0.353492 0.935437
1741165053.526777 2.882736 -3.836072 -0.000011 -0.000048 -0.000060 -0.341224 0.939982
1741165053.576781 2.882736 -3.836072 -0.000011 -0.000048 -0.000060 -0.341224 0.939982
1741165053.626774 2.882733 -3.836056 -0.000011 -0.000049 -0.000060 -0.341220 0.939984
1741165053.676785 2.882733 -3.836056 -0.000011 -0.000049 -0.000060 -0.341220 0.939984
1741165053.726775 2.882730 -3.836040 -0.000007 -0.000005 0.000033 -0.341216 0.939985
1741165053.776787 2.882730 -3.836040 -0.000007 -0.000005 0.000033 -0.341216 0.939985
1741165053.826777 2.918093 -3.864860 -0.000007 -0.000006 0.000033 -0.328889 0.944369
1741165053.876782 2.918093 -3.864860 -0.000007 -0.000006 0.000033 -0.328889 0.944369
1741165053.926777 2.918091 -3.864843 -0.000007 -0.000006 0.000033 -0.328883 0.944371
1741165053.976815 2.918091 -3.864843 -0.000007 -0.000006 0.000033 -0.328883 0.944371
1741165054.026778 2.918089 -3.864828 -0.000011 -0.000048 -0.000061 -0.328877 0.944373
1741165054.076778 2.918089 -3.864828 -0.000011 -0.000048 -0.000061 -0.328877 0.944373
1741165054.126776 2.954193 -3.892714 -0.000007 -0.000006 0.000032 -0.316498 0.948593
1741165054.176787 2.954193 -3.892714 -0.000007 -0.000006 0.000032 -0.316498 0.948593
1741165054.226773 2.954192 -3.892699 -0.000007 -0.000006 0.000032 -0.316490 0.948596
1741165054.276786 2.954192 -3.892699 -0.000007 -0.000006 0.000032 -0.316490 0.948596
1741165054.326777 2.991009 -3.919613 -0.000011 -0.000046 -0.000062 -0.304053 0.952655
1741165054.376788 2.991009 -3.919613 -0.000011 -0.000046 -0.000062 -0.304053 0.952655
1741165054.426779 2.991009 -3.919598 -0.000011 -0.000046 -0.000062 -0.304044 0.952658
1741165054.476784 2.991009 -3.919598 -0.000011 -0.000046 -0.000062 -0.304044 0.952658
1741165054.526773 2.991009 -3.919584 -0.000007 -0.000006 0.000032 -0.304034 0.952661
1741165054.576810 2.991009 -3.919584 -0.000007 -0.000006 0.000032 -0.304034 0.952661
1741165054.626774 3.028516 -3.945541 -0.000007 -0.000007 0.000032 -0.291558 0.956553
1741165054.676788 3.028516 -3.945541 -0.000007 -0.000007 0.000032 -0.291558 0.956553
1741165054.726776 3.028516 -3.945528 -0.000007 -0.000007 0.000032 -0.291549 0.956556
1741165054.776785 3.028516 -3.945528 -0.000007 -0.000007 0.000032 -0.291549 0.956556
1741165054.826780 3.066689 -3.970476 -0.000011 -0.000044 -0.000063 -0.279012 0.960288
1741165054.876786 3.066689 -3.970476 -0.000011 -0.000044 -0.000063 -0.279012 0.960288
1741165054.926773 3.066689 -3.970465 -0.000007 -0.000007 0.000032 -0.279004 0.960290
1741165054.976826 3.066689 -3.970465 -0.000007 -0.000007 0.000032 -0.279004 0.960290
1741165055.026778 3.105502 -3.994405 -0.000007 -0.000008 0.000032 -0.266420 0.963857
1741165055.076787 3.105502 -3.994405 -0.000007 -0.000008 0.000032 -0.266420 0.963857
1741165055.126774 3.105501 -3.994396 -0.000007 -0.000008 0.000032 -0.266412 0.963859
1741165055.176828 3.105501 -3.994396 -0.000007 -0.000008 0.000032 -0.266412 0.963859
1741165055.226779 3.144927 -4.017309 -0.000011 -0.000043 -0.000064 -0.253781 0.967262
1741165055.276786 3.144927 -4.017309 -0.000011 -0.000043 -0.000064 -0.253781 0.967262
1741165055.326777 3.144925 -4.017302 -0.000007 -0.000008 0.000032 -0.253775 0.967263
1741165055.376784 3.144925 -4.017302 -0.000007 -0.000008 0.000032 -0.253775 0.967263
1741165055.426777 3.184937 -4.039174 -0.000007 -0.000009 0.000032 -0.241099 0.970501
1741165055.476792 3.184937 -4.039174 -0.000007 -0.000009 0.000032 -0.241099 0.970501
1741165055.526774 3.184935 -4.039168 -0.000011 -0.000042 -0.000065 -0.241094 0.970502
1741165055.576790 3.184935 -4.039168 -0.000011 -0.000042 -0.000065 -0.241094 0.970502
1741165055.626781 3.225506 -4.059983 -0.000007 -0.000009 0.000032 -0.228375 0.973573
1741165055.676784 3.225506 -4.059983 -0.000007 -0.000009 0.000032 -0.228375 0.973573
1741165055.726776 3.225500 -4.059979 -0.000007 -0.000009 0.000032 -0.228371 0.973574
1741165055.776792 3.225500 -4.059979 -0.000007 -0.000009 0.000032 -0.228371 0.973574
1741165055.826776 3.266605 -4.079723 -0.000007 -0.000009 0.000032 -0.215613 0.976479
1741165055.876789 3.266605 -4.079723 -0.000007 -0.000009 0.000032 -0.215613 0.976479
1741165055.926774 3.266595 -4.079720 -0.000007 -0.000009 0.000032 -0.215609 0.976480
1741165055.976798 3.266595 -4.079720 -0.000007 -0.000009 0.000032 -0.215609 0.976480
1741165056.026784 3.308206 -4.098380 -0.000007 -0.000010 0.000031 -0.202813 0.979218
1741165056.076791 3.308206 -4.098380 -0.000007 -0.000010 0.000031 -0.202813 0.979218
1741165056.126772 3.308192 -4.098378 -0.000011 -0.000039 -0.000066 -0.202810 0.979218
1741165056.176790 3.308192 -4.098378 -0.000011 -0.000039 -0.000066 -0.202810 0.979218
1741165056.226777 3.350282 -4.115942 -0.000011 -0.000038 -0.000067 -0.189978 0.981788
1741165056.276804 3.350282 -4.115942 -0.000011 -0.000038 -0.000067 -0.189978 0.981788
1741165056.326776 3.350265 -4.115941 -0.000007 -0.000010 0.000031 -0.189974 0.981789
1741165056.376788 3.350265 -4.115941 -0.000007 -0.000010 0.000031 -0.189974 0.981789
1741165056.426777 3.392802 -4.132396 -0.000011 -0.000037 -0.000067 -0.177110 0.984191
1741165056.476787 3.392802 -4.132396 -0.000011 -0.000037 -0.000067 -0.177110 0.984191
1741165056.526780 3.392782 -4.132396 -0.000011 -0.000037 -0.000067 -0.177107 0.984192
1741165056.576787 3.392782 -4.132396 -0.000011 -0.000037 -0.000067 -0.177107 0.984192
1741165056.626777 3.435742 -4.147731 -0.000011 -0.000036 -0.000067 -0.164214 0.986425
1741165056.676790 3.435742 -4.147731 -0.000011 -0.000036 -0.000067 -0.164214 0.986425
1741165056.726775 3.435719 -4.147732 -0.000007 -0.000011 0.000031 -0.164213 0.986425
1741165056.776788 3.435719 -4.147732 -0.000007 -0.000011 0.000031 -0.164213 0.986425
1741165056.826777 3.435697 -4.147733 -0.000011 -0.000036 -0.000067 -0.164212 0.986425
1741165056.876787 3.435697 -4.147733 -0.000011 -0.000036 -0.000067 -0.164212 0.986425
1741165056.926775 3.479064 -4.161937 -0.000007 -0.000011 0.000031 -0.151287 0.988490
1741165056.976787 3.479064 -4.161937 -0.000007 -0.000011 0.000031 -0.151287 0.988490
1741165057.026776 3.479040 -4.161938 -0.000007 -0.000011 0.000031 -0.151287 0.988490
1741165057.076792 3.479040 -4.161938 -0.000007 -0.000011 0.000031 -0.151287 0.988490
1741165057.126781 3.479015 -4.161939 -0.000007 -0.000011 0.000031 -0.151288 0.988490
1741165057.176798 3.479015 -4.161939 -0.000007 -0.000011 0.000031 -0.151288 0.988490
1741165057.226776 3.522746 -4.175004 -0.000011 -0.000035 -0.000068 -0.138336 0.990385
1741165057.276788 3.522746 -4.175004 -0.000011 -0.000035 -0.000068 -0.138336 0.990385
1741165057.326777 3.522719 -4.175005 -0.000011 -0.000035 -0.000068 -0.138337 0.990385
1741165057.376791 3.522719 -4.175005 -0.000011 -0.000035 -0.000068 -0.138337 0.990385
1741165057.426776 3.566756 -4.186923 -0.000007 -0.000012 0.000031 -0.125361 0.992111
1741165057.476816 3.566756 -4.186923 -0.000007 -0.000012 0.000031 -0.125361 0.992111
1741165057.526778 3.566727 -4.186925 -0.000011 -0.000034 -0.000069 -0.125364 0.992111
1741165057.576790 3.566727 -4.186925 -0.000011 -0.000034 -0.000069 -0.125364 0.992111
1741165057.626776 3.611061 -4.197686 -0.000007 -0.000013 0.000030 -0.112366 0.993667
1741165057.676787 3.611061 -4.197686 -0.000007 -0.000013 0.000030 -0.112366 0.993667
1741165057.726773 3.611030 -4.197688 -0.000007 -0.000013 0.000030 -0.112370 0.993666
1741165057.776788 3.611030 -4.197688 -0.000007 -0.000013 0.000030 -0.112370 0.993666
1741165057.826730 3.655633 -4.207285 -0.000007 -0.000013 0.000030 -0.099348 0.995053
1741165057.876786 3.655633 -4.207285 -0.000007 -0.000013 0.000030 -0.099348 0.995053
1741165057.926797 3.655600 -4.207287 -0.000011 -0.000032 -0.000069 -0.099353 0.995052
1741165057.976783 3.655600 -4.207287 -0.000011 -0.000032 -0.000069 -0.099353 0.995052
1741165058.026781 3.655567 -4.207290 -0.000007 -0.000013 0.000030 -0.099357 0.995052
1741165058.076787 3.655567 -4.207290 -0.000007 -0.000013 0.000030 -0.099357 0.995052
1741165058.126775 3.700443 -4.215713 -0.000007 -0.000013 0.000030 -0.086317 0.996268
1741165058.176788 3.700443 -4.215713 -0.000007 -0.000013 0.000030 -0.086317 0.996268
1741165058.226778 3.700408 -4.215716 -0.000011 -0.000031 -0.000070 -0.086321 0.996267
1741165058.276784 3.700408 -4.215716 -0.000011 -0.000031 -0.000070 -0.086321 0.996267
1741165058.326773 3.745455 -4.222966 -0.000007 -0.000014 0.000030 -0.073268 0.997312
1741165058.376790 3.745455 -4.222966 -0.000007 -0.000014 0.000030 -0.073268 0.997312
1741165058.426778 3.745418 -4.222969 -0.000007 -0.000014 0.000030 -0.073271 0.997312
1741165058.476785 3.745418 -4.222969 -0.000007 -0.000014 0.000030 -0.073271 0.997312
1741165058.526773 3.790642 -4.229038 -0.000007 -0.000014 0.000030 -0.060206 0.998186
1741165058.576785 3.790642 -4.229038 -0.000007 -0.000014 0.000030 -0.060206 0.998186
1741165058.626776 3.790603 -4.229041 -0.000011 -0.000029 -0.000071 -0.060208 0.998186
1741165058.676738 3.790603 -4.229041 -0.000011 -0.000029 -0.000071 -0.060208 0.998186
1741165058.726787 3.835976 -4.233925 -0.000007 -0.000015 0.000029 -0.047133 0.998889
1741165058.776786 3.835976 -4.233925 -0.000007 -0.000015 0.000029 -0.047133 0.998889
1741165058.826777 3.835936 -4.233927 -0.000011 -0.000028 -0.000071 -0.047133 0.998889
1741165058.876804 3.835936 -4.233927 -0.000011 -0.000028 -0.000071 -0.047133 0.998889
1741165058.926777 3.881420 -4.237624 -0.000007 -0.000015 0.000029 -0.034055 0.999420
1741165058.976785 3.881420 -4.237624 -0.000007 -0.000015 0.000029 -0.034055 0.999420
1741165059.026779 3.881379 -4.237625 -0.000007 -0.000015 0.000029 -0.034053 0.999420
1741165059.076792 3.881379 -4.237625 -0.000007 -0.000015 0.000029 -0.034053 0.999420
1741165059.126776 3.926946 -4.240132 -0.000007 -0.000015 0.000029 -0.020969 0.999780
1741165059.176793 3.926946 -4.240132 -0.000007 -0.000015 0.000029 -0.020969 0.999780
1741165059.226771 3.926903 -4.240132 -0.000007 -0.000015 0.000029 -0.020968 0.999780
1741165059.276785 3.926903 -4.240132 -0.000007 -0.000015 0.000029 -0.020968 0.999780
1741165059.326802 3.926861 -4.240133 -0.000007 -0.000015 0.000029 -0.020967 0.999780
1741165059.376789 3.926861 -4.240133 -0.000007 -0.000015 0.000029 -0.020967 0.999780
1741165059.426778 3.972521 -4.241447 -0.000011 -0.000025 -0.000072 -0.007880 0.999969
1741165059.476788 3.972521 -4.241447 -0.000011 -0.000025 -0.000072 -0.007880 0.999969
1741165059.526776 3.972477 -4.241447 -0.000007 -0.000016 0.000029 -0.007879 0.999969
1741165059.576791 3.972477 -4.241447 -0.000007 -0.000016 0.000029 -0.007879 0.999969
1741165059.626777 3.972434 -4.241447 -0.000007 -0.000016 0.000029 -0.007877 0.999969
1741165059.676800 3.972434 -4.241447 -0.000007 -0.000016 0.000029 -0.007877 0.999969
1741165059.726774 4.018116 -4.241568 -0.000007 -0.000016 0.000029 0.005210 0.999986
1741165059.776784 4.018116 -4.241568 -0.000007 -0.000016 0.000029 0.005210 0.999986
1741165059.826783 4.018072 -4.241568 -0.000011 -0.000024 -0.000072 0.005212 0.999986
1741165059.876786 4.018072 -4.241568 -0.000011 -0.000024 -0.000072 0.005212 0.999986
1741165059.926779 4.063697 -4.240496 -0.000011 -0.000023 -0.000073 0.018299 0.999833
1741165059.976786 4.063697 -4.240496 -0.000011 -0.000023 -0.000073 0.018299 0.999833
1741165060.026773 4.063652 -4.240496 -0.000007 -0.000017 0.000028 0.018301 0.999833
1741165060.076788 4.063652 -4.240496 -0.000007 -0.000017 0.000028 0.018301 0.999833
1741165060.126776 4.109239 -4.238232 -0.000007 -0.000017 0.000028 0.031387 0.999507
1741165060.176794 4.109239 -4.238232 -0.000007 -0.000017 0.000028 0.031387 0.999507
1741165060.226777 4.109194 -4.238231 -0.000007 -0.000017 0.000028 0.031391 0.999507
1741165060.276790 4.109194 -4.238231 -0.000007 -0.000017 0.000028 0.031391 0.999507
1741165060.326779 4.154703 -4.234776 -0.000011 -0.000022 -0.000073 0.044468 0.999011
1741165060.376793 4.154703 -4.234776 -0.000011 -0.000022 -0.000073 0.044468 0.999011
1741165060.426774 4.154658 -4.234774 -0.000007 -0.000017 0.000028 0.044475 0.999010
1741165060.476791 4.154658 -4.234774 -0.000007 -0.000017 0.000028 0.044475 0.999010
1741165060.526776 4.200059 -4.230131 -0.000007 -0.000018 0.000028 0.057543 0.998343
1741165060.576783 4.200059 -4.230131 -0.000007 -0.000018 0.000028 0.057543 0.998343
1741165060.626776 4.200014 -4.230129 -0.000007 -0.000018 0.000028 0.057553 0.998342
1741165060.676786 4.200014 -4.230129 -0.000007 -0.000018 0.000028 0.057553 0.998342
1741165060.726775 4.245281 -4.224300 -0.000007 -0.000018 0.000028 0.070608 0.997504
1741165060.776794 4.245281 -4.224300 -0.000007 -0.000018 0.000028 0.070608 0.997504
1741165060.826776 4.245238 -4.224298 -0.000011 -0.000020 -0.000074 0.070621 0.997503
1741165060.876786 4.245238 -4.224298 -0.000011 -0.000020 -0.000074 0.070621 0.997503
1741165060.926777 4.290335 -4.217287 -0.000011 -0.000019 -0.000074 0.083660 0.996494
1741165060.976793 4.290335 -4.217287 -0.000011 -0.000019 -0.000074 0.083660 0.996494
1741165061.026774 4.290291 -4.217285 -0.000007 -0.000018 0.000027 0.083675 0.996493
1741165061.076783 4.290291 -4.217285 -0.000007 -0.000018 0.000027 0.083675 0.996493
1741165061.126794 4.335190 -4.209098 -0.000007 -0.000019 0.000027 0.096697 0.995314
1741165061.176827 4.335190 -4.209098 -0.000007 -0.000019 0.000027 0.096697 0.995314
1741165061.226776 4.335148 -4.209095 -0.000007 -0.000019 0.000027 0.096712 0.995312
1741165061.276784 4.335148 -4.209095 -0.000007 -0.000019 0.000027 0.096712 0.995312
1741165061.326774 4.335105 -4.209093 -0.000007 -0.000019 0.000027 0.096728 0.995311
1741165061.376789 4.335105 -4.209093 -0.000007 -0.000019 0.000027 0.096728 0.995311
1741165061.426774 4.379813 -4.199737 -0.000011 -0.000017 -0.000075 0.109717 0.993963
1741165061.476785 4.379813 -4.199737 -0.000011 -0.000017 -0.000075 0.109717 0.993963
1741165061.526775 4.379774 -4.199734 -0.000007 -0.000019 0.000027 0.109732 0.993961
1741165061.576782 4.379774 -4.199734 -0.000007 -0.000019 0.000027 0.109732 0.993961
1741165061.626735 4.424175 -4.189211 -0.000007 -0.000019 0.000027 0.122718 0.992442
1741165061.676791 4.424175 -4.189211 -0.000007 -0.000019 0.000027 0.122718 0.992442
1741165061.726775 4.424135 -4.189207 -0.000007 -0.000019 0.000027 0.122733 0.992440
1741165061.776796 4.424135 -4.189207 -0.000007 -0.000019 0.000027 0.122733 0.992440
1741165061.826778 4.468254 -4.177528 -0.000007 -0.000020 0.000026 0.135696 0.990750
1741165061.876785 4.468254 -4.177528 -0.000007 -0.000020 0.000026 0.135696 0.990750
1741165061.926786 4.468216 -4.177524 -0.000007 -0.000020 0.000026 0.135710 0.990749
1741165061.976781 4.468216 -4.177524 -0.000007 -0.000020 0.000026 0.135710 0.990749
1741165062.026776 4.512008 -4.164695 -0.000007 -0.000020 0.000026 0.148652 0.988889
1741165062.076788 4.512008 -4.164695 -0.000007 -0.000020 0.000026 0.148652 0.988889
1741165062.126801 4.511971 -4.164691 -0.000011 -0.000014 -0.000075 0.148665 0.988888
1741165062.176788 4.511971 -4.164691 -0.000011 -0.000014 -0.000075 0.148665 0.988888
1741165062.226783 4.555408 -4.150721 -0.000011 -0.000013 -0.000076 0.161584 0.986859
1741165062.276783 4.555408 -4.150721 -0.000011 -0.000013 -0.000076 0.161584 0.986859
1741165062.326780 4.555373 -4.150716 -0.000011 -0.000013 -0.000076 0.161595 0.986857
1741165062.376782 4.555373 -4.150716 -0.000011 -0.000013 -0.000076 0.161595 0.986857
1741165062.426781 4.598430 -4.135616 -0.000007 -0.000021 0.000026 0.174486 0.984660
1741165062.476786 4.598430 -4.135616 -0.000007 -0.000021 0.000026 0.174486 0.984660
1741165062.526775 4.598396 -4.135610 -0.000007 -0.000021 0.000026 0.174496 0.984658
1741165062.576786 4.598396 -4.135610 -0.000007 -0.000021 0.000026 0.174496 0.984658
1741165062.626777 4.641039 -4.119389 -0.000011 -0.000011 -0.000076 0.187358 0.982292
1741165062.676784 4.641039 -4.119389 -0.000011 -0.000011 -0.000076 0.187358 0.982292
1741165062.726791 4.641006 -4.119383 -0.000011 -0.000011 -0.000076 0.187366 0.982290
1741165062.776781 4.641006 -4.119383 -0.000011 -0.000011 -0.000076 0.187366 0.982290
1741165062.826775 4.683211 -4.102052 -0.000011 -0.000010 -0.000076 0.200199 0.979755
1741165062.876812 4.683211 -4.102052 -0.000011 -0.000010 -0.000076 0.200199 0.979755
1741165062.926780 4.683179 -4.102046 -0.000007 -0.000022 0.000025 0.200205 0.979754
1741165062.976783 4.683179 -4.102046 -0.000007 -0.000022 0.000025 0.200205 0.979754
1741165063.026773 4.683147 -4.102040 -0.000007 -0.000022 0.000025 0.200211 0.979753
1741165063.076782 4.683147 -4.102040 -0.000007 -0.000022 0.000025 0.200211 0.979753
1741165063.126784 4.724916 -4.083619 -0.000011 -0.000009 -0.000077 0.213006 0.977051
1741165063.176794 4.724916 -4.083619 -0.000011 -0.000009 -0.000077 0.213006 0.977051
1741165063.226776 4.724884 -4.083612 -0.000007 -0.000022 0.000025 0.213010 0.977050
1741165063.276787 4.724884 -4.083612 -0.000007 -0.000022 0.000025 0.213010 0.977050
1741165063.326775 4.766120 -4.064098 -0.000011 -0.000008 -0.000077 0.225774 0.974180
1741165063.376788 4.766120 -4.064098 -0.000011 -0.000008 -0.000077 0.225774 0.974180
1741165063.426804 4.766090 -4.064090 -0.000007 -0.000022 0.000025 0.225777 0.974179
1741165063.476784 4.766090 -4.064090 -0.000007 -0.000022 0.000025 0.225777 0.974179
1741165063.526780 4.806802 -4.043507 -0.000011 -0.000007 -0.000077 0.238506 0.971141
1741165063.576784 4.806802 -4.043507 -0.000011 -0.000007 -0.000077 0.238506 0.971141
1741165063.626777 4.806772 -4.043498 -0.000007 -0.000023 0.000024 0.238506 0.971141
1741165063.676796 4.806772 -4.043498 -0.000007 -0.000023 0.000024 0.238506 0.971141
1741165063.726775 4.846931 -4.021858 -0.000007 -0.000023 0.000024 0.251196 0.967936
1741165063.776782 4.846931 -4.021858 -0.000007 -0.000023 0.000024 0.251196 0.967936
1741165063.826778 4.846903 -4.021849 -0.000011 -0.000006 -0.000077 0.251194 0.967937
1741165063.876782 4.846903 -4.021849 -0.000011 -0.000006 -0.000077 0.251194 0.967937
1741165063.926775 4.886478 -3.999165 -0.000007 -0.000023 0.000024 0.263845 0.964565
1741165063.976793 4.886478 -3.999165 -0.000007 -0.000023 0.000024 0.263845 0.964565
1741165064.026777 4.886450 -3.999156 -0.000007 -0.000023 0.000024 0.263842 0.964566
1741165064.076794 4.886450 -3.999156 -0.000007 -0.000023 0.000024 0.263842 0.964566
1741165064.126772 4.925420 -3.975446 -0.000007 -0.000023 0.000023 0.276447 0.961029
1741165064.176785 4.925420 -3.975446 -0.000007 -0.000023 0.000023 0.276447 0.961029
1741165064.226787 4.925393 -3.975437 -0.000007 -0.000023 0.000023 0.276443 0.961030
1741165064.276785 4.925393 -3.975437 -0.000007 -0.000023 0.000023 0.276443 0.961030
1741165064.326778 4.925366 -3.975428 -0.000007 -0.000023 0.000023 0.276440 0.961031
1741165064.376782 4.925366 -3.975428 -0.000007 -0.000023 0.000023 0.276440 0.961031
1741165064.426775 4.963725 -3.950715 -0.000011 -0.000003 -0.000077 0.289003 0.957328
1741165064.476782 4.963725 -3.950715 -0.000011 -0.000003 -0.000077 0.289003 0.957328
1741165064.526774 4.963699 -3.950707 -0.000011 -0.000003 -0.000077 0.289000 0.957329
1741165064.576782 4.963699 -3.950707 -0.000011 -0.000003 -0.000077 0.289000 0.957329
1741165064.626776 5.001373 -3.924992 -0.000007 -0.000024 0.000023 0.301511 0.953463
1741165064.676798 5.001373 -3.924992 -0.000007 -0.000024 0.000023 0.301511 0.953463
1741165064.726778 5.001348 -3.924984 -0.000011 -0.000002 -0.000077 0.301509 0.953463
1741165064.776791 5.001348 -3.924984 -0.000011 -0.000002 -0.000077 0.301509 0.953463
1741165064.826797 5.038331 -3.898291 -0.000011 -0.000001 -0.000077 0.313966 0.949434
1741165064.876793 5.038331 -3.898291 -0.000011 -0.000001 -0.000077 0.313966 0.949434
1741165064.926777 5.038306 -3.898284 -0.000007 -0.000024 0.000023 0.313967 0.949434
1741165064.976784 5.038306 -3.898284 -0.000007 -0.000024 0.000023 0.313967 0.949434
1741165065.026790 5.074578 -3.870631 -0.000011 0.000000 -0.000077 0.326369 0.945242
1741165065.076787 5.074578 -3.870631 -0.000011 0.000000 -0.000077 0.326369 0.945242
1741165065.126776 5.074554 -3.870627 -0.000007 -0.000025 0.000022 0.326373 0.945241
1741165065.176774 5.074554 -3.870627 -0.000007 -0.000025 0.000022 0.326373 0.945241
1741165065.226788 5.110090 -3.842034 -0.000007 -0.000025 0.000022 0.338715 0.940889
1741165065.276794 5.110090 -3.842034 -0.000007 -0.000025 0.000022 0.338715 0.940889
1741165065.326779 5.110068 -3.842030 -0.000007 -0.000025 0.000022 0.338722 0.940887
1741165065.376825 5.110068 -3.842030 -0.000007 -0.000025 0.000022 0.338722 0.940887
1741165065.426811 5.144841 -3.812515 -0.000011 0.000002 -0.000077 0.351004 0.936374
1741165065.476793 5.144841 -3.812515 -0.000011 0.000002 -0.000077 0.351004 0.936374
1741165065.526777 5.144818 -3.812513 -0.000007 -0.000025 0.000022 0.351013 0.936371
1741165065.576792 5.144818 -3.812513 -0.000007 -0.000025 0.000022 0.351013 0.936371
1741165065.626786 5.178807 -3.782097 -0.000007 -0.000026 0.000021 0.363231 0.931699
1741165065.676806 5.178807 -3.782097 -0.000007 -0.000026 0.000021 0.363231 0.931699
1741165065.726777 5.178785 -3.782095 -0.000007 -0.000026 0.000021 0.363240 0.931695
1741165065.776786 5.178785 -3.782095 -0.000007 -0.000026 0.000021 0.363240 0.931695
1741165065.826776 5.211964 -3.750800 -0.000007 -0.000026 0.000021 0.375396 0.926865
1741165065.876793 5.211964 -3.750800 -0.000007 -0.000026 0.000021 0.375396 0.926865
1741165065.926780 5.211944 -3.750798 -0.000007 -0.000026 0.000021 0.375406 0.926860
1741165065.976790 5.211944 -3.750798 -0.000007 -0.000026 0.000021 0.375406 0.926860
1741165066.026778 5.244292 -3.718646 -0.000011 0.000005 -0.000077 0.387496 0.921871
1741165066.076794 5.244292 -3.718646 -0.000011 0.000005 -0.000077 0.387496 0.921871
1741165066.126790 5.244272 -3.718644 -0.000007 -0.000026 0.000021 0.387507 0.921867
1741165066.176795 5.244272 -3.718644 -0.000007 -0.000026 0.000021 0.387507 0.921867
1741165066.226779 5.275765 -3.685656 -0.000007 -0.000026 0.000020 0.399531 0.916720
1741165066.276785 5.275765 -3.685656 -0.000007 -0.000026 0.000020 0.399531 0.916720
1741165066.326776 5.275746 -3.685656 -0.000007 -0.000026 0.000020 0.399543 0.916715
1741165066.376790 5.275746 -3.685656 -0.000007 -0.000026 0.000020 0.399543 0.916715
1741165066.426776 5.306366 -3.651855 -0.000007 -0.000027 0.000020 0.411496 0.911411
1741165066.476784 5.306366 -3.651855 -0.000007 -0.000027 0.000020 0.411496 0.911411
1741165066.526776 5.306347 -3.651855 -0.000011 0.000007 -0.000077 0.411509 0.911406
1741165066.576785 5.306347 -3.651855 -0.000011 0.000007 -0.000077 0.411509 0.911406
1741165066.626779 5.336070 -3.617264 -0.000007 -0.000027 0.000019 0.423392 0.905947
1741165066.676785 5.336070 -3.617264 -0.000007 -0.000027 0.000019 0.423392 0.905947
1741165066.726777 5.336052 -3.617265 -0.000007 -0.000027 0.000019 0.423405 0.905941
1741165066.776790 5.336052 -3.617265 -0.000007 -0.000027 0.000019 0.423405 0.905941
1741165066.826778 5.364860 -3.581906 -0.000007 -0.000027 0.000019 0.435214 0.900327
1741165066.876782 5.364860 -3.581906 -0.000007 -0.000027 0.000019 0.435214 0.900327
1741165066.926776 5.364843 -3.581907 -0.000007 -0.000027 0.000019 0.435228 0.900320
1741165066.976787 5.364843 -3.581907 -0.000007 -0.000027 0.000019 0.435228 0.900320
1741165067.026780 5.392715 -3.545806 -0.000011 0.000010 -0.000077 0.446962 0.894553
1741165067.076787 5.392715 -3.545806 -0.000011 0.000010 -0.000077 0.446962 0.894553
1741165067.126777 5.392699 -3.545806 -0.000011 0.000010 -0.000077 0.446975 0.894546
1741165067.176795 5.392699 -3.545806 -0.000011 0.000010 -0.000077 0.446975 0.894546
1741165067.226776 5.419613 -3.508990 -0.000011 0.000011 -0.000077 0.458633 0.888626
1741165067.276785 5.419613 -3.508990 -0.000011 0.000011 -0.000077 0.458633 0.888626
1741165067.326786 5.419599 -3.508990 -0.000007 -0.000028 0.000018 0.458646 0.888619
1741165067.376784 5.419599 -3.508990 -0.000007 -0.000028 0.000018 0.458646 0.888619
1741165067.426792 5.445540 -3.471483 -0.000007 -0.000028 0.000018 0.470225 0.882547
1741165067.476788 5.445540 -3.471483 -0.000007 -0.000028 0.000018 0.470225 0.882547
1741165067.526777 5.445527 -3.471483 -0.000007 -0.000028 0.000018 0.470237 0.882540
1741165067.576794 5.445527 -3.471483 -0.000007 -0.000028 0.000018 0.470237 0.882540
1741165067.626777 5.470475 -3.433311 -0.000007 -0.000028 0.000018 0.481737 0.876316
1741165067.676797 5.470475 -3.433311 -0.000007 -0.000028 0.000018 0.481737 0.876316
1741165067.726789 5.470463 -3.433311 -0.000007 -0.000028 0.000018 0.481748 0.876310
1741165067.776796 5.470463 -3.433311 -0.000007 -0.000028 0.000018 0.481748 0.876310
1741165067.826790 5.470451 -3.433310 -0.000007 -0.000028 0.000018 0.481760 0.876303
1741165067.876794 5.470451 -3.433310 -0.000007 -0.000028 0.000018 0.481760 0.876303
1741165067.926775 5.494403 -3.394498 -0.000011 0.000014 -0.000076 0.493166 0.869935
1741165067.976780 5.494403 -3.394498 -0.000011 0.000014 -0.000076 0.493166 0.869935
1741165068.026774 5.494391 -3.394499 -0.000007 -0.000028 0.000017 0.493177 0.869929
1741165068.076784 5.494391 -3.394499 -0.000007 -0.000028 0.000017 0.493177 0.869929
1741165068.126781 5.517307 -3.355073 -0.000007 -0.000029 0.000017 0.504510 0.863406
1741165068.176781 5.517307 -3.355073 -0.000007 -0.000029 0.000017 0.504510 0.863406
1741165068.226776 5.517297 -3.355074 -0.000011 0.000015 -0.000076 0.504521 0.863399
1741165068.276784 5.517297 -3.355074 -0.000011 0.000015 -0.000076 0.504521 0.863399
1741165068.326775 5.539171 -3.315063 -0.000007 -0.000029 0.000017 0.515769 0.856728
1741165068.376786 5.539171 -3.315063 -0.000007 -0.000029 0.000017 0.515769 0.856728
1741165068.426774 5.539160 -3.315065 -0.000007 -0.000029 0.000017 0.515780 0.856721
1741165068.476780 5.539160 -3.315065 -0.000007 -0.000029 0.000017 0.515780 0.856721
1741165068.526777 5.559978 -3.274495 -0.000007 -0.000029 0.000016 0.526941 0.849902
1741165068.576783 5.559978 -3.274495 -0.000007 -0.000029 0.000016 0.526941 0.849902
1741165068.626782 5.559968 -3.274501 -0.000007 -0.000029 0.000016 0.526953 0.849894
1741165068.676790 5.559968 -3.274501 -0.000007 -0.000029 0.000016 0.526953 0.849894
1741165068.726777 5.579719 -3.233395 -0.000007 -0.000029 0.000016 0.538019 0.842933
1741165068.776785 5.579719 -3.233395 -0.000007 -0.000029 0.000016 0.538019 0.842933
1741165068.826775 5.579710 -3.233405 -0.000007 -0.000029 0.000016 0.538032 0.842924
1741165068.876797 5.579710 -3.233405 -0.000007 -0.000029 0.000016 0.538032 0.842924
1741165068.926779 5.598375 -3.191795 -0.000007 -0.000029 0.000015 0.549009 0.835817
1741165068.976785 5.598375 -3.191795 -0.000007 -0.000029 0.000015 0.549009 0.835817
1741165069.026775 5.598366 -3.191809 -0.000007 -0.000029 0.000015 0.549022 0.835808
1741165069.076791 5.598366 -3.191809 -0.000007 -0.000029 0.000015 0.549022 0.835808
1741165069.126774 5.615937 -3.149720 -0.000007 -0.000030 0.000015 0.559902 0.828559
1741165069.176784 5.615937 -3.149720 -0.000007 -0.000030 0.000015 0.559902 0.828559
1741165069.226776 5.615929 -3.149737 -0.000011 0.000020 -0.000074 0.559916 0.828550
1741165069.276786 5.615929 -3.149737 -0.000011 0.000020 -0.000074 0.559916 0.828550
1741165069.326777 5.632391 -3.107199 -0.000011 0.000021 -0.000074 0.570700 0.821158
1741165069.376785 5.632391 -3.107199 -0.000011 0.000021 -0.000074 0.570700 0.821158
1741165069.426775 5.632383 -3.107220 -0.000011 0.000021 -0.000074 0.570714 0.821149
1741165069.476784 5.632383 -3.107220 -0.000011 0.000021 -0.000074 0.570714 0.821149
1741165069.526774 5.647727 -3.064260 -0.000007 -0.000030 0.000014 0.581399 0.813619
1741165069.576785 5.647727 -3.064260 -0.000007 -0.000030 0.000014 0.581399 0.813619
1741165069.626776 5.647720 -3.064283 -0.000011 0.000022 -0.000074 0.581412 0.813609
1741165069.676782 5.647720 -3.064283 -0.000011 0.000022 -0.000074 0.581412 0.813609
1741165069.726787 5.647713 -3.064306 -0.000007 -0.000030 0.000014 0.581425 0.813600
1741165069.776788 5.647713 -3.064306 -0.000007 -0.000030 0.000014 0.581425 0.813600
1741165069.826778 5.661933 -3.020935 -0.000007 -0.000030 0.000014 0.591998 0.805940
1741165069.876785 5.661933 -3.020935 -0.000007 -0.000030 0.000014 0.591998 0.805940
1741165069.926780 5.661927 -3.020960 -0.000007 -0.000030 0.000014 0.592010 0.805930
1741165069.976784 5.661927 -3.020960 -0.000007 -0.000030 0.000014 0.592010 0.805930
1741165070.026776 5.661921 -3.020986 -0.000007 -0.000030 0.000014 0.592023 0.805921
1741165070.076785 5.661921 -3.020986 -0.000007 -0.000030 0.000014 0.592023 0.805921
1741165070.126790 5.675000 -2.977253 -0.000007 -0.000030 0.000013 0.602496 0.798122
1741165070.176792 5.675000 -2.977253 -0.000007 -0.000030 0.000013 0.602496 0.798122
1741165070.226776 5.674995 -2.977281 -0.000007 -0.000030 0.000013 0.602508 0.798113
1741165070.276794 5.674995 -2.977281 -0.000007 -0.000030 0.000013 0.602508 0.798113
1741165070.326776 5.674990 -2.977309 -0.000007 -0.000030 0.000013 0.602519 0.798104
1741165070.376787 5.674990 -2.977309 -0.000007 -0.000030 0.000013 0.602519 0.798104
1741165070.426779 5.686919 -2.933247 -0.000011 0.000025 -0.000073 0.612893 0.790166
1741165070.476785 5.686919 -2.933247 -0.000011 0.000025 -0.000073 0.612893 0.790166
1741165070.526796 5.686915 -2.933277 -0.000011 0.000025 -0.000073 0.612903 0.790158
1741165070.576788 5.686915 -2.933277 -0.000011 0.000025 -0.000073 0.612903 0.790158
1741165070.626777 5.697682 -2.888936 -0.000007 -0.000031 0.000013 0.623180 0.782078
1741165070.676781 5.697682 -2.888936 -0.000007 -0.000031 0.000013 0.623180 0.782078
1741165070.726778 5.697680 -2.888968 -0.000011 0.000026 -0.000072 0.623189 0.782071
1741165070.776795 5.697680 -2.888968 -0.000011 0.000026 -0.000072 0.623189 0.782071
1741165070.826776 5.707282 -2.844366 -0.000007 -0.000031 0.000012 0.633364 0.773854
1741165070.876783 5.707282 -2.844366 -0.000007 -0.000031 0.000012 0.633364 0.773854
1741165070.926776 5.707279 -2.844400 -0.000007 -0.000031 0.000012 0.633373 0.773847
1741165070.976810 5.707279 -2.844400 -0.000007 -0.000031 0.000012 0.633373 0.773847
1741165071.026779 5.715711 -2.799560 -0.000007 -0.000031 0.000012 0.643440 0.765497
1741165071.076786 5.715711 -2.799560 -0.000007 -0.000031 0.000012 0.643440 0.765497
1741165071.126776 5.715709 -2.799596 -0.000011 0.000028 -0.000071 0.643448 0.765490
1741165071.176783 5.715709 -2.799596 -0.000011 0.000028 -0.000071 0.643448 0.765490
1741165071.226777 5.722964 -2.754544 -0.000007 -0.000031 0.000011 0.653404 0.757009
1741165071.276785 5.722964 -2.754544 -0.000007 -0.000031 0.000011 0.653404 0.757009
1741165071.326774 5.722963 -2.754582 -0.000007 -0.000031 0.000011 0.653413 0.757002
1741165071.376786 5.722963 -2.754582 -0.000007 -0.000031 0.000011 0.653413 0.757002
1741165071.426780 5.722962 -2.754620 -0.000007 -0.000031 0.000011 0.653421 0.756995
1741165071.476783 5.722962 -2.754620 -0.000007 -0.000031 0.000011 0.653421 0.756995
1741165071.526777 5.729037 -2.709359 -0.000011 0.000029 -0.000071 0.663259 0.748390
1741165071.576785 5.729037 -2.709359 -0.000011 0.000029 -0.000071 0.663259 0.748390
1741165071.626777 5.729036 -2.709399 -0.000011 0.000029 -0.000071 0.663268 0.748382
1741165071.676782 5.729036 -2.709399 -0.000011 0.000029 -0.000071 0.663268 0.748382
1741165071.726778 5.733924 -2.664026 -0.000011 0.000030 -0.000070 0.672998 0.739645
1741165071.776781 5.733924 -2.664026 -0.000011 0.000030 -0.000070 0.672998 0.739645
1741165071.826775 5.733923 -2.664068 -0.000011 0.000030 -0.000070 0.673007 0.739636
1741165071.876784 5.733923 -2.664068 -0.000011 0.000030 -0.000070 0.673007 0.739636
1741165071.926776 5.737623 -2.618581 -0.000007 -0.000031 0.000010 0.682622 0.730771
1741165071.976782 5.737623 -2.618581 -0.000007 -0.000031 0.000010 0.682622 0.730771
1741165072.026776 5.737622 -2.618623 -0.000011 0.000031 -0.000070 0.682632 0.730762
1741165072.076793 5.737622 -2.618623 -0.000011 0.000031 -0.000070 0.682632 0.730762
1741165072.126787 5.740131 -2.573056 -0.000007 -0.000031 0.000010 0.692130 0.721773
1741165072.176784 5.740131 -2.573056 -0.000007 -0.000031 0.000010 0.692130 0.721773
1741165072.226784 5.740131 -2.573100 -0.000011 0.000032 -0.000069 0.692139 0.721764
1741165072.276791 5.740131 -2.573100 -0.000011 0.000032 -0.000069 0.692139 0.721764
1741165072.326771 5.741446 -2.527481 -0.000011 0.000033 -0.000069 0.701518 0.712652
1741165072.376785 5.741446 -2.527481 -0.000011 0.000033 -0.000069 0.701518 0.712652
1741165072.426775 5.741446 -2.527526 -0.000007 -0.000032 0.000009 0.701528 0.712642
1741165072.476793 5.741446 -2.527526 -0.000007 -0.000032 0.000009 0.701528 0.712642
1741165072.526779 5.741568 -2.481886 -0.000007 -0.000032 0.000009 0.710786 0.703408
1741165072.576810 5.741568 -2.481886 -0.000007 -0.000032 0.000009 0.710786 0.703408
1741165072.626789 5.741568 -2.481931 -0.000007 -0.000032 0.000009 0.710796 0.703399
1741165072.676786 5.741568 -2.481931 -0.000007 -0.000032 0.000009 0.710796 0.703399
1741165072.726775 5.740497 -2.436305 -0.000007 -0.000032 0.000008 0.719933 0.694043
1741165072.776794 5.740497 -2.436305 -0.000007 -0.000032 0.000008 0.719933 0.694043
1741165072.826789 5.740497 -2.436351 -0.000007 -0.000032 0.000008 0.719943 0.694033
1741165072.876806 5.740497 -2.436351 -0.000007 -0.000032 0.000008 0.719943 0.694033
1741165072.926776 5.738232 -2.390763 -0.000011 0.000036 -0.000067 0.728956 0.684560
1741165072.976784 5.738232 -2.390763 -0.000011 0.000036 -0.000067 0.728956 0.684560
1741165073.026774 5.738232 -2.390810 -0.000007 -0.000032 0.000008 0.728967 0.684549
1741165073.076786 5.738232 -2.390810 -0.000007 -0.000032 0.000008 0.728967 0.684549
1741165073.126780 5.734777 -2.345300 -0.000007 -0.000032 0.000008 0.737855 0.674959
1741165073.176786 5.734777 -2.345300 -0.000007 -0.000032 0.000008 0.737855 0.674959
1741165073.226776 5.734777 -2.345347 -0.000007 -0.000032 0.000008 0.737866 0.674947
1741165073.276788 5.734777 -2.345347 -0.000007 -0.000032 0.000008 0.737866 0.674947
1741165073.326779 5.734777 -2.345393 -0.000007 -0.000032 0.000008 0.737877 0.674935
1741165073.376785 5.734777 -2.345393 -0.000007 -0.000032 0.000008 0.737877 0.674935
1741165073.426774 5.730132 -2.299943 -0.000007 -0.000032 0.000007 0.746627 0.665242
1741165073.476787 5.730132 -2.299943 -0.000007 -0.000032 0.000007 0.746627 0.665242
1741165073.526777 5.730132 -2.299989 -0.000011 0.000037 -0.000067 0.746639 0.665229
1741165073.576788 5.730132 -2.299989 -0.000011 0.000037 -0.000067 0.746639 0.665229
1741165073.626792 5.724301 -2.254721 -0.000007 -0.000032 0.000007 0.755271 0.655412
1741165073.676792 5.724301 -2.254721 -0.000007 -0.000032 0.000007 0.755271 0.655412
1741165073.726780 5.724301 -2.254766 -0.000007 -0.000032 0.000007 0.755283 0.655399
1741165073.776790 5.724301 -2.254766 -0.000007 -0.000032 0.000007 0.755283 0.655399
1741165073.826775 5.717289 -2.209666 -0.000007 -0.000032 0.000006 0.763785 0.645471
1741165073.876784 5.717289 -2.209666 -0.000007 -0.000032 0.000006 0.763785 0.645471
1741165073.926778 5.717289 -2.209710 -0.000007 -0.000032 0.000006 0.763796 0.645457
1741165073.976784 5.717289 -2.209710 -0.000007 -0.000032 0.000006 0.763796 0.645457
1741165074.026754 5.709099 -2.164811 -0.000007 -0.000032 0.000006 0.772168 0.635418
1741165074.076793 5.709099 -2.164811 -0.000007 -0.000032 0.000006 0.772168 0.635418
1741165074.126775 5.709099 -2.164854 -0.000007 -0.000032 0.000006 0.772178 0.635406
1741165074.176786 5.709099 -2.164854 -0.000007 -0.000032 0.000006 0.772178 0.635406
1741165074.226776 5.709099 -2.164897 -0.000007 -0.000032 0.000006 0.772188 0.635394
1741165074.276783 5.709099 -2.164897 -0.000007 -0.000032 0.000006 0.772188 0.635394
1741165074.326792 5.699739 -2.120189 -0.000007 -0.000032 0.000005 0.780419 0.625257
1741165074.376790 5.699739 -2.120189 -0.000007 -0.000032 0.000005 0.780419 0.625257
1741165074.426778 5.699738 -2.120231 -0.000011 0.000041 -0.000065 0.780428 0.625246
1741165074.476785 5.699738 -2.120231 -0.000011 0.000041 -0.000065 0.780428 0.625246
1741165074.526773 5.699737 -2.120273 -0.000007 -0.000032 0.000005 0.780436 0.625235
1741165074.576791 5.699737 -2.120273 -0.000007 -0.000032 0.000005 0.780436 0.625235
1741165074.626780 5.689213 -2.075823 -0.000007 -0.000032 0.000005 0.788535 0.614990
1741165074.676783 5.689213 -2.075823 -0.000007 -0.000032 0.000005 0.788535 0.614990
1741165074.726781 5.689212 -2.075863 -0.000007 -0.000032 0.000005 0.788542 0.614982
1741165074.776785 5.689212 -2.075863 -0.000007 -0.000032 0.000005 0.788542 0.614982
1741165074.826778 5.689211 -2.075904 -0.000007 -0.000032 0.000005 0.788548 0.614973
1741165074.876788 5.689211 -2.075904 -0.000007 -0.000032 0.000005 0.788548 0.614973
1741165074.926777 5.677529 -2.031748 -0.000007 -0.000033 0.000005 0.796517 0.604616
1741165074.976794 5.677529 -2.031748 -0.000007 -0.000033 0.000005 0.796517 0.604616
1741165075.026788 5.677528 -2.031788 -0.000007 -0.000033 0.000005 0.796522 0.604610
1741165075.076796 5.677528 -2.031788 -0.000007 -0.000033 0.000005 0.796522 0.604610
1741165075.126775 5.664696 -1.987995 -0.000007 -0.000033 0.000004 0.804362 0.594140
1741165075.176796 5.664696 -1.987995 -0.000007 -0.000033 0.000004 0.804362 0.594140
1741165075.226791 5.664694 -1.988033 -0.000007 -0.000033 0.000004 0.804366 0.594135
1741165075.276786 5.664694 -1.988033 -0.000007 -0.000033 0.000004 0.804366 0.594135
1741165075.326775 5.650722 -1.944596 -0.000007 -0.000033 0.000004 0.812069 0.583562
1741165075.376794 5.650722 -1.944596 -0.000007 -0.000033 0.000004 0.812069 0.583562
1741165075.426777 5.650719 -1.944631 -0.000007 -0.000033 0.000004 0.812071 0.583559
1741165075.476790 5.650719 -1.944631 -0.000007 -0.000033 0.000004 0.812071 0.583559
1741165075.526775 5.650717 -1.944667 -0.000011 0.000044 -0.000063 0.812073 0.583556
1741165075.576786 5.650717 -1.944667 -0.000011 0.000044 -0.000063 0.812073 0.583556
1741165075.626778 5.635617 -1.901572 -0.000007 -0.000033 0.000003 0.819637 0.572883
1741165075.676797 5.635617 -1.901572 -0.000007 -0.000033 0.000003 0.819637 0.572883
1741165075.726774 5.635614 -1.901608 -0.000007 -0.000033 0.000003 0.819639 0.572881
1741165075.776784 5.635614 -1.901608 -0.000007 -0.000033 0.000003 0.819639 0.572881
1741165075.826778 5.619390 -1.858961 -0.000011 0.000046 -0.000061 0.827064 0.562108
1741165075.876782 5.619390 -1.858961 -0.000011 0.000046 -0.000061 0.827064 0.562108
1741165075.926774 5.619386 -1.858996 -0.000007 -0.000033 0.000003 0.827064 0.562108
1741165075.976791 5.619386 -1.858996 -0.000007 -0.000033 0.000003 0.827064 0.562108
1741165076.026780 5.619383 -1.859030 -0.000007 -0.000033 0.000003 0.827064 0.562108
1741165076.076783 5.619383 -1.859030 -0.000007 -0.000033 0.000003 0.827064 0.562108
1741165076.126786 5.602054 -1.816790 -0.000007 -0.000033 0.000003 0.834351 0.551233
1741165076.176785 5.602054 -1.816790 -0.000007 -0.000033 0.000003 0.834351 0.551233
1741165076.226775 5.602049 -1.816824 -0.000007 -0.000033 0.000003 0.834350 0.551236
1741165076.276788 5.602049 -1.816824 -0.000007 -0.000033 0.000003 0.834350 0.551236
1741165076.326778 5.583620 -1.775085 -0.000007 -0.000033 0.000002 0.841494 0.540266
1741165076.376822 5.583620 -1.775085 -0.000007 -0.000033 0.000002 0.841494 0.540266
1741165076.426811 5.583614 -1.775117 -0.000011 0.000048 -0.000060 0.841491 0.540271
1741165076.476787 5.583614 -1.775117 -0.000011 0.000048 -0.000060 0.841491 0.540271
1741165076.526778 5.583609 -1.775150 -0.000007 -0.000033 0.000002 0.841488 0.540276
1741165076.576783 5.583609 -1.775150 -0.000007 -0.000033 0.000002 0.841488 0.540276
1741165076.626775 5.564100 -1.733879 -0.000007 -0.000033 0.000002 0.848493 0.529207
1741165076.676789 5.564100 -1.733879 -0.000007 -0.000033 0.000002 0.848493 0.529207
1741165076.726775 5.564094 -1.733911 -0.000011 0.000048 -0.000060 0.848488 0.529215
1741165076.776789 5.564094 -1.733911 -0.000011 0.000048 -0.000060 0.848488 0.529215
1741165076.826774 5.543508 -1.693196 -0.000011 0.000049 -0.000059 0.855346 0.518057
1741165076.876783 5.543508 -1.693196 -0.000011 0.000049 -0.000059 0.855346 0.518057
1741165076.926781 5.543501 -1.693226 -0.000011 0.000049 -0.000059 0.855339 0.518068
1741165076.976784 5.543501 -1.693226 -0.000011 0.000049 -0.000059 0.855339 0.518068
1741165077.026778 5.521858 -1.653070 -0.000011 0.000050 -0.000058 0.862053 0.506818
1741165077.076756 5.521858 -1.653070 -0.000011 0.000050 -0.000058 0.862053 0.506818
1741165077.126778 5.521851 -1.653099 -0.000011 0.000050 -0.000058 0.862045 0.506832
1741165077.176789 5.521851 -1.653099 -0.000011 0.000050 -0.000058 0.862045 0.506832
1741165077.226778 5.499166 -1.613520 -0.000011 0.000051 -0.000058 0.868612 0.495493
1741165077.276784 5.499166 -1.613520 -0.000011 0.000051 -0.000058 0.868612 0.495493
1741165077.326788 5.499158 -1.613549 -0.000007 -0.000033 0.000000 0.868604 0.495508
1741165077.376790 5.499158 -1.613549 -0.000007 -0.000033 0.000000 0.868604 0.495508
1741165077.426776 5.475447 -1.574580 -0.000007 -0.000033 -0.000000 0.875023 0.484081
1741165077.476797 5.475447 -1.574580 -0.000007 -0.000033 -0.000000 0.875023 0.484081
1741165077.526775 5.475439 -1.574607 -0.000007 -0.000033 -0.000000 0.875014 0.484097
1741165077.576794 5.475439 -1.574607 -0.000007 -0.000033 -0.000000 0.875014 0.484097
1741165077.626779 5.450717 -1.536272 -0.000007 -0.000033 -0.000000 0.881286 0.472584
1741165077.676787 5.450717 -1.536272 -0.000007 -0.000033 -0.000000 0.881286 0.472584
1741165077.726774 5.450709 -1.536298 -0.000007 -0.000033 -0.000000 0.881277 0.472601
1741165077.776784 5.450709 -1.536298 -0.000007 -0.000033 -0.000000 0.881277 0.472601
1741165077.826781 5.424992 -1.498628 -0.000007 -0.000033 -0.000001 0.887396 0.461008
1741165077.876789 5.424992 -1.498628 -0.000007 -0.000033 -0.000001 0.887396 0.461008
1741165077.926775 5.424985 -1.498653 -0.000007 -0.000033 -0.000001 0.887388 0.461023
1741165077.976788 5.424985 -1.498653 -0.000007 -0.000033 -0.000001 0.887388 0.461023
1741165078.026777 5.398291 -1.461669 -0.000007 -0.000033 -0.000001 0.893355 0.449352
1741165078.076785 5.398291 -1.461669 -0.000007 -0.000033 -0.000001 0.893355 0.449352
1741165078.126777 5.398286 -1.461692 -0.000007 -0.000033 -0.000001 0.893349 0.449364
1741165078.176829 5.398286 -1.461692 -0.000007 -0.000033 -0.000001 0.893349 0.449364
1741165078.226779 5.398280 -1.461715 -0.000007 -0.000033 -0.000001 0.893343 0.449376
1741165078.276784 5.398280 -1.461715 -0.000007 -0.000033 -0.000001 0.893343 0.449376
1741165078.326775 5.370632 -1.425419 -0.000007 -0.000033 -0.000002 0.899162 0.437617
1741165078.376784 5.370632 -1.425419 -0.000007 -0.000033 -0.000002 0.899162 0.437617
1741165078.426780 5.370628 -1.425441 -0.000011 0.000055 -0.000055 0.899157 0.437626
1741165078.476786 5.370628 -1.425441 -0.000011 0.000055 -0.000055 0.899157 0.437626
1741165078.526780 5.370624 -1.425463 -0.000007 -0.000033 -0.000002 0.899153 0.437634
1741165078.576789 5.370624 -1.425463 -0.000007 -0.000033 -0.000002 0.899153 0.437634
1741165078.626774 5.342034 -1.389907 -0.000011 0.000055 -0.000054 0.904814 0.425807
1741165078.676788 5.342034 -1.389907 -0.000011 0.000055 -0.000054 0.904814 0.425807
1741165078.726778 5.342032 -1.389928 -0.000011 0.000055 -0.000054 0.904812 0.425812
1741165078.776785 5.342032 -1.389928 -0.000011 0.000055 -0.000054 0.904812 0.425812
1741165078.826777 5.312516 -1.355158 -0.000011 0.000056 -0.000053 0.910311 0.413926
1741165078.876786 5.312516 -1.355158 -0.000011 0.000056 -0.000053 0.910311 0.413926
1741165078.926777 5.312514 -1.355178 -0.000007 -0.000033 -0.000003 0.910310 0.413928
1741165078.976785 5.312514 -1.355178 -0.000007 -0.000033 -0.000003 0.910310 0.413928
1741165079.026776 5.282097 -1.321191 -0.000007 -0.000033 -0.000003 0.915651 0.401974
1741165079.076789 5.282097 -1.321191 -0.000007 -0.000033 -0.000003 0.915651 0.401974
1741165079.126779 5.282096 -1.321209 -0.000007 -0.000033 -0.000003 0.915650 0.401976
1741165079.176791 5.282096 -1.321209 -0.000007 -0.000033 -0.000003 0.915650 0.401976
1741165079.226756 5.250801 -1.288033 -0.000007 -0.000033 -0.000003 0.920834 0.389954
1741165079.276784 5.250801 -1.288033 -0.000007 -0.000033 -0.000003 0.920834 0.389954
1741165079.326797 5.250800 -1.288050 -0.000011 0.000057 -0.000052 0.920834 0.389955
1741165079.376799 5.250800 -1.288050 -0.000011 0.000057 -0.000052 0.920834 0.389955
1741165079.426774 5.250800 -1.288068 -0.000011 0.000057 -0.000052 0.920834 0.389955
1741165079.476786 5.250800 -1.288068 -0.000011 0.000057 -0.000052 0.920834 0.389955
1741165079.526777 5.218647 -1.255706 -0.000011 0.000058 -0.000051 0.925860 0.377866
1741165079.576787 5.218647 -1.255706 -0.000011 0.000058 -0.000051 0.925860 0.377866
1741165079.626774 5.218647 -1.255722 -0.000011 0.000058 -0.000051 0.925861 0.377865
1741165079.676740 5.218647 -1.255722 -0.000011 0.000058 -0.000051 0.925861 0.377865
1741165079.726775 5.185658 -1.224232 -0.000011 0.000059 -0.000050 0.930727 0.365714
1741165079.776789 5.185658 -1.224232 -0.000011 0.000059 -0.000050 0.930727 0.365714
1741165079.826774 5.185659 -1.224248 -0.000011 0.000059 -0.000050 0.930728 0.365712
1741165079.876782 5.185659 -1.224248 -0.000011 0.000059 -0.000050 0.930728 0.365712
1741165079.926779 5.151856 -1.193633 -0.000007 -0.000033 -0.000005 0.935435 0.353499
1741165079.976784 5.151856 -1.193633 -0.000007 -0.000033 -0.000005 0.935435 0.353499
1741165080.026779 5.151859 -1.193649 -0.000011 0.000059 -0.000049 0.935436 0.353495
1741165080.076782 5.151859 -1.193649 -0.000011 0.000059 -0.000049 0.935436 0.353495
1741165080.126775 5.117264 -1.163928 -0.000007 -0.000033 -0.000005 0.939982 0.341224
1741165080.176787 5.117264 -1.163928 -0.000007 -0.000033 -0.000005 0.939982 0.341224
1741165080.226773 5.117267 -1.163944 -0.000007 -0.000033 -0.000005 0.939984 0.341220
1741165080.276789 5.117267 -1.163944 -0.000007 -0.000033 -0.000005 0.939984 0.341220
1741165080.326775 5.081906 -1.135139 -0.000007 -0.000033 -0.000006 0.944368 0.328889
1741165080.376786 5.081906 -1.135139 -0.000007 -0.000033 -0.000006 0.944368 0.328889
1741165080.426777 5.081909 -1.135155 -0.000007 -0.000033 -0.000006 0.944370 0.328884
1741165080.476782 5.081909 -1.135155 -0.000007 -0.000033 -0.000006 0.944370 0.328884
1741165080.526773 5.045807 -1.107286 -0.000007 -0.000032 -0.000006 0.948593 0.316498
1741165080.576790 5.045807 -1.107286 -0.000007 -0.000032 -0.000006 0.948593 0.316498
1741165080.626788 5.045808 -1.107301 -0.000011 0.000061 -0.000047 0.948596 0.316490
1741165080.676781 5.045808 -1.107301 -0.000011 0.000061 -0.000047 0.948596 0.316490
1741165080.726774 5.008991 -1.080386 -0.000007 -0.000032 -0.000006 0.952655 0.304054
1741165080.776785 5.008991 -1.080386 -0.000007 -0.000032 -0.000006 0.952655 0.304054
1741165080.826777 5.008991 -1.080400 -0.000011 0.000062 -0.000046 0.952658 0.304045
1741165080.876784 5.008991 -1.080400 -0.000011 0.000062 -0.000046 0.952658 0.304045
1741165080.926772 4.971484 -1.054460 -0.000007 -0.000032 -0.000007 0.956553 0.291558
1741165080.976799 4.971484 -1.054460 -0.000007 -0.000032 -0.000007 0.956553 0.291558
1741165081.026777 4.971484 -1.054473 -0.000007 -0.000032 -0.000007 0.956556 0.291548
1741165081.076743 4.971484 -1.054473 -0.000007 -0.000032 -0.000007 0.956556 0.291548
1741165081.126775 4.933311 -1.029524 -0.000007 -0.000032 -0.000007 0.960288 0.279012
1741165081.176784 4.933311 -1.029524 -0.000007 -0.000032 -0.000007 0.960288 0.279012
1741165081.226774 4.933311 -1.029535 -0.000007 -0.000032 -0.000007 0.960290 0.279004
1741165081.276784 4.933311 -1.029535 -0.000007 -0.000032 -0.000007 0.960290 0.279004
1741165081.326780 4.894498 -1.005595 -0.000011 0.000064 -0.000044 0.963857 0.266420
1741165081.376788 4.894498 -1.005595 -0.000011 0.000064 -0.000044 0.963857 0.266420
1741165081.426777 4.894499 -1.005604 -0.000007 -0.000032 -0.000008 0.963859 0.266412
1741165081.476786 4.894499 -1.005604 -0.000007 -0.000032 -0.000008 0.963859 0.266412
1741165081.526776 4.894500 -1.005613 -0.000011 0.000064 -0.000044 0.963861 0.266405
1741165081.576790 4.894500 -1.005613 -0.000011 0.000064 -0.000044 0.963861 0.266405
1741165081.626773 4.855073 -0.982691 -0.000007 -0.000032 -0.000008 0.967262 0.253781
1741165081.676792 4.855073 -0.982691 -0.000007 -0.000032 -0.000008 0.967262 0.253781
1741165081.726771 4.855074 -0.982698 -0.000011 0.000064 -0.000043 0.967263 0.253775
1741165081.776786 4.855074 -0.982698 -0.000011 0.000064 -0.000043 0.967263 0.253775
1741165081.826774 4.815063 -0.960826 -0.000011 0.000065 -0.000042 0.970500 0.241099
1741165081.876763 4.815063 -0.960826 -0.000011 0.000065 -0.000042 0.970500 0.241099
1741165081.926782 4.815066 -0.960832 -0.000007 -0.000032 -0.000009 0.970502 0.241094
1741165081.976788 4.815066 -0.960832 -0.000007 -0.000032 -0.000009 0.970502 0.241094
1741165082.026775 4.774494 -0.940017 -0.000007 -0.000032 -0.000009 0.973573 0.228375
1741165082.076791 4.774494 -0.940017 -0.000007 -0.000032 -0.000009 0.973573 0.228375
1741165082.126775 4.774500 -0.940021 -0.000007 -0.000032 -0.000009 0.973574 0.228371
1741165082.176786 4.774500 -0.940021 -0.000007 -0.000032 -0.000009 0.973574 0.228371
1741165082.226776 4.774506 -0.940025 -0.000007 -0.000032 -0.000009 0.973575 0.228367
1741165082.276789 4.774506 -0.940025 -0.000007 -0.000032 -0.000009 0.973575 0.228367
1741165082.326778 4.733396 -0.920277 -0.000007 -0.000032 -0.000009 0.976479 0.215612
1741165082.376784 4.733396 -0.920277 -0.000007 -0.000032 -0.000009 0.976479 0.215612
1741165082.426776 4.733406 -0.920280 -0.000007 -0.000032 -0.000009 0.976480 0.215609
1741165082.476786 4.733406 -0.920280 -0.000007 -0.000032 -0.000009 0.976480 0.215609
1741165082.526774 4.733415 -0.920283 -0.000007 -0.000032 -0.000009 0.976481 0.215605
1741165082.576825 4.733415 -0.920283 -0.000007 -0.000032 -0.000009 0.976481 0.215605
1741165082.626775 4.691795 -0.901620 -0.000007 -0.000031 -0.000010 0.979218 0.202812
1741165082.676785 4.691795 -0.901620 -0.000007 -0.000031 -0.000010 0.979218 0.202812
1741165082.726774 4.691808 -0.901622 -0.000007 -0.000031 -0.000010 0.979218 0.202809
1741165082.776786 4.691808 -0.901622 -0.000007 -0.000031 -0.000010 0.979218 0.202809
1741165082.826776 4.691822 -0.901624 -0.000011 0.000066 -0.000039 0.979219 0.202805
1741165082.876790 4.691822 -0.901624 -0.000011 0.000066 -0.000039 0.979219 0.202805
1741165082.926777 4.649718 -0.884058 -0.000011 0.000067 -0.000038 0.981788 0.189978
1741165082.976786 4.649718 -0.884058 -0.000011 0.000067 -0.000038 0.981788 0.189978
1741165083.026773 4.649735 -0.884059 -0.000007 -0.000031 -0.000010 0.981789 0.189974
1741165083.076786 4.649735 -0.884059 -0.000007 -0.000031 -0.000010 0.981789 0.189974
1741165083.126775 4.607197 -0.867604 -0.000007 -0.000031 -0.000011 0.984191 0.177111
1741165083.176786 4.607197 -0.867604 -0.000007 -0.000031 -0.000011 0.984191 0.177111
1741165083.226774 4.607217 -0.867604 -0.000011 0.000067 -0.000037 0.984191 0.177109
1741165083.276788 4.607217 -0.867604 -0.000011 0.000067 -0.000037 0.984191 0.177109
1741165083.326778 4.564260 -0.852269 -0.000007 -0.000031 -0.000011 0.986425 0.164214
1741165083.376785 4.564260 -0.852269 -0.000007 -0.000031 -0.000011 0.986425 0.164214
1741165083.426784 4.564282 -0.852268 -0.000011 0.000067 -0.000036 0.986425 0.164213
1741165083.476782 4.564282 -0.852268 -0.000011 0.000067 -0.000036 0.986425 0.164213
1741165083.526777 4.520936 -0.838063 -0.000011 0.000068 -0.000036 0.988490 0.151289
1741165083.576786 4.520936 -0.838063 -0.000011 0.000068 -0.000036 0.988490 0.151289
1741165083.626775 4.520961 -0.838062 -0.000007 -0.000031 -0.000011 0.988490 0.151289
1741165083.676784 4.520961 -0.838062 -0.000007 -0.000031 -0.000011 0.988490 0.151289
1741165083.726785 4.520986 -0.838060 -0.000007 -0.000031 -0.000011 0.988490 0.151289
1741165083.776791 4.520986 -0.838060 -0.000007 -0.000031 -0.000011 0.988490 0.151289
1741165083.826777 4.477253 -0.824996 -0.000011 0.000068 -0.000035 0.990385 0.138336
1741165083.876781 4.477253 -0.824996 -0.000011 0.000068 -0.000035 0.990385 0.138336
1741165083.926773 4.477280 -0.824995 -0.000007 -0.000031 -0.000012 0.990385 0.138337
1741165083.976783 4.477280 -0.824995 -0.000007 -0.000031 -0.000012 0.990385 0.138337
1741165084.026777 4.477306 -0.824993 -0.000011 0.000068 -0.000035 0.990385 0.138338
1741165084.076782 4.477306 -0.824993 -0.000011 0.000068 -0.000035 0.990385 0.138338
1741165084.126772 4.433243 -0.813077 -0.000007 -0.000031 -0.000012 0.992111 0.125363
1741165084.176797 4.433243 -0.813077 -0.000007 -0.000031 -0.000012 0.992111 0.125363
1741165084.226776 4.433271 -0.813075 -0.000007 -0.000031 -0.000012 0.992111 0.125365
1741165084.276787 4.433271 -0.813075 -0.000007 -0.000031 -0.000012 0.992111 0.125365
1741165084.326791 4.388939 -0.802314 -0.000007 -0.000030 -0.000013 0.993667 0.112366
1741165084.376785 4.388939 -0.802314 -0.000007 -0.000030 -0.000013 0.993667 0.112366
1741165084.426775 4.388969 -0.802312 -0.000011 0.000069 -0.000033 0.993666 0.112370
1741165084.476791 4.388969 -0.802312 -0.000011 0.000069 -0.000033 0.993666 0.112370
1741165084.526741 4.344366 -0.792716 -0.000011 0.000069 -0.000032 0.995053 0.099348
1741165084.576785 4.344366 -0.792716 -0.000011 0.000069 -0.000032 0.995053 0.099348
1741165084.626785 4.344399 -0.792713 -0.000011 0.000069 -0.000032 0.995052 0.099353
1741165084.676780 4.344399 -0.792713 -0.000011 0.000069 -0.000032 0.995052 0.099353
1741165084.726772 4.299558 -0.784287 -0.000011 0.000070 -0.000031 0.996268 0.086315
1741165084.776786 4.299558 -0.784287 -0.000011 0.000070 -0.000031 0.996268 0.086315
1741165084.826775 4.299593 -0.784284 -0.000011 0.000070 -0.000031 0.996268 0.086319
1741165084.876781 4.299593 -0.784284 -0.000011 0.000070 -0.000031 0.996268 0.086319
1741165084.926775 4.299629 -0.784281 -0.000011 0.000070 -0.000031 0.996267 0.086323
1741165084.976784 4.299629 -0.784281 -0.000011 0.000070 -0.000031 0.996267 0.086323
1741165085.026776 4.254545 -0.777034 -0.000011 0.000070 -0.000030 0.997312 0.073268
1741165085.076786 4.254545 -0.777034 -0.000011 0.000070 -0.000030 0.997312 0.073268
1741165085.126781 4.254582 -0.777031 -0.000007 -0.000030 -0.000014 0.997312 0.073271
1741165085.176780 4.254582 -0.777031 -0.000007 -0.000030 -0.000014 0.997312 0.073271
1741165085.226778 4.209357 -0.770962 -0.000011 0.000071 -0.000029 0.998186 0.060206
1741165085.276783 4.209357 -0.770962 -0.000011 0.000071 -0.000029 0.998186 0.060206
1741165085.326773 4.209396 -0.770959 -0.000007 -0.000030 -0.000014 0.998186 0.060208
1741165085.376779 4.209396 -0.770959 -0.000007 -0.000030 -0.000014 0.998186 0.060208
1741165085.426773 4.209434 -0.770957 -0.000007 -0.000030 -0.000014 0.998186 0.060209
1741165085.476785 4.209434 -0.770957 -0.000007 -0.000030 -0.000014 0.998186 0.060209
1741165085.526774 4.164026 -0.766075 -0.000011 0.000071 -0.000028 0.998889 0.047134
1741165085.576792 4.164026 -0.766075 -0.000011 0.000071 -0.000028 0.998889 0.047134
1741165085.626774 4.164067 -0.766073 -0.000011 0.000071 -0.000028 0.998889 0.047134
1741165085.676785 4.164067 -0.766073 -0.000011 0.000071 -0.000028 0.998889 0.047134
1741165085.726771 4.118579 -0.762376 -0.000011 0.000071 -0.000027 0.999420 0.034053
1741165085.776780 4.118579 -0.762376 -0.000011 0.000071 -0.000027 0.999420 0.034053
1741165085.826773 4.118622 -0.762375 -0.000007 -0.000029 -0.000015 0.999420 0.034052
1741165085.876782 4.118622 -0.762375 -0.000007 -0.000029 -0.000015 0.999420 0.034052
1741165085.926776 4.073055 -0.759868 -0.000011 0.000072 -0.000026 0.999780 0.020969
1741165085.976784 4.073055 -0.759868 -0.000011 0.000072 -0.000026 0.999780 0.020969
1741165086.026774 4.073097 -0.759868 -0.000007 -0.000029 -0.000015 0.999780 0.020968
1741165086.076782 4.073097 -0.759868 -0.000007 -0.000029 -0.000015 0.999780 0.020968
1741165086.126773 4.027476 -0.758553 -0.000007 -0.000029 -0.000016 0.999969 0.007881
1741165086.176785 4.027476 -0.758553 -0.000007 -0.000029 -0.000016 0.999969 0.007881
1741165086.226776 4.027519 -0.758553 -0.000011 0.000072 -0.000025 0.999969 0.007880
1741165086.276784 4.027519 -0.758553 -0.000011 0.000072 -0.000025 0.999969 0.007880
1741165086.326774 4.027562 -0.758553 -0.000011 0.000072 -0.000025 0.999969 0.007879
1741165086.376795 4.027562 -0.758553 -0.000011 0.000072 -0.000025 0.999969 0.007879
1741165086.426782 3.981885 -0.758432 -0.000011 0.000072 -0.000024 0.999986 -0.005209
1741165086.476794 3.981885 -0.758432 -0.000011 0.000072 -0.000024 0.999986 -0.005209
1741165086.526777 3.981930 -0.758432 -0.000007 -0.000029 -0.000016 0.999986 -0.005210
1741165086.576781 3.981930 -0.758432 -0.000007 -0.000029 -0.000016 0.999986 -0.005210
1741165086.626774 3.936301 -0.759504 -0.000011 0.000073 -0.000023 0.999833 -0.018299
1741165086.676784 3.936301 -0.759504 -0.000011 0.000073 -0.000023 0.999833 -0.018299
1741165086.726789 3.936346 -0.759504 -0.000011 0.000073 -0.000023 0.999833 -0.018301
1741165086.776785 3.936346 -0.759504 -0.000011 0.000073 -0.000023 0.999833 -0.018301
1741165086.826782 3.936391 -0.759505 -0.000007 -0.000028 -0.000017 0.999832 -0.018304
1741165086.876780 3.936391 -0.759505 -0.000007 -0.000028 -0.000017 0.999832 -0.018304
1741165086.926774 3.890762 -0.761768 -0.000007 -0.000028 -0.000017 0.999507 -0.031386
1741165086.976784 3.890762 -0.761768 -0.000007 -0.000028 -0.000017 0.999507 -0.031386
1741165087.026775 3.890807 -0.761770 -0.000007 -0.000028 -0.000017 0.999507 -0.031390
1741165087.076786 3.890807 -0.761770 -0.000007 -0.000028 -0.000017 0.999507 -0.031390
1741165087.126775 3.845299 -0.765224 -0.000011 0.000073 -0.000022 0.999011 -0.044469
1741165087.176786 3.845299 -0.765224 -0.000011 0.000073 -0.000022 0.999011 -0.044469
1741165087.226774 3.845345 -0.765226 -0.000007 -0.000028 -0.000017 0.999010 -0.044476
1741165087.276784 3.845345 -0.765226 -0.000007 -0.000028 -0.000017 0.999010 -0.044476
1741165087.326780 3.845389 -0.765227 -0.000007 -0.000028 -0.000017 0.999010 -0.044483
1741165087.376785 3.845389 -0.765227 -0.000007 -0.000028 -0.000017 0.999010 -0.044483
1741165087.426778 3.799942 -0.769870 -0.000011 0.000074 -0.000021 0.998343 -0.057544
1741165087.476783 3.799942 -0.769870 -0.000011 0.000074 -0.000021 0.998343 -0.057544
1741165087.526778 3.799987 -0.769871 -0.000011 0.000074 -0.000021 0.998342 -0.057554
1741165087.576782 3.799987 -0.769871 -0.000011 0.000074 -0.000021 0.998342 -0.057554
1741165087.626778 3.754718 -0.775700 -0.000007 -0.000028 -0.000018 0.997504 -0.070608
1741165087.676785 3.754718 -0.775700 -0.000007 -0.000028 -0.000018 0.997504 -0.070608
1741165087.726775 3.754764 -0.775702 -0.000007 -0.000028 -0.000018 0.997503 -0.070621
1741165087.776783 3.754764 -0.775702 -0.000007 -0.000028 -0.000018 0.997503 -0.070621
1741165087.826777 3.709667 -0.782713 -0.000011 0.000074 -0.000019 0.996494 -0.083660
1741165087.876785 3.709667 -0.782713 -0.000011 0.000074 -0.000019 0.996494 -0.083660
1741165087.926776 3.709711 -0.782715 -0.000007 -0.000027 -0.000018 0.996493 -0.083675
1741165087.976781 3.709711 -0.782715 -0.000007 -0.000027 -0.000018 0.996493 -0.083675
1741165088.026776 3.664811 -0.790902 -0.000011 0.000074 -0.000018 0.995314 -0.096696
1741165088.076783 3.664811 -0.790902 -0.000011 0.000074 -0.000018 0.995314 -0.096696
1741165088.126774 3.664853 -0.790905 -0.000007 -0.000027 -0.000019 0.995312 -0.096712
1741165088.176785 3.664853 -0.790905 -0.000007 -0.000027 -0.000019 0.995312 -0.096712
1741165088.226776 3.620185 -0.800263 -0.000007 -0.000027 -0.000019 0.993963 -0.109716
1741165088.276785 3.620185 -0.800263 -0.000007 -0.000027 -0.000019 0.993963 -0.109716
1741165088.326776 3.620226 -0.800266 -0.000007 -0.000027 -0.000019 0.993961 -0.109731
1741165088.376853 3.620226 -0.800266 -0.000007 -0.000027 -0.000019 0.993961 -0.109731
1741165088.426778 3.620267 -0.800269 -0.000011 0.000075 -0.000017 0.993960 -0.109747
1741165088.476748 3.620267 -0.800269 -0.000011 0.000075 -0.000017 0.993960 -0.109747
1741165088.526779 3.575821 -0.810788 -0.000011 0.000075 -0.000016 0.992442 -0.122717
1741165088.576787 3.575821 -0.810788 -0.000011 0.000075 -0.000016 0.992442 -0.122717
1741165088.626779 3.575860 -0.810792 -0.000007 -0.000027 -0.000019 0.992440 -0.122732
1741165088.676787 3.575860 -0.810792 -0.000007 -0.000027 -0.000019 0.992440 -0.122732
1741165088.726779 3.531747 -0.822472 -0.000007 -0.000026 -0.000020 0.990751 -0.135696
1741165088.776786 3.531747 -0.822472 -0.000007 -0.000026 -0.000020 0.990751 -0.135696
1741165088.826776 3.531785 -0.822476 -0.000011 0.000075 -0.000015 0.990749 -0.135709
1741165088.876781 3.531785 -0.822476 -0.000011 0.000075 -0.000015 0.990749 -0.135709
1741165088.926775 3.487996 -0.835306 -0.000011 0.000075 -0.000014 0.988889 -0.148653
1741165088.976732 3.487996 -0.835306 -0.000011 0.000075 -0.000014 0.988889 -0.148653
1741165089.026780 3.488033 -0.835310 -0.000011 0.000075 -0.000014 0.988888 -0.148665
1741165089.076784 3.488033 -0.835310 -0.000011 0.000075 -0.000014 0.988888 -0.148665
1741165089.126776 3.444594 -0.849279 -0.000011 0.000076 -0.000013 0.986859 -0.161584
1741165089.176785 3.444594 -0.849279 -0.000011 0.000076 -0.000013 0.986859 -0.161584
1741165089.226779 3.444630 -0.849284 -0.000007 -0.000026 -0.000020 0.986857 -0.161595
1741165089.276791 3.444630 -0.849284 -0.000007 -0.000026 -0.000020 0.986857 -0.161595
1741165089.326776 3.401570 -0.864384 -0.000011 0.000076 -0.000012 0.984660 -0.174486
1741165089.376788 3.401570 -0.864384 -0.000011 0.000076 -0.000012 0.984660 -0.174486
1741165089.426779 3.401605 -0.864390 -0.000007 -0.000026 -0.000021 0.984658 -0.174496
1741165089.476788 3.401605 -0.864390 -0.000007 -0.000026 -0.000021 0.984658 -0.174496
1741165089.526774 3.358960 -0.880611 -0.000011 0.000076 -0.000011 0.982291 -0.187359
1741165089.576785 3.358960 -0.880611 -0.000011 0.000076 -0.000011 0.982291 -0.187359
1741165089.626777 3.358993 -0.880617 -0.000011 0.000076 -0.000011 0.982290 -0.187367
1741165089.676784 3.358993 -0.880617 -0.000011 0.000076 -0.000011 0.982290 -0.187367
1741165089.726773 3.316787 -0.897947 -0.000011 0.000076 -0.000010 0.979755 -0.200198
1741165089.776785 3.316787 -0.897947 -0.000011 0.000076 -0.000010 0.979755 -0.200198
1741165089.826781 3.316820 -0.897954 -0.000007 -0.000025 -0.000022 0.979754 -0.200205
1741165089.876783 3.316820 -0.897954 -0.000007 -0.000025 -0.000022 0.979754 -0.200205
1741165089.926777 3.275086 -0.916382 -0.000011 0.000077 -0.000009 0.977051 -0.213005
1741165089.976786 3.275086 -0.916382 -0.000011 0.000077 -0.000009 0.977051 -0.213005
1741165090.026779 3.275118 -0.916389 -0.000007 -0.000025 -0.000022 0.977050 -0.213009
1741165090.076786 3.275118 -0.916389 -0.000007 -0.000025 -0.000022 0.977050 -0.213009
1741165090.126774 3.275149 -0.916396 -0.000007 -0.000025 -0.000022 0.977049 -0.213013
1741165090.176782 3.275149 -0.916396 -0.000007 -0.000025 -0.000022 0.977049 -0.213013
1741165090.226776 3.233879 -0.935901 -0.000007 -0.000025 -0.000022 0.974179 -0.225776
1741165090.276788 3.233879 -0.935901 -0.000007 -0.000025 -0.000022 0.974179 -0.225776
1741165090.326777 3.233910 -0.935909 -0.000007 -0.000025 -0.000022 0.974179 -0.225778
1741165090.376785 3.233910 -0.935909 -0.000007 -0.000025 -0.000022 0.974179 -0.225778
1741165090.426780 3.233940 -0.935917 -0.000011 0.000077 -0.000008 0.974178 -0.225780
1741165090.476784 3.233940 -0.935917 -0.000011 0.000077 -0.000008 0.974178 -0.225780
1741165090.526790 3.193197 -0.956493 -0.000007 -0.000024 -0.000023 0.971141 -0.238506
1741165090.576785 3.193197 -0.956493 -0.000007 -0.000024 -0.000023 0.971141 -0.238506
1741165090.626775 3.193226 -0.956501 -0.000007 -0.000024 -0.000023 0.971141 -0.238506
1741165090.676802 3.193226 -0.956501 -0.000007 -0.000024 -0.000023 0.971141 -0.238506
1741165090.726780 3.153069 -0.978142 -0.000007 -0.000024 -0.000023 0.967936 -0.251196
1741165090.776788 3.153069 -0.978142 -0.000007 -0.000024 -0.000023 0.967936 -0.251196
1741165090.826777 3.153098 -0.978151 -0.000007 -0.000024 -0.000023 0.967937 -0.251194
1741165090.876793 3.153098 -0.978151 -0.000007 -0.000024 -0.000023 0.967937 -0.251194
1741165090.926777 3.153126 -0.978160 -0.000007 -0.000024 -0.000023 0.967937 -0.251193
1741165090.976733 3.153126 -0.978160 -0.000007 -0.000024 -0.000023 0.967937 -0.251193
1741165091.026775 3.113521 -1.000834 -0.000007 -0.000024 -0.000023 0.964565 -0.263845
1741165091.076793 3.113521 -1.000834 -0.000007 -0.000024 -0.000023 0.964565 -0.263845
1741165091.126778 3.113549 -1.000844 -0.000011 0.000077 -0.000005 0.964566 -0.263841
1741165091.176828 3.113549 -1.000844 -0.000011 0.000077 -0.000005 0.964566 -0.263841
1741165091.226778 3.113577 -1.000853 -0.000011 0.000077 -0.000005 0.964567 -0.263838
1741165091.276783 3.113577 -1.000853 -0.000011 0.000077 -0.000005 0.964567 -0.263838
1741165091.326776 3.074581 -1.024554 -0.000011 0.000077 -0.000004 0.961029 -0.276446
1741165091.376784 3.074581 -1.024554 -0.000011 0.000077 -0.000004 0.961029 -0.276446
1741165091.426778 3.074609 -1.024563 -0.000007 -0.000023 -0.000023 0.961030 -0.276443
1741165091.476788 3.074609 -1.024563 -0.000007 -0.000023 -0.000023 0.961030 -0.276443
1741165091.526781 3.074636 -1.024573 -0.000007 -0.000023 -0.000023 0.961031 -0.276440
1741165091.576788 3.074636 -1.024573 -0.000007 -0.000023 -0.000023 0.961031 -0.276440
1741165091.626774 3.036273 -1.049284 -0.000011 0.000077 -0.000003 0.957328 -0.289003
1741165091.676786 3.036273 -1.049284 -0.000011 0.000077 -0.000003 0.957328 -0.289003
1741165091.726775 3.036299 -1.049293 -0.000011 0.000077 -0.000003 0.957329 -0.289000
1741165091.776795 3.036299 -1.049293 -0.000011 0.000077 -0.000003 0.957329 -0.289000
1741165091.826776 2.998629 -1.075009 -0.000011 0.000077 -0.000002 0.953463 -0.301510
1741165091.876790 2.998629 -1.075009 -0.000011 0.000077 -0.000002 0.953463 -0.301510
1741165091.926774 2.998654 -1.075016 -0.000011 0.000077 -0.000002 0.953463 -0.301509
1741165091.976785 2.998654 -1.075016 -0.000011 0.000077 -0.000002 0.953463 -0.301509
1741165092.026784 2.961669 -1.101709 -0.000011 0.000077 -0.000001 0.949434 -0.313966
1741165092.076785 2.961669 -1.101709 -0.000011 0.000077 -0.000001 0.949434 -0.313966
1741165092.126774 2.961693 -1.101716 -0.000011 0.000077 -0.000001 0.949434 -0.313967
1741165092.176813 2.961693 -1.101716 -0.000011 0.000077 -0.000001 0.949434 -0.313967
1741165092.226778 2.925422 -1.129368 -0.000011 0.000077 0.000000 0.945243 -0.326369
1741165092.276789 2.925422 -1.129368 -0.000011 0.000077 0.000000 0.945243 -0.326369
1741165092.326783 2.925446 -1.129373 -0.000007 -0.000022 -0.000025 0.945241 -0.326373
1741165092.376791 2.925446 -1.129373 -0.000007 -0.000022 -0.000025 0.945241 -0.326373
1741165092.426778 2.889908 -1.157966 -0.000011 0.000077 0.000001 0.940889 -0.338715
1741165092.476788 2.889908 -1.157966 -0.000011 0.000077 0.000001 0.940889 -0.338715
1741165092.526775 2.889931 -1.157970 -0.000007 -0.000022 -0.000025 0.940886 -0.338722
1741165092.576784 2.889931 -1.157970 -0.000007 -0.000022 -0.000025 0.940886 -0.338722
1741165092.626776 2.855160 -1.187485 -0.000011 0.000077 0.000002 0.936374 -0.351004
1741165092.676791 2.855160 -1.187485 -0.000011 0.000077 0.000002 0.936374 -0.351004
1741165092.726775 2.855182 -1.187487 -0.000007 -0.000022 -0.000025 0.936370 -0.351013
1741165092.776783 2.855182 -1.187487 -0.000007 -0.000022 -0.000025 0.936370 -0.351013
1741165092.826776 2.821194 -1.217903 -0.000007 -0.000021 -0.000026 0.931699 -0.363231
1741165092.876791 2.821194 -1.217903 -0.000007 -0.000021 -0.000026 0.931699 -0.363231
1741165092.926778 2.821215 -1.217905 -0.000007 -0.000021 -0.000026 0.931695 -0.363241
1741165092.976785 2.821215 -1.217905 -0.000007 -0.000021 -0.000026 0.931695 -0.363241
1741165093.026777 2.788036 -1.249200 -0.000007 -0.000021 -0.000026 0.926865 -0.375396
1741165093.076784 2.788036 -1.249200 -0.000007 -0.000021 -0.000026 0.926865 -0.375396
1741165093.126776 2.788056 -1.249202 -0.000007 -0.000021 -0.000026 0.926861 -0.375406
1741165093.176784 2.788056 -1.249202 -0.000007 -0.000021 -0.000026 0.926861 -0.375406
1741165093.226775 2.788077 -1.249203 -0.000007 -0.000021 -0.000026 0.926856 -0.375416
1741165093.276802 2.788077 -1.249203 -0.000007 -0.000021 -0.000026 0.926856 -0.375416
1741165093.326779 2.755709 -1.281354 -0.000011 0.000077 0.000005 0.921871 -0.387496
1741165093.376781 2.755709 -1.281354 -0.000011 0.000077 0.000005 0.921871 -0.387496
1741165093.426773 2.755729 -1.281355 -0.000007 -0.000021 -0.000026 0.921867 -0.387508
1741165093.476786 2.755729 -1.281355 -0.000007 -0.000021 -0.000026 0.921867 -0.387508
1741165093.526775 2.724234 -1.314344 -0.000007 -0.000020 -0.000026 0.916720 -0.399531
1741165093.576781 2.724234 -1.314344 -0.000007 -0.000020 -0.000026 0.916720 -0.399531
1741165093.626774 2.724254 -1.314344 -0.000007 -0.000020 -0.000026 0.916715 -0.399542
1741165093.676785 2.724254 -1.314344 -0.000007 -0.000020 -0.000026 0.916715 -0.399542
1741165093.726778 2.693635 -1.348145 -0.000011 0.000077 0.000007 0.911411 -0.411497
1741165093.776784 2.693635 -1.348145 -0.000011 0.000077 0.000007 0.911411 -0.411497
1741165093.826779 2.693654 -1.348145 -0.000011 0.000077 0.000007 0.911406 -0.411509
1741165093.876786 2.693654 -1.348145 -0.000011 0.000077 0.000007 0.911406 -0.411509
1741165093.926778 2.663930 -1.382736 -0.000007 -0.000019 -0.000027 0.905947 -0.423392
1741165093.976788 2.663930 -1.382736 -0.000007 -0.000019 -0.000027 0.905947 -0.423392
1741165094.026775 2.663948 -1.382735 -0.000011 0.000077 0.000008 0.905941 -0.423405
1741165094.076783 2.663948 -1.382735 -0.000011 0.000077 0.000008 0.905941 -0.423405
1741165094.126776 2.635139 -1.418094 -0.000007 -0.000019 -0.000027 0.900327 -0.435214
1741165094.176789 2.635139 -1.418094 -0.000007 -0.000019 -0.000027 0.900327 -0.435214
1741165094.226776 2.635157 -1.418094 -0.000011 0.000077 0.000009 0.900321 -0.435228
1741165094.276787 2.635157 -1.418094 -0.000011 0.000077 0.000009 0.900321 -0.435228
1741165094.326780 2.635174 -1.418093 -0.000011 0.000077 0.000009 0.900314 -0.435241
1741165094.376789 2.635174 -1.418093 -0.000011 0.000077 0.000009 0.900314 -0.435241
1741165094.426778 2.607287 -1.454194 -0.000011 0.000077 0.000010 0.894553 -0.446963
1741165094.476787 2.607287 -1.454194 -0.000011 0.000077 0.000010 0.894553 -0.446963
1741165094.526777 2.607303 -1.454194 -0.000011 0.000077 0.000010 0.894546 -0.446977
1741165094.576785 2.607303 -1.454194 -0.000011 0.000077 0.000010 0.894546 -0.446977
1741165094.626776 2.580386 -1.491009 -0.000007 -0.000018 -0.000028 0.888626 -0.458632
1741165094.676782 2.580386 -1.491009 -0.000007 -0.000018 -0.000028 0.888626 -0.458632
1741165094.726786 2.580400 -1.491010 -0.000011 0.000077 0.000011 0.888619 -0.458645
1741165094.776796 2.580400 -1.491010 -0.000011 0.000077 0.000011 0.888619 -0.458645
1741165094.826781 2.554460 -1.528517 -0.000011 0.000076 0.000012 0.882547 -0.470225
1741165094.876786 2.554460 -1.528517 -0.000011 0.000076 0.000012 0.882547 -0.470225
1741165094.926776 2.554473 -1.528517 -0.000011 0.000076 0.000012 0.882540 -0.470237
1741165094.976790 2.554473 -1.528517 -0.000011 0.000076 0.000012 0.882540 -0.470237
1741165095.026779 2.529524 -1.566689 -0.000007 -0.000018 -0.000028 0.876316 -0.481736
1741165095.076789 2.529524 -1.566689 -0.000007 -0.000018 -0.000028 0.876316 -0.481736
1741165095.126780 2.529536 -1.566689 -0.000007 -0.000018 -0.000028 0.876310 -0.481748
1741165095.176787 2.529536 -1.566689 -0.000007 -0.000018 -0.000028 0.876310 -0.481748
1741165095.226781 2.505596 -1.605502 -0.000011 0.000076 0.000014 0.869936 -0.493165
1741165095.276787 2.505596 -1.605502 -0.000011 0.000076 0.000014 0.869936 -0.493165
1741165095.326775 2.505608 -1.605501 -0.000007 -0.000017 -0.000028 0.869929 -0.493176
1741165095.376787 2.505608 -1.605501 -0.000007 -0.000017 -0.000028 0.869929 -0.493176
1741165095.426775 2.482693 -1.644927 -0.000007 0.000017 0.000029 -0.863406 0.504510
1741165095.476786 2.482693 -1.644927 -0.000007 0.000017 0.000029 -0.863406 0.504510
1741165095.526778 2.482704 -1.644926 -0.000011 -0.000076 -0.000015 -0.863399 0.504521
1741165095.576783 2.482704 -1.644926 -0.000011 -0.000076 -0.000015 -0.863399 0.504521
1741165095.626778 2.460830 -1.684937 -0.000007 0.000017 0.000029 -0.856727 0.515770
1741165095.676785 2.460830 -1.684937 -0.000007 0.000017 0.000029 -0.856727 0.515770
1741165095.726746 2.460840 -1.684934 -0.000007 0.000017 0.000029 -0.856720 0.515781
1741165095.776815 2.460840 -1.684934 -0.000007 0.000017 0.000029 -0.856720 0.515781
1741165095.826778 2.440021 -1.725506 -0.000007 0.000016 0.000029 -0.849903 0.526940
1741165095.876806 2.440021 -1.725506 -0.000007 0.000016 0.000029 -0.849903 0.526940
1741165095.926780 2.440031 -1.725500 -0.000007 0.000016 0.000029 -0.849895 0.526952
1741165095.976781 2.440031 -1.725500 -0.000007 0.000016 0.000029 -0.849895 0.526952
1741165096.026781 2.420281 -1.766604 -0.000011 -0.000075 -0.000018 -0.842932 0.538019
1741165096.076785 2.420281 -1.766604 -0.000011 -0.000075 -0.000018 -0.842932 0.538019
1741165096.126775 2.420290 -1.766595 -0.000007 0.000016 0.000029 -0.842924 0.538032
1741165096.176820 2.420290 -1.766595 -0.000007 0.000016 0.000029 -0.842924 0.538032
1741165096.226783 2.401624 -1.808206 -0.000007 0.000015 0.000029 -0.835817 0.549007
1741165096.276783 2.401624 -1.808206 -0.000007 0.000015 0.000029 -0.835817 0.549007
1741165096.326783 2.401633 -1.808192 -0.000007 0.000015 0.000029 -0.835809 0.549021
1741165096.376786 2.401633 -1.808192 -0.000007 0.000015 0.000029 -0.835809 0.549021
1741165096.426775 2.401642 -1.808178 -0.000007 0.000015 0.000029 -0.835800 0.549034
1741165096.476790 2.401642 -1.808178 -0.000007 0.000015 0.000029 -0.835800 0.549034
1741165096.526774 2.401651 -1.808164 -0.000007 0.000015 0.000029 -0.835791 0.549048
1741165096.576782 2.401651 -1.808164 -0.000007 0.000015 0.000029 -0.835791 0.549048
1741165096.626777 2.401660 -1.808150 -0.000011 -0.000075 -0.000019 -0.835782 0.549061
1741165096.676786 2.401660 -1.808150 -0.000011 -0.000075 -0.000019 -0.835782 0.549061
1741165096.726775 2.401669 -1.808137 -0.000007 0.000015 0.000029 -0.835773 0.549074
1741165096.776789 2.401669 -1.808137 -0.000007 0.000015 0.000029 -0.835773 0.549074
1741165096.826774 2.401678 -1.808123 -0.000007 0.000015 0.000029 -0.835765 0.549088
1741165096.876783 2.401678 -1.808123 -0.000007 0.000015 0.000029 -0.835765 0.549088
1741165096.926772 2.401687 -1.808110 -0.000011 -0.000075 -0.000019 -0.835756 0.549101
1741165096.976784 2.401687 -1.808110 -0.000011 -0.000075 -0.000019 -0.835756 0.549101
1741165097.026777 2.401623 -1.808206 -0.000007 0.000015 0.000030 -0.830996 0.556279
1741165097.076814 2.401623 -1.808206 -0.000007 0.000015 0.000030 -0.830996 0.556279
1741165097.126776 2.401631 -1.808191 -0.000007 0.000015 0.000030 -0.830987 0.556293
1741165097.176782 2.401631 -1.808191 -0.000007 0.000015 0.000030 -0.830987 0.556293
1741165097.226775 2.401640 -1.808175 -0.000007 0.000015 0.000030 -0.830977 0.556306
1741165097.276793 2.401640 -1.808175 -0.000007 0.000015 0.000030 -0.830977 0.556306
1741165097.326775 2.401619 -1.808214 -0.000006 0.000013 0.000026 -0.826114 0.563503
1741165097.376783 2.401619 -1.808214 -0.000006 0.000013 0.000026 -0.826114 0.563503
1741165097.426777 2.401627 -1.808195 -0.000007 0.000015 0.000030 -0.826104 0.563517
1741165097.476781 2.401627 -1.808195 -0.000007 0.000015 0.000030 -0.826104 0.563517
1741165097.526786 2.401635 -1.808177 -0.000007 0.000015 0.000030 -0.826095 0.563531
1741165097.576786 2.401635 -1.808177 -0.000007 0.000015 0.000030 -0.826095 0.563531
1741165097.626779 2.401619 -1.808212 -0.000007 0.000015 0.000030 -0.821164 0.570692
1741165097.676784 2.401619 -1.808212 -0.000007 0.000015 0.000030 -0.821164 0.570692
1741165097.726774 2.401627 -1.808191 -0.000011 -0.000075 -0.000021 -0.821154 0.570706
1741165097.776784 2.401627 -1.808191 -0.000011 -0.000075 -0.000021 -0.821154 0.570706
1741165097.826789 2.401635 -1.808171 -0.000011 -0.000075 -0.000021 -0.821145 0.570720
1741165097.876783 2.401635 -1.808171 -0.000011 -0.000075 -0.000021 -0.821145 0.570720
1741165097.926789 2.401619 -1.808214 -0.000014 -0.000114 -0.000081 -0.816154 0.577835
1741165097.976785 2.401619 -1.808214 -0.000014 -0.000114 -0.000081 -0.816154 0.577835
1741165098.026780 2.401626 -1.808191 -0.000011 -0.000075 -0.000022 -0.816144 0.577849
1741165098.076792 2.401626 -1.808191 -0.000011 -0.000075 -0.000022 -0.816144 0.577849
1741165098.126788 2.401633 -1.808169 -0.000011 -0.000075 -0.000022 -0.816134 0.577863
1741165098.176780 2.401633 -1.808169 -0.000011 -0.000075 -0.000022 -0.816134 0.577863
1741165098.226775 2.401640 -1.808147 -0.000008 0.000015 0.000031 -0.816124 0.577877
1741165098.276788 2.401640 -1.808147 -0.000008 0.000015 0.000031 -0.816124 0.577877
1741165098.326773 2.401619 -1.808212 -0.000008 0.000015 0.000031 -0.811079 0.584936
1741165098.376783 2.401619 -1.808212 -0.000008 0.000015 0.000031 -0.811079 0.584936
1741165098.426777 2.401625 -1.808188 -0.000011 -0.000075 -0.000022 -0.811070 0.584949
1741165098.476784 2.401625 -1.808188 -0.000011 -0.000075 -0.000022 -0.811070 0.584949
1741165098.526787 2.401632 -1.808164 -0.000008 0.000015 0.000031 -0.811061 0.584962
1741165098.576782 2.401632 -1.808164 -0.000008 0.000015 0.000031 -0.811061 0.584962
1741165098.626786 2.401619 -1.808214 -0.000007 0.000013 0.000027 -0.805945 0.591991
1741165098.676796 2.401619 -1.808214 -0.000007 0.000013 0.000027 -0.805945 0.591991
1741165098.726789 2.401624 -1.808188 -0.000011 -0.000075 -0.000023 -0.805936 0.592003
1741165098.776795 2.401624 -1.808188 -0.000011 -0.000075 -0.000023 -0.805936 0.592003
1741165098.826791 2.401630 -1.808163 -0.000011 -0.000075 -0.000023 -0.805927 0.592015
1741165098.876784 2.401630 -1.808163 -0.000011 -0.000075 -0.000023 -0.805927 0.592015
1741165098.926775 2.401619 -1.808214 -0.000007 0.000012 0.000027 -0.800748 0.599001
1741165098.976784 2.401619 -1.808214 -0.000007 0.000012 0.000027 -0.800748 0.599001
1741165099.026777 2.401624 -1.808187 -0.000008 0.000014 0.000031 -0.800739 0.599013
1741165099.076786 2.401624 -1.808187 -0.000008 0.000014 0.000031 -0.800739 0.599013
1741165099.126776 2.401628 -1.808160 -0.000011 -0.000075 -0.000024 -0.800731 0.599024
1741165099.176750 2.401628 -1.808160 -0.000011 -0.000075 -0.000024 -0.800731 0.599024
1741165099.226776 2.401619 -1.808212 -0.000007 0.000014 0.000030 -0.795489 0.605967
1741165099.276814 2.401619 -1.808212 -0.000007 0.000014 0.000030 -0.795489 0.605967
1741165099.326790 2.401623 -1.808184 -0.000008 0.000014 0.000032 -0.795481 0.605978
1741165099.376791 2.401623 -1.808184 -0.000008 0.000014 0.000032 -0.795481 0.605978
1741165099.426783 2.401627 -1.808156 -0.000008 0.000014 0.000032 -0.795473 0.605989
1741165099.476784 2.401627 -1.808156 -0.000008 0.000014 0.000032 -0.795473 0.605989
1741165099.526777 2.401632 -1.808127 -0.000011 -0.000075 -0.000025 -0.795465 0.605999
1741165099.576783 2.401632 -1.808127 -0.000011 -0.000075 -0.000025 -0.795465 0.605999
1741165099.626778 2.401619 -1.808212 -0.000008 0.000014 0.000032 -0.790172 0.612885
1741165099.676785 2.401619 -1.808212 -0.000008 0.000014 0.000032 -0.790172 0.612885
1741165099.726776 2.401623 -1.808183 -0.000011 -0.000074 -0.000025 -0.790164 0.612896
1741165099.776781 2.401623 -1.808183 -0.000011 -0.000074 -0.000025 -0.790164 0.612896
1741165099.826774 2.401626 -1.808153 -0.000008 0.000014 0.000032 -0.790156 0.612906
1741165099.876791 2.401626 -1.808153 -0.000008 0.000014 0.000032 -0.790156 0.612906
1741165099.926774 2.401619 -1.808213 -0.000007 0.000012 0.000027 -0.784794 0.619757
1741165099.976784 2.401619 -1.808213 -0.000007 0.000012 0.000027 -0.784794 0.619757
1741165100.026774 2.401622 -1.808182 -0.000008 0.000014 0.000032 -0.784786 0.619767
1741165100.076784 2.401622 -1.808182 -0.000008 0.000014 0.000032 -0.784786 0.619767
1741165100.126776 2.401625 -1.808151 -0.000011 -0.000075 -0.000026 -0.784778 0.619777
1741165100.176788 2.401625 -1.808151 -0.000011 -0.000075 -0.000026 -0.784778 0.619777
1741165100.226776 2.401619 -1.808213 -0.000011 -0.000075 -0.000027 -0.779355 0.626583
1741165100.276793 2.401619 -1.808213 -0.000011 -0.000075 -0.000027 -0.779355 0.626583
1741165100.326781 2.401622 -1.808181 -0.000011 -0.000074 -0.000027 -0.779347 0.626593
1741165100.376781 2.401622 -1.808181 -0.000011 -0.000074 -0.000027 -0.779347 0.626593
1741165100.426778 2.401625 -1.808149 -0.000011 -0.000074 -0.000027 -0.779339 0.626602
1741165100.476781 2.401625 -1.808149 -0.000011 -0.000074 -0.000027 -0.779339 0.626602
1741165100.526778 2.401619 -1.808213 -0.000010 -0.000069 -0.000025 -0.773858 0.633359
1741165100.576788 2.401619 -1.808213 -0.000010 -0.000069 -0.000025 -0.773858 0.633359
1741165100.626787 2.401621 -1.808180 -0.000011 -0.000074 -0.000027 -0.773850 0.633369
1741165100.676785 2.401621 -1.808180 -0.000011 -0.000074 -0.000027 -0.773850 0.633369
1741165100.726796 2.401624 -1.808147 -0.000011 -0.000074 -0.000027 -0.773842 0.633378
1741165100.776782 2.401624 -1.808147 -0.000011 -0.000074 -0.000027 -0.773842 0.633378
1741165100.826772 2.401626 -1.808113 -0.000011 -0.000074 -0.000027 -0.773834 0.633388
1741165100.876780 2.401626 -1.808113 -0.000011 -0.000074 -0.000027 -0.773834 0.633388
1741165100.926776 2.401619 -1.808210 -0.000008 0.000013 0.000033 -0.768301 0.640089
1741165100.976780 2.401619 -1.808210 -0.000008 0.000013 0.000033 -0.768301 0.640089
1741165101.026774 2.401621 -1.808177 -0.000008 0.000013 0.000033 -0.768293 0.640098
1741165101.076814 2.401621 -1.808177 -0.000008 0.000013 0.000033 -0.768293 0.640098
1741165101.126777 2.401623 -1.808143 -0.000008 0.000013 0.000033 -0.768285 0.640108
1741165101.176785 2.401623 -1.808143 -0.000008 0.000013 0.000033 -0.768285 0.640108
1741165101.226791 2.401619 -1.808213 -0.000008 0.000012 0.000032 -0.762686 0.646769
1741165101.276784 2.401619 -1.808213 -0.000008 0.000012 0.000032 -0.762686 0.646769
1741165101.326777 2.401621 -1.808178 -0.000011 -0.000074 -0.000029 -0.762678 0.646778
1741165101.376781 2.401621 -1.808178 -0.000011 -0.000074 -0.000029 -0.762678 0.646778
1741165101.426777 2.401621 -1.808178 -0.000011 -0.000074 -0.000029 -0.762678 0.646778
1741165101.476779 2.401621 -1.808178 -0.000011 -0.000074 -0.000029 -0.762678 0.646778
1741165101.526775 2.401621 -1.808178 -0.000011 -0.000074 -0.000029 -0.762678 0.646778
1741165101.576783 2.401621 -1.808178 -0.000011 -0.000074 -0.000029 -0.762678 0.646778
1741165101.626784 2.401621 -1.808178 -0.000011 -0.000074 -0.000029 -0.762678 0.646778
1741165101.676784 2.401621 -1.808178 -0.000011 -0.000074 -0.000029 -0.762678 0.646778
1741165101.726774 2.401621 -1.808178 -0.000011 -0.000074 -0.000029 -0.762678 0.646778
1741165101.776784 2.401621 -1.808178 -0.000011 -0.000074 -0.000029 -0.762678 0.646778
1741165101.826776 2.401621 -1.808178 -0.000011 -0.000074 -0.000029 -0.762678 0.646778
1741165101.876784 2.401621 -1.808178 -0.000011 -0.000074 -0.000029 -0.762678 0.646778
1741165101.926773 2.401621 -1.808178 -0.000011 -0.000074 -0.000029 -0.762678 0.646778
1741165101.976783 2.401621 -1.808178 -0.000011 -0.000074 -0.000029 -0.762678 0.646778
1741165102.026778 2.401621 -1.808178 -0.000011 -0.000074 -0.000029 -0.762678 0.646778
1741165102.076784 2.401621 -1.808178 -0.000011 -0.000074 -0.000029 -0.762678 0.646778
1741165102.126787 2.401621 -1.808178 -0.000011 -0.000074 -0.000029 -0.762678 0.646778
1741165102.176784 2.401621 -1.808178 -0.000011 -0.000074 -0.000029 -0.762678 0.646778
1741165102.226792 2.401621 -1.808178 -0.000011 -0.000074 -0.000029 -0.762678 0.646778
1741165102.276783 2.401621 -1.808178 -0.000011 -0.000074 -0.000029 -0.762678 0.646778
1741165102.326777 2.401621 -1.808178 -0.000011 -0.000074 -0.000029 -0.762678 0.646778
1741165102.376780 2.401621 -1.808178 -0.000011 -0.000074 -0.000029 -0.762678 0.646778
1741165102.426764 2.401621 -1.808178 -0.000011 -0.000074 -0.000029 -0.762678 0.646778
1741165102.476785 2.401621 -1.808178 -0.000011 -0.000074 -0.000029 -0.762678 0.646778
1741165102.526773 2.401621 -1.808178 -0.000011 -0.000074 -0.000029 -0.762678 0.646778
1741165102.576780 2.401621 -1.808178 -0.000011 -0.000074 -0.000029 -0.762678 0.646778
1741165102.626773 2.401621 -1.808178 -0.000011 -0.000074 -0.000029 -0.762678 0.646778
1741165102.676783 2.401621 -1.808178 -0.000011 -0.000074 -0.000029 -0.762678 0.646778
1741165102.726775 2.401621 -1.808178 -0.000011 -0.000074 -0.000029 -0.762678 0.646778
1741165102.776782 2.401621 -1.808178 -0.000011 -0.000074 -0.000029 -0.762678 0.646778
1741165102.826788 2.401621 -1.808178 -0.000011 -0.000074 -0.000029 -0.762678 0.646778
1741165102.876782 2.401621 -1.808178 -0.000011 -0.000074 -0.000029 -0.762678 0.646778
1741165102.926775 2.401621 -1.808178 -0.000011 -0.000074 -0.000029 -0.762678 0.646778
1741165102.976779 2.401621 -1.808178 -0.000011 -0.000074 -0.000029 -0.762678 0.646778
1741165103.026776 2.401621 -1.808178 -0.000011 -0.000074 -0.000029 -0.762678 0.646778
1741165103.076780 2.401621 -1.808178 -0.000011 -0.000074 -0.000029 -0.762678 0.646778
1741165103.126775 2.401621 -1.808178 -0.000011 -0.000074 -0.000029 -0.762678 0.646778
1741165103.176782 2.401621 -1.808178 -0.000011 -0.000074 -0.000029 -0.762678 0.646778
1741165103.226775 2.401621 -1.808178 -0.000011 -0.000074 -0.000029 -0.762678 0.646778
1741165103.276782 2.401621 -1.808178 -0.000011 -0.000074 -0.000029 -0.762678 0.646778
1741165103.326778 2.401621 -1.808178 -0.000011 -0.000074 -0.000029 -0.762678 0.646778
1741165103.376784 2.401621 -1.808178 -0.000011 -0.000074 -0.000029 -0.762678 0.646778
1741165103.426779 2.401621 -1.808178 -0.000011 -0.000074 -0.000029 -0.762678 0.646778
1741165103.476782 2.401621 -1.808178 -0.000011 -0.000074 -0.000029 -0.762678 0.646778
1741165103.526778 2.401621 -1.808178 -0.000011 -0.000074 -0.000029 -0.762678 0.646778
1741165103.576786 2.401621 -1.808178 -0.000011 -0.000074 -0.000029 -0.762678 0.646778
1741165103.626800 2.401621 -1.808178 -0.000011 -0.000074 -0.000029 -0.762678 0.646778
1741165103.676785 2.401621 -1.808178 -0.000011 -0.000074 -0.000029 -0.762678 0.646778
1741165103.726774 2.401621 -1.808178 -0.000011 -0.000074 -0.000029 -0.762678 0.646778
1741165103.776780 2.401621 -1.808178 -0.000011 -0.000074 -0.000029 -0.762678 0.646778
1741165103.826775 2.401621 -1.808178 -0.000011 -0.000074 -0.000029 -0.762678 0.646778
1741165103.876781 2.401621 -1.808178 -0.000011 -0.000074 -0.000029 -0.762678 0.646778
1741165103.926775 2.401621 -1.808178 -0.000011 -0.000074 -0.000029 -0.762678 0.646778
1741165103.976780 2.401621 -1.808178 -0.000011 -0.000074 -0.000029 -0.762678 0.646778
1741165104.026778 2.401621 -1.808178 -0.000011 -0.000074 -0.000029 -0.762678 0.646778
1741165104.076780 2.401621 -1.808178 -0.000011 -0.000074 -0.000029 -0.762678 0.646778
1741165104.126772 2.401621 -1.808178 -0.000011 -0.000074 -0.000029 -0.762678 0.646778
1741165104.176797 2.401621 -1.808178 -0.000011 -0.000074 -0.000029 -0.762678 0.646778
1741165104.226776 2.401621 -1.808178 -0.000011 -0.000074 -0.000029 -0.762678 0.646778
1741165104.276780 2.401621 -1.808178 -0.000011 -0.000074 -0.000029 -0.762678 0.646778
1741165104.326773 2.401621 -1.808178 -0.000011 -0.000074 -0.000029 -0.762678 0.646778
1741165104.376782 2.401621 -1.808178 -0.000011 -0.000074 -0.000029 -0.762678 0.646778
1741165104.426775 2.401621 -1.808178 -0.000011 -0.000074 -0.000029 -0.762678 0.646778
1741165104.476788 2.401621 -1.808178 -0.000011 -0.000074 -0.000029 -0.762678 0.646778
1741165104.526788 2.401621 -1.808178 -0.000011 -0.000074 -0.000029 -0.762678 0.646778
1741165104.576792 2.401621 -1.808178 -0.000011 -0.000074 -0.000029 -0.762678 0.646778
1741165104.626788 2.401621 -1.808178 -0.000011 -0.000074 -0.000029 -0.762678 0.646778
1741165104.676800 2.401621 -1.808178 -0.000011 -0.000074 -0.000029 -0.762678 0.646778
1741165104.726792 2.401621 -1.808178 -0.000011 -0.000074 -0.000029 -0.762678 0.646778
1741165104.776793 2.401621 -1.808178 -0.000011 -0.000074 -0.000029 -0.762678 0.646778
1741165104.826788 2.401621 -1.808178 -0.000011 -0.000074 -0.000029 -0.762678 0.646778
1741165104.876792 2.401621 -1.808178 -0.000011 -0.000074 -0.000029 -0.762678 0.646778
1741165104.926785 2.401621 -1.808178 -0.000011 -0.000074 -0.000029 -0.762678 0.646778
1741165104.976782 2.401621 -1.808178 -0.000011 -0.000074 -0.000029 -0.762678 0.646778
1741165105.026775 2.401621 -1.808178 -0.000011 -0.000074 -0.000029 -0.762678 0.646778
1741165105.076789 2.401621 -1.808178 -0.000011 -0.000074 -0.000029 -0.762678 0.646778
1741165105.126791 2.401621 -1.808178 -0.000011 -0.000074 -0.000029 -0.762678 0.646778
1741165105.176793 2.401621 -1.808178 -0.000011 -0.000074 -0.000029 -0.762678 0.646778
1741165105.226777 2.401621 -1.808178 -0.000011 -0.000074 -0.000029 -0.762678 0.646778
1741165105.276794 2.401621 -1.808178 -0.000011 -0.000074 -0.000029 -0.762678 0.646778
1741165105.326775 2.401621 -1.808178 -0.000011 -0.000074 -0.000029 -0.762678 0.646778
1741165105.376782 2.401621 -1.808178 -0.000011 -0.000074 -0.000029 -0.762678 0.646778
1741165105.426809 2.401621 -1.808178 -0.000011 -0.000074 -0.000029 -0.762678 0.646778
1741165105.476783 2.401621 -1.808178 -0.000011 -0.000074 -0.000029 -0.762678 0.646778
1741165105.526778 2.401621 -1.808178 -0.000011 -0.000074 -0.000029 -0.762678 0.646778
1741165105.576782 2.401621 -1.808178 -0.000011 -0.000074 -0.000029 -0.762678 0.646778
1741165105.626795 2.401621 -1.808178 -0.000011 -0.000074 -0.000029 -0.762678 0.646778
1741165105.676792 2.401621 -1.808178 -0.000011 -0.000074 -0.000029 -0.762678 0.646778
1741165105.726787 2.401621 -1.808178 -0.000011 -0.000074 -0.000029 -0.762678 0.646778
1741165105.776783 2.401621 -1.808178 -0.000011 -0.000074 -0.000029 -0.762678 0.646778
1741165105.826778 2.401621 -1.808178 -0.000011 -0.000074 -0.000029 -0.762678 0.646778
1741165105.876782 2.401621 -1.808178 -0.000011 -0.000074 -0.000029 -0.762678 0.646778
1741165105.926778 2.401621 -1.808178 -0.000011 -0.000074 -0.000029 -0.762678 0.646778
1741165105.976775 2.401621 -1.808178 -0.000011 -0.000074 -0.000029 -0.762678 0.646778
1741165106.026778 2.401621 -1.808178 -0.000011 -0.000074 -0.000029 -0.762678 0.646778
1741165106.076782 2.401621 -1.808178 -0.000011 -0.000074 -0.000029 -0.762678 0.646778
1741165106.126778 2.401621 -1.808178 -0.000011 -0.000074 -0.000029 -0.762678 0.646778
1741165106.176783 2.401621 -1.808178 -0.000011 -0.000074 -0.000029 -0.762678 0.646778
1741165106.226775 2.401621 -1.808178 -0.000011 -0.000074 -0.000029 -0.762678 0.646778
1741165106.276781 2.401621 -1.808178 -0.000011 -0.000074 -0.000029 -0.762678 0.646778
1741165106.326776 2.401621 -1.808178 -0.000011 -0.000074 -0.000029 -0.762678 0.646778
1741165106.376786 2.401621 -1.808178 -0.000011 -0.000074 -0.000029 -0.762678 0.646778
1741165106.426793 2.401621 -1.808178 -0.000011 -0.000074 -0.000029 -0.762678 0.646778
1741165106.476785 2.401621 -1.808178 -0.000011 -0.000074 -0.000029 -0.762678 0.646778
1741165106.526776 2.401621 -1.808178 -0.000011 -0.000074 -0.000029 -0.762678 0.646778
1741165106.576799 2.401621 -1.808178 -0.000011 -0.000074 -0.000029 -0.762678 0.646778
1741165106.626778 2.401621 -1.808178 -0.000011 -0.000074 -0.000029 -0.762678 0.646778
1741165106.676787 2.401621 -1.808178 -0.000011 -0.000074 -0.000029 -0.762678 0.646778
1741165106.726777 2.401621 -1.808178 -0.000011 -0.000074 -0.000029 -0.762678 0.646778
1741165106.776785 2.401621 -1.808178 -0.000011 -0.000074 -0.000029 -0.762678 0.646778
1741165106.826786 2.401621 -1.808178 -0.000011 -0.000074 -0.000029 -0.762678 0.646778
1741165106.876778 2.401621 -1.808178 -0.000011 -0.000074 -0.000029 -0.762678 0.646778
1741165106.926787 2.401621 -1.808178 -0.000011 -0.000074 -0.000029 -0.762678 0.646778
1741165106.976783 2.401621 -1.808178 -0.000011 -0.000074 -0.000029 -0.762678 0.646778
1741165107.026781 2.401621 -1.808178 -0.000011 -0.000074 -0.000029 -0.762678 0.646778
1741165107.076780 2.401621 -1.808178 -0.000011 -0.000074 -0.000029 -0.762678 0.646778
1741165107.126775 2.401621 -1.808178 -0.000011 -0.000074 -0.000029 -0.762678 0.646778
1741165107.176783 2.401621 -1.808178 -0.000011 -0.000074 -0.000029 -0.762678 0.646778
1741165107.226777 2.401621 -1.808178 -0.000011 -0.000074 -0.000029 -0.762678 0.646778
1741165107.276790 2.401621 -1.808178 -0.000011 -0.000074 -0.000029 -0.762678 0.646778
1741165107.326773 2.401621 -1.808178 -0.000011 -0.000074 -0.000029 -0.762678 0.646778
1741165107.376783 2.401621 -1.808178 -0.000011 -0.000074 -0.000029 -0.762678 0.646778
1741165107.426775 2.401621 -1.808178 -0.000011 -0.000074 -0.000029 -0.762678 0.646778
1741165107.476783 2.401621 -1.808178 -0.000011 -0.000074 -0.000029 -0.762678 0.646778
1741165107.526777 2.401621 -1.808178 -0.000011 -0.000074 -0.000029 -0.762678 0.646778
1741165107.576785 2.401621 -1.808178 -0.000011 -0.000074 -0.000029 -0.762678 0.646778
1741165107.626776 2.401621 -1.808178 -0.000011 -0.000074 -0.000029 -0.762678 0.646778
1741165107.676820 2.401621 -1.808178 -0.000011 -0.000074 -0.000029 -0.762678 0.646778
1741165107.726735 2.401621 -1.808178 -0.000011 -0.000074 -0.000029 -0.762678 0.646778
1741165107.776786 2.401621 -1.808178 -0.000011 -0.000074 -0.000029 -0.762678 0.646778
1741165107.826780 2.401621 -1.808178 -0.000011 -0.000074 -0.000029 -0.762678 0.646778
1741165107.876786 2.401621 -1.808178 -0.000011 -0.000074 -0.000029 -0.762678 0.646778
1741165107.926776 2.401621 -1.808178 -0.000011 -0.000074 -0.000029 -0.762678 0.646778
1741165107.976783 2.401621 -1.808178 -0.000011 -0.000074 -0.000029 -0.762678 0.646778
1741165108.026775 2.401621 -1.808178 -0.000011 -0.000074 -0.000029 -0.762678 0.646778
1741165108.076789 2.401621 -1.808178 -0.000011 -0.000074 -0.000029 -0.762678 0.646778
1741165108.126773 2.401621 -1.808178 -0.000011 -0.000074 -0.000029 -0.762678 0.646778
1741165108.176781 2.401621 -1.808178 -0.000011 -0.000074 -0.000029 -0.762678 0.646778
1741165108.226774 2.401621 -1.808178 -0.000011 -0.000074 -0.000029 -0.762678 0.646778
1741165108.276788 2.401621 -1.808178 -0.000011 -0.000074 -0.000029 -0.762678 0.646778
1741165108.326778 2.401621 -1.808178 -0.000011 -0.000074 -0.000029 -0.762678 0.646778
1741165108.376783 2.401621 -1.808178 -0.000011 -0.000074 -0.000029 -0.762678 0.646778
1741165108.426775 2.401621 -1.808178 -0.000011 -0.000074 -0.000029 -0.762678 0.646778
1741165108.476778 2.401621 -1.808178 -0.000011 -0.000074 -0.000029 -0.762678 0.646778
1741165108.526776 2.401621 -1.808178 -0.000011 -0.000074 -0.000029 -0.762678 0.646778
1741165108.576780 2.401621 -1.808178 -0.000011 -0.000074 -0.000029 -0.762678 0.646778
1741165108.626775 2.401621 -1.808178 -0.000011 -0.000074 -0.000029 -0.762678 0.646778
1741165108.676794 2.401621 -1.808178 -0.000011 -0.000074 -0.000029 -0.762678 0.646778
1741165108.726777 2.401621 -1.808178 -0.000011 -0.000074 -0.000029 -0.762678 0.646778
1741165108.776784 2.401621 -1.808178 -0.000011 -0.000074 -0.000029 -0.762678 0.646778
1741165108.826777 2.401621 -1.808178 -0.000011 -0.000074 -0.000029 -0.762678 0.646778
1741165108.876783 2.401621 -1.808178 -0.000011 -0.000074 -0.000029 -0.762678 0.646778
1741165108.926772 2.401621 -1.808178 -0.000011 -0.000074 -0.000029 -0.762678 0.646778
1741165108.976783 2.401621 -1.808178 -0.000011 -0.000074 -0.000029 -0.762678 0.646778
1741165109.026773 2.401621 -1.808178 -0.000011 -0.000074 -0.000029 -0.762678 0.646778
1741165109.076809 2.401621 -1.808178 -0.000011 -0.000074 -0.000029 -0.762678 0.646778
1741165109.126778 2.401621 -1.808178 -0.000011 -0.000074 -0.000029 -0.762678 0.646778
1741165109.176782 2.401621 -1.808178 -0.000011 -0.000074 -0.000029 -0.762678 0.646778
1741165109.226775 2.401621 -1.808178 -0.000011 -0.000074 -0.000029 -0.762678 0.646778
1741165109.276776 2.401621 -1.808178 -0.000011 -0.000074 -0.000029 -0.762678 0.646778
1741165109.326775 2.401621 -1.808178 -0.000011 -0.000074 -0.000029 -0.762678 0.646778
1741165109.376818 2.401621 -1.808178 -0.000011 -0.000074 -0.000029 -0.762678 0.646778
1741165109.426777 2.401621 -1.808178 -0.000011 -0.000074 -0.000029 -0.762678 0.646778
1741165109.476786 2.401621 -1.808178 -0.000011 -0.000074 -0.000029 -0.762678 0.646778
1741165109.526787 2.401621 -1.808178 -0.000011 -0.000074 -0.000029 -0.762678 0.646778
1741165109.576780 2.401621 -1.808178 -0.000011 -0.000074 -0.000029 -0.762678 0.646778
1741165109.626777 2.401621 -1.808178 -0.000011 -0.000074 -0.000029 -0.762678 0.646778
1741165109.676781 2.401621 -1.808178 -0.000011 -0.000074 -0.000029 -0.762678 0.646778
1741165109.726777 2.401621 -1.808178 -0.000011 -0.000074 -0.000029 -0.762678 0.646778
1741165109.776783 2.401621 -1.808178 -0.000011 -0.000074 -0.000029 -0.762678 0.646778
1741165109.826775 2.401621 -1.808178 -0.000011 -0.000074 -0.000029 -0.762678 0.646778
1741165109.876785 2.401621 -1.808178 -0.000011 -0.000074 -0.000029 -0.762678 0.646778
1741165109.926780 2.401621 -1.808178 -0.000011 -0.000074 -0.000029 -0.762678 0.646778
1741165109.976780 2.401621 -1.808178 -0.000011 -0.000074 -0.000029 -0.762678 0.646778
1741165110.026776 2.401621 -1.808178 -0.000011 -0.000074 -0.000029 -0.762678 0.646778
1741165110.076781 2.401621 -1.808178 -0.000011 -0.000074 -0.000029 -0.762678 0.646778
1741165110.126774 2.401621 -1.808178 -0.000011 -0.000074 -0.000029 -0.762678 0.646778
1741165110.176779 2.401621 -1.808178 -0.000011 -0.000074 -0.000029 -0.762678 0.646778
1741165110.226786 2.401621 -1.808178 -0.000011 -0.000074 -0.000029 -0.762678 0.646778
1741165110.276776 2.401621 -1.808178 -0.000011 -0.000074 -0.000029 -0.762678 0.646778
1741165110.326775 2.401621 -1.808178 -0.000011 -0.000074 -0.000029 -0.762678 0.646778
1741165110.376783 2.401621 -1.808178 -0.000011 -0.000074 -0.000029 -0.762678 0.646778
1741165110.426776 2.401621 -1.808178 -0.000011 -0.000074 -0.000029 -0.762678 0.646778
1741165110.476780 2.401621 -1.808178 -0.000011 -0.000074 -0.000029 -0.762678 0.646778
1741165110.526773 2.401621 -1.808178 -0.000011 -0.000074 -0.000029 -0.762678 0.646778
1741165110.576786 2.401621 -1.808178 -0.000011 -0.000074 -0.000029 -0.762678 0.646778
1741165110.626773 2.401621 -1.808178 -0.000011 -0.000074 -0.000029 -0.762678 0.646778
1741165110.676783 2.401621 -1.808178 -0.000011 -0.000074 -0.000029 -0.762678 0.646778
1741165110.726773 2.401621 -1.808178 -0.000011 -0.000074 -0.000029 -0.762678 0.646778
1741165110.776796 2.401621 -1.808178 -0.000011 -0.000074 -0.000029 -0.762678 0.646778
1741165110.826799 2.401621 -1.808178 -0.000011 -0.000074 -0.000029 -0.762678 0.646778
1741165110.876786 2.401621 -1.808178 -0.000011 -0.000074 -0.000029 -0.762678 0.646778
1741165110.926748 2.401621 -1.808178 -0.000011 -0.000074 -0.000029 -0.762678 0.646778
1741165110.976780 2.401621 -1.808178 -0.000011 -0.000074 -0.000029 -0.762678 0.646778
1741165111.026776 2.401621 -1.808178 -0.000011 -0.000074 -0.000029 -0.762678 0.646778
1741165111.076786 2.401621 -1.808178 -0.000011 -0.000074 -0.000029 -0.762678 0.646778
1741165111.126787 2.401621 -1.808178 -0.000011 -0.000074 -0.000029 -0.762678 0.646778
1741165111.176782 2.401621 -1.808178 -0.000011 -0.000074 -0.000029 -0.762678 0.646778
1741165111.226774 2.401621 -1.808178 -0.000011 -0.000074 -0.000029 -0.762678 0.646778
1741165111.276786 2.401621 -1.808178 -0.000011 -0.000074 -0.000029 -0.762678 0.646778
1741165111.326775 2.401621 -1.808178 -0.000011 -0.000074 -0.000029 -0.762678 0.646778
1741165111.376783 2.401621 -1.808178 -0.000011 -0.000074 -0.000029 -0.762678 0.646778
1741165111.426774 2.401621 -1.808178 -0.000011 -0.000074 -0.000029 -0.762678 0.646778
1741165111.476782 2.401621 -1.808178 -0.000011 -0.000074 -0.000029 -0.762678 0.646778
1741165111.526778 2.401621 -1.808178 -0.000011 -0.000074 -0.000029 -0.762678 0.646778
1741165111.576781 2.401621 -1.808178 -0.000011 -0.000074 -0.000029 -0.762678 0.646778
1741165111.626775 2.401621 -1.808178 -0.000011 -0.000074 -0.000029 -0.762678 0.646778
1741165111.676785 2.401621 -1.808178 -0.000011 -0.000074 -0.000029 -0.762678 0.646778
1741165111.726776 2.401621 -1.808178 -0.000011 -0.000074 -0.000029 -0.762678 0.646778
1741165111.776803 2.401621 -1.808178 -0.000011 -0.000074 -0.000029 -0.762678 0.646778
1741165111.826779 2.401621 -1.808178 -0.000011 -0.000074 -0.000029 -0.762678 0.646778
1741165111.876779 2.401621 -1.808178 -0.000011 -0.000074 -0.000029 -0.762678 0.646778
1741165111.926775 2.401621 -1.808178 -0.000011 -0.000074 -0.000029 -0.762678 0.646778
1741165111.976780 2.401621 -1.808178 -0.000011 -0.000074 -0.000029 -0.762678 0.646778
1741165112.026775 2.401621 -1.808178 -0.000011 -0.000074 -0.000029 -0.762678 0.646778
1741165112.076779 2.401621 -1.808178 -0.000011 -0.000074 -0.000029 -0.762678 0.646778
1741165112.126782 2.401621 -1.808178 -0.000011 -0.000074 -0.000029 -0.762678 0.646778
1741165112.176790 2.401621 -1.808178 -0.000011 -0.000074 -0.000029 -0.762678 0.646778
1741165112.226773 2.401621 -1.808178 -0.000011 -0.000074 -0.000029 -0.762678 0.646778
1741165112.276784 2.401621 -1.808178 -0.000011 -0.000074 -0.000029 -0.762678 0.646778
1741165112.326774 2.401621 -1.808178 -0.000011 -0.000074 -0.000029 -0.762678 0.646778
1741165112.376756 2.401621 -1.808178 -0.000011 -0.000074 -0.000029 -0.762678 0.646778
1741165112.426775 2.401621 -1.808178 -0.000011 -0.000074 -0.000029 -0.762678 0.646778
1741165112.476783 2.401621 -1.808178 -0.000011 -0.000074 -0.000029 -0.762678 0.646778
1741165112.526775 2.401621 -1.808178 -0.000011 -0.000074 -0.000029 -0.762678 0.646778
1741165112.576783 2.401621 -1.808178 -0.000011 -0.000074 -0.000029 -0.762678 0.646778
1741165112.626777 2.401621 -1.808178 -0.000011 -0.000074 -0.000029 -0.762678 0.646778
1741165112.676789 2.401621 -1.808178 -0.000011 -0.000074 -0.000029 -0.762678 0.646778
1741165112.726776 2.401621 -1.808178 -0.000011 -0.000074 -0.000029 -0.762678 0.646778
1741165112.776786 2.401621 -1.808178 -0.000011 -0.000074 -0.000029 -0.762678 0.646778
1741165112.826775 2.401621 -1.808178 -0.000011 -0.000074 -0.000029 -0.762678 0.646778
1741165112.876784 2.401621 -1.808178 -0.000011 -0.000074 -0.000029 -0.762678 0.646778
1741165112.926774 2.401621 -1.808178 -0.000011 -0.000074 -0.000029 -0.762678 0.646778
1741165112.976787 2.401621 -1.808178 -0.000011 -0.000074 -0.000029 -0.762678 0.646778
1741165113.026785 2.401621 -1.808178 -0.000011 -0.000074 -0.000029 -0.762678 0.646778
1741165113.076788 2.401621 -1.808178 -0.000011 -0.000074 -0.000029 -0.762678 0.646778
1741165113.126776 2.401621 -1.808178 -0.000011 -0.000074 -0.000029 -0.762678 0.646778
1741165113.176786 2.401621 -1.808178 -0.000011 -0.000074 -0.000029 -0.762678 0.646778
1741165113.226775 2.401621 -1.808178 -0.000011 -0.000074 -0.000029 -0.762678 0.646778
1741165113.276783 2.401621 -1.808178 -0.000011 -0.000074 -0.000029 -0.762678 0.646778
1741165113.326774 2.401621 -1.808178 -0.000011 -0.000074 -0.000029 -0.762678 0.646778
1741165113.376782 2.401621 -1.808178 -0.000011 -0.000074 -0.000029 -0.762678 0.646778
1741165113.426775 2.401621 -1.808178 -0.000011 -0.000074 -0.000029 -0.762678 0.646778
1741165113.476781 2.401621 -1.808178 -0.000011 -0.000074 -0.000029 -0.762678 0.646778
1741165113.526774 2.401621 -1.808178 -0.000011 -0.000074 -0.000029 -0.762678 0.646778
1741165113.576785 2.401621 -1.808178 -0.000011 -0.000074 -0.000029 -0.762678 0.646778
1741165113.626775 2.401621 -1.808178 -0.000011 -0.000074 -0.000029 -0.762678 0.646778
1741165113.676785 2.401621 -1.808178 -0.000011 -0.000074 -0.000029 -0.762678 0.646778
1741165113.726774 2.401621 -1.808178 -0.000011 -0.000074 -0.000029 -0.762678 0.646778
1741165113.776781 2.401621 -1.808178 -0.000011 -0.000074 -0.000029 -0.762678 0.646778
1741165113.826775 2.401621 -1.808178 -0.000011 -0.000074 -0.000029 -0.762678 0.646778
1741165113.876783 2.401621 -1.808178 -0.000011 -0.000074 -0.000029 -0.762678 0.646778
1741165113.926777 2.401621 -1.808178 -0.000011 -0.000074 -0.000029 -0.762678 0.646778
1741165113.976782 2.401621 -1.808178 -0.000011 -0.000074 -0.000029 -0.762678 0.646778
1741165114.026778 2.401621 -1.808178 -0.000011 -0.000074 -0.000029 -0.762678 0.646778
1741165114.076782 2.401621 -1.808178 -0.000011 -0.000074 -0.000029 -0.762678 0.646778
1741165114.126786 2.401621 -1.808178 -0.000011 -0.000074 -0.000029 -0.762678 0.646778
1741165114.176784 2.401621 -1.808178 -0.000011 -0.000074 -0.000029 -0.762678 0.646778
1741165114.226778 2.401621 -1.808178 -0.000011 -0.000074 -0.000029 -0.762678 0.646778
1741165114.276779 2.401621 -1.808178 -0.000011 -0.000074 -0.000029 -0.762678 0.646778
1741165114.326781 2.401621 -1.808178 -0.000011 -0.000074 -0.000029 -0.762678 0.646778
1741165114.376790 2.401621 -1.808178 -0.000011 -0.000074 -0.000029 -0.762678 0.646778
1741165114.426778 2.401621 -1.808178 -0.000011 -0.000074 -0.000029 -0.762678 0.646778
1741165114.476798 2.401621 -1.808178 -0.000011 -0.000074 -0.000029 -0.762678 0.646778
1741165114.526774 2.401621 -1.808178 -0.000011 -0.000074 -0.000029 -0.762678 0.646778
1741165114.576781 2.401621 -1.808178 -0.000011 -0.000074 -0.000029 -0.762678 0.646778
1741165114.626776 2.401621 -1.808178 -0.000011 -0.000074 -0.000029 -0.762678 0.646778
1741165114.676782 2.401621 -1.808178 -0.000011 -0.000074 -0.000029 -0.762678 0.646778
1741165114.726774 2.401621 -1.808178 -0.000011 -0.000074 -0.000029 -0.762678 0.646778
1741165114.776785 2.401621 -1.808178 -0.000011 -0.000074 -0.000029 -0.762678 0.646778
1741165114.826775 2.401621 -1.808178 -0.000011 -0.000074 -0.000029 -0.762678 0.646778
1741165114.876794 2.401621 -1.808178 -0.000011 -0.000074 -0.000029 -0.762678 0.646778
1741165114.926775 2.401621 -1.808178 -0.000011 -0.000074 -0.000029 -0.762678 0.646778
1741165114.976781 2.401621 -1.808178 -0.000011 -0.000074 -0.000029 -0.762678 0.646778
1741165115.026774 2.401621 -1.808178 -0.000011 -0.000074 -0.000029 -0.762678 0.646778
1741165115.076790 2.401621 -1.808178 -0.000011 -0.000074 -0.000029 -0.762678 0.646778
1741165115.126775 2.401621 -1.808178 -0.000011 -0.000074 -0.000029 -0.762678 0.646778
1741165115.176782 2.401621 -1.808178 -0.000011 -0.000074 -0.000029 -0.762678 0.646778
1741165115.226774 2.401621 -1.808178 -0.000011 -0.000074 -0.000029 -0.762678 0.646778
1741165115.276783 2.401621 -1.808178 -0.000011 -0.000074 -0.000029 -0.762678 0.646778
1741165115.326777 2.401621 -1.808178 -0.000011 -0.000074 -0.000029 -0.762678 0.646778
1741165115.376793 2.401621 -1.808178 -0.000011 -0.000074 -0.000029 -0.762678 0.646778
1741165115.426775 2.401621 -1.808178 -0.000011 -0.000074 -0.000029 -0.762678 0.646778
1741165115.476781 2.401621 -1.808178 -0.000011 -0.000074 -0.000029 -0.762678 0.646778
1741165115.526776 2.401621 -1.808178 -0.000011 -0.000074 -0.000029 -0.762678 0.646778
1741165115.576782 2.401621 -1.808178 -0.000011 -0.000074 -0.000029 -0.762678 0.646778
1741165115.626775 2.401621 -1.808178 -0.000011 -0.000074 -0.000029 -0.762678 0.646778
1741165115.676788 2.401621 -1.808178 -0.000011 -0.000074 -0.000029 -0.762678 0.646778
1741165115.726780 2.401621 -1.808178 -0.000011 -0.000074 -0.000029 -0.762678 0.646778
1741165115.776784 2.401621 -1.808178 -0.000011 -0.000074 -0.000029 -0.762678 0.646778
1741165115.826776 2.401621 -1.808178 -0.000011 -0.000074 -0.000029 -0.762678 0.646778
1741165115.876783 2.401621 -1.808178 -0.000011 -0.000074 -0.000029 -0.762678 0.646778
1741165115.926777 2.401621 -1.808178 -0.000011 -0.000074 -0.000029 -0.762678 0.646778
1741165115.976800 2.401621 -1.808178 -0.000011 -0.000074 -0.000029 -0.762678 0.646778
1741165116.026776 2.401621 -1.808178 -0.000011 -0.000074 -0.000029 -0.762678 0.646778
1741165116.076786 2.401621 -1.808178 -0.000011 -0.000074 -0.000029 -0.762678 0.646778
1741165116.126774 2.401621 -1.808178 -0.000011 -0.000074 -0.000029 -0.762678 0.646778
1741165116.176786 2.401621 -1.808178 -0.000011 -0.000074 -0.000029 -0.762678 0.646778
1741165116.226774 2.401621 -1.808178 -0.000011 -0.000074 -0.000029 -0.762678 0.646778
1741165116.276785 2.401621 -1.808178 -0.000011 -0.000074 -0.000029 -0.762678 0.646778
1741165116.326775 2.401621 -1.808178 -0.000011 -0.000074 -0.000029 -0.762678 0.646778
1741165116.376785 2.401621 -1.808178 -0.000011 -0.000074 -0.000029 -0.762678 0.646778
1741165116.426775 2.401621 -1.808178 -0.000011 -0.000074 -0.000029 -0.762678 0.646778
1741165116.476788 2.401621 -1.808178 -0.000011 -0.000074 -0.000029 -0.762678 0.646778
1741165116.526775 2.401621 -1.808178 -0.000011 -0.000074 -0.000029 -0.762678 0.646778
1741165116.576786 2.401621 -1.808178 -0.000011 -0.000074 -0.000029 -0.762678 0.646778
1741165116.626776 2.401621 -1.808178 -0.000011 -0.000074 -0.000029 -0.762678 0.646778
1741165116.676785 2.401621 -1.808178 -0.000011 -0.000074 -0.000029 -0.762678 0.646778
1741165116.726775 2.401621 -1.808178 -0.000011 -0.000074 -0.000029 -0.762678 0.646778
1741165116.776786 2.401621 -1.808178 -0.000011 -0.000074 -0.000029 -0.762678 0.646778
1741165116.826777 2.401621 -1.808178 -0.000011 -0.000074 -0.000029 -0.762678 0.646778
1741165116.876782 2.401621 -1.808178 -0.000011 -0.000074 -0.000029 -0.762678 0.646778
1741165116.926774 2.401621 -1.808178 -0.000011 -0.000074 -0.000029 -0.762678 0.646778
1741165116.976794 2.401621 -1.808178 -0.000011 -0.000074 -0.000029 -0.762678 0.646778
1741165117.026781 2.401621 -1.808178 -0.000011 -0.000074 -0.000029 -0.762678 0.646778
1741165117.076786 2.401621 -1.808178 -0.000011 -0.000074 -0.000029 -0.762678 0.646778
1741165117.126776 2.401621 -1.808178 -0.000011 -0.000074 -0.000029 -0.762678 0.646778
1741165117.176783 2.401621 -1.808178 -0.000011 -0.000074 -0.000029 -0.762678 0.646778
1741165117.226777 2.401621 -1.808178 -0.000011 -0.000074 -0.000029 -0.762678 0.646778
1741165117.276783 2.401621 -1.808178 -0.000011 -0.000074 -0.000029 -0.762678 0.646778
1741165117.326774 2.401621 -1.808178 -0.000011 -0.000074 -0.000029 -0.762678 0.646778
1741165117.376783 2.401621 -1.808178 -0.000011 -0.000074 -0.000029 -0.762678 0.646778
1741165117.426775 2.401621 -1.808178 -0.000011 -0.000074 -0.000029 -0.762678 0.646778
1741165117.476787 2.401621 -1.808178 -0.000011 -0.000074 -0.000029 -0.762678 0.646778
1741165117.526789 2.401621 -1.808178 -0.000011 -0.000074 -0.000029 -0.762678 0.646778
1741165117.576859 2.401621 -1.808178 -0.000011 -0.000074 -0.000029 -0.762678 0.646778
1741165117.626778 2.401621 -1.808178 -0.000011 -0.000074 -0.000029 -0.762678 0.646778
1741165117.676787 2.401621 -1.808178 -0.000011 -0.000074 -0.000029 -0.762678 0.646778
1741165117.726773 2.401621 -1.808178 -0.000011 -0.000074 -0.000029 -0.762678 0.646778
1741165117.776788 2.401621 -1.808178 -0.000011 -0.000074 -0.000029 -0.762678 0.646778
1741165117.826787 2.401621 -1.808178 -0.000011 -0.000074 -0.000029 -0.762678 0.646778
1741165117.876797 2.401621 -1.808178 -0.000011 -0.000074 -0.000029 -0.762678 0.646778
1741165117.926776 2.401621 -1.808178 -0.000011 -0.000074 -0.000029 -0.762678 0.646778
1741165117.976786 2.401621 -1.808178 -0.000011 -0.000074 -0.000029 -0.762678 0.646778
1741165118.026840 2.401621 -1.808178 -0.000011 -0.000074 -0.000029 -0.762678 0.646778
1741165118.076783 2.401621 -1.808178 -0.000011 -0.000074 -0.000029 -0.762678 0.646778
1741165118.126775 2.401621 -1.808178 -0.000011 -0.000074 -0.000029 -0.762678 0.646778
1741165118.176798 2.401621 -1.808178 -0.000011 -0.000074 -0.000029 -0.762678 0.646778
1741165118.226776 2.401621 -1.808178 -0.000011 -0.000074 -0.000029 -0.762678 0.646778
