1741159720.252483 -0.001223 -0.000060 -0.000016 -0.000050 -0.000127 0.008401 0.999965
1741159720.252542 -0.001223 -0.000060 -0.000016 -0.000050 -0.000127 0.008401 0.999965
1741159720.302678 -0.001223 -0.000060 -0.000016 -0.000050 -0.000127 0.008401 0.999965
1741159720.352675 -0.001228 -0.000060 -0.000016 -0.000050 -0.000127 0.008432 0.999964
1741159720.402622 -0.001228 -0.000060 -0.000016 -0.000050 -0.000127 0.008432 0.999964
1741159720.452621 -0.001232 -0.000061 -0.000016 -0.000050 -0.000127 0.008463 0.999964
1741159720.502682 -0.001232 -0.000061 -0.000016 -0.000050 -0.000127 0.008463 0.999964
1741159720.552672 -0.001237 -0.000061 -0.000016 -0.000050 -0.000127 0.008495 0.999964
1741159720.602674 -0.001237 -0.000061 -0.000016 -0.000050 -0.000127 0.008495 0.999964
1741159720.652665 -0.001241 -0.000061 -0.000011 -0.000016 0.000039 0.008526 0.999964
1741159720.702650 -0.001241 -0.000061 -0.000011 -0.000016 0.000039 0.008526 0.999964
1741159720.752618 -0.001245 -0.000062 -0.000016 -0.000050 -0.000127 0.008557 0.999963
1741159720.802623 -0.001245 -0.000062 -0.000016 -0.000050 -0.000127 0.008557 0.999963
1741159720.852613 -0.001250 -0.000062 -0.000016 -0.000050 -0.000127 0.008589 0.999963
1741159720.902625 -0.001250 -0.000062 -0.000016 -0.000050 -0.000127 0.008589 0.999963
1741159720.952614 -0.001254 -0.000062 -0.000016 -0.000050 -0.000127 0.008621 0.999963
1741159721.002624 -0.001254 -0.000062 -0.000016 -0.000050 -0.000127 0.008621 0.999963
1741159721.052628 -0.001259 -0.000063 -0.000011 -0.000016 0.000039 0.008651 0.999963
1741159721.102648 -0.001259 -0.000063 -0.000011 -0.000016 0.000039 0.008651 0.999963
1741159721.152614 -0.001264 -0.000063 -0.000011 -0.000016 0.000039 0.008683 0.999962
1741159721.202612 -0.001264 -0.000063 -0.000011 -0.000016 0.000039 0.008683 0.999962
1741159721.252616 -0.001268 -0.000063 -0.000011 -0.000016 0.000039 0.008714 0.999962
1741159721.302624 -0.001268 -0.000063 -0.000011 -0.000016 0.000039 0.008714 0.999962
1741159721.352634 -0.001272 -0.000064 -0.000016 -0.000050 -0.000127 0.008746 0.999962
1741159721.402627 -0.001272 -0.000064 -0.000016 -0.000050 -0.000127 0.008746 0.999962
1741159721.452665 -0.001277 -0.000064 -0.000011 -0.000016 0.000039 0.008777 0.999961
1741159721.502666 -0.001277 -0.000064 -0.000011 -0.000016 0.000039 0.008777 0.999961
1741159721.552623 -0.001281 -0.000064 -0.000011 -0.000016 0.000039 0.008808 0.999961
1741159721.602639 -0.001281 -0.000064 -0.000011 -0.000016 0.000039 0.008808 0.999961
1741159721.652611 -0.001285 -0.000065 -0.000016 -0.000050 -0.000127 0.008840 0.999961
1741159721.702648 -0.001285 -0.000065 -0.000016 -0.000050 -0.000127 0.008840 0.999961
1741159721.752625 -0.001289 -0.000065 -0.000016 -0.000050 -0.000127 0.008872 0.999961
1741159721.802644 -0.001289 -0.000065 -0.000016 -0.000050 -0.000127 0.008872 0.999961
1741159721.852641 -0.001294 -0.000065 -0.000011 -0.000016 0.000039 0.008903 0.999960
1741159721.902635 -0.001294 -0.000065 -0.000011 -0.000016 0.000039 0.008903 0.999960
1741159721.952642 -0.001299 -0.000066 -0.000011 -0.000016 0.000039 0.008934 0.999960
1741159722.002625 -0.001299 -0.000066 -0.000011 -0.000016 0.000039 0.008934 0.999960
1741159722.052682 -0.001303 -0.000066 -0.000011 -0.000016 0.000039 0.008965 0.999960
1741159722.102683 -0.001303 -0.000066 -0.000011 -0.000016 0.000039 0.008965 0.999960
1741159722.152671 -0.001307 -0.000067 -0.000016 -0.000050 -0.000127 0.008997 0.999960
1741159722.202668 -0.001307 -0.000067 -0.000016 -0.000050 -0.000127 0.008997 0.999960
1741159722.252645 -0.001312 -0.000067 -0.000011 -0.000016 0.000039 0.009028 0.999959
1741159722.302668 -0.001312 -0.000067 -0.000011 -0.000016 0.000039 0.009028 0.999959
1741159722.352643 -0.001316 -0.000067 -0.000011 -0.000016 0.000039 0.009060 0.999959
1741159722.402644 -0.001316 -0.000067 -0.000011 -0.000016 0.000039 0.009060 0.999959
1741159722.452643 -0.001320 -0.000068 -0.000016 -0.000050 -0.000127 0.009092 0.999959
1741159722.502640 -0.001320 -0.000068 -0.000016 -0.000050 -0.000127 0.009092 0.999959
1741159722.552620 -0.001325 -0.000068 -0.000016 -0.000050 -0.000127 0.009123 0.999958
1741159722.602640 -0.001325 -0.000068 -0.000016 -0.000050 -0.000127 0.009123 0.999958
1741159722.652627 -0.001330 -0.000068 -0.000011 -0.000016 0.000039 0.009155 0.999958
1741159722.702642 -0.001330 -0.000068 -0.000011 -0.000016 0.000039 0.009155 0.999958
1741159722.752643 -0.001334 -0.000069 -0.000011 -0.000016 0.000039 0.009185 0.999958
1741159722.802667 -0.001334 -0.000069 -0.000011 -0.000016 0.000039 0.009185 0.999958
1741159722.852606 -0.001338 -0.000069 -0.000011 -0.000016 0.000039 0.009217 0.999958
1741159722.902627 -0.001338 -0.000069 -0.000011 -0.000016 0.000039 0.009217 0.999958
1741159722.952696 -0.001343 -0.000069 -0.000011 -0.000016 0.000039 0.009248 0.999957
1741159723.002614 -0.001343 -0.000069 -0.000011 -0.000016 0.000039 0.009248 0.999957
1741159723.052669 -0.001347 -0.000070 -0.000011 -0.000016 0.000039 0.009280 0.999957
1741159723.102637 -0.001347 -0.000070 -0.000011 -0.000016 0.000039 0.009280 0.999957
1741159723.152614 -0.001352 -0.000070 -0.000011 -0.000016 0.000039 0.009311 0.999957
1741159723.202617 -0.001352 -0.000070 -0.000011 -0.000016 0.000039 0.009311 0.999957
1741159723.252634 -0.001356 -0.000071 -0.000011 -0.000016 0.000039 0.009343 0.999956
1741159723.302644 -0.001356 -0.000071 -0.000011 -0.000016 0.000039 0.009343 0.999956
1741159723.352658 -0.001360 -0.000071 -0.000011 -0.000016 0.000039 0.009374 0.999956
1741159723.402625 -0.001360 -0.000071 -0.000011 -0.000016 0.000039 0.009374 0.999956
1741159723.452640 -0.001365 -0.000071 -0.000011 -0.000016 0.000039 0.009405 0.999956
1741159723.502615 -0.001365 -0.000071 -0.000011 -0.000016 0.000039 0.009405 0.999956
1741159723.552629 -0.001369 -0.000072 -0.000016 -0.000050 -0.000127 0.009437 0.999955
1741159723.602616 -0.001369 -0.000072 -0.000016 -0.000050 -0.000127 0.009437 0.999955
1741159723.652624 -0.001373 -0.000072 -0.000016 -0.000050 -0.000127 0.009468 0.999955
1741159723.702619 -0.001373 -0.000072 -0.000016 -0.000050 -0.000127 0.009468 0.999955
1741159723.752615 -0.001378 -0.000072 -0.000016 -0.000050 -0.000127 0.009500 0.999955
1741159723.802616 -0.001378 -0.000072 -0.000016 -0.000050 -0.000127 0.009500 0.999955
1741159723.852638 -0.001382 -0.000073 -0.000011 -0.000016 0.000039 0.009531 0.999955
1741159723.902627 -0.001382 -0.000073 -0.000011 -0.000016 0.000039 0.009531 0.999955
1741159723.952614 -0.001387 -0.000073 -0.000011 -0.000016 0.000039 0.009563 0.999954
1741159724.002638 -0.001387 -0.000073 -0.000011 -0.000016 0.000039 0.009563 0.999954
1741159724.052647 -0.001391 -0.000073 -0.000011 -0.000016 0.000039 0.009594 0.999954
1741159724.102641 -0.001391 -0.000073 -0.000011 -0.000016 0.000039 0.009594 0.999954
1741159724.152628 -0.001395 -0.000074 -0.000016 -0.000050 -0.000127 0.009626 0.999954
1741159724.202634 -0.001395 -0.000074 -0.000016 -0.000050 -0.000127 0.009626 0.999954
1741159724.252636 -0.001400 -0.000074 -0.000016 -0.000050 -0.000127 0.009657 0.999953
1741159724.302626 -0.001400 -0.000074 -0.000016 -0.000050 -0.000127 0.009657 0.999953
1741159724.352621 -0.001404 -0.000075 -0.000011 -0.000016 0.000039 0.009688 0.999953
1741159724.402622 -0.001404 -0.000075 -0.000011 -0.000016 0.000039 0.009688 0.999953
1741159724.452633 -0.001409 -0.000075 -0.000011 -0.000016 0.000039 0.009720 0.999953
1741159724.502623 -0.001409 -0.000075 -0.000011 -0.000016 0.000039 0.009720 0.999953
1741159724.552630 -0.001413 -0.000075 -0.000016 -0.000050 -0.000127 0.009752 0.999952
1741159724.602636 -0.001413 -0.000075 -0.000016 -0.000050 -0.000127 0.009752 0.999952
1741159724.652636 -0.001417 -0.000076 -0.000016 -0.000050 -0.000127 0.009783 0.999952
1741159724.702629 -0.001417 -0.000076 -0.000016 -0.000050 -0.000127 0.009783 0.999952
1741159724.752632 -0.001422 -0.000076 -0.000011 -0.000016 0.000039 0.009814 0.999952
1741159724.802637 -0.001422 -0.000076 -0.000011 -0.000016 0.000039 0.009814 0.999952
1741159724.852636 -0.001426 -0.000076 -0.000016 -0.000050 -0.000127 0.009846 0.999952
1741159724.902640 -0.001426 -0.000076 -0.000016 -0.000050 -0.000127 0.009846 0.999952
1741159724.952615 -0.001430 -0.000077 -0.000016 -0.000050 -0.000127 0.009878 0.999951
1741159725.002636 -0.001430 -0.000077 -0.000016 -0.000050 -0.000127 0.009878 0.999951
1741159725.052615 -0.001435 -0.000077 -0.000016 -0.000050 -0.000127 0.009909 0.999951
1741159725.102633 -0.001435 -0.000077 -0.000016 -0.000050 -0.000127 0.009909 0.999951
1741159725.152643 -0.001440 -0.000078 -0.000011 -0.000016 0.000039 0.009940 0.999951
1741159725.202615 -0.001440 -0.000078 -0.000011 -0.000016 0.000039 0.009940 0.999951
1741159725.252646 -0.001444 -0.000078 -0.000011 -0.000016 0.000039 0.009971 0.999950
1741159725.302615 -0.001444 -0.000078 -0.000011 -0.000016 0.000039 0.009971 0.999950
1741159725.352642 -0.001448 -0.000078 -0.000016 -0.000050 -0.000127 0.010003 0.999950
1741159725.402637 -0.001448 -0.000078 -0.000016 -0.000050 -0.000127 0.010003 0.999950
1741159725.452619 -0.001453 -0.000079 -0.000011 -0.000016 0.000039 0.010034 0.999950
1741159725.502635 -0.001453 -0.000079 -0.000011 -0.000016 0.000039 0.010034 0.999950
1741159725.552636 -0.001457 -0.000079 -0.000016 -0.000050 -0.000127 0.010066 0.999949
1741159725.602612 -0.001457 -0.000079 -0.000016 -0.000050 -0.000127 0.010066 0.999949
1741159725.652633 -0.001462 -0.000080 -0.000011 -0.000016 0.000039 0.010097 0.999949
1741159725.702614 -0.001462 -0.000080 -0.000011 -0.000016 0.000039 0.010097 0.999949
1741159725.752628 -0.001465 -0.000080 -0.000016 -0.000050 -0.000127 0.010129 0.999949
1741159725.802614 -0.001465 -0.000080 -0.000016 -0.000050 -0.000127 0.010129 0.999949
1741159725.852610 -0.001470 -0.000080 -0.000011 -0.000016 0.000039 0.010160 0.999948
1741159725.902632 -0.001470 -0.000080 -0.000011 -0.000016 0.000039 0.010160 0.999948
1741159725.952647 -0.001475 -0.000081 -0.000011 -0.000016 0.000039 0.010192 0.999948
1741159726.002633 -0.001475 -0.000081 -0.000011 -0.000016 0.000039 0.010192 0.999948
1741159726.052632 -0.001479 -0.000081 -0.000011 -0.000016 0.000039 0.010223 0.999948
1741159726.102615 -0.001479 -0.000081 -0.000011 -0.000016 0.000039 0.010223 0.999948
1741159726.152666 -0.001484 -0.000082 -0.000011 -0.000016 0.000039 0.010255 0.999947
1741159726.202682 -0.001484 -0.000082 -0.000011 -0.000016 0.000039 0.010255 0.999947
1741159726.252671 -0.001488 -0.000082 -0.000011 -0.000016 0.000039 0.010286 0.999947
1741159726.302627 -0.001488 -0.000082 -0.000011 -0.000016 0.000039 0.010286 0.999947
1741159726.352669 -0.001492 -0.000082 -0.000011 -0.000016 0.000039 0.010318 0.999947
1741159726.402640 -0.001492 -0.000082 -0.000011 -0.000016 0.000039 0.010318 0.999947
1741159726.452664 -0.001496 -0.000083 -0.000016 -0.000050 -0.000127 0.010350 0.999946
1741159726.502613 -0.001496 -0.000083 -0.000016 -0.000050 -0.000127 0.010350 0.999946
1741159726.552625 -0.001501 -0.000083 -0.000011 -0.000016 0.000039 0.010380 0.999946
1741159726.602644 -0.001501 -0.000083 -0.000011 -0.000016 0.000039 0.010380 0.999946
1741159726.652614 -0.001505 -0.000083 -0.000016 -0.000050 -0.000127 0.010413 0.999946
1741159726.702626 -0.001505 -0.000083 -0.000016 -0.000050 -0.000127 0.010413 0.999946
1741159726.752667 -0.001509 -0.000084 -0.000016 -0.000050 -0.000127 0.010443 0.999945
1741159726.802625 -0.001509 -0.000084 -0.000016 -0.000050 -0.000127 0.010443 0.999945
1741159726.852641 -0.001514 -0.000084 -0.000016 -0.000050 -0.000127 0.010475 0.999945
1741159726.902695 -0.001514 -0.000084 -0.000016 -0.000050 -0.000127 0.010475 0.999945
1741159726.952659 -0.001519 -0.000085 -0.000011 -0.000016 0.000039 0.010506 0.999945
1741159727.002661 -0.001519 -0.000085 -0.000011 -0.000016 0.000039 0.010506 0.999945
1741159727.052653 -0.001523 -0.000085 -0.000016 -0.000050 -0.000127 0.010539 0.999944
1741159727.102635 -0.001523 -0.000085 -0.000016 -0.000050 -0.000127 0.010539 0.999944
1741159727.152615 -0.001527 -0.000085 -0.000016 -0.000050 -0.000127 0.010570 0.999944
1741159727.202641 -0.001527 -0.000085 -0.000016 -0.000050 -0.000127 0.010570 0.999944
1741159727.252647 -0.001532 -0.000086 -0.000011 -0.000016 0.000039 0.010601 0.999944
1741159727.302686 -0.001532 -0.000086 -0.000011 -0.000016 0.000039 0.010601 0.999944
1741159727.352622 -0.001536 -0.000086 -0.000011 -0.000016 0.000039 0.010633 0.999943
1741159727.402668 -0.001536 -0.000086 -0.000011 -0.000016 0.000039 0.010633 0.999943
1741159727.452644 -0.001541 -0.000087 -0.000011 -0.000016 0.000039 0.010664 0.999943
1741159727.502693 -0.001541 -0.000087 -0.000011 -0.000016 0.000039 0.010664 0.999943
1741159727.552636 -0.001545 -0.000087 -0.000011 -0.000016 0.000039 0.010695 0.999943
1741159727.602641 -0.001545 -0.000087 -0.000011 -0.000016 0.000039 0.010695 0.999943
1741159727.652634 -0.001549 -0.000087 -0.000011 -0.000016 0.000039 0.010727 0.999942
1741159727.702620 -0.001549 -0.000087 -0.000011 -0.000016 0.000039 0.010727 0.999942
1741159727.752629 -0.001554 -0.000088 -0.000011 -0.000016 0.000039 0.010758 0.999942
1741159727.802625 -0.001554 -0.000088 -0.000011 -0.000016 0.000039 0.010758 0.999942
1741159727.852637 -0.001558 -0.000088 -0.000016 -0.000050 -0.000127 0.010790 0.999942
1741159727.902633 -0.001558 -0.000088 -0.000016 -0.000050 -0.000127 0.010790 0.999942
1741159727.952621 -0.001563 -0.000089 -0.000011 -0.000016 0.000039 0.010821 0.999941
1741159728.002647 -0.001563 -0.000089 -0.000011 -0.000016 0.000039 0.010821 0.999941
1741159728.052612 -0.001567 -0.000089 -0.000011 -0.000016 0.000039 0.010853 0.999941
1741159728.102623 -0.001567 -0.000089 -0.000011 -0.000016 0.000039 0.010853 0.999941
1741159728.152620 -0.001571 -0.000090 -0.000016 -0.000050 -0.000127 0.010885 0.999941
1741159728.202644 -0.001571 -0.000090 -0.000016 -0.000050 -0.000127 0.010885 0.999941
1741159728.252621 -0.001576 -0.000090 -0.000011 -0.000016 0.000039 0.010916 0.999940
1741159728.302641 -0.001576 -0.000090 -0.000011 -0.000016 0.000039 0.010916 0.999940
1741159728.352628 -0.001580 -0.000090 -0.000016 -0.000050 -0.000127 0.010948 0.999940
1741159728.402631 -0.001580 -0.000090 -0.000016 -0.000050 -0.000127 0.010948 0.999940
1741159728.452635 -0.001585 -0.000091 -0.000011 -0.000016 0.000039 0.010979 0.999940
1741159728.502638 -0.001585 -0.000091 -0.000011 -0.000016 0.000039 0.010979 0.999940
1741159728.552645 -0.001589 -0.000091 -0.000011 -0.000016 0.000039 0.011011 0.999939
1741159728.602650 -0.001589 -0.000091 -0.000011 -0.000016 0.000039 0.011011 0.999939
1741159728.652637 -0.001593 -0.000092 -0.000016 -0.000050 -0.000127 0.011043 0.999939
1741159728.702653 -0.001593 -0.000092 -0.000016 -0.000050 -0.000127 0.011043 0.999939
1741159728.752671 -0.001598 -0.000092 -0.000011 -0.000016 0.000039 0.011073 0.999939
1741159728.802614 -0.001598 -0.000092 -0.000011 -0.000016 0.000039 0.011073 0.999939
1741159728.852632 -0.001602 -0.000092 -0.000011 -0.000016 0.000039 0.011105 0.999938
1741159728.902641 -0.001602 -0.000092 -0.000011 -0.000016 0.000039 0.011105 0.999938
1741159728.952633 -0.001606 -0.000093 -0.000011 -0.000016 0.000039 0.011136 0.999938
1741159729.002664 -0.001606 -0.000093 -0.000011 -0.000016 0.000039 0.011136 0.999938
1741159729.052642 -0.001611 -0.000093 -0.000011 -0.000016 0.000039 0.011168 0.999938
1741159729.102639 -0.001611 -0.000093 -0.000011 -0.000016 0.000039 0.011168 0.999938
1741159729.152614 0.009996 0.000001 -0.000016 -0.000051 -0.000126 0.000021 1.000000
1741159729.202615 0.009996 0.000001 -0.000016 -0.000051 -0.000126 0.000021 1.000000
1741159729.252618 0.009991 0.000000 -0.000016 -0.000051 -0.000126 0.000052 1.000000
1741159729.302621 0.009991 0.000000 -0.000016 -0.000051 -0.000126 0.000052 1.000000
1741159729.352639 0.009986 0.000000 -0.000011 -0.000015 0.000039 0.000083 1.000000
1741159729.402644 0.009986 0.000000 -0.000011 -0.000015 0.000039 0.000083 1.000000
1741159729.452618 0.009982 0.000000 -0.000016 -0.000051 -0.000126 0.000114 1.000000
1741159729.502643 0.009982 0.000000 -0.000016 -0.000051 -0.000126 0.000114 1.000000
1741159729.552644 0.009976 0.000000 -0.000011 -0.000015 0.000039 0.000145 1.000000
1741159729.602639 0.009976 0.000000 -0.000011 -0.000015 0.000039 0.000145 1.000000
1741159729.652638 0.019999 0.000001 -0.000016 -0.000051 -0.000126 0.000007 1.000000
1741159729.702637 0.019999 0.000001 -0.000016 -0.000051 -0.000126 0.000007 1.000000
1741159729.752619 0.029997 0.000001 -0.000011 -0.000015 0.000039 0.000016 1.000000
1741159729.802663 0.029997 0.000001 -0.000011 -0.000015 0.000039 0.000016 1.000000
1741159729.852640 0.039997 0.000001 -0.000016 -0.000051 -0.000126 0.000020 1.000000
1741159729.902616 0.039997 0.000001 -0.000016 -0.000051 -0.000126 0.000020 1.000000
1741159729.952632 0.059999 -0.000000 -0.000011 -0.000015 0.000039 0.000007 1.000000
1741159730.002619 0.059999 -0.000000 -0.000011 -0.000015 0.000039 0.000007 1.000000
1741159730.052625 0.069999 -0.000000 -0.000016 -0.000051 -0.000126 0.000012 1.000000
1741159730.102677 0.069999 -0.000000 -0.000016 -0.000051 -0.000126 0.000012 1.000000
1741159730.152649 0.079998 -0.000000 -0.000011 -0.000015 0.000039 0.000014 1.000000
1741159730.202669 0.079998 -0.000000 -0.000011 -0.000015 0.000039 0.000014 1.000000
1741159730.252644 0.089998 -0.000000 -0.000016 -0.000051 -0.000126 0.000017 1.000000
1741159730.302625 0.089998 -0.000000 -0.000016 -0.000051 -0.000126 0.000017 1.000000
1741159730.352673 0.099997 0.000001 -0.000016 -0.000051 -0.000126 0.000015 1.000000
1741159730.402646 0.099997 0.000001 -0.000016 -0.000051 -0.000126 0.000015 1.000000
1741159730.452639 0.109997 0.000001 -0.000016 -0.000051 -0.000126 0.000018 1.000000
1741159730.502618 0.109997 0.000001 -0.000016 -0.000051 -0.000126 0.000018 1.000000
1741159730.552677 0.119996 -0.000000 -0.000011 -0.000015 0.000039 0.000025 1.000000
1741159730.602621 0.119996 -0.000000 -0.000011 -0.000015 0.000039 0.000025 1.000000
1741159730.652645 0.140001 -0.000000 -0.000013 -0.000029 -0.000241 -0.000000 1.000000
1741159730.702627 0.140001 -0.000000 -0.000013 -0.000029 -0.000241 -0.000000 1.000000
1741159730.752666 0.150000 -0.000000 -0.000010 -0.000015 0.000038 0.000002 1.000000
1741159730.802667 0.150000 -0.000000 -0.000010 -0.000015 0.000038 0.000002 1.000000
1741159730.852669 0.149995 -0.000000 -0.000011 -0.000015 0.000039 0.000033 1.000000
1741159730.902638 0.149995 -0.000000 -0.000011 -0.000015 0.000039 0.000033 1.000000
1741159730.952638 0.149990 -0.000000 -0.000016 -0.000051 -0.000126 0.000064 1.000000
1741159731.002625 0.149990 -0.000000 -0.000016 -0.000051 -0.000126 0.000064 1.000000
1741159731.052639 0.149985 -0.000000 -0.000011 -0.000015 0.000039 0.000095 1.000000
1741159731.102643 0.149985 -0.000000 -0.000011 -0.000015 0.000039 0.000095 1.000000
1741159731.152636 0.149980 -0.000000 -0.000011 -0.000015 0.000039 0.000126 1.000000
1741159731.202673 0.149980 -0.000000 -0.000011 -0.000015 0.000039 0.000126 1.000000
1741159731.252672 0.149975 -0.000001 -0.000011 -0.000015 0.000039 0.000157 1.000000
1741159731.302641 0.149975 -0.000001 -0.000011 -0.000015 0.000039 0.000157 1.000000
1741159731.352625 0.149970 -0.000001 -0.000011 -0.000015 0.000039 0.000188 1.000000
1741159731.402689 0.149970 -0.000001 -0.000011 -0.000015 0.000039 0.000188 1.000000
1741159731.452670 0.160000 -0.000000 -0.000011 -0.000036 -0.000088 0.000001 1.000000
1741159731.502626 0.160000 -0.000000 -0.000011 -0.000036 -0.000088 0.000001 1.000000
1741159731.552641 0.159996 -0.000000 -0.000016 -0.000051 -0.000126 0.000032 1.000000
1741159731.602623 0.159996 -0.000000 -0.000016 -0.000051 -0.000126 0.000032 1.000000
1741159731.652638 0.159991 -0.000000 -0.000016 -0.000051 -0.000126 0.000063 1.000000
1741159731.702667 0.159991 -0.000000 -0.000016 -0.000051 -0.000126 0.000063 1.000000
1741159731.752665 0.159986 -0.000000 -0.000016 -0.000051 -0.000126 0.000094 1.000000
1741159731.802644 0.159986 -0.000000 -0.000016 -0.000051 -0.000126 0.000094 1.000000
1741159731.852638 0.159980 -0.000000 -0.000011 -0.000015 0.000039 0.000125 1.000000
1741159731.902667 0.159980 -0.000000 -0.000011 -0.000015 0.000039 0.000125 1.000000
1741159731.952677 0.159976 -0.000001 -0.000016 -0.000051 -0.000126 0.000156 1.000000
1741159732.002627 0.159976 -0.000001 -0.000016 -0.000051 -0.000126 0.000156 1.000000
1741159732.052621 0.159971 -0.000001 -0.000016 -0.000051 -0.000126 0.000187 1.000000
1741159732.102623 0.159971 -0.000001 -0.000016 -0.000051 -0.000126 0.000187 1.000000
1741159732.152670 0.159966 -0.000001 -0.000016 -0.000051 -0.000126 0.000218 1.000000
1741159732.202675 0.159966 -0.000001 -0.000016 -0.000051 -0.000126 0.000218 1.000000
1741159732.252603 0.169997 0.000001 -0.000016 -0.000051 -0.000126 0.000016 1.000000
1741159732.302626 0.169997 0.000001 -0.000016 -0.000051 -0.000126 0.000016 1.000000
1741159732.352645 0.179996 -0.000000 -0.000011 -0.000015 0.000039 0.000024 1.000000
1741159732.402614 0.179996 -0.000000 -0.000011 -0.000015 0.000039 0.000024 1.000000
1741159732.452700 0.200000 0.000000 0.000000 0.000000 0.000000 0.000000 1.000000
1741159732.502627 0.200000 0.000000 0.000000 0.000000 0.000000 0.000000 1.000000
1741159732.552665 0.210000 -0.000000 -0.000009 -0.000013 0.000032 0.000001 1.000000
1741159732.602643 0.210000 -0.000000 -0.000009 -0.000013 0.000032 0.000001 1.000000
1741159732.652633 0.219999 0.000001 -0.000011 -0.000015 0.000039 -0.000001 1.000000
1741159732.702642 0.219999 0.000001 -0.000011 -0.000015 0.000039 -0.000001 1.000000
1741159732.752620 0.229999 -0.000000 -0.000011 -0.000015 0.000039 0.000008 1.000000
1741159732.802675 0.229999 -0.000000 -0.000011 -0.000015 0.000039 0.000008 1.000000
1741159732.852664 0.239999 0.000001 -0.000016 -0.000051 -0.000126 0.000005 1.000000
1741159732.902683 0.239999 0.000001 -0.000016 -0.000051 -0.000126 0.000005 1.000000
1741159732.952672 0.249998 -0.000000 -0.000011 -0.000015 0.000039 0.000012 1.000000
1741159733.002645 0.249998 -0.000000 -0.000011 -0.000015 0.000039 0.000012 1.000000
1741159733.052615 0.259997 0.000001 -0.000011 -0.000015 0.000039 0.000011 1.000000
1741159733.102623 0.259997 0.000001 -0.000011 -0.000015 0.000039 0.000011 1.000000
1741159733.152643 0.269997 0.000001 -0.000016 -0.000051 -0.000126 0.000015 1.000000
1741159733.202664 0.269997 0.000001 -0.000016 -0.000051 -0.000126 0.000015 1.000000
1741159733.252641 0.279996 0.000001 -0.000011 -0.000015 0.000039 0.000016 1.000000
1741159733.302631 0.279996 0.000001 -0.000011 -0.000015 0.000039 0.000016 1.000000
1741159733.352674 0.289996 0.000001 -0.000011 -0.000015 0.000039 0.000020 1.000000
1741159733.402646 0.289996 0.000001 -0.000011 -0.000015 0.000039 0.000020 1.000000
1741159733.452619 0.310000 0.000001 -0.000019 -0.000085 -0.000125 -0.000003 1.000000
1741159733.502618 0.310000 0.000001 -0.000019 -0.000085 -0.000125 -0.000003 1.000000
1741159733.552639 0.319998 -0.000000 -0.000011 -0.000015 0.000039 0.000012 1.000000
1741159733.602636 0.319998 -0.000000 -0.000011 -0.000015 0.000039 0.000012 1.000000
1741159733.652654 0.329998 -0.000000 -0.000011 -0.000015 0.000039 0.000015 1.000000
1741159733.702616 0.329998 -0.000000 -0.000011 -0.000015 0.000039 0.000015 1.000000
1741159733.752639 0.339997 0.000001 -0.000011 -0.000015 0.000039 0.000013 1.000000
1741159733.802631 0.339997 0.000001 -0.000011 -0.000015 0.000039 0.000013 1.000000
1741159733.852647 0.349998 -0.000000 -0.000016 -0.000051 -0.000126 0.000019 1.000000
1741159733.902616 0.349998 -0.000000 -0.000016 -0.000051 -0.000126 0.000019 1.000000
1741159733.952626 0.359997 -0.000000 -0.000016 -0.000051 -0.000126 0.000022 1.000000
1741159734.002629 0.359997 -0.000000 -0.000016 -0.000051 -0.000126 0.000022 1.000000
1741159734.052634 0.369996 0.000001 -0.000016 -0.000051 -0.000126 0.000022 1.000000
1741159734.102639 0.369996 0.000001 -0.000016 -0.000051 -0.000126 0.000022 1.000000
1741159734.152635 0.390000 -0.000000 -0.000014 -0.000046 -0.000114 0.000001 1.000000
1741159734.202620 0.390000 -0.000000 -0.000014 -0.000046 -0.000114 0.000001 1.000000
1741159734.252652 0.399998 -0.000000 -0.000011 -0.000015 0.000039 0.000014 1.000000
1741159734.302635 0.399998 -0.000000 -0.000011 -0.000015 0.000039 0.000014 1.000000
1741159734.352613 0.409997 0.000001 -0.000011 -0.000015 0.000039 0.000012 1.000000
1741159734.402634 0.409997 0.000001 -0.000011 -0.000015 0.000039 0.000012 1.000000
1741159734.452639 0.430000 -0.000000 -0.000010 -0.000007 0.000005 0.000000 1.000000
1741159734.502641 0.430000 -0.000000 -0.000010 -0.000007 0.000005 0.000000 1.000000
1741159734.552632 0.440000 0.000001 -0.000011 -0.000016 0.000040 -0.000003 1.000000
1741159734.602622 0.440000 0.000001 -0.000011 -0.000016 0.000040 -0.000003 1.000000
1741159734.652626 0.449999 0.000001 -0.000011 -0.000015 0.000039 -0.000001 1.000000
1741159734.702619 0.449999 0.000001 -0.000011 -0.000015 0.000039 -0.000001 1.000000
1741159734.752612 0.449994 0.000001 -0.000011 -0.000015 0.000039 0.000030 1.000000
1741159734.802629 0.449994 0.000001 -0.000011 -0.000015 0.000039 0.000030 1.000000
1741159734.852626 0.449989 0.000000 -0.000011 -0.000015 0.000039 0.000061 1.000000
1741159734.902632 0.449989 0.000000 -0.000011 -0.000015 0.000039 0.000061 1.000000
1741159734.952628 0.449985 0.000000 -0.000016 -0.000051 -0.000126 0.000093 1.000000
1741159735.002635 0.449985 0.000000 -0.000016 -0.000051 -0.000126 0.000093 1.000000
1741159735.052612 0.449980 0.000000 -0.000011 -0.000015 0.000039 0.000123 1.000000
1741159735.102630 0.449980 0.000000 -0.000011 -0.000015 0.000039 0.000123 1.000000
1741159735.152613 0.449975 0.000000 -0.000016 -0.000051 -0.000126 0.000154 1.000000
1741159735.202626 0.449975 0.000000 -0.000016 -0.000051 -0.000126 0.000154 1.000000
1741159735.252667 0.449970 -0.000000 -0.000016 -0.000051 -0.000126 0.000186 1.000000
1741159735.302635 0.449970 -0.000000 -0.000016 -0.000051 -0.000126 0.000186 1.000000
1741159735.352613 0.449965 -0.000000 -0.000011 -0.000015 0.000039 0.000216 1.000000
1741159735.402636 0.449965 -0.000000 -0.000011 -0.000015 0.000039 0.000216 1.000000
1741159735.452631 0.449960 -0.000000 -0.000011 -0.000015 0.000039 0.000247 1.000000
1741159735.502615 0.449960 -0.000000 -0.000011 -0.000015 0.000039 0.000247 1.000000
1741159735.552617 0.449956 -0.000000 -0.000011 -0.000015 0.000039 0.000278 1.000000
1741159735.602646 0.449956 -0.000000 -0.000011 -0.000015 0.000039 0.000278 1.000000
1741159735.652626 0.449951 -0.000000 -0.000011 -0.000015 0.000039 0.000309 1.000000
1741159735.702613 0.449951 -0.000000 -0.000011 -0.000015 0.000039 0.000309 1.000000
1741159735.752635 0.449947 -0.000001 -0.000016 -0.000051 -0.000126 0.000341 1.000000
1741159735.802624 0.449947 -0.000001 -0.000016 -0.000051 -0.000126 0.000341 1.000000
1741159735.852634 0.449942 -0.000001 -0.000016 -0.000051 -0.000126 0.000372 1.000000
1741159735.902613 0.449942 -0.000001 -0.000016 -0.000051 -0.000126 0.000372 1.000000
1741159735.952630 0.449942 -0.000001 -0.000016 -0.000051 -0.000126 0.000372 1.000000
1741159736.002624 0.449936 -0.000001 -0.000011 -0.000015 0.000039 0.000403 1.000000
1741159736.052631 0.449932 -0.000001 -0.000011 -0.000015 0.000039 0.000434 1.000000
1741159736.102630 0.449932 -0.000001 -0.000011 -0.000015 0.000039 0.000434 1.000000
1741159736.152635 0.449927 -0.000001 -0.000011 -0.000015 0.000039 0.000465 1.000000
1741159736.202628 0.449927 -0.000001 -0.000011 -0.000015 0.000039 0.000465 1.000000
1741159736.252640 0.449922 -0.000001 -0.000011 -0.000015 0.000039 0.000496 1.000000
1741159736.302634 0.449922 -0.000001 -0.000011 -0.000015 0.000039 0.000496 1.000000
1741159736.352630 0.449917 -0.000001 -0.000011 -0.000015 0.000039 0.000527 1.000000
1741159736.402614 0.449917 -0.000001 -0.000011 -0.000015 0.000039 0.000527 1.000000
1741159736.452611 0.449913 -0.000001 -0.000011 -0.000015 0.000039 0.000558 1.000000
1741159736.502632 0.449913 -0.000001 -0.000011 -0.000015 0.000039 0.000558 1.000000
1741159736.552634 0.449908 -0.000002 -0.000016 -0.000051 -0.000126 0.000590 1.000000
1741159736.602644 0.449908 -0.000002 -0.000016 -0.000051 -0.000126 0.000590 1.000000
1741159736.652613 0.449903 -0.000002 -0.000011 -0.000015 0.000039 0.000621 1.000000
1741159736.702617 0.449903 -0.000002 -0.000011 -0.000015 0.000039 0.000621 1.000000
1741159736.752635 0.449899 -0.000002 -0.000011 -0.000015 0.000039 0.000651 1.000000
1741159736.802615 0.449899 -0.000002 -0.000011 -0.000015 0.000039 0.000651 1.000000
1741159736.852663 0.449894 -0.000002 -0.000016 -0.000051 -0.000126 0.000683 1.000000
1741159736.902648 0.449894 -0.000002 -0.000016 -0.000051 -0.000126 0.000683 1.000000
1741159736.952623 0.449889 -0.000002 -0.000011 -0.000015 0.000039 0.000713 1.000000
1741159737.002624 0.449889 -0.000002 -0.000011 -0.000015 0.000039 0.000713 1.000000
1741159737.052636 0.449884 -0.000002 -0.000011 -0.000015 0.000039 0.000745 1.000000
1741159737.102639 0.449884 -0.000002 -0.000011 -0.000015 0.000039 0.000745 1.000000
1741159737.152628 0.449880 -0.000002 -0.000011 -0.000015 0.000039 0.000776 1.000000
1741159737.202633 0.449880 -0.000002 -0.000011 -0.000015 0.000039 0.000776 1.000000
1741159737.252637 0.449875 -0.000003 -0.000011 -0.000015 0.000039 0.000807 1.000000
1741159737.302630 0.449875 -0.000003 -0.000011 -0.000015 0.000039 0.000807 1.000000
1741159737.352659 0.449870 -0.000003 -0.000011 -0.000015 0.000039 0.000838 1.000000
1741159737.402626 0.449870 -0.000003 -0.000011 -0.000015 0.000039 0.000838 1.000000
1741159737.452629 0.449865 -0.000003 -0.000011 -0.000015 0.000039 0.000869 1.000000
1741159737.502625 0.449865 -0.000003 -0.000011 -0.000015 0.000039 0.000869 1.000000
1741159737.552613 0.469999 -0.000000 -0.000011 -0.000015 0.000039 0.000009 1.000000
1741159737.602663 0.469999 -0.000000 -0.000011 -0.000015 0.000039 0.000009 1.000000
1741159737.652628 0.479998 -0.000000 -0.000011 -0.000015 0.000039 0.000011 1.000000
1741159737.702613 0.479998 -0.000000 -0.000011 -0.000015 0.000039 0.000011 1.000000
1741159737.752618 0.489998 0.000001 -0.000011 -0.000015 0.000039 0.000009 1.000000
1741159737.802690 0.489998 0.000001 -0.000011 -0.000015 0.000039 0.000009 1.000000
1741159737.852679 0.499997 0.000001 -0.000011 -0.000015 0.000039 0.000012 1.000000
1741159737.902689 0.499997 0.000001 -0.000011 -0.000015 0.000039 0.000012 1.000000
1741159737.952622 0.499992 0.000000 -0.000011 -0.000015 0.000039 0.000043 1.000000
1741159738.002640 0.499992 0.000000 -0.000011 -0.000015 0.000039 0.000043 1.000000
1741159738.052639 0.499988 0.000000 -0.000016 -0.000051 -0.000126 0.000074 1.000000
1741159738.102613 0.499988 0.000000 -0.000016 -0.000051 -0.000126 0.000074 1.000000
1741159738.152665 0.499983 0.000000 -0.000011 -0.000015 0.000039 0.000105 1.000000
1741159738.202651 0.499983 0.000000 -0.000011 -0.000015 0.000039 0.000105 1.000000
1741159738.252620 0.499978 0.000000 -0.000011 -0.000015 0.000039 0.000136 1.000000
1741159738.302619 0.499978 0.000000 -0.000011 -0.000015 0.000039 0.000136 1.000000
1741159738.352619 0.499973 0.000000 -0.000011 -0.000015 0.000039 0.000167 1.000000
1741159738.402625 0.499973 0.000000 -0.000011 -0.000015 0.000039 0.000167 1.000000
1741159738.452636 0.510000 -0.000000 -0.000010 -0.000007 0.000005 0.000000 1.000000
1741159738.502635 0.510000 -0.000000 -0.000010 -0.000007 0.000005 0.000000 1.000000
1741159738.552634 0.519999 0.000001 -0.000011 -0.000015 0.000039 -0.000002 1.000000
1741159738.602622 0.519999 0.000001 -0.000011 -0.000015 0.000039 -0.000002 1.000000
1741159738.652654 0.529999 0.000001 -0.000011 -0.000015 0.000039 0.000002 1.000000
1741159738.702640 0.529999 0.000001 -0.000011 -0.000015 0.000039 0.000002 1.000000
1741159738.752623 0.539998 0.000001 -0.000016 -0.000051 -0.000126 0.000013 1.000000
1741159738.802613 0.539998 0.000001 -0.000016 -0.000051 -0.000126 0.000013 1.000000
1741159738.852619 0.549998 -0.000000 -0.000016 -0.000051 -0.000126 0.000019 1.000000
1741159738.902647 0.549998 -0.000000 -0.000016 -0.000051 -0.000126 0.000019 1.000000
1741159738.952651 0.559997 0.000001 -0.000016 -0.000051 -0.000126 0.000017 1.000000
1741159739.002656 0.559997 0.000001 -0.000016 -0.000051 -0.000126 0.000017 1.000000
1741159739.052687 0.570000 0.000000 0.000000 0.000000 0.000000 0.000000 1.000000
1741159739.102673 0.570000 0.000000 0.000000 0.000000 0.000000 0.000000 1.000000
1741159739.152641 0.569995 -0.000000 -0.000011 -0.000015 0.000039 0.000029 1.000000
1741159739.202649 0.569995 -0.000000 -0.000011 -0.000015 0.000039 0.000029 1.000000
1741159739.252614 0.569990 -0.000000 -0.000011 -0.000015 0.000039 0.000060 1.000000
1741159739.302668 0.569990 -0.000000 -0.000011 -0.000015 0.000039 0.000060 1.000000
1741159739.352668 0.569986 -0.000000 -0.000011 -0.000015 0.000039 0.000091 1.000000
1741159739.402660 0.569986 -0.000000 -0.000011 -0.000015 0.000039 0.000091 1.000000
1741159739.452665 0.569981 -0.000000 -0.000011 -0.000015 0.000039 0.000122 1.000000
1741159739.502681 0.569981 -0.000000 -0.000011 -0.000015 0.000039 0.000122 1.000000
1741159739.552664 0.569976 -0.000001 -0.000011 -0.000015 0.000039 0.000153 1.000000
1741159739.602615 0.569976 -0.000001 -0.000011 -0.000015 0.000039 0.000153 1.000000
1741159739.652617 0.579999 -0.000000 -0.000016 -0.000051 -0.000126 0.000011 1.000000
1741159739.702616 0.579999 -0.000000 -0.000016 -0.000051 -0.000126 0.000011 1.000000
1741159739.752666 0.579993 -0.000000 -0.000011 -0.000015 0.000039 0.000042 1.000000
1741159739.802670 0.579993 -0.000000 -0.000011 -0.000015 0.000039 0.000042 1.000000
1741159739.852648 0.579989 -0.000000 -0.000016 -0.000051 -0.000126 0.000073 1.000000
1741159739.902668 0.579989 -0.000000 -0.000016 -0.000051 -0.000126 0.000073 1.000000
1741159739.952644 0.579984 -0.000000 -0.000016 -0.000051 -0.000126 0.000104 1.000000
1741159740.002655 0.579984 -0.000000 -0.000016 -0.000051 -0.000126 0.000104 1.000000
1741159740.052643 0.579979 -0.000001 -0.000016 -0.000051 -0.000126 0.000135 1.000000
1741159740.102649 0.579979 -0.000001 -0.000016 -0.000051 -0.000126 0.000135 1.000000
1741159740.152636 0.589998 -0.000000 -0.000011 -0.000015 0.000039 0.000013 1.000000
1741159740.202636 0.589998 -0.000000 -0.000011 -0.000015 0.000039 0.000013 1.000000
1741159740.252677 0.589993 -0.000000 -0.000016 -0.000051 -0.000126 0.000045 1.000000
1741159740.302650 0.589993 -0.000000 -0.000016 -0.000051 -0.000126 0.000045 1.000000
1741159740.352641 0.589989 -0.000000 -0.000016 -0.000051 -0.000126 0.000076 1.000000
1741159740.402653 0.589989 -0.000000 -0.000016 -0.000051 -0.000126 0.000076 1.000000
1741159740.452631 0.589983 -0.000000 -0.000011 -0.000015 0.000039 0.000106 1.000000
1741159740.502616 0.589983 -0.000000 -0.000011 -0.000015 0.000039 0.000106 1.000000
1741159740.552622 0.589978 -0.000001 -0.000011 -0.000015 0.000039 0.000137 1.000000
1741159740.602615 0.589978 -0.000001 -0.000011 -0.000015 0.000039 0.000137 1.000000
1741159740.652644 0.589974 -0.000001 -0.000016 -0.000051 -0.000126 0.000168 1.000000
1741159740.702655 0.589974 -0.000001 -0.000016 -0.000051 -0.000126 0.000168 1.000000
1741159740.752635 0.599996 0.000001 -0.000011 -0.000015 0.000039 0.000021 1.000000
1741159740.802642 0.599996 0.000001 -0.000011 -0.000015 0.000039 0.000021 1.000000
1741159740.852651 0.620000 0.000001 -0.000011 -0.000016 0.000040 -0.000003 1.000000
1741159740.902646 0.620000 0.000001 -0.000011 -0.000016 0.000040 -0.000003 1.000000
1741159740.952652 0.619995 0.000001 -0.000011 -0.000015 0.000039 0.000028 1.000000
1741159741.002638 0.619995 0.000001 -0.000011 -0.000015 0.000039 0.000028 1.000000
1741159741.052615 0.629999 0.000001 -0.000016 -0.000051 -0.000126 0.000003 1.000000
1741159741.102616 0.629999 0.000001 -0.000016 -0.000051 -0.000126 0.000003 1.000000
1741159741.152648 0.639997 0.000001 -0.000016 -0.000051 -0.000126 0.000015 1.000000
1741159741.202626 0.639997 0.000001 -0.000016 -0.000051 -0.000126 0.000015 1.000000
1741159741.252645 0.649996 0.000001 -0.000011 -0.000015 0.000039 0.000018 1.000000
1741159741.302646 0.649996 0.000001 -0.000011 -0.000015 0.000039 0.000018 1.000000
1741159741.352630 0.669999 0.000001 -0.000016 -0.000051 -0.000126 0.000004 1.000000
1741159741.402627 0.669999 0.000001 -0.000016 -0.000051 -0.000126 0.000004 1.000000
1741159741.452671 0.679999 -0.000000 -0.000016 -0.000051 -0.000126 0.000011 1.000000
1741159741.502629 0.679999 -0.000000 -0.000016 -0.000051 -0.000126 0.000011 1.000000
1741159741.552655 0.689998 -0.000000 -0.000011 -0.000015 0.000039 0.000014 1.000000
1741159741.602628 0.689998 -0.000000 -0.000011 -0.000015 0.000039 0.000014 1.000000
1741159741.652614 0.699997 0.000001 -0.000011 -0.000015 0.000039 0.000012 1.000000
1741159741.702648 0.699997 0.000001 -0.000011 -0.000015 0.000039 0.000012 1.000000
1741159741.752649 0.699992 0.000000 -0.000011 -0.000015 0.000039 0.000043 1.000000
1741159741.802653 0.699992 0.000000 -0.000011 -0.000015 0.000039 0.000043 1.000000
1741159741.852660 0.699987 0.000000 -0.000011 -0.000015 0.000039 0.000074 1.000000
1741159741.902633 0.699987 0.000000 -0.000011 -0.000015 0.000039 0.000074 1.000000
1741159741.952628 0.699982 0.000000 -0.000011 -0.000015 0.000039 0.000105 1.000000
1741159742.002615 0.699982 0.000000 -0.000011 -0.000015 0.000039 0.000105 1.000000
1741159742.052638 0.699978 0.000000 -0.000016 -0.000051 -0.000126 0.000136 1.000000
1741159742.102634 0.699978 0.000000 -0.000016 -0.000051 -0.000126 0.000136 1.000000
1741159742.152670 0.699973 0.000000 -0.000011 -0.000015 0.000039 0.000167 1.000000
1741159742.202634 0.699973 0.000000 -0.000011 -0.000015 0.000039 0.000167 1.000000
1741159742.252669 0.699968 -0.000000 -0.000011 -0.000015 0.000039 0.000198 1.000000
1741159742.302653 0.699968 -0.000000 -0.000011 -0.000015 0.000039 0.000198 1.000000
1741159742.352684 0.699964 -0.000000 -0.000016 -0.000051 -0.000126 0.000230 1.000000
1741159742.402689 0.699964 -0.000000 -0.000016 -0.000051 -0.000126 0.000230 1.000000
1741159742.452625 0.699959 -0.000000 -0.000016 -0.000051 -0.000126 0.000261 1.000000
1741159742.502654 0.699959 -0.000000 -0.000016 -0.000051 -0.000126 0.000261 1.000000
1741159742.552628 0.709999 0.000001 -0.000016 -0.000051 -0.000126 0.000007 1.000000
1741159742.602632 0.709999 0.000001 -0.000016 -0.000051 -0.000126 0.000007 1.000000
1741159742.652615 0.719998 0.000001 -0.000011 -0.000015 0.000039 0.000008 1.000000
1741159742.702615 0.719998 0.000001 -0.000011 -0.000015 0.000039 0.000008 1.000000
1741159742.752622 0.729997 0.000001 -0.000011 -0.000015 0.000039 0.000012 1.000000
1741159742.802612 0.729997 0.000001 -0.000011 -0.000015 0.000039 0.000012 1.000000
1741159742.852634 0.750000 -0.000000 -0.000007 -0.000035 -0.000048 0.000001 1.000000
1741159742.902639 0.750000 -0.000000 -0.000007 -0.000035 -0.000048 0.000001 1.000000
1741159742.952640 0.759999 -0.000000 -0.000011 -0.000015 0.000039 0.000003 1.000000
1741159743.002618 0.759999 -0.000000 -0.000011 -0.000015 0.000039 0.000003 1.000000
1741159743.052658 0.770000 -0.000000 -0.000016 -0.000051 -0.000127 0.000006 1.000000
1741159743.102615 0.770000 -0.000000 -0.000016 -0.000051 -0.000127 0.000006 1.000000
1741159743.152641 0.779999 -0.000000 -0.000011 -0.000015 0.000039 0.000009 1.000000
1741159743.202628 0.779999 -0.000000 -0.000011 -0.000015 0.000039 0.000009 1.000000
1741159743.252655 0.789998 0.000001 -0.000011 -0.000015 0.000039 0.000007 1.000000
1741159743.302617 0.789998 0.000001 -0.000011 -0.000015 0.000039 0.000007 1.000000
1741159743.352614 0.789994 0.000001 -0.000016 -0.000051 -0.000126 0.000038 1.000000
1741159743.402633 0.789994 0.000001 -0.000016 -0.000051 -0.000126 0.000038 1.000000
1741159743.452621 0.799998 0.000001 -0.000011 -0.000015 0.000039 0.000010 1.000000
1741159743.502623 0.799998 0.000001 -0.000011 -0.000015 0.000039 0.000010 1.000000
1741159743.552639 0.799992 0.000001 -0.000011 -0.000015 0.000039 0.000041 1.000000
1741159743.602659 0.799992 0.000001 -0.000011 -0.000015 0.000039 0.000041 1.000000
1741159743.652638 0.799988 0.000000 -0.000011 -0.000015 0.000039 0.000072 1.000000
1741159743.702625 0.799988 0.000000 -0.000011 -0.000015 0.000039 0.000072 1.000000
1741159743.752639 0.799983 0.000000 -0.000011 -0.000015 0.000039 0.000103 1.000000
1741159743.802618 0.799983 0.000000 -0.000011 -0.000015 0.000039 0.000103 1.000000
1741159743.852652 0.799978 0.000000 -0.000016 -0.000051 -0.000126 0.000134 1.000000
1741159743.902619 0.799978 0.000000 -0.000016 -0.000051 -0.000126 0.000134 1.000000
1741159743.952652 0.799973 0.000000 -0.000011 -0.000015 0.000039 0.000165 1.000000
1741159744.002618 0.799973 0.000000 -0.000011 -0.000015 0.000039 0.000165 1.000000
1741159744.052643 0.799969 -0.000000 -0.000016 -0.000051 -0.000126 0.000196 1.000000
1741159744.102646 0.799969 -0.000000 -0.000016 -0.000051 -0.000126 0.000196 1.000000
1741159744.152663 0.799963 -0.000000 -0.000011 -0.000015 0.000039 0.000227 1.000000
1741159744.202677 0.799963 -0.000000 -0.000011 -0.000015 0.000039 0.000227 1.000000
1741159744.252671 0.799959 -0.000000 -0.000011 -0.000015 0.000039 0.000258 1.000000
1741159744.302628 0.799959 -0.000000 -0.000011 -0.000015 0.000039 0.000258 1.000000
1741159744.352641 0.799954 -0.000000 -0.000011 -0.000015 0.000039 0.000289 1.000000
1741159744.402617 0.799954 -0.000000 -0.000011 -0.000015 0.000039 0.000289 1.000000
1741159744.452615 0.809998 0.000001 -0.000016 -0.000051 -0.000126 0.000009 1.000000
1741159744.502620 0.809998 0.000001 -0.000016 -0.000051 -0.000126 0.000009 1.000000
1741159744.552673 0.809993 0.000001 -0.000011 -0.000015 0.000039 0.000039 1.000000
1741159744.602644 0.809993 0.000001 -0.000011 -0.000015 0.000039 0.000039 1.000000
1741159744.652620 0.809988 0.000000 -0.000011 -0.000015 0.000039 0.000070 1.000000
1741159744.702625 0.809988 0.000000 -0.000011 -0.000015 0.000039 0.000070 1.000000
1741159744.752671 0.809984 0.000000 -0.000016 -0.000051 -0.000126 0.000101 1.000000
1741159744.802639 0.809984 0.000000 -0.000016 -0.000051 -0.000126 0.000101 1.000000
1741159744.852617 0.809979 0.000000 -0.000016 -0.000051 -0.000126 0.000133 1.000000
1741159744.902628 0.809979 0.000000 -0.000016 -0.000051 -0.000126 0.000133 1.000000
1741159744.952621 0.809974 0.000000 -0.000016 -0.000051 -0.000126 0.000164 1.000000
1741159745.002623 0.809974 0.000000 -0.000016 -0.000051 -0.000126 0.000164 1.000000
1741159745.052638 0.819996 0.000001 -0.000016 -0.000051 -0.000126 0.000022 1.000000
1741159745.102628 0.819996 0.000001 -0.000016 -0.000051 -0.000126 0.000022 1.000000
1741159745.152623 0.840000 -0.000000 -0.000007 0.000053 0.000050 0.000001 1.000000
1741159745.202619 0.840000 -0.000000 -0.000007 0.000053 0.000050 0.000001 1.000000
1741159745.252615 0.849999 -0.000000 -0.000011 -0.000015 0.000039 0.000004 1.000000
1741159745.302615 0.849999 -0.000000 -0.000011 -0.000015 0.000039 0.000004 1.000000
1741159745.352615 0.859999 -0.000000 -0.000011 -0.000015 0.000039 0.000007 1.000000
1741159745.402616 0.859999 -0.000000 -0.000011 -0.000015 0.000039 0.000007 1.000000
1741159745.452639 0.869998 0.000001 -0.000011 -0.000015 0.000039 0.000005 1.000000
1741159745.502624 0.869998 0.000001 -0.000011 -0.000015 0.000039 0.000005 1.000000
1741159745.552615 0.869994 0.000001 -0.000016 -0.000051 -0.000126 0.000036 1.000000
1741159745.602614 0.869994 0.000001 -0.000016 -0.000051 -0.000126 0.000036 1.000000
1741159745.652616 0.869988 0.000000 -0.000011 -0.000015 0.000039 0.000067 1.000000
1741159745.702627 0.869988 0.000000 -0.000011 -0.000015 0.000039 0.000067 1.000000
1741159745.752623 0.869984 0.000000 -0.000011 -0.000015 0.000039 0.000098 1.000000
1741159745.802616 0.869984 0.000000 -0.000011 -0.000015 0.000039 0.000098 1.000000
1741159745.852614 0.869979 0.000000 -0.000011 -0.000015 0.000039 0.000129 1.000000
1741159745.902614 0.869979 0.000000 -0.000011 -0.000015 0.000039 0.000129 1.000000
1741159745.952613 0.869974 0.000000 -0.000011 -0.000015 0.000039 0.000160 1.000000
1741159746.002614 0.869974 0.000000 -0.000011 -0.000015 0.000039 0.000160 1.000000
1741159746.052617 0.869969 -0.000000 -0.000011 -0.000015 0.000039 0.000191 1.000000
1741159746.102614 0.869969 -0.000000 -0.000011 -0.000015 0.000039 0.000191 1.000000
1741159746.152615 0.869964 -0.000000 -0.000011 -0.000015 0.000039 0.000222 1.000000
1741159746.202615 0.869964 -0.000000 -0.000011 -0.000015 0.000039 0.000222 1.000000
1741159746.252612 0.869960 -0.000000 -0.000016 -0.000051 -0.000126 0.000254 1.000000
1741159746.302616 0.869960 -0.000000 -0.000016 -0.000051 -0.000126 0.000254 1.000000
1741159746.352612 0.869955 -0.000000 -0.000011 -0.000015 0.000039 0.000284 1.000000
1741159746.402612 0.869955 -0.000000 -0.000011 -0.000015 0.000039 0.000284 1.000000
1741159746.452615 0.880000 0.000001 -0.000011 -0.000015 0.000039 -0.000003 1.000000
1741159746.502633 0.880000 0.000001 -0.000011 -0.000015 0.000039 -0.000003 1.000000
1741159746.552616 0.889999 0.000001 -0.000011 -0.000015 0.000039 0.000000 1.000000
1741159746.602626 0.889999 0.000001 -0.000011 -0.000015 0.000039 0.000000 1.000000
1741159746.652636 0.899999 0.000001 -0.000011 -0.000015 0.000039 0.000003 1.000000
1741159746.702674 0.899999 0.000001 -0.000011 -0.000015 0.000039 0.000003 1.000000
1741159746.752619 0.899994 0.000001 -0.000011 -0.000015 0.000039 0.000034 1.000000
1741159746.802642 0.899994 0.000001 -0.000011 -0.000015 0.000039 0.000034 1.000000
1741159746.852649 0.899989 0.000000 -0.000011 -0.000015 0.000039 0.000065 1.000000
1741159746.902639 0.899989 0.000000 -0.000011 -0.000015 0.000039 0.000065 1.000000
1741159746.952654 0.899984 0.000000 -0.000011 -0.000015 0.000039 0.000096 1.000000
1741159747.002619 0.899984 0.000000 -0.000011 -0.000015 0.000039 0.000096 1.000000
1741159747.052621 0.899979 0.000000 -0.000011 -0.000015 0.000039 0.000128 1.000000
1741159747.102633 0.899979 0.000000 -0.000011 -0.000015 0.000039 0.000128 1.000000
1741159747.152642 0.899975 0.000000 -0.000016 -0.000051 -0.000126 0.000159 1.000000
1741159747.202618 0.899975 0.000000 -0.000016 -0.000051 -0.000126 0.000159 1.000000
1741159747.252668 0.899969 -0.000000 -0.000011 -0.000015 0.000039 0.000190 1.000000
1741159747.302633 0.899969 -0.000000 -0.000011 -0.000015 0.000039 0.000190 1.000000
1741159747.352632 0.899964 -0.000000 -0.000011 -0.000015 0.000039 0.000221 1.000000
1741159747.402631 0.899964 -0.000000 -0.000011 -0.000015 0.000039 0.000221 1.000000
1741159747.452630 0.899960 -0.000000 -0.000011 -0.000015 0.000039 0.000252 1.000000
1741159747.502633 0.899960 -0.000000 -0.000011 -0.000015 0.000039 0.000252 1.000000
1741159747.552641 0.899955 -0.000000 -0.000011 -0.000015 0.000039 0.000283 1.000000
1741159747.602644 0.899955 -0.000000 -0.000011 -0.000015 0.000039 0.000283 1.000000
1741159747.652681 0.899951 -0.000001 -0.000016 -0.000051 -0.000126 0.000314 1.000000
1741159747.702625 0.899951 -0.000001 -0.000016 -0.000051 -0.000126 0.000314 1.000000
1741159747.752644 0.899945 -0.000001 -0.000011 -0.000015 0.000039 0.000345 1.000000
1741159747.802622 0.899945 -0.000001 -0.000011 -0.000015 0.000039 0.000345 1.000000
1741159747.852623 0.899941 -0.000001 -0.000011 -0.000015 0.000039 0.000376 1.000000
1741159747.902640 0.899941 -0.000001 -0.000011 -0.000015 0.000039 0.000376 1.000000
1741159747.952668 0.899936 -0.000001 -0.000011 -0.000015 0.000039 0.000407 1.000000
1741159748.002683 0.899936 -0.000001 -0.000011 -0.000015 0.000039 0.000407 1.000000
1741159748.052694 0.899931 -0.000001 -0.000011 -0.000015 0.000039 0.000438 1.000000
1741159748.102623 0.899931 -0.000001 -0.000011 -0.000015 0.000039 0.000438 1.000000
1741159748.152623 0.899926 -0.000001 -0.000011 -0.000015 0.000039 0.000469 1.000000
1741159748.202612 0.899926 -0.000001 -0.000011 -0.000015 0.000039 0.000469 1.000000
1741159748.252617 0.899922 -0.000001 -0.000011 -0.000015 0.000039 0.000500 1.000000
1741159748.302634 0.899922 -0.000001 -0.000011 -0.000015 0.000039 0.000500 1.000000
1741159748.352631 0.899917 -0.000001 -0.000016 -0.000051 -0.000126 0.000531 1.000000
1741159748.402625 0.899917 -0.000001 -0.000016 -0.000051 -0.000126 0.000531 1.000000
1741159748.452621 0.899912 -0.000001 -0.000011 -0.000015 0.000039 0.000562 1.000000
1741159748.502625 0.899912 -0.000001 -0.000011 -0.000015 0.000039 0.000562 1.000000
1741159748.552635 0.899907 -0.000002 -0.000011 -0.000015 0.000039 0.000594 1.000000
1741159748.602616 0.899907 -0.000002 -0.000011 -0.000015 0.000039 0.000594 1.000000
1741159748.652613 0.899903 -0.000002 -0.000011 -0.000015 0.000039 0.000625 1.000000
1741159748.702614 0.899903 -0.000002 -0.000011 -0.000015 0.000039 0.000625 1.000000
1741159748.752625 0.899898 -0.000002 -0.000011 -0.000015 0.000039 0.000656 1.000000
1741159748.802619 0.899898 -0.000002 -0.000011 -0.000015 0.000039 0.000656 1.000000
1741159748.852623 0.899893 -0.000002 -0.000011 -0.000015 0.000039 0.000687 1.000000
1741159748.902624 0.899893 -0.000002 -0.000011 -0.000015 0.000039 0.000687 1.000000
1741159748.952615 0.899888 -0.000002 -0.000011 -0.000015 0.000039 0.000718 1.000000
1741159749.002619 0.899888 -0.000002 -0.000011 -0.000015 0.000039 0.000718 1.000000
1741159749.052612 0.899884 -0.000002 -0.000011 -0.000015 0.000039 0.000749 1.000000
1741159749.102635 0.899884 -0.000002 -0.000011 -0.000015 0.000039 0.000749 1.000000
1741159749.152613 0.899879 -0.000002 -0.000011 -0.000015 0.000039 0.000780 1.000000
1741159749.202616 0.899879 -0.000002 -0.000011 -0.000015 0.000039 0.000780 1.000000
1741159749.252617 0.899874 -0.000003 -0.000011 -0.000015 0.000039 0.000811 1.000000
1741159749.302619 0.899874 -0.000003 -0.000011 -0.000015 0.000039 0.000811 1.000000
1741159749.352624 0.840005 -0.000052 -0.000011 -0.000015 0.000039 0.000011 1.000000
1741159749.402621 0.840005 -0.000052 -0.000011 -0.000015 0.000039 0.000011 1.000000
1741159749.452627 0.840000 -0.000052 -0.000011 -0.000015 0.000039 0.000042 1.000000
1741159749.502630 0.840000 -0.000052 -0.000011 -0.000015 0.000039 0.000042 1.000000
1741159749.552620 0.840003 -0.000052 -0.000016 -0.000052 -0.000126 -0.008698 0.999962
1741159749.602625 0.840003 -0.000052 -0.000016 -0.000052 -0.000126 -0.008698 0.999962
1741159749.652636 0.839998 -0.000052 -0.000016 -0.000052 -0.000126 -0.008667 0.999962
1741159749.702621 0.839998 -0.000052 -0.000016 -0.000052 -0.000126 -0.008667 0.999962
1741159749.752625 0.839992 -0.000052 -0.000011 -0.000015 0.000039 -0.008636 0.999963
1741159749.802618 0.839992 -0.000052 -0.000011 -0.000015 0.000039 -0.008636 0.999963
1741159749.852624 0.840006 -0.000051 -0.000016 -0.000051 -0.000122 -0.017447 0.999848
1741159749.902615 0.840006 -0.000051 -0.000016 -0.000051 -0.000122 -0.017447 0.999848
1741159749.952616 0.840000 -0.000051 -0.000016 -0.000054 -0.000126 -0.017415 0.999848
1741159750.002620 0.840000 -0.000051 -0.000016 -0.000054 -0.000126 -0.017415 0.999848
1741159750.052637 0.839994 -0.000051 -0.000016 -0.000054 -0.000127 -0.017384 0.999849
1741159750.102623 0.839994 -0.000051 -0.000016 -0.000054 -0.000127 -0.017384 0.999849
1741159750.152626 0.840006 -0.000051 -0.000016 -0.000056 -0.000128 -0.026170 0.999657
1741159750.202617 0.840006 -0.000051 -0.000016 -0.000056 -0.000128 -0.026170 0.999657
1741159750.252668 0.839998 -0.000051 -0.000011 -0.000015 0.000040 -0.026140 0.999658
1741159750.302620 0.839998 -0.000051 -0.000011 -0.000015 0.000040 -0.026140 0.999658
1741159750.352623 0.839992 -0.000051 -0.000016 -0.000056 -0.000127 -0.026109 0.999659
1741159750.402612 0.839992 -0.000051 -0.000016 -0.000056 -0.000127 -0.026109 0.999659
1741159750.452622 0.840005 -0.000052 -0.000009 -0.000012 0.000032 -0.034889 0.999391
1741159750.502634 0.840005 -0.000052 -0.000009 -0.000012 0.000032 -0.034889 0.999391
1741159750.552618 0.839998 -0.000052 -0.000011 -0.000014 0.000040 -0.034859 0.999392
1741159750.602613 0.839998 -0.000052 -0.000011 -0.000014 0.000040 -0.034859 0.999392
1741159750.652639 0.839990 -0.000051 -0.000016 -0.000057 -0.000127 -0.034827 0.999393
1741159750.702624 0.839990 -0.000051 -0.000016 -0.000057 -0.000127 -0.034827 0.999393
1741159750.752640 0.840006 -0.000052 -0.000011 -0.000039 -0.000085 -0.043609 0.999049
1741159750.802624 0.840006 -0.000052 -0.000011 -0.000039 -0.000085 -0.043609 0.999049
1741159750.852639 0.839997 -0.000052 -0.000016 -0.000058 -0.000127 -0.043579 0.999050
1741159750.902641 0.839997 -0.000052 -0.000016 -0.000058 -0.000127 -0.043579 0.999050
1741159750.952649 0.839988 -0.000051 -0.000016 -0.000059 -0.000128 -0.043549 0.999051
1741159751.002638 0.839988 -0.000051 -0.000016 -0.000059 -0.000128 -0.043549 0.999051
1741159751.052650 0.840005 -0.000052 -0.000008 -0.000011 0.000031 -0.052326 0.998630
1741159751.102643 0.840005 -0.000052 -0.000008 -0.000011 0.000031 -0.052326 0.998630
1741159751.152680 0.839995 -0.000052 -0.000011 -0.000014 0.000041 -0.052297 0.998632
1741159751.202615 0.839995 -0.000052 -0.000011 -0.000014 0.000041 -0.052297 0.998632
1741159751.252661 0.839986 -0.000052 -0.000016 -0.000060 -0.000128 -0.052268 0.998633
1741159751.302633 0.839986 -0.000052 -0.000016 -0.000060 -0.000128 -0.052268 0.998633
1741159751.352637 0.840005 -0.000051 -0.000011 -0.000014 0.000041 -0.061042 0.998135
1741159751.402620 0.840005 -0.000051 -0.000011 -0.000014 0.000041 -0.061042 0.998135
1741159751.452646 0.839994 -0.000050 -0.000011 -0.000014 0.000042 -0.061019 0.998137
1741159751.502623 0.839994 -0.000050 -0.000011 -0.000014 0.000042 -0.061019 0.998137
1741159751.552644 0.839983 -0.000049 -0.000011 -0.000014 0.000042 -0.060996 0.998138
1741159751.602648 0.839983 -0.000049 -0.000011 -0.000014 0.000042 -0.060996 0.998138
1741159751.652652 0.840006 -0.000052 -0.000010 -0.000037 -0.000076 -0.069747 0.997565
1741159751.702637 0.840006 -0.000052 -0.000010 -0.000037 -0.000076 -0.069747 0.997565
1741159751.752629 0.839994 -0.000048 -0.000016 -0.000063 -0.000127 -0.069726 0.997566
1741159751.802617 0.839994 -0.000048 -0.000016 -0.000063 -0.000127 -0.069726 0.997566
1741159751.852675 0.839983 -0.000044 -0.000016 -0.000063 -0.000128 -0.069706 0.997568
1741159751.902634 0.839983 -0.000044 -0.000016 -0.000063 -0.000128 -0.069706 0.997568
1741159751.952632 0.840006 -0.000052 -0.000014 -0.000055 -0.000110 -0.078449 0.996918
1741159752.002660 0.840006 -0.000052 -0.000014 -0.000055 -0.000110 -0.078449 0.996918
1741159752.052657 0.839994 -0.000045 -0.000016 -0.000064 -0.000127 -0.078435 0.996919
1741159752.102615 0.839994 -0.000045 -0.000016 -0.000064 -0.000127 -0.078435 0.996919
1741159752.152667 0.839981 -0.000037 -0.000016 -0.000064 -0.000127 -0.078420 0.996920
1741159752.202629 0.839981 -0.000037 -0.000016 -0.000064 -0.000127 -0.078420 0.996920
1741159752.252637 0.839969 -0.000029 -0.000016 -0.000064 -0.000127 -0.078412 0.996921
1741159752.302639 0.839969 -0.000029 -0.000016 -0.000064 -0.000127 -0.078412 0.996921
1741159752.352633 0.840006 -0.000052 -0.000010 -0.000041 -0.000080 -0.087147 0.996195
1741159752.402616 0.840006 -0.000052 -0.000010 -0.000041 -0.000080 -0.087147 0.996195
1741159752.452663 0.839991 -0.000042 -0.000016 -0.000066 -0.000127 -0.087203 0.996191
1741159752.502628 0.839991 -0.000042 -0.000016 -0.000066 -0.000127 -0.087203 0.996191
1741159752.552679 0.839975 -0.000031 -0.000011 -0.000013 0.000043 -0.087266 0.996185
1741159752.602624 0.839975 -0.000031 -0.000011 -0.000013 0.000043 -0.087266 0.996185
1741159752.652667 0.839960 -0.000020 -0.000016 -0.000066 -0.000127 -0.087327 0.996180
1741159752.702650 0.839960 -0.000020 -0.000016 -0.000066 -0.000127 -0.087327 0.996180
1741159752.752638 0.840006 -0.000052 -0.000005 -0.000014 0.000022 -0.095837 0.995397
1741159752.802634 0.840006 -0.000052 -0.000005 -0.000014 0.000022 -0.095837 0.995397
1741159752.852618 0.839988 -0.000041 -0.000016 -0.000067 -0.000127 -0.095903 0.995391
1741159752.902641 0.839988 -0.000041 -0.000016 -0.000067 -0.000127 -0.095903 0.995391
1741159752.952643 0.839969 -0.000029 -0.000012 -0.000013 0.000044 -0.095975 0.995384
1741159753.002668 0.839969 -0.000029 -0.000012 -0.000013 0.000044 -0.095975 0.995384
1741159753.052633 0.840005 -0.000052 -0.000009 -0.000010 0.000034 -0.104519 0.994523
1741159753.102618 0.840005 -0.000052 -0.000009 -0.000010 0.000034 -0.104519 0.994523
1741159753.152662 0.839987 -0.000041 -0.000016 -0.000068 -0.000126 -0.104594 0.994515
1741159753.202645 0.839987 -0.000041 -0.000016 -0.000068 -0.000126 -0.104594 0.994515
1741159753.252636 0.839967 -0.000030 -0.000016 -0.000068 -0.000126 -0.104670 0.994507
1741159753.302622 0.839967 -0.000030 -0.000016 -0.000068 -0.000126 -0.104670 0.994507
1741159753.352640 0.840005 -0.000051 -0.000016 -0.000069 -0.000125 -0.113199 0.993572
1741159753.402620 0.840005 -0.000051 -0.000016 -0.000069 -0.000125 -0.113199 0.993572
1741159753.452631 0.839986 -0.000041 -0.000011 -0.000015 0.000044 -0.113297 0.993561
1741159753.502613 0.839986 -0.000041 -0.000011 -0.000015 0.000044 -0.113297 0.993561
1741159753.552626 0.839966 -0.000030 -0.000016 -0.000068 -0.000124 -0.113397 0.993550
1741159753.602666 0.839966 -0.000030 -0.000016 -0.000068 -0.000124 -0.113397 0.993550
1741159753.652668 0.840005 -0.000051 -0.000011 -0.000014 0.000041 -0.121866 0.992547
1741159753.702688 0.840005 -0.000051 -0.000011 -0.000014 0.000041 -0.121866 0.992547
1741159753.752670 0.839986 -0.000041 -0.000011 -0.000015 0.000044 -0.121965 0.992534
1741159753.802663 0.839986 -0.000041 -0.000011 -0.000015 0.000044 -0.121965 0.992534
1741159753.852642 0.839967 -0.000031 -0.000011 -0.000015 0.000043 -0.122064 0.992522
1741159753.902641 0.839967 -0.000031 -0.000011 -0.000015 0.000043 -0.122064 0.992522
1741159753.952636 0.840004 -0.000052 -0.000004 -0.000008 0.000017 -0.130514 0.991446
1741159754.002618 0.840004 -0.000052 -0.000004 -0.000008 0.000017 -0.130514 0.991446
1741159754.052631 0.839986 -0.000042 -0.000016 -0.000070 -0.000122 -0.130610 0.991434
1741159754.102631 0.839986 -0.000042 -0.000016 -0.000070 -0.000122 -0.130610 0.991434
1741159754.152630 0.839967 -0.000032 -0.000016 -0.000070 -0.000121 -0.130709 0.991421
1741159754.202639 0.839967 -0.000032 -0.000016 -0.000070 -0.000121 -0.130709 0.991421
1741159754.252662 0.840005 -0.000052 -0.000011 0.000010 -0.000052 -0.139162 0.990270
1741159754.302647 0.840005 -0.000052 -0.000011 0.000010 -0.000052 -0.139162 0.990270
1741159754.352635 0.839988 -0.000043 -0.000016 -0.000070 -0.000120 -0.139253 0.990257
1741159754.402624 0.839988 -0.000043 -0.000016 -0.000070 -0.000120 -0.139253 0.990257
1741159754.452612 0.839969 -0.000033 -0.000011 -0.000015 0.000043 -0.139352 0.990243
1741159754.502668 0.839969 -0.000033 -0.000011 -0.000015 0.000043 -0.139352 0.990243
1741159754.552633 0.840005 -0.000052 -0.000011 0.000010 -0.000052 -0.147798 0.989018
1741159754.602664 0.840005 -0.000052 -0.000011 0.000010 -0.000052 -0.147798 0.989018
1741159754.652642 0.839988 -0.000043 -0.000016 -0.000071 -0.000118 -0.147889 0.989004
1741159754.702632 0.839988 -0.000043 -0.000016 -0.000071 -0.000118 -0.147889 0.989004
1741159754.752651 0.839970 -0.000033 -0.000016 -0.000071 -0.000118 -0.147988 0.988989
1741159754.802667 0.839970 -0.000033 -0.000016 -0.000071 -0.000118 -0.147988 0.988989
1741159754.852637 0.839952 -0.000023 -0.000016 -0.000071 -0.000118 -0.148086 0.988974
1741159754.902624 0.839952 -0.000023 -0.000016 -0.000071 -0.000118 -0.148086 0.988974
1741159754.952629 0.840006 -0.000052 -0.000013 -0.000058 -0.000096 -0.156428 0.987689
1741159755.002620 0.840006 -0.000052 -0.000013 -0.000058 -0.000096 -0.156428 0.987689
1741159755.052629 0.839989 -0.000042 -0.000016 -0.000071 -0.000117 -0.156525 0.987674
1741159755.102626 0.839989 -0.000042 -0.000016 -0.000071 -0.000117 -0.156525 0.987674
1741159755.152638 0.839971 -0.000032 -0.000016 -0.000071 -0.000116 -0.156623 0.987658
1741159755.202627 0.839971 -0.000032 -0.000016 -0.000071 -0.000116 -0.156623 0.987658
1741159755.252616 0.840005 -0.000051 -0.000010 -0.000013 0.000039 -0.165043 0.986286
1741159755.302634 0.840005 -0.000051 -0.000010 -0.000013 0.000039 -0.165043 0.986286
1741159755.352623 0.839989 -0.000042 -0.000016 -0.000072 -0.000115 -0.165137 0.986271
1741159755.402623 0.839989 -0.000042 -0.000016 -0.000072 -0.000115 -0.165137 0.986271
1741159755.452642 0.839973 -0.000033 -0.000015 -0.000071 -0.000115 -0.165233 0.986255
1741159755.502716 0.839973 -0.000033 -0.000015 -0.000071 -0.000115 -0.165233 0.986255
1741159755.552640 0.840005 -0.000051 -0.000015 -0.000069 -0.000108 -0.173644 0.984809
1741159755.602618 0.840005 -0.000051 -0.000015 -0.000069 -0.000108 -0.173644 0.984809
1741159755.652675 0.839990 -0.000042 -0.000011 -0.000015 0.000042 -0.173739 0.984792
1741159755.702635 0.839990 -0.000042 -0.000011 -0.000015 0.000042 -0.173739 0.984792
1741159755.752689 0.839975 -0.000033 -0.000015 -0.000072 -0.000113 -0.173830 0.984776
1741159755.802660 0.839975 -0.000033 -0.000015 -0.000072 -0.000113 -0.173830 0.984776
1741159755.852680 0.840006 -0.000052 -0.000015 -0.000054 -0.000088 -0.182229 0.983256
1741159755.902641 0.840006 -0.000052 -0.000015 -0.000054 -0.000088 -0.182229 0.983256
1741159755.952621 0.839993 -0.000043 -0.000015 -0.000073 -0.000112 -0.182318 0.983240
1741159756.002650 0.839993 -0.000043 -0.000015 -0.000073 -0.000112 -0.182318 0.983240
1741159756.052678 0.839979 -0.000033 -0.000015 -0.000072 -0.000112 -0.182408 0.983223
1741159756.102638 0.839979 -0.000033 -0.000015 -0.000072 -0.000112 -0.182408 0.983223
1741159756.152695 0.840006 -0.000051 -0.000009 -0.000017 0.000040 -0.190804 0.981628
1741159756.202654 0.840006 -0.000051 -0.000009 -0.000017 0.000040 -0.190804 0.981628
1741159756.252650 0.839994 -0.000043 -0.000015 -0.000073 -0.000111 -0.190888 0.981612
1741159756.302623 0.839994 -0.000043 -0.000015 -0.000073 -0.000111 -0.190888 0.981612
1741159756.352686 0.839983 -0.000034 -0.000015 -0.000073 -0.000110 -0.190974 0.981595
1741159756.402690 0.839983 -0.000034 -0.000015 -0.000073 -0.000110 -0.190974 0.981595
1741159756.452660 0.840006 -0.000052 -0.000006 -0.000035 -0.000037 -0.199359 0.979927
1741159756.502687 0.840006 -0.000052 -0.000006 -0.000035 -0.000037 -0.199359 0.979927
1741159756.552686 0.839996 -0.000044 -0.000015 -0.000073 -0.000109 -0.199437 0.979911
1741159756.602638 0.839996 -0.000044 -0.000015 -0.000073 -0.000109 -0.199437 0.979911
1741159756.652676 0.839987 -0.000036 -0.000015 -0.000073 -0.000109 -0.199518 0.979894
1741159756.702667 0.839987 -0.000036 -0.000015 -0.000073 -0.000109 -0.199518 0.979894
1741159756.752681 0.839977 -0.000026 -0.000010 -0.000015 0.000042 -0.199601 0.979877
1741159756.802636 0.839977 -0.000026 -0.000010 -0.000015 0.000042 -0.199601 0.979877
1741159756.852622 0.840006 -0.000052 -0.000012 -0.000059 -0.000087 -0.207905 0.978149
1741159756.902636 0.840006 -0.000052 -0.000012 -0.000059 -0.000087 -0.207905 0.978149
1741159756.952650 0.839999 -0.000043 -0.000010 -0.000014 0.000042 -0.207982 0.978133
1741159757.002637 0.839999 -0.000043 -0.000010 -0.000014 0.000042 -0.207982 0.978133
1741159757.052672 0.839992 -0.000035 -0.000015 -0.000073 -0.000107 -0.208057 0.978117
1741159757.102653 0.839992 -0.000035 -0.000015 -0.000073 -0.000107 -0.208057 0.978117
1741159757.152650 0.840006 -0.000053 -0.000010 -0.000049 -0.000071 -0.216431 0.976298
1741159757.202621 0.840006 -0.000053 -0.000010 -0.000049 -0.000071 -0.216431 0.976298
1741159757.252661 0.840001 -0.000045 -0.000015 -0.000074 -0.000106 -0.216500 0.976283
1741159757.302667 0.840001 -0.000045 -0.000015 -0.000074 -0.000106 -0.216500 0.976283
1741159757.352682 0.839996 -0.000036 -0.000015 -0.000074 -0.000106 -0.216570 0.976267
1741159757.402623 0.839996 -0.000036 -0.000015 -0.000074 -0.000106 -0.216570 0.976267
1741159757.452647 0.839991 -0.000028 -0.000015 -0.000073 -0.000105 -0.216640 0.976252
1741159757.502656 0.839991 -0.000028 -0.000015 -0.000073 -0.000105 -0.216640 0.976252
1741159757.552644 0.840006 -0.000053 -0.000013 -0.000066 -0.000093 -0.224942 0.974372
1741159757.602619 0.840006 -0.000053 -0.000013 -0.000066 -0.000093 -0.224942 0.974372
1741159757.652635 0.840003 -0.000045 -0.000015 -0.000074 -0.000104 -0.225006 0.974357
1741159757.702646 0.840003 -0.000045 -0.000015 -0.000074 -0.000104 -0.225006 0.974357
1741159757.752620 0.840000 -0.000036 -0.000015 -0.000074 -0.000104 -0.225071 0.974342
1741159757.802623 0.840000 -0.000036 -0.000015 -0.000074 -0.000104 -0.225071 0.974342
1741159757.852628 0.840006 -0.000053 -0.000013 -0.000065 -0.000089 -0.233437 0.972372
1741159757.902638 0.840006 -0.000053 -0.000013 -0.000065 -0.000089 -0.233437 0.972372
1741159757.952627 0.840005 -0.000044 -0.000015 -0.000074 -0.000103 -0.233499 0.972357
1741159758.002638 0.840005 -0.000044 -0.000015 -0.000074 -0.000103 -0.233499 0.972357
1741159758.052632 0.840003 -0.000035 -0.000010 -0.000013 0.000042 -0.233560 0.972342
1741159758.102631 0.840003 -0.000035 -0.000010 -0.000013 0.000042 -0.233560 0.972342
1741159758.152643 0.840006 -0.000052 0.000000 0.000000 0.000000 -0.241912 0.970298
1741159758.202623 0.840006 -0.000052 0.000000 0.000000 0.000000 -0.241912 0.970298
1741159758.252639 0.840006 -0.000044 -0.000014 -0.000074 -0.000101 -0.241971 0.970283
1741159758.302621 0.840006 -0.000044 -0.000014 -0.000074 -0.000101 -0.241971 0.970283
1741159758.352629 0.840006 -0.000035 -0.000014 -0.000074 -0.000101 -0.242030 0.970269
1741159758.402635 0.840006 -0.000035 -0.000014 -0.000074 -0.000101 -0.242030 0.970269
1741159758.452629 0.840006 -0.000026 -0.000014 -0.000074 -0.000100 -0.242089 0.970254
1741159758.502637 0.840006 -0.000026 -0.000014 -0.000074 -0.000100 -0.242089 0.970254
1741159758.552645 0.840006 -0.000052 -0.000010 -0.000012 0.000040 -0.250373 0.968149
1741159758.602628 0.840006 -0.000052 -0.000010 -0.000012 0.000040 -0.250373 0.968149
1741159758.652624 0.840006 -0.000043 -0.000010 -0.000013 0.000042 -0.250432 0.968134
1741159758.702616 0.840006 -0.000043 -0.000010 -0.000013 0.000042 -0.250432 0.968134
1741159758.752632 0.840006 -0.000035 -0.000014 -0.000074 -0.000099 -0.250490 0.968119
1741159758.802613 0.840006 -0.000035 -0.000014 -0.000074 -0.000099 -0.250490 0.968119
1741159758.852613 0.840006 -0.000053 -0.000009 -0.000046 -0.000061 -0.258810 0.965928
1741159758.902614 0.840006 -0.000053 -0.000009 -0.000046 -0.000061 -0.258810 0.965928
1741159758.952643 0.840005 -0.000043 -0.000014 -0.000074 -0.000098 -0.258869 0.965913
1741159759.002618 0.840005 -0.000043 -0.000014 -0.000074 -0.000098 -0.258869 0.965913
1741159759.052612 0.840005 -0.000034 -0.000014 -0.000074 -0.000097 -0.258928 0.965897
1741159759.102612 0.840005 -0.000034 -0.000014 -0.000074 -0.000097 -0.258928 0.965897
1741159759.152612 0.840006 -0.000052 -0.000012 -0.000061 -0.000080 -0.267232 0.963632
1741159759.202587 0.840006 -0.000052 -0.000012 -0.000061 -0.000080 -0.267232 0.963632
1741159759.252614 0.840006 -0.000042 -0.000014 -0.000075 -0.000096 -0.267292 0.963616
1741159759.302635 0.840006 -0.000042 -0.000014 -0.000075 -0.000096 -0.267292 0.963616
1741159759.352617 0.840006 -0.000031 -0.000014 -0.000074 -0.000096 -0.267351 0.963599
1741159759.402624 0.840006 -0.000031 -0.000014 -0.000074 -0.000096 -0.267351 0.963599
1741159759.452613 0.840006 -0.000052 -0.000014 -0.000072 -0.000092 -0.275633 0.961263
1741159759.502614 0.840006 -0.000052 -0.000014 -0.000072 -0.000092 -0.275633 0.961263
1741159759.552613 0.840006 -0.000040 -0.000014 -0.000075 -0.000095 -0.275693 0.961246
1741159759.602613 0.840006 -0.000040 -0.000014 -0.000075 -0.000095 -0.275693 0.961246
1741159759.652615 0.840006 -0.000029 -0.000010 -0.000012 0.000041 -0.275754 0.961228
1741159759.702613 0.840006 -0.000029 -0.000010 -0.000012 0.000041 -0.275754 0.961228
1741159759.752629 0.840006 -0.000052 -0.000012 -0.000062 -0.000077 -0.284009 0.958821
1741159759.802617 0.840006 -0.000052 -0.000012 -0.000062 -0.000077 -0.284009 0.958821
1741159759.852624 0.840006 -0.000040 -0.000014 -0.000075 -0.000093 -0.284072 0.958803
1741159759.902615 0.840006 -0.000040 -0.000014 -0.000075 -0.000093 -0.284072 0.958803
1741159759.952611 0.840005 -0.000027 -0.000009 -0.000012 0.000041 -0.284135 0.958784
1741159760.002621 0.840005 -0.000027 -0.000009 -0.000012 0.000041 -0.284135 0.958784
1741159760.052636 0.840006 -0.000052 -0.000011 -0.000062 -0.000076 -0.292366 0.956306
1741159760.102613 0.840006 -0.000052 -0.000011 -0.000062 -0.000076 -0.292366 0.956306
1741159760.152634 0.840006 -0.000038 -0.000014 -0.000075 -0.000092 -0.292433 0.956286
1741159760.202619 0.840006 -0.000038 -0.000014 -0.000075 -0.000092 -0.292433 0.956286
1741159760.252657 0.840005 -0.000024 -0.000014 -0.000074 -0.000091 -0.292498 0.956266
1741159760.302642 0.840005 -0.000024 -0.000014 -0.000074 -0.000091 -0.292498 0.956266
1741159760.352630 0.840006 -0.000052 -0.000008 -0.000003 0.000033 -0.300697 0.953720
1741159760.402624 0.840006 -0.000052 -0.000008 -0.000003 0.000033 -0.300697 0.953720
1741159760.452617 0.840005 -0.000038 -0.000014 -0.000075 -0.000090 -0.300766 0.953698
1741159760.502622 0.840005 -0.000038 -0.000014 -0.000075 -0.000090 -0.300766 0.953698
1741159760.552615 0.840004 -0.000023 -0.000014 -0.000074 -0.000090 -0.300836 0.953676
1741159760.602613 0.840004 -0.000023 -0.000014 -0.000074 -0.000090 -0.300836 0.953676
1741159760.652614 0.840006 -0.000052 -0.000012 -0.000055 -0.000068 -0.309010 0.951059
1741159760.702617 0.840006 -0.000052 -0.000012 -0.000055 -0.000068 -0.309010 0.951059
1741159760.752612 0.840005 -0.000035 -0.000014 -0.000075 -0.000089 -0.309086 0.951034
1741159760.802613 0.840005 -0.000035 -0.000014 -0.000075 -0.000089 -0.309086 0.951034
1741159760.852632 0.840003 -0.000018 -0.000009 -0.000011 0.000041 -0.309163 0.951009
1741159760.902613 0.840003 -0.000018 -0.000009 -0.000011 0.000041 -0.309163 0.951009
1741159760.952617 0.840005 -0.000051 -0.000009 -0.000011 0.000042 -0.317301 0.948325
1741159761.002624 0.840005 -0.000051 -0.000009 -0.000011 0.000042 -0.317301 0.948325
1741159761.052617 0.840003 -0.000033 -0.000009 -0.000010 0.000041 -0.317386 0.948296
1741159761.102615 0.840003 -0.000033 -0.000009 -0.000010 0.000041 -0.317386 0.948296
1741159761.152644 0.840000 -0.000016 -0.000014 -0.000074 -0.000087 -0.317469 0.948269
1741159761.202618 0.840000 -0.000016 -0.000014 -0.000074 -0.000087 -0.317469 0.948269
1741159761.252618 0.840006 -0.000052 -0.000015 -0.000086 -0.000099 -0.325562 0.945521
1741159761.302577 0.840006 -0.000052 -0.000015 -0.000086 -0.000099 -0.325562 0.945521
1741159761.352619 0.840002 -0.000034 -0.000013 -0.000075 -0.000086 -0.325660 0.945487
1741159761.402618 0.840002 -0.000034 -0.000013 -0.000075 -0.000086 -0.325660 0.945487
1741159761.452619 0.839998 -0.000015 -0.000013 -0.000075 -0.000086 -0.325758 0.945453
1741159761.502624 0.839998 -0.000015 -0.000013 -0.000075 -0.000086 -0.325758 0.945453
1741159761.552610 0.839994 0.000003 -0.000009 -0.000010 0.000041 -0.325855 0.945420
1741159761.602614 0.839994 0.000003 -0.000009 -0.000010 0.000041 -0.325855 0.945420
1741159761.652617 0.840005 -0.000052 -0.000014 -0.000077 -0.000087 -0.333803 0.942643
1741159761.702612 0.840005 -0.000052 -0.000014 -0.000077 -0.000087 -0.333803 0.942643
1741159761.752630 0.840000 -0.000033 -0.000013 -0.000075 -0.000084 -0.333911 0.942605
1741159761.802615 0.840000 -0.000033 -0.000013 -0.000075 -0.000084 -0.333911 0.942605
1741159761.852615 0.839995 -0.000015 -0.000013 -0.000074 -0.000084 -0.334015 0.942568
1741159761.902615 0.839995 -0.000015 -0.000013 -0.000074 -0.000084 -0.334015 0.942568
1741159761.952640 0.840005 -0.000052 -0.000011 -0.000009 0.000049 -0.342014 0.939695
1741159762.002618 0.840005 -0.000052 -0.000011 -0.000009 0.000049 -0.342014 0.939695
1741159762.052636 0.840000 -0.000035 -0.000013 -0.000075 -0.000083 -0.342121 0.939656
1741159762.102618 0.840000 -0.000035 -0.000013 -0.000075 -0.000083 -0.342121 0.939656
1741159762.152617 0.839995 -0.000017 -0.000013 -0.000075 -0.000083 -0.342229 0.939616
1741159762.202612 0.839995 -0.000017 -0.000013 -0.000075 -0.000083 -0.342229 0.939616
1741159762.252635 0.839990 0.000001 -0.000013 -0.000074 -0.000083 -0.342337 0.939577
1741159762.302636 0.839990 0.000001 -0.000013 -0.000074 -0.000083 -0.342337 0.939577
1741159762.352672 0.840006 -0.000053 -0.000011 -0.000064 -0.000070 -0.350199 0.936675
1741159762.402621 0.840006 -0.000053 -0.000011 -0.000064 -0.000070 -0.350199 0.936675
1741159762.452642 0.840001 -0.000035 -0.000009 -0.000009 0.000041 -0.350307 0.936635
1741159762.502615 0.840001 -0.000035 -0.000009 -0.000009 0.000041 -0.350307 0.936635
1741159762.552642 0.839995 -0.000018 -0.000009 -0.000009 0.000041 -0.350413 0.936595
1741159762.602617 0.839995 -0.000018 -0.000009 -0.000009 0.000041 -0.350413 0.936595
1741159762.652642 0.840006 -0.000053 -0.000010 -0.000059 -0.000063 -0.358359 0.933584
1741159762.702621 0.840006 -0.000053 -0.000010 -0.000059 -0.000063 -0.358359 0.933584
1741159762.752630 0.840001 -0.000037 -0.000009 -0.000009 0.000041 -0.358458 0.933546
1741159762.802612 0.840001 -0.000037 -0.000009 -0.000009 0.000041 -0.358458 0.933546
1741159762.852639 0.839997 -0.000020 -0.000009 -0.000009 0.000041 -0.358559 0.933507
1741159762.902622 0.839997 -0.000020 -0.000009 -0.000009 0.000041 -0.358559 0.933507
1741159762.952630 0.840006 -0.000053 -0.000010 -0.000059 -0.000062 -0.366492 0.930421
1741159763.002621 0.840006 -0.000053 -0.000010 -0.000059 -0.000062 -0.366492 0.930421
1741159763.052617 0.840002 -0.000036 -0.000009 -0.000008 0.000041 -0.366590 0.930383
1741159763.102634 0.840002 -0.000036 -0.000009 -0.000008 0.000041 -0.366590 0.930383
1741159763.152636 0.839998 -0.000021 -0.000013 -0.000074 -0.000079 -0.366684 0.930345
1741159763.202671 0.839998 -0.000021 -0.000013 -0.000074 -0.000079 -0.366684 0.930345
1741159763.252644 0.840005 -0.000052 -0.000015 -0.000084 -0.000087 -0.374602 0.927186
1741159763.302639 0.840005 -0.000052 -0.000015 -0.000084 -0.000087 -0.374602 0.927186
1741159763.352624 0.840002 -0.000035 -0.000013 -0.000075 -0.000078 -0.374696 0.927148
1741159763.402637 0.840002 -0.000035 -0.000013 -0.000075 -0.000078 -0.374696 0.927148
1741159763.452640 0.839999 -0.000017 -0.000013 -0.000074 -0.000078 -0.374790 0.927110
1741159763.502616 0.839999 -0.000017 -0.000013 -0.000074 -0.000078 -0.374790 0.927110
1741159763.552619 0.840005 -0.000050 -0.000009 -0.000008 0.000042 -0.382685 0.923879
1741159763.602634 0.840005 -0.000050 -0.000009 -0.000008 0.000042 -0.382685 0.923879
1741159763.652678 0.840003 -0.000033 -0.000013 -0.000075 -0.000077 -0.382775 0.923842
1741159763.702644 0.840003 -0.000033 -0.000013 -0.000075 -0.000077 -0.382775 0.923842
1741159763.752621 0.840000 -0.000014 -0.000013 -0.000074 -0.000076 -0.382868 0.923803
1741159763.802630 0.840000 -0.000014 -0.000013 -0.000074 -0.000076 -0.382868 0.923803
1741159763.852653 0.840006 -0.000052 -0.000014 -0.000084 -0.000084 -0.390727 0.920507
1741159763.902633 0.840006 -0.000052 -0.000014 -0.000084 -0.000084 -0.390727 0.920507
1741159763.952633 0.840003 -0.000031 -0.000013 -0.000075 -0.000076 -0.390822 0.920466
1741159764.002616 0.840003 -0.000031 -0.000013 -0.000075 -0.000076 -0.390822 0.920466
1741159764.052667 0.840001 -0.000010 -0.000013 -0.000075 -0.000075 -0.390918 0.920425
1741159764.102614 0.840001 -0.000010 -0.000013 -0.000075 -0.000075 -0.390918 0.920425
1741159764.152617 0.840006 -0.000053 -0.000011 -0.000046 -0.000053 -0.398740 0.917064
1741159764.202614 0.840006 -0.000053 -0.000011 -0.000046 -0.000053 -0.398740 0.917064
1741159764.252617 0.840004 -0.000032 -0.000013 -0.000075 -0.000075 -0.398833 0.917023
1741159764.302610 0.840004 -0.000032 -0.000013 -0.000075 -0.000075 -0.398833 0.917023
1741159764.352619 0.840002 -0.000011 -0.000009 -0.000007 0.000041 -0.398931 0.916981
1741159764.402612 0.840002 -0.000011 -0.000009 -0.000007 0.000041 -0.398931 0.916981
1741159764.452612 0.840006 -0.000052 -0.000006 0.000023 0.000017 -0.406728 0.913549
1741159764.502625 0.840006 -0.000052 -0.000006 0.000023 0.000017 -0.406728 0.913549
1741159764.552624 0.840005 -0.000033 -0.000009 -0.000007 0.000041 -0.406818 0.913509
1741159764.602623 0.840005 -0.000033 -0.000009 -0.000007 0.000041 -0.406818 0.913509
1741159764.652624 0.840004 -0.000012 -0.000013 -0.000075 -0.000073 -0.406911 0.913468
1741159764.702610 0.840004 -0.000012 -0.000013 -0.000075 -0.000073 -0.406911 0.913468
1741159764.752626 0.840003 0.000009 -0.000009 -0.000006 0.000041 -0.407005 0.913426
1741159764.802650 0.840003 0.000009 -0.000009 -0.000006 0.000041 -0.407005 0.913426
1741159764.852665 0.840006 -0.000053 -0.000011 -0.000052 -0.000054 -0.414685 0.909965
1741159764.902613 0.840006 -0.000053 -0.000011 -0.000052 -0.000054 -0.414685 0.909965
1741159764.952665 0.840006 -0.000044 -0.000011 -0.000051 -0.000057 -0.414689 0.909963
1741159765.002654 0.840006 -0.000044 -0.000011 -0.000051 -0.000057 -0.414689 0.909963
1741159765.052670 0.840007 -0.000035 -0.000011 -0.000051 -0.000057 -0.414691 0.909962
1741159765.102624 0.840007 -0.000035 -0.000011 -0.000051 -0.000057 -0.414691 0.909962
1741159765.152671 0.840006 -0.000053 -0.000009 -0.000043 -0.000043 -0.422610 0.906312
1741159765.202618 0.840006 -0.000053 -0.000009 -0.000043 -0.000043 -0.422610 0.906312
1741159765.252643 0.840008 -0.000043 -0.000011 -0.000051 -0.000056 -0.422622 0.906306
1741159765.302652 0.840008 -0.000043 -0.000011 -0.000051 -0.000056 -0.422622 0.906306
1741159765.352653 0.840010 -0.000033 -0.000008 -0.000001 0.000036 -0.422634 0.906301
1741159765.402660 0.840010 -0.000033 -0.000008 -0.000001 0.000036 -0.422634 0.906301
1741159765.452616 0.840006 -0.000053 -0.000007 -0.000000 0.000030 -0.430502 0.902590
1741159765.502620 0.840006 -0.000053 -0.000007 -0.000000 0.000030 -0.430502 0.902590
1741159765.552670 0.840009 -0.000038 -0.000009 -0.000001 0.000037 -0.430565 0.902559
1741159765.602669 0.840009 -0.000038 -0.000009 -0.000001 0.000037 -0.430565 0.902559
1741159765.652616 0.840012 -0.000022 -0.000012 -0.000060 -0.000060 -0.430638 0.902525
1741159765.702666 0.840012 -0.000022 -0.000012 -0.000060 -0.000060 -0.430638 0.902525
1741159765.752588 0.840006 -0.000053 -0.000007 -0.000001 0.000031 -0.438363 0.898798
1741159765.802617 0.840006 -0.000053 -0.000007 -0.000001 0.000031 -0.438363 0.898798
1741159765.852616 0.840009 -0.000035 -0.000012 -0.000059 -0.000059 -0.438440 0.898760
1741159765.902616 0.840009 -0.000035 -0.000012 -0.000059 -0.000059 -0.438440 0.898760
1741159765.952626 0.840013 -0.000016 -0.000012 -0.000060 -0.000059 -0.438522 0.898721
1741159766.002640 0.840013 -0.000016 -0.000012 -0.000060 -0.000059 -0.438522 0.898721
1741159766.052621 0.840006 -0.000052 -0.000009 -0.000000 0.000037 -0.446191 0.894938
1741159766.102614 0.840006 -0.000052 -0.000009 -0.000000 0.000037 -0.446191 0.894938
1741159766.152616 0.840010 -0.000031 -0.000012 -0.000061 -0.000059 -0.446269 0.894899
1741159766.202618 0.840010 -0.000031 -0.000012 -0.000061 -0.000059 -0.446269 0.894899
1741159766.252615 0.840013 -0.000010 -0.000012 -0.000061 -0.000059 -0.446347 0.894860
1741159766.302617 0.840013 -0.000010 -0.000012 -0.000061 -0.000059 -0.446347 0.894860
1741159766.352618 0.840017 0.000013 -0.000009 -0.000003 0.000039 -0.446425 0.894821
1741159766.402631 0.840017 0.000013 -0.000009 -0.000003 0.000039 -0.446425 0.894821
1741159766.452620 0.840006 -0.000051 -0.000009 -0.000003 0.000039 -0.453985 0.891009
1741159766.502582 0.840006 -0.000051 -0.000009 -0.000003 0.000039 -0.453985 0.891009
1741159766.552616 0.840010 -0.000027 -0.000009 -0.000003 0.000039 -0.454056 0.890973
1741159766.602624 0.840010 -0.000027 -0.000009 -0.000003 0.000039 -0.454056 0.890973
1741159766.652617 0.840013 -0.000003 -0.000009 0.000000 0.000038 -0.454128 0.890936
1741159766.702616 0.840013 -0.000003 -0.000009 0.000000 0.000038 -0.454128 0.890936
1741159766.752624 0.840006 -0.000052 -0.000008 0.000001 0.000035 -0.461740 0.887015
1741159766.802618 0.840006 -0.000052 -0.000008 0.000001 0.000035 -0.461740 0.887015
1741159766.852621 0.840010 -0.000026 -0.000009 -0.000002 0.000039 -0.461807 0.886981
1741159766.902617 0.840010 -0.000026 -0.000009 -0.000002 0.000039 -0.461807 0.886981
1741159766.952616 0.840014 -0.000001 -0.000009 -0.000001 0.000038 -0.461874 0.886946
1741159767.002615 0.840014 -0.000001 -0.000009 -0.000001 0.000038 -0.461874 0.886946
1741159767.052619 0.840006 -0.000053 -0.000005 0.000002 0.000020 -0.469463 0.882952
1741159767.102612 0.840006 -0.000053 -0.000005 0.000002 0.000020 -0.469463 0.882952
1741159767.152635 0.840010 -0.000027 -0.000012 -0.000062 -0.000057 -0.469535 0.882914
1741159767.202632 0.840010 -0.000027 -0.000012 -0.000062 -0.000057 -0.469535 0.882914
1741159767.252646 0.840015 0.000001 -0.000009 0.000001 0.000038 -0.469612 0.882873
1741159767.302618 0.840015 0.000001 -0.000009 0.000001 0.000038 -0.469612 0.882873
1741159767.352627 0.840006 -0.000053 -0.000005 -0.000029 -0.000023 -0.477150 0.878822
1741159767.402626 0.840006 -0.000053 -0.000005 -0.000029 -0.000023 -0.477150 0.878822
1741159767.452621 0.840011 -0.000026 -0.000009 0.000001 0.000038 -0.477220 0.878784
1741159767.502641 0.840011 -0.000026 -0.000009 0.000001 0.000038 -0.477220 0.878784
1741159767.552634 0.840016 0.000001 -0.000009 0.000001 0.000038 -0.477295 0.878743
1741159767.602620 0.840016 0.000001 -0.000009 0.000001 0.000038 -0.477295 0.878743
1741159767.652643 0.840021 0.000028 -0.000009 0.000001 0.000037 -0.477371 0.878702
1741159767.702618 0.840021 0.000028 -0.000009 0.000001 0.000037 -0.477371 0.878702
1741159767.752691 0.840006 -0.000052 -0.000007 0.000000 0.000031 -0.484801 0.874625
1741159767.802618 0.840006 -0.000052 -0.000007 0.000000 0.000031 -0.484801 0.874625
1741159767.852690 0.840012 -0.000026 -0.000009 0.000001 0.000037 -0.484875 0.874584
1741159767.902634 0.840012 -0.000026 -0.000009 0.000001 0.000037 -0.484875 0.874584
1741159767.952675 0.840018 0.000001 -0.000012 -0.000062 -0.000055 -0.484950 0.874542
1741159768.002615 0.840018 0.000001 -0.000012 -0.000062 -0.000055 -0.484950 0.874542
1741159768.052647 0.840024 0.000028 -0.000012 -0.000062 -0.000055 -0.485025 0.874500
1741159768.102637 0.840024 0.000028 -0.000012 -0.000062 -0.000055 -0.485025 0.874500
1741159768.152623 0.840006 -0.000052 -0.000007 0.000001 0.000031 -0.492415 0.870361
1741159768.202634 0.840006 -0.000052 -0.000007 0.000001 0.000031 -0.492415 0.870361
1741159768.252628 0.840012 -0.000026 -0.000012 -0.000063 -0.000054 -0.492472 0.870328
1741159768.302611 0.840012 -0.000026 -0.000012 -0.000063 -0.000054 -0.492472 0.870328
1741159768.352654 0.840019 0.000001 -0.000009 0.000002 0.000037 -0.492530 0.870296
1741159768.402645 0.840019 0.000001 -0.000009 0.000002 0.000037 -0.492530 0.870296
1741159768.452618 0.840025 0.000027 -0.000009 0.000002 0.000037 -0.492587 0.870263
1741159768.502629 0.840025 0.000027 -0.000009 0.000002 0.000037 -0.492587 0.870263
1741159768.552634 0.840006 -0.000051 -0.000009 0.000002 0.000037 -0.499994 0.866029
1741159768.602628 0.840006 -0.000051 -0.000009 0.000002 0.000037 -0.499994 0.866029
1741159768.652617 0.840012 -0.000025 -0.000012 -0.000063 -0.000054 -0.500049 0.865997
1741159768.702616 0.840012 -0.000025 -0.000012 -0.000063 -0.000054 -0.500049 0.865997
1741159768.752613 0.840019 0.000001 -0.000012 -0.000063 -0.000054 -0.500103 0.865966
1741159768.802610 0.840019 0.000001 -0.000012 -0.000063 -0.000054 -0.500103 0.865966
1741159768.852625 0.840006 -0.000053 -0.000008 -0.000044 -0.000037 -0.507530 0.861634
1741159768.902620 0.840006 -0.000053 -0.000008 -0.000044 -0.000037 -0.507530 0.861634
1741159768.952615 0.840012 -0.000026 -0.000012 -0.000063 -0.000053 -0.507580 0.861604
1741159769.002617 0.840012 -0.000026 -0.000012 -0.000063 -0.000053 -0.507580 0.861604
1741159769.052614 0.840018 0.000002 -0.000012 -0.000063 -0.000053 -0.507633 0.861573
1741159769.102610 0.840018 0.000002 -0.000012 -0.000063 -0.000053 -0.507633 0.861573
1741159769.152619 0.840024 0.000031 -0.000008 0.000002 0.000037 -0.507687 0.861541
1741159769.202626 0.840024 0.000031 -0.000008 0.000002 0.000037 -0.507687 0.861541
1741159769.252612 0.840006 -0.000053 -0.000010 -0.000057 -0.000047 -0.515030 0.857172
1741159769.302612 0.840006 -0.000053 -0.000010 -0.000057 -0.000047 -0.515030 0.857172
1741159769.352614 0.840012 -0.000023 -0.000011 -0.000063 -0.000052 -0.515079 0.857143
1741159769.402611 0.840012 -0.000023 -0.000011 -0.000063 -0.000052 -0.515079 0.857143
1741159769.452625 0.840017 0.000007 -0.000011 -0.000063 -0.000052 -0.515130 0.857112
1741159769.502619 0.840017 0.000007 -0.000011 -0.000063 -0.000052 -0.515130 0.857112
1741159769.552644 0.840006 -0.000052 -0.000008 0.000002 0.000035 -0.522490 0.852645
1741159769.602627 0.840006 -0.000052 -0.000008 0.000002 0.000035 -0.522490 0.852645
1741159769.652674 0.840011 -0.000021 -0.000011 -0.000063 -0.000052 -0.522523 0.852625
1741159769.702633 0.840011 -0.000021 -0.000011 -0.000063 -0.000052 -0.522523 0.852625
1741159769.752618 0.840016 0.000010 -0.000011 -0.000063 -0.000051 -0.522543 0.852613
1741159769.802627 0.840016 0.000010 -0.000011 -0.000063 -0.000051 -0.522543 0.852613
1741159769.852662 0.840006 -0.000053 -0.000006 -0.000036 -0.000026 -0.529911 0.848053
1741159769.902623 0.840006 -0.000053 -0.000006 -0.000036 -0.000026 -0.529911 0.848053
1741159769.952680 0.840010 -0.000021 -0.000011 -0.000064 -0.000051 -0.529909 0.848055
1741159770.002646 0.840010 -0.000021 -0.000011 -0.000064 -0.000051 -0.529909 0.848055
1741159770.052651 0.840015 0.000011 -0.000008 0.000003 0.000037 -0.529906 0.848056
1741159770.102656 0.840015 0.000011 -0.000008 0.000003 0.000037 -0.529906 0.848056
1741159770.152638 0.840020 0.000044 -0.000011 -0.000064 -0.000051 -0.529904 0.848058
1741159770.202619 0.840020 0.000044 -0.000011 -0.000064 -0.000051 -0.529904 0.848058
1741159770.252646 0.840006 -0.000052 -0.000010 -0.000058 -0.000045 -0.537291 0.843397
1741159770.302655 0.840006 -0.000052 -0.000010 -0.000058 -0.000045 -0.537291 0.843397
1741159770.352627 0.840010 -0.000019 -0.000011 -0.000064 -0.000050 -0.537287 0.843400
1741159770.402616 0.840010 -0.000019 -0.000011 -0.000064 -0.000050 -0.537287 0.843400
1741159770.452638 0.840014 0.000014 -0.000011 -0.000064 -0.000050 -0.537283 0.843402
1741159770.502619 0.840014 0.000014 -0.000011 -0.000064 -0.000050 -0.537283 0.843402
1741159770.552623 0.840006 -0.000053 -0.000008 -0.000048 -0.000037 -0.544631 0.838676
1741159770.602638 0.840006 -0.000053 -0.000008 -0.000048 -0.000037 -0.544631 0.838676
1741159770.652638 0.840009 -0.000019 -0.000011 -0.000064 -0.000049 -0.544624 0.838680
1741159770.702612 0.840009 -0.000019 -0.000011 -0.000064 -0.000049 -0.544624 0.838680
1741159770.752625 0.840013 0.000015 -0.000011 -0.000064 -0.000049 -0.544618 0.838684
1741159770.802639 0.840013 0.000015 -0.000011 -0.000064 -0.000049 -0.544618 0.838684
1741159770.852625 0.840016 0.000049 -0.000011 -0.000064 -0.000049 -0.544612 0.838688
1741159770.902622 0.840016 0.000049 -0.000011 -0.000064 -0.000049 -0.544612 0.838688
1741159770.952637 0.840006 -0.000050 -0.000011 -0.000064 -0.000049 -0.551928 0.833892
1741159771.002630 0.840006 -0.000050 -0.000011 -0.000064 -0.000049 -0.551928 0.833892
1741159771.052654 0.840009 -0.000017 -0.000011 -0.000064 -0.000049 -0.551929 0.833891
1741159771.102640 0.840009 -0.000017 -0.000011 -0.000064 -0.000049 -0.551929 0.833891
1741159771.152676 0.840013 0.000017 -0.000011 -0.000064 -0.000049 -0.551930 0.833891
1741159771.202649 0.840013 0.000017 -0.000011 -0.000064 -0.000049 -0.551930 0.833891
1741159771.252674 0.840006 -0.000052 -0.000008 -0.000048 -0.000036 -0.559185 0.829043
1741159771.302618 0.840006 -0.000052 -0.000008 -0.000048 -0.000036 -0.559185 0.829043
1741159771.352615 0.840008 -0.000020 -0.000011 -0.000064 -0.000048 -0.559180 0.829046
1741159771.402613 0.840008 -0.000020 -0.000011 -0.000064 -0.000048 -0.559180 0.829046
1741159771.452614 0.840010 0.000012 -0.000011 -0.000064 -0.000048 -0.559172 0.829052
1741159771.502614 0.840010 0.000012 -0.000011 -0.000064 -0.000048 -0.559172 0.829052
1741159771.552614 0.840006 -0.000052 -0.000007 0.000003 0.000030 -0.566398 0.824132
1741159771.602612 0.840006 -0.000052 -0.000007 0.000003 0.000030 -0.566398 0.824132
1741159771.652622 0.840007 -0.000020 -0.000011 -0.000065 -0.000047 -0.566365 0.824155
1741159771.702623 0.840007 -0.000020 -0.000011 -0.000065 -0.000047 -0.566365 0.824155
1741159771.752615 0.840009 0.000013 -0.000011 -0.000065 -0.000047 -0.566332 0.824177
1741159771.802626 0.840009 0.000013 -0.000011 -0.000065 -0.000047 -0.566332 0.824177
1741159771.852612 0.840010 0.000045 -0.000011 -0.000065 -0.000047 -0.566299 0.824200
1741159771.902614 0.840010 0.000045 -0.000011 -0.000065 -0.000047 -0.566299 0.824200
1741159771.952636 0.840006 -0.000051 -0.000008 0.000004 0.000036 -0.573566 0.819159
1741159772.002642 0.840006 -0.000051 -0.000008 0.000004 0.000036 -0.573566 0.819159
1741159772.052619 0.840007 -0.000017 -0.000008 0.000004 0.000036 -0.573532 0.819183
1741159772.102614 0.840007 -0.000017 -0.000008 0.000004 0.000036 -0.573532 0.819183
1741159772.152617 0.840008 0.000016 -0.000008 0.000004 0.000036 -0.573497 0.819207
1741159772.202621 0.840008 0.000016 -0.000008 0.000004 0.000036 -0.573497 0.819207
1741159772.252617 0.840006 -0.000051 -0.000011 -0.000066 -0.000046 -0.580693 0.814123
1741159772.302631 0.840006 -0.000051 -0.000011 -0.000066 -0.000046 -0.580693 0.814123
1741159772.352614 0.840006 -0.000017 -0.000011 -0.000065 -0.000046 -0.580657 0.814148
1741159772.402615 0.840006 -0.000017 -0.000011 -0.000065 -0.000046 -0.580657 0.814148
1741159772.452613 0.840007 0.000016 -0.000008 0.000004 0.000036 -0.580622 0.814173
1741159772.502625 0.840007 0.000016 -0.000008 0.000004 0.000036 -0.580622 0.814173
1741159772.552613 0.840008 0.000050 -0.000011 -0.000065 -0.000046 -0.580587 0.814198
1741159772.602614 0.840008 0.000050 -0.000011 -0.000065 -0.000046 -0.580587 0.814198
1741159772.652625 0.840006 -0.000052 -0.000007 0.000004 0.000030 -0.587776 0.809024
1741159772.702628 0.840006 -0.000052 -0.000007 0.000004 0.000030 -0.587776 0.809024
1741159772.752614 0.840006 -0.000018 -0.000011 -0.000066 -0.000045 -0.587740 0.809050
1741159772.802644 0.840006 -0.000018 -0.000011 -0.000066 -0.000045 -0.587740 0.809050
1741159772.852615 0.840006 0.000017 -0.000011 -0.000066 -0.000045 -0.587703 0.809077
1741159772.902613 0.840006 0.000017 -0.000011 -0.000066 -0.000045 -0.587703 0.809077
1741159772.952616 0.840007 0.000053 -0.000008 0.000005 0.000036 -0.587665 0.809104
1741159773.002619 0.840007 0.000053 -0.000008 0.000005 0.000036 -0.587665 0.809104
1741159773.052616 0.840006 -0.000051 -0.000008 0.000005 0.000034 -0.594813 0.803864
1741159773.102612 0.840006 -0.000051 -0.000008 0.000005 0.000034 -0.594813 0.803864
1741159773.152624 0.840006 -0.000015 -0.000011 -0.000066 -0.000045 -0.594775 0.803893
1741159773.202614 0.840006 -0.000015 -0.000011 -0.000066 -0.000045 -0.594775 0.803893
1741159773.252614 0.840006 0.000021 -0.000008 0.000005 0.000036 -0.594736 0.803921
1741159773.302614 0.840006 0.000021 -0.000008 0.000005 0.000036 -0.594736 0.803921
1741159773.352615 0.840006 -0.000052 -0.000010 -0.000060 -0.000040 -0.601806 0.798642
1741159773.402613 0.840006 -0.000052 -0.000010 -0.000060 -0.000040 -0.601806 0.798642
1741159773.452612 0.840005 -0.000015 -0.000011 -0.000066 -0.000044 -0.601766 0.798672
1741159773.502614 0.840005 -0.000015 -0.000011 -0.000066 -0.000044 -0.601766 0.798672
1741159773.552635 0.840005 0.000022 -0.000011 -0.000066 -0.000044 -0.601727 0.798702
1741159773.602637 0.840005 0.000022 -0.000011 -0.000066 -0.000044 -0.601727 0.798702
1741159773.652636 0.840006 -0.000052 -0.000008 -0.000050 -0.000033 -0.608753 0.793360
1741159773.702621 0.840006 -0.000052 -0.000008 -0.000050 -0.000033 -0.608753 0.793360
1741159773.752625 0.840005 -0.000015 -0.000011 -0.000066 -0.000044 -0.608720 0.793385
1741159773.802634 0.840005 -0.000015 -0.000011 -0.000066 -0.000044 -0.608720 0.793385
1741159773.852636 0.840005 0.000023 -0.000011 -0.000066 -0.000043 -0.608694 0.793405
1741159773.902619 0.840005 0.000023 -0.000011 -0.000066 -0.000043 -0.608694 0.793405
1741159773.952626 0.840006 -0.000052 -0.000008 -0.000050 -0.000032 -0.615653 0.788017
1741159774.002612 0.840006 -0.000052 -0.000008 -0.000050 -0.000032 -0.615653 0.788017
1741159774.052635 0.840005 -0.000013 -0.000011 -0.000066 -0.000043 -0.615632 0.788034
1741159774.102638 0.840005 -0.000013 -0.000011 -0.000066 -0.000043 -0.615632 0.788034
1741159774.152620 0.840005 0.000027 -0.000008 0.000006 0.000035 -0.615611 0.788050
1741159774.202625 0.840005 0.000027 -0.000008 0.000006 0.000035 -0.615611 0.788050
1741159774.252631 0.840006 -0.000052 -0.000004 0.000004 0.000019 -0.622506 0.782615
1741159774.302614 0.840006 -0.000052 -0.000004 0.000004 0.000019 -0.622506 0.782615
1741159774.352610 0.840005 -0.000012 -0.000008 0.000006 0.000035 -0.622486 0.782631
1741159774.402614 0.840005 -0.000012 -0.000008 0.000006 0.000035 -0.622486 0.782631
1741159774.452616 0.840005 0.000030 -0.000008 0.000006 0.000035 -0.622465 0.782648
1741159774.502615 0.840005 0.000030 -0.000008 0.000006 0.000035 -0.622465 0.782648
1741159774.552615 0.840006 -0.000051 -0.000007 0.000006 0.000030 -0.629312 0.777153
1741159774.602614 0.840006 -0.000051 -0.000007 0.000006 0.000030 -0.629312 0.777153
1741159774.652617 0.840005 -0.000009 -0.000011 -0.000067 -0.000042 -0.629291 0.777170
1741159774.702612 0.840005 -0.000009 -0.000011 -0.000067 -0.000042 -0.629291 0.777170
1741159774.752617 0.840005 0.000033 -0.000011 -0.000067 -0.000042 -0.629270 0.777187
1741159774.802614 0.840005 0.000033 -0.000011 -0.000067 -0.000042 -0.629270 0.777187
1741159774.852614 0.840005 0.000076 -0.000011 -0.000067 -0.000042 -0.629249 0.777204
1741159774.902615 0.840005 0.000076 -0.000011 -0.000067 -0.000042 -0.629249 0.777204
1741159774.952613 0.840006 -0.000049 -0.000008 0.000007 0.000035 -0.636068 0.771633
1741159775.002614 0.840006 -0.000049 -0.000008 0.000007 0.000035 -0.636068 0.771633
1741159775.052612 0.840005 -0.000005 -0.000011 -0.000067 -0.000041 -0.636047 0.771650
1741159775.102570 0.840005 -0.000005 -0.000011 -0.000067 -0.000041 -0.636047 0.771650
1741159775.152623 0.840005 0.000039 -0.000008 0.000007 0.000035 -0.636027 0.771667
1741159775.202619 0.840005 0.000039 -0.000008 0.000007 0.000035 -0.636027 0.771667
1741159775.252624 0.840006 -0.000051 -0.000010 -0.000062 -0.000037 -0.642779 0.766052
1741159775.302619 0.840006 -0.000051 -0.000010 -0.000062 -0.000037 -0.642779 0.766052
1741159775.352614 0.840005 -0.000007 -0.000008 0.000007 0.000035 -0.642763 0.766065
1741159775.402615 0.840005 -0.000007 -0.000008 0.000007 0.000035 -0.642763 0.766065
1741159775.452619 0.840005 0.000038 -0.000008 0.000007 0.000035 -0.642747 0.766079
1741159775.502666 0.840005 0.000038 -0.000008 0.000007 0.000035 -0.642747 0.766079
1741159775.552646 0.840006 -0.000050 -0.000011 -0.000067 -0.000039 -0.649439 0.760413
1741159775.602614 0.840006 -0.000050 -0.000011 -0.000067 -0.000039 -0.649439 0.760413
1741159775.652638 0.840005 -0.000006 -0.000011 -0.000068 -0.000040 -0.649423 0.760427
1741159775.702618 0.840005 -0.000006 -0.000011 -0.000068 -0.000040 -0.649423 0.760427
1741159775.752639 0.840005 0.000040 -0.000011 -0.000068 -0.000040 -0.649407 0.760441
1741159775.802613 0.840005 0.000040 -0.000011 -0.000068 -0.000040 -0.649407 0.760441
1741159775.852613 0.840006 -0.000051 -0.000010 -0.000062 -0.000036 -0.656051 0.754717
1741159775.902638 0.840006 -0.000051 -0.000010 -0.000062 -0.000036 -0.656051 0.754717
1741159775.952622 0.840005 -0.000004 -0.000008 0.000008 0.000034 -0.656035 0.754730
1741159776.002630 0.840005 -0.000004 -0.000008 0.000008 0.000034 -0.656035 0.754730
1741159776.052623 0.840005 0.000041 -0.000011 -0.000068 -0.000039 -0.656020 0.754744
1741159776.102635 0.840005 0.000041 -0.000011 -0.000068 -0.000039 -0.656020 0.754744
1741159776.152626 0.840006 -0.000051 -0.000009 0.000008 0.000040 -0.662613 0.748962
1741159776.202615 0.840006 -0.000051 -0.000009 0.000008 0.000040 -0.662613 0.748962
1741159776.252641 0.840005 -0.000004 -0.000008 0.000008 0.000034 -0.662598 0.748975
1741159776.302662 0.840005 -0.000004 -0.000008 0.000008 0.000034 -0.662598 0.748975
1741159776.352646 0.840005 0.000042 -0.000011 -0.000068 -0.000038 -0.662584 0.748988
1741159776.402634 0.840005 0.000042 -0.000011 -0.000068 -0.000038 -0.662584 0.748988
1741159776.452639 0.840006 -0.000051 -0.000012 -0.000076 -0.000042 -0.669123 0.743152
1741159776.502618 0.840006 -0.000051 -0.000012 -0.000076 -0.000042 -0.669123 0.743152
1741159776.552625 0.840005 -0.000004 -0.000011 -0.000068 -0.000038 -0.669109 0.743164
1741159776.602627 0.840005 -0.000004 -0.000011 -0.000068 -0.000038 -0.669109 0.743164
1741159776.652638 0.840005 0.000043 -0.000011 -0.000068 -0.000038 -0.669096 0.743176
1741159776.702628 0.840005 0.000043 -0.000011 -0.000068 -0.000038 -0.669096 0.743176
1741159776.752638 0.840006 -0.000050 -0.000007 0.000008 0.000032 -0.675582 0.737285
1741159776.802623 0.840006 -0.000050 -0.000007 0.000008 0.000032 -0.675582 0.737285
1741159776.852615 0.840005 -0.000004 -0.000011 -0.000068 -0.000037 -0.675570 0.737296
1741159776.902643 0.840005 -0.000004 -0.000011 -0.000068 -0.000037 -0.675570 0.737296
1741159776.952617 0.840005 0.000043 -0.000011 -0.000068 -0.000037 -0.675558 0.737307
1741159777.002632 0.840005 0.000043 -0.000011 -0.000068 -0.000037 -0.675558 0.737307
1741159777.052637 0.840006 -0.000052 -0.000008 -0.000052 -0.000028 -0.681991 0.731360
1741159777.102639 0.840006 -0.000052 -0.000008 -0.000052 -0.000028 -0.681991 0.731360
1741159777.152648 0.840005 -0.000004 -0.000008 0.000008 0.000033 -0.681979 0.731372
1741159777.202616 0.840005 -0.000004 -0.000008 0.000008 0.000033 -0.681979 0.731372
1741159777.252625 0.840005 0.000042 -0.000011 -0.000068 -0.000036 -0.681968 0.731382
1741159777.302626 0.840005 0.000042 -0.000011 -0.000068 -0.000036 -0.681968 0.731382
1741159777.352637 0.840006 -0.000052 -0.000008 -0.000052 -0.000027 -0.688347 0.725381
1741159777.402636 0.840006 -0.000052 -0.000008 -0.000052 -0.000027 -0.688347 0.725381
1741159777.452640 0.840006 -0.000006 -0.000011 -0.000069 -0.000036 -0.688336 0.725392
1741159777.502631 0.840006 -0.000006 -0.000011 -0.000069 -0.000036 -0.688336 0.725392
1741159777.552613 0.840005 0.000041 -0.000011 -0.000068 -0.000036 -0.688326 0.725402
1741159777.602612 0.840005 0.000041 -0.000011 -0.000068 -0.000036 -0.688326 0.725402
1741159777.652637 0.840006 -0.000052 -0.000011 -0.000067 -0.000034 -0.694651 0.719347
1741159777.702616 0.840006 -0.000052 -0.000011 -0.000067 -0.000034 -0.694651 0.719347
1741159777.752621 0.840006 -0.000006 -0.000011 -0.000069 -0.000035 -0.694640 0.719357
1741159777.802638 0.840006 -0.000006 -0.000011 -0.000069 -0.000035 -0.694640 0.719357
1741159777.852648 0.840005 0.000041 -0.000007 0.000009 0.000032 -0.694630 0.719367
1741159777.902620 0.840005 0.000041 -0.000007 0.000009 0.000032 -0.694630 0.719367
1741159777.952635 0.840006 -0.000053 -0.000017 -0.000128 -0.000088 -0.700902 0.713257
1741159778.002650 0.840006 -0.000053 -0.000017 -0.000128 -0.000088 -0.700902 0.713257
1741159778.052646 0.840006 -0.000008 -0.000011 -0.000069 -0.000034 -0.700892 0.713267
1741159778.102626 0.840006 -0.000008 -0.000011 -0.000069 -0.000034 -0.700892 0.713267
1741159778.152644 0.840006 0.000039 -0.000011 -0.000069 -0.000034 -0.700882 0.713277
1741159778.202612 0.840006 0.000039 -0.000011 -0.000069 -0.000034 -0.700882 0.713277
1741159778.252639 0.840006 0.000083 -0.000011 -0.000069 -0.000034 -0.700873 0.713286
1741159778.302643 0.840006 0.000083 -0.000011 -0.000069 -0.000034 -0.700873 0.713286
1741159778.352618 0.840006 -0.000053 -0.000017 -0.000129 -0.000088 -0.707100 0.707114
1741159778.402633 0.840006 -0.000053 -0.000017 -0.000129 -0.000088 -0.707100 0.707114
1741159778.452634 0.840006 -0.000009 -0.000011 -0.000069 -0.000034 -0.707090 0.707123
1741159778.502678 0.840006 -0.000009 -0.000011 -0.000069 -0.000034 -0.707090 0.707123
1741159778.552634 0.840006 0.000036 -0.000011 -0.000069 -0.000034 -0.707081 0.707133
1741159778.602634 0.840006 0.000036 -0.000011 -0.000069 -0.000034 -0.707081 0.707133
1741159778.652654 0.840006 0.000081 -0.000011 -0.000069 -0.000034 -0.707071 0.707142
1741159778.702656 0.840006 0.000081 -0.000011 -0.000069 -0.000034 -0.707071 0.707142
1741159778.752638 0.840006 0.000126 -0.000011 -0.000069 -0.000034 -0.707062 0.707152
1741159778.802641 0.840006 0.000126 -0.000011 -0.000069 -0.000034 -0.707062 0.707152
1741159778.852633 0.840006 0.000171 -0.000011 -0.000069 -0.000034 -0.707052 0.707161
1741159778.902633 0.840006 0.000171 -0.000011 -0.000069 -0.000034 -0.707052 0.707161
1741159778.952617 0.840006 0.000217 -0.000011 -0.000069 -0.000034 -0.707043 0.707171
1741159779.002635 0.840006 0.000217 -0.000011 -0.000069 -0.000034 -0.707043 0.707171
1741159779.052634 0.840006 0.000262 -0.000007 0.000009 0.000032 -0.707033 0.707181
1741159779.102613 0.840006 0.000262 -0.000007 0.000009 0.000032 -0.707033 0.707181
1741159779.152639 0.840006 0.000308 -0.000007 0.000009 0.000032 -0.707023 0.707190
1741159779.202628 0.840006 0.000308 -0.000007 0.000009 0.000032 -0.707023 0.707190
1741159779.252704 0.840919 -0.069663 -0.000007 0.000009 0.000032 -0.697779 0.716313
1741159779.302635 0.840919 -0.069663 -0.000007 0.000009 0.000032 -0.697779 0.716313
1741159779.352669 0.840918 -0.069618 -0.000011 -0.000068 -0.000034 -0.697769 0.716323
1741159779.402616 0.840918 -0.069618 -0.000011 -0.000068 -0.000034 -0.697769 0.716323
1741159779.452637 0.840918 -0.069573 -0.000011 -0.000068 -0.000034 -0.697759 0.716332
1741159779.502636 0.840918 -0.069573 -0.000011 -0.000068 -0.000034 -0.697759 0.716332
1741159779.552635 0.843654 -0.139236 -0.000011 -0.000068 -0.000035 -0.688340 0.725388
1741159779.602618 0.843654 -0.139236 -0.000011 -0.000068 -0.000035 -0.688340 0.725388
1741159779.652637 0.843654 -0.139190 -0.000011 -0.000068 -0.000035 -0.688329 0.725398
1741159779.702628 0.843654 -0.139190 -0.000011 -0.000068 -0.000035 -0.688329 0.725398
1741159779.752660 0.848209 -0.208722 -0.000011 -0.000067 -0.000036 -0.678786 0.734336
1741159779.802670 0.848209 -0.208722 -0.000011 -0.000067 -0.000036 -0.678786 0.734336
1741159779.852642 0.848209 -0.208678 -0.000011 -0.000067 -0.000036 -0.678775 0.734347
1741159779.902625 0.848209 -0.208678 -0.000011 -0.000067 -0.000036 -0.678775 0.734347
1741159779.952635 0.854583 -0.278070 -0.000011 -0.000067 -0.000037 -0.669115 0.743158
1741159780.002613 0.854583 -0.278070 -0.000011 -0.000067 -0.000037 -0.669115 0.743158
1741159780.052613 0.854582 -0.278023 -0.000011 -0.000067 -0.000037 -0.669103 0.743170
1741159780.102612 0.854582 -0.278023 -0.000011 -0.000067 -0.000037 -0.669103 0.743170
1741159780.152614 0.862769 -0.347221 -0.000007 0.000007 0.000032 -0.659330 0.751854
1741159780.202612 0.862769 -0.347221 -0.000007 0.000007 0.000032 -0.659330 0.751854
1741159780.252617 0.862769 -0.347177 -0.000011 -0.000066 -0.000038 -0.659316 0.751866
1741159780.302615 0.862769 -0.347177 -0.000011 -0.000066 -0.000038 -0.659316 0.751866
1741159780.352610 0.872763 -0.416141 -0.000011 -0.000066 -0.000039 -0.649433 0.760419
1741159780.402615 0.872763 -0.416141 -0.000011 -0.000066 -0.000039 -0.649433 0.760419
1741159780.452624 0.872762 -0.416095 -0.000007 0.000006 0.000032 -0.649419 0.760431
1741159780.502617 0.872762 -0.416095 -0.000007 0.000006 0.000032 -0.649419 0.760431
1741159780.552617 0.884557 -0.484771 -0.000011 -0.000065 -0.000040 -0.639423 0.768855
1741159780.602615 0.884557 -0.484771 -0.000011 -0.000065 -0.000040 -0.639423 0.768855
1741159780.652632 0.884557 -0.484727 -0.000007 0.000006 0.000032 -0.639411 0.768866
1741159780.702633 0.884557 -0.484727 -0.000007 0.000006 0.000032 -0.639411 0.768866
1741159780.752645 0.884557 -0.484684 -0.000011 -0.000065 -0.000040 -0.639398 0.768876
1741159780.802638 0.884557 -0.484684 -0.000011 -0.000065 -0.000040 -0.639398 0.768876
1741159780.852623 0.898144 -0.553066 -0.000011 -0.000065 -0.000041 -0.629305 0.777159
1741159780.902636 0.898144 -0.553066 -0.000011 -0.000065 -0.000041 -0.629305 0.777159
1741159780.952616 0.898144 -0.553024 -0.000007 0.000006 0.000032 -0.629293 0.777168
1741159781.002668 0.898144 -0.553024 -0.000007 0.000006 0.000032 -0.629293 0.777168
1741159781.052622 0.913514 -0.620990 -0.000011 -0.000064 -0.000041 -0.619080 0.785328
1741159781.102616 0.913514 -0.620990 -0.000011 -0.000064 -0.000041 -0.619080 0.785328
1741159781.152613 0.913515 -0.620949 -0.000011 -0.000064 -0.000041 -0.619071 0.785335
1741159781.202636 0.913515 -0.620949 -0.000011 -0.000064 -0.000041 -0.619071 0.785335
1741159781.252618 0.930657 -0.688485 -0.000011 -0.000064 -0.000042 -0.608750 0.793362
1741159781.302637 0.930657 -0.688485 -0.000011 -0.000064 -0.000042 -0.608750 0.793362
1741159781.352637 0.930659 -0.688445 -0.000011 -0.000064 -0.000042 -0.608742 0.793368
1741159781.402618 0.930659 -0.688445 -0.000011 -0.000064 -0.000042 -0.608742 0.793368
1741159781.452636 0.949561 -0.755506 -0.000011 -0.000063 -0.000043 -0.598314 0.801262
1741159781.502616 0.949561 -0.755506 -0.000011 -0.000063 -0.000043 -0.598314 0.801262
1741159781.552637 0.949563 -0.755467 -0.000007 0.000004 0.000033 -0.598308 0.801266
1741159781.602634 0.949563 -0.755467 -0.000007 0.000004 0.000033 -0.598308 0.801266
1741159781.652657 0.970213 -0.822009 -0.000011 -0.000063 -0.000044 -0.587775 0.809024
1741159781.702634 0.970213 -0.822009 -0.000011 -0.000063 -0.000044 -0.587775 0.809024
1741159781.752637 0.970215 -0.821971 -0.000011 -0.000063 -0.000044 -0.587771 0.809027
1741159781.802633 0.970215 -0.821971 -0.000011 -0.000063 -0.000044 -0.587771 0.809027
1741159781.852622 0.992598 -0.887951 -0.000011 -0.000062 -0.000045 -0.577137 0.816648
1741159781.902614 0.992598 -0.887951 -0.000011 -0.000062 -0.000045 -0.577137 0.816648
1741159781.952612 0.992601 -0.887915 -0.000011 -0.000062 -0.000045 -0.577134 0.816649
1741159782.002615 0.992601 -0.887915 -0.000011 -0.000062 -0.000045 -0.577134 0.816649
1741159782.052613 1.016702 -0.953287 -0.000011 -0.000062 -0.000046 -0.566399 0.824131
1741159782.102613 1.016702 -0.953287 -0.000011 -0.000062 -0.000046 -0.566399 0.824131
1741159782.152621 1.016706 -0.953251 -0.000007 0.000003 0.000033 -0.566398 0.824132
1741159782.202620 1.016706 -0.953251 -0.000007 0.000003 0.000033 -0.566398 0.824132
1741159782.252615 1.042508 -1.017964 -0.000007 0.000003 0.000033 -0.555563 0.831475
1741159782.302647 1.042508 -1.017964 -0.000007 0.000003 0.000033 -0.555563 0.831475
1741159782.352616 1.042512 -1.017931 -0.000011 -0.000061 -0.000046 -0.555565 0.831473
1741159782.402631 1.042512 -1.017931 -0.000011 -0.000061 -0.000046 -0.555565 0.831473
1741159782.452612 1.069998 -1.081946 -0.000007 0.000002 0.000033 -0.544633 0.838675
1741159782.502613 1.069998 -1.081946 -0.000007 0.000002 0.000033 -0.544633 0.838675
1741159782.552615 1.070004 -1.081913 -0.000011 -0.000061 -0.000047 -0.544637 0.838672
1741159782.602623 1.070004 -1.081913 -0.000011 -0.000061 -0.000047 -0.544637 0.838672
1741159782.652626 1.099155 -1.145183 -0.000011 -0.000060 -0.000048 -0.533612 0.845730
1741159782.702612 1.099155 -1.145183 -0.000011 -0.000060 -0.000048 -0.533612 0.845730
1741159782.752614 1.099161 -1.145151 -0.000007 0.000002 0.000033 -0.533618 0.845726
1741159782.802623 1.099161 -1.145151 -0.000007 0.000002 0.000033 -0.533618 0.845726
1741159782.852614 1.129955 -1.207642 -0.000011 -0.000059 -0.000049 -0.522495 0.852642
1741159782.902615 1.129955 -1.207642 -0.000011 -0.000059 -0.000049 -0.522495 0.852642
1741159782.952617 1.129962 -1.207611 -0.000011 -0.000059 -0.000049 -0.522505 0.852636
1741159783.002630 1.129962 -1.207611 -0.000011 -0.000059 -0.000049 -0.522505 0.852636
1741159783.052637 1.162382 -1.269265 -0.000007 0.000001 0.000033 -0.511294 0.859406
1741159783.102618 1.162382 -1.269265 -0.000007 0.000001 0.000033 -0.511294 0.859406
1741159783.152689 1.162389 -1.269236 -0.000011 -0.000059 -0.000050 -0.511306 0.859399
1741159783.202629 1.162389 -1.269236 -0.000011 -0.000059 -0.000050 -0.511306 0.859399
1741159783.252620 1.196409 -1.330024 -0.000011 -0.000058 -0.000051 -0.500002 0.866024
1741159783.302635 1.196409 -1.330024 -0.000011 -0.000058 -0.000051 -0.500002 0.866024
1741159783.352643 1.196417 -1.329995 -0.000011 -0.000058 -0.000051 -0.500017 0.866016
1741159783.402645 1.196417 -1.329995 -0.000011 -0.000058 -0.000051 -0.500017 0.866016
1741159783.452613 1.232014 -1.389872 -0.000011 -0.000057 -0.000051 -0.488623 0.872495
1741159783.502646 1.232014 -1.389872 -0.000011 -0.000057 -0.000051 -0.488623 0.872495
1741159783.552639 1.232023 -1.389845 -0.000011 -0.000057 -0.000051 -0.488639 0.872486
1741159783.602615 1.232023 -1.389845 -0.000011 -0.000057 -0.000051 -0.488639 0.872486
1741159783.652624 1.269175 -1.448764 -0.000011 -0.000057 -0.000052 -0.477161 0.878816
1741159783.702633 1.269175 -1.448764 -0.000011 -0.000057 -0.000052 -0.477161 0.878816
1741159783.752615 1.269183 -1.448738 -0.000011 -0.000057 -0.000052 -0.477178 0.878806
1741159783.802615 1.269183 -1.448738 -0.000011 -0.000057 -0.000052 -0.477178 0.878806
1741159783.852619 1.307863 -1.506666 -0.000011 -0.000056 -0.000053 -0.465616 0.884987
1741159783.902614 1.307863 -1.506666 -0.000011 -0.000056 -0.000053 -0.465616 0.884987
1741159783.952616 1.307870 -1.506641 -0.000011 -0.000056 -0.000053 -0.465632 0.884978
1741159784.002614 1.307870 -1.506641 -0.000011 -0.000056 -0.000053 -0.465632 0.884978
1741159784.052614 1.307878 -1.506616 -0.000011 -0.000056 -0.000053 -0.465648 0.884970
1741159784.102619 1.307878 -1.506616 -0.000011 -0.000056 -0.000053 -0.465648 0.884970
1741159784.152615 1.348054 -1.563533 -0.000011 -0.000055 -0.000054 -0.453991 0.891006
1741159784.202614 1.348054 -1.563533 -0.000011 -0.000055 -0.000054 -0.453991 0.891006
1741159784.252614 1.348060 -1.563509 -0.000011 -0.000055 -0.000054 -0.454004 0.890999
1741159784.302624 1.348060 -1.563509 -0.000011 -0.000055 -0.000054 -0.454004 0.890999
1741159784.352620 1.389719 -1.619331 -0.000007 -0.000002 0.000033 -0.442286 0.896874
1741159784.402628 1.389719 -1.619331 -0.000007 -0.000002 0.000033 -0.442286 0.896874
1741159784.452613 1.389724 -1.619308 -0.000007 -0.000002 0.000033 -0.442296 0.896869
1741159784.502618 1.389724 -1.619308 -0.000007 -0.000002 0.000033 -0.442296 0.896869
1741159784.552615 1.389728 -1.619287 -0.000011 -0.000055 -0.000054 -0.442307 0.896864
1741159784.602617 1.389728 -1.619287 -0.000011 -0.000055 -0.000054 -0.442307 0.896864
1741159784.652614 1.432831 -1.674017 -0.000007 -0.000002 0.000033 -0.430506 0.902588
1741159784.702617 1.432831 -1.674017 -0.000007 -0.000002 0.000033 -0.430506 0.902588
1741159784.752615 1.432834 -1.673996 -0.000007 -0.000002 0.000033 -0.430513 0.902584
1741159784.802615 1.432834 -1.673996 -0.000007 -0.000002 0.000033 -0.430513 0.902584
1741159784.852614 1.477359 -1.727556 -0.000011 -0.000053 -0.000056 -0.418653 0.908146
1741159784.902611 1.477359 -1.727556 -0.000011 -0.000053 -0.000056 -0.418653 0.908146
1741159784.952626 1.477361 -1.727537 -0.000011 -0.000053 -0.000056 -0.418656 0.908145
1741159785.002641 1.477361 -1.727537 -0.000011 -0.000053 -0.000056 -0.418656 0.908145
1741159785.052619 1.523275 -1.779912 -0.000007 -0.000003 0.000033 -0.406729 0.913549
1741159785.102621 1.523275 -1.779912 -0.000007 -0.000003 0.000033 -0.406729 0.913549
1741159785.152621 1.523276 -1.779894 -0.000011 -0.000053 -0.000056 -0.406731 0.913548
1741159785.202616 1.523276 -1.779894 -0.000011 -0.000053 -0.000056 -0.406731 0.913548
1741159785.252635 1.570545 -1.831045 -0.000007 -0.000003 0.000033 -0.394736 0.918795
1741159785.302625 1.570545 -1.831045 -0.000007 -0.000003 0.000033 -0.394736 0.918795
1741159785.352636 1.570545 -1.831028 -0.000011 -0.000052 -0.000057 -0.394737 0.918794
1741159785.402644 1.570545 -1.831028 -0.000011 -0.000052 -0.000057 -0.394737 0.918794
1741159785.452643 1.619137 -1.880926 -0.000011 -0.000051 -0.000058 -0.382674 0.923883
1741159785.502636 1.619137 -1.880926 -0.000011 -0.000051 -0.000058 -0.382674 0.923883
1741159785.552615 1.619136 -1.880909 -0.000007 -0.000004 0.000033 -0.382674 0.923883
1741159785.602614 1.619136 -1.880909 -0.000007 -0.000004 0.000033 -0.382674 0.923883
1741159785.652626 1.669018 -1.929518 -0.000007 -0.000004 0.000033 -0.370547 0.928814
1741159785.702641 1.669018 -1.929518 -0.000007 -0.000004 0.000033 -0.370547 0.928814
1741159785.752630 1.669017 -1.929502 -0.000011 -0.000050 -0.000059 -0.370546 0.928814
1741159785.802625 1.669017 -1.929502 -0.000011 -0.000050 -0.000059 -0.370546 0.928814
1741159785.852616 1.720154 -1.976786 -0.000011 -0.000050 -0.000059 -0.358357 0.933585
1741159785.902633 1.720154 -1.976786 -0.000011 -0.000050 -0.000059 -0.358357 0.933585
1741159785.952620 1.720151 -1.976771 -0.000011 -0.000050 -0.000059 -0.358354 0.933586
1741159786.002616 1.720151 -1.976771 -0.000011 -0.000050 -0.000059 -0.358354 0.933586
1741159786.052646 1.720149 -1.976754 -0.000007 -0.000005 0.000033 -0.358351 0.933587
1741159786.102622 1.720149 -1.976754 -0.000007 -0.000005 0.000033 -0.358351 0.933587
1741159786.152617 1.772510 -2.022700 -0.000007 -0.000005 0.000033 -0.346106 0.938195
1741159786.202621 1.772510 -2.022700 -0.000007 -0.000005 0.000033 -0.346106 0.938195
1741159786.252639 1.772507 -2.022685 -0.000011 -0.000049 -0.000060 -0.346103 0.938197
1741159786.302617 1.772507 -2.022685 -0.000011 -0.000049 -0.000060 -0.346103 0.938197
1741159786.352617 1.826050 -2.067227 -0.000011 -0.000048 -0.000060 -0.333795 0.942646
1741159786.402623 1.826050 -2.067227 -0.000011 -0.000048 -0.000060 -0.333795 0.942646
1741159786.452621 1.826048 -2.067211 -0.000011 -0.000048 -0.000060 -0.333790 0.942648
1741159786.502628 1.826048 -2.067211 -0.000011 -0.000048 -0.000060 -0.333790 0.942648
1741159786.552628 1.880739 -2.110337 -0.000011 -0.000047 -0.000061 -0.321426 0.946935
1741159786.602612 1.880739 -2.110337 -0.000011 -0.000047 -0.000061 -0.321426 0.946935
1741159786.652637 1.880737 -2.110321 -0.000011 -0.000047 -0.000061 -0.321418 0.946937
1741159786.702614 1.880737 -2.110321 -0.000011 -0.000047 -0.000061 -0.321418 0.946937
1741159786.752647 1.936537 -2.152003 -0.000011 -0.000046 -0.000062 -0.309002 0.951061
1741159786.802636 1.936537 -2.152003 -0.000011 -0.000046 -0.000062 -0.309002 0.951061
1741159786.852620 1.936536 -2.151987 -0.000007 -0.000006 0.000032 -0.308993 0.951064
1741159786.902629 1.936536 -2.151987 -0.000007 -0.000006 0.000032 -0.308993 0.951064
1741159786.952644 1.993406 -2.192193 -0.000011 -0.000046 -0.000062 -0.296527 0.955025
1741159787.002617 1.993406 -2.192193 -0.000011 -0.000046 -0.000062 -0.296527 0.955025
1741159787.052666 1.993406 -2.192179 -0.000011 -0.000046 -0.000062 -0.296517 0.955027
1741159787.102617 1.993406 -2.192179 -0.000011 -0.000046 -0.000062 -0.296517 0.955027
1741159787.152613 2.051307 -2.230880 -0.000011 -0.000045 -0.000063 -0.284001 0.958824
1741159787.202637 2.051307 -2.230880 -0.000011 -0.000045 -0.000063 -0.284001 0.958824
1741159787.252615 2.051307 -2.230868 -0.000011 -0.000045 -0.000063 -0.283992 0.958827
1741159787.302635 2.051307 -2.230868 -0.000011 -0.000045 -0.000063 -0.283992 0.958827
1741159787.352626 2.110201 -2.268040 -0.000011 -0.000044 -0.000063 -0.271427 0.962459
1741159787.402640 2.110201 -2.268040 -0.000011 -0.000044 -0.000063 -0.271427 0.962459
1741159787.452643 2.110201 -2.268030 -0.000011 -0.000044 -0.000063 -0.271419 0.962461
1741159787.502665 2.110201 -2.268030 -0.000011 -0.000044 -0.000063 -0.271419 0.962461
1741159787.552637 2.170048 -2.303644 -0.000011 -0.000043 -0.000064 -0.258806 0.965929
1741159787.602623 2.170048 -2.303644 -0.000011 -0.000043 -0.000064 -0.258806 0.965929
1741159787.652641 2.170047 -2.303636 -0.000007 -0.000008 0.000032 -0.258799 0.965931
1741159787.702626 2.170047 -2.303636 -0.000007 -0.000008 0.000032 -0.258799 0.965931
1741159787.752636 2.230805 -2.337670 -0.000007 -0.000008 0.000032 -0.246141 0.969234
1741159787.802619 2.230805 -2.337670 -0.000007 -0.000008 0.000032 -0.246141 0.969234
1741159787.852616 2.230803 -2.337664 -0.000011 -0.000042 -0.000064 -0.246136 0.969235
1741159787.902616 2.230803 -2.337664 -0.000011 -0.000042 -0.000064 -0.246136 0.969235
1741159787.952650 2.292432 -2.370093 -0.000007 -0.000009 0.000032 -0.233433 0.972373
1741159788.002628 2.292432 -2.370093 -0.000007 -0.000009 0.000032 -0.233433 0.972373
1741159788.052637 2.292427 -2.370089 -0.000007 -0.000009 0.000032 -0.233429 0.972374
1741159788.102626 2.292427 -2.370089 -0.000007 -0.000009 0.000032 -0.233429 0.972374
1741159788.152648 2.354885 -2.400893 -0.000011 -0.000040 -0.000065 -0.220686 0.975345
1741159788.202635 2.354885 -2.400893 -0.000011 -0.000040 -0.000065 -0.220686 0.975345
1741159788.252637 2.354877 -2.400889 -0.000007 -0.000009 0.000032 -0.220682 0.975346
1741159788.302613 2.354877 -2.400889 -0.000007 -0.000009 0.000032 -0.220682 0.975346
1741159788.352656 2.418123 -2.430046 -0.000007 -0.000010 0.000032 -0.207900 0.978150
1741159788.402624 2.418123 -2.430046 -0.000007 -0.000010 0.000032 -0.207900 0.978150
1741159788.452631 2.418111 -2.430044 -0.000011 -0.000040 -0.000066 -0.207896 0.978151
1741159788.502628 2.418111 -2.430044 -0.000011 -0.000040 -0.000066 -0.207896 0.978151
1741159788.552635 2.482101 -2.457534 -0.000011 -0.000039 -0.000066 -0.195078 0.980788
1741159788.602642 2.482101 -2.457534 -0.000011 -0.000039 -0.000066 -0.195078 0.980788
1741159788.652637 2.482086 -2.457532 -0.000011 -0.000039 -0.000066 -0.195075 0.980788
1741159788.702614 2.482086 -2.457532 -0.000011 -0.000039 -0.000066 -0.195075 0.980788
1741159788.752627 2.546780 -2.483337 -0.000011 -0.000038 -0.000067 -0.182224 0.983257
1741159788.802644 2.546780 -2.483337 -0.000011 -0.000038 -0.000067 -0.182224 0.983257
1741159788.852617 2.546761 -2.483337 -0.000011 -0.000038 -0.000067 -0.182221 0.983258
1741159788.902617 2.546761 -2.483337 -0.000011 -0.000038 -0.000067 -0.182221 0.983258
1741159788.952646 2.612112 -2.507439 -0.000011 -0.000037 -0.000067 -0.169339 0.985558
1741159789.002632 2.612112 -2.507439 -0.000011 -0.000037 -0.000067 -0.169339 0.985558
1741159789.052630 2.612090 -2.507439 -0.000011 -0.000037 -0.000067 -0.169338 0.985558
1741159789.102612 2.612090 -2.507439 -0.000011 -0.000037 -0.000067 -0.169338 0.985558
1741159789.152629 2.612068 -2.507440 -0.000011 -0.000037 -0.000067 -0.169337 0.985558
1741159789.202612 2.612068 -2.507440 -0.000011 -0.000037 -0.000067 -0.169337 0.985558
1741159789.252620 2.678053 -2.529822 -0.000007 -0.000011 0.000031 -0.156425 0.987690
1741159789.302617 2.678053 -2.529822 -0.000007 -0.000011 0.000031 -0.156425 0.987690
1741159789.352637 2.678029 -2.529823 -0.000007 -0.000011 0.000031 -0.156425 0.987690
1741159789.402624 2.678029 -2.529823 -0.000007 -0.000011 0.000031 -0.156425 0.987690
1741159789.452636 2.744556 -2.550471 -0.000011 -0.000035 -0.000068 -0.143484 0.989653
1741159789.502633 2.744556 -2.550471 -0.000011 -0.000035 -0.000068 -0.143484 0.989653
1741159789.552623 2.744530 -2.550472 -0.000011 -0.000035 -0.000068 -0.143485 0.989652
1741159789.602628 2.744530 -2.550472 -0.000011 -0.000035 -0.000068 -0.143485 0.989652
1741159789.652626 2.811575 -2.569372 -0.000011 -0.000034 -0.000069 -0.130517 0.991446
1741159789.702624 2.811575 -2.569372 -0.000011 -0.000034 -0.000069 -0.130517 0.991446
1741159789.752638 2.811546 -2.569374 -0.000007 -0.000012 0.000031 -0.130519 0.991446
1741159789.802601 2.811546 -2.569374 -0.000007 -0.000012 0.000031 -0.130519 0.991446
1741159789.852644 2.879071 -2.586512 -0.000011 -0.000033 -0.000069 -0.117528 0.993070
1741159789.902674 2.879071 -2.586512 -0.000011 -0.000033 -0.000069 -0.117528 0.993070
1741159789.952635 2.879040 -2.586514 -0.000007 -0.000013 0.000030 -0.117532 0.993069
1741159790.002653 2.879040 -2.586514 -0.000007 -0.000013 0.000030 -0.117532 0.993069
1741159790.052641 2.879010 -2.586516 -0.000007 -0.000013 0.000030 -0.117535 0.993069
1741159790.102617 2.879010 -2.586516 -0.000007 -0.000013 0.000030 -0.117535 0.993069
1741159790.152635 2.946987 -2.601880 -0.000011 -0.000032 -0.000069 -0.104520 0.994523
1741159790.202635 2.946987 -2.601880 -0.000011 -0.000032 -0.000069 -0.104520 0.994523
1741159790.252651 2.946955 -2.601882 -0.000007 -0.000013 0.000030 -0.104524 0.994522
1741159790.302636 2.946955 -2.601882 -0.000007 -0.000013 0.000030 -0.104524 0.994522
1741159790.352610 3.015285 -2.615464 -0.000007 -0.000013 0.000030 -0.091495 0.995806
1741159790.402638 3.015285 -2.615464 -0.000007 -0.000013 0.000030 -0.091495 0.995806
1741159790.452632 3.015250 -2.615466 -0.000011 -0.000031 -0.000070 -0.091499 0.995805
1741159790.502664 3.015250 -2.615466 -0.000011 -0.000031 -0.000070 -0.091499 0.995805
1741159790.552616 3.083914 -2.627255 -0.000007 -0.000014 0.000030 -0.078450 0.996918
1741159790.602614 3.083914 -2.627255 -0.000007 -0.000014 0.000030 -0.078450 0.996918
1741159790.652627 3.083879 -2.627258 -0.000011 -0.000030 -0.000070 -0.078453 0.996918
1741159790.702619 3.083879 -2.627258 -0.000011 -0.000030 -0.000070 -0.078453 0.996918
1741159790.752627 3.152829 -2.637246 -0.000007 -0.000014 0.000030 -0.065393 0.997860
1741159790.802616 3.152829 -2.637246 -0.000007 -0.000014 0.000030 -0.065393 0.997860
1741159790.852634 3.152791 -2.637248 -0.000007 -0.000014 0.000030 -0.065395 0.997859
1741159790.902616 3.152791 -2.637248 -0.000007 -0.000014 0.000030 -0.065395 0.997859
1741159790.952624 3.221983 -2.645429 -0.000007 -0.000014 0.000030 -0.052327 0.998630
1741159791.002620 3.221983 -2.645429 -0.000007 -0.000014 0.000030 -0.052327 0.998630
1741159791.052630 3.221944 -2.645431 -0.000011 -0.000029 -0.000071 -0.052328 0.998630
1741159791.102643 3.221944 -2.645431 -0.000011 -0.000029 -0.000071 -0.052328 0.998630
1741159791.152626 3.291326 -2.651799 -0.000011 -0.000028 -0.000071 -0.039250 0.999229
1741159791.202636 3.291326 -2.651799 -0.000011 -0.000028 -0.000071 -0.039250 0.999229
1741159791.252635 3.291284 -2.651801 -0.000007 -0.000015 0.000029 -0.039249 0.999229
1741159791.302617 3.291284 -2.651801 -0.000007 -0.000015 0.000029 -0.039249 0.999229
1741159791.352639 3.360814 -2.656352 -0.000007 -0.000015 0.000029 -0.026167 0.999658
1741159791.402694 3.360814 -2.656352 -0.000007 -0.000015 0.000029 -0.026167 0.999658
1741159791.452651 3.360772 -2.656353 -0.000007 -0.000015 0.000029 -0.026165 0.999658
1741159791.502620 3.360772 -2.656353 -0.000007 -0.000015 0.000029 -0.026165 0.999658
1741159791.552624 3.430400 -2.659084 -0.000011 -0.000026 -0.000072 -0.013079 0.999914
1741159791.602674 3.430400 -2.659084 -0.000011 -0.000026 -0.000072 -0.013079 0.999914
1741159791.652666 3.430357 -2.659085 -0.000007 -0.000016 0.000029 -0.013078 0.999914
1741159791.702628 3.430357 -2.659085 -0.000007 -0.000016 0.000029 -0.013078 0.999914
1741159791.752663 3.500027 -2.659994 -0.000011 -0.000025 -0.000072 0.000010 1.000000
1741159791.802643 3.500027 -2.659994 -0.000011 -0.000025 -0.000072 0.000010 1.000000
1741159791.852631 3.499983 -2.659994 -0.000011 -0.000025 -0.000072 0.000012 1.000000
1741159791.902648 3.499983 -2.659994 -0.000011 -0.000025 -0.000072 0.000012 1.000000
1741159791.952612 3.499939 -2.659994 -0.000011 -0.000025 -0.000072 0.000013 1.000000
1741159792.002627 3.499939 -2.659994 -0.000011 -0.000025 -0.000072 0.000013 1.000000
1741159792.052629 3.569656 -2.659081 -0.000011 -0.000024 -0.000073 0.013102 0.999914
1741159792.102625 3.569656 -2.659081 -0.000011 -0.000024 -0.000073 0.013102 0.999914
1741159792.152626 3.569612 -2.659081 -0.000011 -0.000024 -0.000073 0.013104 0.999914
1741159792.202624 3.569612 -2.659081 -0.000011 -0.000024 -0.000073 0.013104 0.999914
1741159792.252630 3.569567 -2.659080 -0.000011 -0.000024 -0.000073 0.013106 0.999914
1741159792.302623 3.569567 -2.659080 -0.000011 -0.000024 -0.000073 0.013106 0.999914
1741159792.352644 3.639235 -2.656346 -0.000011 -0.000023 -0.000073 0.026189 0.999657
1741159792.402618 3.639235 -2.656346 -0.000011 -0.000023 -0.000073 0.026189 0.999657
1741159792.452636 3.639190 -2.656345 -0.000011 -0.000023 -0.000073 0.026193 0.999657
1741159792.502626 3.639190 -2.656345 -0.000011 -0.000023 -0.000073 0.026193 0.999657
1741159792.552638 3.708729 -2.651790 -0.000011 -0.000022 -0.000073 0.039273 0.999229
1741159792.602625 3.708729 -2.651790 -0.000011 -0.000022 -0.000073 0.039273 0.999229
1741159792.652651 3.708683 -2.651788 -0.000007 -0.000017 0.000028 0.039279 0.999228
1741159792.702636 3.708683 -2.651788 -0.000007 -0.000017 0.000028 0.039279 0.999228
1741159792.752633 3.778071 -2.645416 -0.000011 -0.000021 -0.000073 0.052352 0.998629
1741159792.802636 3.778071 -2.645416 -0.000011 -0.000021 -0.000073 0.052352 0.998629
1741159792.852625 3.778025 -2.645415 -0.000007 -0.000017 0.000028 0.052361 0.998628
1741159792.902622 3.778025 -2.645415 -0.000007 -0.000017 0.000028 0.052361 0.998628
1741159792.952623 3.777981 -2.645413 -0.000011 -0.000021 -0.000073 0.052369 0.998628
1741159793.002636 3.777981 -2.645413 -0.000011 -0.000021 -0.000073 0.052369 0.998628
1741159793.052642 3.847223 -2.637230 -0.000011 -0.000020 -0.000074 0.065421 0.997858
1741159793.102614 3.847223 -2.637230 -0.000011 -0.000020 -0.000074 0.065421 0.997858
1741159793.152624 3.847178 -2.637228 -0.000011 -0.000020 -0.000074 0.065433 0.997857
1741159793.202612 3.847178 -2.637228 -0.000011 -0.000020 -0.000074 0.065433 0.997857
1741159793.252645 3.847133 -2.637226 -0.000011 -0.000020 -0.000074 0.065445 0.997856
1741159793.302629 3.847133 -2.637226 -0.000011 -0.000020 -0.000074 0.065445 0.997856
1741159793.352634 3.916138 -2.627236 -0.000011 -0.000019 -0.000074 0.078479 0.996916
1741159793.402672 3.916138 -2.627236 -0.000011 -0.000019 -0.000074 0.078479 0.996916
1741159793.452642 3.916095 -2.627234 -0.000011 -0.000019 -0.000074 0.078493 0.996915
1741159793.502615 3.916095 -2.627234 -0.000011 -0.000019 -0.000074 0.078493 0.996915
1741159793.552613 3.984772 -2.615441 -0.000011 -0.000018 -0.000074 0.091521 0.995803
1741159793.602663 3.984772 -2.615441 -0.000011 -0.000018 -0.000074 0.091521 0.995803
1741159793.652627 3.984729 -2.615439 -0.000011 -0.000018 -0.000074 0.091537 0.995802
1741159793.702641 3.984729 -2.615439 -0.000011 -0.000018 -0.000074 0.091537 0.995802
1741159793.752634 4.053070 -2.601855 -0.000011 -0.000017 -0.000075 0.104548 0.994520
1741159793.802635 4.053070 -2.601855 -0.000011 -0.000017 -0.000075 0.104548 0.994520
1741159793.852638 4.053029 -2.601852 -0.000011 -0.000017 -0.000075 0.104564 0.994518
1741159793.902615 4.053029 -2.601852 -0.000011 -0.000017 -0.000075 0.104564 0.994518
1741159793.952617 4.120991 -2.586484 -0.000011 -0.000016 -0.000075 0.117557 0.993066
1741159794.002618 4.120991 -2.586484 -0.000011 -0.000016 -0.000075 0.117557 0.993066
1741159794.052632 4.120951 -2.586481 -0.000011 -0.000016 -0.000075 0.117572 0.993064
1741159794.102633 4.120951 -2.586481 -0.000011 -0.000016 -0.000075 0.117572 0.993064
1741159794.152648 4.188482 -2.569341 -0.000011 -0.000015 -0.000075 0.130546 0.991442
1741159794.202621 4.188482 -2.569341 -0.000011 -0.000015 -0.000075 0.130546 0.991442
1741159794.252629 4.188443 -2.569337 -0.000007 -0.000020 0.000026 0.130560 0.991440
1741159794.302627 4.188443 -2.569337 -0.000007 -0.000020 0.000026 0.130560 0.991440
1741159794.352611 4.188405 -2.569334 -0.000011 -0.000015 -0.000075 0.130574 0.991439
1741159794.402622 4.188405 -2.569334 -0.000011 -0.000015 -0.000075 0.130574 0.991439
1741159794.452634 4.255506 -2.550437 -0.000011 -0.000014 -0.000075 0.143510 0.989649
1741159794.502616 4.255506 -2.550437 -0.000011 -0.000014 -0.000075 0.143510 0.989649
1741159794.552617 4.255469 -2.550433 -0.000011 -0.000014 -0.000075 0.143523 0.989647
1741159794.602639 4.255469 -2.550433 -0.000011 -0.000014 -0.000075 0.143523 0.989647
1741159794.652623 4.322012 -2.529786 -0.000011 -0.000013 -0.000076 0.156451 0.987686
1741159794.702636 4.322012 -2.529786 -0.000011 -0.000013 -0.000076 0.156451 0.987686
1741159794.752619 4.321975 -2.529781 -0.000007 -0.000020 0.000026 0.156462 0.987684
1741159794.802627 4.321975 -2.529781 -0.000007 -0.000020 0.000026 0.156462 0.987684
1741159794.852616 4.321939 -2.529776 -0.000007 -0.000020 0.000026 0.156474 0.987682
1741159794.902617 4.321939 -2.529776 -0.000007 -0.000020 0.000026 0.156474 0.987682
1741159794.952639 4.387956 -2.507401 -0.000011 -0.000012 -0.000076 0.169365 0.985553
1741159795.002620 4.387956 -2.507401 -0.000011 -0.000012 -0.000076 0.169365 0.985553
1741159795.052617 4.387919 -2.507396 -0.000007 -0.000021 0.000026 0.169376 0.985552
1741159795.102613 4.387919 -2.507396 -0.000007 -0.000021 0.000026 0.169376 0.985552
1741159795.152617 4.453287 -2.483297 -0.000007 -0.000021 0.000025 0.182250 0.983252
1741159795.202614 4.453287 -2.483297 -0.000007 -0.000021 0.000025 0.182250 0.983252
1741159795.252616 4.453255 -2.483291 -0.000007 -0.000021 0.000025 0.182259 0.983251
1741159795.302638 4.453255 -2.483291 -0.000007 -0.000021 0.000025 0.182259 0.983251
1741159795.352627 4.453222 -2.483286 -0.000011 -0.000011 -0.000076 0.182267 0.983249
1741159795.402636 4.453222 -2.483286 -0.000011 -0.000011 -0.000076 0.182267 0.983249
1741159795.452641 4.517966 -2.457491 -0.000011 -0.000010 -0.000076 0.195104 0.980783
1741159795.502645 4.517966 -2.457491 -0.000011 -0.000010 -0.000076 0.195104 0.980783
1741159795.552623 4.517933 -2.457485 -0.000007 -0.000021 0.000025 0.195111 0.980781
1741159795.602639 4.517933 -2.457485 -0.000007 -0.000021 0.000025 0.195111 0.980781
1741159795.652633 4.581945 -2.430000 -0.000011 -0.000009 -0.000076 0.207923 0.978145
1741159795.702648 4.581945 -2.430000 -0.000011 -0.000009 -0.000076 0.207923 0.978145
1741159795.752637 4.581913 -2.429993 -0.000011 -0.000009 -0.000076 0.207928 0.978144
1741159795.802613 4.581913 -2.429993 -0.000011 -0.000009 -0.000076 0.207928 0.978144
1741159795.852632 4.645187 -2.400845 -0.000011 -0.000008 -0.000077 0.220707 0.975340
1741159795.902622 4.645187 -2.400845 -0.000011 -0.000008 -0.000077 0.220707 0.975340
1741159795.952631 4.645156 -2.400837 -0.000007 -0.000022 0.000025 0.220711 0.975339
1741159796.002642 4.645156 -2.400837 -0.000007 -0.000022 0.000025 0.220711 0.975339
1741159796.052638 4.707640 -2.370043 -0.000007 -0.000022 0.000024 0.233455 0.972368
1741159796.102644 4.707640 -2.370043 -0.000007 -0.000022 0.000024 0.233455 0.972368
1741159796.152634 4.707610 -2.370035 -0.000007 -0.000022 0.000024 0.233455 0.972368
1741159796.202632 4.707610 -2.370035 -0.000007 -0.000022 0.000024 0.233455 0.972368
1741159796.252637 4.769268 -2.337618 -0.000007 -0.000023 0.000024 0.246162 0.969229
1741159796.302619 4.769268 -2.337618 -0.000007 -0.000023 0.000024 0.246162 0.969229
1741159796.352631 4.769239 -2.337609 -0.000011 -0.000006 -0.000077 0.246161 0.969229
1741159796.402644 4.769239 -2.337609 -0.000011 -0.000006 -0.000077 0.246161 0.969229
1741159796.452632 4.830024 -2.303590 -0.000011 -0.000005 -0.000077 0.258826 0.965924
1741159796.502627 4.830024 -2.303590 -0.000011 -0.000005 -0.000077 0.258826 0.965924
1741159796.552632 4.829996 -2.303581 -0.000011 -0.000005 -0.000077 0.258823 0.965925
1741159796.602616 4.829996 -2.303581 -0.000011 -0.000005 -0.000077 0.258823 0.965925
1741159796.652631 4.889871 -2.267985 -0.000011 -0.000004 -0.000077 0.271447 0.962453
1741159796.702616 4.889871 -2.267985 -0.000011 -0.000004 -0.000077 0.271447 0.962453
1741159796.752623 4.889844 -2.267975 -0.000011 -0.000004 -0.000077 0.271443 0.962454
1741159796.802627 4.889844 -2.267975 -0.000011 -0.000004 -0.000077 0.271443 0.962454
1741159796.852612 4.948765 -2.230825 -0.000011 -0.000003 -0.000077 0.284022 0.958818
1741159796.902613 4.948765 -2.230825 -0.000011 -0.000003 -0.000077 0.284022 0.958818
1741159796.952616 4.948739 -2.230816 -0.000011 -0.000003 -0.000077 0.284019 0.958819
1741159797.002620 4.948739 -2.230816 -0.000011 -0.000003 -0.000077 0.284019 0.958819
1741159797.052612 5.006663 -2.192136 -0.000007 -0.000024 0.000023 0.296549 0.955018
1741159797.102634 5.006663 -2.192136 -0.000007 -0.000024 0.000023 0.296549 0.955018
1741159797.152633 5.006638 -2.192128 -0.000007 -0.000024 0.000023 0.296547 0.955018
1741159797.202657 5.006638 -2.192128 -0.000007 -0.000024 0.000023 0.296547 0.955018
1741159797.252623 5.063533 -2.151946 -0.000011 -0.000001 -0.000077 0.309026 0.951054
1741159797.302621 5.063533 -2.151946 -0.000011 -0.000001 -0.000077 0.309026 0.951054
1741159797.352653 5.063508 -2.151939 -0.000011 -0.000001 -0.000077 0.309025 0.951054
1741159797.402621 5.063508 -2.151939 -0.000011 -0.000001 -0.000077 0.309025 0.951054
1741159797.452615 5.119330 -2.110280 -0.000011 -0.000000 -0.000077 0.321450 0.946927
1741159797.502617 5.119330 -2.110280 -0.000011 -0.000000 -0.000077 0.321450 0.946927
1741159797.552611 5.119305 -2.110275 -0.000007 -0.000025 0.000022 0.321453 0.946926
1741159797.602613 5.119305 -2.110275 -0.000007 -0.000025 0.000022 0.321453 0.946926
1741159797.652619 5.174017 -2.067169 -0.000011 0.000001 -0.000077 0.333819 0.942637
1741159797.702618 5.174017 -2.067169 -0.000011 0.000001 -0.000077 0.333819 0.942637
1741159797.752613 5.173994 -2.067165 -0.000011 0.000001 -0.000077 0.333824 0.942635
1741159797.802612 5.173994 -2.067165 -0.000011 0.000001 -0.000077 0.333824 0.942635
1741159797.852613 5.227556 -2.022640 -0.000011 0.000002 -0.000077 0.346131 0.938186
1741159797.902619 5.227556 -2.022640 -0.000011 0.000002 -0.000077 0.346131 0.938186
1741159797.952612 5.227533 -2.022637 -0.000011 0.000002 -0.000077 0.346139 0.938183
1741159798.002620 5.227533 -2.022637 -0.000011 0.000002 -0.000077 0.346139 0.938183
1741159798.052618 5.279908 -1.976725 -0.000007 -0.000025 0.000021 0.358383 0.933575
1741159798.102618 5.279908 -1.976725 -0.000007 -0.000025 0.000021 0.358383 0.933575
1741159798.152611 5.279888 -1.976723 -0.000011 0.000003 -0.000077 0.358392 0.933571
1741159798.202621 5.279888 -1.976723 -0.000011 0.000003 -0.000077 0.358392 0.933571
1741159798.252656 5.279866 -1.976721 -0.000011 0.000003 -0.000077 0.358401 0.933568
1741159798.302617 5.279866 -1.976721 -0.000011 0.000003 -0.000077 0.358401 0.933568
1741159798.352614 5.331045 -1.929455 -0.000011 0.000004 -0.000077 0.370572 0.928804
1741159798.402617 5.331045 -1.929455 -0.000011 0.000004 -0.000077 0.370572 0.928804
1741159798.452618 5.331024 -1.929453 -0.000011 0.000004 -0.000077 0.370582 0.928800
1741159798.502625 5.331024 -1.929453 -0.000011 0.000004 -0.000077 0.370582 0.928800
1741159798.552615 5.380924 -1.880862 -0.000011 0.000005 -0.000077 0.382699 0.923873
1741159798.602618 5.380924 -1.880862 -0.000011 0.000005 -0.000077 0.382699 0.923873
1741159798.652612 5.380904 -1.880861 -0.000011 0.000005 -0.000077 0.382709 0.923869
1741159798.702625 5.380904 -1.880861 -0.000011 0.000005 -0.000077 0.382709 0.923869
1741159798.752612 5.429516 -1.830981 -0.000011 0.000006 -0.000077 0.394759 0.918785
1741159798.802629 5.429516 -1.830981 -0.000011 0.000006 -0.000077 0.394759 0.918785
1741159798.852610 5.429496 -1.830980 -0.000011 0.000006 -0.000077 0.394771 0.918780
1741159798.902614 5.429496 -1.830980 -0.000011 0.000006 -0.000077 0.394771 0.918780
1741159798.952612 5.429476 -1.830980 -0.000011 0.000006 -0.000077 0.394782 0.918775
1741159799.002614 5.429476 -1.830980 -0.000011 0.000006 -0.000077 0.394782 0.918775
1741159799.052618 5.476782 -1.779845 -0.000011 0.000007 -0.000077 0.406754 0.913538
1741159799.102617 5.476782 -1.779845 -0.000011 0.000007 -0.000077 0.406754 0.913538
1741159799.152613 5.476762 -1.779845 -0.000007 -0.000027 0.000020 0.406766 0.913532
1741159799.202617 5.476762 -1.779845 -0.000007 -0.000027 0.000020 0.406766 0.913532
1741159799.252643 5.522700 -1.727489 -0.000011 0.000008 -0.000077 0.418675 0.908136
1741159799.302626 5.522700 -1.727489 -0.000011 0.000008 -0.000077 0.418675 0.908136
1741159799.352627 5.522681 -1.727490 -0.000011 0.000008 -0.000077 0.418688 0.908130
1741159799.402672 5.522681 -1.727490 -0.000011 0.000008 -0.000077 0.418688 0.908130
1741159799.452636 5.567225 -1.673949 -0.000007 -0.000027 0.000019 0.430529 0.902577
1741159799.502644 5.567225 -1.673949 -0.000007 -0.000027 0.000019 0.430529 0.902577
1741159799.552634 5.567208 -1.673950 -0.000007 -0.000027 0.000019 0.430542 0.902570
1741159799.602620 5.567208 -1.673950 -0.000007 -0.000027 0.000019 0.430542 0.902570
1741159799.652646 5.567191 -1.673951 -0.000011 0.000009 -0.000077 0.430555 0.902564
1741159799.702615 5.567191 -1.673951 -0.000011 0.000009 -0.000077 0.430555 0.902564
1741159799.752649 5.610337 -1.619261 -0.000011 0.000010 -0.000077 0.442306 0.896864
1741159799.802616 5.610337 -1.619261 -0.000011 0.000010 -0.000077 0.442306 0.896864
1741159799.852611 5.610320 -1.619261 -0.000011 0.000010 -0.000077 0.442320 0.896857
1741159799.902622 5.610320 -1.619261 -0.000011 0.000010 -0.000077 0.442320 0.896857
1741159799.952612 5.610304 -1.619261 -0.000011 0.000010 -0.000077 0.442334 0.896850
1741159800.002613 5.610304 -1.619261 -0.000011 0.000010 -0.000077 0.442334 0.896850
1741159800.052613 5.652003 -1.563463 -0.000007 -0.000028 0.000019 0.454007 0.890998
1741159800.102614 5.652003 -1.563463 -0.000007 -0.000028 0.000019 0.454007 0.890998
1741159800.152614 5.651989 -1.563462 -0.000011 0.000011 -0.000077 0.454020 0.890992
1741159800.202621 5.651989 -1.563462 -0.000011 0.000011 -0.000077 0.454020 0.890992
1741159800.252616 5.651974 -1.563462 -0.000011 0.000011 -0.000077 0.454033 0.890985
1741159800.302612 5.651974 -1.563462 -0.000011 0.000011 -0.000077 0.454033 0.890985
1741159800.352614 5.692192 -1.506594 -0.000007 -0.000028 0.000018 0.465631 0.884979
1741159800.402614 5.692192 -1.506594 -0.000007 -0.000028 0.000018 0.465631 0.884979
1741159800.452615 5.692180 -1.506593 -0.000011 0.000012 -0.000076 0.465642 0.884973
1741159800.502615 5.692180 -1.506593 -0.000011 0.000012 -0.000076 0.465642 0.884973
1741159800.552614 5.730880 -1.448693 -0.000011 0.000013 -0.000076 0.477174 0.878809
1741159800.602613 5.730880 -1.448693 -0.000011 0.000013 -0.000076 0.477174 0.878809
1741159800.652632 5.730867 -1.448692 -0.000007 -0.000028 0.000018 0.477186 0.878802
1741159800.702623 5.730867 -1.448692 -0.000007 -0.000028 0.000018 0.477186 0.878802
1741159800.752623 5.768038 -1.389799 -0.000011 0.000014 -0.000076 0.488636 0.872488
1741159800.802619 5.768038 -1.389799 -0.000011 0.000014 -0.000076 0.488636 0.872488
1741159800.852611 5.768026 -1.389799 -0.000011 0.000014 -0.000076 0.488647 0.872481
1741159800.902611 5.768026 -1.389799 -0.000011 0.000014 -0.000076 0.488647 0.872481
1741159800.952611 5.768014 -1.389799 -0.000007 -0.000028 0.000017 0.488659 0.872475
1741159801.002613 5.768014 -1.389799 -0.000007 -0.000028 0.000017 0.488659 0.872475
1741159801.052623 5.803642 -1.329952 -0.000011 0.000015 -0.000076 0.500015 0.866017
1741159801.102630 5.803642 -1.329952 -0.000011 0.000015 -0.000076 0.500015 0.866017
1741159801.152624 5.803631 -1.329953 -0.000011 0.000015 -0.000076 0.500026 0.866011
1741159801.202618 5.803631 -1.329953 -0.000011 0.000015 -0.000076 0.500026 0.866011
1741159801.252616 5.837667 -1.269195 -0.000011 0.000016 -0.000076 0.511308 0.859398
1741159801.302621 5.837667 -1.269195 -0.000011 0.000016 -0.000076 0.511308 0.859398
1741159801.352647 5.837657 -1.269197 -0.000007 -0.000029 0.000017 0.511319 0.859391
1741159801.402624 5.837657 -1.269197 -0.000007 -0.000029 0.000017 0.511319 0.859391
1741159801.452635 5.870090 -1.207568 -0.000011 0.000017 -0.000075 0.522514 0.852631
1741159801.502642 5.870090 -1.207568 -0.000011 0.000017 -0.000075 0.522514 0.852631
1741159801.552644 5.870080 -1.207573 -0.000011 0.000017 -0.000075 0.522525 0.852624
1741159801.602624 5.870080 -1.207573 -0.000011 0.000017 -0.000075 0.522525 0.852624
1741159801.652618 5.900888 -1.145115 -0.000011 0.000018 -0.000075 0.533630 0.845718
1741159801.702614 5.900888 -1.145115 -0.000011 0.000018 -0.000075 0.533630 0.845718
1741159801.752666 5.900879 -1.145123 -0.000011 0.000018 -0.000075 0.533643 0.845710
1741159801.802627 5.900879 -1.145123 -0.000011 0.000018 -0.000075 0.533643 0.845710
1741159801.852654 5.930042 -1.081876 -0.000011 0.000019 -0.000075 0.544655 0.838661
1741159801.902622 5.930042 -1.081876 -0.000011 0.000019 -0.000075 0.544655 0.838661
1741159801.952647 5.930033 -1.081889 -0.000011 0.000019 -0.000075 0.544668 0.838652
1741159802.002623 5.930033 -1.081889 -0.000011 0.000019 -0.000075 0.544668 0.838652
1741159802.052623 5.957529 -1.017898 -0.000007 -0.000029 0.000015 0.555587 0.831459
1741159802.102628 5.957529 -1.017898 -0.000007 -0.000029 0.000015 0.555587 0.831459
1741159802.152634 5.957521 -1.017913 -0.000011 0.000020 -0.000074 0.555600 0.831450
1741159802.202636 5.957521 -1.017913 -0.000011 0.000020 -0.000074 0.555600 0.831450
1741159802.252655 5.983333 -0.953220 -0.000011 0.000021 -0.000074 0.566423 0.824115
1741159802.302638 5.983333 -0.953220 -0.000011 0.000021 -0.000074 0.566423 0.824115
1741159802.352611 5.983325 -0.953240 -0.000011 0.000021 -0.000074 0.566437 0.824105
1741159802.402641 5.983325 -0.953240 -0.000011 0.000021 -0.000074 0.566437 0.824105
1741159802.452652 6.007434 -0.887889 -0.000011 0.000022 -0.000074 0.577161 0.816630
1741159802.502635 6.007434 -0.887889 -0.000011 0.000022 -0.000074 0.577161 0.816630
1741159802.552630 6.007427 -0.887911 -0.000011 0.000022 -0.000074 0.577175 0.816621
1741159802.602620 6.007427 -0.887911 -0.000011 0.000022 -0.000074 0.577175 0.816621
1741159802.652634 6.029818 -0.821948 -0.000007 -0.000030 0.000014 0.587800 0.809006
1741159802.702629 6.029818 -0.821948 -0.000007 -0.000030 0.000014 0.587800 0.809006
1741159802.752625 6.029812 -0.821973 -0.000011 0.000023 -0.000073 0.587813 0.808997
1741159802.802634 6.029812 -0.821973 -0.000011 0.000023 -0.000073 0.587813 0.808997
1741159802.852620 6.029805 -0.821998 -0.000007 -0.000030 0.000014 0.587826 0.808987
1741159802.902617 6.029805 -0.821998 -0.000007 -0.000030 0.000014 0.587826 0.808987
1741159802.952618 6.050467 -0.755445 -0.000011 0.000023 -0.000073 0.598339 0.801243
1741159803.002628 6.050467 -0.755445 -0.000011 0.000023 -0.000073 0.598339 0.801243
1741159803.052612 6.050462 -0.755472 -0.000011 0.000023 -0.000073 0.598351 0.801234
1741159803.102613 6.050462 -0.755472 -0.000011 0.000023 -0.000073 0.598351 0.801234
1741159803.152622 6.050456 -0.755499 -0.000007 -0.000030 0.000014 0.598364 0.801225
1741159803.202623 6.050456 -0.755499 -0.000007 -0.000030 0.000014 0.598364 0.801225
1741159803.252619 6.069368 -0.688423 -0.000011 0.000024 -0.000073 0.608775 0.793343
1741159803.302615 6.069368 -0.688423 -0.000011 0.000024 -0.000073 0.608775 0.793343
1741159803.352613 6.069364 -0.688452 -0.000007 -0.000030 0.000013 0.608786 0.793334
1741159803.402619 6.069364 -0.688452 -0.000007 -0.000030 0.000013 0.608786 0.793334
1741159803.452615 6.086509 -0.620932 -0.000011 0.000025 -0.000072 0.619108 0.785306
1741159803.502614 6.086509 -0.620932 -0.000011 0.000025 -0.000072 0.619108 0.785306
1741159803.552613 6.086505 -0.620962 -0.000011 0.000025 -0.000072 0.619118 0.785298
1741159803.602612 6.086505 -0.620962 -0.000011 0.000025 -0.000072 0.619118 0.785298
1741159803.652618 6.101877 -0.553012 -0.000011 0.000026 -0.000072 0.629333 0.777136
1741159803.702627 6.101877 -0.553012 -0.000011 0.000026 -0.000072 0.629333 0.777136
1741159803.752614 6.101874 -0.553045 -0.000011 0.000026 -0.000072 0.629341 0.777129
1741159803.802625 6.101874 -0.553045 -0.000011 0.000026 -0.000072 0.629341 0.777129
1741159803.852637 6.101871 -0.553078 -0.000007 -0.000031 0.000012 0.629350 0.777122
1741159803.902616 6.101871 -0.553078 -0.000007 -0.000031 0.000012 0.629350 0.777122
1741159803.952612 6.115461 -0.484717 -0.000011 0.000027 -0.000072 0.639452 0.768831
1741159804.002622 6.115461 -0.484717 -0.000011 0.000027 -0.000072 0.639452 0.768831
1741159804.052621 6.115459 -0.484752 -0.000011 0.000027 -0.000072 0.639461 0.768824
1741159804.102639 6.115459 -0.484752 -0.000011 0.000027 -0.000072 0.639461 0.768824
1741159804.152621 6.115457 -0.484787 -0.000011 0.000027 -0.000072 0.639469 0.768817
1741159804.202623 6.115457 -0.484787 -0.000011 0.000027 -0.000072 0.639469 0.768817
1741159804.252635 6.127253 -0.416086 -0.000011 0.000028 -0.000071 0.649461 0.760395
1741159804.302615 6.127253 -0.416086 -0.000011 0.000028 -0.000071 0.649461 0.760395
1741159804.352636 6.127251 -0.416124 -0.000011 0.000028 -0.000071 0.649469 0.760388
1741159804.402625 6.127251 -0.416124 -0.000011 0.000028 -0.000071 0.649469 0.760388
1741159804.452635 6.137244 -0.347172 -0.000007 -0.000031 0.000011 0.659359 0.751828
1741159804.502626 6.137244 -0.347172 -0.000007 -0.000031 0.000011 0.659359 0.751828
1741159804.552629 6.137243 -0.347211 -0.000007 -0.000031 0.000011 0.659368 0.751821
1741159804.602625 6.137243 -0.347211 -0.000007 -0.000031 0.000011 0.659368 0.751821
1741159804.652634 6.145428 -0.278019 -0.000011 0.000030 -0.000070 0.669143 0.743133
1741159804.702636 6.145428 -0.278019 -0.000011 0.000030 -0.000070 0.669143 0.743133
1741159804.752633 6.145427 -0.278059 -0.000011 0.000030 -0.000070 0.669152 0.743125
1741159804.802643 6.145427 -0.278059 -0.000011 0.000030 -0.000070 0.669152 0.743125
1741159804.852622 6.151798 -0.208674 -0.000011 0.000031 -0.000070 0.678814 0.734311
1741159804.902623 6.151798 -0.208674 -0.000011 0.000031 -0.000070 0.678814 0.734311
1741159804.952615 6.151798 -0.208716 -0.000011 0.000031 -0.000070 0.678823 0.734302
1741159805.002628 6.151798 -0.208716 -0.000011 0.000031 -0.000070 0.678823 0.734302
1741159805.052627 6.156351 -0.139187 -0.000011 0.000032 -0.000069 0.688368 0.725362
1741159805.102621 6.156351 -0.139187 -0.000011 0.000032 -0.000069 0.688368 0.725362
1741159805.152636 6.156351 -0.139231 -0.000011 0.000032 -0.000069 0.688377 0.725353
1741159805.202642 6.156351 -0.139231 -0.000011 0.000032 -0.000069 0.688377 0.725353
1741159805.252672 6.159084 -0.069607 -0.000007 -0.000031 0.000009 0.697804 0.716289
1741159805.302630 6.159084 -0.069607 -0.000007 -0.000031 0.000009 0.697804 0.716289
1741159805.352642 6.159084 -0.069650 -0.000011 0.000033 -0.000069 0.697813 0.716280
1741159805.402654 6.159084 -0.069650 -0.000011 0.000033 -0.000069 0.697813 0.716280
1741159805.452671 6.159994 0.000026 -0.000011 0.000033 -0.000069 0.707120 0.707094
1741159805.502666 6.159994 0.000026 -0.000011 0.000033 -0.000069 0.707120 0.707094
1741159805.552637 6.159994 -0.000019 -0.000007 -0.000032 0.000009 0.707129 0.707085
1741159805.602634 6.159994 -0.000019 -0.000007 -0.000032 0.000009 0.707129 0.707085
1741159805.652639 6.159081 0.069653 -0.000007 -0.000032 0.000009 0.716316 0.697777
1741159805.702613 6.159081 0.069653 -0.000007 -0.000032 0.000009 0.716316 0.697777
1741159805.752628 6.159082 0.069607 -0.000007 -0.000032 0.000009 0.716325 0.697766
1741159805.802634 6.159082 0.069607 -0.000007 -0.000032 0.000009 0.716325 0.697766
1741159805.852612 6.156346 0.139239 -0.000011 0.000035 -0.000068 0.725387 0.688341
1741159805.902621 6.156346 0.139239 -0.000011 0.000035 -0.000068 0.725387 0.688341
1741159805.952636 6.156346 0.139193 -0.000011 0.000035 -0.000068 0.725397 0.688330
1741159806.002641 6.156346 0.139193 -0.000011 0.000035 -0.000068 0.725397 0.688330
1741159806.052630 6.151791 0.208727 -0.000007 -0.000032 0.000008 0.734335 0.678787
1741159806.102615 6.151791 0.208727 -0.000007 -0.000032 0.000008 0.734335 0.678787
1741159806.152614 6.151791 0.208682 -0.000011 0.000036 -0.000067 0.734346 0.678775
1741159806.202647 6.151791 0.208682 -0.000011 0.000036 -0.000067 0.734346 0.678775
1741159806.252631 6.145417 0.278068 -0.000011 0.000037 -0.000067 0.743159 0.669115
1741159806.302613 6.145417 0.278068 -0.000011 0.000037 -0.000067 0.743159 0.669115
1741159806.352611 6.145418 0.278021 -0.000011 0.000037 -0.000067 0.743170 0.669102
1741159806.402624 6.145418 0.278021 -0.000011 0.000037 -0.000067 0.743170 0.669102
1741159806.452612 6.145418 0.277975 -0.000011 0.000037 -0.000067 0.743182 0.669089
1741159806.502617 6.145418 0.277975 -0.000011 0.000037 -0.000067 0.743182 0.669089
1741159806.552613 6.137231 0.347220 -0.000007 -0.000032 0.000007 0.751854 0.659329
1741159806.602613 6.137231 0.347220 -0.000007 -0.000032 0.000007 0.751854 0.659329
1741159806.652616 6.137231 0.347174 -0.000007 -0.000032 0.000007 0.751866 0.659316
1741159806.702620 6.137231 0.347174 -0.000007 -0.000032 0.000007 0.751866 0.659316
1741159806.752616 6.137232 0.347128 -0.000007 -0.000032 0.000007 0.751878 0.659302
1741159806.802611 6.137232 0.347128 -0.000007 -0.000032 0.000007 0.751878 0.659302
1741159806.852637 6.127237 0.416139 -0.000007 -0.000032 0.000006 0.760420 0.649432
1741159806.902616 6.127237 0.416139 -0.000007 -0.000032 0.000006 0.760420 0.649432
1741159806.952613 6.127238 0.416095 -0.000007 -0.000032 0.000006 0.760431 0.649418
1741159807.002619 6.127238 0.416095 -0.000007 -0.000032 0.000006 0.760431 0.649418
1741159807.052622 6.115443 0.484770 -0.000007 -0.000032 0.000006 0.768855 0.639423
1741159807.102616 6.115443 0.484770 -0.000007 -0.000032 0.000006 0.768855 0.639423
1741159807.152616 6.115443 0.484726 -0.000007 -0.000032 0.000006 0.768866 0.639410
1741159807.202624 6.115443 0.484726 -0.000007 -0.000032 0.000006 0.768866 0.639410
1741159807.252619 6.115443 0.484683 -0.000011 0.000040 -0.000065 0.768876 0.639397
1741159807.302618 6.115443 0.484683 -0.000011 0.000040 -0.000065 0.768876 0.639397
1741159807.352618 6.101856 0.553070 -0.000007 -0.000032 0.000006 0.777157 0.629306
1741159807.402611 6.101856 0.553070 -0.000007 -0.000032 0.000006 0.777157 0.629306
1741159807.452614 6.101855 0.553027 -0.000007 -0.000032 0.000006 0.777167 0.629295
1741159807.502620 6.101855 0.553027 -0.000007 -0.000032 0.000006 0.777167 0.629295
1741159807.552618 6.086486 0.620991 -0.000011 0.000041 -0.000064 0.785328 0.619080
1741159807.602628 6.086486 0.620991 -0.000011 0.000041 -0.000064 0.785328 0.619080
1741159807.652635 6.086485 0.620949 -0.000007 -0.000032 0.000005 0.785335 0.619071
1741159807.702617 6.086485 0.620949 -0.000007 -0.000032 0.000005 0.785335 0.619071
1741159807.752640 6.069343 0.688483 -0.000011 0.000042 -0.000064 0.793363 0.608749
1741159807.802621 6.069343 0.688483 -0.000011 0.000042 -0.000064 0.793363 0.608749
1741159807.852631 6.069341 0.688445 -0.000011 0.000042 -0.000064 0.793368 0.608742
1741159807.902635 6.069341 0.688445 -0.000011 0.000042 -0.000064 0.793368 0.608742
1741159807.952638 6.050439 0.755505 -0.000007 -0.000033 0.000004 0.801263 0.598313
1741159808.002633 6.050439 0.755505 -0.000007 -0.000033 0.000004 0.801263 0.598313
1741159808.052616 6.050437 0.755467 -0.000011 0.000043 -0.000063 0.801267 0.598307
1741159808.102635 6.050437 0.755467 -0.000011 0.000043 -0.000063 0.801267 0.598307
1741159808.152638 6.029787 0.822010 -0.000007 -0.000033 0.000004 0.809025 0.587774
1741159808.202614 6.029787 0.822010 -0.000007 -0.000033 0.000004 0.809025 0.587774
1741159808.252623 6.029785 0.821974 -0.000007 -0.000033 0.000004 0.809028 0.587770
1741159808.302610 6.029785 0.821974 -0.000007 -0.000033 0.000004 0.809028 0.587770
1741159808.352642 6.029783 0.821937 -0.000011 0.000044 -0.000063 0.809031 0.587767
1741159808.402633 6.029783 0.821937 -0.000011 0.000044 -0.000063 0.809031 0.587767
1741159808.452657 6.007402 0.887949 -0.000011 0.000045 -0.000062 0.816648 0.577135
1741159808.502618 6.007402 0.887949 -0.000011 0.000045 -0.000062 0.816648 0.577135
1741159808.552635 6.007399 0.887912 -0.000007 -0.000033 0.000004 0.816650 0.577133
1741159808.602620 6.007399 0.887912 -0.000007 -0.000033 0.000004 0.816650 0.577133
1741159808.652648 5.983298 0.953283 -0.000007 -0.000033 0.000003 0.824132 0.566397
1741159808.702637 5.983298 0.953283 -0.000007 -0.000033 0.000003 0.824132 0.566397
1741159808.752633 5.983294 0.953249 -0.000011 0.000046 -0.000062 0.824132 0.566397
1741159808.802643 5.983294 0.953249 -0.000011 0.000046 -0.000062 0.824132 0.566397
1741159808.852657 5.957492 1.017964 -0.000011 0.000046 -0.000061 0.831474 0.555564
1741159808.902624 5.957492 1.017964 -0.000011 0.000046 -0.000061 0.831474 0.555564
1741159808.952678 5.957487 1.017930 -0.000011 0.000047 -0.000061 0.831473 0.555566
1741159809.002636 5.957487 1.017930 -0.000011 0.000047 -0.000061 0.831473 0.555566
1741159809.052623 5.930001 1.081945 -0.000011 0.000047 -0.000060 0.838674 0.544635
1741159809.102617 5.930001 1.081945 -0.000011 0.000047 -0.000060 0.838674 0.544635
1741159809.152641 5.929996 1.081911 -0.000007 -0.000033 0.000002 0.838671 0.544638
1741159809.202619 5.929996 1.081911 -0.000007 -0.000033 0.000002 0.838671 0.544638
1741159809.252642 5.900846 1.145187 -0.000011 0.000048 -0.000060 0.845731 0.533610
1741159809.302613 5.900846 1.145187 -0.000011 0.000048 -0.000060 0.845731 0.533610
1741159809.352629 5.900840 1.145154 -0.000007 -0.000033 0.000002 0.845727 0.533616
1741159809.402636 5.900840 1.145154 -0.000007 -0.000033 0.000002 0.845727 0.533616
1741159809.452671 5.870045 1.207641 -0.000007 -0.000033 0.000001 0.852642 0.522495
1741159809.502649 5.870045 1.207641 -0.000007 -0.000033 0.000001 0.852642 0.522495
1741159809.552629 5.870038 1.207611 -0.000011 0.000049 -0.000059 0.852636 0.522505
1741159809.602612 5.870038 1.207611 -0.000011 0.000049 -0.000059 0.852636 0.522505
1741159809.652673 5.837619 1.269268 -0.000011 0.000050 -0.000059 0.859407 0.511293
1741159809.702671 5.837619 1.269268 -0.000011 0.000050 -0.000059 0.859407 0.511293
1741159809.752618 5.837612 1.269238 -0.000007 -0.000033 0.000001 0.859399 0.511305
1741159809.802672 5.837612 1.269238 -0.000007 -0.000033 0.000001 0.859399 0.511305
1741159809.852678 5.803592 1.330026 -0.000007 -0.000033 0.000001 0.866025 0.500000
1741159809.902614 5.803592 1.330026 -0.000007 -0.000033 0.000001 0.866025 0.500000
1741159809.952631 5.803584 1.329998 -0.000007 -0.000033 0.000001 0.866017 0.500015
1741159810.002639 5.803584 1.329998 -0.000007 -0.000033 0.000001 0.866017 0.500015
1741159810.052635 5.767986 1.389871 -0.000007 -0.000033 0.000000 0.872495 0.488623
1741159810.102633 5.767986 1.389871 -0.000007 -0.000033 0.000000 0.872495 0.488623
1741159810.152630 5.767977 1.389844 -0.000011 0.000051 -0.000057 0.872486 0.488639
1741159810.202642 5.767977 1.389844 -0.000011 0.000051 -0.000057 0.872486 0.488639
1741159810.252628 5.730826 1.448765 -0.000007 -0.000033 -0.000000 0.878816 0.477161
1741159810.302639 5.730826 1.448765 -0.000007 -0.000033 -0.000000 0.878816 0.477161
1741159810.352663 5.730818 1.448739 -0.000011 0.000052 -0.000057 0.878807 0.477178
1741159810.402688 5.730818 1.448739 -0.000011 0.000052 -0.000057 0.878807 0.477178
1741159810.452622 5.692137 1.506666 -0.000007 -0.000033 -0.000001 0.884987 0.465616
1741159810.502645 5.692137 1.506666 -0.000007 -0.000033 -0.000001 0.884987 0.465616
1741159810.552618 5.692130 1.506642 -0.000011 0.000053 -0.000056 0.884979 0.465632
1741159810.602635 5.692130 1.506642 -0.000011 0.000053 -0.000056 0.884979 0.465632
1741159810.652624 5.651946 1.563534 -0.000011 0.000054 -0.000055 0.891007 0.453990
1741159810.702643 5.651946 1.563534 -0.000011 0.000054 -0.000055 0.891007 0.453990
1741159810.752644 5.651940 1.563510 -0.000007 -0.000033 -0.000001 0.891000 0.454004
1741159810.802627 5.651940 1.563510 -0.000007 -0.000033 -0.000001 0.891000 0.454004
1741159810.852635 5.610281 1.619330 -0.000007 -0.000033 -0.000002 0.896874 0.442286
1741159810.902622 5.610281 1.619330 -0.000007 -0.000033 -0.000002 0.896874 0.442286
1741159810.952630 5.610276 1.619308 -0.000011 0.000054 -0.000055 0.896869 0.442297
1741159811.002674 5.610276 1.619308 -0.000011 0.000054 -0.000055 0.896869 0.442297
1741159811.052643 5.567169 1.674016 -0.000011 0.000055 -0.000054 0.902587 0.430507
1741159811.102619 5.567169 1.674016 -0.000011 0.000055 -0.000054 0.902587 0.430507
1741159811.152691 5.567166 1.673995 -0.000011 0.000055 -0.000054 0.902584 0.430514
1741159811.202633 5.567166 1.673995 -0.000011 0.000055 -0.000054 0.902584 0.430514
1741159811.252667 5.522641 1.727558 -0.000007 -0.000033 -0.000002 0.908147 0.418652
1741159811.302669 5.522641 1.727558 -0.000007 -0.000033 -0.000002 0.908147 0.418652
1741159811.352644 5.522639 1.727539 -0.000011 0.000056 -0.000053 0.908145 0.418655
1741159811.402671 5.522639 1.727539 -0.000011 0.000056 -0.000053 0.908145 0.418655
1741159811.452660 5.476725 1.779912 -0.000011 0.000056 -0.000053 0.913549 0.406729
1741159811.502696 5.476725 1.779912 -0.000011 0.000056 -0.000053 0.913549 0.406729
1741159811.552660 5.476724 1.779893 -0.000011 0.000056 -0.000053 0.913548 0.406731
1741159811.602623 5.476724 1.779893 -0.000011 0.000056 -0.000053 0.913548 0.406731
1741159811.652637 5.429455 1.831048 -0.000011 0.000057 -0.000052 0.918795 0.394736
1741159811.702625 5.429455 1.831048 -0.000011 0.000057 -0.000052 0.918795 0.394736
1741159811.752649 5.429455 1.831030 -0.000007 -0.000033 -0.000003 0.918794 0.394737
1741159811.802617 5.429455 1.831030 -0.000007 -0.000033 -0.000003 0.918794 0.394737
1741159811.852648 5.380863 1.880927 -0.000007 -0.000033 -0.000004 0.923883 0.382675
1741159811.902623 5.380863 1.880927 -0.000007 -0.000033 -0.000004 0.923883 0.382675
1741159811.952652 5.380863 1.880911 -0.000011 0.000058 -0.000051 0.923883 0.382675
1741159812.002635 5.380863 1.880911 -0.000011 0.000058 -0.000051 0.923883 0.382675
1741159812.052653 5.380864 1.880894 -0.000011 0.000058 -0.000051 0.923883 0.382675
1741159812.102639 5.380864 1.880894 -0.000011 0.000058 -0.000051 0.923883 0.382675
1741159812.152623 5.330982 1.929517 -0.000007 -0.000033 -0.000004 0.928814 0.370547
1741159812.202614 5.330982 1.929517 -0.000007 -0.000033 -0.000004 0.928814 0.370547
1741159812.252636 5.330983 1.929502 -0.000007 -0.000033 -0.000004 0.928814 0.370546
1741159812.302648 5.330983 1.929502 -0.000007 -0.000033 -0.000004 0.928814 0.370546
1741159812.352672 5.330985 1.929485 -0.000007 -0.000033 -0.000004 0.928815 0.370544
1741159812.402653 5.330985 1.929485 -0.000007 -0.000033 -0.000004 0.928815 0.370544
1741159812.452636 5.279846 1.976786 -0.000007 -0.000033 -0.000005 0.933585 0.358357
1741159812.502620 5.279846 1.976786 -0.000007 -0.000033 -0.000005 0.933585 0.358357
1741159812.552649 5.279849 1.976770 -0.000007 -0.000033 -0.000005 0.933586 0.358354
1741159812.602635 5.279849 1.976770 -0.000007 -0.000033 -0.000005 0.933586 0.358354
1741159812.652614 5.227490 2.022700 -0.000007 -0.000033 -0.000005 0.938195 0.346106
1741159812.702623 5.227490 2.022700 -0.000007 -0.000033 -0.000005 0.938195 0.346106
1741159812.752650 5.227493 2.022684 -0.000007 -0.000033 -0.000005 0.938197 0.346102
1741159812.802620 5.227493 2.022684 -0.000007 -0.000033 -0.000005 0.938197 0.346102
1741159812.852634 5.227495 2.022668 -0.000007 -0.000033 -0.000005 0.938198 0.346099
1741159812.902636 5.227495 2.022668 -0.000007 -0.000033 -0.000005 0.938198 0.346099
1741159812.952613 5.173950 2.067226 -0.000011 0.000060 -0.000048 0.942646 0.333795
1741159813.002674 5.173950 2.067226 -0.000011 0.000060 -0.000048 0.942646 0.333795
1741159813.052610 5.173952 2.067210 -0.000011 0.000060 -0.000048 0.942648 0.333790
1741159813.102641 5.173952 2.067210 -0.000011 0.000060 -0.000048 0.942648 0.333790
1741159813.152632 5.119261 2.110337 -0.000007 -0.000033 -0.000006 0.946935 0.321426
1741159813.202638 5.119261 2.110337 -0.000007 -0.000033 -0.000006 0.946935 0.321426
1741159813.252636 5.119263 2.110321 -0.000011 0.000061 -0.000047 0.946937 0.321418
1741159813.302617 5.119263 2.110321 -0.000011 0.000061 -0.000047 0.946937 0.321418
1741159813.352635 5.063463 2.152003 -0.000011 0.000062 -0.000046 0.951061 0.309003
1741159813.402635 5.063463 2.152003 -0.000011 0.000062 -0.000046 0.951061 0.309003
1741159813.452633 5.063464 2.151989 -0.000011 0.000062 -0.000046 0.951064 0.308994
1741159813.502626 5.063464 2.151989 -0.000011 0.000062 -0.000046 0.951064 0.308994
1741159813.552650 5.006594 2.192193 -0.000011 0.000062 -0.000046 0.955024 0.296527
1741159813.602627 5.006594 2.192193 -0.000011 0.000062 -0.000046 0.955024 0.296527
1741159813.652643 5.006594 2.192179 -0.000011 0.000062 -0.000046 0.955027 0.296518
1741159813.702628 5.006594 2.192179 -0.000011 0.000062 -0.000046 0.955027 0.296518
1741159813.752630 4.948693 2.230880 -0.000007 -0.000032 -0.000007 0.958824 0.284001
1741159813.802636 4.948693 2.230880 -0.000007 -0.000032 -0.000007 0.958824 0.284001
1741159813.852630 4.948693 2.230869 -0.000011 0.000063 -0.000045 0.958827 0.283992
1741159813.902629 4.948693 2.230869 -0.000011 0.000063 -0.000045 0.958827 0.283992
1741159813.952676 4.948693 2.230856 -0.000007 -0.000032 -0.000007 0.958829 0.283983
1741159814.002652 4.948693 2.230856 -0.000007 -0.000032 -0.000007 0.958829 0.283983
1741159814.052652 4.889799 2.268039 -0.000007 -0.000032 -0.000008 0.962459 0.271426
1741159814.102629 4.889799 2.268039 -0.000007 -0.000032 -0.000008 0.962459 0.271426
1741159814.152634 4.889799 2.268029 -0.000007 -0.000032 -0.000008 0.962462 0.271418
1741159814.202615 4.889799 2.268029 -0.000007 -0.000032 -0.000008 0.962462 0.271418
1741159814.252624 4.829952 2.303644 -0.000011 0.000064 -0.000043 0.965929 0.258806
1741159814.302653 4.829952 2.303644 -0.000011 0.000064 -0.000043 0.965929 0.258806
1741159814.352637 4.829953 2.303636 -0.000007 -0.000032 -0.000008 0.965931 0.258799
1741159814.402658 4.829953 2.303636 -0.000007 -0.000032 -0.000008 0.965931 0.258799
1741159814.452636 4.769195 2.337670 -0.000011 0.000064 -0.000042 0.969234 0.246141
1741159814.502651 4.769195 2.337670 -0.000011 0.000064 -0.000042 0.969234 0.246141
1741159814.552658 4.769197 2.337664 -0.000007 -0.000032 -0.000008 0.969235 0.246135
1741159814.602655 4.769197 2.337664 -0.000007 -0.000032 -0.000008 0.969235 0.246135
1741159814.652638 4.707568 2.370094 -0.000011 0.000065 -0.000041 0.972373 0.233434
1741159814.702678 4.707568 2.370094 -0.000011 0.000065 -0.000041 0.972373 0.233434
1741159814.752616 4.707573 2.370089 -0.000011 0.000065 -0.000041 0.972374 0.233429
1741159814.802655 4.707573 2.370089 -0.000011 0.000065 -0.000041 0.972374 0.233429
1741159814.852640 4.645114 2.400893 -0.000011 0.000065 -0.000040 0.975345 0.220686
1741159814.902629 4.645114 2.400893 -0.000011 0.000065 -0.000040 0.975345 0.220686
1741159814.952646 4.645123 2.400889 -0.000011 0.000065 -0.000040 0.975346 0.220682
1741159815.002625 4.645123 2.400889 -0.000011 0.000065 -0.000040 0.975346 0.220682
1741159815.052617 4.581876 2.430046 -0.000007 -0.000032 -0.000010 0.978150 0.207900
1741159815.102631 4.581876 2.430046 -0.000007 -0.000032 -0.000010 0.978150 0.207900
1741159815.152648 4.581888 2.430044 -0.000011 0.000066 -0.000040 0.978151 0.207897
1741159815.202638 4.581888 2.430044 -0.000011 0.000066 -0.000040 0.978151 0.207897
1741159815.252624 4.517898 2.457534 -0.000007 -0.000031 -0.000010 0.980788 0.195078
1741159815.302644 4.517898 2.457534 -0.000007 -0.000031 -0.000010 0.980788 0.195078
1741159815.352652 4.517913 2.457532 -0.000011 0.000066 -0.000039 0.980788 0.195075
1741159815.402667 4.517913 2.457532 -0.000011 0.000066 -0.000039 0.980788 0.195075
1741159815.452626 4.453219 2.483337 -0.000011 0.000067 -0.000038 0.983257 0.182225
1741159815.502645 4.453219 2.483337 -0.000011 0.000067 -0.000038 0.983257 0.182225
1741159815.552630 4.453238 2.483337 -0.000011 0.000067 -0.000038 0.983257 0.182222
1741159815.602651 4.453238 2.483337 -0.000011 0.000067 -0.000038 0.983257 0.182222
1741159815.652685 4.387888 2.507439 -0.000007 -0.000031 -0.000011 0.985558 0.169338
1741159815.702634 4.387888 2.507439 -0.000007 -0.000031 -0.000011 0.985558 0.169338
1741159815.752661 4.387910 2.507439 -0.000007 -0.000031 -0.000011 0.985558 0.169336
1741159815.802673 4.387910 2.507439 -0.000007 -0.000031 -0.000011 0.985558 0.169336
1741159815.852650 4.321947 2.529822 -0.000007 -0.000031 -0.000011 0.987690 0.156425
1741159815.902640 4.321947 2.529822 -0.000007 -0.000031 -0.000011 0.987690 0.156425
1741159815.952683 4.321971 2.529823 -0.000011 0.000068 -0.000036 0.987690 0.156425
1741159816.002688 4.321971 2.529823 -0.000011 0.000068 -0.000036 0.987690 0.156425
1741159816.052636 4.255445 2.550471 -0.000007 -0.000031 -0.000012 0.989653 0.143482
1741159816.102696 4.255445 2.550471 -0.000007 -0.000031 -0.000012 0.989653 0.143482
1741159816.152636 4.255471 2.550472 -0.000007 -0.000031 -0.000012 0.989653 0.143483
1741159816.202635 4.255471 2.550472 -0.000007 -0.000031 -0.000012 0.989653 0.143483
1741159816.252642 4.188422 2.569372 -0.000011 0.000069 -0.000034 0.991446 0.130518
1741159816.302623 4.188422 2.569372 -0.000011 0.000069 -0.000034 0.991446 0.130518
1741159816.352635 4.188450 2.569374 -0.000011 0.000069 -0.000034 0.991446 0.130521
1741159816.402656 4.188450 2.569374 -0.000011 0.000069 -0.000034 0.991446 0.130521
1741159816.452653 4.120932 2.586512 -0.000011 0.000069 -0.000033 0.993070 0.117528
1741159816.502617 4.120932 2.586512 -0.000011 0.000069 -0.000033 0.993070 0.117528
1741159816.552653 4.120961 2.586514 -0.000011 0.000069 -0.000033 0.993069 0.117532
1741159816.602638 4.120961 2.586514 -0.000011 0.000069 -0.000033 0.993069 0.117532
1741159816.652616 4.053012 2.601880 -0.000007 -0.000030 -0.000013 0.994523 0.104522
1741159816.702612 4.053012 2.601880 -0.000007 -0.000030 -0.000013 0.994523 0.104522
1741159816.752615 4.053044 2.601882 -0.000007 -0.000030 -0.000013 0.994522 0.104526
1741159816.802646 4.053044 2.601882 -0.000007 -0.000030 -0.000013 0.994522 0.104526
1741159816.852644 3.984716 2.615464 -0.000011 0.000070 -0.000031 0.995806 0.091495
1741159816.902655 3.984716 2.615464 -0.000011 0.000070 -0.000031 0.995806 0.091495
1741159816.952623 3.984750 2.615466 -0.000007 -0.000030 -0.000013 0.995805 0.091499
1741159817.002650 3.984750 2.615466 -0.000007 -0.000030 -0.000013 0.995805 0.091499
1741159817.052646 3.916085 2.627255 -0.000007 -0.000030 -0.000014 0.996918 0.078450
1741159817.102621 3.916085 2.627255 -0.000007 -0.000030 -0.000014 0.996918 0.078450
1741159817.152644 3.916121 2.627258 -0.000007 -0.000030 -0.000014 0.996918 0.078453
1741159817.202618 3.916121 2.627258 -0.000007 -0.000030 -0.000014 0.996918 0.078453
1741159817.252625 3.847172 2.637246 -0.000011 0.000070 -0.000029 0.997860 0.065393
1741159817.302638 3.847172 2.637246 -0.000011 0.000070 -0.000029 0.997860 0.065393
1741159817.352633 3.847210 2.637248 -0.000011 0.000070 -0.000029 0.997859 0.065396
1741159817.402620 3.847210 2.637248 -0.000011 0.000070 -0.000029 0.997859 0.065396
1741159817.452633 3.778015 2.645429 -0.000011 0.000071 -0.000029 0.998630 0.052325
1741159817.502615 3.778015 2.645429 -0.000011 0.000071 -0.000029 0.998630 0.052325
1741159817.552652 3.778053 2.645431 -0.000011 0.000071 -0.000029 0.998630 0.052326
1741159817.602649 3.778053 2.645431 -0.000011 0.000071 -0.000029 0.998630 0.052326
1741159817.652581 3.778094 2.645433 -0.000007 -0.000030 -0.000014 0.998630 0.052327
1741159817.702636 3.778094 2.645433 -0.000007 -0.000030 -0.000014 0.998630 0.052327
1741159817.752615 3.708673 2.651799 -0.000007 -0.000029 -0.000015 0.999229 0.039250
1741159817.802633 3.708673 2.651799 -0.000007 -0.000029 -0.000015 0.999229 0.039250
1741159817.852621 3.708714 2.651801 -0.000011 0.000071 -0.000028 0.999229 0.039249
1741159817.902615 3.708714 2.651801 -0.000011 0.000071 -0.000028 0.999229 0.039249
1741159817.952622 3.639185 2.656352 -0.000011 0.000071 -0.000027 0.999658 0.026165
1741159818.002635 3.639185 2.656352 -0.000011 0.000071 -0.000027 0.999658 0.026165
1741159818.052618 3.639228 2.656353 -0.000007 -0.000029 -0.000015 0.999658 0.026164
1741159818.102625 3.639228 2.656353 -0.000007 -0.000029 -0.000015 0.999658 0.026164
1741159818.152619 3.569603 2.659084 -0.000011 0.000072 -0.000026 0.999914 0.013079
1741159818.202623 3.569603 2.659084 -0.000011 0.000072 -0.000026 0.999914 0.013079
1741159818.252637 3.569647 2.659085 -0.000007 -0.000029 -0.000016 0.999914 0.013078
1741159818.302625 3.569647 2.659085 -0.000007 -0.000029 -0.000016 0.999914 0.013078
1741159818.352634 3.499976 2.659994 -0.000007 -0.000029 -0.000016 1.000000 -0.000010
1741159818.402637 3.499976 2.659994 -0.000007 -0.000029 -0.000016 1.000000 -0.000010
1741159818.452630 3.500019 2.659994 -0.000011 0.000072 -0.000025 1.000000 -0.000012
1741159818.502645 3.500019 2.659994 -0.000011 0.000072 -0.000025 1.000000 -0.000012
1741159818.552617 3.430343 2.659081 -0.000011 0.000073 -0.000024 0.999914 -0.013102
1741159818.602630 3.430343 2.659081 -0.000011 0.000073 -0.000024 0.999914 -0.013102
1741159818.652632 3.430387 2.659081 -0.000011 0.000073 -0.000024 0.999914 -0.013104
1741159818.702637 3.430387 2.659081 -0.000011 0.000073 -0.000024 0.999914 -0.013104
1741159818.752626 3.430433 2.659080 -0.000007 -0.000029 -0.000016 0.999914 -0.013106
1741159818.802615 3.430433 2.659080 -0.000007 -0.000029 -0.000016 0.999914 -0.013106
1741159818.852653 3.360761 2.656346 -0.000011 0.000073 -0.000023 0.999657 -0.026189
1741159818.902621 3.360761 2.656346 -0.000011 0.000073 -0.000023 0.999657 -0.026189
1741159818.952615 3.360807 2.656345 -0.000011 0.000073 -0.000023 0.999657 -0.026192
1741159819.002630 3.360807 2.656345 -0.000011 0.000073 -0.000023 0.999657 -0.026192
1741159819.052635 3.291272 2.651790 -0.000007 -0.000028 -0.000017 0.999228 -0.039274
1741159819.102613 3.291272 2.651790 -0.000007 -0.000028 -0.000017 0.999228 -0.039274
1741159819.152634 3.291317 2.651788 -0.000011 0.000073 -0.000022 0.999228 -0.039280
1741159819.202632 3.291317 2.651788 -0.000011 0.000073 -0.000022 0.999228 -0.039280
1741159819.252626 3.221931 2.645416 -0.000011 0.000073 -0.000021 0.998629 -0.052352
1741159819.302661 3.221931 2.645416 -0.000011 0.000073 -0.000021 0.998629 -0.052352
1741159819.352625 3.221978 2.645415 -0.000007 -0.000028 -0.000017 0.998628 -0.052361
1741159819.402633 3.221978 2.645415 -0.000007 -0.000028 -0.000017 0.998628 -0.052361
1741159819.452639 3.152774 2.637230 -0.000007 -0.000028 -0.000018 0.997858 -0.065420
1741159819.502622 3.152774 2.637230 -0.000007 -0.000028 -0.000018 0.997858 -0.065420
1741159819.552665 3.152817 2.637228 -0.000007 -0.000028 -0.000018 0.997857 -0.065432
1741159819.602667 3.152817 2.637228 -0.000007 -0.000028 -0.000018 0.997857 -0.065432
1741159819.652671 3.083862 2.627236 -0.000007 -0.000027 -0.000018 0.996916 -0.078479
1741159819.702621 3.083862 2.627236 -0.000007 -0.000027 -0.000018 0.996916 -0.078479
1741159819.752623 3.083905 2.627234 -0.000011 0.000074 -0.000019 0.996915 -0.078493
1741159819.802639 3.083905 2.627234 -0.000011 0.000074 -0.000019 0.996915 -0.078493
1741159819.852647 3.015229 2.615442 -0.000007 -0.000027 -0.000019 0.995803 -0.091521
1741159819.902643 3.015229 2.615442 -0.000007 -0.000027 -0.000019 0.995803 -0.091521
1741159819.952616 3.015271 2.615439 -0.000007 -0.000027 -0.000019 0.995802 -0.091537
1741159820.002625 3.015271 2.615439 -0.000007 -0.000027 -0.000019 0.995802 -0.091537
1741159820.052632 2.946926 2.601855 -0.000011 0.000075 -0.000017 0.994520 -0.104547
1741159820.102615 2.946926 2.601855 -0.000011 0.000075 -0.000017 0.994520 -0.104547
1741159820.152646 2.946968 2.601852 -0.000011 0.000075 -0.000017 0.994518 -0.104563
1741159820.202615 2.946968 2.601852 -0.000011 0.000075 -0.000017 0.994518 -0.104563
1741159820.252631 2.879010 2.586484 -0.000007 -0.000027 -0.000019 0.993066 -0.117556
1741159820.302642 2.879010 2.586484 -0.000007 -0.000027 -0.000019 0.993066 -0.117556
1741159820.352622 2.879050 2.586481 -0.000007 -0.000027 -0.000019 0.993064 -0.117571
1741159820.402643 2.879050 2.586481 -0.000007 -0.000027 -0.000019 0.993064 -0.117571
1741159820.452616 2.811514 2.569341 -0.000011 0.000075 -0.000015 0.991443 -0.130544
1741159820.502641 2.811514 2.569341 -0.000011 0.000075 -0.000015 0.991443 -0.130544
1741159820.552629 2.811553 2.569338 -0.000007 -0.000026 -0.000020 0.991441 -0.130558
1741159820.602615 2.811553 2.569338 -0.000007 -0.000026 -0.000020 0.991441 -0.130558
1741159820.652627 2.744494 2.550437 -0.000007 -0.000026 -0.000020 0.989649 -0.143510
1741159820.702614 2.744494 2.550437 -0.000007 -0.000026 -0.000020 0.989649 -0.143510
1741159820.752639 2.744532 2.550433 -0.000007 -0.000026 -0.000020 0.989647 -0.143523
1741159820.802690 2.744532 2.550433 -0.000007 -0.000026 -0.000020 0.989647 -0.143523
1741159820.852610 2.677987 2.529786 -0.000011 0.000076 -0.000013 0.987686 -0.156451
1741159820.902660 2.677987 2.529786 -0.000011 0.000076 -0.000013 0.987686 -0.156451
1741159820.952633 2.678023 2.529782 -0.000011 0.000076 -0.000013 0.987684 -0.156463
1741159821.002627 2.678023 2.529782 -0.000011 0.000076 -0.000013 0.987684 -0.156463
1741159821.052642 2.612048 2.507400 -0.000011 0.000076 -0.000012 0.985553 -0.169365
1741159821.102616 2.612048 2.507400 -0.000011 0.000076 -0.000012 0.985553 -0.169365
1741159821.152632 2.612081 2.507395 -0.000007 -0.000026 -0.000021 0.985552 -0.169375
1741159821.202616 2.612081 2.507395 -0.000007 -0.000026 -0.000021 0.985552 -0.169375
1741159821.252634 2.546714 2.483297 -0.000011 0.000076 -0.000011 0.983252 -0.182251
1741159821.302620 2.546714 2.483297 -0.000011 0.000076 -0.000011 0.983252 -0.182251
1741159821.352664 2.546748 2.483291 -0.000007 -0.000025 -0.000021 0.983250 -0.182259
1741159821.402624 2.546748 2.483291 -0.000007 -0.000025 -0.000021 0.983250 -0.182259
1741159821.452632 2.482035 2.457491 -0.000011 0.000076 -0.000010 0.980783 -0.195104
1741159821.502630 2.482035 2.457491 -0.000011 0.000076 -0.000010 0.980783 -0.195104
1741159821.552634 2.482068 2.457484 -0.000011 0.000076 -0.000010 0.980781 -0.195111
1741159821.602634 2.482068 2.457484 -0.000011 0.000076 -0.000010 0.980781 -0.195111
1741159821.652632 2.418054 2.430000 -0.000011 0.000076 -0.000009 0.978145 -0.207923
1741159821.702635 2.418054 2.430000 -0.000011 0.000076 -0.000009 0.978145 -0.207923
1741159821.752627 2.418085 2.429993 -0.000011 0.000076 -0.000009 0.978144 -0.207928
1741159821.802612 2.418085 2.429993 -0.000011 0.000076 -0.000009 0.978144 -0.207928
1741159821.852615 2.354816 2.400844 -0.000011 0.000077 -0.000008 0.975340 -0.220708
1741159821.902618 2.354816 2.400844 -0.000011 0.000077 -0.000008 0.975340 -0.220708
1741159821.952665 2.354846 2.400836 -0.000011 0.000077 -0.000008 0.975339 -0.220710
1741159822.002625 2.354846 2.400836 -0.000011 0.000077 -0.000008 0.975339 -0.220710
1741159822.052625 2.292359 2.370044 -0.000007 -0.000024 -0.000022 0.972367 -0.233456
1741159822.102622 2.292359 2.370044 -0.000007 -0.000024 -0.000022 0.972367 -0.233456
1741159822.152625 2.292389 2.370035 -0.000007 -0.000024 -0.000022 0.972367 -0.233456
1741159822.202622 2.292389 2.370035 -0.000007 -0.000024 -0.000022 0.972367 -0.233456
1741159822.252626 2.292418 2.370027 -0.000011 0.000077 -0.000007 0.972367 -0.233457
1741159822.302627 2.292418 2.370027 -0.000011 0.000077 -0.000007 0.972367 -0.233457
1741159822.352618 2.230733 2.337618 -0.000011 0.000077 -0.000006 0.969229 -0.246161
1741159822.402639 2.230733 2.337618 -0.000011 0.000077 -0.000006 0.969229 -0.246161
1741159822.452623 2.230762 2.337609 -0.000007 -0.000024 -0.000023 0.969229 -0.246160
1741159822.502634 2.230762 2.337609 -0.000007 -0.000024 -0.000023 0.969229 -0.246160
1741159822.552632 2.169973 2.303591 -0.000011 0.000077 -0.000005 0.965924 -0.258826
1741159822.602633 2.169973 2.303591 -0.000011 0.000077 -0.000005 0.965924 -0.258826
1741159822.652615 2.170001 2.303582 -0.000011 0.000077 -0.000005 0.965925 -0.258823
1741159822.702613 2.170001 2.303582 -0.000011 0.000077 -0.000005 0.965925 -0.258823
1741159822.752627 2.170030 2.303573 -0.000007 -0.000024 -0.000023 0.965925 -0.258821
1741159822.802626 2.170030 2.303573 -0.000007 -0.000024 -0.000023 0.965925 -0.258821
1741159822.852623 2.110131 2.267984 -0.000011 0.000077 -0.000004 0.962454 -0.271446
1741159822.902625 2.110131 2.267984 -0.000011 0.000077 -0.000004 0.962454 -0.271446
1741159822.952627 2.110159 2.267975 -0.000011 0.000077 -0.000004 0.962455 -0.271443
1741159823.002638 2.110159 2.267975 -0.000011 0.000077 -0.000004 0.962455 -0.271443
1741159823.052623 2.051236 2.230825 -0.000007 -0.000023 -0.000024 0.958818 -0.284022
1741159823.102635 2.051236 2.230825 -0.000007 -0.000023 -0.000024 0.958818 -0.284022
1741159823.152622 2.051262 2.230816 -0.000007 -0.000023 -0.000024 0.958819 -0.284019
1741159823.202612 2.051262 2.230816 -0.000007 -0.000023 -0.000024 0.958819 -0.284019
1741159823.252624 1.993334 2.192136 -0.000011 0.000077 -0.000002 0.955018 -0.296549
1741159823.302617 1.993334 2.192136 -0.000011 0.000077 -0.000002 0.955018 -0.296549
1741159823.352633 1.993361 2.192128 -0.000007 -0.000023 -0.000024 0.955018 -0.296547
1741159823.402634 1.993361 2.192128 -0.000007 -0.000023 -0.000024 0.955018 -0.296547
1741159823.452630 1.993386 2.192120 -0.000007 -0.000023 -0.000024 0.955019 -0.296545
1741159823.502644 1.993386 2.192120 -0.000007 -0.000023 -0.000024 0.955019 -0.296545
1741159823.552629 1.936467 2.151946 -0.000011 0.000077 -0.000001 0.951054 -0.309026
1741159823.602633 1.936467 2.151946 -0.000011 0.000077 -0.000001 0.951054 -0.309026
1741159823.652656 1.936491 2.151939 -0.000011 0.000077 -0.000001 0.951054 -0.309026
1741159823.702636 1.936491 2.151939 -0.000011 0.000077 -0.000001 0.951054 -0.309026
1741159823.752622 1.936517 2.151932 -0.000007 -0.000023 -0.000024 0.951054 -0.309026
1741159823.802616 1.936517 2.151932 -0.000007 -0.000023 -0.000024 0.951054 -0.309026
1741159823.852616 1.880671 2.110280 -0.000011 0.000077 -0.000000 0.946927 -0.321450
1741159823.902612 1.880671 2.110280 -0.000011 0.000077 -0.000000 0.946927 -0.321450
1741159823.952630 1.880695 2.110275 -0.000011 0.000077 -0.000000 0.946926 -0.321452
1741159824.002632 1.880695 2.110275 -0.000011 0.000077 -0.000000 0.946926 -0.321452
1741159824.052623 1.825984 2.067169 -0.000007 -0.000022 -0.000025 0.942637 -0.333819
1741159824.102646 1.825984 2.067169 -0.000007 -0.000022 -0.000025 0.942637 -0.333819
1741159824.152622 1.826007 2.067164 -0.000011 0.000077 0.000001 0.942635 -0.333824
1741159824.202619 1.826007 2.067164 -0.000011 0.000077 0.000001 0.942635 -0.333824
1741159824.252620 1.826030 2.067160 -0.000007 -0.000022 -0.000025 0.942633 -0.333830
1741159824.302642 1.826030 2.067160 -0.000007 -0.000022 -0.000025 0.942633 -0.333830
1741159824.352642 1.772445 2.022640 -0.000011 0.000077 0.000002 0.938186 -0.346131
1741159824.402640 1.772445 2.022640 -0.000011 0.000077 0.000002 0.938186 -0.346131
1741159824.452628 1.772467 2.022637 -0.000011 0.000077 0.000002 0.938183 -0.346139
1741159824.502631 1.772467 2.022637 -0.000011 0.000077 0.000002 0.938183 -0.346139
1741159824.552624 1.720091 1.976725 -0.000011 0.000077 0.000003 0.933575 -0.358383
1741159824.602620 1.720091 1.976725 -0.000011 0.000077 0.000003 0.933575 -0.358383
1741159824.652647 1.720112 1.976723 -0.000011 0.000077 0.000003 0.933571 -0.358392
1741159824.702656 1.720112 1.976723 -0.000011 0.000077 0.000003 0.933571 -0.358392
1741159824.752614 1.668953 1.929455 -0.000011 0.000077 0.000004 0.928804 -0.370571
1741159824.802613 1.668953 1.929455 -0.000011 0.000077 0.000004 0.928804 -0.370571
1741159824.852618 1.668974 1.929453 -0.000011 0.000077 0.000004 0.928800 -0.370581
1741159824.902618 1.668974 1.929453 -0.000011 0.000077 0.000004 0.928800 -0.370581
1741159824.952637 1.619076 1.880862 -0.000011 0.000077 0.000005 0.923873 -0.382699
1741159825.002673 1.619076 1.880862 -0.000011 0.000077 0.000005 0.923873 -0.382699
1741159825.052626 1.619097 1.880861 -0.000007 -0.000021 -0.000026 0.923869 -0.382710
1741159825.102615 1.619097 1.880861 -0.000007 -0.000021 -0.000026 0.923869 -0.382710
1741159825.152619 1.619117 1.880860 -0.000007 -0.000021 -0.000026 0.923864 -0.382720
1741159825.202641 1.619117 1.880860 -0.000007 -0.000021 -0.000026 0.923864 -0.382720
1741159825.252652 1.570485 1.830981 -0.000011 0.000077 0.000006 0.918784 -0.394760
1741159825.302626 1.570485 1.830981 -0.000011 0.000077 0.000006 0.918784 -0.394760
1741159825.352629 1.570505 1.830980 -0.000011 0.000077 0.000006 0.918779 -0.394771
1741159825.402615 1.570505 1.830980 -0.000011 0.000077 0.000006 0.918779 -0.394771
1741159825.452637 1.523216 1.779845 -0.000007 -0.000020 -0.000027 0.913538 -0.406753
1741159825.502617 1.523216 1.779845 -0.000007 -0.000020 -0.000027 0.913538 -0.406753
1741159825.552621 1.523235 1.779845 -0.000011 0.000077 0.000007 0.913533 -0.406765
1741159825.602613 1.523235 1.779845 -0.000011 0.000077 0.000007 0.913533 -0.406765
1741159825.652635 1.477302 1.727489 -0.000011 0.000077 0.000008 0.908136 -0.418676
1741159825.702615 1.477302 1.727489 -0.000011 0.000077 0.000008 0.908136 -0.418676
1741159825.752620 1.477321 1.727490 -0.000011 0.000077 0.000008 0.908130 -0.418689
1741159825.802652 1.477321 1.727490 -0.000011 0.000077 0.000008 0.908130 -0.418689
1741159825.852618 1.432773 1.673949 -0.000007 -0.000019 -0.000027 0.902577 -0.430528
1741159825.902643 1.432773 1.673949 -0.000007 -0.000019 -0.000027 0.902577 -0.430528
1741159825.952633 1.432790 1.673950 -0.000011 0.000077 0.000009 0.902571 -0.430541
1741159826.002634 1.432790 1.673950 -0.000011 0.000077 0.000009 0.902571 -0.430541
1741159826.052617 1.389664 1.619261 -0.000011 0.000077 0.000010 0.896864 -0.442306
1741159826.102614 1.389664 1.619261 -0.000011 0.000077 0.000010 0.896864 -0.442306
1741159826.152654 1.389680 1.619261 -0.000007 -0.000019 -0.000027 0.896857 -0.442320
1741159826.202622 1.389680 1.619261 -0.000007 -0.000019 -0.000027 0.896857 -0.442320
1741159826.252658 1.347998 1.563463 -0.000011 0.000077 0.000011 0.890998 -0.454007
1741159826.302629 1.347998 1.563463 -0.000011 0.000077 0.000011 0.890998 -0.454007
1741159826.352636 1.348013 1.563462 -0.000007 -0.000019 -0.000028 0.890991 -0.454021
1741159826.402639 1.348013 1.563462 -0.000007 -0.000019 -0.000028 0.890991 -0.454021
1741159826.452634 1.307808 1.506594 -0.000007 -0.000018 -0.000028 0.884979 -0.465631
1741159826.502651 1.307808 1.506594 -0.000007 -0.000018 -0.000028 0.884979 -0.465631
1741159826.552625 1.307821 1.506593 -0.000011 0.000076 0.000012 0.884973 -0.465643
1741159826.602637 1.307821 1.506593 -0.000011 0.000076 0.000012 0.884973 -0.465643
1741159826.652634 1.269120 1.448693 -0.000011 0.000076 0.000013 0.878809 -0.477174
1741159826.702642 1.269120 1.448693 -0.000011 0.000076 0.000013 0.878809 -0.477174
1741159826.752645 1.269133 1.448692 -0.000007 -0.000018 -0.000028 0.878802 -0.477186
1741159826.802635 1.269133 1.448692 -0.000007 -0.000018 -0.000028 0.878802 -0.477186
1741159826.852614 1.231961 1.389799 -0.000011 0.000076 0.000014 0.872488 -0.488636
1741159826.902627 1.231961 1.389799 -0.000011 0.000076 0.000014 0.872488 -0.488636
1741159826.952631 1.231973 1.389799 -0.000011 0.000076 0.000014 0.872482 -0.488647
1741159827.002645 1.231973 1.389799 -0.000011 0.000076 0.000014 0.872482 -0.488647
1741159827.052632 1.196358 1.329952 -0.000011 -0.000076 -0.000015 -0.866017 0.500015
1741159827.102635 1.196358 1.329952 -0.000011 -0.000076 -0.000015 -0.866017 0.500015
1741159827.152632 1.196369 1.329953 -0.000011 -0.000076 -0.000015 -0.866010 0.500026
1741159827.202646 1.196369 1.329953 -0.000011 -0.000076 -0.000015 -0.866010 0.500026
1741159827.252664 1.196380 1.329954 -0.000007 0.000017 0.000028 -0.866004 0.500037
1741159827.302624 1.196380 1.329954 -0.000007 0.000017 0.000028 -0.866004 0.500037
1741159827.352626 1.162334 1.269195 -0.000007 0.000017 0.000029 -0.859397 0.511309
1741159827.402626 1.162334 1.269195 -0.000007 0.000017 0.000029 -0.859397 0.511309
1741159827.452623 1.162344 1.269197 -0.000011 -0.000076 -0.000016 -0.859391 0.511320
1741159827.502643 1.162344 1.269197 -0.000011 -0.000076 -0.000016 -0.859391 0.511320
1741159827.552628 1.129909 1.207568 -0.000011 -0.000075 -0.000017 -0.852631 0.522513
1741159827.602615 1.129909 1.207568 -0.000011 -0.000075 -0.000017 -0.852631 0.522513
1741159827.652644 1.129920 1.207573 -0.000007 0.000016 0.000029 -0.852624 0.522525
1741159827.702615 1.129920 1.207573 -0.000007 0.000016 0.000029 -0.852624 0.522525
1741159827.752637 1.099111 1.145115 -0.000011 -0.000075 -0.000018 -0.845718 0.533630
1741159827.802619 1.099111 1.145115 -0.000011 -0.000075 -0.000018 -0.845718 0.533630
1741159827.852628 1.099121 1.145123 -0.000011 -0.000075 -0.000018 -0.845710 0.533643
1741159827.902619 1.099121 1.145123 -0.000011 -0.000075 -0.000018 -0.845710 0.533643
1741159827.952650 1.069958 1.081876 -0.000011 -0.000075 -0.000019 -0.838661 0.544655
1741159828.002634 1.069958 1.081876 -0.000011 -0.000075 -0.000019 -0.838661 0.544655
1741159828.052617 1.069967 1.081889 -0.000011 -0.000075 -0.000019 -0.838652 0.544668
1741159828.102676 1.069967 1.081889 -0.000011 -0.000075 -0.000019 -0.838652 0.544668
1741159828.152639 1.069976 1.081901 -0.000011 -0.000075 -0.000019 -0.838643 0.544681
1741159828.202659 1.069976 1.081901 -0.000011 -0.000075 -0.000019 -0.838643 0.544681
1741159828.252618 1.042471 1.017898 -0.000007 0.000015 0.000029 -0.831459 0.555587
1741159828.302624 1.042471 1.017898 -0.000007 0.000015 0.000029 -0.831459 0.555587
1741159828.352665 1.042479 1.017913 -0.000011 -0.000074 -0.000020 -0.831450 0.555600
1741159828.402643 1.042479 1.017913 -0.000011 -0.000074 -0.000020 -0.831450 0.555600
1741159828.452642 1.016667 0.953219 -0.000011 -0.000074 -0.000021 -0.824115 0.566422
1741159828.502618 1.016667 0.953219 -0.000011 -0.000074 -0.000021 -0.824115 0.566422
1741159828.552665 1.016675 0.953239 -0.000007 0.000015 0.000030 -0.824106 0.566436
1741159828.602670 1.016675 0.953239 -0.000007 0.000015 0.000030 -0.824106 0.566436
1741159828.652665 0.992566 0.887889 -0.000007 0.000014 0.000030 -0.816630 0.577161
1741159828.702637 0.992566 0.887889 -0.000007 0.000014 0.000030 -0.816630 0.577161
1741159828.752655 0.992573 0.887911 -0.000007 0.000014 0.000030 -0.816621 0.577175
1741159828.802615 0.992573 0.887911 -0.000007 0.000014 0.000030 -0.816621 0.577175
1741159828.852628 0.970183 0.821950 -0.000007 0.000014 0.000030 -0.809005 0.587802
1741159828.902622 0.970183 0.821950 -0.000007 0.000014 0.000030 -0.809005 0.587802
1741159828.952636 0.970189 0.821974 -0.000011 -0.000073 -0.000023 -0.808996 0.587814
1741159829.002624 0.970189 0.821974 -0.000011 -0.000073 -0.000023 -0.808996 0.587814
1741159829.052637 0.949533 0.755445 -0.000007 0.000014 0.000030 -0.801243 0.598339
1741159829.102615 0.949533 0.755445 -0.000007 0.000014 0.000030 -0.801243 0.598339
1741159829.152593 0.949538 0.755471 -0.000011 -0.000073 -0.000023 -0.801234 0.598351
1741159829.202635 0.949538 0.755471 -0.000011 -0.000073 -0.000023 -0.801234 0.598351
1741159829.252635 0.949543 0.755497 -0.000011 -0.000073 -0.000023 -0.801225 0.598363
1741159829.302623 0.949543 0.755497 -0.000011 -0.000073 -0.000023 -0.801225 0.598363
1741159829.352635 0.930632 0.688426 -0.000007 0.000013 0.000030 -0.793341 0.608777
1741159829.402626 0.930632 0.688426 -0.000007 0.000013 0.000030 -0.793341 0.608777
1741159829.452639 0.930636 0.688455 -0.000007 0.000013 0.000030 -0.793333 0.608788
1741159829.502637 0.930636 0.688455 -0.000007 0.000013 0.000030 -0.793333 0.608788
1741159829.552626 0.913491 0.620930 -0.000011 -0.000072 -0.000025 -0.785307 0.619107
1741159829.602620 0.913491 0.620930 -0.000011 -0.000072 -0.000025 -0.785307 0.619107
1741159829.652627 0.913495 0.620961 -0.000011 -0.000072 -0.000025 -0.785299 0.619117
1741159829.702634 0.913495 0.620961 -0.000011 -0.000072 -0.000025 -0.785299 0.619117
1741159829.752637 0.898124 0.553012 -0.000011 -0.000072 -0.000026 -0.777135 0.629334
1741159829.802624 0.898124 0.553012 -0.000011 -0.000072 -0.000026 -0.777135 0.629334
1741159829.852613 0.898126 0.553046 -0.000007 0.000012 0.000031 -0.777128 0.629343
1741159829.902614 0.898126 0.553046 -0.000007 0.000012 0.000031 -0.777128 0.629343
1741159829.952621 0.898129 0.553078 -0.000011 -0.000072 -0.000026 -0.777121 0.629351
1741159830.002655 0.898129 0.553078 -0.000011 -0.000072 -0.000026 -0.777121 0.629351
1741159830.052634 0.884539 0.484717 -0.000007 0.000012 0.000031 -0.768831 0.639452
1741159830.102633 0.884539 0.484717 -0.000007 0.000012 0.000031 -0.768831 0.639452
1741159830.152635 0.884541 0.484752 -0.000007 0.000012 0.000031 -0.768824 0.639461
1741159830.202638 0.884541 0.484752 -0.000007 0.000012 0.000031 -0.768824 0.639461
1741159830.252644 0.872747 0.416085 -0.000007 0.000011 0.000031 -0.760395 0.649461
1741159830.302615 0.872747 0.416085 -0.000007 0.000011 0.000031 -0.760395 0.649461
1741159830.352627 0.872749 0.416121 -0.000011 -0.000071 -0.000028 -0.760388 0.649469
1741159830.402632 0.872749 0.416121 -0.000011 -0.000071 -0.000028 -0.760388 0.649469
1741159830.452627 0.862756 0.347172 -0.000011 -0.000071 -0.000029 -0.751828 0.659359
1741159830.502623 0.862756 0.347172 -0.000011 -0.000071 -0.000029 -0.751828 0.659359
1741159830.552627 0.862757 0.347210 -0.000011 -0.000071 -0.000029 -0.751821 0.659367
1741159830.602622 0.862757 0.347210 -0.000011 -0.000071 -0.000029 -0.751821 0.659367
1741159830.652626 0.854572 0.278018 -0.000007 0.000011 0.000031 -0.743133 0.669144
1741159830.702655 0.854572 0.278018 -0.000007 0.000011 0.000031 -0.743133 0.669144
1741159830.752674 0.854573 0.278058 -0.000011 -0.000070 -0.000030 -0.743125 0.669153
1741159830.802621 0.854573 0.278058 -0.000011 -0.000070 -0.000030 -0.743125 0.669153
1741159830.852633 0.848202 0.208675 -0.000011 -0.000070 -0.000031 -0.734310 0.678814
1741159830.902616 0.848202 0.208675 -0.000011 -0.000070 -0.000031 -0.734310 0.678814
1741159830.952635 0.848202 0.208718 -0.000007 0.000010 0.000031 -0.734301 0.678824
1741159831.002614 0.848202 0.208718 -0.000007 0.000010 0.000031 -0.734301 0.678824
1741159831.052632 0.843649 0.139185 -0.000011 -0.000069 -0.000032 -0.725362 0.688368
1741159831.102621 0.843649 0.139185 -0.000011 -0.000069 -0.000032 -0.725362 0.688368
1741159831.152634 0.843649 0.139229 -0.000011 -0.000069 -0.000032 -0.725353 0.688377
1741159831.202617 0.843649 0.139229 -0.000011 -0.000069 -0.000032 -0.725353 0.688377
1741159831.252614 0.840916 0.069605 -0.000011 -0.000069 -0.000033 -0.716289 0.697804
1741159831.302642 0.840916 0.069605 -0.000011 -0.000069 -0.000033 -0.716289 0.697804
1741159831.352678 0.840916 0.069649 -0.000011 -0.000069 -0.000033 -0.716280 0.697813
1741159831.402665 0.840916 0.069649 -0.000011 -0.000069 -0.000033 -0.716280 0.697813
1741159831.452629 0.840006 -0.000026 -0.000011 -0.000069 -0.000033 -0.707094 0.707120
1741159831.502620 0.840006 -0.000026 -0.000011 -0.000069 -0.000033 -0.707094 0.707120
1741159831.552663 0.840006 0.000020 -0.000011 -0.000069 -0.000034 -0.707084 0.707129
1741159831.602669 0.840006 0.000020 -0.000011 -0.000069 -0.000034 -0.707084 0.707129
1741159831.652636 0.840006 0.000065 -0.000011 -0.000069 -0.000034 -0.707075 0.707139
1741159831.702644 0.840006 0.000065 -0.000011 -0.000069 -0.000034 -0.707075 0.707139
1741159831.752630 0.840006 0.000110 -0.000011 -0.000069 -0.000034 -0.707065 0.707148
1741159831.802622 0.840006 0.000110 -0.000011 -0.000069 -0.000034 -0.707065 0.707148
1741159831.852631 0.840006 0.000156 -0.000007 0.000009 0.000032 -0.707056 0.707158
1741159831.902633 0.840006 0.000156 -0.000007 0.000009 0.000032 -0.707056 0.707158
1741159831.952636 0.840006 0.000200 -0.000011 -0.000069 -0.000034 -0.707046 0.707167
1741159832.002637 0.840006 0.000200 -0.000011 -0.000069 -0.000034 -0.707046 0.707167
1741159832.052647 0.840006 0.000245 -0.000011 -0.000069 -0.000034 -0.707037 0.707177
1741159832.102624 0.840006 0.000245 -0.000011 -0.000069 -0.000034 -0.707037 0.707177
1741159832.152624 0.840006 0.000290 -0.000011 -0.000069 -0.000034 -0.707027 0.707186
1741159832.202614 0.840006 0.000290 -0.000011 -0.000069 -0.000034 -0.707027 0.707186
1741159832.252627 0.840006 -0.000034 -0.000011 -0.000069 -0.000034 -0.700898 0.713261
1741159832.302625 0.840006 -0.000034 -0.000011 -0.000069 -0.000034 -0.700898 0.713261
1741159832.352644 0.840006 0.000011 -0.000011 -0.000069 -0.000034 -0.700889 0.713271
1741159832.402632 0.840006 0.000011 -0.000011 -0.000069 -0.000034 -0.700889 0.713271
1741159832.452614 0.840006 0.000058 -0.000007 0.000009 0.000032 -0.700879 0.713281
1741159832.502615 0.840006 0.000058 -0.000007 0.000009 0.000032 -0.700879 0.713281
1741159832.552635 0.840006 -0.000051 -0.000010 -0.000063 -0.000032 -0.694651 0.719347
1741159832.602614 0.840006 -0.000051 -0.000010 -0.000063 -0.000032 -0.694651 0.719347
1741159832.652618 0.840006 -0.000004 -0.000007 0.000009 0.000032 -0.694640 0.719357
1741159832.702614 0.840006 -0.000004 -0.000007 0.000009 0.000032 -0.694640 0.719357
1741159832.752617 0.840006 0.000040 -0.000011 -0.000068 -0.000035 -0.694631 0.719367
1741159832.802613 0.840006 0.000040 -0.000011 -0.000068 -0.000035 -0.694631 0.719367
1741159832.852621 0.840006 -0.000052 -0.000005 0.000006 0.000021 -0.688347 0.725381
1741159832.902614 0.840006 -0.000052 -0.000005 0.000006 0.000021 -0.688347 0.725381
1741159832.952615 0.840006 -0.000007 -0.000011 -0.000068 -0.000036 -0.688337 0.725391
1741159833.002653 0.840006 -0.000007 -0.000011 -0.000068 -0.000036 -0.688337 0.725391
1741159833.052625 0.840005 0.000040 -0.000011 -0.000068 -0.000036 -0.688326 0.725402
1741159833.102616 0.840005 0.000040 -0.000011 -0.000068 -0.000036 -0.688326 0.725402
1741159833.152615 0.840005 0.000086 -0.000011 -0.000068 -0.000036 -0.688315 0.725412
1741159833.202613 0.840005 0.000086 -0.000011 -0.000068 -0.000036 -0.688315 0.725412
1741159833.252617 0.840006 -0.000051 -0.000007 0.000008 0.000032 -0.681990 0.731361
1741159833.302625 0.840006 -0.000051 -0.000007 0.000008 0.000032 -0.681990 0.731361
1741159833.352637 0.840005 -0.000005 -0.000011 -0.000068 -0.000036 -0.681979 0.731372
1741159833.402614 0.840005 -0.000005 -0.000011 -0.000068 -0.000036 -0.681979 0.731372
1741159833.452669 0.840005 0.000042 -0.000007 0.000008 0.000033 -0.681967 0.731383
1741159833.502624 0.840005 0.000042 -0.000007 0.000008 0.000033 -0.681967 0.731383
1741159833.552636 0.840006 -0.000051 -0.000010 -0.000062 -0.000034 -0.675583 0.737284
1741159833.602632 0.840006 -0.000051 -0.000010 -0.000062 -0.000034 -0.675583 0.737284
1741159833.652626 0.840005 -0.000004 -0.000011 -0.000068 -0.000037 -0.675570 0.737296
1741159833.702615 0.840005 -0.000004 -0.000011 -0.000068 -0.000037 -0.675570 0.737296
1741159833.752614 0.840005 0.000042 -0.000011 -0.000068 -0.000037 -0.675558 0.737307
1741159833.802619 0.840005 0.000042 -0.000011 -0.000068 -0.000037 -0.675558 0.737307
1741159833.852621 0.840006 -0.000051 -0.000011 -0.000066 -0.000037 -0.669122 0.743153
1741159833.902622 0.840006 -0.000051 -0.000011 -0.000066 -0.000037 -0.669122 0.743153
1741159833.952625 0.840005 -0.000003 -0.000011 -0.000068 -0.000038 -0.669109 0.743165
1741159834.002620 0.840005 -0.000003 -0.000011 -0.000068 -0.000038 -0.669109 0.743165
1741159834.052613 0.840005 0.000044 -0.000008 0.000008 0.000033 -0.669095 0.743177
1741159834.102614 0.840005 0.000044 -0.000008 0.000008 0.000033 -0.669095 0.743177
1741159834.152614 0.840006 -0.000052 -0.000010 -0.000062 -0.000035 -0.662612 0.748963
1741159834.202622 0.840006 -0.000052 -0.000010 -0.000062 -0.000035 -0.662612 0.748963
1741159834.252617 0.840005 -0.000005 -0.000011 -0.000068 -0.000038 -0.662597 0.748976
1741159834.302612 0.840005 -0.000005 -0.000011 -0.000068 -0.000038 -0.662597 0.748976
1741159834.352613 0.840005 0.000041 -0.000011 -0.000068 -0.000038 -0.662583 0.748988
1741159834.402617 0.840005 0.000041 -0.000011 -0.000068 -0.000038 -0.662583 0.748988
1741159834.452619 0.840004 0.000089 -0.000008 0.000008 0.000034 -0.662569 0.749001
1741159834.502619 0.840004 0.000089 -0.000008 0.000008 0.000034 -0.662569 0.749001
1741159834.552614 0.840006 -0.000051 -0.000010 -0.000062 -0.000036 -0.656051 0.754717
1741159834.602614 0.840006 -0.000051 -0.000010 -0.000062 -0.000036 -0.656051 0.754717
1741159834.652615 0.840005 -0.000005 -0.000011 -0.000067 -0.000039 -0.656036 0.754730
1741159834.702611 0.840005 -0.000005 -0.000011 -0.000067 -0.000039 -0.656036 0.754730
1741159834.752616 0.840005 0.000041 -0.000011 -0.000068 -0.000039 -0.656021 0.754743
1741159834.802612 0.840005 0.000041 -0.000011 -0.000068 -0.000039 -0.656021 0.754743
1741159834.852628 0.840006 -0.000050 -0.000011 -0.000069 -0.000041 -0.649440 0.760412
1741159834.902617 0.840006 -0.000050 -0.000011 -0.000069 -0.000041 -0.649440 0.760412
1741159834.952621 0.840005 -0.000006 -0.000011 -0.000067 -0.000039 -0.649425 0.760425
1741159835.002618 0.840005 -0.000006 -0.000011 -0.000067 -0.000039 -0.649425 0.760425
1741159835.052612 0.840005 0.000040 -0.000011 -0.000067 -0.000040 -0.649410 0.760439
1741159835.102613 0.840005 0.000040 -0.000011 -0.000067 -0.000040 -0.649410 0.760439
1741159835.152610 0.840006 -0.000051 -0.000007 0.000006 0.000029 -0.642779 0.766051
1741159835.202616 0.840006 -0.000051 -0.000007 0.000006 0.000029 -0.642779 0.766051
1741159835.252617 0.840005 -0.000006 -0.000011 -0.000067 -0.000040 -0.642763 0.766065
1741159835.302629 0.840005 -0.000006 -0.000011 -0.000067 -0.000040 -0.642763 0.766065
1741159835.352662 0.840005 0.000039 -0.000008 0.000007 0.000034 -0.642747 0.766078
1741159835.402626 0.840005 0.000039 -0.000008 0.000007 0.000034 -0.642747 0.766078
1741159835.452629 0.840006 -0.000052 -0.000008 -0.000050 -0.000031 -0.636070 0.771631
1741159835.502629 0.840006 -0.000052 -0.000008 -0.000050 -0.000031 -0.636070 0.771631
1741159835.552643 0.840005 -0.000008 -0.000011 -0.000067 -0.000041 -0.636054 0.771644
1741159835.602627 0.840005 -0.000008 -0.000011 -0.000067 -0.000041 -0.636054 0.771644
1741159835.652660 0.840005 0.000037 -0.000008 0.000007 0.000035 -0.636039 0.771657
1741159835.702636 0.840005 0.000037 -0.000008 0.000007 0.000035 -0.636039 0.771657
1741159835.752639 0.840006 -0.000051 -0.000007 0.000006 0.000029 -0.629312 0.777153
1741159835.802626 0.840006 -0.000051 -0.000007 0.000006 0.000029 -0.629312 0.777153
1741159835.852694 0.840006 -0.000008 -0.000008 0.000006 0.000035 -0.629297 0.777165
1741159835.902645 0.840006 -0.000008 -0.000008 0.000006 0.000035 -0.629297 0.777165
1741159835.952613 0.840006 0.000034 -0.000008 0.000006 0.000035 -0.629283 0.777176
1741159836.002622 0.840006 0.000034 -0.000008 0.000006 0.000035 -0.629283 0.777176
1741159836.052635 0.840006 0.000077 -0.000011 -0.000067 -0.000042 -0.629268 0.777188
1741159836.102622 0.840006 0.000077 -0.000011 -0.000067 -0.000042 -0.629268 0.777188
1741159836.152646 0.840006 -0.000052 -0.000007 0.000005 0.000030 -0.622506 0.782615
1741159836.202665 0.840006 -0.000052 -0.000007 0.000005 0.000030 -0.622506 0.782615
1741159836.252616 0.840006 -0.000011 -0.000011 -0.000066 -0.000042 -0.622487 0.782630
1741159836.302661 0.840006 -0.000011 -0.000011 -0.000066 -0.000042 -0.622487 0.782630
1741159836.352627 0.840006 0.000033 -0.000008 0.000006 0.000035 -0.622467 0.782646
1741159836.402622 0.840006 0.000033 -0.000008 0.000006 0.000035 -0.622467 0.782646
1741159836.452639 0.840006 -0.000051 -0.000011 -0.000065 -0.000042 -0.615652 0.788018
1741159836.502664 0.840006 -0.000051 -0.000011 -0.000065 -0.000042 -0.615652 0.788018
1741159836.552637 0.840006 -0.000010 -0.000008 0.000006 0.000035 -0.615634 0.788033
1741159836.602616 0.840006 -0.000010 -0.000008 0.000006 0.000035 -0.615634 0.788033
1741159836.652666 0.840006 0.000030 -0.000008 0.000006 0.000035 -0.615615 0.788047
1741159836.702632 0.840006 0.000030 -0.000008 0.000006 0.000035 -0.615615 0.788047
1741159836.752629 0.840006 -0.000052 -0.000007 0.000005 0.000030 -0.608753 0.793360
1741159836.802641 0.840006 -0.000052 -0.000007 0.000005 0.000030 -0.608753 0.793360
1741159836.852671 0.840006 -0.000013 -0.000008 0.000005 0.000035 -0.608735 0.793374
1741159836.902643 0.840006 -0.000013 -0.000008 0.000005 0.000035 -0.608735 0.793374
1741159836.952662 0.840007 0.000026 -0.000011 -0.000066 -0.000043 -0.608716 0.793388
1741159837.002617 0.840007 0.000026 -0.000011 -0.000066 -0.000043 -0.608716 0.793388
1741159837.052614 0.840006 -0.000052 -0.000008 -0.000048 -0.000032 -0.601807 0.798642
1741159837.102660 0.840006 -0.000052 -0.000008 -0.000048 -0.000032 -0.601807 0.798642
1741159837.152663 0.840006 -0.000014 -0.000008 0.000005 0.000035 -0.601788 0.798656
1741159837.202621 0.840006 -0.000014 -0.000008 0.000005 0.000035 -0.601788 0.798656
1741159837.252628 0.840006 0.000023 -0.000008 0.000005 0.000036 -0.601769 0.798670
1741159837.302612 0.840006 0.000023 -0.000008 0.000005 0.000036 -0.601769 0.798670
1741159837.352632 0.840006 -0.000052 -0.000007 0.000004 0.000030 -0.594814 0.803864
1741159837.402619 0.840006 -0.000052 -0.000007 0.000004 0.000030 -0.594814 0.803864
1741159837.452637 0.840006 -0.000016 -0.000011 -0.000065 -0.000045 -0.594789 0.803882
1741159837.502628 0.840006 -0.000016 -0.000011 -0.000065 -0.000045 -0.594789 0.803882
1741159837.552617 0.840006 0.000020 -0.000008 0.000005 0.000036 -0.594755 0.803907
1741159837.602638 0.840006 0.000020 -0.000008 0.000005 0.000036 -0.594755 0.803907
1741159837.652637 0.840006 -0.000052 -0.000008 -0.000048 -0.000033 -0.587777 0.809023
1741159837.702614 0.840006 -0.000052 -0.000008 -0.000048 -0.000033 -0.587777 0.809023
1741159837.752634 0.840006 -0.000018 -0.000011 -0.000065 -0.000045 -0.587740 0.809050
1741159837.802641 0.840006 -0.000018 -0.000011 -0.000065 -0.000045 -0.587740 0.809050
1741159837.852641 0.840006 0.000017 -0.000011 -0.000065 -0.000045 -0.587703 0.809076
1741159837.902635 0.840006 0.000017 -0.000011 -0.000065 -0.000045 -0.587703 0.809076
1741159837.952633 0.840006 -0.000052 -0.000010 -0.000059 -0.000042 -0.580694 0.814122
1741159838.002624 0.840006 -0.000052 -0.000010 -0.000059 -0.000042 -0.580694 0.814122
1741159838.052634 0.840006 -0.000017 -0.000008 0.000004 0.000036 -0.580658 0.814148
1741159838.102622 0.840006 -0.000017 -0.000008 0.000004 0.000036 -0.580658 0.814148
1741159838.152667 0.840007 0.000017 -0.000008 0.000004 0.000036 -0.580622 0.814173
1741159838.202627 0.840007 0.000017 -0.000008 0.000004 0.000036 -0.580622 0.814173
1741159838.252661 0.840006 -0.000052 -0.000007 0.000003 0.000030 -0.573567 0.819158
1741159838.302626 0.840006 -0.000052 -0.000007 0.000003 0.000030 -0.573567 0.819158
1741159838.352624 0.840007 -0.000019 -0.000008 0.000004 0.000036 -0.573533 0.819182
1741159838.402621 0.840007 -0.000019 -0.000008 0.000004 0.000036 -0.573533 0.819182
1741159838.452615 0.840008 0.000015 -0.000011 -0.000065 -0.000047 -0.573499 0.819206
1741159838.502612 0.840008 0.000015 -0.000011 -0.000065 -0.000047 -0.573499 0.819206
1741159838.552588 0.840006 -0.000051 -0.000008 0.000004 0.000034 -0.566397 0.824133
1741159838.602621 0.840006 -0.000051 -0.000008 0.000004 0.000034 -0.566397 0.824133
1741159838.652643 0.840007 -0.000019 -0.000011 -0.000064 -0.000047 -0.566364 0.824155
1741159838.702632 0.840007 -0.000019 -0.000011 -0.000064 -0.000047 -0.566364 0.824155
1741159838.752636 0.840009 0.000014 -0.000008 0.000004 0.000036 -0.566331 0.824178
1741159838.802633 0.840009 0.000014 -0.000008 0.000004 0.000036 -0.566331 0.824178
1741159838.852636 0.840006 -0.000052 -0.000010 -0.000059 -0.000044 -0.559184 0.829044
1741159838.902626 0.840006 -0.000052 -0.000010 -0.000059 -0.000044 -0.559184 0.829044
1741159838.952617 0.840008 -0.000019 -0.000011 -0.000064 -0.000048 -0.559151 0.829066
1741159839.002618 0.840008 -0.000019 -0.000011 -0.000064 -0.000048 -0.559151 0.829066
1741159839.052623 0.840009 0.000012 -0.000008 0.000003 0.000036 -0.559121 0.829086
1741159839.102611 0.840009 0.000012 -0.000008 0.000003 0.000036 -0.559121 0.829086
1741159839.152610 0.840011 0.000043 -0.000011 -0.000064 -0.000048 -0.559090 0.829107
1741159839.202610 0.840011 0.000043 -0.000011 -0.000064 -0.000048 -0.559090 0.829107
1741159839.252614 0.840006 -0.000053 -0.000008 -0.000048 -0.000036 -0.551929 0.833891
1741159839.302611 0.840006 -0.000053 -0.000008 -0.000048 -0.000036 -0.551929 0.833891
1741159839.352618 0.840008 -0.000021 -0.000008 0.000003 0.000036 -0.551899 0.833911
1741159839.402620 0.840008 -0.000021 -0.000008 0.000003 0.000036 -0.551899 0.833911
1741159839.452613 0.840010 0.000009 -0.000011 -0.000064 -0.000049 -0.551870 0.833930
1741159839.502615 0.840010 0.000009 -0.000011 -0.000064 -0.000049 -0.551870 0.833930
1741159839.552647 0.840006 -0.000053 -0.000008 -0.000046 -0.000035 -0.544631 0.838676
1741159839.602614 0.840006 -0.000053 -0.000008 -0.000046 -0.000035 -0.544631 0.838676
1741159839.652617 0.840009 -0.000021 -0.000008 0.000003 0.000037 -0.544629 0.838677
1741159839.702612 0.840009 -0.000021 -0.000008 0.000003 0.000037 -0.544629 0.838677
1741159839.752616 0.840012 0.000010 -0.000008 0.000003 0.000037 -0.544630 0.838677
1741159839.802611 0.840012 0.000010 -0.000008 0.000003 0.000037 -0.544630 0.838677
1741159839.852614 0.840006 -0.000053 -0.000008 -0.000045 -0.000036 -0.537291 0.843397
1741159839.902630 0.840006 -0.000053 -0.000008 -0.000045 -0.000036 -0.537291 0.843397
1741159839.952617 0.840010 -0.000020 -0.000008 0.000002 0.000037 -0.537293 0.843395
1741159840.002618 0.840010 -0.000020 -0.000008 0.000002 0.000037 -0.537293 0.843395
1741159840.052619 0.840014 0.000012 -0.000011 -0.000063 -0.000050 -0.537296 0.843394
1741159840.102618 0.840014 0.000012 -0.000011 -0.000063 -0.000050 -0.537296 0.843394
1741159840.152617 0.840006 -0.000053 -0.000008 -0.000045 -0.000036 -0.529911 0.848053
1741159840.202613 0.840006 -0.000053 -0.000008 -0.000045 -0.000036 -0.529911 0.848053
1741159840.252623 0.840010 -0.000021 -0.000011 -0.000063 -0.000050 -0.529908 0.848055
1741159840.302617 0.840010 -0.000021 -0.000011 -0.000063 -0.000050 -0.529908 0.848055
1741159840.352615 0.840015 0.000012 -0.000008 0.000003 0.000036 -0.529905 0.848057
1741159840.402635 0.840015 0.000012 -0.000008 0.000003 0.000036 -0.529905 0.848057
1741159840.452667 0.840006 -0.000053 -0.000010 -0.000057 -0.000046 -0.522490 0.852646
1741159840.502641 0.840006 -0.000053 -0.000010 -0.000057 -0.000046 -0.522490 0.852646
1741159840.552638 0.840011 -0.000021 -0.000008 0.000003 0.000036 -0.522489 0.852646
1741159840.602631 0.840011 -0.000021 -0.000008 0.000003 0.000036 -0.522489 0.852646
1741159840.652643 0.840016 0.000011 -0.000011 -0.000063 -0.000051 -0.522489 0.852646
1741159840.702623 0.840016 0.000011 -0.000011 -0.000063 -0.000051 -0.522489 0.852646
1741159840.752614 0.840006 -0.000052 -0.000007 0.000001 0.000030 -0.515029 0.857173
1741159840.802628 0.840006 -0.000052 -0.000007 0.000001 0.000030 -0.515029 0.857173
1741159840.852634 0.840011 -0.000022 -0.000011 -0.000063 -0.000052 -0.515032 0.857171
1741159840.902639 0.840011 -0.000022 -0.000011 -0.000063 -0.000052 -0.515032 0.857171
1741159840.952624 0.840017 0.000009 -0.000011 -0.000063 -0.000052 -0.515033 0.857170
1741159841.002618 0.840017 0.000009 -0.000011 -0.000063 -0.000052 -0.515033 0.857170
1741159841.052639 0.840006 -0.000053 -0.000008 -0.000044 -0.000037 -0.507530 0.861634
1741159841.102611 0.840006 -0.000053 -0.000008 -0.000044 -0.000037 -0.507530 0.861634
1741159841.152653 0.840012 -0.000023 -0.000011 -0.000063 -0.000053 -0.507580 0.861605
1741159841.202644 0.840012 -0.000023 -0.000011 -0.000063 -0.000053 -0.507580 0.861605
1741159841.252635 0.840018 0.000007 -0.000011 -0.000063 -0.000053 -0.507633 0.861573
1741159841.302626 0.840018 0.000007 -0.000011 -0.000063 -0.000053 -0.507633 0.861573
1741159841.352636 0.840006 -0.000052 -0.000011 -0.000061 -0.000052 -0.499991 0.866030
1741159841.402622 0.840006 -0.000052 -0.000011 -0.000061 -0.000052 -0.499991 0.866030
1741159841.452664 0.840012 -0.000023 -0.000008 0.000002 0.000037 -0.500047 0.865998
1741159841.502624 0.840012 -0.000023 -0.000008 0.000002 0.000037 -0.500047 0.865998
1741159841.552626 0.840019 0.000005 -0.000008 0.000002 0.000037 -0.500102 0.865966
1741159841.602623 0.840019 0.000005 -0.000008 0.000002 0.000037 -0.500102 0.865966
1741159841.652614 0.840006 -0.000053 -0.000010 -0.000056 -0.000048 -0.492415 0.870361
1741159841.702637 0.840006 -0.000053 -0.000010 -0.000056 -0.000048 -0.492415 0.870361
1741159841.752627 0.840012 -0.000025 -0.000009 0.000002 0.000037 -0.492471 0.870329
1741159841.802618 0.840012 -0.000025 -0.000009 0.000002 0.000037 -0.492471 0.870329
1741159841.852670 0.840019 0.000001 -0.000009 0.000002 0.000037 -0.492528 0.870297
1741159841.902632 0.840019 0.000001 -0.000009 0.000002 0.000037 -0.492528 0.870297
1741159841.952670 0.840006 -0.000053 -0.000008 -0.000045 -0.000040 -0.484801 0.874624
1741159842.002665 0.840006 -0.000053 -0.000008 -0.000045 -0.000040 -0.484801 0.874624
1741159842.052666 0.840012 -0.000028 -0.000012 -0.000062 -0.000055 -0.484856 0.874594
1741159842.102625 0.840012 -0.000028 -0.000012 -0.000062 -0.000055 -0.484856 0.874594
1741159842.152613 0.840018 -0.000003 -0.000012 -0.000062 -0.000055 -0.484913 0.874562
1741159842.202634 0.840018 -0.000003 -0.000012 -0.000062 -0.000055 -0.484913 0.874562
1741159842.252634 0.840024 0.000023 -0.000012 -0.000062 -0.000055 -0.484971 0.874530
1741159842.302656 0.840024 0.000023 -0.000012 -0.000062 -0.000055 -0.484971 0.874530
1741159842.352637 0.840031 0.000049 -0.000012 -0.000062 -0.000055 -0.485029 0.874498
1741159842.402613 0.840031 0.000049 -0.000012 -0.000062 -0.000055 -0.485029 0.874498
1741159842.452640 0.840006 -0.000052 -0.000011 -0.000060 -0.000054 -0.477150 0.878822
1741159842.502664 0.840006 -0.000052 -0.000011 -0.000060 -0.000054 -0.477150 0.878822
1741159842.552627 0.840012 -0.000026 -0.000009 0.000001 0.000037 -0.477210 0.878789
1741159842.602636 0.840012 -0.000026 -0.000009 0.000001 0.000037 -0.477210 0.878789
1741159842.652672 0.840018 -0.000000 -0.000009 0.000001 0.000037 -0.477269 0.878757
1741159842.702630 0.840018 -0.000000 -0.000009 0.000001 0.000037 -0.477269 0.878757
1741159842.752616 0.840006 -0.000053 -0.000005 -0.000001 0.000024 -0.469463 0.882952
1741159842.802641 0.840006 -0.000053 -0.000005 -0.000001 0.000024 -0.469463 0.882952
1741159842.852683 0.840011 -0.000027 -0.000009 0.000001 0.000037 -0.469536 0.882913
1741159842.902622 0.840011 -0.000027 -0.000009 0.000001 0.000037 -0.469536 0.882913
1741159842.952619 0.840016 -0.000001 -0.000009 0.000001 0.000037 -0.469613 0.882873
1741159843.002618 0.840016 -0.000001 -0.000009 0.000001 0.000037 -0.469613 0.882873
1741159843.052631 0.840006 -0.000053 -0.000007 -0.000001 0.000031 -0.461740 0.887015
1741159843.102622 0.840006 -0.000053 -0.000007 -0.000001 0.000031 -0.461740 0.887015
1741159843.152623 0.840010 -0.000027 -0.000012 -0.000061 -0.000057 -0.461814 0.886977
1741159843.202628 0.840010 -0.000027 -0.000012 -0.000061 -0.000057 -0.461814 0.886977
1741159843.252621 0.840014 -0.000000 -0.000009 0.000000 0.000038 -0.461889 0.886938
1741159843.302610 0.840014 -0.000000 -0.000009 0.000000 0.000038 -0.461889 0.886938
1741159843.352614 0.840006 -0.000052 -0.000008 0.000000 0.000035 -0.453982 0.891011
1741159843.402623 0.840006 -0.000052 -0.000008 0.000000 0.000035 -0.453982 0.891011
1741159843.452629 0.840009 -0.000028 -0.000012 -0.000061 -0.000058 -0.454052 0.890975
1741159843.502618 0.840009 -0.000028 -0.000012 -0.000061 -0.000058 -0.454052 0.890975
1741159843.552627 0.840012 -0.000002 -0.000012 -0.000061 -0.000058 -0.454127 0.890937
1741159843.602625 0.840012 -0.000002 -0.000012 -0.000061 -0.000058 -0.454127 0.890937
1741159843.652615 0.840015 0.000023 -0.000012 -0.000061 -0.000058 -0.454202 0.890899
1741159843.702615 0.840015 0.000023 -0.000012 -0.000061 -0.000058 -0.454202 0.890899
1741159843.752620 0.840006 -0.000053 -0.000010 -0.000054 -0.000052 -0.446189 0.894939
1741159843.802611 0.840006 -0.000053 -0.000010 -0.000054 -0.000052 -0.446189 0.894939
1741159843.852618 0.840008 -0.000028 -0.000012 -0.000060 -0.000058 -0.446259 0.894904
1741159843.902619 0.840008 -0.000028 -0.000012 -0.000060 -0.000058 -0.446259 0.894904
1741159843.952619 0.840011 -0.000002 -0.000009 -0.000003 0.000039 -0.446326 0.894870
1741159844.002615 0.840011 -0.000002 -0.000009 -0.000003 0.000039 -0.446326 0.894870
1741159844.052616 0.840006 -0.000053 -0.000007 -0.000001 0.000030 -0.438362 0.898798
1741159844.102622 0.840006 -0.000053 -0.000007 -0.000001 0.000030 -0.438362 0.898798
1741159844.152614 0.840008 -0.000029 -0.000009 -0.000000 0.000038 -0.438431 0.898765
1741159844.202615 0.840008 -0.000029 -0.000009 -0.000000 0.000038 -0.438431 0.898765
1741159844.252636 0.840010 -0.000006 -0.000009 -0.000000 0.000038 -0.438501 0.898731
1741159844.302615 0.840010 -0.000006 -0.000009 -0.000000 0.000038 -0.438501 0.898731
1741159844.352617 0.840006 -0.000053 -0.000010 -0.000053 -0.000053 -0.430502 0.902590
1741159844.402620 0.840006 -0.000053 -0.000010 -0.000053 -0.000053 -0.430502 0.902590
1741159844.452616 0.840008 -0.000032 -0.000012 -0.000060 -0.000060 -0.430579 0.902553
1741159844.502613 0.840008 -0.000032 -0.000012 -0.000060 -0.000060 -0.430579 0.902553
1741159844.552619 0.840010 -0.000010 -0.000012 -0.000060 -0.000060 -0.430656 0.902516
1741159844.602616 0.840010 -0.000010 -0.000012 -0.000060 -0.000060 -0.430656 0.902516
1741159844.652622 0.840012 0.000011 -0.000012 -0.000060 -0.000060 -0.430733 0.902479
1741159844.702633 0.840012 0.000011 -0.000012 -0.000060 -0.000060 -0.430733 0.902479
1741159844.752666 0.840006 -0.000053 -0.000007 -0.000001 0.000030 -0.422609 0.906312
1741159844.802638 0.840006 -0.000053 -0.000007 -0.000001 0.000030 -0.422609 0.906312
1741159844.852623 0.840007 -0.000034 -0.000009 -0.000001 0.000038 -0.422688 0.906275
1741159844.902613 0.840007 -0.000034 -0.000009 -0.000001 0.000038 -0.422688 0.906275
1741159844.952636 0.840009 -0.000016 -0.000009 -0.000001 0.000038 -0.422766 0.906239
1741159845.002634 0.840009 -0.000016 -0.000009 -0.000001 0.000038 -0.422766 0.906239
1741159845.052640 0.840011 0.000001 -0.000012 -0.000058 -0.000059 -0.422844 0.906203
1741159845.102612 0.840011 0.000001 -0.000012 -0.000058 -0.000059 -0.422844 0.906203
1741159845.152646 0.840006 -0.000052 -0.000012 -0.000052 -0.000058 -0.414688 0.909964
1741159845.202643 0.840006 -0.000052 -0.000012 -0.000052 -0.000058 -0.414688 0.909964
1741159845.252691 0.840007 -0.000038 -0.000012 -0.000055 -0.000059 -0.414749 0.909936
1741159845.302613 0.840007 -0.000038 -0.000012 -0.000055 -0.000059 -0.414749 0.909936
1741159845.352633 0.840009 -0.000024 -0.000008 -0.000001 0.000036 -0.414807 0.909910
1741159845.402611 0.840009 -0.000024 -0.000008 -0.000001 0.000036 -0.414807 0.909910
1741159845.452610 0.840006 -0.000052 -0.000008 -0.000001 0.000035 -0.406728 0.913549
1741159845.502624 0.840006 -0.000052 -0.000008 -0.000001 0.000035 -0.406728 0.913549
1741159845.552633 0.840006 -0.000042 -0.000008 -0.000001 0.000036 -0.406734 0.913547
1741159845.602623 0.840006 -0.000042 -0.000008 -0.000001 0.000036 -0.406734 0.913547
1741159845.652633 0.840007 -0.000033 -0.000011 -0.000051 -0.000057 -0.406736 0.913546
1741159845.702613 0.840007 -0.000033 -0.000011 -0.000051 -0.000057 -0.406736 0.913546
1741159845.752614 0.840006 -0.000052 -0.000008 -0.000002 0.000035 -0.398740 0.917064
1741159845.802690 0.840006 -0.000052 -0.000008 -0.000002 0.000035 -0.398740 0.917064
1741159845.852661 0.840005 -0.000044 -0.000011 -0.000050 -0.000058 -0.398743 0.917063
1741159845.902661 0.840005 -0.000044 -0.000011 -0.000050 -0.000058 -0.398743 0.917063
1741159845.952635 0.840005 -0.000036 -0.000009 -0.000002 0.000036 -0.398743 0.917063
1741159846.002611 0.840005 -0.000036 -0.000009 -0.000002 0.000036 -0.398743 0.917063
1741159846.052649 0.840006 -0.000052 -0.000014 -0.000082 -0.000083 -0.390727 0.920507
1741159846.102637 0.840006 -0.000052 -0.000014 -0.000082 -0.000083 -0.390727 0.920507
1741159846.152655 0.840003 -0.000030 -0.000009 -0.000007 0.000041 -0.390823 0.920466
1741159846.202627 0.840003 -0.000030 -0.000009 -0.000007 0.000041 -0.390823 0.920466
1741159846.252616 0.840001 -0.000009 -0.000009 -0.000007 0.000041 -0.390920 0.920425
1741159846.302642 0.840001 -0.000009 -0.000009 -0.000007 0.000041 -0.390920 0.920425
1741159846.352643 0.839999 0.000013 -0.000009 -0.000007 0.000041 -0.391016 0.920384
1741159846.402676 0.839999 0.000013 -0.000009 -0.000007 0.000041 -0.391016 0.920384
1741159846.452636 0.840006 -0.000052 -0.000010 -0.000009 0.000047 -0.382679 0.923882
1741159846.502621 0.840006 -0.000052 -0.000010 -0.000009 0.000047 -0.382679 0.923882
1741159846.552622 0.840002 -0.000030 -0.000013 -0.000074 -0.000076 -0.382778 0.923840
1741159846.602622 0.840002 -0.000030 -0.000013 -0.000074 -0.000076 -0.382778 0.923840
1741159846.652636 0.840000 -0.000008 -0.000013 -0.000074 -0.000076 -0.382876 0.923800
1741159846.702618 0.840000 -0.000008 -0.000013 -0.000074 -0.000076 -0.382876 0.923800
1741159846.752630 0.840006 -0.000053 -0.000008 -0.000039 -0.000044 -0.374598 0.927188
1741159846.802635 0.840006 -0.000053 -0.000008 -0.000039 -0.000044 -0.374598 0.927188
1741159846.852667 0.840002 -0.000033 -0.000009 -0.000008 0.000041 -0.374691 0.927150
1741159846.902639 0.840002 -0.000033 -0.000009 -0.000008 0.000041 -0.374691 0.927150
1741159846.952619 0.839999 -0.000012 -0.000009 -0.000008 0.000041 -0.374790 0.927110
1741159847.002629 0.839999 -0.000012 -0.000009 -0.000008 0.000041 -0.374790 0.927110
1741159847.052684 0.839995 0.000008 -0.000013 -0.000074 -0.000077 -0.374888 0.927070
1741159847.102650 0.839995 0.000008 -0.000013 -0.000074 -0.000077 -0.374888 0.927070
1741159847.152632 0.840005 -0.000050 -0.000009 -0.000008 0.000041 -0.366503 0.930417
1741159847.202623 0.840005 -0.000050 -0.000009 -0.000008 0.000041 -0.366503 0.930417
1741159847.252618 0.840001 -0.000031 -0.000009 -0.000008 0.000041 -0.366603 0.930377
1741159847.302636 0.840001 -0.000031 -0.000009 -0.000008 0.000041 -0.366603 0.930377
1741159847.352628 0.839997 -0.000013 -0.000013 -0.000074 -0.000078 -0.366704 0.930338
1741159847.402620 0.839997 -0.000013 -0.000013 -0.000074 -0.000078 -0.366704 0.930338
1741159847.452635 0.840006 -0.000052 -0.000007 -0.000004 0.000030 -0.358359 0.933584
1741159847.502635 0.840006 -0.000052 -0.000007 -0.000004 0.000030 -0.358359 0.933584
1741159847.552619 0.840001 -0.000036 -0.000013 -0.000073 -0.000079 -0.358461 0.933545
1741159847.602617 0.840001 -0.000036 -0.000013 -0.000073 -0.000079 -0.358461 0.933545
1741159847.652614 0.839996 -0.000017 -0.000009 -0.000009 0.000041 -0.358566 0.933504
1741159847.702627 0.839996 -0.000017 -0.000009 -0.000009 0.000041 -0.358566 0.933504
1741159847.752628 0.840006 -0.000053 -0.000012 -0.000068 -0.000074 -0.350200 0.936675
1741159847.802640 0.840006 -0.000053 -0.000012 -0.000068 -0.000074 -0.350200 0.936675
1741159847.852632 0.840000 -0.000035 -0.000009 -0.000009 0.000041 -0.350307 0.936635
1741159847.902629 0.840000 -0.000035 -0.000009 -0.000009 0.000041 -0.350307 0.936635
1741159847.952615 0.839995 -0.000018 -0.000009 -0.000009 0.000041 -0.350414 0.936595
1741159848.002613 0.839995 -0.000018 -0.000009 -0.000009 0.000041 -0.350414 0.936595
1741159848.052615 0.840005 -0.000052 -0.000009 -0.000010 0.000042 -0.342016 0.939694
1741159848.102626 0.840005 -0.000052 -0.000009 -0.000010 0.000042 -0.342016 0.939694
1741159848.152631 0.840000 -0.000034 -0.000009 -0.000009 0.000041 -0.342126 0.939654
1741159848.202625 0.840000 -0.000034 -0.000009 -0.000009 0.000041 -0.342126 0.939654
1741159848.252625 0.839994 -0.000016 -0.000009 -0.000009 0.000041 -0.342235 0.939615
1741159848.302632 0.839994 -0.000016 -0.000009 -0.000009 0.000041 -0.342235 0.939615
1741159848.352638 0.840005 -0.000051 -0.000014 -0.000075 -0.000085 -0.333805 0.942642
1741159848.402619 0.840005 -0.000051 -0.000014 -0.000075 -0.000085 -0.333805 0.942642
1741159848.452631 0.840000 -0.000033 -0.000009 -0.000010 0.000041 -0.333911 0.942605
1741159848.502633 0.840000 -0.000033 -0.000009 -0.000010 0.000041 -0.333911 0.942605
1741159848.552646 0.839995 -0.000015 -0.000009 -0.000010 0.000041 -0.334017 0.942567
1741159848.602641 0.839995 -0.000015 -0.000009 -0.000010 0.000041 -0.334017 0.942567
1741159848.652681 0.840005 -0.000052 -0.000009 -0.000011 0.000042 -0.325563 0.945520
1741159848.702657 0.840005 -0.000052 -0.000009 -0.000011 0.000042 -0.325563 0.945520
1741159848.752622 0.840001 -0.000033 -0.000009 -0.000010 0.000041 -0.325661 0.945486
1741159848.802694 0.840001 -0.000033 -0.000009 -0.000010 0.000041 -0.325661 0.945486
1741159848.852683 0.839997 -0.000015 -0.000009 -0.000010 0.000041 -0.325759 0.945453
1741159848.902696 0.839997 -0.000015 -0.000009 -0.000010 0.000041 -0.325759 0.945453
1741159848.952685 0.840006 -0.000052 -0.000008 -0.000004 0.000033 -0.317297 0.948326
1741159849.002655 0.840006 -0.000052 -0.000008 -0.000004 0.000033 -0.317297 0.948326
1741159849.052626 0.840003 -0.000035 -0.000009 -0.000010 0.000041 -0.317381 0.948298
1741159849.102624 0.840003 -0.000035 -0.000009 -0.000010 0.000041 -0.317381 0.948298
1741159849.152652 0.840000 -0.000017 -0.000009 -0.000010 0.000041 -0.317465 0.948270
1741159849.202635 0.840000 -0.000017 -0.000009 -0.000010 0.000041 -0.317465 0.948270
1741159849.252617 0.840006 -0.000052 -0.000008 -0.000004 0.000033 -0.309009 0.951059
1741159849.302629 0.840006 -0.000052 -0.000008 -0.000004 0.000033 -0.309009 0.951059
1741159849.352687 0.840004 -0.000036 -0.000013 -0.000073 -0.000087 -0.309084 0.951035
1741159849.402700 0.840004 -0.000036 -0.000013 -0.000073 -0.000087 -0.309084 0.951035
1741159849.452642 0.840003 -0.000019 -0.000009 -0.000011 0.000041 -0.309159 0.951010
1741159849.502636 0.840003 -0.000019 -0.000009 -0.000011 0.000041 -0.309159 0.951010
1741159849.552676 0.840006 -0.000052 -0.000014 -0.000075 -0.000091 -0.300700 0.953719
1741159849.602638 0.840006 -0.000052 -0.000014 -0.000075 -0.000091 -0.300700 0.953719
1741159849.652646 0.840005 -0.000036 -0.000009 -0.000011 0.000041 -0.300769 0.953697
1741159849.702646 0.840005 -0.000036 -0.000009 -0.000011 0.000041 -0.300769 0.953697
1741159849.752646 0.840004 -0.000021 -0.000014 -0.000074 -0.000089 -0.300839 0.953675
1741159849.802668 0.840004 -0.000021 -0.000014 -0.000074 -0.000089 -0.300839 0.953675
1741159849.852680 0.840006 -0.000053 -0.000012 -0.000064 -0.000078 -0.292364 0.956307
1741159849.902639 0.840006 -0.000053 -0.000012 -0.000064 -0.000078 -0.292364 0.956307
1741159849.952651 0.840005 -0.000039 -0.000009 -0.000011 0.000041 -0.292428 0.956287
1741159850.002627 0.840005 -0.000039 -0.000009 -0.000011 0.000041 -0.292428 0.956287
1741159850.052647 0.840004 -0.000025 -0.000009 -0.000011 0.000041 -0.292494 0.956267
1741159850.102623 0.840004 -0.000025 -0.000009 -0.000011 0.000041 -0.292494 0.956267
1741159850.152642 0.840006 -0.000053 -0.000013 -0.000069 -0.000087 -0.284008 0.958822
1741159850.202618 0.840006 -0.000053 -0.000013 -0.000069 -0.000087 -0.284008 0.958822
1741159850.252663 0.840005 -0.000040 -0.000009 -0.000012 0.000041 -0.284070 0.958804
1741159850.302644 0.840005 -0.000040 -0.000009 -0.000012 0.000041 -0.284070 0.958804
1741159850.352642 0.840005 -0.000028 -0.000009 -0.000012 0.000041 -0.284132 0.958785
1741159850.402622 0.840005 -0.000028 -0.000009 -0.000012 0.000041 -0.284132 0.958785
1741159850.452622 0.840006 -0.000052 -0.000009 -0.000012 0.000040 -0.275631 0.961264
1741159850.502664 0.840006 -0.000052 -0.000009 -0.000012 0.000040 -0.275631 0.961264
1741159850.552640 0.840005 -0.000041 -0.000009 -0.000012 0.000041 -0.275688 0.961247
1741159850.602679 0.840005 -0.000041 -0.000009 -0.000012 0.000041 -0.275688 0.961247
1741159850.652623 0.840005 -0.000030 -0.000009 -0.000012 0.000041 -0.275748 0.961230
1741159850.702637 0.840005 -0.000030 -0.000009 -0.000012 0.000041 -0.275748 0.961230
1741159850.752633 0.840006 -0.000051 -0.000009 -0.000011 0.000038 -0.267233 0.963632
1741159850.802640 0.840006 -0.000051 -0.000009 -0.000011 0.000038 -0.267233 0.963632
1741159850.852628 0.840006 -0.000041 -0.000014 -0.000073 -0.000094 -0.267292 0.963616
1741159850.902644 0.840006 -0.000041 -0.000014 -0.000073 -0.000094 -0.267292 0.963616
1741159850.952637 0.840006 -0.000031 -0.000010 -0.000012 0.000041 -0.267350 0.963599
1741159851.002626 0.840006 -0.000031 -0.000010 -0.000012 0.000041 -0.267350 0.963599
1741159851.052634 0.840005 -0.000021 -0.000014 -0.000073 -0.000095 -0.267409 0.963583
1741159851.102616 0.840005 -0.000021 -0.000014 -0.000073 -0.000095 -0.267409 0.963583
1741159851.152636 0.840006 -0.000051 -0.000009 -0.000011 0.000038 -0.258814 0.965927
1741159851.202618 0.840006 -0.000051 -0.000009 -0.000011 0.000038 -0.258814 0.965927
1741159851.252615 0.840006 -0.000042 -0.000010 -0.000013 0.000041 -0.258871 0.965912
1741159851.302613 0.840006 -0.000042 -0.000010 -0.000013 0.000041 -0.258871 0.965912
1741159851.352618 0.840006 -0.000032 -0.000010 -0.000013 0.000041 -0.258929 0.965896
1741159851.402619 0.840006 -0.000032 -0.000010 -0.000013 0.000041 -0.258929 0.965896
1741159851.452623 0.840006 -0.000052 -0.000014 -0.000071 -0.000094 -0.250375 0.968149
1741159851.502625 0.840006 -0.000052 -0.000014 -0.000071 -0.000094 -0.250375 0.968149
1741159851.552624 0.840006 -0.000043 -0.000014 -0.000073 -0.000098 -0.250432 0.968134
1741159851.602637 0.840006 -0.000043 -0.000014 -0.000073 -0.000098 -0.250432 0.968134
1741159851.652623 0.840006 -0.000034 -0.000014 -0.000073 -0.000098 -0.250489 0.968119
1741159851.702618 0.840006 -0.000034 -0.000014 -0.000073 -0.000098 -0.250489 0.968119
1741159851.752644 0.840006 -0.000052 -0.000008 -0.000005 0.000033 -0.241913 0.970298
1741159851.802621 0.840006 -0.000052 -0.000008 -0.000005 0.000033 -0.241913 0.970298
1741159851.852615 0.840005 -0.000044 -0.000014 -0.000073 -0.000099 -0.241972 0.970283
1741159851.902616 0.840005 -0.000044 -0.000014 -0.000073 -0.000099 -0.241972 0.970283
1741159851.952620 0.840005 -0.000036 -0.000014 -0.000073 -0.000100 -0.242031 0.970269
1741159852.002626 0.840005 -0.000036 -0.000014 -0.000073 -0.000100 -0.242031 0.970269
1741159852.052618 0.840006 -0.000052 -0.000007 -0.000013 0.000032 -0.233439 0.972371
1741159852.102613 0.840006 -0.000052 -0.000007 -0.000013 0.000032 -0.233439 0.972371
1741159852.152629 0.840005 -0.000043 -0.000010 -0.000014 0.000041 -0.233500 0.972357
1741159852.202618 0.840005 -0.000043 -0.000010 -0.000014 0.000041 -0.233500 0.972357
1741159852.252621 0.840004 -0.000035 -0.000010 -0.000014 0.000041 -0.233561 0.972342
1741159852.302655 0.840004 -0.000035 -0.000010 -0.000014 0.000041 -0.233561 0.972342
1741159852.352625 0.840002 -0.000027 -0.000010 -0.000013 0.000041 -0.233622 0.972328
1741159852.402613 0.840002 -0.000027 -0.000010 -0.000013 0.000041 -0.233622 0.972328
1741159852.452622 0.840005 -0.000052 -0.000010 -0.000014 0.000041 -0.224946 0.974371
1741159852.502622 0.840005 -0.000052 -0.000010 -0.000014 0.000041 -0.224946 0.974371
1741159852.552617 0.840003 -0.000044 -0.000010 -0.000014 0.000041 -0.225011 0.974356
1741159852.602568 0.840003 -0.000044 -0.000010 -0.000014 0.000041 -0.225011 0.974356
1741159852.652612 0.840000 -0.000036 -0.000010 -0.000014 0.000041 -0.225077 0.974341
1741159852.702625 0.840000 -0.000036 -0.000010 -0.000014 0.000041 -0.225077 0.974341
1741159852.752640 0.840006 -0.000052 -0.000014 -0.000069 -0.000099 -0.216435 0.976297
1741159852.802617 0.840006 -0.000052 -0.000014 -0.000069 -0.000099 -0.216435 0.976297
1741159852.852615 0.840001 -0.000043 -0.000010 -0.000014 0.000041 -0.216505 0.976282
1741159852.902614 0.840001 -0.000043 -0.000010 -0.000014 0.000041 -0.216505 0.976282
1741159852.952612 0.839996 -0.000035 -0.000015 -0.000072 -0.000104 -0.216575 0.976266
1741159853.002616 0.839996 -0.000035 -0.000015 -0.000072 -0.000104 -0.216575 0.976266
1741159853.052612 0.839991 -0.000027 -0.000010 -0.000014 0.000041 -0.216647 0.976250
1741159853.102614 0.839991 -0.000027 -0.000010 -0.000014 0.000041 -0.216647 0.976250
1741159853.152618 0.840006 -0.000052 -0.000007 -0.000012 0.000033 -0.207906 0.978149
1741159853.202617 0.840006 -0.000052 -0.000007 -0.000012 0.000033 -0.207906 0.978149
1741159853.252616 0.839999 -0.000043 -0.000010 -0.000014 0.000041 -0.207981 0.978133
1741159853.302613 0.839999 -0.000043 -0.000010 -0.000014 0.000041 -0.207981 0.978133
1741159853.352610 0.839991 -0.000035 -0.000010 -0.000014 0.000042 -0.208057 0.978117
1741159853.402612 0.839991 -0.000035 -0.000010 -0.000014 0.000042 -0.208057 0.978117
1741159853.452612 0.840006 -0.000053 -0.000010 -0.000048 -0.000072 -0.199359 0.979926
1741159853.502614 0.840006 -0.000053 -0.000010 -0.000048 -0.000072 -0.199359 0.979926
1741159853.552613 0.839996 -0.000044 -0.000010 -0.000015 0.000041 -0.199440 0.979910
1741159853.602612 0.839996 -0.000044 -0.000010 -0.000015 0.000041 -0.199440 0.979910
1741159853.652611 0.839986 -0.000035 -0.000010 -0.000015 0.000042 -0.199521 0.979894
1741159853.702615 0.839986 -0.000035 -0.000010 -0.000015 0.000042 -0.199521 0.979894
1741159853.752615 0.840005 -0.000051 -0.000015 -0.000070 -0.000107 -0.190807 0.981628
1741159853.802613 0.840005 -0.000051 -0.000015 -0.000070 -0.000107 -0.190807 0.981628
1741159853.852620 0.839994 -0.000042 -0.000010 -0.000015 0.000041 -0.190890 0.981611
1741159853.902651 0.839994 -0.000042 -0.000010 -0.000015 0.000041 -0.190890 0.981611
1741159853.952623 0.839982 -0.000034 -0.000010 -0.000015 0.000041 -0.190976 0.981595
1741159854.002636 0.839982 -0.000034 -0.000010 -0.000015 0.000041 -0.190976 0.981595
1741159854.052639 0.839971 -0.000025 -0.000010 -0.000015 0.000042 -0.191062 0.981578
1741159854.102625 0.839971 -0.000025 -0.000010 -0.000015 0.000042 -0.191062 0.981578
1741159854.152667 0.840005 -0.000051 -0.000010 -0.000015 0.000041 -0.182234 0.983255
1741159854.202645 0.840005 -0.000051 -0.000010 -0.000015 0.000041 -0.182234 0.983255
1741159854.252626 0.839992 -0.000042 -0.000010 -0.000015 0.000042 -0.182323 0.983239
1741159854.302646 0.839992 -0.000042 -0.000010 -0.000015 0.000042 -0.182323 0.983239
1741159854.352662 0.839978 -0.000033 -0.000010 -0.000015 0.000042 -0.182413 0.983222
1741159854.402650 0.839978 -0.000033 -0.000010 -0.000015 0.000042 -0.182413 0.983222
1741159854.452679 0.840006 -0.000052 -0.000005 -0.000010 0.000022 -0.173639 0.984809
1741159854.502665 0.840006 -0.000052 -0.000005 -0.000010 0.000022 -0.173639 0.984809
1741159854.552667 0.839991 -0.000044 -0.000015 -0.000071 -0.000112 -0.173730 0.984793
1741159854.602665 0.839991 -0.000044 -0.000015 -0.000071 -0.000112 -0.173730 0.984793
1741159854.652669 0.839976 -0.000034 -0.000010 -0.000015 0.000042 -0.173823 0.984777
1741159854.702641 0.839976 -0.000034 -0.000010 -0.000015 0.000042 -0.173823 0.984777
1741159854.752644 0.839961 -0.000025 -0.000010 -0.000015 0.000042 -0.173916 0.984761
1741159854.802636 0.839961 -0.000025 -0.000010 -0.000015 0.000042 -0.173916 0.984761
1741159854.852687 0.840005 -0.000051 -0.000009 -0.000018 0.000040 -0.165043 0.986286
1741159854.902616 0.840005 -0.000051 -0.000009 -0.000018 0.000040 -0.165043 0.986286
1741159854.952623 0.839989 -0.000042 -0.000015 -0.000071 -0.000113 -0.165138 0.986270
1741159855.002618 0.839989 -0.000042 -0.000015 -0.000071 -0.000113 -0.165138 0.986270
1741159855.052635 0.839973 -0.000033 -0.000015 -0.000071 -0.000113 -0.165233 0.986255
1741159855.102625 0.839973 -0.000033 -0.000015 -0.000071 -0.000113 -0.165233 0.986255
1741159855.152634 0.839957 -0.000023 -0.000015 -0.000071 -0.000113 -0.165328 0.986239
1741159855.202649 0.839957 -0.000023 -0.000015 -0.000071 -0.000113 -0.165328 0.986239
1741159855.252612 0.839941 -0.000014 -0.000011 -0.000015 0.000042 -0.165424 0.986223
1741159855.302629 0.839941 -0.000014 -0.000011 -0.000015 0.000042 -0.165424 0.986223
1741159855.352650 0.840005 -0.000051 -0.000015 -0.000070 -0.000114 -0.156435 0.987688
1741159855.402620 0.840005 -0.000051 -0.000015 -0.000070 -0.000114 -0.156435 0.987688
1741159855.452623 0.839987 -0.000041 -0.000011 -0.000016 0.000042 -0.156532 0.987673
1741159855.502615 0.839987 -0.000041 -0.000011 -0.000016 0.000042 -0.156532 0.987673
1741159855.552637 0.839970 -0.000032 -0.000011 -0.000015 0.000042 -0.156629 0.987657
1741159855.602643 0.839970 -0.000032 -0.000011 -0.000015 0.000042 -0.156629 0.987657
1741159855.652674 0.840005 -0.000052 -0.000009 -0.000009 0.000035 -0.147800 0.989017
1741159855.702638 0.840005 -0.000052 -0.000009 -0.000009 0.000035 -0.147800 0.989017
1741159855.752630 0.839988 -0.000043 -0.000011 -0.000016 0.000042 -0.147898 0.989003
1741159855.802665 0.839988 -0.000043 -0.000011 -0.000016 0.000042 -0.147898 0.989003
1741159855.852684 0.839970 -0.000033 -0.000011 -0.000016 0.000042 -0.147996 0.988988
1741159855.902629 0.839970 -0.000033 -0.000011 -0.000016 0.000042 -0.147996 0.988988
1741159855.952646 0.839952 -0.000024 -0.000016 -0.000070 -0.000117 -0.148095 0.988973
1741159856.002585 0.839952 -0.000024 -0.000016 -0.000070 -0.000117 -0.148095 0.988973
1741159856.052632 0.840005 -0.000052 -0.000010 0.000025 -0.000071 -0.139163 0.990270
1741159856.102644 0.840005 -0.000052 -0.000010 0.000025 -0.000071 -0.139163 0.990270
1741159856.152614 0.839984 -0.000026 -0.000012 0.000031 -0.000095 -0.139096 0.990279
1741159856.202632 0.839984 -0.000026 -0.000012 0.000031 -0.000095 -0.139096 0.990279
1741159856.252626 0.839964 -0.000006 -0.000016 -0.000069 -0.000119 -0.139078 0.990281
1741159856.302640 0.839964 -0.000006 -0.000016 -0.000069 -0.000119 -0.139078 0.990281
1741159856.352616 0.840004 -0.000051 -0.000011 -0.000015 0.000042 -0.130526 0.991445
1741159856.402618 0.840004 -0.000051 -0.000011 -0.000015 0.000042 -0.130526 0.991445
1741159856.452645 0.839986 -0.000042 -0.000016 -0.000069 -0.000120 -0.130620 0.991433
1741159856.502620 0.839986 -0.000042 -0.000016 -0.000069 -0.000120 -0.130620 0.991433
1741159856.552660 0.839968 -0.000032 -0.000016 -0.000069 -0.000120 -0.130718 0.991420
1741159856.602643 0.839968 -0.000032 -0.000016 -0.000069 -0.000120 -0.130718 0.991420
1741159856.652687 0.840005 -0.000051 -0.000015 -0.000063 -0.000112 -0.121865 0.992547
1741159856.702622 0.840005 -0.000051 -0.000015 -0.000063 -0.000112 -0.121865 0.992547
1741159856.752662 0.839986 -0.000042 -0.000016 -0.000068 -0.000121 -0.121962 0.992535
1741159856.802638 0.839986 -0.000042 -0.000016 -0.000068 -0.000121 -0.121962 0.992535
1741159856.852612 0.839967 -0.000032 -0.000016 -0.000068 -0.000122 -0.122059 0.992523
1741159856.902643 0.839967 -0.000032 -0.000016 -0.000068 -0.000122 -0.122059 0.992523
1741159856.952629 0.840005 -0.000052 -0.000002 -0.000000 0.000009 -0.113191 0.993573
1741159857.002613 0.840005 -0.000052 -0.000002 -0.000000 0.000009 -0.113191 0.993573
1741159857.052614 0.839986 -0.000043 -0.000011 -0.000016 0.000043 -0.113281 0.993563
1741159857.102610 0.839986 -0.000043 -0.000011 -0.000016 0.000043 -0.113281 0.993563
1741159857.152619 0.839967 -0.000034 -0.000011 -0.000016 0.000043 -0.113377 0.993552
1741159857.202616 0.839967 -0.000034 -0.000011 -0.000016 0.000043 -0.113377 0.993552
1741159857.252617 0.840005 -0.000052 -0.000010 0.000028 -0.000071 -0.104517 0.994523
1741159857.302611 0.840005 -0.000052 -0.000010 0.000028 -0.000071 -0.104517 0.994523
1741159857.352646 0.839987 -0.000043 -0.000016 -0.000067 -0.000124 -0.104602 0.994514
1741159857.402614 0.839987 -0.000043 -0.000016 -0.000067 -0.000124 -0.104602 0.994514
1741159857.452630 0.839968 -0.000034 -0.000016 -0.000067 -0.000125 -0.104696 0.994504
1741159857.502616 0.839968 -0.000034 -0.000016 -0.000067 -0.000125 -0.104696 0.994504
1741159857.552637 0.840006 -0.000052 -0.000011 -0.000044 -0.000082 -0.095836 0.995397
1741159857.602636 0.840006 -0.000052 -0.000011 -0.000044 -0.000082 -0.095836 0.995397
1741159857.652625 0.839987 -0.000042 -0.000011 -0.000016 0.000044 -0.095904 0.995391
1741159857.702614 0.839987 -0.000042 -0.000011 -0.000016 0.000044 -0.095904 0.995391
1741159857.752625 0.839969 -0.000032 -0.000016 -0.000066 -0.000126 -0.095973 0.995384
1741159857.802631 0.839969 -0.000032 -0.000016 -0.000066 -0.000126 -0.095973 0.995384
1741159857.852635 0.839949 -0.000021 -0.000011 -0.000016 0.000044 -0.096045 0.995377
1741159857.902627 0.839949 -0.000021 -0.000011 -0.000016 0.000044 -0.096045 0.995377
1741159857.952625 0.840004 -0.000051 -0.000012 -0.000016 0.000044 -0.087154 0.996195
1741159858.002612 0.840004 -0.000051 -0.000012 -0.000016 0.000044 -0.087154 0.996195
1741159858.052660 0.839986 -0.000037 -0.000016 -0.000066 -0.000127 -0.087225 0.996189
1741159858.102624 0.839986 -0.000037 -0.000016 -0.000066 -0.000127 -0.087225 0.996189
1741159858.152617 0.839968 -0.000025 -0.000016 -0.000066 -0.000127 -0.087294 0.996183
1741159858.202627 0.839968 -0.000025 -0.000016 -0.000066 -0.000127 -0.087294 0.996183
1741159858.252667 0.840006 -0.000052 -0.000009 -0.000000 -0.000185 -0.078450 0.996918
1741159858.302671 0.840006 -0.000052 -0.000009 -0.000000 -0.000185 -0.078450 0.996918
1741159858.352662 0.839989 -0.000040 -0.000016 -0.000065 -0.000128 -0.078509 0.996913
1741159858.402687 0.839989 -0.000040 -0.000016 -0.000065 -0.000128 -0.078509 0.996913
1741159858.452641 0.839972 -0.000027 -0.000016 -0.000065 -0.000128 -0.078576 0.996908
1741159858.502666 0.839972 -0.000027 -0.000016 -0.000065 -0.000128 -0.078576 0.996908
1741159858.552690 0.839954 -0.000013 -0.000016 -0.000065 -0.000128 -0.078644 0.996903
1741159858.602644 0.839954 -0.000013 -0.000016 -0.000065 -0.000128 -0.078644 0.996903
1741159858.652634 0.840005 -0.000052 -0.000011 -0.000013 0.000041 -0.069746 0.997565
1741159858.702632 0.840005 -0.000052 -0.000011 -0.000013 0.000041 -0.069746 0.997565
1741159858.752632 0.839991 -0.000041 -0.000011 -0.000014 0.000043 -0.069803 0.997561
1741159858.802626 0.839991 -0.000041 -0.000011 -0.000014 0.000043 -0.069803 0.997561
1741159858.852627 0.839977 -0.000030 -0.000011 -0.000014 0.000043 -0.069858 0.997557
1741159858.902613 0.839977 -0.000030 -0.000011 -0.000014 0.000043 -0.069858 0.997557
1741159858.952635 0.840005 -0.000052 -0.000008 -0.000011 0.000031 -0.061039 0.998135
1741159859.002637 0.840005 -0.000052 -0.000008 -0.000011 0.000031 -0.061039 0.998135
1741159859.052637 0.839995 -0.000045 -0.000016 -0.000062 -0.000128 -0.061017 0.998137
1741159859.102638 0.839995 -0.000045 -0.000016 -0.000062 -0.000128 -0.061017 0.998137
1741159859.152632 0.839983 -0.000038 -0.000011 -0.000014 0.000042 -0.060996 0.998138
1741159859.202618 0.839983 -0.000038 -0.000011 -0.000014 0.000042 -0.060996 0.998138
1741159859.252671 0.840006 -0.000052 -0.000004 -0.000010 0.000017 -0.052326 0.998630
1741159859.302639 0.840006 -0.000052 -0.000004 -0.000010 0.000017 -0.052326 0.998630
1741159859.352630 0.839995 -0.000049 -0.000011 -0.000014 0.000042 -0.052300 0.998631
1741159859.402624 0.839995 -0.000049 -0.000011 -0.000014 0.000042 -0.052300 0.998631
1741159859.452625 0.839986 -0.000047 -0.000016 -0.000060 -0.000128 -0.052274 0.998633
1741159859.502625 0.839986 -0.000047 -0.000016 -0.000060 -0.000128 -0.052274 0.998633
1741159859.552624 0.840006 -0.000052 -0.000014 -0.000050 -0.000109 -0.043609 0.999049
1741159859.602631 0.840006 -0.000052 -0.000014 -0.000050 -0.000109 -0.043609 0.999049
1741159859.652625 0.839996 -0.000052 -0.000011 -0.000015 0.000042 -0.043580 0.999050
1741159859.702613 0.839996 -0.000052 -0.000011 -0.000015 0.000042 -0.043580 0.999050
1741159859.752619 0.839987 -0.000051 -0.000011 -0.000015 0.000041 -0.043550 0.999051
1741159859.802614 0.839987 -0.000051 -0.000011 -0.000015 0.000041 -0.043550 0.999051
1741159859.852612 0.840006 -0.000052 -0.000010 -0.000035 -0.000079 -0.034889 0.999391
1741159859.902646 0.840006 -0.000052 -0.000010 -0.000035 -0.000079 -0.034889 0.999391
1741159859.952665 0.839997 -0.000052 -0.000011 -0.000015 0.000041 -0.034858 0.999392
1741159860.002692 0.839997 -0.000052 -0.000011 -0.000015 0.000041 -0.034858 0.999392
1741159860.052636 0.839989 -0.000051 -0.000016 -0.000057 -0.000128 -0.034827 0.999393
1741159860.102654 0.839989 -0.000051 -0.000016 -0.000057 -0.000128 -0.034827 0.999393
1741159860.152663 0.840005 -0.000052 -0.000008 0.000056 0.000050 -0.026166 0.999658
1741159860.202617 0.840005 -0.000052 -0.000008 0.000056 0.000050 -0.026166 0.999658
1741159860.252617 0.839999 -0.000052 -0.000016 -0.000056 -0.000128 -0.026136 0.999658
1741159860.302616 0.839999 -0.000052 -0.000016 -0.000056 -0.000128 -0.026136 0.999658
1741159860.352624 0.839991 -0.000052 -0.000011 -0.000015 0.000041 -0.026105 0.999659
1741159860.402634 0.839991 -0.000052 -0.000011 -0.000015 0.000041 -0.026105 0.999659
1741159860.452625 0.839984 -0.000051 -0.000011 -0.000015 0.000041 -0.026073 0.999660
1741159860.502617 0.839984 -0.000051 -0.000011 -0.000015 0.000041 -0.026073 0.999660
1741159860.552613 0.840005 -0.000051 -0.000011 -0.000015 0.000040 -0.017446 0.999848
1741159860.602615 0.840005 -0.000051 -0.000011 -0.000015 0.000040 -0.017446 0.999848
1741159860.652621 0.839999 -0.000051 -0.000011 -0.000015 0.000040 -0.017415 0.999848
1741159860.702611 0.839999 -0.000051 -0.000011 -0.000015 0.000040 -0.017415 0.999848
1741159860.752650 0.839993 -0.000051 -0.000016 -0.000054 -0.000128 -0.017383 0.999849
1741159860.802643 0.839993 -0.000051 -0.000016 -0.000054 -0.000128 -0.017383 0.999849
1741159860.852614 0.840005 -0.000052 -0.000009 -0.000027 0.000037 -0.008721 0.999962
1741159860.902622 0.840005 -0.000052 -0.000009 -0.000027 0.000037 -0.008721 0.999962
1741159860.952617 0.840000 -0.000051 -0.000011 -0.000015 0.000040 -0.008690 0.999962
1741159861.002615 0.840000 -0.000051 -0.000011 -0.000015 0.000040 -0.008690 0.999962
1741159861.052615 0.839995 -0.000051 -0.000016 -0.000053 -0.000127 -0.008658 0.999963
1741159861.102614 0.839995 -0.000051 -0.000016 -0.000053 -0.000127 -0.008658 0.999963
1741159861.152615 0.839989 -0.000051 -0.000011 -0.000015 0.000039 -0.008627 0.999963
1741159861.202612 0.839989 -0.000051 -0.000011 -0.000015 0.000039 -0.008627 0.999963
1741159861.252613 0.839983 -0.000051 -0.000011 -0.000015 0.000039 -0.008596 0.999963
1741159861.302614 0.839983 -0.000051 -0.000011 -0.000015 0.000039 -0.008596 0.999963
1741159861.352626 0.839978 -0.000051 -0.000016 -0.000053 -0.000127 -0.008565 0.999963
1741159861.402627 0.839978 -0.000051 -0.000016 -0.000053 -0.000127 -0.008565 0.999963
1741159861.452628 0.839973 -0.000051 -0.000016 -0.000053 -0.000127 -0.008533 0.999964
1741159861.502623 0.839973 -0.000051 -0.000016 -0.000053 -0.000127 -0.008533 0.999964
1741159861.552640 0.839968 -0.000051 -0.000016 -0.000053 -0.000127 -0.008502 0.999964
1741159861.602619 0.839968 -0.000051 -0.000016 -0.000053 -0.000127 -0.008502 0.999964
1741159861.652647 0.839962 -0.000051 -0.000016 -0.000053 -0.000127 -0.008471 0.999964
1741159861.702635 0.839962 -0.000051 -0.000016 -0.000053 -0.000127 -0.008471 0.999964
1741159861.752639 0.839957 -0.000051 -0.000016 -0.000053 -0.000127 -0.008439 0.999964
1741159861.802614 0.839957 -0.000051 -0.000016 -0.000053 -0.000127 -0.008439 0.999964
1741159861.852628 0.839951 -0.000051 -0.000011 -0.000015 0.000039 -0.008409 0.999965
1741159861.902640 0.839951 -0.000051 -0.000011 -0.000015 0.000039 -0.008409 0.999965
1741159861.952663 0.839946 -0.000051 -0.000011 -0.000015 0.000039 -0.008378 0.999965
1741159862.002642 0.839946 -0.000051 -0.000011 -0.000015 0.000039 -0.008378 0.999965
1741159862.052633 0.839940 -0.000050 -0.000011 -0.000015 0.000039 -0.008346 0.999965
1741159862.102622 0.839940 -0.000050 -0.000011 -0.000015 0.000039 -0.008346 0.999965
1741159862.152669 0.839935 -0.000050 -0.000011 -0.000015 0.000039 -0.008315 0.999965
1741159862.202626 0.839935 -0.000050 -0.000011 -0.000015 0.000039 -0.008315 0.999965
1741159862.252670 0.839930 -0.000050 -0.000011 -0.000015 0.000039 -0.008284 0.999966
1741159862.302637 0.839930 -0.000050 -0.000011 -0.000015 0.000039 -0.008284 0.999966
1741159862.352622 0.839924 -0.000050 -0.000011 -0.000015 0.000039 -0.008253 0.999966
1741159862.402622 0.839924 -0.000050 -0.000011 -0.000015 0.000039 -0.008253 0.999966
1741159862.452663 0.839919 -0.000050 -0.000011 -0.000015 0.000039 -0.008222 0.999966
1741159862.502657 0.839919 -0.000050 -0.000011 -0.000015 0.000039 -0.008222 0.999966
1741159862.552697 0.839914 -0.000050 -0.000016 -0.000053 -0.000127 -0.008190 0.999966
1741159862.602614 0.839914 -0.000050 -0.000016 -0.000053 -0.000127 -0.008190 0.999966
1741159862.652623 0.839909 -0.000050 -0.000011 -0.000015 0.000039 -0.008159 0.999967
1741159862.702626 0.839909 -0.000050 -0.000011 -0.000015 0.000039 -0.008159 0.999967
1741159862.752634 0.839904 -0.000050 -0.000016 -0.000053 -0.000127 -0.008127 0.999967
1741159862.802635 0.839904 -0.000050 -0.000016 -0.000053 -0.000127 -0.008127 0.999967
1741159862.852634 0.839898 -0.000050 -0.000011 -0.000015 0.000039 -0.008097 0.999967
1741159862.902635 0.839898 -0.000050 -0.000011 -0.000015 0.000039 -0.008097 0.999967
1741159862.952636 0.839893 -0.000050 -0.000016 -0.000052 -0.000127 -0.008065 0.999967
1741159863.002628 0.839893 -0.000050 -0.000016 -0.000052 -0.000127 -0.008065 0.999967
1741159863.052608 0.839887 -0.000050 -0.000011 -0.000015 0.000039 -0.008034 0.999968
1741159863.102681 0.839887 -0.000050 -0.000011 -0.000015 0.000039 -0.008034 0.999968
1741159863.152630 0.839882 -0.000050 -0.000011 -0.000015 0.000039 -0.008003 0.999968
1741159863.202671 0.839882 -0.000050 -0.000011 -0.000015 0.000039 -0.008003 0.999968
1741159863.252663 0.839877 -0.000049 -0.000011 -0.000015 0.000039 -0.007972 0.999968
1741159863.302626 0.839877 -0.000049 -0.000011 -0.000015 0.000039 -0.007972 0.999968
1741159863.352666 0.839872 -0.000049 -0.000016 -0.000052 -0.000127 -0.007941 0.999968
1741159863.402647 0.839872 -0.000049 -0.000016 -0.000052 -0.000127 -0.007941 0.999968
1741159863.452641 0.839867 -0.000049 -0.000016 -0.000052 -0.000127 -0.007909 0.999969
1741159863.502613 0.839867 -0.000049 -0.000016 -0.000052 -0.000127 -0.007909 0.999969
1741159863.552626 0.839861 -0.000049 -0.000011 -0.000015 0.000039 -0.007878 0.999969
1741159863.602612 0.839861 -0.000049 -0.000011 -0.000015 0.000039 -0.007878 0.999969
1741159863.652632 0.839856 -0.000049 -0.000011 -0.000015 0.000039 -0.007847 0.999969
1741159863.702630 0.839856 -0.000049 -0.000011 -0.000015 0.000039 -0.007847 0.999969
1741159863.752623 0.839851 -0.000049 -0.000011 -0.000015 0.000039 -0.007816 0.999969
1741159863.802614 0.839851 -0.000049 -0.000011 -0.000015 0.000039 -0.007816 0.999969
1741159863.852630 0.839845 -0.000049 -0.000011 -0.000015 0.000039 -0.007784 0.999970
1741159863.902629 0.839845 -0.000049 -0.000011 -0.000015 0.000039 -0.007784 0.999970
1741159863.952634 0.839840 -0.000049 -0.000011 -0.000015 0.000039 -0.007753 0.999970
1741159864.002615 0.839840 -0.000049 -0.000011 -0.000015 0.000039 -0.007753 0.999970
1741159864.052655 0.839835 -0.000049 -0.000011 -0.000015 0.000039 -0.007722 0.999970
1741159864.102633 0.839835 -0.000049 -0.000011 -0.000015 0.000039 -0.007722 0.999970
1741159864.152654 0.839830 -0.000049 -0.000011 -0.000015 0.000039 -0.007691 0.999970
1741159864.202635 0.839830 -0.000049 -0.000011 -0.000015 0.000039 -0.007691 0.999970
1741159864.252672 0.839824 -0.000049 -0.000011 -0.000015 0.000039 -0.007659 0.999971
1741159864.302635 0.839824 -0.000049 -0.000011 -0.000015 0.000039 -0.007659 0.999971
1741159864.352674 0.839819 -0.000049 -0.000011 -0.000015 0.000039 -0.007628 0.999971
1741159864.402614 0.839819 -0.000049 -0.000011 -0.000015 0.000039 -0.007628 0.999971
1741159864.452631 0.839814 -0.000049 -0.000011 -0.000015 0.000039 -0.007597 0.999971
1741159864.502623 0.839814 -0.000049 -0.000011 -0.000015 0.000039 -0.007597 0.999971
1741159864.552641 0.839809 -0.000049 -0.000011 -0.000015 0.000039 -0.007566 0.999971
1741159864.602624 0.839809 -0.000049 -0.000011 -0.000015 0.000039 -0.007566 0.999971
1741159864.652669 0.839803 -0.000048 -0.000011 -0.000015 0.000039 -0.007535 0.999972
1741159864.702615 0.839803 -0.000048 -0.000011 -0.000015 0.000039 -0.007535 0.999972
1741159864.752633 0.839799 -0.000048 -0.000016 -0.000052 -0.000127 -0.007503 0.999972
1741159864.802635 0.839799 -0.000048 -0.000016 -0.000052 -0.000127 -0.007503 0.999972
1741159864.852668 0.839793 -0.000048 -0.000011 -0.000015 0.000039 -0.007472 0.999972
1741159864.902640 0.839793 -0.000048 -0.000011 -0.000015 0.000039 -0.007472 0.999972
1741159864.952631 0.839788 -0.000048 -0.000011 -0.000015 0.000039 -0.007441 0.999972
1741159865.002626 0.839788 -0.000048 -0.000011 -0.000015 0.000039 -0.007441 0.999972
1741159865.052617 0.839783 -0.000048 -0.000011 -0.000015 0.000039 -0.007410 0.999973
1741159865.102603 0.839783 -0.000048 -0.000011 -0.000015 0.000039 -0.007410 0.999973
1741159865.152623 0.839778 -0.000048 -0.000016 -0.000052 -0.000127 -0.007378 0.999973
1741159865.202622 0.839778 -0.000048 -0.000016 -0.000052 -0.000127 -0.007378 0.999973
1741159865.252644 0.839772 -0.000048 -0.000011 -0.000015 0.000039 -0.007347 0.999973
1741159865.302628 0.839772 -0.000048 -0.000011 -0.000015 0.000039 -0.007347 0.999973
1741159865.352623 0.839767 -0.000048 -0.000011 -0.000015 0.000039 -0.007316 0.999973
1741159865.402634 0.839767 -0.000048 -0.000011 -0.000015 0.000039 -0.007316 0.999973
1741159865.452639 0.839762 -0.000048 -0.000011 -0.000015 0.000039 -0.007285 0.999973
1741159865.502639 0.839762 -0.000048 -0.000011 -0.000015 0.000039 -0.007285 0.999973
1741159865.552652 0.839757 -0.000048 -0.000011 -0.000015 0.000039 -0.007253 0.999974
1741159865.602635 0.839757 -0.000048 -0.000011 -0.000015 0.000039 -0.007253 0.999974
1741159865.652662 0.839751 -0.000048 -0.000011 -0.000015 0.000039 -0.007222 0.999974
1741159865.702632 0.839751 -0.000048 -0.000011 -0.000015 0.000039 -0.007222 0.999974
1741159865.752640 0.839746 -0.000048 -0.000011 -0.000015 0.000039 -0.007191 0.999974
1741159865.802635 0.839746 -0.000048 -0.000011 -0.000015 0.000039 -0.007191 0.999974
1741159865.852635 0.839741 -0.000048 -0.000011 -0.000015 0.000039 -0.007160 0.999974
1741159865.902624 0.839741 -0.000048 -0.000011 -0.000015 0.000039 -0.007160 0.999974
1741159865.952623 0.839736 -0.000048 -0.000011 -0.000015 0.000039 -0.007128 0.999975
1741159866.002632 0.839736 -0.000048 -0.000011 -0.000015 0.000039 -0.007128 0.999975
1741159866.052639 0.839731 -0.000048 -0.000011 -0.000015 0.000039 -0.007097 0.999975
1741159866.102623 0.839731 -0.000048 -0.000011 -0.000015 0.000039 -0.007097 0.999975
1741159866.152641 0.839726 -0.000047 -0.000016 -0.000052 -0.000127 -0.007065 0.999975
1741159866.202630 0.839726 -0.000047 -0.000016 -0.000052 -0.000127 -0.007065 0.999975
1741159866.252641 0.839720 -0.000047 -0.000011 -0.000015 0.000039 -0.007035 0.999975
1741159866.302632 0.839720 -0.000047 -0.000011 -0.000015 0.000039 -0.007035 0.999975
1741159866.352633 0.839715 -0.000047 -0.000011 -0.000015 0.000039 -0.007003 0.999975
1741159866.402614 0.839715 -0.000047 -0.000011 -0.000015 0.000039 -0.007003 0.999975
1741159866.452643 0.839710 -0.000047 -0.000011 -0.000015 0.000039 -0.006972 0.999976
1741159866.502640 0.839710 -0.000047 -0.000011 -0.000015 0.000039 -0.006972 0.999976
1741159866.552638 0.839705 -0.000047 -0.000016 -0.000052 -0.000127 -0.006940 0.999976
1741159866.602633 0.839705 -0.000047 -0.000016 -0.000052 -0.000127 -0.006940 0.999976
1741159866.652633 0.839700 -0.000047 -0.000011 -0.000015 0.000039 -0.006910 0.999976
1741159866.702633 0.839700 -0.000047 -0.000011 -0.000015 0.000039 -0.006910 0.999976
1741159866.752636 0.839695 -0.000047 -0.000011 -0.000015 0.000039 -0.006878 0.999976
1741159866.802624 0.839695 -0.000047 -0.000011 -0.000015 0.000039 -0.006878 0.999976
1741159866.852633 0.839689 -0.000047 -0.000011 -0.000015 0.000039 -0.006847 0.999977
1741159866.902635 0.839689 -0.000047 -0.000011 -0.000015 0.000039 -0.006847 0.999977
1741159866.952637 0.839684 -0.000047 -0.000011 -0.000015 0.000039 -0.006816 0.999977
1741159867.002619 0.839684 -0.000047 -0.000011 -0.000015 0.000039 -0.006816 0.999977
1741159867.052625 0.839679 -0.000047 -0.000011 -0.000015 0.000039 -0.006785 0.999977
1741159867.102624 0.839679 -0.000047 -0.000011 -0.000015 0.000039 -0.006785 0.999977
1741159867.152641 0.839674 -0.000047 -0.000011 -0.000015 0.000039 -0.006753 0.999977
1741159867.202641 0.839674 -0.000047 -0.000011 -0.000015 0.000039 -0.006753 0.999977
1741159867.252630 0.839669 -0.000047 -0.000016 -0.000052 -0.000127 -0.006722 0.999977
1741159867.302634 0.839669 -0.000047 -0.000016 -0.000052 -0.000127 -0.006722 0.999977
1741159867.352638 0.839664 -0.000047 -0.000011 -0.000015 0.000039 -0.006691 0.999978
1741159867.402641 0.839664 -0.000047 -0.000011 -0.000015 0.000039 -0.006691 0.999978
1741159867.452648 0.839659 -0.000047 -0.000011 -0.000015 0.000039 -0.006660 0.999978
1741159867.502619 0.839659 -0.000047 -0.000011 -0.000015 0.000039 -0.006660 0.999978
1741159867.552645 0.839653 -0.000047 -0.000011 -0.000015 0.000039 -0.006628 0.999978
1741159867.602643 0.839653 -0.000047 -0.000011 -0.000015 0.000039 -0.006628 0.999978
1741159867.652672 0.839648 -0.000047 -0.000011 -0.000015 0.000039 -0.006597 0.999978
1741159867.702637 0.839648 -0.000047 -0.000011 -0.000015 0.000039 -0.006597 0.999978
1741159867.752635 0.839643 -0.000047 -0.000011 -0.000015 0.000039 -0.006566 0.999978
1741159867.802622 0.839643 -0.000047 -0.000011 -0.000015 0.000039 -0.006566 0.999978
1741159867.852661 0.839638 -0.000047 -0.000011 -0.000015 0.000039 -0.006535 0.999979
1741159867.902626 0.839638 -0.000047 -0.000011 -0.000015 0.000039 -0.006535 0.999979
1741159867.952639 0.839633 -0.000047 -0.000016 -0.000052 -0.000127 -0.006503 0.999979
1741159868.002638 0.839633 -0.000047 -0.000016 -0.000052 -0.000127 -0.006503 0.999979
1741159868.052631 0.839628 -0.000047 -0.000011 -0.000015 0.000039 -0.006472 0.999979
1741159868.102625 0.839628 -0.000047 -0.000011 -0.000015 0.000039 -0.006472 0.999979
1741159868.152628 0.839623 -0.000046 -0.000011 -0.000015 0.000039 -0.006441 0.999979
1741159868.202615 0.839623 -0.000046 -0.000011 -0.000015 0.000039 -0.006441 0.999979
1741159868.252633 0.839618 -0.000046 -0.000011 -0.000015 0.000039 -0.006410 0.999979
1741159868.302633 0.839618 -0.000046 -0.000011 -0.000015 0.000039 -0.006410 0.999979
1741159868.352635 0.839612 -0.000046 -0.000011 -0.000015 0.000039 -0.006378 0.999980
1741159868.402634 0.839612 -0.000046 -0.000011 -0.000015 0.000039 -0.006378 0.999980
1741159868.452639 0.839607 -0.000046 -0.000011 -0.000015 0.000039 -0.006347 0.999980
1741159868.502634 0.839607 -0.000046 -0.000011 -0.000015 0.000039 -0.006347 0.999980
1741159868.552637 0.839602 -0.000046 -0.000011 -0.000015 0.000039 -0.006316 0.999980
1741159868.602623 0.839602 -0.000046 -0.000011 -0.000015 0.000039 -0.006316 0.999980
1741159868.652638 0.839598 -0.000046 -0.000016 -0.000052 -0.000127 -0.006285 0.999980
1741159868.702635 0.839598 -0.000046 -0.000016 -0.000052 -0.000127 -0.006285 0.999980
1741159868.752624 0.839592 -0.000046 -0.000016 -0.000052 -0.000127 -0.006253 0.999980
1741159868.802623 0.839592 -0.000046 -0.000016 -0.000052 -0.000127 -0.006253 0.999980
1741159868.852621 0.839587 -0.000046 -0.000016 -0.000052 -0.000127 -0.006222 0.999981
1741159868.902626 0.839587 -0.000046 -0.000016 -0.000052 -0.000127 -0.006222 0.999981
1741159868.952635 0.839582 -0.000046 -0.000016 -0.000052 -0.000127 -0.006190 0.999981
1741159869.002616 0.839582 -0.000046 -0.000016 -0.000052 -0.000127 -0.006190 0.999981
1741159869.052684 0.839577 -0.000046 -0.000011 -0.000015 0.000039 -0.006160 0.999981
1741159869.102624 0.839577 -0.000046 -0.000011 -0.000015 0.000039 -0.006160 0.999981
1741159869.152656 0.839572 -0.000046 -0.000016 -0.000052 -0.000127 -0.006128 0.999981
1741159869.202621 0.839572 -0.000046 -0.000016 -0.000052 -0.000127 -0.006128 0.999981
1741159869.252640 0.839566 -0.000046 -0.000011 -0.000015 0.000039 -0.006097 0.999981
1741159869.302640 0.839566 -0.000046 -0.000011 -0.000015 0.000039 -0.006097 0.999981
1741159869.352612 0.839561 -0.000046 -0.000011 -0.000015 0.000039 -0.006065 0.999982
1741159869.402618 0.839561 -0.000046 -0.000011 -0.000015 0.000039 -0.006065 0.999982
1741159869.452639 0.839556 -0.000046 -0.000011 -0.000015 0.000039 -0.006035 0.999982
1741159869.502640 0.839556 -0.000046 -0.000011 -0.000015 0.000039 -0.006035 0.999982
1741159869.552619 0.839551 -0.000046 -0.000011 -0.000015 0.000039 -0.006003 0.999982
1741159869.602636 0.839551 -0.000046 -0.000011 -0.000015 0.000039 -0.006003 0.999982
1741159869.652614 0.839546 -0.000046 -0.000011 -0.000015 0.000039 -0.005972 0.999982
1741159869.702632 0.839546 -0.000046 -0.000011 -0.000015 0.000039 -0.005972 0.999982
1741159869.752638 0.839541 -0.000046 -0.000011 -0.000015 0.000039 -0.005941 0.999982
1741159869.802634 0.839541 -0.000046 -0.000011 -0.000015 0.000039 -0.005941 0.999982
1741159869.852615 0.839537 -0.000046 -0.000016 -0.000052 -0.000127 -0.005910 0.999983
1741159869.902619 0.839537 -0.000046 -0.000016 -0.000052 -0.000127 -0.005910 0.999983
1741159869.952637 0.839531 -0.000046 -0.000011 -0.000015 0.000039 -0.005878 0.999983
1741159870.002639 0.839531 -0.000046 -0.000011 -0.000015 0.000039 -0.005878 0.999983
1741159870.052646 0.839526 -0.000046 -0.000016 -0.000052 -0.000127 -0.005847 0.999983
1741159870.102623 0.839526 -0.000046 -0.000016 -0.000052 -0.000127 -0.005847 0.999983
1741159870.152625 0.839521 -0.000046 -0.000016 -0.000052 -0.000127 -0.005815 0.999983
1741159870.202635 0.839521 -0.000046 -0.000016 -0.000052 -0.000127 -0.005815 0.999983
1741159870.252673 0.839516 -0.000046 -0.000011 -0.000015 0.000039 -0.005785 0.999983
1741159870.302624 0.839516 -0.000046 -0.000011 -0.000015 0.000039 -0.005785 0.999983
1741159870.352626 0.839511 -0.000046 -0.000011 -0.000015 0.000039 -0.005753 0.999983
1741159870.402635 0.839511 -0.000046 -0.000011 -0.000015 0.000039 -0.005753 0.999983
1741159870.452658 0.839506 -0.000046 -0.000016 -0.000052 -0.000127 -0.005721 0.999984
1741159870.502614 0.839506 -0.000046 -0.000016 -0.000052 -0.000127 -0.005721 0.999984
1741159870.552638 0.839501 -0.000046 -0.000016 -0.000052 -0.000127 -0.005690 0.999984
1741159870.602634 0.839501 -0.000046 -0.000016 -0.000052 -0.000127 -0.005690 0.999984
1741159870.652644 0.839496 -0.000046 -0.000016 -0.000052 -0.000127 -0.005660 0.999984
1741159870.702672 0.839496 -0.000046 -0.000016 -0.000052 -0.000127 -0.005660 0.999984
1741159870.752619 0.839491 -0.000046 -0.000016 -0.000052 -0.000127 -0.005628 0.999984
1741159870.802614 0.839491 -0.000046 -0.000016 -0.000052 -0.000127 -0.005628 0.999984
1741159870.852633 0.839486 -0.000046 -0.000016 -0.000052 -0.000127 -0.005596 0.999984
1741159870.902625 0.839486 -0.000046 -0.000016 -0.000052 -0.000127 -0.005596 0.999984
1741159870.952624 0.839480 -0.000046 -0.000011 -0.000015 0.000039 -0.005566 0.999985
1741159871.002631 0.839480 -0.000046 -0.000011 -0.000015 0.000039 -0.005566 0.999985
1741159871.052615 0.839476 -0.000045 -0.000016 -0.000052 -0.000127 -0.005534 0.999985
1741159871.102624 0.839476 -0.000045 -0.000016 -0.000052 -0.000127 -0.005534 0.999985
1741159871.152640 0.839470 -0.000045 -0.000011 -0.000015 0.000039 -0.005503 0.999985
1741159871.202620 0.839470 -0.000045 -0.000011 -0.000015 0.000039 -0.005503 0.999985
1741159871.252673 0.839465 -0.000045 -0.000011 -0.000015 0.000039 -0.005472 0.999985
1741159871.302636 0.839465 -0.000045 -0.000011 -0.000015 0.000039 -0.005472 0.999985
1741159871.352640 0.839460 -0.000045 -0.000011 -0.000015 0.000039 -0.005441 0.999985
1741159871.402626 0.839460 -0.000045 -0.000011 -0.000015 0.000039 -0.005441 0.999985
1741159871.452622 0.839455 -0.000045 -0.000011 -0.000015 0.000039 -0.005409 0.999985
1741159871.502635 0.839455 -0.000045 -0.000011 -0.000015 0.000039 -0.005409 0.999985
1741159871.552643 0.839450 -0.000045 -0.000011 -0.000015 0.000039 -0.005378 0.999986
1741159871.602642 0.839450 -0.000045 -0.000011 -0.000015 0.000039 -0.005378 0.999986
1741159871.652640 0.839445 -0.000045 -0.000011 -0.000015 0.000039 -0.005347 0.999986
1741159871.702624 0.839445 -0.000045 -0.000011 -0.000015 0.000039 -0.005347 0.999986
1741159871.752639 0.839440 -0.000045 -0.000011 -0.000015 0.000039 -0.005316 0.999986
1741159871.802615 0.839440 -0.000045 -0.000011 -0.000015 0.000039 -0.005316 0.999986
1741159871.852624 0.839435 -0.000045 -0.000016 -0.000052 -0.000127 -0.005284 0.999986
1741159871.902622 0.839435 -0.000045 -0.000016 -0.000052 -0.000127 -0.005284 0.999986
1741159871.952641 0.839430 -0.000045 -0.000016 -0.000052 -0.000127 -0.005253 0.999986
1741159872.002677 0.839430 -0.000045 -0.000016 -0.000052 -0.000127 -0.005253 0.999986
1741159872.052637 0.839425 -0.000045 -0.000011 -0.000015 0.000039 -0.005222 0.999986
1741159872.102685 0.839425 -0.000045 -0.000011 -0.000015 0.000039 -0.005222 0.999986
1741159872.152628 0.839420 -0.000045 -0.000011 -0.000015 0.000039 -0.005191 0.999987
1741159872.202613 0.839420 -0.000045 -0.000011 -0.000015 0.000039 -0.005191 0.999987
1741159872.252616 0.839415 -0.000045 -0.000011 -0.000015 0.000039 -0.005159 0.999987
1741159872.302646 0.839415 -0.000045 -0.000011 -0.000015 0.000039 -0.005159 0.999987
1741159872.352650 0.839410 -0.000045 -0.000011 -0.000015 0.000039 -0.005128 0.999987
1741159872.402619 0.839410 -0.000045 -0.000011 -0.000015 0.000039 -0.005128 0.999987
1741159872.452633 0.839405 -0.000045 -0.000016 -0.000052 -0.000127 -0.005097 0.999987
1741159872.502597 0.839405 -0.000045 -0.000016 -0.000052 -0.000127 -0.005097 0.999987
1741159872.552630 0.839400 -0.000045 -0.000011 -0.000015 0.000039 -0.005066 0.999987
1741159872.602642 0.839400 -0.000045 -0.000011 -0.000015 0.000039 -0.005066 0.999987
1741159872.652631 0.839395 -0.000045 -0.000011 -0.000015 0.000039 -0.005034 0.999987
1741159872.702629 0.839395 -0.000045 -0.000011 -0.000015 0.000039 -0.005034 0.999987
1741159872.752621 0.839390 -0.000045 -0.000011 -0.000015 0.000039 -0.005003 0.999987
1741159872.802622 0.839390 -0.000045 -0.000011 -0.000015 0.000039 -0.005003 0.999987
1741159872.852623 0.839385 -0.000045 -0.000016 -0.000052 -0.000127 -0.004971 0.999988
1741159872.902637 0.839385 -0.000045 -0.000016 -0.000052 -0.000127 -0.004971 0.999988
1741159872.952632 0.839380 -0.000045 -0.000011 -0.000015 0.000039 -0.004941 0.999988
1741159873.002613 0.839380 -0.000045 -0.000011 -0.000015 0.000039 -0.004941 0.999988
1741159873.052639 0.839375 -0.000045 -0.000011 -0.000015 0.000039 -0.004909 0.999988
1741159873.102615 0.839375 -0.000045 -0.000011 -0.000015 0.000039 -0.004909 0.999988
1741159873.152632 0.839370 -0.000045 -0.000011 -0.000015 0.000039 -0.004878 0.999988
1741159873.202619 0.839370 -0.000045 -0.000011 -0.000015 0.000039 -0.004878 0.999988
1741159873.252616 0.839365 -0.000045 -0.000016 -0.000052 -0.000127 -0.004846 0.999988
1741159873.302614 0.839365 -0.000045 -0.000016 -0.000052 -0.000127 -0.004846 0.999988
1741159873.352613 0.839360 -0.000045 -0.000011 -0.000015 0.000039 -0.004815 0.999988
1741159873.402612 0.839360 -0.000045 -0.000011 -0.000015 0.000039 -0.004815 0.999988
1741159873.452613 0.839355 -0.000045 -0.000011 -0.000015 0.000039 -0.004784 0.999989
1741159873.502614 0.839355 -0.000045 -0.000011 -0.000015 0.000039 -0.004784 0.999989
1741159873.552612 0.839350 -0.000045 -0.000011 -0.000015 0.000039 -0.004753 0.999989
1741159873.602624 0.839350 -0.000045 -0.000011 -0.000015 0.000039 -0.004753 0.999989
1741159873.652625 0.839345 -0.000045 -0.000011 -0.000015 0.000039 -0.004722 0.999989
1741159873.702612 0.839345 -0.000045 -0.000011 -0.000015 0.000039 -0.004722 0.999989
1741159873.752616 0.839340 -0.000045 -0.000011 -0.000015 0.000039 -0.004690 0.999989
1741159873.802612 0.839340 -0.000045 -0.000011 -0.000015 0.000039 -0.004690 0.999989
1741159873.852638 0.839335 -0.000045 -0.000011 -0.000015 0.000039 -0.004659 0.999989
1741159873.902627 0.839335 -0.000045 -0.000011 -0.000015 0.000039 -0.004659 0.999989
1741159873.952613 0.839330 -0.000045 -0.000016 -0.000052 -0.000127 -0.004626 0.999989
1741159874.002612 0.839330 -0.000045 -0.000016 -0.000052 -0.000127 -0.004626 0.999989
1741159874.052611 0.839325 -0.000045 -0.000016 -0.000052 -0.000127 -0.004596 0.999989
1741159874.102619 0.839325 -0.000045 -0.000016 -0.000052 -0.000127 -0.004596 0.999989
1741159874.152631 0.839320 -0.000045 -0.000016 -0.000052 -0.000127 -0.004565 0.999990
1741159874.202620 0.839320 -0.000045 -0.000016 -0.000052 -0.000127 -0.004565 0.999990
1741159874.252619 0.839315 -0.000045 -0.000016 -0.000052 -0.000127 -0.004533 0.999990
1741159874.302631 0.839315 -0.000045 -0.000016 -0.000052 -0.000127 -0.004533 0.999990
1741159874.352614 0.839310 -0.000045 -0.000011 -0.000015 0.000039 -0.004503 0.999990
1741159874.402625 0.839310 -0.000045 -0.000011 -0.000015 0.000039 -0.004503 0.999990
1741159874.452625 0.839305 -0.000045 -0.000016 -0.000052 -0.000127 -0.004471 0.999990
1741159874.502637 0.839305 -0.000045 -0.000016 -0.000052 -0.000127 -0.004471 0.999990
1741159874.552617 0.839300 -0.000045 -0.000011 -0.000015 0.000039 -0.004440 0.999990
1741159874.602638 0.839300 -0.000045 -0.000011 -0.000015 0.000039 -0.004440 0.999990
1741159874.652630 0.839295 -0.000045 -0.000011 -0.000015 0.000039 -0.004409 0.999990
1741159874.702622 0.839295 -0.000045 -0.000011 -0.000015 0.000039 -0.004409 0.999990
1741159874.752684 0.839290 -0.000045 -0.000011 -0.000015 0.000039 -0.004378 0.999990
1741159874.802613 0.839290 -0.000045 -0.000011 -0.000015 0.000039 -0.004378 0.999990
1741159874.852637 0.839285 -0.000045 -0.000011 -0.000015 0.000039 -0.004346 0.999991
1741159874.902627 0.839285 -0.000045 -0.000011 -0.000015 0.000039 -0.004346 0.999991
1741159874.952614 0.839280 -0.000045 -0.000011 -0.000015 0.000039 -0.004315 0.999991
1741159875.002635 0.839280 -0.000045 -0.000011 -0.000015 0.000039 -0.004315 0.999991
1741159875.052630 0.900000 -0.000000 -0.000016 -0.000052 -0.000128 -0.004996 0.999988
1741159875.102638 0.900000 -0.000000 -0.000016 -0.000052 -0.000128 -0.004996 0.999988
1741159875.152631 0.899995 -0.000000 -0.000016 -0.000052 -0.000127 -0.004965 0.999988
1741159875.202637 0.899995 -0.000000 -0.000016 -0.000052 -0.000127 -0.004965 0.999988
1741159875.252626 0.899989 -0.000000 -0.000016 -0.000052 -0.000127 -0.004934 0.999988
1741159875.302639 0.899989 -0.000000 -0.000016 -0.000052 -0.000127 -0.004934 0.999988
1741159875.352635 0.899984 -0.000000 -0.000016 -0.000052 -0.000127 -0.004903 0.999988
1741159875.402645 0.899984 -0.000000 -0.000016 -0.000052 -0.000127 -0.004903 0.999988
1741159875.452622 0.899978 -0.000000 -0.000011 -0.000015 0.000039 -0.004872 0.999988
1741159875.502625 0.899978 -0.000000 -0.000011 -0.000015 0.000039 -0.004872 0.999988
1741159875.552624 0.899973 0.000000 -0.000011 -0.000015 0.000039 -0.004840 0.999988
1741159875.602671 0.899973 0.000000 -0.000011 -0.000015 0.000039 -0.004840 0.999988
1741159875.652634 0.899968 0.000000 -0.000016 -0.000052 -0.000127 -0.004809 0.999988
1741159875.702628 0.899968 0.000000 -0.000016 -0.000052 -0.000127 -0.004809 0.999988
1741159875.752619 0.899963 0.000000 -0.000016 -0.000052 -0.000127 -0.004778 0.999989
1741159875.802624 0.899963 0.000000 -0.000016 -0.000052 -0.000127 -0.004778 0.999989
1741159875.852635 0.899958 0.000000 -0.000016 -0.000052 -0.000127 -0.004747 0.999989
1741159875.902621 0.899958 0.000000 -0.000016 -0.000052 -0.000127 -0.004747 0.999989
1741159875.952617 0.899953 0.000000 -0.000016 -0.000052 -0.000127 -0.004715 0.999989
1741159876.002645 0.899953 0.000000 -0.000016 -0.000052 -0.000127 -0.004715 0.999989
1741159876.052622 0.899947 0.000000 -0.000011 -0.000015 0.000039 -0.004684 0.999989
1741159876.102641 0.899947 0.000000 -0.000011 -0.000015 0.000039 -0.004684 0.999989
1741159876.152638 0.899942 0.000000 -0.000011 -0.000015 0.000039 -0.004653 0.999989
1741159876.202639 0.899942 0.000000 -0.000011 -0.000015 0.000039 -0.004653 0.999989
1741159876.252673 0.899938 0.000000 -0.000016 -0.000052 -0.000127 -0.004622 0.999989
1741159876.302625 0.899938 0.000000 -0.000016 -0.000052 -0.000127 -0.004622 0.999989
1741159876.352634 0.899932 0.000000 -0.000011 -0.000015 0.000039 -0.004591 0.999989
1741159876.402634 0.899932 0.000000 -0.000011 -0.000015 0.000039 -0.004591 0.999989
1741159876.452680 0.899927 0.000000 -0.000011 -0.000015 0.000039 -0.004559 0.999990
1741159876.502635 0.899927 0.000000 -0.000011 -0.000015 0.000039 -0.004559 0.999990
1741159876.552665 0.899922 0.000000 -0.000011 -0.000015 0.000039 -0.004528 0.999990
1741159876.602672 0.899922 0.000000 -0.000011 -0.000015 0.000039 -0.004528 0.999990
1741159876.652672 0.899917 0.000000 -0.000016 -0.000052 -0.000127 -0.004497 0.999990
1741159876.702623 0.899917 0.000000 -0.000016 -0.000052 -0.000127 -0.004497 0.999990
1741159876.752630 0.899911 0.000000 -0.000011 -0.000015 0.000039 -0.004466 0.999990
1741159876.802635 0.899911 0.000000 -0.000011 -0.000015 0.000039 -0.004466 0.999990
1741159876.852576 0.899907 0.000000 -0.000016 -0.000052 -0.000127 -0.004434 0.999990
1741159876.902634 0.899907 0.000000 -0.000016 -0.000052 -0.000127 -0.004434 0.999990
1741159876.952616 0.899902 0.000000 -0.000016 -0.000052 -0.000127 -0.004403 0.999990
1741159877.002631 0.899902 0.000000 -0.000016 -0.000052 -0.000127 -0.004403 0.999990
1741159877.052639 0.899897 0.000000 -0.000016 -0.000052 -0.000127 -0.004372 0.999990
1741159877.102639 0.899897 0.000000 -0.000016 -0.000052 -0.000127 -0.004372 0.999990
1741159877.152621 0.899892 0.000000 -0.000016 -0.000052 -0.000127 -0.004341 0.999991
1741159877.202633 0.899892 0.000000 -0.000016 -0.000052 -0.000127 -0.004341 0.999991
1741159877.252639 0.899887 0.000000 -0.000016 -0.000052 -0.000127 -0.004309 0.999991
1741159877.302621 0.899887 0.000000 -0.000016 -0.000052 -0.000127 -0.004309 0.999991
1741159877.352633 0.899882 -0.000000 -0.000016 -0.000052 -0.000127 -0.004278 0.999991
1741159877.402615 0.899882 -0.000000 -0.000016 -0.000052 -0.000127 -0.004278 0.999991
1741159877.452672 0.899876 -0.000000 -0.000016 -0.000052 -0.000127 -0.004246 0.999991
1741159877.502636 0.899876 -0.000000 -0.000016 -0.000052 -0.000127 -0.004246 0.999991
1741159877.552590 0.899871 -0.000000 -0.000016 -0.000052 -0.000127 -0.004216 0.999991
1741159877.602634 0.899871 -0.000000 -0.000016 -0.000052 -0.000127 -0.004216 0.999991
1741159877.652631 0.899866 -0.000000 -0.000011 -0.000015 0.000039 -0.004184 0.999991
1741159877.702623 0.899866 -0.000000 -0.000011 -0.000015 0.000039 -0.004184 0.999991
1741159877.752630 0.899861 -0.000000 -0.000016 -0.000052 -0.000127 -0.004153 0.999991
1741159877.802624 0.899861 -0.000000 -0.000016 -0.000052 -0.000127 -0.004153 0.999991
1741159877.852629 0.899856 -0.000000 -0.000011 -0.000015 0.000039 -0.004122 0.999992
1741159877.902621 0.899856 -0.000000 -0.000011 -0.000015 0.000039 -0.004122 0.999992
1741159877.952621 0.899998 0.000000 -0.000016 -0.000053 -0.000127 -0.009984 0.999950
1741159878.002633 0.899998 0.000000 -0.000016 -0.000053 -0.000127 -0.009984 0.999950
1741159878.052628 0.899992 0.000000 -0.000011 -0.000015 0.000039 -0.009954 0.999950
1741159878.102614 0.899992 0.000000 -0.000011 -0.000015 0.000039 -0.009954 0.999950
1741159878.152618 0.899986 0.000000 -0.000011 -0.000015 0.000039 -0.009923 0.999951
1741159878.202612 0.899986 0.000000 -0.000011 -0.000015 0.000039 -0.009923 0.999951
1741159878.252637 0.899981 0.000000 -0.000011 -0.000015 0.000039 -0.009891 0.999951
1741159878.302613 0.899981 0.000000 -0.000011 -0.000015 0.000039 -0.009891 0.999951
1741159878.352612 0.899975 0.000001 -0.000011 -0.000015 0.000039 -0.009860 0.999951
1741159878.402615 0.899975 0.000001 -0.000011 -0.000015 0.000039 -0.009860 0.999951
1741159878.452584 0.899970 0.000001 -0.000011 -0.000015 0.000039 -0.009829 0.999952
1741159878.502614 0.899970 0.000001 -0.000011 -0.000015 0.000039 -0.009829 0.999952
1741159878.552615 0.899964 0.000001 -0.000011 -0.000015 0.000039 -0.009798 0.999952
1741159878.602666 0.899964 0.000001 -0.000011 -0.000015 0.000039 -0.009798 0.999952
1741159878.652661 0.899959 0.000001 -0.000016 -0.000053 -0.000127 -0.009767 0.999952
1741159878.702618 0.899959 0.000001 -0.000016 -0.000053 -0.000127 -0.009767 0.999952
1741159878.752618 0.899953 0.000001 -0.000011 -0.000015 0.000039 -0.009735 0.999953
1741159878.802616 0.899953 0.000001 -0.000011 -0.000015 0.000039 -0.009735 0.999953
1741159878.852612 0.899997 0.000001 -0.000011 -0.000015 0.000039 -0.014988 0.999888
1741159878.902612 0.899997 0.000001 -0.000011 -0.000015 0.000039 -0.014988 0.999888
1741159878.952618 0.899996 0.000000 -0.000016 -0.000054 -0.000126 -0.019978 0.999800
1741159879.002619 0.899996 0.000000 -0.000016 -0.000054 -0.000126 -0.019978 0.999800
1741159879.052627 0.899996 0.000001 -0.000016 -0.000055 -0.000126 -0.024980 0.999688
1741159879.102613 0.899996 0.000001 -0.000016 -0.000055 -0.000126 -0.024980 0.999688
1741159879.152626 0.899989 0.000002 -0.000016 -0.000055 -0.000126 -0.024949 0.999689
1741159879.202613 0.899989 0.000002 -0.000016 -0.000055 -0.000126 -0.024949 0.999689
1741159879.252619 0.899982 0.000002 -0.000016 -0.000055 -0.000126 -0.024918 0.999689
1741159879.302621 0.899982 0.000002 -0.000016 -0.000055 -0.000126 -0.024918 0.999689
1741159879.352615 0.899976 0.000002 -0.000016 -0.000055 -0.000126 -0.024887 0.999690
1741159879.402612 0.899976 0.000002 -0.000016 -0.000055 -0.000126 -0.024887 0.999690
1741159879.452634 0.899968 0.000003 -0.000011 -0.000014 0.000040 -0.024856 0.999691
1741159879.502634 0.899968 0.000003 -0.000011 -0.000014 0.000040 -0.024856 0.999691
1741159879.552634 0.899962 0.000003 -0.000011 -0.000014 0.000040 -0.024825 0.999692
1741159879.602644 0.899962 0.000003 -0.000011 -0.000014 0.000040 -0.024825 0.999692
1741159879.652639 0.899955 0.000003 -0.000011 -0.000014 0.000040 -0.024794 0.999693
1741159879.702645 0.899955 0.000003 -0.000011 -0.000014 0.000040 -0.024794 0.999693
1741159879.752654 0.899949 0.000004 -0.000016 -0.000055 -0.000126 -0.024763 0.999693
1741159879.802669 0.899949 0.000004 -0.000016 -0.000055 -0.000126 -0.024763 0.999693
1741159879.852635 0.899942 0.000004 -0.000011 -0.000014 0.000040 -0.024733 0.999694
1741159879.902626 0.899942 0.000004 -0.000011 -0.000014 0.000040 -0.024733 0.999694
1741159879.952610 0.899995 0.000001 -0.000016 -0.000055 -0.000126 -0.029976 0.999551
1741159880.002636 0.899995 0.000001 -0.000016 -0.000055 -0.000126 -0.029976 0.999551
1741159880.052615 0.900000 0.000000 0.000000 0.000000 0.000000 -0.039989 0.999200
1741159880.102612 0.900000 0.000000 0.000000 0.000000 0.000000 -0.039989 0.999200
1741159880.152611 0.899997 0.000000 -0.000011 -0.000014 0.000040 -0.044974 0.998988
1741159880.202612 0.899997 0.000000 -0.000011 -0.000014 0.000040 -0.044974 0.998988
1741159880.252615 0.899996 0.000000 -0.000016 -0.000058 -0.000125 -0.049965 0.998751
1741159880.302613 0.899996 0.000000 -0.000016 -0.000058 -0.000125 -0.049965 0.998751
1741159880.352611 0.899995 0.000001 -0.000016 -0.000058 -0.000124 -0.054960 0.998489
1741159880.402616 0.899995 0.000001 -0.000016 -0.000058 -0.000124 -0.054960 0.998489
1741159880.452615 0.899994 0.000000 -0.000016 -0.000059 -0.000124 -0.059947 0.998202
1741159880.502618 0.899994 0.000000 -0.000016 -0.000059 -0.000124 -0.059947 0.998202
1741159880.552610 0.899993 0.000000 -0.000016 -0.000060 -0.000124 -0.064936 0.997889
1741159880.602617 0.899993 0.000000 -0.000016 -0.000060 -0.000124 -0.064936 0.997889
1741159880.652611 0.899982 0.000000 -0.000016 -0.000060 -0.000124 -0.064909 0.997891
1741159880.702614 0.899982 0.000000 -0.000016 -0.000060 -0.000124 -0.064909 0.997891
1741159880.752615 0.899972 0.000000 -0.000016 -0.000060 -0.000124 -0.064883 0.997893
1741159880.802613 0.899972 0.000000 -0.000016 -0.000060 -0.000124 -0.064883 0.997893
1741159880.852610 0.899961 0.000000 -0.000011 -0.000013 0.000040 -0.064857 0.997895
1741159880.902627 0.899961 0.000000 -0.000011 -0.000013 0.000040 -0.064857 0.997895
1741159880.952616 0.899951 0.000000 -0.000011 -0.000013 0.000040 -0.064830 0.997896
1741159881.002617 0.899951 0.000000 -0.000011 -0.000013 0.000040 -0.064830 0.997896
1741159881.052613 0.899940 0.000000 -0.000011 -0.000013 0.000040 -0.064804 0.997898
1741159881.102615 0.899940 0.000000 -0.000011 -0.000013 0.000040 -0.064804 0.997898
1741159881.152616 0.899931 0.000000 -0.000016 -0.000060 -0.000124 -0.064778 0.997900
1741159881.202623 0.899931 0.000000 -0.000016 -0.000060 -0.000124 -0.064778 0.997900
1741159881.252610 0.899920 0.000001 -0.000016 -0.000060 -0.000124 -0.064751 0.997901
1741159881.302610 0.899920 0.000001 -0.000016 -0.000060 -0.000124 -0.064751 0.997901
1741159881.352624 0.899910 0.000001 -0.000016 -0.000060 -0.000124 -0.064725 0.997903
1741159881.402627 0.899910 0.000001 -0.000016 -0.000060 -0.000124 -0.064725 0.997903
1741159881.452684 0.899899 0.000001 -0.000011 -0.000013 0.000040 -0.064698 0.997905
1741159881.502627 0.899899 0.000001 -0.000011 -0.000013 0.000040 -0.064698 0.997905
1741159881.552633 0.899889 0.000001 -0.000016 -0.000060 -0.000124 -0.064672 0.997907
1741159881.602665 0.899889 0.000001 -0.000016 -0.000060 -0.000124 -0.064672 0.997907
1741159881.652685 0.899996 -0.000000 -0.000016 -0.000060 -0.000123 -0.069934 0.997552
1741159881.702672 0.899996 -0.000000 -0.000016 -0.000060 -0.000123 -0.069934 0.997552
1741159881.752646 0.899995 -0.000000 -0.000011 -0.000012 0.000040 -0.074920 0.997190
1741159881.802613 0.899995 -0.000000 -0.000011 -0.000012 0.000040 -0.074920 0.997190
1741159881.852624 0.899994 0.000001 -0.000011 -0.000012 0.000040 -0.079908 0.996802
1741159881.902621 0.899994 0.000001 -0.000011 -0.000012 0.000040 -0.079908 0.996802
1741159881.952618 0.899982 0.000000 -0.000016 -0.000061 -0.000123 -0.079885 0.996804
1741159882.002617 0.899982 0.000000 -0.000016 -0.000061 -0.000123 -0.079885 0.996804
1741159882.052633 0.899971 -0.000001 -0.000016 -0.000061 -0.000123 -0.079862 0.996806
1741159882.102613 0.899971 -0.000001 -0.000016 -0.000061 -0.000123 -0.079862 0.996806
1741159882.152621 0.899959 -0.000001 -0.000011 -0.000012 0.000040 -0.079840 0.996808
1741159882.202626 0.899959 -0.000001 -0.000011 -0.000012 0.000040 -0.079840 0.996808
1741159882.252613 0.899947 -0.000002 -0.000011 -0.000012 0.000040 -0.079818 0.996809
1741159882.302614 0.899947 -0.000002 -0.000011 -0.000012 0.000040 -0.079818 0.996809
1741159882.352610 0.899936 -0.000003 -0.000016 -0.000061 -0.000123 -0.079795 0.996811
1741159882.402613 0.899936 -0.000003 -0.000016 -0.000061 -0.000123 -0.079795 0.996811
1741159882.452611 0.899925 -0.000004 -0.000016 -0.000061 -0.000123 -0.079773 0.996813
1741159882.502614 0.899925 -0.000004 -0.000016 -0.000061 -0.000123 -0.079773 0.996813
1741159882.552572 0.899914 -0.000004 -0.000016 -0.000061 -0.000123 -0.079751 0.996815
1741159882.602612 0.899914 -0.000004 -0.000016 -0.000061 -0.000123 -0.079751 0.996815
1741159882.652611 0.899902 -0.000005 -0.000016 -0.000061 -0.000123 -0.079728 0.996817
1741159882.702613 0.899902 -0.000005 -0.000016 -0.000061 -0.000123 -0.079728 0.996817
1741159882.752615 0.899891 -0.000006 -0.000016 -0.000061 -0.000123 -0.079706 0.996818
1741159882.802611 0.899891 -0.000006 -0.000016 -0.000061 -0.000123 -0.079706 0.996818
1741159882.852618 0.900000 0.000001 -0.000011 -0.000013 0.000041 -0.084902 0.996389
1741159882.902611 0.900000 0.000001 -0.000011 -0.000013 0.000041 -0.084902 0.996389
1741159882.952610 0.899998 -0.000000 -0.000011 -0.000012 0.000041 -0.089877 0.995953
1741159883.002614 0.899998 -0.000000 -0.000011 -0.000012 0.000041 -0.089877 0.995953
1741159883.052620 0.899987 -0.000002 -0.000016 -0.000063 -0.000122 -0.089858 0.995955
1741159883.102622 0.899987 -0.000002 -0.000016 -0.000063 -0.000122 -0.089858 0.995955
1741159883.152630 0.899974 -0.000003 -0.000011 -0.000012 0.000040 -0.089838 0.995956
1741159883.202613 0.899974 -0.000003 -0.000011 -0.000012 0.000040 -0.089838 0.995956
1741159883.252618 0.899962 -0.000005 -0.000016 -0.000063 -0.000122 -0.089818 0.995958
1741159883.302615 0.899962 -0.000005 -0.000016 -0.000063 -0.000122 -0.089818 0.995958
1741159883.352625 0.899950 -0.000006 -0.000016 -0.000063 -0.000122 -0.089799 0.995960
1741159883.402622 0.899950 -0.000006 -0.000016 -0.000063 -0.000122 -0.089799 0.995960
1741159883.452621 0.899938 -0.000008 -0.000016 -0.000063 -0.000122 -0.089779 0.995962
1741159883.502624 0.899938 -0.000008 -0.000016 -0.000063 -0.000122 -0.089779 0.995962
1741159883.552631 0.899926 -0.000009 -0.000016 -0.000063 -0.000122 -0.089759 0.995963
1741159883.602638 0.899926 -0.000009 -0.000016 -0.000063 -0.000122 -0.089759 0.995963
1741159883.652625 0.899914 -0.000011 -0.000016 -0.000063 -0.000122 -0.089740 0.995965
1741159883.702636 0.899914 -0.000011 -0.000016 -0.000063 -0.000122 -0.089740 0.995965
1741159883.752653 0.899988 -0.000001 -0.000011 -0.000012 0.000040 -0.094845 0.995492
1741159883.802614 0.899988 -0.000001 -0.000011 -0.000012 0.000040 -0.094845 0.995492
1741159883.852632 0.899997 0.000001 -0.000011 -0.000011 0.000040 -0.099835 0.995004
1741159883.902622 0.899997 0.000001 -0.000011 -0.000011 0.000040 -0.099835 0.995004
1741159883.952621 0.899996 0.000001 -0.000011 -0.000011 0.000041 -0.104808 0.994492
1741159884.002642 0.899996 0.000001 -0.000011 -0.000011 0.000041 -0.104808 0.994492
1741159884.052661 0.899984 -0.000002 -0.000016 -0.000064 -0.000121 -0.104792 0.994494
1741159884.102625 0.899984 -0.000002 -0.000016 -0.000064 -0.000121 -0.104792 0.994494
1741159884.152637 0.899971 -0.000005 -0.000011 -0.000011 0.000041 -0.104776 0.994496
1741159884.202638 0.899971 -0.000005 -0.000011 -0.000011 0.000041 -0.104776 0.994496
1741159884.252630 0.899958 -0.000007 -0.000016 -0.000064 -0.000121 -0.104760 0.994497
1741159884.302635 0.899958 -0.000007 -0.000016 -0.000064 -0.000121 -0.104760 0.994497
1741159884.352633 0.899991 -0.000001 -0.000016 -0.000065 -0.000121 -0.109773 0.993957
1741159884.402633 0.899991 -0.000001 -0.000016 -0.000065 -0.000121 -0.109773 0.993957
1741159884.452641 0.899978 -0.000004 -0.000011 -0.000011 0.000041 -0.109758 0.993958
1741159884.502615 0.899978 -0.000004 -0.000011 -0.000011 0.000041 -0.109758 0.993958
1741159884.552664 0.899965 -0.000007 -0.000016 -0.000065 -0.000121 -0.109743 0.993960
1741159884.602643 0.899965 -0.000007 -0.000016 -0.000065 -0.000121 -0.109743 0.993960
1741159884.652672 0.899952 -0.000009 -0.000016 -0.000065 -0.000121 -0.109728 0.993962
1741159884.702631 0.899952 -0.000009 -0.000016 -0.000065 -0.000121 -0.109728 0.993962
1741159884.752614 0.899939 -0.000012 -0.000011 -0.000011 0.000041 -0.109713 0.993963
1741159884.802638 0.899939 -0.000012 -0.000011 -0.000011 0.000041 -0.109713 0.993963
1741159884.852634 0.899999 0.000001 -0.000016 -0.000066 -0.000121 -0.114750 0.993394
1741159884.902640 0.899999 0.000001 -0.000016 -0.000066 -0.000121 -0.114750 0.993394
1741159884.952623 0.899997 -0.000001 -0.000011 -0.000011 0.000041 -0.119711 0.992809
1741159885.002624 0.899997 -0.000001 -0.000011 -0.000011 0.000041 -0.119711 0.992809
1741159885.052613 0.899984 -0.000004 -0.000016 -0.000066 -0.000120 -0.119697 0.992810
1741159885.102641 0.899984 -0.000004 -0.000016 -0.000066 -0.000120 -0.119697 0.992810
1741159885.152673 0.899971 -0.000008 -0.000016 -0.000066 -0.000120 -0.119684 0.992812
1741159885.202616 0.899971 -0.000008 -0.000016 -0.000066 -0.000120 -0.119684 0.992812
1741159885.252614 0.899958 -0.000011 -0.000016 -0.000066 -0.000120 -0.119671 0.992814
1741159885.302624 0.899958 -0.000011 -0.000016 -0.000066 -0.000120 -0.119671 0.992814
1741159885.352624 0.899989 -0.000003 -0.000011 -0.000010 0.000041 -0.124665 0.992199
1741159885.402627 0.899989 -0.000003 -0.000011 -0.000010 0.000041 -0.124665 0.992199
1741159885.452621 0.899976 -0.000007 -0.000016 -0.000067 -0.000120 -0.124653 0.992200
1741159885.502626 0.899976 -0.000007 -0.000016 -0.000067 -0.000120 -0.124653 0.992200
1741159885.552610 0.899963 -0.000010 -0.000016 -0.000067 -0.000120 -0.124641 0.992202
1741159885.602612 0.899963 -0.000010 -0.000016 -0.000067 -0.000120 -0.124641 0.992202
1741159885.652610 0.899949 -0.000014 -0.000011 -0.000010 0.000041 -0.124628 0.992204
1741159885.702618 0.899949 -0.000014 -0.000011 -0.000010 0.000041 -0.124628 0.992204
1741159885.752614 0.899936 -0.000018 -0.000016 -0.000067 -0.000120 -0.124615 0.992205
1741159885.802634 0.899936 -0.000018 -0.000016 -0.000067 -0.000120 -0.124615 0.992205
1741159885.852615 0.899997 0.000000 -0.000016 -0.000067 -0.000119 -0.129636 0.991562
1741159885.902611 0.899997 0.000000 -0.000016 -0.000067 -0.000119 -0.129636 0.991562
1741159885.952623 0.899996 -0.000001 -0.000011 -0.000010 0.000041 -0.134588 0.990902
1741159886.002633 0.899996 -0.000001 -0.000011 -0.000010 0.000041 -0.134588 0.990902
1741159886.052624 0.899983 -0.000005 -0.000011 -0.000010 0.000041 -0.134577 0.990903
1741159886.102624 0.899983 -0.000005 -0.000011 -0.000010 0.000041 -0.134577 0.990903
1741159886.152622 0.899969 -0.000009 -0.000011 -0.000010 0.000041 -0.134566 0.990905
1741159886.202623 0.899969 -0.000009 -0.000011 -0.000010 0.000041 -0.134566 0.990905
1741159886.252621 0.899956 -0.000014 -0.000016 -0.000068 -0.000119 -0.134554 0.990906
1741159886.302613 0.899956 -0.000014 -0.000016 -0.000068 -0.000119 -0.134554 0.990906
1741159886.352609 0.899943 -0.000017 -0.000016 -0.000068 -0.000119 -0.134544 0.990908
1741159886.402611 0.899943 -0.000017 -0.000016 -0.000068 -0.000119 -0.134544 0.990908
1741159886.452612 0.899929 -0.000021 -0.000016 -0.000068 -0.000119 -0.134533 0.990909
1741159886.502613 0.899929 -0.000021 -0.000016 -0.000068 -0.000119 -0.134533 0.990909
1741159886.552612 0.899916 -0.000025 -0.000016 -0.000068 -0.000119 -0.134522 0.990911
1741159886.602612 0.899916 -0.000025 -0.000016 -0.000068 -0.000119 -0.134522 0.990911
1741159886.652609 0.899902 -0.000029 -0.000016 -0.000068 -0.000119 -0.134510 0.990912
1741159886.702637 0.899902 -0.000029 -0.000016 -0.000068 -0.000119 -0.134510 0.990912
1741159886.752613 0.899889 -0.000033 -0.000016 -0.000068 -0.000119 -0.134499 0.990914
1741159886.802613 0.899889 -0.000033 -0.000016 -0.000068 -0.000119 -0.134499 0.990914
1741159886.852620 0.899876 -0.000037 -0.000016 -0.000068 -0.000119 -0.134488 0.990915
1741159886.902618 0.899876 -0.000037 -0.000016 -0.000068 -0.000119 -0.134488 0.990915
1741159886.952615 0.899997 0.000000 -0.000016 -0.000069 -0.000119 -0.139545 0.990216
1741159887.002620 0.899997 0.000000 -0.000016 -0.000069 -0.000119 -0.139545 0.990216
1741159887.052613 0.899996 -0.000000 -0.000016 -0.000069 -0.000118 -0.144494 0.989506
1741159887.102627 0.899996 -0.000000 -0.000016 -0.000069 -0.000118 -0.144494 0.989506
1741159887.152611 0.899982 -0.000004 -0.000011 -0.000010 0.000041 -0.144484 0.989507
1741159887.202637 0.899982 -0.000004 -0.000011 -0.000010 0.000041 -0.144484 0.989507
1741159887.252632 0.899969 -0.000009 -0.000016 -0.000069 -0.000118 -0.144475 0.989508
1741159887.302625 0.899969 -0.000009 -0.000016 -0.000069 -0.000118 -0.144475 0.989508
1741159887.352605 0.899956 -0.000013 -0.000016 -0.000069 -0.000118 -0.144465 0.989510
1741159887.402619 0.899956 -0.000013 -0.000016 -0.000069 -0.000118 -0.144465 0.989510
1741159887.452616 0.899942 -0.000017 -0.000011 -0.000010 0.000041 -0.144455 0.989511
1741159887.502622 0.899942 -0.000017 -0.000011 -0.000010 0.000041 -0.144455 0.989511
1741159887.552630 0.899929 -0.000021 -0.000016 -0.000069 -0.000118 -0.144446 0.989513
1741159887.602625 0.899929 -0.000021 -0.000016 -0.000069 -0.000118 -0.144446 0.989513
1741159887.652622 0.899915 -0.000026 -0.000011 -0.000010 0.000041 -0.144436 0.989514
1741159887.702623 0.899915 -0.000026 -0.000011 -0.000010 0.000041 -0.144436 0.989514
1741159887.752614 0.899996 -0.000000 -0.000016 -0.000070 -0.000118 -0.149440 0.988771
1741159887.802612 0.899996 -0.000000 -0.000016 -0.000070 -0.000118 -0.149440 0.988771
1741159887.852612 0.899995 -0.000002 -0.000011 -0.000009 0.000041 -0.154378 0.988012
1741159887.902627 0.899995 -0.000002 -0.000011 -0.000009 0.000041 -0.154378 0.988012
1741159887.952611 0.899994 -0.000001 -0.000016 -0.000071 -0.000117 -0.159319 0.987227
1741159888.002619 0.899994 -0.000001 -0.000016 -0.000071 -0.000117 -0.159319 0.987227
1741159888.052619 0.899993 -0.000001 -0.000011 -0.000009 0.000041 -0.164253 0.986418
1741159888.102623 0.899993 -0.000001 -0.000011 -0.000009 0.000041 -0.164253 0.986418
1741159888.152611 0.899981 -0.000006 -0.000016 -0.000071 -0.000117 -0.164247 0.986419
1741159888.202612 0.899981 -0.000006 -0.000016 -0.000071 -0.000117 -0.164247 0.986419
1741159888.252614 0.899968 -0.000010 -0.000011 -0.000009 0.000041 -0.164240 0.986420
1741159888.302630 0.899968 -0.000010 -0.000011 -0.000009 0.000041 -0.164240 0.986420
1741159888.352613 0.899956 -0.000015 -0.000011 -0.000009 0.000041 -0.164233 0.986422
1741159888.402631 0.899956 -0.000015 -0.000011 -0.000009 0.000041 -0.164233 0.986422
1741159888.452625 0.899943 -0.000019 -0.000011 -0.000009 0.000041 -0.164227 0.986423
1741159888.502615 0.899943 -0.000019 -0.000011 -0.000009 0.000041 -0.164227 0.986423
1741159888.552624 0.899931 -0.000024 -0.000011 -0.000009 0.000041 -0.164220 0.986424
1741159888.602616 0.899931 -0.000024 -0.000011 -0.000009 0.000041 -0.164220 0.986424
1741159888.652619 0.899919 -0.000028 -0.000016 -0.000071 -0.000117 -0.164213 0.986425
1741159888.702612 0.899919 -0.000028 -0.000016 -0.000071 -0.000117 -0.164213 0.986425
1741159888.752651 0.899906 -0.000033 -0.000011 -0.000009 0.000041 -0.164207 0.986426
1741159888.802637 0.899906 -0.000033 -0.000011 -0.000009 0.000041 -0.164207 0.986426
1741159888.852619 0.899894 -0.000037 -0.000016 -0.000071 -0.000117 -0.164200 0.986427
1741159888.902619 0.899894 -0.000037 -0.000016 -0.000071 -0.000117 -0.164200 0.986427
1741159888.952613 0.899995 -0.000003 -0.000016 -0.000072 -0.000116 -0.169181 0.985585
1741159889.002618 0.899995 -0.000003 -0.000016 -0.000072 -0.000116 -0.169181 0.985585
1741159889.052618 0.899994 -0.000003 -0.000011 -0.000008 0.000041 -0.174106 0.984727
1741159889.102628 0.899994 -0.000003 -0.000011 -0.000008 0.000041 -0.174106 0.984727
1741159889.152626 0.899994 -0.000003 -0.000016 -0.000073 -0.000116 -0.179028 0.983844
1741159889.202616 0.899994 -0.000003 -0.000016 -0.000073 -0.000116 -0.179028 0.983844
1741159889.252616 0.899993 -0.000003 -0.000011 -0.000008 0.000041 -0.183945 0.982936
1741159889.302617 0.899993 -0.000003 -0.000011 -0.000008 0.000041 -0.183945 0.982936
1741159889.352623 0.899983 -0.000008 -0.000011 -0.000008 0.000041 -0.183942 0.982937
1741159889.402612 0.899983 -0.000008 -0.000011 -0.000008 0.000041 -0.183942 0.982937
1741159889.452671 0.899972 -0.000012 -0.000011 -0.000008 0.000041 -0.183939 0.982938
1741159889.502626 0.899972 -0.000012 -0.000011 -0.000008 0.000041 -0.183939 0.982938
1741159889.552613 0.899999 0.000000 -0.000016 -0.000074 -0.000115 -0.188863 0.982003
1741159889.602613 0.899999 0.000000 -0.000016 -0.000074 -0.000115 -0.188863 0.982003
1741159889.652625 0.899989 -0.000004 -0.000016 -0.000074 -0.000115 -0.188861 0.982004
1741159889.702619 0.899989 -0.000004 -0.000016 -0.000074 -0.000115 -0.188861 0.982004
1741159889.752614 0.899979 -0.000009 -0.000016 -0.000074 -0.000115 -0.188859 0.982004
1741159889.802611 0.899979 -0.000009 -0.000016 -0.000074 -0.000115 -0.188859 0.982004
1741159889.852614 0.899970 -0.000013 -0.000011 -0.000008 0.000041 -0.188857 0.982005
1741159889.902615 0.899970 -0.000013 -0.000011 -0.000008 0.000041 -0.188857 0.982005
1741159889.952614 0.899960 -0.000017 -0.000011 -0.000008 0.000041 -0.188855 0.982005
1741159890.002622 0.899960 -0.000017 -0.000011 -0.000008 0.000041 -0.188855 0.982005
1741159890.052615 0.899951 -0.000021 -0.000011 -0.000008 0.000041 -0.188853 0.982005
1741159890.102615 0.899951 -0.000021 -0.000011 -0.000008 0.000041 -0.188853 0.982005
1741159890.152615 0.899995 -0.000001 -0.000011 -0.000008 0.000041 -0.193770 0.981047
1741159890.202615 0.899995 -0.000001 -0.000011 -0.000008 0.000041 -0.193770 0.981047
1741159890.252614 0.899996 -0.000003 -0.000011 -0.000007 0.000041 -0.198670 0.980066
1741159890.302613 0.899996 -0.000003 -0.000011 -0.000007 0.000041 -0.198670 0.980066
1741159890.352614 0.899995 -0.000003 -0.000011 -0.000007 0.000041 -0.203568 0.979061
1741159890.402613 0.899995 -0.000003 -0.000011 -0.000007 0.000041 -0.203568 0.979061
1741159890.452615 0.899988 -0.000008 -0.000016 -0.000076 -0.000114 -0.203569 0.979061
1741159890.502613 0.899988 -0.000008 -0.000016 -0.000076 -0.000114 -0.203569 0.979061
1741159890.552612 0.900000 0.000000 0.000000 0.000000 0.000000 -0.208460 0.978031
1741159890.602651 0.900000 0.000000 0.000000 0.000000 0.000000 -0.208460 0.978031
1741159890.652638 0.899995 -0.000003 -0.000011 -0.000007 0.000041 -0.208465 0.978030
1741159890.702637 0.899995 -0.000003 -0.000011 -0.000007 0.000041 -0.208465 0.978030
1741159890.752619 0.899989 -0.000006 -0.000011 -0.000007 0.000041 -0.208466 0.978030
1741159890.802615 0.899989 -0.000006 -0.000011 -0.000007 0.000041 -0.208466 0.978030
1741159890.852614 0.899984 -0.000010 -0.000011 -0.000007 0.000041 -0.208467 0.978029
1741159890.902610 0.899984 -0.000010 -0.000011 -0.000007 0.000041 -0.208467 0.978029
1741159890.952619 0.899978 -0.000014 -0.000011 -0.000007 0.000041 -0.208468 0.978029
1741159891.002638 0.899978 -0.000014 -0.000011 -0.000007 0.000041 -0.208468 0.978029
1741159891.052616 0.899972 -0.000018 -0.000011 -0.000007 0.000041 -0.208469 0.978029
1741159891.102613 0.899972 -0.000018 -0.000011 -0.000007 0.000041 -0.208469 0.978029
1741159891.152612 0.899999 -0.000002 -0.000016 -0.000077 -0.000113 -0.213349 0.976976
1741159891.202620 0.899999 -0.000002 -0.000016 -0.000077 -0.000113 -0.213349 0.976976
1741159891.252613 0.899999 -0.000001 -0.000016 -0.000078 -0.000112 -0.218235 0.975896
1741159891.302612 0.899999 -0.000001 -0.000016 -0.000078 -0.000112 -0.218235 0.975896
1741159891.352615 0.899999 -0.000002 -0.000016 -0.000078 -0.000112 -0.223109 0.974794
1741159891.402615 0.899999 -0.000002 -0.000016 -0.000078 -0.000112 -0.223109 0.974794
1741159891.452612 0.900000 -0.000001 -0.000011 -0.000006 0.000041 -0.227983 0.973665
1741159891.502611 0.900000 -0.000001 -0.000011 -0.000006 0.000041 -0.227983 0.973665
1741159891.552612 0.899998 -0.000003 -0.000011 -0.000006 0.000041 -0.227985 0.973665
1741159891.602624 0.899998 -0.000003 -0.000011 -0.000006 0.000041 -0.227985 0.973665
1741159891.652628 0.899996 -0.000006 -0.000011 -0.000006 0.000041 -0.227986 0.973664
1741159891.702624 0.899996 -0.000006 -0.000011 -0.000006 0.000041 -0.227986 0.973664
1741159891.752625 0.899995 -0.000009 -0.000016 -0.000079 -0.000111 -0.227988 0.973664
1741159891.802624 0.899995 -0.000009 -0.000016 -0.000079 -0.000111 -0.227988 0.973664
1741159891.852624 0.899993 -0.000012 -0.000016 -0.000079 -0.000111 -0.227990 0.973663
1741159891.902642 0.899993 -0.000012 -0.000016 -0.000079 -0.000111 -0.227990 0.973663
1741159891.952615 0.899992 -0.000015 -0.000016 -0.000079 -0.000111 -0.227992 0.973663
1741159892.002616 0.899992 -0.000015 -0.000016 -0.000079 -0.000111 -0.227992 0.973663
1741159892.052612 0.899990 -0.000017 -0.000011 -0.000006 0.000041 -0.227993 0.973663
1741159892.102614 0.899990 -0.000017 -0.000011 -0.000006 0.000041 -0.227993 0.973663
1741159892.152613 0.899989 -0.000020 -0.000011 -0.000006 0.000041 -0.227995 0.973662
1741159892.202615 0.899989 -0.000020 -0.000011 -0.000006 0.000041 -0.227995 0.973662
1741159892.252617 0.899987 -0.000023 -0.000011 -0.000006 0.000041 -0.227996 0.973662
1741159892.302613 0.899987 -0.000023 -0.000011 -0.000006 0.000041 -0.227996 0.973662
1741159892.352613 0.899985 -0.000025 -0.000011 -0.000006 0.000041 -0.227998 0.973662
1741159892.402614 0.899985 -0.000025 -0.000011 -0.000006 0.000041 -0.227998 0.973662
1741159892.452615 0.900000 0.000001 -0.000011 -0.000006 0.000041 -0.232848 0.972513
1741159892.502624 0.900000 0.000001 -0.000011 -0.000006 0.000041 -0.232848 0.972513
1741159892.552614 0.900000 -0.000002 -0.000011 -0.000006 0.000041 -0.232850 0.972513
1741159892.602638 0.900000 -0.000002 -0.000011 -0.000006 0.000041 -0.232850 0.972513
1741159892.652612 0.899999 -0.000004 -0.000011 -0.000006 0.000041 -0.232852 0.972512
1741159892.702613 0.899999 -0.000004 -0.000011 -0.000006 0.000041 -0.232852 0.972512
1741159892.752661 0.899998 -0.000007 -0.000016 -0.000079 -0.000111 -0.232855 0.972511
1741159892.802634 0.899998 -0.000007 -0.000016 -0.000079 -0.000111 -0.232855 0.972511
1741159892.852632 0.899997 -0.000009 -0.000011 -0.000006 0.000041 -0.232857 0.972511
1741159892.902637 0.899997 -0.000009 -0.000011 -0.000006 0.000041 -0.232857 0.972511
1741159892.952636 0.899997 -0.000011 -0.000011 -0.000006 0.000041 -0.232859 0.972510
1741159893.002642 0.899997 -0.000011 -0.000011 -0.000006 0.000041 -0.232859 0.972510
1741159893.052623 0.899996 -0.000014 -0.000011 -0.000006 0.000041 -0.232861 0.972510
1741159893.102664 0.899996 -0.000014 -0.000011 -0.000006 0.000041 -0.232861 0.972510
1741159893.152629 0.899995 -0.000016 -0.000016 -0.000079 -0.000111 -0.232864 0.972509
1741159893.202600 0.899995 -0.000016 -0.000016 -0.000079 -0.000111 -0.232864 0.972509
1741159893.252641 0.899994 -0.000018 -0.000011 -0.000006 0.000041 -0.232866 0.972509
1741159893.302625 0.899994 -0.000018 -0.000011 -0.000006 0.000041 -0.232866 0.972509
1741159893.352641 0.899993 -0.000021 -0.000011 -0.000006 0.000041 -0.232868 0.972508
1741159893.402628 0.899993 -0.000021 -0.000011 -0.000006 0.000041 -0.232868 0.972508
1741159893.452637 0.899993 -0.000023 -0.000011 -0.000006 0.000041 -0.232870 0.972508
1741159893.502640 0.899993 -0.000023 -0.000011 -0.000006 0.000041 -0.232870 0.972508
1741159893.552616 0.899992 -0.000025 -0.000011 -0.000006 0.000041 -0.232872 0.972507
1741159893.602642 0.899992 -0.000025 -0.000011 -0.000006 0.000041 -0.232872 0.972507
1741159893.652635 0.899991 -0.000028 -0.000016 -0.000079 -0.000111 -0.232875 0.972507
1741159893.702635 0.899991 -0.000028 -0.000016 -0.000079 -0.000111 -0.232875 0.972507
1741159893.752672 0.900001 -0.000002 -0.000011 -0.000006 0.000041 -0.237705 0.971337
1741159893.802643 0.900001 -0.000002 -0.000011 -0.000006 0.000041 -0.237705 0.971337
1741159893.852634 0.900001 0.000000 -0.000007 0.000064 0.000036 -0.247404 0.968912
1741159893.902614 0.900001 0.000000 -0.000007 0.000064 0.000036 -0.247404 0.968912
1741159893.952621 0.900001 -0.000000 -0.000011 -0.000005 0.000042 -0.252247 0.967663
1741159894.002630 0.900001 -0.000000 -0.000011 -0.000005 0.000042 -0.252247 0.967663
1741159894.052632 0.900001 -0.000001 -0.000011 -0.000005 0.000041 -0.252247 0.967663
1741159894.102619 0.900001 -0.000001 -0.000011 -0.000005 0.000041 -0.252247 0.967663
1741159894.152631 0.900001 -0.000001 -0.000011 -0.000005 0.000041 -0.252247 0.967663
1741159894.202635 0.900001 -0.000001 -0.000011 -0.000005 0.000041 -0.252247 0.967663
1741159894.252614 0.900001 -0.000002 -0.000016 -0.000081 -0.000109 -0.252247 0.967663
1741159894.302620 0.900001 -0.000002 -0.000016 -0.000081 -0.000109 -0.252247 0.967663
1741159894.352611 0.900001 -0.000003 -0.000016 -0.000081 -0.000109 -0.252247 0.967663
1741159894.402653 0.900001 -0.000003 -0.000016 -0.000081 -0.000109 -0.252247 0.967663
1741159894.452631 0.900001 -0.000004 -0.000016 -0.000081 -0.000109 -0.252247 0.967663
1741159894.502613 0.900001 -0.000004 -0.000016 -0.000081 -0.000109 -0.252247 0.967663
1741159894.552635 0.900001 -0.000004 -0.000016 -0.000081 -0.000109 -0.252247 0.967663
1741159894.602637 0.900001 -0.000004 -0.000016 -0.000081 -0.000109 -0.252247 0.967663
1741159894.652630 0.900001 -0.000000 -0.000011 -0.000005 0.000042 -0.257082 0.966390
1741159894.702613 0.900001 -0.000000 -0.000011 -0.000005 0.000042 -0.257082 0.966390
1741159894.752635 0.900001 0.000001 -0.000011 -0.000005 0.000042 -0.261914 0.965091
1741159894.802638 0.900001 0.000001 -0.000011 -0.000005 0.000042 -0.261914 0.965091
1741159894.852634 0.900000 0.000001 -0.000011 -0.000005 0.000042 -0.261913 0.965092
1741159894.902628 0.900000 0.000001 -0.000011 -0.000005 0.000042 -0.261913 0.965092
1741159894.952638 0.900001 0.000001 -0.000016 -0.000083 -0.000108 -0.266736 0.963770
1741159895.002638 0.900001 0.000001 -0.000016 -0.000083 -0.000108 -0.266736 0.963770
1741159895.052640 0.900001 0.000000 -0.000016 -0.000083 -0.000108 -0.271547 0.962425
1741159895.102669 0.900001 0.000000 -0.000016 -0.000083 -0.000108 -0.271547 0.962425
1741159895.152627 0.900000 0.000002 -0.000011 -0.000004 0.000042 -0.271545 0.962426
1741159895.202643 0.900000 0.000002 -0.000011 -0.000004 0.000042 -0.271545 0.962426
1741159895.252631 0.900000 0.000003 -0.000011 -0.000004 0.000042 -0.271544 0.962426
1741159895.302639 0.900000 0.000003 -0.000011 -0.000004 0.000042 -0.271544 0.962426
1741159895.352624 0.900000 0.000004 -0.000011 -0.000004 0.000042 -0.271542 0.962427
1741159895.402625 0.900000 0.000004 -0.000011 -0.000004 0.000042 -0.271542 0.962427
1741159895.452617 0.900000 0.000005 -0.000016 -0.000083 -0.000108 -0.271540 0.962427
1741159895.502613 0.900000 0.000005 -0.000016 -0.000083 -0.000108 -0.271540 0.962427
1741159895.552615 0.899999 0.000006 -0.000016 -0.000083 -0.000108 -0.271538 0.962428
1741159895.602611 0.899999 0.000006 -0.000016 -0.000083 -0.000108 -0.271538 0.962428
1741159895.652634 0.899999 0.000008 -0.000016 -0.000083 -0.000108 -0.271537 0.962428
1741159895.702634 0.899999 0.000008 -0.000016 -0.000083 -0.000108 -0.271537 0.962428
1741159895.752635 0.899999 0.000009 -0.000016 -0.000083 -0.000108 -0.271535 0.962429
1741159895.802616 0.899999 0.000009 -0.000016 -0.000083 -0.000108 -0.271535 0.962429
1741159895.852633 0.899999 0.000010 -0.000011 -0.000004 0.000042 -0.271533 0.962429
1741159895.902616 0.899999 0.000010 -0.000011 -0.000004 0.000042 -0.271533 0.962429
1741159895.952632 0.900001 0.000002 -0.000016 -0.000084 -0.000107 -0.276359 0.961054
1741159896.002635 0.900001 0.000002 -0.000016 -0.000084 -0.000107 -0.276359 0.961054
1741159896.052636 0.900001 0.000002 -0.000016 -0.000084 -0.000107 -0.281160 0.959661
1741159896.102637 0.900001 0.000002 -0.000016 -0.000084 -0.000107 -0.281160 0.959661
1741159896.152649 0.900001 0.000003 -0.000016 -0.000085 -0.000106 -0.285955 0.958243
1741159896.202665 0.900001 0.000003 -0.000016 -0.000085 -0.000106 -0.285955 0.958243
1741159896.252633 0.900001 0.000001 -0.000016 -0.000086 -0.000106 -0.290744 0.956801
1741159896.302611 0.900001 0.000001 -0.000016 -0.000086 -0.000106 -0.290744 0.956801
1741159896.352629 0.900001 0.000005 -0.000011 -0.000003 0.000042 -0.290741 0.956802
1741159896.402613 0.900001 0.000005 -0.000011 -0.000003 0.000042 -0.290741 0.956802
1741159896.452634 0.900001 0.000008 -0.000011 -0.000003 0.000042 -0.290738 0.956803
1741159896.502622 0.900001 0.000008 -0.000011 -0.000003 0.000042 -0.290738 0.956803
1741159896.552636 0.900001 0.000011 -0.000011 -0.000003 0.000042 -0.290736 0.956803
1741159896.602623 0.900001 0.000011 -0.000011 -0.000003 0.000042 -0.290736 0.956803
1741159896.652627 0.900001 0.000013 -0.000016 -0.000085 -0.000106 -0.290733 0.956804
1741159896.702624 0.900001 0.000013 -0.000016 -0.000085 -0.000106 -0.290733 0.956804
1741159896.752645 0.900001 0.000003 -0.000011 -0.000003 0.000042 -0.295519 0.955337
1741159896.802670 0.900001 0.000003 -0.000011 -0.000003 0.000042 -0.295519 0.955337
1741159896.852633 0.900001 0.000006 -0.000011 -0.000003 0.000042 -0.295516 0.955338
1741159896.902625 0.900001 0.000006 -0.000011 -0.000003 0.000042 -0.295516 0.955338
1741159896.952638 0.900001 0.000010 -0.000011 -0.000003 0.000042 -0.295513 0.955339
1741159897.002625 0.900001 0.000010 -0.000011 -0.000003 0.000042 -0.295513 0.955339
1741159897.052632 0.900001 0.000013 -0.000011 -0.000003 0.000042 -0.295510 0.955340
1741159897.102637 0.900001 0.000013 -0.000011 -0.000003 0.000042 -0.295510 0.955340
1741159897.152628 0.900001 0.000017 -0.000011 -0.000003 0.000042 -0.295508 0.955340
1741159897.202628 0.900001 0.000017 -0.000011 -0.000003 0.000042 -0.295508 0.955340
1741159897.252619 0.900001 0.000001 -0.000016 -0.000087 -0.000105 -0.300294 0.953847
1741159897.302613 0.900001 0.000001 -0.000016 -0.000087 -0.000105 -0.300294 0.953847
1741159897.352616 0.900001 0.000005 -0.000011 -0.000003 0.000042 -0.300290 0.953848
1741159897.402647 0.900001 0.000005 -0.000011 -0.000003 0.000042 -0.300290 0.953848
1741159897.452625 0.900001 0.000002 -0.000016 -0.000087 -0.000105 -0.305058 0.952334
1741159897.502643 0.900001 0.000002 -0.000016 -0.000087 -0.000105 -0.305058 0.952334
1741159897.552679 0.900001 0.000003 -0.000011 -0.000003 0.000042 -0.309815 0.950797
1741159897.602647 0.900001 0.000003 -0.000011 -0.000003 0.000042 -0.309815 0.950797
1741159897.652631 0.900001 0.000004 -0.000016 -0.000088 -0.000104 -0.314569 0.949235
1741159897.702627 0.900001 0.000004 -0.000016 -0.000088 -0.000104 -0.314569 0.949235
1741159897.752641 0.900001 0.000005 -0.000011 -0.000002 0.000042 -0.319310 0.947650
1741159897.802635 0.900001 0.000005 -0.000011 -0.000002 0.000042 -0.319310 0.947650
1741159897.852619 0.900001 0.000009 -0.000016 -0.000089 -0.000103 -0.319307 0.947651
1741159897.902615 0.900001 0.000009 -0.000016 -0.000089 -0.000103 -0.319307 0.947651
1741159897.952646 0.900002 0.000014 -0.000011 -0.000002 0.000042 -0.319303 0.947653
1741159898.002642 0.900002 0.000014 -0.000011 -0.000002 0.000042 -0.319303 0.947653
1741159898.052641 0.900002 0.000019 -0.000016 -0.000089 -0.000103 -0.319300 0.947654
1741159898.102617 0.900002 0.000019 -0.000016 -0.000089 -0.000103 -0.319300 0.947654
1741159898.152632 0.900003 0.000023 -0.000016 -0.000089 -0.000103 -0.319296 0.947655
1741159898.202619 0.900003 0.000023 -0.000016 -0.000089 -0.000103 -0.319296 0.947655
1741159898.252624 0.900003 0.000029 -0.000011 -0.000002 0.000042 -0.319292 0.947656
1741159898.302677 0.900003 0.000029 -0.000011 -0.000002 0.000042 -0.319292 0.947656
1741159898.352634 0.900004 0.000034 -0.000011 -0.000002 0.000042 -0.319289 0.947657
1741159898.402616 0.900004 0.000034 -0.000011 -0.000002 0.000042 -0.319289 0.947657
1741159898.452641 0.900004 0.000038 -0.000016 -0.000089 -0.000103 -0.319286 0.947659
1741159898.502673 0.900004 0.000038 -0.000016 -0.000089 -0.000103 -0.319286 0.947659
1741159898.552642 0.900005 0.000043 -0.000016 -0.000089 -0.000103 -0.319282 0.947660
1741159898.602644 0.900005 0.000043 -0.000016 -0.000089 -0.000103 -0.319282 0.947660
1741159898.652632 0.900005 0.000048 -0.000016 -0.000089 -0.000103 -0.319278 0.947661
1741159898.702621 0.900005 0.000048 -0.000016 -0.000089 -0.000103 -0.319278 0.947661
1741159898.752636 0.900006 0.000053 -0.000011 -0.000002 0.000042 -0.319275 0.947662
1741159898.802652 0.900006 0.000053 -0.000011 -0.000002 0.000042 -0.319275 0.947662
1741159898.852634 0.900007 0.000058 -0.000011 -0.000002 0.000042 -0.319271 0.947663
1741159898.902612 0.900007 0.000058 -0.000011 -0.000002 0.000042 -0.319271 0.947663
1741159898.952630 0.900007 0.000062 -0.000016 -0.000089 -0.000103 -0.319268 0.947665
1741159899.002616 0.900007 0.000062 -0.000016 -0.000089 -0.000103 -0.319268 0.947665
1741159899.052663 0.900000 0.000001 -0.000016 -0.000089 -0.000103 -0.324047 0.946041
1741159899.102639 0.900000 0.000001 -0.000016 -0.000089 -0.000103 -0.324047 0.946041
1741159899.152635 0.900001 0.000001 -0.000016 -0.000090 -0.000103 -0.328770 0.944410
1741159899.202625 0.900001 0.000001 -0.000016 -0.000090 -0.000103 -0.328770 0.944410
1741159899.252635 0.900000 0.000002 -0.000011 -0.000002 0.000042 -0.333491 0.942753
1741159899.302638 0.900000 0.000002 -0.000011 -0.000002 0.000042 -0.333491 0.942753
1741159899.352618 0.900000 0.000003 -0.000011 -0.000001 0.000042 -0.338201 0.941074
1741159899.402633 0.900000 0.000003 -0.000011 -0.000001 0.000042 -0.338201 0.941074
1741159899.452636 0.900000 0.000003 -0.000016 -0.000091 -0.000101 -0.342902 0.939371
1741159899.502637 0.900000 0.000003 -0.000016 -0.000091 -0.000101 -0.342902 0.939371
1741159899.552638 0.900000 0.000008 -0.000016 -0.000091 -0.000101 -0.342900 0.939372
1741159899.602624 0.900000 0.000008 -0.000016 -0.000091 -0.000101 -0.342900 0.939372
1741159899.652671 0.899999 0.000013 -0.000016 -0.000091 -0.000101 -0.342897 0.939373
1741159899.702643 0.899999 0.000013 -0.000016 -0.000091 -0.000101 -0.342897 0.939373
1741159899.752682 0.899999 0.000017 -0.000016 -0.000091 -0.000101 -0.342894 0.939374
1741159899.802644 0.899999 0.000017 -0.000016 -0.000091 -0.000101 -0.342894 0.939374
1741159899.852615 0.899998 0.000023 -0.000011 -0.000001 0.000042 -0.342891 0.939375
1741159899.902621 0.899998 0.000023 -0.000011 -0.000001 0.000042 -0.342891 0.939375
1741159899.952632 0.899998 0.000027 -0.000016 -0.000091 -0.000101 -0.342889 0.939376
1741159900.002634 0.899998 0.000027 -0.000016 -0.000091 -0.000101 -0.342889 0.939376
1741159900.052613 0.899998 0.000032 -0.000016 -0.000091 -0.000101 -0.342886 0.939377
1741159900.102635 0.899998 0.000032 -0.000016 -0.000091 -0.000101 -0.342886 0.939377
1741159900.152619 0.899997 0.000037 -0.000011 -0.000001 0.000042 -0.342883 0.939378
1741159900.202634 0.899997 0.000037 -0.000011 -0.000001 0.000042 -0.342883 0.939378
1741159900.252628 0.899997 0.000041 -0.000016 -0.000091 -0.000101 -0.342881 0.939379
1741159900.302637 0.899997 0.000041 -0.000016 -0.000091 -0.000101 -0.342881 0.939379
1741159900.352663 0.899996 0.000046 -0.000016 -0.000091 -0.000101 -0.342878 0.939380
1741159900.402642 0.899996 0.000046 -0.000016 -0.000091 -0.000101 -0.342878 0.939380
1741159900.452647 0.899996 0.000051 -0.000011 -0.000001 0.000042 -0.342875 0.939381
1741159900.502654 0.899996 0.000051 -0.000011 -0.000001 0.000042 -0.342875 0.939381
1741159900.552669 0.899996 0.000056 -0.000011 -0.000001 0.000042 -0.342873 0.939382
1741159900.602622 0.899996 0.000056 -0.000011 -0.000001 0.000042 -0.342873 0.939382
1741159900.652637 0.900000 0.000003 -0.000011 -0.000001 0.000042 -0.347595 0.937645
1741159900.702645 0.900000 0.000003 -0.000011 -0.000001 0.000042 -0.347595 0.937645
1741159900.752612 0.900000 0.000003 -0.000016 -0.000092 -0.000100 -0.352273 0.935897
1741159900.802641 0.900000 0.000003 -0.000016 -0.000092 -0.000100 -0.352273 0.935897
1741159900.852633 0.899999 0.000004 -0.000016 -0.000093 -0.000100 -0.356953 0.934122
1741159900.902650 0.899999 0.000004 -0.000016 -0.000093 -0.000100 -0.356953 0.934122
1741159900.952631 0.899999 0.000009 -0.000011 -0.000001 0.000042 -0.356950 0.934123
1741159901.002621 0.899999 0.000009 -0.000011 -0.000001 0.000042 -0.356950 0.934123
1741159901.052634 0.899998 0.000013 -0.000016 -0.000093 -0.000100 -0.356948 0.934124
1741159901.102644 0.899998 0.000013 -0.000016 -0.000093 -0.000100 -0.356948 0.934124
1741159901.152632 0.899997 0.000018 -0.000016 -0.000093 -0.000100 -0.356945 0.934125
1741159901.202638 0.899997 0.000018 -0.000016 -0.000093 -0.000100 -0.356945 0.934125
1741159901.252652 0.899996 0.000024 -0.000011 -0.000001 0.000042 -0.356942 0.934127
1741159901.302636 0.899996 0.000024 -0.000011 -0.000001 0.000042 -0.356942 0.934127
1741159901.352636 0.899995 0.000028 -0.000016 -0.000093 -0.000100 -0.356939 0.934128
1741159901.402645 0.899995 0.000028 -0.000016 -0.000093 -0.000100 -0.356939 0.934128
1741159901.452620 0.899995 0.000033 -0.000016 -0.000093 -0.000100 -0.356936 0.934129
1741159901.502623 0.899995 0.000033 -0.000016 -0.000093 -0.000100 -0.356936 0.934129
1741159901.552635 0.899994 0.000038 -0.000011 -0.000001 0.000042 -0.356933 0.934130
1741159901.602644 0.899994 0.000038 -0.000011 -0.000001 0.000042 -0.356933 0.934130
1741159901.652643 0.899993 0.000042 -0.000016 -0.000093 -0.000100 -0.356930 0.934131
1741159901.702625 0.899993 0.000042 -0.000016 -0.000093 -0.000100 -0.356930 0.934131
1741159901.752641 0.899992 0.000047 -0.000011 -0.000001 0.000042 -0.356927 0.934132
1741159901.802612 0.899992 0.000047 -0.000011 -0.000001 0.000042 -0.356927 0.934132
1741159901.852622 0.900000 0.000003 -0.000011 -0.000000 0.000042 -0.361615 0.932328
1741159901.902612 0.900000 0.000003 -0.000011 -0.000000 0.000042 -0.361615 0.932328
1741159901.952629 0.899999 0.000004 -0.000016 -0.000094 -0.000099 -0.366277 0.930506
1741159902.002629 0.899999 0.000004 -0.000016 -0.000094 -0.000099 -0.366277 0.930506
1741159902.052639 0.899998 0.000009 -0.000011 -0.000000 0.000042 -0.366274 0.930507
1741159902.102647 0.899998 0.000009 -0.000011 -0.000000 0.000042 -0.366274 0.930507
1741159902.152684 0.899999 0.000004 -0.000016 -0.000094 -0.000098 -0.370919 0.928665
1741159902.202615 0.899999 0.000004 -0.000016 -0.000094 -0.000098 -0.370919 0.928665
1741159902.252641 0.899999 0.000005 -0.000011 0.000000 0.000042 -0.375557 0.926799
1741159902.302613 0.899999 0.000005 -0.000011 0.000000 0.000042 -0.375557 0.926799
1741159902.352634 0.899998 0.000010 -0.000016 -0.000095 -0.000098 -0.375554 0.926800
1741159902.402634 0.899998 0.000010 -0.000016 -0.000095 -0.000098 -0.375554 0.926800
1741159902.452633 0.899996 0.000015 -0.000016 -0.000095 -0.000098 -0.375551 0.926802
1741159902.502638 0.899996 0.000015 -0.000016 -0.000095 -0.000098 -0.375551 0.926802
1741159902.552626 0.899995 0.000021 -0.000011 0.000000 0.000042 -0.375548 0.926803
1741159902.602628 0.899995 0.000021 -0.000011 0.000000 0.000042 -0.375548 0.926803
1741159902.652636 0.899993 0.000026 -0.000016 -0.000095 -0.000098 -0.375546 0.926804
1741159902.702639 0.899993 0.000026 -0.000016 -0.000095 -0.000098 -0.375546 0.926804
1741159902.752622 0.899992 0.000031 -0.000016 -0.000095 -0.000098 -0.375543 0.926805
1741159902.802640 0.899992 0.000031 -0.000016 -0.000095 -0.000098 -0.375543 0.926805
1741159902.852609 0.899998 0.000005 -0.000016 -0.000095 -0.000097 -0.380192 0.924907
1741159902.902639 0.899998 0.000005 -0.000016 -0.000095 -0.000097 -0.380192 0.924907
1741159902.952641 0.899997 0.000011 -0.000011 0.000001 0.000042 -0.380190 0.924909
1741159903.002630 0.899997 0.000011 -0.000011 0.000001 0.000042 -0.380190 0.924909
1741159903.052661 0.899995 0.000017 -0.000011 0.000001 0.000042 -0.380187 0.924910
1741159903.102644 0.899995 0.000017 -0.000011 0.000001 0.000042 -0.380187 0.924910
1741159903.152683 0.899993 0.000022 -0.000016 -0.000095 -0.000097 -0.380184 0.924911
1741159903.202652 0.899993 0.000022 -0.000016 -0.000095 -0.000097 -0.380184 0.924911
1741159903.252630 0.899992 0.000028 -0.000016 -0.000095 -0.000097 -0.380182 0.924912
1741159903.302642 0.899992 0.000028 -0.000016 -0.000095 -0.000097 -0.380182 0.924912
1741159903.352621 0.900000 0.000001 -0.000009 -0.000010 0.000046 -0.384814 0.922994
1741159903.402639 0.900000 0.000001 -0.000009 -0.000010 0.000046 -0.384814 0.922994
1741159903.452619 0.899999 0.000001 -0.000016 -0.000096 -0.000097 -0.389424 0.921059
1741159903.502633 0.899999 0.000001 -0.000016 -0.000096 -0.000097 -0.389424 0.921059
1741159903.552642 0.899997 0.000008 -0.000011 0.000001 0.000042 -0.389422 0.921059
1741159903.602636 0.899997 0.000008 -0.000011 0.000001 0.000042 -0.389422 0.921059
1741159903.652624 0.899996 0.000014 -0.000011 0.000001 0.000042 -0.389420 0.921060
1741159903.702624 0.899996 0.000014 -0.000011 0.000001 0.000042 -0.389420 0.921060
1741159903.752644 0.899994 0.000020 -0.000016 -0.000096 -0.000096 -0.389419 0.921061
1741159903.802624 0.899994 0.000020 -0.000016 -0.000096 -0.000096 -0.389419 0.921061
1741159903.852646 0.899992 0.000027 -0.000011 0.000001 0.000042 -0.389417 0.921062
1741159903.902614 0.899992 0.000027 -0.000011 0.000001 0.000042 -0.389417 0.921062
1741159903.952633 0.899998 0.000006 -0.000016 -0.000097 -0.000096 -0.394018 0.919103
1741159904.002637 0.899998 0.000006 -0.000016 -0.000097 -0.000096 -0.394018 0.919103
1741159904.052621 0.899997 0.000012 -0.000016 -0.000097 -0.000096 -0.394016 0.919103
1741159904.102635 0.899997 0.000012 -0.000016 -0.000097 -0.000096 -0.394016 0.919103
1741159904.152634 0.899995 0.000019 -0.000016 -0.000097 -0.000096 -0.394015 0.919104
1741159904.202666 0.899995 0.000019 -0.000016 -0.000097 -0.000096 -0.394015 0.919104
1741159904.252610 0.899993 0.000026 -0.000016 -0.000097 -0.000096 -0.394014 0.919105
1741159904.302611 0.899993 0.000026 -0.000016 -0.000097 -0.000096 -0.394014 0.919105
1741159904.352634 0.899991 0.000033 -0.000011 0.000001 0.000042 -0.394012 0.919105
1741159904.402634 0.899991 0.000033 -0.000011 0.000001 0.000042 -0.394012 0.919105
1741159904.452642 0.899989 0.000039 -0.000011 0.000001 0.000042 -0.394011 0.919106
1741159904.502635 0.899989 0.000039 -0.000011 0.000001 0.000042 -0.394011 0.919106
1741159904.552646 0.899999 0.000005 -0.000011 0.000001 0.000042 -0.398609 0.917121
1741159904.602616 0.899999 0.000005 -0.000011 0.000001 0.000042 -0.398609 0.917121
1741159904.652614 0.899997 0.000012 -0.000011 0.000001 0.000042 -0.398608 0.917121
1741159904.702629 0.899997 0.000012 -0.000011 0.000001 0.000042 -0.398608 0.917121
1741159904.752634 0.899995 0.000018 -0.000016 -0.000097 -0.000096 -0.398608 0.917122
1741159904.802622 0.899995 0.000018 -0.000016 -0.000097 -0.000096 -0.398608 0.917122
1741159904.852622 0.899999 0.000003 -0.000016 -0.000098 -0.000095 -0.403196 0.915114
1741159904.902622 0.899999 0.000003 -0.000016 -0.000098 -0.000095 -0.403196 0.915114
1741159904.952611 0.899997 0.000011 -0.000011 0.000002 0.000042 -0.403196 0.915114
1741159905.002613 0.899997 0.000011 -0.000011 0.000002 0.000042 -0.403196 0.915114
1741159905.052636 0.899996 0.000017 -0.000016 -0.000098 -0.000095 -0.403196 0.915113
1741159905.102614 0.899996 0.000017 -0.000016 -0.000098 -0.000095 -0.403196 0.915113
1741159905.152663 0.899995 0.000025 -0.000011 0.000002 0.000042 -0.403197 0.915113
1741159905.202615 0.899995 0.000025 -0.000011 0.000002 0.000042 -0.403197 0.915113
1741159905.252635 0.899993 0.000032 -0.000016 -0.000098 -0.000095 -0.403197 0.915113
1741159905.302578 0.899993 0.000032 -0.000016 -0.000098 -0.000095 -0.403197 0.915113
1741159905.352638 0.899992 0.000039 -0.000011 0.000002 0.000042 -0.403197 0.915113
1741159905.402632 0.899992 0.000039 -0.000011 0.000002 0.000042 -0.403197 0.915113
1741159905.452633 0.899999 0.000003 -0.000016 -0.000098 -0.000095 -0.407761 0.913089
1741159905.502627 0.899999 0.000003 -0.000016 -0.000098 -0.000095 -0.407761 0.913089
1741159905.552636 0.899999 0.000004 -0.000016 -0.000099 -0.000094 -0.412328 0.911036
1741159905.602613 0.899999 0.000004 -0.000016 -0.000099 -0.000094 -0.412328 0.911036
1741159905.652609 0.899998 0.000013 -0.000011 0.000002 0.000042 -0.412330 0.911034
1741159905.702615 0.899998 0.000013 -0.000011 0.000002 0.000042 -0.412330 0.911034
1741159905.752640 0.899997 0.000021 -0.000011 0.000002 0.000042 -0.412333 0.911033
1741159905.802635 0.899997 0.000021 -0.000011 0.000002 0.000042 -0.412333 0.911033
1741159905.852624 0.899997 0.000028 -0.000016 -0.000099 -0.000094 -0.412336 0.911032
1741159905.902633 0.899997 0.000028 -0.000016 -0.000099 -0.000094 -0.412336 0.911032
1741159905.952635 0.899996 0.000037 -0.000011 0.000002 0.000042 -0.412339 0.911030
1741159906.002631 0.899996 0.000037 -0.000011 0.000002 0.000042 -0.412339 0.911030
1741159906.052633 0.899995 0.000045 -0.000011 0.000002 0.000042 -0.412342 0.911029
1741159906.102624 0.899995 0.000045 -0.000011 0.000002 0.000042 -0.412342 0.911029
1741159906.152637 0.899994 0.000052 -0.000016 -0.000099 -0.000094 -0.412345 0.911028
1741159906.202635 0.899994 0.000052 -0.000016 -0.000099 -0.000094 -0.412345 0.911028
1741159906.252617 0.899993 0.000060 -0.000011 0.000002 0.000042 -0.412348 0.911027
1741159906.302633 0.899993 0.000060 -0.000011 0.000002 0.000042 -0.412348 0.911027
1741159906.352607 0.899993 0.000068 -0.000011 0.000002 0.000042 -0.412351 0.911025
1741159906.402616 0.899993 0.000068 -0.000011 0.000002 0.000042 -0.412351 0.911025
1741159906.452621 0.899992 0.000075 -0.000016 -0.000099 -0.000094 -0.412354 0.911024
1741159906.502635 0.899992 0.000075 -0.000016 -0.000099 -0.000094 -0.412354 0.911024
1741159906.552665 0.899991 0.000084 -0.000016 -0.000099 -0.000094 -0.412357 0.911022
1741159906.602638 0.899991 0.000084 -0.000016 -0.000099 -0.000094 -0.412357 0.911022
1741159906.652630 0.899990 0.000092 -0.000011 0.000002 0.000042 -0.412359 0.911021
1741159906.702617 0.899990 0.000092 -0.000011 0.000002 0.000042 -0.412359 0.911021
1741159906.752614 0.899999 0.000005 -0.000016 -0.000099 -0.000094 -0.416879 0.908962
1741159906.802633 0.899999 0.000005 -0.000016 -0.000099 -0.000094 -0.416879 0.908962
1741159906.852631 0.899999 0.000014 -0.000011 0.000002 0.000042 -0.416883 0.908960
1741159906.902625 0.899999 0.000014 -0.000011 0.000002 0.000042 -0.416883 0.908960
1741159906.952641 0.899998 0.000021 -0.000016 -0.000099 -0.000094 -0.416887 0.908958
1741159907.002638 0.899998 0.000021 -0.000016 -0.000099 -0.000094 -0.416887 0.908958
1741159907.052608 0.899998 0.000031 -0.000011 0.000002 0.000042 -0.416892 0.908956
1741159907.102632 0.899998 0.000031 -0.000011 0.000002 0.000042 -0.416892 0.908956
1741159907.152632 0.899998 0.000039 -0.000011 0.000002 0.000042 -0.416896 0.908954
1741159907.202635 0.899998 0.000039 -0.000011 0.000002 0.000042 -0.416896 0.908954
1741159907.252589 0.899997 0.000047 -0.000011 0.000002 0.000042 -0.416900 0.908952
1741159907.302639 0.899997 0.000047 -0.000011 0.000002 0.000042 -0.416900 0.908952
1741159907.352612 0.900000 0.000004 -0.000016 -0.000100 -0.000093 -0.421413 0.906869
1741159907.402632 0.900000 0.000004 -0.000016 -0.000100 -0.000093 -0.421413 0.906869
1741159907.452631 0.900000 0.000013 -0.000016 -0.000100 -0.000093 -0.421419 0.906866
1741159907.502611 0.900000 0.000013 -0.000016 -0.000100 -0.000093 -0.421419 0.906866
1741159907.552671 0.900000 0.000022 -0.000011 0.000002 0.000042 -0.421425 0.906863
1741159907.602643 0.900000 0.000022 -0.000011 0.000002 0.000042 -0.421425 0.906863
1741159907.652629 0.900000 0.000030 -0.000016 -0.000100 -0.000093 -0.421431 0.906860
1741159907.702623 0.900000 0.000030 -0.000016 -0.000100 -0.000093 -0.421431 0.906860
1741159907.752634 0.900000 0.000039 -0.000016 -0.000100 -0.000093 -0.421437 0.906858
1741159907.802614 0.900000 0.000039 -0.000016 -0.000100 -0.000093 -0.421437 0.906858
1741159907.852661 0.900001 0.000047 -0.000016 -0.000100 -0.000093 -0.421443 0.906855
1741159907.902640 0.900001 0.000047 -0.000016 -0.000100 -0.000093 -0.421443 0.906855
1741159907.952613 0.900000 0.000008 -0.000016 -0.000100 -0.000093 -0.425946 0.904749
1741159908.002640 0.900000 0.000008 -0.000016 -0.000100 -0.000093 -0.425946 0.904749
1741159908.052616 0.900001 0.000017 -0.000016 -0.000100 -0.000093 -0.425954 0.904745
1741159908.102632 0.900001 0.000017 -0.000016 -0.000100 -0.000093 -0.425954 0.904745
1741159908.152618 0.900002 0.000026 -0.000011 0.000003 0.000042 -0.425961 0.904741
1741159908.202622 0.900002 0.000026 -0.000011 0.000003 0.000042 -0.425961 0.904741
1741159908.252621 0.900002 0.000035 -0.000011 0.000003 0.000042 -0.425969 0.904738
1741159908.302645 0.900002 0.000035 -0.000011 0.000003 0.000042 -0.425969 0.904738
1741159908.352622 0.900003 0.000044 -0.000016 -0.000100 -0.000093 -0.425977 0.904734
1741159908.402616 0.900003 0.000044 -0.000016 -0.000100 -0.000093 -0.425977 0.904734
1741159908.452630 0.900004 0.000053 -0.000011 0.000003 0.000042 -0.425985 0.904730
1741159908.502625 0.900004 0.000053 -0.000011 0.000003 0.000042 -0.425985 0.904730
1741159908.552635 0.900005 0.000062 -0.000011 0.000003 0.000042 -0.425992 0.904727
1741159908.602623 0.900005 0.000062 -0.000011 0.000003 0.000042 -0.425992 0.904727
1741159908.652630 0.900005 0.000070 -0.000016 -0.000100 -0.000093 -0.426000 0.904723
1741159908.702638 0.900005 0.000070 -0.000016 -0.000100 -0.000093 -0.426000 0.904723
1741159908.752636 0.900006 0.000079 -0.000011 0.000003 0.000042 -0.426008 0.904719
1741159908.802625 0.900006 0.000079 -0.000011 0.000003 0.000042 -0.426008 0.904719
1741159908.852660 0.900007 0.000088 -0.000011 0.000003 0.000042 -0.426016 0.904716
1741159908.902672 0.900007 0.000088 -0.000011 0.000003 0.000042 -0.426016 0.904716
1741159908.952612 0.900000 0.000003 -0.000016 -0.000101 -0.000092 -0.430461 0.902609
1741159909.002681 0.900000 0.000003 -0.000016 -0.000101 -0.000092 -0.430461 0.902609
1741159909.052650 0.900000 0.000005 -0.000011 0.000003 0.000042 -0.434975 0.900442
1741159909.102638 0.900000 0.000005 -0.000011 0.000003 0.000042 -0.434975 0.900442
1741159909.152634 0.900002 0.000014 -0.000016 -0.000101 -0.000092 -0.434987 0.900437
1741159909.202620 0.900002 0.000014 -0.000016 -0.000101 -0.000092 -0.434987 0.900437
1741159909.252637 0.900004 0.000025 -0.000011 0.000003 0.000042 -0.434998 0.900431
1741159909.302644 0.900004 0.000025 -0.000011 0.000003 0.000042 -0.434998 0.900431
1741159909.352629 0.900006 0.000034 -0.000011 0.000003 0.000042 -0.435009 0.900426
1741159909.402638 0.900006 0.000034 -0.000011 0.000003 0.000042 -0.435009 0.900426
1741159909.452656 0.900008 0.000043 -0.000016 -0.000101 -0.000092 -0.435021 0.900420
1741159909.502634 0.900008 0.000043 -0.000016 -0.000101 -0.000092 -0.435021 0.900420
1741159909.552682 0.900009 0.000053 -0.000011 0.000003 0.000042 -0.435032 0.900415
1741159909.602665 0.900009 0.000053 -0.000011 0.000003 0.000042 -0.435032 0.900415
1741159909.652613 0.900011 0.000062 -0.000016 -0.000101 -0.000092 -0.435044 0.900409
1741159909.702641 0.900011 0.000062 -0.000016 -0.000101 -0.000092 -0.435044 0.900409
1741159909.752621 0.900013 0.000071 -0.000016 -0.000101 -0.000092 -0.435055 0.900404
1741159909.802635 0.900013 0.000071 -0.000016 -0.000101 -0.000092 -0.435055 0.900404
1741159909.852624 0.900015 0.000081 -0.000011 0.000003 0.000042 -0.435066 0.900399
1741159909.902585 0.900015 0.000081 -0.000011 0.000003 0.000042 -0.435066 0.900399
1741159909.952619 0.900000 0.000001 -0.000010 0.000003 0.000039 -0.439462 0.898261
1741159910.002637 0.900000 0.000001 -0.000010 0.000003 0.000039 -0.439462 0.898261
1741159910.052630 0.900000 0.000002 -0.000011 0.000003 0.000042 -0.443955 0.896049
1741159910.102623 0.900000 0.000002 -0.000011 0.000003 0.000042 -0.443955 0.896049
1741159910.152612 0.900003 0.000012 -0.000016 -0.000102 -0.000091 -0.443970 0.896042
1741159910.202622 0.900003 0.000012 -0.000016 -0.000102 -0.000091 -0.443970 0.896042
1741159910.252632 0.900002 0.000007 -0.000016 -0.000102 -0.000090 -0.448438 0.893814
1741159910.302634 0.900002 0.000007 -0.000016 -0.000102 -0.000090 -0.448438 0.893814
1741159910.352644 0.900005 0.000017 -0.000016 -0.000102 -0.000090 -0.448454 0.893806
1741159910.402648 0.900005 0.000017 -0.000016 -0.000102 -0.000090 -0.448454 0.893806
1741159910.452635 0.900009 0.000028 -0.000016 -0.000102 -0.000090 -0.448471 0.893798
1741159910.502640 0.900009 0.000028 -0.000016 -0.000102 -0.000090 -0.448471 0.893798
1741159910.552616 0.900012 0.000038 -0.000011 0.000004 0.000042 -0.448487 0.893789
1741159910.602651 0.900012 0.000038 -0.000011 0.000004 0.000042 -0.448487 0.893789
1741159910.652660 0.900016 0.000049 -0.000011 0.000004 0.000042 -0.448503 0.893781
1741159910.702640 0.900016 0.000049 -0.000011 0.000004 0.000042 -0.448503 0.893781
1741159910.752615 0.900019 0.000058 -0.000016 -0.000102 -0.000090 -0.448520 0.893773
1741159910.802618 0.900019 0.000058 -0.000016 -0.000102 -0.000090 -0.448520 0.893773
1741159910.852633 0.900023 0.000069 -0.000016 -0.000102 -0.000090 -0.448537 0.893764
1741159910.902626 0.900023 0.000069 -0.000016 -0.000102 -0.000090 -0.448537 0.893764
1741159910.952660 0.900027 0.000079 -0.000016 -0.000102 -0.000090 -0.448553 0.893756
1741159911.002615 0.900027 0.000079 -0.000016 -0.000102 -0.000090 -0.448553 0.893756
1741159911.052633 0.900030 0.000089 -0.000016 -0.000102 -0.000090 -0.448570 0.893748
1741159911.102622 0.900030 0.000089 -0.000016 -0.000102 -0.000090 -0.448570 0.893748
1741159911.152636 0.900034 0.000100 -0.000016 -0.000102 -0.000090 -0.448587 0.893739
1741159911.202636 0.900034 0.000100 -0.000016 -0.000102 -0.000090 -0.448587 0.893739
1741159911.252645 0.900038 0.000111 -0.000011 0.000004 0.000042 -0.448603 0.893731
1741159911.302614 0.900038 0.000111 -0.000011 0.000004 0.000042 -0.448603 0.893731
1741159911.352627 0.900041 0.000121 -0.000011 0.000004 0.000042 -0.448620 0.893723
1741159911.402635 0.900041 0.000121 -0.000011 0.000004 0.000042 -0.448620 0.893723
1741159911.452619 0.900045 0.000131 -0.000011 0.000004 0.000042 -0.448636 0.893714
1741159911.502632 0.900045 0.000131 -0.000011 0.000004 0.000042 -0.448636 0.893714
1741159911.552626 0.900048 0.000141 -0.000016 -0.000102 -0.000090 -0.448653 0.893706
1741159911.602651 0.900048 0.000141 -0.000016 -0.000102 -0.000090 -0.448653 0.893706
1741159911.652711 0.900003 0.000009 -0.000016 -0.000103 -0.000090 -0.452901 0.891561
1741159911.702658 0.900003 0.000009 -0.000016 -0.000103 -0.000090 -0.452901 0.891561
1741159911.752636 0.900007 0.000020 -0.000016 -0.000103 -0.000090 -0.452919 0.891551
1741159911.802632 0.900007 0.000020 -0.000016 -0.000103 -0.000090 -0.452919 0.891551
1741159911.852642 0.900011 0.000031 -0.000011 0.000004 0.000042 -0.452937 0.891542
1741159911.902634 0.900011 0.000031 -0.000011 0.000004 0.000042 -0.452937 0.891542
1741159911.952656 0.900016 0.000041 -0.000011 0.000004 0.000042 -0.452955 0.891533
1741159912.002651 0.900016 0.000041 -0.000011 0.000004 0.000042 -0.452955 0.891533
1741159912.052646 0.900020 0.000052 -0.000016 -0.000103 -0.000090 -0.452974 0.891524
1741159912.102625 0.900020 0.000052 -0.000016 -0.000103 -0.000090 -0.452974 0.891524
1741159912.152630 0.900024 0.000062 -0.000016 -0.000103 -0.000090 -0.452993 0.891514
1741159912.202649 0.900024 0.000062 -0.000016 -0.000103 -0.000090 -0.452993 0.891514
1741159912.252666 0.900028 0.000073 -0.000011 0.000004 0.000042 -0.453010 0.891505
1741159912.302627 0.900028 0.000073 -0.000011 0.000004 0.000042 -0.453010 0.891505
1741159912.352622 0.900032 0.000084 -0.000016 -0.000103 -0.000090 -0.453030 0.891495
1741159912.402663 0.900032 0.000084 -0.000016 -0.000103 -0.000090 -0.453030 0.891495
1741159912.452625 0.900037 0.000095 -0.000011 0.000004 0.000042 -0.453048 0.891486
1741159912.502615 0.900037 0.000095 -0.000011 0.000004 0.000042 -0.453048 0.891486
1741159912.552634 0.900041 0.000105 -0.000011 0.000004 0.000042 -0.453066 0.891477
1741159912.602623 0.900041 0.000105 -0.000011 0.000004 0.000042 -0.453066 0.891477
1741159912.652633 0.900045 0.000115 -0.000016 -0.000103 -0.000090 -0.453084 0.891468
1741159912.702613 0.900045 0.000115 -0.000016 -0.000103 -0.000090 -0.453084 0.891468
1741159912.752621 0.900049 0.000126 -0.000016 -0.000103 -0.000090 -0.453103 0.891458
1741159912.802635 0.900049 0.000126 -0.000016 -0.000103 -0.000090 -0.453103 0.891458
1741159912.852634 0.900053 0.000137 -0.000011 0.000004 0.000042 -0.453121 0.891449
1741159912.902637 0.900053 0.000137 -0.000011 0.000004 0.000042 -0.453121 0.891449
1741159912.952633 0.900058 0.000147 -0.000016 -0.000103 -0.000090 -0.453140 0.891440
1741159913.002617 0.900058 0.000147 -0.000016 -0.000103 -0.000090 -0.453140 0.891440
1741159913.052617 0.900062 0.000157 -0.000016 -0.000103 -0.000090 -0.453158 0.891430
1741159913.102641 0.900062 0.000157 -0.000016 -0.000103 -0.000090 -0.453158 0.891430
1741159913.152635 0.900066 0.000168 -0.000011 0.000004 0.000042 -0.453176 0.891421
1741159913.202645 0.900066 0.000168 -0.000011 0.000004 0.000042 -0.453176 0.891421
1741159913.252613 0.900070 0.000178 -0.000016 -0.000103 -0.000090 -0.453195 0.891411
1741159913.302626 0.900070 0.000178 -0.000016 -0.000103 -0.000090 -0.453195 0.891411
1741159913.352630 0.900074 0.000189 -0.000016 -0.000103 -0.000090 -0.453213 0.891402
1741159913.402621 0.900074 0.000189 -0.000016 -0.000103 -0.000090 -0.453213 0.891402
1741159913.452632 0.900079 0.000199 -0.000016 -0.000103 -0.000090 -0.453232 0.891393
1741159913.502635 0.900079 0.000199 -0.000016 -0.000103 -0.000090 -0.453232 0.891393
1741159913.552619 0.900083 0.000211 -0.000011 0.000004 0.000042 -0.453250 0.891383
1741159913.602642 0.900083 0.000211 -0.000011 0.000004 0.000042 -0.453250 0.891383
1741159913.652623 0.900087 0.000220 -0.000016 -0.000103 -0.000090 -0.453269 0.891374
1741159913.702650 0.900087 0.000220 -0.000016 -0.000103 -0.000090 -0.453269 0.891374
1741159913.752633 0.900091 0.000231 -0.000016 -0.000103 -0.000090 -0.453287 0.891365
1741159913.802625 0.900091 0.000231 -0.000016 -0.000103 -0.000090 -0.453287 0.891365
1741159913.852631 0.900095 0.000242 -0.000016 -0.000103 -0.000090 -0.453305 0.891355
1741159913.902611 0.900095 0.000242 -0.000016 -0.000103 -0.000090 -0.453305 0.891355
1741159913.952621 0.900100 0.000252 -0.000016 -0.000103 -0.000090 -0.453324 0.891346
1741159914.002617 0.900100 0.000252 -0.000016 -0.000103 -0.000090 -0.453324 0.891346
1741159914.052639 0.900104 0.000263 -0.000016 -0.000103 -0.000090 -0.453343 0.891336
1741159914.102612 0.900104 0.000263 -0.000016 -0.000103 -0.000090 -0.453343 0.891336
1741159914.152646 0.900108 0.000274 -0.000011 0.000004 0.000042 -0.453360 0.891327
1741159914.202627 0.900108 0.000274 -0.000011 0.000004 0.000042 -0.453360 0.891327
1741159914.252656 0.900112 0.000284 -0.000016 -0.000103 -0.000090 -0.453379 0.891318
1741159914.302628 0.900112 0.000284 -0.000016 -0.000103 -0.000090 -0.453379 0.891318
1741159914.352621 0.905901 -0.008065 -0.000011 0.000004 0.000042 -0.452906 0.891558
1741159914.402615 0.905901 -0.008065 -0.000011 0.000004 0.000042 -0.452906 0.891558
1741159914.452612 0.905905 -0.008055 -0.000011 0.000004 0.000042 -0.452925 0.891549
1741159914.502615 0.905905 -0.008055 -0.000011 0.000004 0.000042 -0.452925 0.891549
1741159914.552611 0.905909 -0.008045 -0.000016 -0.000103 -0.000090 -0.452943 0.891539
1741159914.602617 0.905909 -0.008045 -0.000016 -0.000103 -0.000090 -0.452943 0.891539
1741159914.652617 0.905913 -0.008033 -0.000011 0.000004 0.000042 -0.452961 0.891530
1741159914.702612 0.905913 -0.008033 -0.000011 0.000004 0.000042 -0.452961 0.891530
1741159914.752620 0.905918 -0.008023 -0.000011 0.000004 0.000042 -0.452979 0.891521
1741159914.802615 0.905918 -0.008023 -0.000011 0.000004 0.000042 -0.452979 0.891521
1741159914.852616 0.911796 -0.016148 -0.000016 -0.000103 -0.000090 -0.452896 0.891563
1741159914.902613 0.911796 -0.016148 -0.000016 -0.000103 -0.000090 -0.452896 0.891563
1741159914.952643 0.917695 -0.024222 -0.000011 0.000004 0.000042 -0.452897 0.891563
1741159915.002618 0.917695 -0.024222 -0.000011 0.000004 0.000042 -0.452897 0.891563
1741159915.052614 0.923593 -0.032297 -0.000011 0.000004 0.000042 -0.452899 0.891562
1741159915.102618 0.923593 -0.032297 -0.000011 0.000004 0.000042 -0.452899 0.891562
1741159915.152614 0.923597 -0.032286 -0.000011 0.000004 0.000042 -0.452917 0.891553
1741159915.202637 0.923597 -0.032286 -0.000011 0.000004 0.000042 -0.452917 0.891553
1741159915.252616 0.929492 -0.040370 -0.000016 -0.000103 -0.000090 -0.452899 0.891562
1741159915.302636 0.929492 -0.040370 -0.000016 -0.000103 -0.000090 -0.452899 0.891562
1741159915.352616 0.935390 -0.048444 -0.000011 0.000004 0.000042 -0.452906 0.891559
1741159915.402620 0.935390 -0.048444 -0.000011 0.000004 0.000042 -0.452906 0.891559
1741159915.452616 0.941288 -0.056519 -0.000016 -0.000103 -0.000090 -0.452908 0.891557
1741159915.502619 0.941288 -0.056519 -0.000016 -0.000103 -0.000090 -0.452908 0.891557
1741159915.552614 0.947184 -0.064602 -0.000011 0.000004 0.000042 -0.452890 0.891566
1741159915.602636 0.947184 -0.064602 -0.000011 0.000004 0.000042 -0.452890 0.891566
1741159915.652631 0.953082 -0.072676 -0.000011 0.000004 0.000042 -0.452897 0.891563
1741159915.702620 0.953082 -0.072676 -0.000011 0.000004 0.000042 -0.452897 0.891563
1741159915.752615 0.958980 -0.080750 -0.000011 0.000004 0.000042 -0.452899 0.891562
1741159915.802639 0.958980 -0.080750 -0.000011 0.000004 0.000042 -0.452899 0.891562
1741159915.852635 0.964878 -0.088825 -0.000011 0.000004 0.000042 -0.452900 0.891561
1741159915.902618 0.964878 -0.088825 -0.000011 0.000004 0.000042 -0.452900 0.891561
1741159915.952668 0.964882 -0.088814 -0.000011 0.000004 0.000042 -0.452918 0.891552
1741159916.002620 0.964882 -0.088814 -0.000011 0.000004 0.000042 -0.452918 0.891552
1741159916.052633 0.976672 -0.104983 -0.000019 -0.000131 -0.000074 -0.452889 0.891567
1741159916.102616 0.976672 -0.104983 -0.000019 -0.000131 -0.000074 -0.452889 0.891567
1741159916.152648 0.982570 -0.113056 -0.000011 0.000004 0.000042 -0.452892 0.891565
1741159916.202636 0.982570 -0.113056 -0.000011 0.000004 0.000042 -0.452892 0.891565
1741159916.252618 0.988469 -0.121132 -0.000016 -0.000103 -0.000090 -0.452889 0.891567
1741159916.302633 0.988469 -0.121132 -0.000016 -0.000103 -0.000090 -0.452889 0.891567
1741159916.352623 0.994367 -0.129206 -0.000016 -0.000103 -0.000090 -0.452891 0.891566
1741159916.402613 0.994367 -0.129206 -0.000016 -0.000103 -0.000090 -0.452891 0.891566
1741159916.452667 1.000265 -0.137280 -0.000011 0.000004 0.000042 -0.452898 0.891562
1741159916.502671 1.000265 -0.137280 -0.000011 0.000004 0.000042 -0.452898 0.891562
1741159916.552633 1.006163 -0.145355 -0.000016 -0.000103 -0.000090 -0.452895 0.891564
1741159916.602623 1.006163 -0.145355 -0.000016 -0.000103 -0.000090 -0.452895 0.891564
1741159916.652639 1.012062 -0.153429 -0.000011 0.000004 0.000042 -0.452901 0.891561
1741159916.702644 1.012062 -0.153429 -0.000011 0.000004 0.000042 -0.452901 0.891561
1741159916.752670 1.017960 -0.161504 -0.000016 -0.000103 -0.000090 -0.452898 0.891562
1741159916.802635 1.017960 -0.161504 -0.000016 -0.000103 -0.000090 -0.452898 0.891562
1741159916.852647 1.023855 -0.169587 -0.000015 -0.000099 -0.000087 -0.452886 0.891568
1741159916.902627 1.023855 -0.169587 -0.000015 -0.000099 -0.000087 -0.452886 0.891568
1741159916.952614 1.029753 -0.177662 -0.000016 -0.000103 -0.000090 -0.452888 0.891567
1741159917.002631 1.029753 -0.177662 -0.000016 -0.000103 -0.000090 -0.452888 0.891567
1741159917.052626 1.035651 -0.185735 -0.000011 0.000004 0.000042 -0.452894 0.891564
1741159917.102612 1.035651 -0.185735 -0.000011 0.000004 0.000042 -0.452894 0.891564
1741159917.152625 1.041550 -0.193811 -0.000016 -0.000103 -0.000090 -0.452896 0.891563
1741159917.202619 1.041550 -0.193811 -0.000016 -0.000103 -0.000090 -0.452896 0.891563
1741159917.252582 1.047449 -0.201882 -0.000016 -0.000103 -0.000090 -0.452903 0.891560
1741159917.302614 1.047449 -0.201882 -0.000016 -0.000103 -0.000090 -0.452903 0.891560
1741159917.352613 1.053348 -0.209957 -0.000016 -0.000103 -0.000090 -0.452900 0.891562
1741159917.402623 1.053348 -0.209957 -0.000016 -0.000103 -0.000090 -0.452900 0.891562
1741159917.452625 1.065141 -0.226113 -0.000011 0.000004 0.000042 -0.452895 0.891564
1741159917.502614 1.065141 -0.226113 -0.000011 0.000004 0.000042 -0.452895 0.891564
1741159917.552618 1.071039 -0.234188 -0.000011 0.000004 0.000042 -0.452891 0.891566
1741159917.602611 1.071039 -0.234188 -0.000011 0.000004 0.000042 -0.452891 0.891566
1741159917.652611 1.076939 -0.242259 -0.000011 0.000004 0.000042 -0.452904 0.891559
1741159917.702612 1.076939 -0.242259 -0.000011 0.000004 0.000042 -0.452904 0.891559
1741159917.752614 1.082834 -0.250341 -0.000011 0.000004 0.000042 -0.452888 0.891568
1741159917.802612 1.082834 -0.250341 -0.000011 0.000004 0.000042 -0.452888 0.891568
1741159917.852617 1.088733 -0.258416 -0.000011 0.000004 0.000042 -0.452890 0.891567
1741159917.902671 1.088733 -0.258416 -0.000011 0.000004 0.000042 -0.452890 0.891567
1741159917.952669 1.094631 -0.266490 -0.000011 0.000004 0.000042 -0.452891 0.891566
1741159918.002626 1.094631 -0.266490 -0.000011 0.000004 0.000042 -0.452891 0.891566
1741159918.052669 1.100529 -0.274564 -0.000011 0.000004 0.000042 -0.452899 0.891562
1741159918.102625 1.100529 -0.274564 -0.000011 0.000004 0.000042 -0.452899 0.891562
1741159918.152613 1.106428 -0.282639 -0.000011 0.000004 0.000042 -0.452895 0.891564
1741159918.202626 1.106428 -0.282639 -0.000011 0.000004 0.000042 -0.452895 0.891564
1741159918.252626 1.106432 -0.282629 -0.000016 -0.000103 -0.000090 -0.452914 0.891554
1741159918.302627 1.106432 -0.282629 -0.000016 -0.000103 -0.000090 -0.452914 0.891554
1741159918.352611 1.112326 -0.290712 -0.000016 -0.000103 -0.000090 -0.452905 0.891559
1741159918.402612 1.112326 -0.290712 -0.000016 -0.000103 -0.000090 -0.452905 0.891559
1741159918.452612 1.124119 -0.306872 0.000000 0.000000 0.000000 -0.452886 0.891568
1741159918.502616 1.124119 -0.306872 0.000000 0.000000 0.000000 -0.452886 0.891568
1741159918.552613 1.130017 -0.314946 -0.000011 0.000004 0.000042 -0.452892 0.891566
1741159918.602625 1.130017 -0.314946 -0.000011 0.000004 0.000042 -0.452892 0.891566
1741159918.652614 1.135915 -0.323021 -0.000011 0.000004 0.000042 -0.452888 0.891567
1741159918.702611 1.135915 -0.323021 -0.000011 0.000004 0.000042 -0.452888 0.891567
1741159918.752574 1.141814 -0.331095 -0.000011 0.000004 0.000042 -0.452895 0.891564
1741159918.802612 1.141814 -0.331095 -0.000011 0.000004 0.000042 -0.452895 0.891564
1741159918.852616 1.147712 -0.339170 -0.000011 0.000004 0.000042 -0.452896 0.891563
1741159918.902614 1.147712 -0.339170 -0.000011 0.000004 0.000042 -0.452896 0.891563
1741159918.952610 1.153610 -0.347245 -0.000011 0.000004 0.000042 -0.452893 0.891565
1741159919.002613 1.153610 -0.347245 -0.000011 0.000004 0.000042 -0.452893 0.891565
1741159919.052624 1.159508 -0.355320 -0.000011 0.000004 0.000042 -0.452895 0.891564
1741159919.102628 1.159508 -0.355320 -0.000011 0.000004 0.000042 -0.452895 0.891564
1741159919.152612 1.165406 -0.363394 -0.000011 0.000004 0.000042 -0.452901 0.891561
1741159919.202618 1.165406 -0.363394 -0.000011 0.000004 0.000042 -0.452901 0.891561
1741159919.252615 1.171305 -0.371470 -0.000016 -0.000103 -0.000090 -0.452898 0.891562
1741159919.302614 1.171305 -0.371470 -0.000016 -0.000103 -0.000090 -0.452898 0.891562
1741159919.352614 1.177203 -0.379544 -0.000011 0.000004 0.000042 -0.452899 0.891562
1741159919.402615 1.177203 -0.379544 -0.000011 0.000004 0.000042 -0.452899 0.891562
1741159919.452626 1.188996 -0.395703 0.000000 0.000000 0.000000 -0.452886 0.891568
1741159919.502620 1.188996 -0.395703 0.000000 0.000000 0.000000 -0.452886 0.891568
1741159919.552636 1.194894 -0.403778 -0.000009 0.000003 0.000034 -0.452886 0.891569
1741159919.602611 1.194894 -0.403778 -0.000009 0.000003 0.000034 -0.452886 0.891569
1741159919.652653 1.194898 -0.403769 -0.000016 -0.000103 -0.000090 -0.452904 0.891559
1741159919.702615 1.194898 -0.403769 -0.000016 -0.000103 -0.000090 -0.452904 0.891559
1741159919.752618 1.200793 -0.411851 -0.000016 -0.000103 -0.000090 -0.452893 0.891565
1741159919.802614 1.200793 -0.411851 -0.000016 -0.000103 -0.000090 -0.452893 0.891565
1741159919.852638 1.206691 -0.419925 -0.000016 -0.000103 -0.000090 -0.452899 0.891562
1741159919.902621 1.206691 -0.419925 -0.000016 -0.000103 -0.000090 -0.452899 0.891562
1741159919.952612 1.212591 -0.427995 -0.000011 0.000004 0.000042 -0.452907 0.891558
1741159920.002640 1.212591 -0.427995 -0.000011 0.000004 0.000042 -0.452907 0.891558
1741159920.052627 1.224383 -0.444156 -0.000011 0.000004 0.000042 -0.452891 0.891566
1741159920.102635 1.224383 -0.444156 -0.000011 0.000004 0.000042 -0.452891 0.891566
1741159920.152621 1.230281 -0.452231 -0.000016 -0.000103 -0.000090 -0.452893 0.891565
1741159920.202618 1.230281 -0.452231 -0.000016 -0.000103 -0.000090 -0.452893 0.891565
1741159920.252623 1.236180 -0.460305 -0.000011 0.000004 0.000042 -0.452895 0.891564
1741159920.302636 1.236180 -0.460305 -0.000011 0.000004 0.000042 -0.452895 0.891564
1741159920.352627 1.242078 -0.468380 -0.000016 -0.000103 -0.000090 -0.452896 0.891563
1741159920.402633 1.242078 -0.468380 -0.000016 -0.000103 -0.000090 -0.452896 0.891563
1741159920.452636 1.247976 -0.476455 -0.000011 0.000004 0.000042 -0.452892 0.891565
1741159920.502621 1.247976 -0.476455 -0.000011 0.000004 0.000042 -0.452892 0.891565
1741159920.552635 1.253872 -0.484534 -0.000011 0.000004 0.000043 -0.452891 0.891566
1741159920.602638 1.253872 -0.484534 -0.000011 0.000004 0.000043 -0.452891 0.891566
1741159920.652639 1.259771 -0.492609 -0.000016 -0.000103 -0.000090 -0.452888 0.891567
1741159920.702612 1.259771 -0.492609 -0.000016 -0.000103 -0.000090 -0.452888 0.891567
1741159920.752631 1.265669 -0.500684 -0.000016 -0.000103 -0.000090 -0.452890 0.891567
1741159920.802633 1.265669 -0.500684 -0.000016 -0.000103 -0.000090 -0.452890 0.891567
1741159920.852643 1.271567 -0.508758 -0.000016 -0.000103 -0.000090 -0.452897 0.891563
1741159920.902678 1.271567 -0.508758 -0.000016 -0.000103 -0.000090 -0.452897 0.891563
1741159920.952643 1.277466 -0.516832 -0.000011 0.000004 0.000042 -0.452898 0.891562
1741159921.002669 1.277466 -0.516832 -0.000011 0.000004 0.000042 -0.452898 0.891562
1741159921.052624 1.283364 -0.524907 -0.000011 0.000004 0.000042 -0.452894 0.891564
1741159921.102612 1.283364 -0.524907 -0.000011 0.000004 0.000042 -0.452894 0.891564
1741159921.152638 1.289262 -0.532983 -0.000016 -0.000103 -0.000090 -0.452895 0.891564
1741159921.202639 1.289262 -0.532983 -0.000016 -0.000103 -0.000090 -0.452895 0.891564
1741159921.252618 1.295160 -0.541057 -0.000016 -0.000103 -0.000090 -0.452902 0.891560
1741159921.302619 1.295160 -0.541057 -0.000016 -0.000103 -0.000090 -0.452902 0.891560
1741159921.352619 1.301058 -0.549131 -0.000016 -0.000103 -0.000090 -0.452904 0.891559
1741159921.402617 1.301058 -0.549131 -0.000016 -0.000103 -0.000090 -0.452904 0.891559
1741159921.452617 1.312852 -0.565288 -0.000016 -0.000103 -0.000090 -0.452895 0.891564
1741159921.502625 1.312852 -0.565288 -0.000016 -0.000103 -0.000090 -0.452895 0.891564
1741159921.552610 1.318750 -0.573362 -0.000016 -0.000103 -0.000090 -0.452897 0.891563
1741159921.602638 1.318750 -0.573362 -0.000016 -0.000103 -0.000090 -0.452897 0.891563
1741159921.652611 1.324649 -0.581438 -0.000016 -0.000103 -0.000090 -0.452893 0.891565
1741159921.702620 1.324649 -0.581438 -0.000016 -0.000103 -0.000090 -0.452893 0.891565
1741159921.752614 1.330547 -0.589512 -0.000016 -0.000103 -0.000090 -0.452899 0.891562
1741159921.802636 1.330547 -0.589512 -0.000016 -0.000103 -0.000090 -0.452899 0.891562
1741159921.852613 1.336445 -0.597586 -0.000011 0.000004 0.000042 -0.452896 0.891563
1741159921.902666 1.336445 -0.597586 -0.000011 0.000004 0.000042 -0.452896 0.891563
1741159921.952639 1.342343 -0.605662 -0.000016 -0.000103 -0.000090 -0.452897 0.891563
1741159922.002622 1.342343 -0.605662 -0.000016 -0.000103 -0.000090 -0.452897 0.891563
1741159922.052632 1.348241 -0.613736 -0.000016 -0.000103 -0.000090 -0.452904 0.891559
1741159922.102641 1.348241 -0.613736 -0.000016 -0.000103 -0.000090 -0.452904 0.891559
1741159922.152667 1.354140 -0.621810 -0.000011 0.000004 0.000042 -0.452906 0.891558
1741159922.202629 1.354140 -0.621810 -0.000011 0.000004 0.000042 -0.452906 0.891558
1741159922.252660 1.360035 -0.629892 -0.000016 -0.000103 -0.000090 -0.452896 0.891563
1741159922.302685 1.360035 -0.629892 -0.000016 -0.000103 -0.000090 -0.452896 0.891563
1741159922.352614 1.365933 -0.637967 -0.000016 -0.000103 -0.000090 -0.452897 0.891563
1741159922.402635 1.365933 -0.637967 -0.000016 -0.000103 -0.000090 -0.452897 0.891563
1741159922.452635 1.371832 -0.646041 -0.000011 0.000004 0.000042 -0.452899 0.891562
1741159922.502612 1.371832 -0.646041 -0.000011 0.000004 0.000042 -0.452899 0.891562
1741159922.552610 1.377730 -0.654116 -0.000016 -0.000103 -0.000090 -0.452900 0.891561
1741159922.602665 1.377730 -0.654116 -0.000016 -0.000103 -0.000090 -0.452900 0.891561
1741159922.652609 1.383628 -0.662190 -0.000011 0.000004 0.000042 -0.452902 0.891560
1741159922.702662 1.383628 -0.662190 -0.000011 0.000004 0.000042 -0.452902 0.891560
1741159922.752668 1.389526 -0.670265 -0.000016 -0.000103 -0.000090 -0.452904 0.891559
1741159922.802635 1.389526 -0.670265 -0.000016 -0.000103 -0.000090 -0.452904 0.891559
1741159922.852634 1.395425 -0.678340 -0.000016 -0.000103 -0.000090 -0.452905 0.891559
1741159922.902610 1.395425 -0.678340 -0.000016 -0.000103 -0.000090 -0.452905 0.891559
1741159922.952632 1.407217 -0.694500 -0.000016 -0.000100 -0.000089 -0.452891 0.891566
1741159923.002646 1.407217 -0.694500 -0.000016 -0.000100 -0.000089 -0.452891 0.891566
1741159923.052623 1.413115 -0.702575 -0.000015 -0.000099 -0.000087 -0.452886 0.891568
1741159923.102617 1.413115 -0.702575 -0.000015 -0.000099 -0.000087 -0.452886 0.891568
1741159923.152619 1.419014 -0.710649 -0.000011 0.000004 0.000042 -0.452888 0.891567
1741159923.202632 1.419014 -0.710649 -0.000011 0.000004 0.000042 -0.452888 0.891567
1741159923.252623 1.424912 -0.718723 -0.000011 0.000004 0.000042 -0.452895 0.891564
1741159923.302619 1.424912 -0.718723 -0.000011 0.000004 0.000042 -0.452895 0.891564
1741159923.352630 1.430809 -0.726802 -0.000016 -0.000104 -0.000091 -0.452892 0.891566
1741159923.402615 1.430809 -0.726802 -0.000016 -0.000104 -0.000091 -0.452892 0.891566
1741159923.452628 1.436707 -0.734875 -0.000016 -0.000103 -0.000090 -0.452895 0.891564
1741159923.502618 1.436707 -0.734875 -0.000016 -0.000103 -0.000090 -0.452895 0.891564
1741159923.552613 1.442606 -0.742950 -0.000011 0.000004 0.000042 -0.452890 0.891566
1741159923.602610 1.442606 -0.742950 -0.000011 0.000004 0.000042 -0.452890 0.891566
1741159923.652632 1.448503 -0.751025 -0.000011 0.000004 0.000042 -0.452896 0.891564
1741159923.702612 1.448503 -0.751025 -0.000011 0.000004 0.000042 -0.452896 0.891564
1741159923.752638 1.454402 -0.759100 -0.000016 -0.000103 -0.000090 -0.452893 0.891565
1741159923.802624 1.454402 -0.759100 -0.000016 -0.000103 -0.000090 -0.452893 0.891565
1741159923.852637 1.460300 -0.767175 -0.000016 -0.000103 -0.000090 -0.452899 0.891562
1741159923.902634 1.460300 -0.767175 -0.000016 -0.000103 -0.000090 -0.452899 0.891562
1741159923.952632 1.466198 -0.775250 -0.000016 -0.000103 -0.000090 -0.452896 0.891564
1741159924.002603 1.466198 -0.775250 -0.000016 -0.000103 -0.000090 -0.452896 0.891564
1741159924.052614 1.472096 -0.783325 -0.000016 -0.000103 -0.000090 -0.452897 0.891563
1741159924.102620 1.472096 -0.783325 -0.000016 -0.000103 -0.000090 -0.452897 0.891563
1741159924.152630 1.477995 -0.791399 -0.000016 -0.000103 -0.000090 -0.452899 0.891562
1741159924.202610 1.477995 -0.791399 -0.000016 -0.000103 -0.000090 -0.452899 0.891562
1741159924.252666 1.483893 -0.799474 -0.000016 -0.000103 -0.000090 -0.452901 0.891561
1741159924.302641 1.483893 -0.799474 -0.000016 -0.000103 -0.000090 -0.452901 0.891561
1741159924.352617 1.495685 -0.815633 -0.000016 -0.000100 -0.000089 -0.452891 0.891566
1741159924.402636 1.495685 -0.815633 -0.000016 -0.000100 -0.000089 -0.452891 0.891566
1741159924.452614 1.501584 -0.823709 -0.000016 -0.000103 -0.000090 -0.452887 0.891568
1741159924.502617 1.501584 -0.823709 -0.000016 -0.000103 -0.000090 -0.452887 0.891568
1741159924.552608 1.507482 -0.831782 -0.000011 0.000004 0.000042 -0.452894 0.891564
1741159924.602621 1.507482 -0.831782 -0.000011 0.000004 0.000042 -0.452894 0.891564
1741159924.652623 1.513380 -0.839857 -0.000011 0.000004 0.000042 -0.452890 0.891566
1741159924.702615 1.513380 -0.839857 -0.000011 0.000004 0.000042 -0.452890 0.891566
1741159924.752619 1.519278 -0.847932 -0.000016 -0.000103 -0.000090 -0.452897 0.891563
1741159924.802615 1.519278 -0.847932 -0.000016 -0.000103 -0.000090 -0.452897 0.891563
1741159924.852615 1.525177 -0.856006 -0.000016 -0.000103 -0.000090 -0.452900 0.891561
1741159924.902612 1.525177 -0.856006 -0.000016 -0.000103 -0.000090 -0.452900 0.891561
1741159924.952619 1.525181 -0.855995 -0.000011 0.000004 0.000042 -0.452918 0.891552
1741159925.002625 1.525181 -0.855995 -0.000011 0.000004 0.000042 -0.452918 0.891552
1741159925.052621 1.531076 -0.864079 -0.000016 -0.000103 -0.000090 -0.452903 0.891560
1741159925.102616 1.531076 -0.864079 -0.000016 -0.000103 -0.000090 -0.452903 0.891560
1741159925.152621 1.536974 -0.872154 -0.000016 -0.000103 -0.000090 -0.452905 0.891559
1741159925.202616 1.536974 -0.872154 -0.000016 -0.000103 -0.000090 -0.452905 0.891559
1741159925.252618 1.548767 -0.888313 -0.000007 0.000070 0.000021 -0.452886 0.891569
1741159925.302597 1.548767 -0.888313 -0.000007 0.000070 0.000021 -0.452886 0.891569
1741159925.352628 1.554665 -0.896388 -0.000011 0.000004 0.000042 -0.452892 0.891565
1741159925.402619 1.554665 -0.896388 -0.000011 0.000004 0.000042 -0.452892 0.891565
1741159925.452624 1.560563 -0.904463 -0.000011 0.000004 0.000042 -0.452889 0.891567
1741159925.502626 1.560563 -0.904463 -0.000011 0.000004 0.000042 -0.452889 0.891567
1741159925.552628 1.566461 -0.912538 -0.000016 -0.000103 -0.000090 -0.452890 0.891566
1741159925.602624 1.566461 -0.912538 -0.000016 -0.000103 -0.000090 -0.452890 0.891566
1741159925.652626 1.572359 -0.920612 -0.000011 0.000004 0.000042 -0.452896 0.891564
1741159925.702623 1.572359 -0.920612 -0.000011 0.000004 0.000042 -0.452896 0.891564
1741159925.752620 1.578257 -0.928688 -0.000016 -0.000103 -0.000090 -0.452892 0.891565
1741159925.802617 1.578257 -0.928688 -0.000016 -0.000103 -0.000090 -0.452892 0.891565
1741159925.852614 1.584155 -0.936763 -0.000016 -0.000103 -0.000090 -0.452898 0.891563
1741159925.902609 1.584155 -0.936763 -0.000016 -0.000103 -0.000090 -0.452898 0.891563
1741159925.952617 1.590053 -0.944839 -0.000016 -0.000103 -0.000090 -0.452893 0.891565
1741159926.002616 1.590053 -0.944839 -0.000016 -0.000103 -0.000090 -0.452893 0.891565
1741159926.052624 1.595951 -0.952912 -0.000011 0.000004 0.000042 -0.452900 0.891561
1741159926.102611 1.595951 -0.952912 -0.000011 0.000004 0.000042 -0.452900 0.891561
1741159926.152630 1.601850 -0.960988 -0.000016 -0.000103 -0.000090 -0.452897 0.891563
1741159926.202615 1.601850 -0.960988 -0.000016 -0.000103 -0.000090 -0.452897 0.891563
1741159926.252633 1.607748 -0.969063 -0.000016 -0.000103 -0.000090 -0.452898 0.891562
1741159926.302618 1.607748 -0.969063 -0.000016 -0.000103 -0.000090 -0.452898 0.891562
1741159926.352616 1.613646 -0.977137 -0.000016 -0.000103 -0.000090 -0.452900 0.891562
1741159926.402617 1.613646 -0.977137 -0.000016 -0.000103 -0.000090 -0.452900 0.891562
1741159926.452622 1.619545 -0.985212 -0.000016 -0.000103 -0.000090 -0.452902 0.891560
1741159926.502631 1.619545 -0.985212 -0.000016 -0.000103 -0.000090 -0.452902 0.891560
1741159926.552621 1.625441 -0.993292 -0.000016 -0.000103 -0.000090 -0.452893 0.891565
1741159926.602620 1.625441 -0.993292 -0.000016 -0.000103 -0.000090 -0.452893 0.891565
1741159926.652629 1.631339 -1.001367 -0.000016 -0.000103 -0.000090 -0.452895 0.891564
1741159926.702619 1.631339 -1.001367 -0.000016 -0.000103 -0.000090 -0.452895 0.891564
1741159926.752620 1.637237 -1.009441 -0.000011 0.000004 0.000042 -0.452900 0.891561
1741159926.802616 1.637237 -1.009441 -0.000011 0.000004 0.000042 -0.452900 0.891561
1741159926.852619 1.649030 -1.025598 -0.000016 -0.000100 -0.000089 -0.452891 0.891566
1741159926.902614 1.649030 -1.025598 -0.000016 -0.000100 -0.000089 -0.452891 0.891566
1741159926.952618 1.654929 -1.033672 -0.000011 0.000004 0.000042 -0.452893 0.891565
1741159927.002623 1.654929 -1.033672 -0.000011 0.000004 0.000042 -0.452893 0.891565
1741159927.052621 1.660827 -1.041748 -0.000011 0.000004 0.000042 -0.452889 0.891567
1741159927.102617 1.660827 -1.041748 -0.000011 0.000004 0.000042 -0.452889 0.891567
1741159927.152625 1.660831 -1.041737 -0.000011 0.000004 0.000042 -0.452907 0.891558
1741159927.202626 1.660831 -1.041737 -0.000011 0.000004 0.000042 -0.452907 0.891558
1741159927.252628 1.666727 -1.049818 -0.000011 0.000004 0.000042 -0.452902 0.891560
1741159927.302630 1.666727 -1.049818 -0.000011 0.000004 0.000042 -0.452902 0.891560
1741159927.352623 1.672625 -1.057893 -0.000016 -0.000103 -0.000090 -0.452904 0.891559
1741159927.402622 1.672625 -1.057893 -0.000016 -0.000103 -0.000090 -0.452904 0.891559
1741159927.452625 1.678523 -1.065967 -0.000011 0.000004 0.000042 -0.452906 0.891559
1741159927.502618 1.678523 -1.065967 -0.000011 0.000004 0.000042 -0.452906 0.891559
1741159927.552623 1.690315 -1.082128 -0.000016 -0.000100 -0.000089 -0.452891 0.891566
1741159927.602619 1.690315 -1.082128 -0.000016 -0.000100 -0.000089 -0.452891 0.891566
1741159927.652630 1.696214 -1.090202 -0.000011 0.000004 0.000042 -0.452887 0.891568
1741159927.702628 1.696214 -1.090202 -0.000011 0.000004 0.000042 -0.452887 0.891568
1741159927.752635 1.702112 -1.098276 -0.000011 0.000004 0.000042 -0.452894 0.891564
1741159927.802619 1.702112 -1.098276 -0.000011 0.000004 0.000042 -0.452894 0.891564
1741159927.852620 1.708010 -1.106351 -0.000016 -0.000103 -0.000090 -0.452896 0.891563
1741159927.902625 1.708010 -1.106351 -0.000016 -0.000103 -0.000090 -0.452896 0.891563
1741159927.952629 1.708014 -1.106340 -0.000016 -0.000103 -0.000090 -0.452914 0.891554
1741159928.002620 1.708014 -1.106340 -0.000016 -0.000103 -0.000090 -0.452914 0.891554
1741159928.052629 1.719805 -1.122505 -0.000016 0.000131 0.000053 -0.452890 0.891567
1741159928.102621 1.719805 -1.122505 -0.000016 0.000131 0.000053 -0.452890 0.891567
1741159928.152620 1.725703 -1.130580 -0.000011 0.000004 0.000042 -0.452892 0.891565
1741159928.202630 1.725703 -1.130580 -0.000011 0.000004 0.000042 -0.452892 0.891565
1741159928.252628 1.731601 -1.138655 -0.000011 0.000004 0.000042 -0.452889 0.891567
1741159928.302614 1.731601 -1.138655 -0.000011 0.000004 0.000042 -0.452889 0.891567
1741159928.352614 1.731606 -1.138645 -0.000016 -0.000103 -0.000090 -0.452907 0.891558
1741159928.402622 1.731606 -1.138645 -0.000016 -0.000103 -0.000090 -0.452907 0.891558
1741159928.452618 1.737500 -1.146729 -0.000016 -0.000103 -0.000090 -0.452896 0.891563
1741159928.502619 1.737500 -1.146729 -0.000016 -0.000103 -0.000090 -0.452896 0.891563
1741159928.552622 1.743399 -1.154800 -0.000011 0.000004 0.000042 -0.452903 0.891560
1741159928.602617 1.743399 -1.154800 -0.000011 0.000004 0.000042 -0.452903 0.891560
1741159928.652617 1.749297 -1.162875 -0.000016 -0.000103 -0.000090 -0.452905 0.891559
1741159928.702624 1.749297 -1.162875 -0.000016 -0.000103 -0.000090 -0.452905 0.891559
1741159928.752629 1.755196 -1.170950 -0.000016 -0.000103 -0.000090 -0.452901 0.891561
1741159928.802623 1.755196 -1.170950 -0.000016 -0.000103 -0.000090 -0.452901 0.891561
1741159928.852619 1.761092 -1.179030 -0.000016 -0.000103 -0.000090 -0.452893 0.891565
1741159928.902622 1.761092 -1.179030 -0.000016 -0.000103 -0.000090 -0.452893 0.891565
1741159928.952626 1.766990 -1.187104 -0.000016 -0.000103 -0.000090 -0.452900 0.891561
1741159929.002629 1.766990 -1.187104 -0.000016 -0.000103 -0.000090 -0.452900 0.891561
1741159929.052624 1.766994 -1.187093 -0.000016 -0.000103 -0.000090 -0.452919 0.891551
1741159929.102628 1.766994 -1.187093 -0.000016 -0.000103 -0.000090 -0.452919 0.891551
1741159929.152622 1.772890 -1.195176 -0.000011 0.000004 0.000042 -0.452902 0.891560
1741159929.202626 1.772890 -1.195176 -0.000011 0.000004 0.000042 -0.452902 0.891560
1741159929.252637 1.778784 -1.203260 -0.000016 -0.000103 -0.000090 -0.452888 0.891567
1741159929.302617 1.778784 -1.203260 -0.000016 -0.000103 -0.000090 -0.452888 0.891567
1741159929.352619 1.784682 -1.211335 -0.000016 -0.000103 -0.000090 -0.452895 0.891564
1741159929.402613 1.784682 -1.211335 -0.000016 -0.000103 -0.000090 -0.452895 0.891564
1741159929.452620 1.784686 -1.211324 -0.000016 -0.000103 -0.000090 -0.452913 0.891555
1741159929.502621 1.784686 -1.211324 -0.000016 -0.000103 -0.000090 -0.452913 0.891555
1741159929.552625 1.790582 -1.219406 -0.000011 0.000004 0.000042 -0.452901 0.891561
1741159929.602626 1.790582 -1.219406 -0.000011 0.000004 0.000042 -0.452901 0.891561
1741159929.652639 1.790586 -1.219396 -0.000016 -0.000103 -0.000090 -0.452919 0.891552
1741159929.702635 1.790586 -1.219396 -0.000016 -0.000103 -0.000090 -0.452919 0.891552
1741159929.752620 1.796480 -1.227480 -0.000016 -0.000103 -0.000090 -0.452904 0.891559
1741159929.802632 1.796480 -1.227480 -0.000016 -0.000103 -0.000090 -0.452904 0.891559
1741159929.852622 1.802375 -1.235563 -0.000005 -0.000001 0.000025 -0.452885 0.891569
1741159929.902619 1.802375 -1.235563 -0.000005 -0.000001 0.000025 -0.452885 0.891569
1741159929.952621 1.808275 -1.243635 -0.000011 0.000004 0.000042 -0.452892 0.891565
1741159930.002628 1.808275 -1.243635 -0.000011 0.000004 0.000042 -0.452892 0.891565
1741159930.052621 1.808279 -1.243625 -0.000016 -0.000103 -0.000090 -0.452910 0.891556
1741159930.102618 1.808279 -1.243625 -0.000016 -0.000103 -0.000090 -0.452910 0.891556
1741159930.152617 1.814175 -1.251706 -0.000016 -0.000103 -0.000090 -0.452901 0.891561
1741159930.202618 1.814175 -1.251706 -0.000016 -0.000103 -0.000090 -0.452901 0.891561
1741159930.252629 1.820072 -1.259781 -0.000011 0.000004 0.000042 -0.452906 0.891558
1741159930.302628 1.820072 -1.259781 -0.000011 0.000004 0.000042 -0.452906 0.891558
1741159930.352618 1.825968 -1.267862 -0.000011 0.000004 0.000042 -0.452896 0.891563
1741159930.402641 1.825968 -1.267862 -0.000011 0.000004 0.000042 -0.452896 0.891563
1741159930.452624 1.831866 -1.275937 -0.000011 0.000004 0.000042 -0.452893 0.891565
1741159930.502624 1.831866 -1.275937 -0.000011 0.000004 0.000042 -0.452893 0.891565
1741159930.552618 1.837762 -1.284016 -0.000011 0.000004 0.000043 -0.452891 0.891566
1741159930.602616 1.837762 -1.284016 -0.000011 0.000004 0.000043 -0.452891 0.891566
1741159930.652626 1.843661 -1.292092 -0.000016 -0.000103 -0.000090 -0.452892 0.891565
1741159930.702615 1.843661 -1.292092 -0.000016 -0.000103 -0.000090 -0.452892 0.891565
1741159930.752631 1.849559 -1.300167 -0.000011 0.000004 0.000042 -0.452888 0.891568
1741159930.802627 1.849559 -1.300167 -0.000011 0.000004 0.000042 -0.452888 0.891568
1741159930.852623 1.849563 -1.300156 -0.000016 -0.000103 -0.000090 -0.452907 0.891558
1741159930.902619 1.849563 -1.300156 -0.000016 -0.000103 -0.000090 -0.452907 0.891558
1741159930.952617 1.861354 -1.316319 -0.000007 0.000070 0.000021 -0.452886 0.891569
1741159931.002624 1.861354 -1.316319 -0.000007 0.000070 0.000021 -0.452886 0.891569
1741159931.052614 1.861358 -1.316309 -0.000016 -0.000103 -0.000090 -0.452904 0.891559
1741159931.102612 1.861358 -1.316309 -0.000016 -0.000103 -0.000090 -0.452904 0.891559
1741159931.152614 1.867254 -1.324390 -0.000016 -0.000103 -0.000090 -0.452899 0.891562
1741159931.202616 1.867254 -1.324390 -0.000016 -0.000103 -0.000090 -0.452899 0.891562
1741159931.252618 1.873152 -1.332465 -0.000011 0.000004 0.000042 -0.452895 0.891564
1741159931.302618 1.873152 -1.332465 -0.000011 0.000004 0.000042 -0.452895 0.891564
1741159931.352614 1.879050 -1.340541 -0.000016 -0.000103 -0.000090 -0.452896 0.891563
1741159931.402627 1.879050 -1.340541 -0.000016 -0.000103 -0.000090 -0.452896 0.891563
1741159931.452654 1.884948 -1.348616 -0.000016 -0.000103 -0.000090 -0.452897 0.891563
1741159931.502625 1.884948 -1.348616 -0.000016 -0.000103 -0.000090 -0.452897 0.891563
1741159931.552636 1.890844 -1.356695 -0.000016 -0.000103 -0.000090 -0.452890 0.891567
1741159931.602625 1.890844 -1.356695 -0.000016 -0.000103 -0.000090 -0.452890 0.891567
1741159931.652619 1.896743 -1.364770 -0.000016 -0.000103 -0.000090 -0.452892 0.891566
1741159931.702617 1.896743 -1.364770 -0.000016 -0.000103 -0.000090 -0.452892 0.891566
1741159931.752630 1.902641 -1.372844 -0.000016 -0.000103 -0.000090 -0.452893 0.891565
1741159931.802624 1.902641 -1.372844 -0.000016 -0.000103 -0.000090 -0.452893 0.891565
1741159931.852617 1.902645 -1.372833 -0.000011 0.000004 0.000042 -0.452912 0.891555
1741159931.902618 1.902645 -1.372833 -0.000011 0.000004 0.000042 -0.452912 0.891555
1741159931.952617 1.908541 -1.380915 -0.000011 0.000004 0.000042 -0.452901 0.891561
1741159932.002616 1.908541 -1.380915 -0.000011 0.000004 0.000042 -0.452901 0.891561
1741159932.052621 1.920333 -1.397075 -0.000009 0.000003 0.000034 -0.452886 0.891569
1741159932.102633 1.920333 -1.397075 -0.000009 0.000003 0.000034 -0.452886 0.891569
1741159932.152623 1.920337 -1.397064 -0.000011 0.000004 0.000042 -0.452904 0.891559
1741159932.202633 1.920337 -1.397064 -0.000011 0.000004 0.000042 -0.452904 0.891559
1741159932.252626 1.926233 -1.405144 -0.000011 0.000004 0.000042 -0.452897 0.891563
1741159932.302615 1.926233 -1.405144 -0.000011 0.000004 0.000042 -0.452897 0.891563
1741159932.352614 1.932131 -1.413218 -0.000011 0.000004 0.000042 -0.452904 0.891559
1741159932.402639 1.932131 -1.413218 -0.000011 0.000004 0.000042 -0.452904 0.891559
1741159932.452621 1.938027 -1.421302 -0.000007 -0.000054 -0.000028 -0.452885 0.891569
1741159932.502634 1.938027 -1.421302 -0.000007 -0.000054 -0.000028 -0.452885 0.891569
1741159932.552636 1.943925 -1.429376 -0.000011 0.000004 0.000042 -0.452892 0.891565
1741159932.602635 1.943925 -1.429376 -0.000011 0.000004 0.000042 -0.452892 0.891565
1741159932.652624 1.943929 -1.429365 -0.000011 0.000004 0.000042 -0.452910 0.891556
1741159932.702622 1.943929 -1.429365 -0.000011 0.000004 0.000042 -0.452910 0.891556
1741159932.752617 1.949824 -1.437449 -0.000011 0.000004 0.000042 -0.452897 0.891563
1741159932.802617 1.949824 -1.437449 -0.000011 0.000004 0.000042 -0.452897 0.891563
1741159932.852621 1.955722 -1.445524 -0.000016 -0.000103 -0.000090 -0.452899 0.891562
1741159932.902620 1.955722 -1.445524 -0.000016 -0.000103 -0.000090 -0.452899 0.891562
1741159932.952616 1.961620 -1.453599 -0.000016 -0.000103 -0.000090 -0.452896 0.891564
1741159933.002630 1.961620 -1.453599 -0.000016 -0.000103 -0.000090 -0.452896 0.891564
1741159933.052639 1.967518 -1.461673 -0.000016 -0.000103 -0.000090 -0.452902 0.891560
1741159933.102637 1.967518 -1.461673 -0.000016 -0.000103 -0.000090 -0.452902 0.891560
1741159933.152640 1.973417 -1.469747 -0.000011 0.000004 0.000042 -0.452904 0.891559
1741159933.202663 1.973417 -1.469747 -0.000011 0.000004 0.000042 -0.452904 0.891559
1741159933.252634 1.979315 -1.477823 -0.000016 -0.000103 -0.000090 -0.452901 0.891561
1741159933.302629 1.979315 -1.477823 -0.000016 -0.000103 -0.000090 -0.452901 0.891561
1741159933.352630 1.985210 -1.485904 -0.000016 -0.000103 -0.000090 -0.452895 0.891564
1741159933.402634 1.985210 -1.485904 -0.000016 -0.000103 -0.000090 -0.452895 0.891564
1741159933.452621 1.991109 -1.493979 -0.000016 -0.000103 -0.000090 -0.452892 0.891565
1741159933.502619 1.991109 -1.493979 -0.000016 -0.000103 -0.000090 -0.452892 0.891565
1741159933.552634 1.997007 -1.502052 -0.000011 0.000004 0.000042 -0.452899 0.891562
1741159933.602616 1.997007 -1.502052 -0.000011 0.000004 0.000042 -0.452899 0.891562
1741159933.652614 2.002905 -1.510128 -0.000016 -0.000103 -0.000090 -0.452896 0.891564
1741159933.702615 2.002905 -1.510128 -0.000016 -0.000103 -0.000090 -0.452896 0.891564
1741159933.752637 2.008804 -1.518202 -0.000016 -0.000103 -0.000090 -0.452903 0.891560
1741159933.802632 2.008804 -1.518202 -0.000016 -0.000103 -0.000090 -0.452903 0.891560
1741159933.852622 2.014702 -1.526277 -0.000011 0.000004 0.000042 -0.452903 0.891560
1741159933.902620 2.014702 -1.526277 -0.000011 0.000004 0.000042 -0.452903 0.891560
1741159933.952620 2.020598 -1.534358 -0.000011 0.000004 0.000042 -0.452890 0.891567
1741159934.002616 2.020598 -1.534358 -0.000011 0.000004 0.000042 -0.452890 0.891567
1741159934.052621 2.026496 -1.542433 -0.000016 -0.000103 -0.000090 -0.452892 0.891566
1741159934.102621 2.026496 -1.542433 -0.000016 -0.000103 -0.000090 -0.452892 0.891566
1741159934.152618 2.032394 -1.550507 -0.000016 -0.000103 -0.000090 -0.452893 0.891565
1741159934.202669 2.032394 -1.550507 -0.000016 -0.000103 -0.000090 -0.452893 0.891565
1741159934.252624 2.038293 -1.558582 -0.000016 -0.000103 -0.000090 -0.452895 0.891564
1741159934.302612 2.038293 -1.558582 -0.000016 -0.000103 -0.000090 -0.452895 0.891564
1741159934.352617 2.044191 -1.566657 -0.000016 -0.000103 -0.000090 -0.452896 0.891563
1741159934.402628 2.044191 -1.566657 -0.000016 -0.000103 -0.000090 -0.452896 0.891563
1741159934.452631 2.044195 -1.566645 -0.000011 0.000004 0.000042 -0.452914 0.891554
1741159934.502628 2.044195 -1.566645 -0.000011 0.000004 0.000042 -0.452914 0.891554
1741159934.552623 2.050089 -1.574731 -0.000011 0.000004 0.000042 -0.452897 0.891563
1741159934.602619 2.050089 -1.574731 -0.000011 0.000004 0.000042 -0.452897 0.891563
1741159934.652621 2.055987 -1.582805 -0.000011 0.000004 0.000042 -0.452899 0.891562
1741159934.702627 2.055987 -1.582805 -0.000011 0.000004 0.000042 -0.452899 0.891562
1741159934.752631 2.067780 -1.598965 -0.000005 -0.000001 0.000025 -0.452885 0.891569
1741159934.802613 2.067780 -1.598965 -0.000005 -0.000001 0.000025 -0.452885 0.891569
1741159934.852639 2.073678 -1.607038 -0.000011 0.000004 0.000042 -0.452894 0.891564
1741159934.902611 2.073678 -1.607038 -0.000011 0.000004 0.000042 -0.452894 0.891564
1741159934.952621 2.079576 -1.615114 -0.000011 0.000004 0.000042 -0.452889 0.891567
1741159935.002638 2.079576 -1.615114 -0.000011 0.000004 0.000042 -0.452889 0.891567
1741159935.052617 2.079581 -1.615103 -0.000011 0.000004 0.000042 -0.452908 0.891557
1741159935.102616 2.079581 -1.615103 -0.000011 0.000004 0.000042 -0.452908 0.891557
1741159935.152629 2.085475 -1.623187 -0.000016 -0.000103 -0.000090 -0.452893 0.891565
1741159935.202628 2.085475 -1.623187 -0.000016 -0.000103 -0.000090 -0.452893 0.891565
1741159935.252627 2.091373 -1.631261 -0.000016 -0.000103 -0.000090 -0.452900 0.891561
1741159935.302621 2.091373 -1.631261 -0.000016 -0.000103 -0.000090 -0.452900 0.891561
1741159935.352622 2.097272 -1.639335 -0.000011 0.000004 0.000042 -0.452902 0.891560
1741159935.402627 2.097272 -1.639335 -0.000011 0.000004 0.000042 -0.452902 0.891560
1741159935.452629 2.103170 -1.647410 -0.000011 0.000004 0.000042 -0.452903 0.891560
1741159935.502640 2.103170 -1.647410 -0.000011 0.000004 0.000042 -0.452903 0.891560
1741159935.552637 2.109068 -1.655485 -0.000016 -0.000103 -0.000090 -0.452905 0.891559
1741159935.602641 2.109068 -1.655485 -0.000016 -0.000103 -0.000090 -0.452905 0.891559
1741159935.652647 2.114967 -1.663559 -0.000011 0.000004 0.000042 -0.452907 0.891558
1741159935.702639 2.114967 -1.663559 -0.000011 0.000004 0.000042 -0.452907 0.891558
1741159935.752629 2.120862 -1.671641 -0.000016 -0.000103 -0.000090 -0.452898 0.891562
1741159935.802632 2.120862 -1.671641 -0.000016 -0.000103 -0.000090 -0.452898 0.891562
1741159935.852626 2.126761 -1.679716 -0.000016 -0.000103 -0.000090 -0.452894 0.891564
1741159935.902623 2.126761 -1.679716 -0.000016 -0.000103 -0.000090 -0.452894 0.891564
1741159935.952629 2.132659 -1.687789 -0.000011 0.000004 0.000042 -0.452901 0.891561
1741159936.002678 2.132659 -1.687789 -0.000011 0.000004 0.000042 -0.452901 0.891561
1741159936.052624 2.138557 -1.695865 -0.000016 -0.000103 -0.000090 -0.452898 0.891562
1741159936.102618 2.138557 -1.695865 -0.000016 -0.000103 -0.000090 -0.452898 0.891562
1741159936.152616 2.144455 -1.703940 -0.000016 -0.000103 -0.000090 -0.452899 0.891562
1741159936.202615 2.144455 -1.703940 -0.000016 -0.000103 -0.000090 -0.452899 0.891562
1741159936.252623 2.150354 -1.712014 -0.000016 -0.000103 -0.000090 -0.452906 0.891558
1741159936.302591 2.150354 -1.712014 -0.000016 -0.000103 -0.000090 -0.452906 0.891558
1741159936.352638 2.156250 -1.720095 -0.000016 -0.000103 -0.000090 -0.452892 0.891565
1741159936.402617 2.156250 -1.720095 -0.000016 -0.000103 -0.000090 -0.452892 0.891565
1741159936.452621 2.162148 -1.728170 -0.000016 -0.000103 -0.000090 -0.452894 0.891564
1741159936.502625 2.162148 -1.728170 -0.000016 -0.000103 -0.000090 -0.452894 0.891564
1741159936.552620 2.168046 -1.736243 -0.000011 0.000004 0.000042 -0.452900 0.891561
1741159936.602618 2.168046 -1.736243 -0.000011 0.000004 0.000042 -0.452900 0.891561
1741159936.652617 2.173944 -1.744318 -0.000011 0.000004 0.000042 -0.452901 0.891561
1741159936.702617 2.173944 -1.744318 -0.000011 0.000004 0.000042 -0.452901 0.891561
1741159936.752618 2.179842 -1.752394 -0.000016 -0.000103 -0.000090 -0.452898 0.891562
1741159936.802617 2.179842 -1.752394 -0.000016 -0.000103 -0.000090 -0.452898 0.891562
1741159936.852626 2.185738 -1.760476 -0.000016 -0.000104 -0.000091 -0.452892 0.891566
1741159936.902622 2.185738 -1.760476 -0.000016 -0.000104 -0.000091 -0.452892 0.891566
1741159936.952623 2.191636 -1.768550 -0.000011 0.000004 0.000042 -0.452893 0.891565
1741159937.002624 2.191636 -1.768550 -0.000011 0.000004 0.000042 -0.452893 0.891565
1741159937.052623 2.197534 -1.776624 -0.000011 0.000004 0.000042 -0.452896 0.891564
1741159937.102619 2.197534 -1.776624 -0.000011 0.000004 0.000042 -0.452896 0.891564
1741159937.152627 2.203432 -1.784699 -0.000011 0.000004 0.000042 -0.452897 0.891563
1741159937.202626 2.203432 -1.784699 -0.000011 0.000004 0.000042 -0.452897 0.891563
1741159937.252632 2.209331 -1.792774 -0.000011 0.000004 0.000042 -0.452893 0.891565
1741159937.302630 2.209331 -1.792774 -0.000011 0.000004 0.000042 -0.452893 0.891565
1741159937.352621 2.215229 -1.800849 -0.000016 -0.000103 -0.000090 -0.452900 0.891561
1741159937.402629 2.215229 -1.800849 -0.000016 -0.000103 -0.000090 -0.452900 0.891561
1741159937.452619 2.221126 -1.808928 -0.000016 -0.000103 -0.000090 -0.452890 0.891566
1741159937.502620 2.221126 -1.808928 -0.000016 -0.000103 -0.000090 -0.452890 0.891566
1741159937.552622 2.227024 -1.817002 -0.000016 -0.000103 -0.000090 -0.452897 0.891563
1741159937.602615 2.227024 -1.817002 -0.000016 -0.000103 -0.000090 -0.452897 0.891563
1741159937.652621 2.232922 -1.825076 -0.000016 -0.000103 -0.000090 -0.452899 0.891562
1741159937.702622 2.232922 -1.825076 -0.000016 -0.000103 -0.000090 -0.452899 0.891562
1741159937.752618 2.238820 -1.833151 -0.000016 -0.000103 -0.000090 -0.452900 0.891561
1741159937.802614 2.238820 -1.833151 -0.000016 -0.000103 -0.000090 -0.452900 0.891561
1741159937.852616 2.244719 -1.841224 -0.000011 0.000004 0.000042 -0.452903 0.891560
1741159937.902615 2.244719 -1.841224 -0.000011 0.000004 0.000042 -0.452903 0.891560
1741159937.952614 2.250617 -1.849299 -0.000011 0.000004 0.000042 -0.452899 0.891562
1741159938.002618 2.250617 -1.849299 -0.000011 0.000004 0.000042 -0.452899 0.891562
1741159938.052616 2.256513 -1.857380 -0.000011 0.000004 0.000042 -0.452891 0.891566
1741159938.102613 2.256513 -1.857380 -0.000011 0.000004 0.000042 -0.452891 0.891566
1741159938.152614 2.262412 -1.865455 -0.000011 0.000004 0.000042 -0.452893 0.891565
1741159938.202614 2.262412 -1.865455 -0.000011 0.000004 0.000042 -0.452893 0.891565
1741159938.252650 2.268310 -1.873530 -0.000016 -0.000103 -0.000090 -0.452899 0.891562
1741159938.302648 2.268310 -1.873530 -0.000016 -0.000103 -0.000090 -0.452899 0.891562
1741159938.352641 2.274208 -1.881605 -0.000016 -0.000103 -0.000090 -0.452896 0.891563
1741159938.402626 2.274208 -1.881605 -0.000016 -0.000103 -0.000090 -0.452896 0.891563
1741159938.452625 2.274212 -1.881593 -0.000011 0.000004 0.000042 -0.452914 0.891554
1741159938.502621 2.274212 -1.881593 -0.000011 0.000004 0.000042 -0.452914 0.891554
1741159938.552630 2.274216 -1.881582 -0.000011 0.000004 0.000042 -0.452932 0.891545
1741159938.602624 2.274216 -1.881582 -0.000011 0.000004 0.000042 -0.452932 0.891545
1741159938.652635 2.274221 -1.881572 -0.000016 -0.000103 -0.000090 -0.452951 0.891536
1741159938.702617 2.274221 -1.881572 -0.000016 -0.000103 -0.000090 -0.452951 0.891536
1741159938.752610 2.274225 -1.881561 -0.000011 0.000004 0.000042 -0.452969 0.891526
1741159938.802641 2.274225 -1.881561 -0.000011 0.000004 0.000042 -0.452969 0.891526
1741159938.852620 2.274229 -1.881551 -0.000016 -0.000103 -0.000090 -0.452988 0.891517
1741159938.902621 2.274229 -1.881551 -0.000016 -0.000103 -0.000090 -0.452988 0.891517
1741159938.952619 2.274233 -1.881541 -0.000016 -0.000103 -0.000090 -0.453006 0.891508
1741159939.002627 2.274233 -1.881541 -0.000016 -0.000103 -0.000090 -0.453006 0.891508
1741159939.052627 2.274237 -1.881530 -0.000016 -0.000103 -0.000090 -0.453024 0.891498
1741159939.102618 2.274237 -1.881530 -0.000016 -0.000103 -0.000090 -0.453024 0.891498
1741159939.152618 2.274242 -1.881519 -0.000011 0.000004 0.000042 -0.453042 0.891489
1741159939.202624 2.274242 -1.881519 -0.000011 0.000004 0.000042 -0.453042 0.891489
1741159939.252658 2.274246 -1.881509 -0.000016 -0.000103 -0.000090 -0.453061 0.891480
1741159939.302624 2.274246 -1.881509 -0.000016 -0.000103 -0.000090 -0.453061 0.891480
1741159939.352621 2.274250 -1.881498 -0.000011 0.000004 0.000042 -0.453079 0.891470
1741159939.402617 2.274250 -1.881498 -0.000011 0.000004 0.000042 -0.453079 0.891470
1741159939.452636 2.274254 -1.881487 -0.000011 0.000004 0.000042 -0.453098 0.891461
1741159939.502619 2.274254 -1.881487 -0.000011 0.000004 0.000042 -0.453098 0.891461
1741159939.552620 2.274258 -1.881477 -0.000011 0.000004 0.000042 -0.453116 0.891452
1741159939.602624 2.274258 -1.881477 -0.000011 0.000004 0.000042 -0.453116 0.891452
1741159939.652658 2.274262 -1.881466 -0.000011 0.000004 0.000042 -0.453134 0.891442
1741159939.702672 2.274262 -1.881466 -0.000011 0.000004 0.000042 -0.453134 0.891442
1741159939.752644 2.274267 -1.881456 -0.000016 -0.000103 -0.000090 -0.453153 0.891433
1741159939.802664 2.274267 -1.881456 -0.000016 -0.000103 -0.000090 -0.453153 0.891433
1741159939.852624 2.274271 -1.881445 -0.000011 0.000004 0.000042 -0.453171 0.891424
1741159939.902624 2.274271 -1.881445 -0.000011 0.000004 0.000042 -0.453171 0.891424
1741159939.952634 2.274275 -1.881434 -0.000011 0.000004 0.000042 -0.453190 0.891414
1741159940.002626 2.274275 -1.881434 -0.000011 0.000004 0.000042 -0.453190 0.891414
1741159940.052637 2.274279 -1.881424 -0.000016 -0.000103 -0.000090 -0.453208 0.891405
1741159940.102626 2.274279 -1.881424 -0.000016 -0.000103 -0.000090 -0.453208 0.891405
1741159940.152663 2.274284 -1.881413 -0.000011 0.000004 0.000042 -0.453226 0.891395
1741159940.202613 2.274284 -1.881413 -0.000011 0.000004 0.000042 -0.453226 0.891395
1741159940.252637 2.274288 -1.881403 -0.000011 0.000004 0.000042 -0.453244 0.891386
1741159940.302648 2.274288 -1.881403 -0.000011 0.000004 0.000042 -0.453244 0.891386
1741159940.352674 2.274292 -1.881393 -0.000016 -0.000103 -0.000090 -0.453263 0.891377
1741159940.402634 2.274292 -1.881393 -0.000016 -0.000103 -0.000090 -0.453263 0.891377
1741159940.452636 2.274296 -1.881382 -0.000011 0.000004 0.000042 -0.453282 0.891367
1741159940.502636 2.274296 -1.881382 -0.000011 0.000004 0.000042 -0.453282 0.891367
1741159940.552619 2.274300 -1.881372 -0.000016 -0.000103 -0.000090 -0.453300 0.891358
1741159940.602636 2.274300 -1.881372 -0.000016 -0.000103 -0.000090 -0.453300 0.891358
1741159940.652620 2.274305 -1.881361 -0.000016 -0.000103 -0.000090 -0.453319 0.891348
1741159940.702663 2.274305 -1.881361 -0.000016 -0.000103 -0.000090 -0.453319 0.891348
1741159940.752626 2.274309 -1.881351 -0.000016 -0.000103 -0.000090 -0.453337 0.891339
1741159940.802610 2.274309 -1.881351 -0.000016 -0.000103 -0.000090 -0.453337 0.891339
1741159940.852621 2.274313 -1.881340 -0.000016 -0.000103 -0.000090 -0.453356 0.891330
1741159940.902618 2.274313 -1.881340 -0.000016 -0.000103 -0.000090 -0.453356 0.891330
1741159940.952634 2.274317 -1.881329 -0.000011 0.000004 0.000042 -0.453374 0.891320
1741159941.002652 2.274317 -1.881329 -0.000011 0.000004 0.000042 -0.453374 0.891320
1741159941.052625 2.274322 -1.881319 -0.000016 -0.000103 -0.000090 -0.453393 0.891311
1741159941.102666 2.274322 -1.881319 -0.000016 -0.000103 -0.000090 -0.453393 0.891311
1741159941.152637 2.274326 -1.881309 -0.000016 -0.000103 -0.000090 -0.453411 0.891301
1741159941.202682 2.274326 -1.881309 -0.000016 -0.000103 -0.000090 -0.453411 0.891301
1741159941.252663 2.274330 -1.881298 -0.000016 -0.000103 -0.000090 -0.453430 0.891292
1741159941.302698 2.274330 -1.881298 -0.000016 -0.000103 -0.000090 -0.453430 0.891292
1741159941.352622 2.274334 -1.881287 -0.000011 0.000004 0.000042 -0.453448 0.891283
1741159941.402624 2.274334 -1.881287 -0.000011 0.000004 0.000042 -0.453448 0.891283
1741159941.452640 2.274339 -1.881276 -0.000011 0.000004 0.000042 -0.453467 0.891273
1741159941.502637 2.274339 -1.881276 -0.000011 0.000004 0.000042 -0.453467 0.891273
1741159941.552632 2.274343 -1.881266 -0.000016 -0.000103 -0.000089 -0.453485 0.891264
1741159941.602635 2.274343 -1.881266 -0.000016 -0.000103 -0.000089 -0.453485 0.891264
1741159941.652633 2.274347 -1.881256 -0.000016 -0.000103 -0.000089 -0.453504 0.891254
1741159941.702642 2.274347 -1.881256 -0.000016 -0.000103 -0.000089 -0.453504 0.891254
1741159941.752622 2.274351 -1.881245 -0.000016 -0.000103 -0.000089 -0.453522 0.891245
1741159941.802615 2.274351 -1.881245 -0.000016 -0.000103 -0.000089 -0.453522 0.891245
1741159941.852637 2.274356 -1.881235 -0.000016 -0.000103 -0.000089 -0.453541 0.891235
1741159941.902618 2.274356 -1.881235 -0.000016 -0.000103 -0.000089 -0.453541 0.891235
1741159941.952617 2.274360 -1.881224 -0.000016 -0.000103 -0.000089 -0.453560 0.891226
1741159942.002614 2.274360 -1.881224 -0.000016 -0.000103 -0.000089 -0.453560 0.891226
1741159942.052633 2.274364 -1.881214 -0.000016 -0.000103 -0.000089 -0.453578 0.891216
1741159942.102666 2.274364 -1.881214 -0.000016 -0.000103 -0.000089 -0.453578 0.891216
1741159942.152642 2.274368 -1.881203 -0.000016 -0.000103 -0.000089 -0.453597 0.891207
1741159942.202668 2.274368 -1.881203 -0.000016 -0.000103 -0.000089 -0.453597 0.891207
1741159942.252629 2.274373 -1.881193 -0.000016 -0.000103 -0.000089 -0.453615 0.891198
1741159942.302671 2.274373 -1.881193 -0.000016 -0.000103 -0.000089 -0.453615 0.891198
1741159942.352616 2.274377 -1.881182 -0.000016 -0.000103 -0.000089 -0.453634 0.891188
1741159942.402619 2.274377 -1.881182 -0.000016 -0.000103 -0.000089 -0.453634 0.891188
1741159942.452631 2.274381 -1.881172 -0.000016 -0.000103 -0.000089 -0.453653 0.891179
1741159942.502596 2.274381 -1.881172 -0.000016 -0.000103 -0.000089 -0.453653 0.891179
1741159942.552667 2.274385 -1.881161 -0.000016 -0.000103 -0.000089 -0.453671 0.891169
1741159942.602636 2.274385 -1.881161 -0.000016 -0.000103 -0.000089 -0.453671 0.891169
1741159942.652666 2.274390 -1.881150 -0.000011 0.000004 0.000042 -0.453690 0.891160
1741159942.702656 2.274390 -1.881150 -0.000011 0.000004 0.000042 -0.453690 0.891160
1741159942.752643 2.274394 -1.881139 -0.000011 0.000004 0.000042 -0.453709 0.891150
1741159942.802642 2.274394 -1.881139 -0.000011 0.000004 0.000042 -0.453709 0.891150
1741159942.852669 2.274398 -1.881130 -0.000016 -0.000103 -0.000089 -0.453727 0.891141
1741159942.902654 2.274398 -1.881130 -0.000016 -0.000103 -0.000089 -0.453727 0.891141
1741159942.952652 2.274402 -1.881119 -0.000016 -0.000103 -0.000089 -0.453746 0.891131
1741159943.002675 2.274402 -1.881119 -0.000016 -0.000103 -0.000089 -0.453746 0.891131
1741159943.052636 2.274407 -1.881108 -0.000011 0.000004 0.000042 -0.453764 0.891122
1741159943.102634 2.274407 -1.881108 -0.000011 0.000004 0.000042 -0.453764 0.891122
1741159943.152629 2.274411 -1.881097 -0.000011 0.000004 0.000042 -0.453783 0.891112
1741159943.202633 2.274411 -1.881097 -0.000011 0.000004 0.000042 -0.453783 0.891112
1741159943.252644 2.274415 -1.881087 -0.000016 -0.000103 -0.000089 -0.453802 0.891103
1741159943.302624 2.274415 -1.881087 -0.000016 -0.000103 -0.000089 -0.453802 0.891103
1741159943.352635 2.274420 -1.881076 -0.000011 0.000004 0.000042 -0.453820 0.891093
1741159943.402625 2.274420 -1.881076 -0.000011 0.000004 0.000042 -0.453820 0.891093
1741159943.452628 2.274424 -1.881066 -0.000016 -0.000103 -0.000089 -0.453839 0.891084
1741159943.502634 2.274424 -1.881066 -0.000016 -0.000103 -0.000089 -0.453839 0.891084
1741159943.552637 2.274428 -1.881056 -0.000016 -0.000103 -0.000089 -0.453858 0.891074
1741159943.602685 2.274428 -1.881056 -0.000016 -0.000103 -0.000089 -0.453858 0.891074
1741159943.652614 2.274433 -1.881045 -0.000016 -0.000103 -0.000089 -0.453876 0.891065
1741159943.702635 2.274433 -1.881045 -0.000016 -0.000103 -0.000089 -0.453876 0.891065
1741159943.752648 2.274437 -1.881034 -0.000011 0.000004 0.000042 -0.453895 0.891055
1741159943.802646 2.274437 -1.881034 -0.000011 0.000004 0.000042 -0.453895 0.891055
1741159943.852616 2.274441 -1.881024 -0.000016 -0.000103 -0.000089 -0.453914 0.891046
1741159943.902621 2.274441 -1.881024 -0.000016 -0.000103 -0.000089 -0.453914 0.891046
1741159943.952619 2.274445 -1.881013 -0.000011 0.000004 0.000042 -0.453932 0.891036
1741159944.002645 2.274445 -1.881013 -0.000011 0.000004 0.000042 -0.453932 0.891036
1741159944.052624 2.274450 -1.881003 -0.000016 -0.000103 -0.000089 -0.453952 0.891026
1741159944.102636 2.274450 -1.881003 -0.000016 -0.000103 -0.000089 -0.453952 0.891026
1741159944.152646 2.274454 -1.880992 -0.000011 0.000004 0.000042 -0.453970 0.891017
1741159944.202614 2.274454 -1.880992 -0.000011 0.000004 0.000042 -0.453970 0.891017
1741159944.252630 2.274458 -1.880981 -0.000011 0.000004 0.000042 -0.453989 0.891007
1741159944.302617 2.274458 -1.880981 -0.000011 0.000004 0.000042 -0.453989 0.891007
1741159944.352609 2.274463 -1.880971 -0.000016 -0.000103 -0.000089 -0.454008 0.890998
1741159944.402611 2.274463 -1.880971 -0.000016 -0.000103 -0.000089 -0.454008 0.890998
1741159944.452628 2.274467 -1.880961 -0.000016 -0.000103 -0.000089 -0.454026 0.890988
1741159944.502624 2.274467 -1.880961 -0.000016 -0.000103 -0.000089 -0.454026 0.890988
1741159944.552608 2.274471 -1.880950 -0.000011 0.000004 0.000042 -0.454045 0.890979
1741159944.602633 2.274471 -1.880950 -0.000011 0.000004 0.000042 -0.454045 0.890979
1741159944.652615 2.274476 -1.880940 -0.000016 -0.000103 -0.000089 -0.454064 0.890969
1741159944.702622 2.274476 -1.880940 -0.000016 -0.000103 -0.000089 -0.454064 0.890969
1741159944.752638 2.274480 -1.880929 -0.000016 -0.000103 -0.000089 -0.454083 0.890960
1741159944.802627 2.274480 -1.880929 -0.000016 -0.000103 -0.000089 -0.454083 0.890960
1741159944.852622 2.274206 -1.881609 -0.000011 0.000004 0.000042 -0.457340 0.889292
1741159944.902637 2.274206 -1.881609 -0.000011 0.000004 0.000042 -0.457340 0.889292
1741159944.952628 2.274211 -1.881598 -0.000011 0.000004 0.000042 -0.457359 0.889282
1741159945.002630 2.274211 -1.881598 -0.000011 0.000004 0.000042 -0.457359 0.889282
1741159945.052634 2.274216 -1.881587 -0.000011 0.000004 0.000042 -0.457379 0.889272
1741159945.102612 2.274216 -1.881587 -0.000011 0.000004 0.000042 -0.457379 0.889272
1741159945.152631 2.274220 -1.881576 -0.000011 0.000004 0.000042 -0.457399 0.889261
1741159945.202624 2.274220 -1.881576 -0.000011 0.000004 0.000042 -0.457399 0.889261
1741159945.252673 2.274225 -1.881566 -0.000016 -0.000103 -0.000089 -0.457420 0.889251
1741159945.302645 2.274225 -1.881566 -0.000016 -0.000103 -0.000089 -0.457420 0.889251
1741159945.352623 2.274230 -1.881555 -0.000016 -0.000103 -0.000089 -0.457440 0.889241
1741159945.402635 2.274230 -1.881555 -0.000016 -0.000103 -0.000089 -0.457440 0.889241
1741159945.452620 2.274235 -1.881543 -0.000011 0.000004 0.000042 -0.457459 0.889230
1741159945.502622 2.274235 -1.881543 -0.000011 0.000004 0.000042 -0.457459 0.889230
1741159945.552629 2.274240 -1.881533 -0.000016 -0.000103 -0.000089 -0.457480 0.889220
1741159945.602618 2.274240 -1.881533 -0.000016 -0.000103 -0.000089 -0.457480 0.889220
1741159945.652625 2.274244 -1.881522 -0.000011 0.000004 0.000042 -0.457500 0.889210
1741159945.702620 2.274244 -1.881522 -0.000011 0.000004 0.000042 -0.457500 0.889210
1741159945.752650 2.274249 -1.881511 -0.000016 -0.000103 -0.000089 -0.457520 0.889199
1741159945.802619 2.274249 -1.881511 -0.000016 -0.000103 -0.000089 -0.457520 0.889199
1741159945.852635 2.274254 -1.881501 -0.000016 -0.000103 -0.000089 -0.457540 0.889189
1741159945.902623 2.274254 -1.881501 -0.000016 -0.000103 -0.000089 -0.457540 0.889189
1741159945.952616 2.274259 -1.881490 -0.000016 -0.000103 -0.000089 -0.457560 0.889179
1741159946.002634 2.274259 -1.881490 -0.000016 -0.000103 -0.000089 -0.457560 0.889179
1741159946.052632 2.274263 -1.881479 -0.000016 -0.000103 -0.000089 -0.457580 0.889168
1741159946.102642 2.274263 -1.881479 -0.000016 -0.000103 -0.000089 -0.457580 0.889168
1741159946.152620 2.274268 -1.881468 -0.000011 0.000004 0.000042 -0.457600 0.889158
1741159946.202642 2.274268 -1.881468 -0.000011 0.000004 0.000042 -0.457600 0.889158
1741159946.252620 2.280024 -1.889741 -0.000016 -0.000103 -0.000089 -0.457349 0.889288
1741159946.302644 2.280024 -1.889741 -0.000016 -0.000103 -0.000089 -0.457349 0.889288
1741159946.352632 2.285841 -1.897874 -0.000011 0.000004 0.000042 -0.457350 0.889287
1741159946.402638 2.285841 -1.897874 -0.000011 0.000004 0.000042 -0.457350 0.889287
1741159946.452591 2.291658 -1.906007 -0.000011 0.000004 0.000042 -0.457352 0.889285
1741159946.502668 2.291658 -1.906007 -0.000011 0.000004 0.000042 -0.457352 0.889285
1741159946.552640 2.297476 -1.914140 -0.000011 0.000004 0.000042 -0.457354 0.889284
1741159946.602632 2.297476 -1.914140 -0.000011 0.000004 0.000042 -0.457354 0.889284
1741159946.652689 2.297480 -1.914129 -0.000011 0.000004 0.000042 -0.457374 0.889274
1741159946.702615 2.297480 -1.914129 -0.000011 0.000004 0.000042 -0.457374 0.889274
1741159946.752643 2.303293 -1.922273 -0.000016 -0.000103 -0.000089 -0.457353 0.889285
1741159946.802622 2.303293 -1.922273 -0.000016 -0.000103 -0.000089 -0.457353 0.889285
1741159946.852619 2.309110 -1.930406 -0.000011 0.000004 0.000042 -0.457358 0.889283
1741159946.902617 2.309110 -1.930406 -0.000011 0.000004 0.000042 -0.457358 0.889283
1741159946.952628 2.314927 -1.938540 -0.000011 0.000004 0.000042 -0.457353 0.889285
1741159947.002648 2.314927 -1.938540 -0.000011 0.000004 0.000042 -0.457353 0.889285
1741159947.052618 2.326557 -1.954818 -0.000007 -0.000054 -0.000027 -0.457337 0.889293
1741159947.102643 2.326557 -1.954818 -0.000007 -0.000054 -0.000027 -0.457337 0.889293
1741159947.152634 2.332374 -1.962951 -0.000011 0.000004 0.000042 -0.457339 0.889292
1741159947.202646 2.332374 -1.962951 -0.000011 0.000004 0.000042 -0.457339 0.889292
1741159947.252631 2.332379 -1.962940 -0.000016 -0.000103 -0.000089 -0.457359 0.889282
1741159947.302621 2.332379 -1.962940 -0.000016 -0.000103 -0.000089 -0.457359 0.889282
1741159947.352617 2.338193 -1.971082 -0.000016 -0.000103 -0.000089 -0.457346 0.889289
1741159947.402647 2.338193 -1.971082 -0.000016 -0.000103 -0.000089 -0.457346 0.889289
1741159947.452619 2.344010 -1.979213 -0.000011 0.000004 0.000042 -0.457354 0.889285
1741159947.502618 2.344010 -1.979213 -0.000011 0.000004 0.000042 -0.457354 0.889285
1741159947.552620 2.349827 -1.987347 -0.000011 0.000004 0.000042 -0.457355 0.889284
1741159947.602633 2.349827 -1.987347 -0.000011 0.000004 0.000042 -0.457355 0.889284
1741159947.652636 2.355645 -1.995480 -0.000016 -0.000103 -0.000089 -0.457357 0.889283
1741159947.702631 2.355645 -1.995480 -0.000016 -0.000103 -0.000089 -0.457357 0.889283
1741159947.752616 2.361462 -2.003613 -0.000016 -0.000103 -0.000089 -0.457355 0.889284
1741159947.802619 2.361462 -2.003613 -0.000016 -0.000103 -0.000089 -0.457355 0.889284
1741159947.852623 2.367276 -2.011754 -0.000011 0.000004 0.000042 -0.457347 0.889288
1741159947.902636 2.367276 -2.011754 -0.000011 0.000004 0.000042 -0.457347 0.889288
1741159947.952629 2.367281 -2.011743 -0.000011 0.000004 0.000042 -0.457367 0.889278
1741159948.002624 2.367281 -2.011743 -0.000011 0.000004 0.000042 -0.457367 0.889278
1741159948.052623 2.367285 -2.011732 -0.000016 -0.000103 -0.000089 -0.457387 0.889268
1741159948.102615 2.367285 -2.011732 -0.000016 -0.000103 -0.000089 -0.457387 0.889268
1741159948.152612 2.367290 -2.011721 -0.000016 -0.000103 -0.000089 -0.457407 0.889257
1741159948.202613 2.367290 -2.011721 -0.000016 -0.000103 -0.000089 -0.457407 0.889257
1741159948.252614 2.367295 -2.011710 -0.000016 -0.000103 -0.000089 -0.457427 0.889247
1741159948.302612 2.367295 -2.011710 -0.000016 -0.000103 -0.000089 -0.457427 0.889247
1741159948.352614 2.367300 -2.011699 -0.000011 0.000004 0.000042 -0.457447 0.889237
1741159948.402623 2.367300 -2.011699 -0.000011 0.000004 0.000042 -0.457447 0.889237
1741159948.452624 2.367305 -2.011688 -0.000011 0.000004 0.000042 -0.457467 0.889227
1741159948.502619 2.367305 -2.011688 -0.000011 0.000004 0.000042 -0.457467 0.889227
1741159948.552612 2.367309 -2.011678 -0.000016 -0.000103 -0.000089 -0.457488 0.889216
1741159948.602623 2.367309 -2.011678 -0.000016 -0.000103 -0.000089 -0.457488 0.889216
1741159948.652594 2.367314 -2.011666 -0.000011 0.000004 0.000042 -0.457507 0.889206
1741159948.702617 2.367314 -2.011666 -0.000011 0.000004 0.000042 -0.457507 0.889206
1741159948.752617 2.367319 -2.011656 -0.000011 0.000004 0.000042 -0.457527 0.889196
1741159948.802623 2.367319 -2.011656 -0.000011 0.000004 0.000042 -0.457527 0.889196
1741159948.852619 2.367324 -2.011645 -0.000011 0.000004 0.000042 -0.457547 0.889185
1741159948.902617 2.367324 -2.011645 -0.000011 0.000004 0.000042 -0.457547 0.889185
1741159948.952625 2.367328 -2.011634 -0.000011 0.000004 0.000042 -0.457567 0.889175
1741159949.002646 2.367328 -2.011634 -0.000011 0.000004 0.000042 -0.457567 0.889175
1741159949.052633 2.378909 -2.028024 -0.000016 -0.000104 -0.000090 -0.457344 0.889290
1741159949.102635 2.378909 -2.028024 -0.000016 -0.000104 -0.000090 -0.457344 0.889290
1741159949.152619 2.384726 -2.036157 -0.000011 0.000004 0.000042 -0.457346 0.889289
1741159949.202615 2.384726 -2.036157 -0.000011 0.000004 0.000042 -0.457346 0.889289
1741159949.252634 2.390545 -2.044287 -0.000016 -0.000103 -0.000089 -0.457353 0.889285
1741159949.302623 2.390545 -2.044287 -0.000016 -0.000103 -0.000089 -0.457353 0.889285
1741159949.352645 2.390550 -2.044276 -0.000016 -0.000103 -0.000089 -0.457374 0.889275
1741159949.402622 2.390550 -2.044276 -0.000016 -0.000103 -0.000089 -0.457374 0.889275
1741159949.452610 2.402176 -2.060562 0.000000 0.000000 0.000000 -0.457338 0.889293
1741159949.502659 2.402176 -2.060562 0.000000 0.000000 0.000000 -0.457338 0.889293
1741159949.552616 2.407993 -2.068695 -0.000011 0.000004 0.000042 -0.457343 0.889290
1741159949.602613 2.407993 -2.068695 -0.000011 0.000004 0.000042 -0.457343 0.889290
1741159949.652628 2.413810 -2.076828 -0.000016 -0.000104 -0.000089 -0.457345 0.889289
1741159949.702615 2.413810 -2.076828 -0.000016 -0.000104 -0.000089 -0.457345 0.889289
1741159949.752631 2.419627 -2.084962 -0.000016 -0.000103 -0.000089 -0.457342 0.889291
1741159949.802613 2.419627 -2.084962 -0.000016 -0.000103 -0.000089 -0.457342 0.889291
1741159949.852630 2.419632 -2.084951 -0.000011 0.000004 0.000042 -0.457362 0.889281
1741159949.902668 2.419632 -2.084951 -0.000011 0.000004 0.000042 -0.457362 0.889281
1741159949.952634 2.425446 -2.093091 -0.000011 0.000004 0.000042 -0.457354 0.889285
1741159950.002640 2.425446 -2.093091 -0.000011 0.000004 0.000042 -0.457354 0.889285
1741159950.052631 2.431263 -2.101224 -0.000016 -0.000103 -0.000089 -0.457357 0.889283
1741159950.102669 2.431263 -2.101224 -0.000016 -0.000103 -0.000089 -0.457357 0.889283
1741159950.152636 2.437081 -2.109357 -0.000011 0.000004 0.000042 -0.457354 0.889285
1741159950.202636 2.437081 -2.109357 -0.000011 0.000004 0.000042 -0.457354 0.889285
1741159950.252623 2.448711 -2.125635 0.000000 0.000000 0.000000 -0.457338 0.889293
1741159950.302635 2.448711 -2.125635 0.000000 0.000000 0.000000 -0.457338 0.889293
1741159950.352636 2.454527 -2.133769 -0.000011 -0.000072 -0.000062 -0.457338 0.889293
1741159950.402617 2.454527 -2.133769 -0.000011 -0.000072 -0.000062 -0.457338 0.889293
1741159950.452617 2.454532 -2.133758 -0.000016 -0.000103 -0.000089 -0.457358 0.889283
1741159950.502633 2.454532 -2.133758 -0.000016 -0.000103 -0.000089 -0.457358 0.889283
1741159950.552629 2.460346 -2.141898 -0.000016 -0.000103 -0.000089 -0.457353 0.889285
1741159950.602632 2.460346 -2.141898 -0.000016 -0.000103 -0.000089 -0.457353 0.889285
1741159950.652643 2.466164 -2.150031 -0.000016 -0.000103 -0.000089 -0.457354 0.889285
1741159950.702635 2.466164 -2.150031 -0.000016 -0.000103 -0.000089 -0.457354 0.889285
1741159950.752636 2.471981 -2.158164 -0.000016 -0.000103 -0.000089 -0.457356 0.889284
1741159950.802616 2.471981 -2.158164 -0.000016 -0.000103 -0.000089 -0.457356 0.889284
1741159950.852634 2.477798 -2.166297 -0.000016 -0.000103 -0.000089 -0.457359 0.889282
1741159950.902623 2.477798 -2.166297 -0.000016 -0.000103 -0.000089 -0.457359 0.889282
1741159950.952614 2.483616 -2.174431 -0.000016 -0.000103 -0.000089 -0.457355 0.889284
1741159951.002623 2.483616 -2.174431 -0.000016 -0.000103 -0.000089 -0.457355 0.889284
1741159951.052619 2.489429 -2.182573 -0.000016 -0.000105 -0.000090 -0.457344 0.889290
1741159951.102644 2.489429 -2.182573 -0.000016 -0.000105 -0.000090 -0.457344 0.889290
1741159951.152625 2.495246 -2.190706 -0.000011 0.000004 0.000042 -0.457341 0.889292
1741159951.202618 2.495246 -2.190706 -0.000011 0.000004 0.000042 -0.457341 0.889292
1741159951.252633 2.501063 -2.198839 -0.000016 -0.000103 -0.000089 -0.457349 0.889288
1741159951.302651 2.501063 -2.198839 -0.000016 -0.000103 -0.000089 -0.457349 0.889288
1741159951.352636 2.506881 -2.206972 -0.000016 -0.000103 -0.000089 -0.457350 0.889287
1741159951.402622 2.506881 -2.206972 -0.000016 -0.000103 -0.000089 -0.457350 0.889287
1741159951.452629 2.512698 -2.215106 -0.000016 -0.000103 -0.000089 -0.457347 0.889288
1741159951.502674 2.512698 -2.215106 -0.000016 -0.000103 -0.000089 -0.457347 0.889288
1741159951.552631 2.518515 -2.223239 -0.000016 -0.000103 -0.000089 -0.457349 0.889287
1741159951.602613 2.518515 -2.223239 -0.000016 -0.000103 -0.000089 -0.457349 0.889287
1741159951.652632 2.518520 -2.223228 -0.000016 -0.000103 -0.000089 -0.457369 0.889277
1741159951.702624 2.518520 -2.223228 -0.000016 -0.000103 -0.000089 -0.457369 0.889277
1741159951.752616 2.524333 -2.231371 -0.000016 -0.000103 -0.000089 -0.457358 0.889283
1741159951.802634 2.524333 -2.231371 -0.000016 -0.000103 -0.000089 -0.457358 0.889283
1741159951.852634 2.524338 -2.231360 -0.000016 -0.000103 -0.000089 -0.457378 0.889272
1741159951.902614 2.524338 -2.231360 -0.000016 -0.000103 -0.000089 -0.457378 0.889272
1741159951.952626 2.524342 -2.231348 -0.000011 0.000004 0.000042 -0.457397 0.889262
1741159952.002649 2.524342 -2.231348 -0.000011 0.000004 0.000042 -0.457397 0.889262
1741159952.052649 2.524347 -2.231337 -0.000011 0.000004 0.000042 -0.457417 0.889252
1741159952.102611 2.524347 -2.231337 -0.000011 0.000004 0.000042 -0.457417 0.889252
1741159952.152644 2.524352 -2.231327 -0.000016 -0.000103 -0.000089 -0.457437 0.889242
1741159952.202633 2.524352 -2.231327 -0.000016 -0.000103 -0.000089 -0.457437 0.889242
1741159952.252631 2.524357 -2.231315 -0.000011 0.000004 0.000042 -0.457457 0.889232
1741159952.302622 2.524357 -2.231315 -0.000011 0.000004 0.000042 -0.457457 0.889232
1741159952.352661 2.530146 -2.239512 -0.000011 0.000004 0.000042 -0.457343 0.889290
1741159952.402664 2.530146 -2.239512 -0.000011 0.000004 0.000042 -0.457343 0.889290
1741159952.452658 2.535964 -2.247645 -0.000011 0.000004 0.000042 -0.457345 0.889289
1741159952.502666 2.535964 -2.247645 -0.000011 0.000004 0.000042 -0.457345 0.889289
1741159952.552630 2.541781 -2.255779 -0.000011 0.000004 0.000042 -0.457342 0.889291
1741159952.602632 2.541781 -2.255779 -0.000011 0.000004 0.000042 -0.457342 0.889291
1741159952.652666 2.547598 -2.263912 -0.000016 -0.000103 -0.000089 -0.457349 0.889288
1741159952.702631 2.547598 -2.263912 -0.000016 -0.000103 -0.000089 -0.457349 0.889288
1741159952.752663 2.553415 -2.272045 -0.000011 0.000004 0.000042 -0.457350 0.889287
1741159952.802637 2.553415 -2.272045 -0.000011 0.000004 0.000042 -0.457350 0.889287
1741159952.852619 2.553420 -2.272034 -0.000016 -0.000103 -0.000089 -0.457371 0.889276
1741159952.902615 2.553420 -2.272034 -0.000016 -0.000103 -0.000089 -0.457371 0.889276
1741159952.952646 2.553425 -2.272023 -0.000016 -0.000103 -0.000089 -0.457391 0.889266
1741159953.002624 2.553425 -2.272023 -0.000016 -0.000103 -0.000089 -0.457391 0.889266
1741159953.052651 2.553430 -2.272012 -0.000016 -0.000103 -0.000089 -0.457411 0.889256
1741159953.102615 2.553430 -2.272012 -0.000016 -0.000103 -0.000089 -0.457411 0.889256
1741159953.152636 2.553434 -2.272001 -0.000011 0.000004 0.000042 -0.457431 0.889245
1741159953.202617 2.553434 -2.272001 -0.000011 0.000004 0.000042 -0.457431 0.889245
1741159953.252619 2.553439 -2.271991 -0.000016 -0.000103 -0.000089 -0.457451 0.889235
1741159953.302612 2.553439 -2.271991 -0.000016 -0.000103 -0.000089 -0.457451 0.889235
1741159953.352612 2.553444 -2.271980 -0.000016 -0.000103 -0.000089 -0.457471 0.889225
1741159953.402614 2.553444 -2.271980 -0.000016 -0.000103 -0.000089 -0.457471 0.889225
1741159953.452629 2.553449 -2.271969 -0.000016 -0.000103 -0.000089 -0.457491 0.889214
1741159953.502615 2.553449 -2.271969 -0.000016 -0.000103 -0.000089 -0.457491 0.889214
1741159953.552627 2.553454 -2.271957 -0.000011 0.000004 0.000042 -0.457511 0.889204
1741159953.602626 2.553454 -2.271957 -0.000011 0.000004 0.000042 -0.457511 0.889204
1741159953.652628 2.559233 -2.280178 -0.000016 -0.000103 -0.000089 -0.457349 0.889287
1741159953.702615 2.559233 -2.280178 -0.000016 -0.000103 -0.000089 -0.457349 0.889287
1741159953.752624 2.565050 -2.288310 -0.000011 0.000004 0.000042 -0.457356 0.889284
1741159953.802625 2.565050 -2.288310 -0.000011 0.000004 0.000042 -0.457356 0.889284
1741159953.852616 2.570868 -2.296444 -0.000016 -0.000103 -0.000089 -0.457358 0.889283
1741159953.902612 2.570868 -2.296444 -0.000016 -0.000103 -0.000089 -0.457358 0.889283
1741159953.952624 2.576685 -2.304577 -0.000016 -0.000103 -0.000089 -0.457360 0.889282
1741159954.002628 2.576685 -2.304577 -0.000016 -0.000103 -0.000089 -0.457360 0.889282
1741159954.052626 2.576690 -2.304565 -0.000011 0.000004 0.000042 -0.457380 0.889271
1741159954.102621 2.576690 -2.304565 -0.000011 0.000004 0.000042 -0.457380 0.889271
1741159954.152613 2.576694 -2.304554 -0.000011 0.000004 0.000042 -0.457400 0.889261
1741159954.202616 2.576694 -2.304554 -0.000011 0.000004 0.000042 -0.457400 0.889261
1741159954.252616 2.582499 -2.312716 -0.000011 0.000004 0.000042 -0.457349 0.889287
1741159954.302615 2.582499 -2.312716 -0.000011 0.000004 0.000042 -0.457349 0.889287
1741159954.352614 2.582504 -2.312705 -0.000011 0.000004 0.000042 -0.457369 0.889277
1741159954.402612 2.582504 -2.312705 -0.000011 0.000004 0.000042 -0.457369 0.889277
1741159954.452615 2.582509 -2.312694 -0.000011 0.000004 0.000042 -0.457389 0.889267
1741159954.502620 2.582509 -2.312694 -0.000011 0.000004 0.000042 -0.457389 0.889267
1741159954.552617 2.582514 -2.312684 -0.000016 -0.000103 -0.000089 -0.457410 0.889256
1741159954.602614 2.582514 -2.312684 -0.000016 -0.000103 -0.000089 -0.457410 0.889256
1741159954.652625 2.582518 -2.312672 -0.000011 0.000004 0.000042 -0.457429 0.889246
1741159954.702638 2.582518 -2.312672 -0.000011 0.000004 0.000042 -0.457429 0.889246
1741159954.752612 2.582523 -2.312662 -0.000016 -0.000103 -0.000089 -0.457450 0.889235
1741159954.802617 2.582523 -2.312662 -0.000016 -0.000103 -0.000089 -0.457450 0.889235
1741159954.852624 2.582528 -2.312651 -0.000016 -0.000103 -0.000089 -0.457470 0.889225
1741159954.902601 2.582528 -2.312651 -0.000016 -0.000103 -0.000089 -0.457470 0.889225
1741159954.952640 2.582533 -2.312640 -0.000016 -0.000103 -0.000089 -0.457490 0.889215
1741159955.002650 2.582533 -2.312640 -0.000016 -0.000103 -0.000089 -0.457490 0.889215
1741159955.052615 2.582537 -2.312629 -0.000011 0.000004 0.000042 -0.457510 0.889205
1741159955.102647 2.582537 -2.312629 -0.000011 0.000004 0.000042 -0.457510 0.889205
1741159955.152624 2.582542 -2.312618 -0.000016 -0.000103 -0.000089 -0.457530 0.889194
1741159955.202663 2.582542 -2.312618 -0.000016 -0.000103 -0.000089 -0.457530 0.889194
1741159955.252641 2.582547 -2.312607 -0.000011 0.000004 0.000042 -0.457550 0.889184
1741159955.302664 2.582547 -2.312607 -0.000011 0.000004 0.000042 -0.457550 0.889184
1741159955.352643 2.582552 -2.312597 -0.000016 -0.000103 -0.000089 -0.457570 0.889173
1741159955.402623 2.582552 -2.312597 -0.000016 -0.000103 -0.000089 -0.457570 0.889173
1741159955.452628 2.582557 -2.312586 -0.000016 -0.000103 -0.000089 -0.457590 0.889163
1741159955.502616 2.582557 -2.312586 -0.000016 -0.000103 -0.000089 -0.457590 0.889163
1741159955.552623 2.588317 -2.320849 -0.000011 0.000004 0.000042 -0.457351 0.889286
1741159955.602620 2.588317 -2.320849 -0.000011 0.000004 0.000042 -0.457351 0.889286
1741159955.652621 2.588321 -2.320839 -0.000016 -0.000103 -0.000089 -0.457372 0.889276
1741159955.702622 2.588321 -2.320839 -0.000016 -0.000103 -0.000089 -0.457372 0.889276
1741159955.752617 2.588326 -2.320827 -0.000011 0.000004 0.000042 -0.457391 0.889266
1741159955.802633 2.588326 -2.320827 -0.000011 0.000004 0.000042 -0.457391 0.889266
1741159955.852612 2.588331 -2.320816 -0.000011 0.000004 0.000042 -0.457411 0.889255
1741159955.902613 2.588331 -2.320816 -0.000011 0.000004 0.000042 -0.457411 0.889255
1741159955.952618 2.588336 -2.320806 -0.000016 -0.000103 -0.000089 -0.457432 0.889245
1741159956.002625 2.588336 -2.320806 -0.000016 -0.000103 -0.000089 -0.457432 0.889245
1741159956.052621 2.588340 -2.320794 -0.000011 0.000004 0.000042 -0.457451 0.889235
1741159956.102620 2.588340 -2.320794 -0.000011 0.000004 0.000042 -0.457451 0.889235
1741159956.152624 2.594135 -2.328979 -0.000016 -0.000103 -0.000089 -0.457360 0.889282
1741159956.202610 2.594135 -2.328979 -0.000016 -0.000103 -0.000089 -0.457360 0.889282
1741159956.252635 2.594140 -2.328968 -0.000016 -0.000103 -0.000089 -0.457380 0.889271
1741159956.302612 2.594140 -2.328968 -0.000016 -0.000103 -0.000089 -0.457380 0.889271
1741159956.352614 2.594145 -2.328957 -0.000011 0.000004 0.000042 -0.457399 0.889261
1741159956.402615 2.594145 -2.328957 -0.000011 0.000004 0.000042 -0.457399 0.889261
1741159956.452620 2.594150 -2.328946 -0.000011 0.000004 0.000042 -0.457419 0.889251
1741159956.502625 2.594150 -2.328946 -0.000011 0.000004 0.000042 -0.457419 0.889251
1741159956.552622 2.594154 -2.328935 -0.000011 0.000004 0.000042 -0.457440 0.889241
1741159956.602622 2.594154 -2.328935 -0.000011 0.000004 0.000042 -0.457440 0.889241
1741159956.652614 2.594159 -2.328924 -0.000011 0.000004 0.000042 -0.457459 0.889231
1741159956.702620 2.594159 -2.328924 -0.000011 0.000004 0.000042 -0.457459 0.889231
1741159956.752633 2.594164 -2.328914 -0.000016 -0.000103 -0.000089 -0.457480 0.889220
1741159956.802613 2.594164 -2.328914 -0.000016 -0.000103 -0.000089 -0.457480 0.889220
1741159956.852642 2.594169 -2.328903 -0.000011 0.000004 0.000042 -0.457499 0.889210
1741159956.902646 2.594169 -2.328903 -0.000011 0.000004 0.000042 -0.457499 0.889210
1741159956.952636 2.594173 -2.328892 -0.000011 0.000004 0.000042 -0.457520 0.889200
1741159957.002609 2.594173 -2.328892 -0.000011 0.000004 0.000042 -0.457520 0.889200
1741159957.052634 2.594178 -2.328881 -0.000016 -0.000103 -0.000089 -0.457540 0.889189
1741159957.102638 2.594178 -2.328881 -0.000016 -0.000103 -0.000089 -0.457540 0.889189
1741159957.152629 2.594183 -2.328870 -0.000016 -0.000103 -0.000089 -0.457560 0.889179
1741159957.202634 2.594183 -2.328870 -0.000016 -0.000103 -0.000089 -0.457560 0.889179
1741159957.252617 2.594188 -2.328860 -0.000016 -0.000103 -0.000089 -0.457580 0.889168
1741159957.302638 2.594188 -2.328860 -0.000016 -0.000103 -0.000089 -0.457580 0.889168
1741159957.352618 2.594193 -2.328848 -0.000011 0.000004 0.000042 -0.457600 0.889158
1741159957.402628 2.594193 -2.328848 -0.000011 0.000004 0.000042 -0.457600 0.889158
1741159957.452617 2.594197 -2.328838 -0.000016 -0.000103 -0.000089 -0.457621 0.889148
1741159957.502615 2.594197 -2.328838 -0.000016 -0.000103 -0.000089 -0.457621 0.889148
1741159957.552610 2.594202 -2.328827 -0.000016 -0.000103 -0.000089 -0.457641 0.889137
1741159957.602613 2.594202 -2.328827 -0.000016 -0.000103 -0.000089 -0.457641 0.889137
1741159957.652630 2.594207 -2.328816 -0.000011 0.000004 0.000042 -0.457660 0.889127
1741159957.702632 2.594207 -2.328816 -0.000011 0.000004 0.000042 -0.457660 0.889127
1741159957.752581 2.594212 -2.328805 -0.000011 0.000004 0.000042 -0.457680 0.889117
1741159957.802611 2.594212 -2.328805 -0.000011 0.000004 0.000042 -0.457680 0.889117
1741159957.852614 2.594217 -2.328794 -0.000011 0.000004 0.000042 -0.457701 0.889106
1741159957.902624 2.594217 -2.328794 -0.000011 0.000004 0.000042 -0.457701 0.889106
1741159957.952616 2.594221 -2.328784 -0.000011 0.000004 0.000042 -0.457721 0.889096
1741159958.002645 2.594221 -2.328784 -0.000011 0.000004 0.000042 -0.457721 0.889096
1741159958.052629 2.594226 -2.328773 -0.000016 -0.000103 -0.000089 -0.457741 0.889085
1741159958.102665 2.594226 -2.328773 -0.000016 -0.000103 -0.000089 -0.457741 0.889085
1741159958.152613 2.534926 -2.370808 -0.000016 -0.000103 -0.000089 -0.457339 0.889293
1741159958.202622 2.534926 -2.370808 -0.000016 -0.000103 -0.000089 -0.457339 0.889293
1741159958.252625 2.534930 -2.370797 -0.000016 -0.000103 -0.000089 -0.457359 0.889282
1741159958.302620 2.534930 -2.370797 -0.000016 -0.000103 -0.000089 -0.457359 0.889282
1741159958.352623 2.534935 -2.370786 -0.000016 -0.000103 -0.000089 -0.457379 0.889272
1741159958.402614 2.534935 -2.370786 -0.000016 -0.000103 -0.000089 -0.457379 0.889272
1741159958.452623 2.534924 -2.370810 -0.000014 -0.000093 -0.000079 -0.465077 0.885270
1741159958.502617 2.534924 -2.370810 -0.000014 -0.000093 -0.000079 -0.465077 0.885270
1741159958.552623 2.534930 -2.370799 -0.000011 0.000004 0.000041 -0.465100 0.885258
1741159958.602613 2.534930 -2.370799 -0.000011 0.000004 0.000041 -0.465100 0.885258
1741159958.652640 2.534936 -2.370788 -0.000016 -0.000103 -0.000088 -0.465123 0.885246
1741159958.702616 2.534936 -2.370788 -0.000016 -0.000103 -0.000088 -0.465123 0.885246
1741159958.752662 2.534942 -2.370777 -0.000016 -0.000104 -0.000088 -0.465147 0.885234
1741159958.802625 2.534942 -2.370777 -0.000016 -0.000104 -0.000088 -0.465147 0.885234
1741159958.852636 2.534924 -2.370810 -0.000011 -0.000073 -0.000061 -0.472784 0.881178
1741159958.902613 2.534924 -2.370810 -0.000011 -0.000073 -0.000061 -0.472784 0.881178
1741159958.952639 2.534931 -2.370799 -0.000016 -0.000105 -0.000087 -0.472810 0.881164
1741159959.002620 2.534931 -2.370799 -0.000016 -0.000105 -0.000087 -0.472810 0.881164
1741159959.052614 2.534938 -2.370786 -0.000011 0.000005 0.000042 -0.472835 0.881151
1741159959.102615 2.534938 -2.370786 -0.000011 0.000005 0.000042 -0.472835 0.881151
1741159959.152611 2.534924 -2.370810 -0.000009 0.000004 0.000034 -0.480456 0.877019
1741159959.202623 2.534924 -2.370810 -0.000009 0.000004 0.000034 -0.480456 0.877019
1741159959.252628 2.534932 -2.370798 -0.000011 0.000005 0.000042 -0.480483 0.877004
1741159959.302619 2.534932 -2.370798 -0.000011 0.000005 0.000042 -0.480483 0.877004
1741159959.352610 2.534939 -2.370785 -0.000011 0.000005 0.000042 -0.480511 0.876989
1741159959.402613 2.534939 -2.370785 -0.000011 0.000005 0.000042 -0.480511 0.876989
1741159959.452617 2.534924 -2.370810 -0.000014 -0.000096 -0.000077 -0.488091 0.872792
1741159959.502613 2.534924 -2.370810 -0.000014 -0.000096 -0.000077 -0.488091 0.872792
1741159959.552616 2.534933 -2.370797 -0.000016 -0.000108 -0.000087 -0.488121 0.872776
1741159959.602611 2.534933 -2.370797 -0.000016 -0.000108 -0.000087 -0.488121 0.872776
1741159959.652634 2.534941 -2.370784 -0.000016 -0.000108 -0.000087 -0.488149 0.872760
1741159959.702616 2.534941 -2.370784 -0.000016 -0.000108 -0.000087 -0.488149 0.872760
1741159959.752617 2.534924 -2.370810 -0.000005 -0.000001 0.000025 -0.495689 0.868500
1741159959.802616 2.534924 -2.370810 -0.000005 -0.000001 0.000025 -0.495689 0.868500
1741159959.852627 2.534933 -2.370797 -0.000016 -0.000109 -0.000086 -0.495718 0.868484
1741159959.902622 2.534933 -2.370797 -0.000016 -0.000109 -0.000086 -0.495718 0.868484
1741159959.952625 2.534941 -2.370783 -0.000011 0.000006 0.000043 -0.495746 0.868467
1741159960.002630 2.534941 -2.370783 -0.000011 0.000006 0.000043 -0.495746 0.868467
1741159960.052616 2.534950 -2.370770 -0.000011 0.000006 0.000043 -0.495775 0.868451
1741159960.102625 2.534950 -2.370770 -0.000011 0.000006 0.000043 -0.495775 0.868451
1741159960.152623 2.534925 -2.370810 -0.000008 0.000005 0.000033 -0.503249 0.864141
1741159960.202619 2.534925 -2.370810 -0.000008 0.000005 0.000033 -0.503249 0.864141
1741159960.252625 2.534933 -2.370797 -0.000016 -0.000111 -0.000085 -0.503277 0.864125
1741159960.302627 2.534933 -2.370797 -0.000016 -0.000111 -0.000085 -0.503277 0.864125
1741159960.352620 2.534942 -2.370783 -0.000016 -0.000111 -0.000086 -0.503306 0.864108
1741159960.402627 2.534942 -2.370783 -0.000016 -0.000111 -0.000086 -0.503306 0.864108
1741159960.452625 2.534925 -2.370810 -0.000015 -0.000098 -0.000076 -0.510774 0.859715
1741159960.502643 2.534925 -2.370810 -0.000015 -0.000098 -0.000076 -0.510774 0.859715
1741159960.552654 2.534933 -2.370795 -0.000011 0.000007 0.000043 -0.510801 0.859699
1741159960.602617 2.534933 -2.370795 -0.000011 0.000007 0.000043 -0.510801 0.859699
1741159960.652624 2.534942 -2.370782 -0.000016 -0.000112 -0.000085 -0.510828 0.859683
1741159960.702665 2.534942 -2.370782 -0.000016 -0.000112 -0.000085 -0.510828 0.859683
1741159960.752627 2.534925 -2.370810 -0.000014 -0.000098 -0.000073 -0.518257 0.855225
1741159960.802632 2.534925 -2.370810 -0.000014 -0.000098 -0.000073 -0.518257 0.855225
1741159960.852615 2.534933 -2.370795 -0.000011 0.000007 0.000044 -0.518282 0.855210
1741159960.902620 2.534933 -2.370795 -0.000011 0.000007 0.000044 -0.518282 0.855210
1741159960.952615 2.534941 -2.370781 -0.000011 0.000007 0.000044 -0.518308 0.855194
1741159961.002625 2.534941 -2.370781 -0.000011 0.000007 0.000044 -0.518308 0.855194
1741159961.052612 2.534950 -2.370766 -0.000011 0.000007 0.000044 -0.518333 0.855179
1741159961.102613 2.534950 -2.370766 -0.000011 0.000007 0.000044 -0.518333 0.855179
1741159961.152610 2.534925 -2.370810 -0.000008 0.000005 0.000033 -0.525697 0.850672
1741159961.202623 2.534925 -2.370810 -0.000008 0.000005 0.000033 -0.525697 0.850672
1741159961.252617 2.534932 -2.370796 -0.000011 0.000008 0.000044 -0.525720 0.850658
1741159961.302625 2.534932 -2.370796 -0.000011 0.000008 0.000044 -0.525720 0.850658
1741159961.352624 2.534940 -2.370781 -0.000011 0.000008 0.000044 -0.525743 0.850643
1741159961.402615 2.534940 -2.370781 -0.000011 0.000008 0.000044 -0.525743 0.850643
1741159961.452631 2.534925 -2.370811 -0.000014 -0.000100 -0.000071 -0.533101 0.846052
1741159961.502620 2.534925 -2.370811 -0.000014 -0.000100 -0.000071 -0.533101 0.846052
1741159961.552626 2.534932 -2.370795 -0.000011 0.000008 0.000044 -0.533121 0.846039
1741159961.602616 2.534932 -2.370795 -0.000011 0.000008 0.000044 -0.533121 0.846039
1741159961.652619 2.534939 -2.370781 -0.000016 -0.000116 -0.000083 -0.533143 0.846025
1741159961.702587 2.534939 -2.370781 -0.000016 -0.000116 -0.000083 -0.533143 0.846025
1741159961.752625 2.534925 -2.370810 -0.000010 0.000007 0.000037 -0.540463 0.841368
1741159961.802616 2.534925 -2.370810 -0.000010 0.000007 0.000037 -0.540463 0.841368
1741159961.852616 2.534932 -2.370794 -0.000011 0.000008 0.000044 -0.540527 0.841326
1741159961.902619 2.534932 -2.370794 -0.000011 0.000008 0.000044 -0.540527 0.841326
1741159961.952620 2.534939 -2.370777 -0.000011 0.000008 0.000045 -0.540595 0.841283
1741159962.002617 2.534939 -2.370777 -0.000011 0.000008 0.000045 -0.540595 0.841283
1741159962.052617 2.534925 -2.370810 -0.000010 0.000007 0.000037 -0.547785 0.836619
1741159962.102617 2.534925 -2.370810 -0.000010 0.000007 0.000037 -0.547785 0.836619
1741159962.152616 2.534931 -2.370791 -0.000016 -0.000118 -0.000081 -0.547856 0.836572
1741159962.202615 2.534931 -2.370791 -0.000016 -0.000118 -0.000081 -0.547856 0.836572
1741159962.252615 2.534937 -2.370770 -0.000012 0.000009 0.000045 -0.547930 0.836524
1741159962.302613 2.534937 -2.370770 -0.000012 0.000009 0.000045 -0.547930 0.836524
1741159962.352615 2.534925 -2.370811 -0.000015 -0.000107 -0.000072 -0.555065 0.831807
1741159962.402629 2.534925 -2.370811 -0.000015 -0.000107 -0.000072 -0.555065 0.831807
1741159962.452616 2.534930 -2.370791 -0.000016 -0.000119 -0.000080 -0.555132 0.831762
1741159962.502620 2.534930 -2.370791 -0.000016 -0.000119 -0.000080 -0.555132 0.831762
1741159962.552618 2.534935 -2.370770 -0.000012 0.000009 0.000045 -0.555200 0.831717
1741159962.602625 2.534935 -2.370770 -0.000012 0.000009 0.000045 -0.555200 0.831717
1741159962.652620 2.534940 -2.370750 -0.000012 0.000009 0.000045 -0.555268 0.831671
1741159962.702629 2.534940 -2.370750 -0.000012 0.000009 0.000045 -0.555268 0.831671
1741159962.752652 2.534924 -2.370810 -0.000011 0.000009 0.000044 -0.562305 0.826930
1741159962.802618 2.534924 -2.370810 -0.000011 0.000009 0.000044 -0.562305 0.826930
1741159962.852613 2.534929 -2.370789 -0.000011 0.000007 0.000046 -0.562369 0.826886
1741159962.902637 2.534929 -2.370789 -0.000011 0.000007 0.000046 -0.562369 0.826886
1741159962.952622 2.534933 -2.370770 -0.000016 -0.000119 -0.000079 -0.562433 0.826843
1741159963.002625 2.534933 -2.370770 -0.000016 -0.000119 -0.000079 -0.562433 0.826843
1741159963.052622 2.534937 -2.370748 -0.000011 0.000007 0.000046 -0.562498 0.826799
1741159963.102651 2.534937 -2.370748 -0.000011 0.000007 0.000046 -0.562498 0.826799
1741159963.152619 2.534925 -2.370811 -0.000013 -0.000099 -0.000064 -0.569495 0.821995
1741159963.202618 2.534925 -2.370811 -0.000013 -0.000099 -0.000064 -0.569495 0.821995
1741159963.252619 2.534928 -2.370791 -0.000011 0.000007 0.000046 -0.569555 0.821953
1741159963.302614 2.534928 -2.370791 -0.000011 0.000007 0.000046 -0.569555 0.821953
1741159963.352610 2.534932 -2.370772 -0.000016 -0.000119 -0.000077 -0.569614 0.821912
1741159963.402611 2.534932 -2.370772 -0.000016 -0.000119 -0.000077 -0.569614 0.821912
1741159963.452610 2.534935 -2.370751 -0.000011 0.000007 0.000046 -0.569675 0.821870
1741159963.502619 2.534935 -2.370751 -0.000011 0.000007 0.000046 -0.569675 0.821870
1741159963.552610 2.534925 -2.370811 -0.000010 0.000009 0.000040 -0.576647 0.816994
1741159963.602612 2.534925 -2.370811 -0.000010 0.000009 0.000040 -0.576647 0.816994
1741159963.652613 2.534928 -2.370792 -0.000016 -0.000119 -0.000075 -0.576702 0.816955
1741159963.702615 2.534928 -2.370792 -0.000016 -0.000119 -0.000075 -0.576702 0.816955
1741159963.752623 2.534931 -2.370772 -0.000011 0.000007 0.000046 -0.576758 0.816915
1741159963.802613 2.534931 -2.370772 -0.000011 0.000007 0.000046 -0.576758 0.816915
1741159963.852629 2.534924 -2.370810 -0.000015 -0.000110 -0.000068 -0.583758 0.811928
1741159963.902615 2.534924 -2.370810 -0.000015 -0.000110 -0.000068 -0.583758 0.811928
1741159963.952613 2.534927 -2.370791 -0.000011 0.000007 0.000045 -0.583809 0.811891
1741159964.002615 2.534927 -2.370791 -0.000011 0.000007 0.000045 -0.583809 0.811891
1741159964.052617 2.534929 -2.370772 -0.000016 -0.000118 -0.000074 -0.583860 0.811854
1741159964.102620 2.534929 -2.370772 -0.000016 -0.000118 -0.000074 -0.583860 0.811854
1741159964.152618 2.534925 -2.370811 -0.000010 0.000007 0.000042 -0.590821 0.806803
1741159964.202613 2.534925 -2.370811 -0.000010 0.000007 0.000042 -0.590821 0.806803
1741159964.252614 2.534927 -2.370792 -0.000011 0.000007 0.000045 -0.590868 0.806768
1741159964.302614 2.534927 -2.370792 -0.000011 0.000007 0.000045 -0.590868 0.806768
1741159964.352612 2.534929 -2.370774 -0.000011 0.000007 0.000045 -0.590915 0.806734
1741159964.402617 2.534929 -2.370774 -0.000011 0.000007 0.000045 -0.590915 0.806734
1741159964.452613 2.534931 -2.370755 -0.000011 0.000007 0.000045 -0.590962 0.806700
1741159964.502612 2.534931 -2.370755 -0.000011 0.000007 0.000045 -0.590962 0.806700
1741159964.552613 2.534925 -2.370811 -0.000014 -0.000104 -0.000062 -0.597838 0.801617
1741159964.602618 2.534925 -2.370811 -0.000014 -0.000104 -0.000062 -0.597838 0.801617
1741159964.652614 2.534926 -2.370793 -0.000016 -0.000118 -0.000071 -0.597881 0.801585
1741159964.702615 2.534926 -2.370793 -0.000016 -0.000118 -0.000071 -0.597881 0.801585
1741159964.752619 2.534928 -2.370775 -0.000011 0.000007 0.000045 -0.597924 0.801553
1741159964.802617 2.534928 -2.370775 -0.000011 0.000007 0.000045 -0.597924 0.801553
1741159964.852630 2.534925 -2.370810 -0.000009 0.000004 0.000038 -0.604811 0.796369
1741159964.902611 2.534925 -2.370810 -0.000009 0.000004 0.000038 -0.604811 0.796369
1741159964.952615 2.534926 -2.370793 -0.000011 0.000007 0.000045 -0.604850 0.796339
1741159965.002630 2.534926 -2.370793 -0.000011 0.000007 0.000045 -0.604850 0.796339
1741159965.052647 2.534927 -2.370775 -0.000011 0.000007 0.000045 -0.604888 0.796310
1741159965.102614 2.534927 -2.370775 -0.000011 0.000007 0.000045 -0.604888 0.796310
1741159965.152610 2.534925 -2.370811 -0.000010 0.000007 0.000042 -0.611738 0.791061
1741159965.202642 2.534925 -2.370811 -0.000010 0.000007 0.000042 -0.611738 0.791061
1741159965.252626 2.534926 -2.370794 -0.000011 0.000007 0.000045 -0.611772 0.791034
1741159965.302640 2.534926 -2.370794 -0.000011 0.000007 0.000045 -0.611772 0.791034
1741159965.352635 2.534926 -2.370777 -0.000011 0.000007 0.000045 -0.611806 0.791008
1741159965.402618 2.534926 -2.370777 -0.000011 0.000007 0.000045 -0.611806 0.791008
1741159965.452622 2.534925 -2.370811 -0.000015 -0.000112 -0.000063 -0.618617 0.785693
1741159965.502624 2.534925 -2.370811 -0.000015 -0.000112 -0.000063 -0.618617 0.785693
1741159965.552636 2.534925 -2.370795 -0.000011 0.000007 0.000045 -0.618648 0.785668
1741159965.602613 2.534925 -2.370795 -0.000011 0.000007 0.000045 -0.618648 0.785668
1741159965.652631 2.534926 -2.370779 -0.000011 0.000007 0.000044 -0.618679 0.785644
1741159965.702636 2.534926 -2.370779 -0.000011 0.000007 0.000044 -0.618679 0.785644
1741159965.752618 2.534925 -2.370810 -0.000015 -0.000115 -0.000064 -0.625452 0.780262
1741159965.802616 2.534925 -2.370810 -0.000015 -0.000115 -0.000064 -0.625452 0.780262
1741159965.852633 2.534925 -2.370795 -0.000015 -0.000117 -0.000064 -0.625479 0.780241
1741159965.902621 2.534925 -2.370795 -0.000015 -0.000117 -0.000064 -0.625479 0.780241
1741159965.952634 2.534925 -2.370779 -0.000011 0.000007 0.000044 -0.625507 0.780219
1741159966.002631 2.534925 -2.370779 -0.000011 0.000007 0.000044 -0.625507 0.780219
1741159966.052637 2.534925 -2.370810 -0.000010 0.000007 0.000043 -0.632236 0.774776
1741159966.102650 2.534925 -2.370810 -0.000010 0.000007 0.000043 -0.632236 0.774776
1741159966.152639 2.534925 -2.370795 -0.000010 0.000007 0.000044 -0.632261 0.774756
1741159966.202639 2.534925 -2.370795 -0.000010 0.000007 0.000044 -0.632261 0.774756
1741159966.252626 2.534925 -2.370780 -0.000015 -0.000116 -0.000063 -0.632285 0.774736
1741159966.302618 2.534925 -2.370780 -0.000015 -0.000116 -0.000063 -0.632285 0.774736
1741159966.352617 2.534925 -2.370811 -0.000009 0.000011 0.000034 -0.638972 0.769230
1741159966.402638 2.534925 -2.370811 -0.000009 0.000011 0.000034 -0.638972 0.769230
1741159966.452632 2.534924 -2.370798 -0.000015 -0.000116 -0.000061 -0.638994 0.769212
1741159966.502626 2.534924 -2.370798 -0.000015 -0.000116 -0.000061 -0.638994 0.769212
1741159966.552627 2.534924 -2.370783 -0.000015 -0.000116 -0.000061 -0.639017 0.769192
1741159966.602621 2.534924 -2.370783 -0.000015 -0.000116 -0.000061 -0.639017 0.769192
1741159966.652641 2.534924 -2.370769 -0.000010 0.000007 0.000044 -0.639040 0.769173
1741159966.702615 2.534924 -2.370769 -0.000010 0.000007 0.000044 -0.639040 0.769173
1741159966.752625 2.534925 -2.370810 -0.000010 0.000008 0.000040 -0.645664 0.763622
1741159966.802625 2.534925 -2.370810 -0.000010 0.000008 0.000040 -0.645664 0.763622
1741159966.852652 2.534924 -2.370796 -0.000010 0.000007 0.000044 -0.645686 0.763603
1741159966.902620 2.534924 -2.370796 -0.000010 0.000007 0.000044 -0.645686 0.763603
1741159966.952635 2.534924 -2.370784 -0.000015 -0.000115 -0.000060 -0.645707 0.763586
1741159967.002638 2.534924 -2.370784 -0.000015 -0.000115 -0.000060 -0.645707 0.763586
1741159967.052616 2.534925 -2.370812 -0.000014 -0.000110 -0.000056 -0.652300 0.757961
1741159967.102645 2.534925 -2.370812 -0.000014 -0.000110 -0.000056 -0.652300 0.757961
1741159967.152623 2.534924 -2.370799 -0.000015 -0.000115 -0.000058 -0.652320 0.757943
1741159967.202644 2.534924 -2.370799 -0.000015 -0.000115 -0.000058 -0.652320 0.757943
1741159967.252622 2.534923 -2.370786 -0.000010 0.000007 0.000044 -0.652342 0.757924
1741159967.302638 2.534923 -2.370786 -0.000010 0.000007 0.000044 -0.652342 0.757924
1741159967.352635 2.534922 -2.370774 -0.000015 -0.000114 -0.000058 -0.652363 0.757906
1741159967.402646 2.534922 -2.370774 -0.000015 -0.000114 -0.000058 -0.652363 0.757906
1741159967.452688 2.534925 -2.370811 -0.000010 0.000008 0.000043 -0.658890 0.752239
1741159967.502643 2.534925 -2.370811 -0.000010 0.000008 0.000043 -0.658890 0.752239
1741159967.552644 2.534924 -2.370799 -0.000010 0.000008 0.000043 -0.658912 0.752220
1741159967.602624 2.534924 -2.370799 -0.000010 0.000008 0.000043 -0.658912 0.752220
1741159967.652635 2.534923 -2.370787 -0.000010 0.000008 0.000043 -0.658934 0.752200
1741159967.702625 2.534923 -2.370787 -0.000010 0.000008 0.000043 -0.658934 0.752200
1741159967.752623 2.534925 -2.370811 -0.000014 -0.000112 -0.000055 -0.665433 0.746458
1741159967.802614 2.534925 -2.370811 -0.000014 -0.000112 -0.000055 -0.665433 0.746458
1741159967.852622 2.534924 -2.370799 -0.000015 -0.000114 -0.000055 -0.665456 0.746437
1741159967.902614 2.534924 -2.370799 -0.000015 -0.000114 -0.000055 -0.665456 0.746437
1741159967.952613 2.534923 -2.370787 -0.000010 0.000008 0.000043 -0.665480 0.746415
1741159968.002614 2.534923 -2.370787 -0.000010 0.000008 0.000043 -0.665480 0.746415
1741159968.052613 2.534925 -2.370811 -0.000008 0.000011 0.000031 -0.671917 0.740626
1741159968.102614 2.534925 -2.370811 -0.000008 0.000011 0.000031 -0.671917 0.740626
1741159968.152625 2.534924 -2.370801 -0.000015 -0.000113 -0.000054 -0.671943 0.740603
1741159968.202626 2.534924 -2.370801 -0.000015 -0.000113 -0.000054 -0.671943 0.740603
1741159968.252614 2.534922 -2.370790 -0.000010 0.000008 0.000043 -0.671969 0.740580
1741159968.302626 2.534922 -2.370790 -0.000010 0.000008 0.000043 -0.671969 0.740580
1741159968.352612 2.534925 -2.370810 -0.000009 0.000008 0.000039 -0.678359 0.734731
1741159968.402627 2.534925 -2.370810 -0.000009 0.000008 0.000039 -0.678359 0.734731
1741159968.452622 2.534924 -2.370800 -0.000010 0.000008 0.000043 -0.678387 0.734704
1741159968.502617 2.534924 -2.370800 -0.000010 0.000008 0.000043 -0.678387 0.734704
1741159968.552611 2.534923 -2.370790 -0.000010 0.000008 0.000043 -0.678416 0.734678
1741159968.602613 2.534923 -2.370790 -0.000010 0.000008 0.000043 -0.678416 0.734678
1741159968.652631 2.534922 -2.370780 -0.000010 0.000008 0.000043 -0.678444 0.734652
1741159968.702615 2.534922 -2.370780 -0.000010 0.000008 0.000043 -0.678444 0.734652
1741159968.752610 2.534925 -2.370811 -0.000009 0.000008 0.000039 -0.684741 0.728786
1741159968.802618 2.534925 -2.370811 -0.000009 0.000008 0.000039 -0.684741 0.728786
1741159968.852614 2.534924 -2.370801 -0.000010 0.000009 0.000043 -0.684772 0.728758
1741159968.902623 2.534924 -2.370801 -0.000010 0.000009 0.000043 -0.684772 0.728758
1741159968.952614 2.534923 -2.370792 -0.000010 0.000009 0.000043 -0.684802 0.728729
1741159969.002619 2.534923 -2.370792 -0.000010 0.000009 0.000043 -0.684802 0.728729
1741159969.052620 2.534925 -2.370811 -0.000009 0.000008 0.000039 -0.691075 0.722783
1741159969.102613 2.534925 -2.370811 -0.000009 0.000008 0.000039 -0.691075 0.722783
1741159969.152612 2.534924 -2.370802 -0.000010 0.000009 0.000043 -0.691107 0.722752
1741159969.202614 2.534924 -2.370802 -0.000010 0.000009 0.000043 -0.691107 0.722752
1741159969.252636 2.534923 -2.370793 -0.000014 -0.000111 -0.000050 -0.691139 0.722721
1741159969.302643 2.534923 -2.370793 -0.000014 -0.000111 -0.000050 -0.691139 0.722721
1741159969.352642 2.534925 -2.370810 -0.000009 0.000009 0.000039 -0.697360 0.716721
1741159969.402671 2.534925 -2.370810 -0.000009 0.000009 0.000039 -0.697360 0.716721
1741159969.452616 2.534925 -2.370801 -0.000010 0.000009 0.000042 -0.697393 0.716689
1741159969.502618 2.534925 -2.370801 -0.000010 0.000009 0.000042 -0.697393 0.716689
1741159969.552619 2.534925 -2.370791 -0.000010 0.000009 0.000042 -0.697427 0.716656
1741159969.602612 2.534925 -2.370791 -0.000010 0.000009 0.000042 -0.697427 0.716656
1741159969.652647 2.534925 -2.370811 -0.000009 0.000009 0.000038 -0.703584 0.710612
1741159969.702621 2.534925 -2.370811 -0.000009 0.000009 0.000038 -0.703584 0.710612
1741159969.752609 2.534925 -2.370802 -0.000014 -0.000110 -0.000047 -0.703618 0.710579
1741159969.802613 2.534925 -2.370802 -0.000014 -0.000110 -0.000047 -0.703618 0.710579
1741159969.852608 2.534924 -2.370791 -0.000010 0.000009 0.000042 -0.703652 0.710545
1741159969.902615 2.534924 -2.370791 -0.000010 0.000009 0.000042 -0.703652 0.710545
1741159969.952618 2.534925 -2.370811 -0.000009 0.000009 0.000038 -0.709758 0.704445
1741159970.002622 2.534925 -2.370811 -0.000009 0.000009 0.000038 -0.709758 0.704445
1741159970.052623 2.534925 -2.370801 -0.000014 -0.000110 -0.000046 -0.709793 0.704411
1741159970.102627 2.534925 -2.370801 -0.000014 -0.000110 -0.000046 -0.709793 0.704411
1741159970.152627 2.534925 -2.370791 -0.000014 -0.000109 -0.000046 -0.709827 0.704376
1741159970.202615 2.534925 -2.370791 -0.000014 -0.000109 -0.000046 -0.709827 0.704376
1741159970.252622 2.534925 -2.370811 -0.000013 -0.000103 -0.000042 -0.715879 0.698225
1741159970.302624 2.534925 -2.370811 -0.000013 -0.000103 -0.000042 -0.715879 0.698225
1741159970.352621 2.534925 -2.370800 -0.000014 -0.000109 -0.000044 -0.715914 0.698189
1741159970.402619 2.534925 -2.370800 -0.000014 -0.000109 -0.000044 -0.715914 0.698189
1741159970.452621 2.534926 -2.370789 -0.000014 -0.000109 -0.000044 -0.715949 0.698153
1741159970.502621 2.534926 -2.370789 -0.000014 -0.000109 -0.000044 -0.715949 0.698153
1741159970.552619 2.534926 -2.370778 -0.000010 0.000010 0.000042 -0.715984 0.698116
1741159970.602617 2.534926 -2.370778 -0.000010 0.000010 0.000042 -0.715984 0.698116
1741159970.652620 2.534925 -2.370810 -0.000014 -0.000111 -0.000044 -0.721947 0.691949
1741159970.702615 2.534925 -2.370810 -0.000014 -0.000111 -0.000044 -0.721947 0.691949
1741159970.752616 2.534926 -2.370797 -0.000009 0.000010 0.000042 -0.721984 0.691910
1741159970.802614 2.534926 -2.370797 -0.000009 0.000010 0.000042 -0.721984 0.691910
1741159970.852618 2.534927 -2.370786 -0.000014 -0.000108 -0.000043 -0.722019 0.691873
1741159970.902614 2.534927 -2.370786 -0.000014 -0.000108 -0.000043 -0.722019 0.691873
1741159970.952615 2.534927 -2.370773 -0.000009 0.000010 0.000042 -0.722057 0.691834
1741159971.002617 2.534927 -2.370773 -0.000009 0.000010 0.000042 -0.722057 0.691834
1741159971.052619 2.534925 -2.370811 -0.000014 -0.000107 -0.000042 -0.727957 0.685623
1741159971.102639 2.534925 -2.370811 -0.000014 -0.000107 -0.000042 -0.727957 0.685623
1741159971.152639 2.534926 -2.370797 -0.000014 -0.000108 -0.000042 -0.727995 0.685582
1741159971.202633 2.534926 -2.370797 -0.000014 -0.000108 -0.000042 -0.727995 0.685582
1741159971.252649 2.534927 -2.370784 -0.000009 0.000011 0.000042 -0.728033 0.685542
1741159971.302624 2.534927 -2.370784 -0.000009 0.000011 0.000042 -0.728033 0.685542
1741159971.352634 2.534925 -2.370811 -0.000013 -0.000102 -0.000039 -0.733911 0.679246
1741159971.402619 2.534925 -2.370811 -0.000013 -0.000102 -0.000039 -0.733911 0.679246
1741159971.452635 2.534926 -2.370797 -0.000014 -0.000107 -0.000041 -0.733952 0.679201
1741159971.502614 2.534926 -2.370797 -0.000014 -0.000107 -0.000041 -0.733952 0.679201
1741159971.552631 2.534928 -2.370782 -0.000014 -0.000107 -0.000041 -0.733993 0.679157
1741159971.602613 2.534928 -2.370782 -0.000014 -0.000107 -0.000041 -0.733993 0.679157
1741159971.652635 2.534929 -2.370768 -0.000009 0.000011 0.000041 -0.734034 0.679112
1741159971.702629 2.534929 -2.370768 -0.000009 0.000011 0.000041 -0.734034 0.679112
1741159971.752621 2.534925 -2.370810 -0.000009 0.000011 0.000041 -0.739812 0.672813
1741159971.802645 2.534925 -2.370810 -0.000009 0.000011 0.000041 -0.739812 0.672813
1741159971.852624 2.534927 -2.370795 -0.000014 -0.000106 -0.000039 -0.739857 0.672764
1741159971.902612 2.534927 -2.370795 -0.000014 -0.000106 -0.000039 -0.739857 0.672764
1741159971.952634 2.534929 -2.370779 -0.000014 -0.000106 -0.000039 -0.739902 0.672714
1741159972.002642 2.534929 -2.370779 -0.000014 -0.000106 -0.000039 -0.739902 0.672714
1741159972.052635 2.534931 -2.370764 -0.000009 0.000011 0.000041 -0.739947 0.672665
1741159972.102634 2.534931 -2.370764 -0.000009 0.000011 0.000041 -0.739947 0.672665
1741159972.152632 2.534925 -2.370811 -0.000013 -0.000100 -0.000036 -0.745654 0.666333
1741159972.202616 2.534925 -2.370811 -0.000013 -0.000100 -0.000036 -0.745654 0.666333
1741159972.252621 2.534928 -2.370794 -0.000009 0.000012 0.000041 -0.745703 0.666278
1741159972.302615 2.534928 -2.370794 -0.000009 0.000012 0.000041 -0.745703 0.666278
1741159972.352638 2.534930 -2.370778 -0.000009 0.000012 0.000041 -0.745754 0.666222
1741159972.402615 2.534930 -2.370778 -0.000009 0.000012 0.000041 -0.745754 0.666222
1741159972.452613 2.534925 -2.370809 -0.000010 0.000012 0.000044 -0.751444 0.659797
1741159972.502637 2.534925 -2.370809 -0.000010 0.000012 0.000044 -0.751444 0.659797
1741159972.552639 2.534929 -2.370793 -0.000013 -0.000105 -0.000037 -0.751498 0.659735
1741159972.602635 2.534929 -2.370793 -0.000013 -0.000105 -0.000037 -0.751498 0.659735
1741159972.652621 2.534932 -2.370777 -0.000013 -0.000105 -0.000037 -0.751553 0.659673
1741159972.702623 2.534932 -2.370777 -0.000013 -0.000105 -0.000037 -0.751553 0.659673
1741159972.752645 2.534936 -2.370761 -0.000009 0.000012 0.000041 -0.751607 0.659611
1741159972.802614 2.534936 -2.370761 -0.000009 0.000012 0.000041 -0.751607 0.659611
1741159972.852635 2.534925 -2.370809 -0.000010 0.000013 0.000044 -0.757173 0.653214
1741159972.902627 2.534925 -2.370809 -0.000010 0.000013 0.000044 -0.757173 0.653214
1741159972.952618 2.534930 -2.370792 -0.000013 -0.000105 -0.000036 -0.757232 0.653146
1741159973.002626 2.534930 -2.370792 -0.000013 -0.000105 -0.000036 -0.757232 0.653146
1741159973.052632 2.534934 -2.370776 -0.000013 -0.000105 -0.000036 -0.757291 0.653077
1741159973.102623 2.534934 -2.370776 -0.000013 -0.000105 -0.000036 -0.757291 0.653077
1741159973.152638 2.534939 -2.370759 -0.000013 -0.000104 -0.000036 -0.757350 0.653009
1741159973.202618 2.534939 -2.370759 -0.000013 -0.000104 -0.000036 -0.757350 0.653009
1741159973.252617 2.534925 -2.370810 -0.000013 -0.000102 -0.000034 -0.762843 0.646584
1741159973.302624 2.534925 -2.370810 -0.000013 -0.000102 -0.000034 -0.762843 0.646584
1741159973.352623 2.534931 -2.370792 -0.000009 0.000013 0.000041 -0.762906 0.646509
1741159973.402635 2.534931 -2.370792 -0.000009 0.000013 0.000041 -0.762906 0.646509
1741159973.452627 2.534937 -2.370774 -0.000009 0.000013 0.000041 -0.762972 0.646432
1741159973.502616 2.534937 -2.370774 -0.000009 0.000013 0.000041 -0.762972 0.646432
1741159973.552633 2.534925 -2.370810 -0.000005 0.000008 0.000020 -0.768454 0.639905
1741159973.602635 2.534925 -2.370810 -0.000005 0.000008 0.000020 -0.768454 0.639905
1741159973.652634 2.534932 -2.370791 -0.000009 0.000013 0.000041 -0.768521 0.639825
1741159973.702617 2.534932 -2.370791 -0.000009 0.000013 0.000041 -0.768521 0.639825
1741159973.752636 2.534938 -2.370772 -0.000013 -0.000103 -0.000034 -0.768587 0.639746
1741159973.802634 2.534938 -2.370772 -0.000013 -0.000103 -0.000034 -0.768587 0.639746
1741159973.852614 2.534925 -2.370810 -0.000016 -0.000128 -0.000041 -0.774011 0.633172
1741159973.902618 2.534925 -2.370810 -0.000016 -0.000128 -0.000041 -0.774011 0.633172
1741159973.952638 2.534933 -2.370790 -0.000013 -0.000103 -0.000033 -0.774081 0.633086
1741159974.002618 2.534933 -2.370790 -0.000013 -0.000103 -0.000033 -0.774081 0.633086
1741159974.052641 2.534941 -2.370769 -0.000013 -0.000103 -0.000033 -0.774153 0.632999
1741159974.102616 2.534941 -2.370769 -0.000013 -0.000103 -0.000033 -0.774153 0.632999
1741159974.152615 2.534949 -2.370749 -0.000013 -0.000103 -0.000033 -0.774223 0.632913
1741159974.202641 2.534949 -2.370749 -0.000013 -0.000103 -0.000033 -0.774223 0.632913
1741159974.252617 2.534925 -2.370810 -0.000011 -0.000066 -0.000026 -0.779505 0.626396
1741159974.302635 2.534925 -2.370810 -0.000011 -0.000066 -0.000026 -0.779505 0.626396
1741159974.352639 2.534934 -2.370790 -0.000013 -0.000103 -0.000032 -0.779576 0.626308
1741159974.402643 2.534934 -2.370790 -0.000013 -0.000103 -0.000032 -0.779576 0.626308
1741159974.452612 2.534943 -2.370770 -0.000009 0.000013 0.000040 -0.779648 0.626219
1741159974.502676 2.534943 -2.370770 -0.000009 0.000013 0.000040 -0.779648 0.626219
1741159974.552645 2.534925 -2.370809 -0.000010 0.000014 0.000043 -0.784947 0.619563
1741159974.602613 2.534925 -2.370809 -0.000010 0.000014 0.000043 -0.784947 0.619563
1741159974.652633 2.534936 -2.370788 -0.000009 0.000014 0.000040 -0.785021 0.619470
1741159974.702618 2.534936 -2.370788 -0.000009 0.000014 0.000040 -0.785021 0.619470
1741159974.752616 2.534946 -2.370768 -0.000013 -0.000103 -0.000031 -0.785095 0.619376
1741159974.802638 2.534946 -2.370768 -0.000013 -0.000103 -0.000031 -0.785095 0.619376
1741159974.852640 2.534956 -2.370748 -0.000013 -0.000102 -0.000031 -0.785168 0.619282
1741159974.902635 2.534956 -2.370748 -0.000013 -0.000102 -0.000031 -0.785168 0.619282
1741159974.952614 2.534925 -2.370810 -0.000012 -0.000088 -0.000026 -0.790319 0.612696
1741159975.002635 2.534925 -2.370810 -0.000012 -0.000088 -0.000026 -0.790319 0.612696
1741159975.052619 2.534936 -2.370789 -0.000009 0.000014 0.000040 -0.790393 0.612600
1741159975.102615 2.534936 -2.370789 -0.000009 0.000014 0.000040 -0.790393 0.612600
1741159975.152632 2.534947 -2.370769 -0.000009 0.000014 0.000040 -0.790468 0.612503
1741159975.202618 2.534947 -2.370769 -0.000009 0.000014 0.000040 -0.790468 0.612503
1741159975.252614 2.534925 -2.370810 -0.000012 -0.000073 -0.000026 -0.795635 0.605776
1741159975.302617 2.534925 -2.370810 -0.000012 -0.000073 -0.000026 -0.795635 0.605776
1741159975.352639 2.534927 -2.370795 -0.000011 -0.000072 -0.000026 -0.795652 0.605754
1741159975.402620 2.534927 -2.370795 -0.000011 -0.000072 -0.000026 -0.795652 0.605754
1741159975.452636 2.534930 -2.370780 -0.000008 0.000016 0.000032 -0.795668 0.605732
1741159975.502620 2.534930 -2.370780 -0.000008 0.000016 0.000032 -0.795668 0.605732
1741159975.552618 2.534925 -2.370810 -0.000011 -0.000072 -0.000022 -0.800892 0.598809
1741159975.602634 2.534925 -2.370810 -0.000011 -0.000072 -0.000022 -0.800892 0.598809
1741159975.652624 2.534928 -2.370796 -0.000011 -0.000072 -0.000025 -0.800908 0.598788
1741159975.702615 2.534928 -2.370796 -0.000011 -0.000072 -0.000025 -0.800908 0.598788
1741159975.752647 2.534931 -2.370781 -0.000011 -0.000073 -0.000025 -0.800923 0.598767
1741159975.802638 2.534931 -2.370781 -0.000011 -0.000073 -0.000025 -0.800923 0.598767
1741159975.852628 2.534925 -2.370810 -0.000011 -0.000072 -0.000022 -0.806087 0.591797
1741159975.902615 2.534925 -2.370810 -0.000011 -0.000072 -0.000022 -0.806087 0.591797
1741159975.952633 2.534933 -2.370795 -0.000012 -0.000076 -0.000025 -0.806107 0.591770
1741159976.002626 2.534933 -2.370795 -0.000012 -0.000076 -0.000025 -0.806107 0.591770
1741159976.052654 2.534941 -2.370781 -0.000012 -0.000080 -0.000025 -0.806128 0.591741
1741159976.102655 2.534941 -2.370781 -0.000012 -0.000080 -0.000025 -0.806128 0.591741
1741159976.152641 2.534925 -2.370810 -0.000011 -0.000079 -0.000023 -0.811221 0.584740
1741159976.202621 2.534925 -2.370810 -0.000011 -0.000079 -0.000023 -0.811221 0.584740
1741159976.252642 2.534938 -2.370795 -0.000012 -0.000082 -0.000024 -0.811247 0.584703
1741159976.302627 2.534938 -2.370795 -0.000012 -0.000082 -0.000024 -0.811247 0.584703
1741159976.352637 2.534951 -2.370780 -0.000009 0.000017 0.000033 -0.811274 0.584666
1741159976.402640 2.534951 -2.370780 -0.000009 0.000017 0.000033 -0.811274 0.584666
1741159976.452623 2.534925 -2.370810 -0.000011 -0.000079 -0.000022 -0.816292 0.577640
1741159976.502637 2.534925 -2.370810 -0.000011 -0.000079 -0.000022 -0.816292 0.577640
1741159976.552614 2.534938 -2.370795 -0.000012 -0.000082 -0.000023 -0.816319 0.577601
1741159976.602612 2.534938 -2.370795 -0.000012 -0.000082 -0.000023 -0.816319 0.577601
1741159976.652630 2.534951 -2.370780 -0.000009 0.000018 0.000033 -0.816346 0.577563
1741159976.702637 2.534951 -2.370780 -0.000009 0.000018 0.000033 -0.816346 0.577563
1741159976.752645 2.534925 -2.370810 -0.000010 -0.000072 -0.000020 -0.821301 0.570495
1741159976.802652 2.534925 -2.370810 -0.000010 -0.000072 -0.000020 -0.821301 0.570495
1741159976.852622 2.534939 -2.370795 -0.000009 0.000018 0.000033 -0.821329 0.570455
1741159976.902644 2.534939 -2.370795 -0.000009 0.000018 0.000033 -0.821329 0.570455
1741159976.952641 2.534952 -2.370780 -0.000012 -0.000081 -0.000022 -0.821356 0.570415
1741159977.002621 2.534952 -2.370780 -0.000012 -0.000081 -0.000022 -0.821356 0.570415
1741159977.052628 2.534925 -2.370810 -0.000007 0.000014 0.000027 -0.826248 0.563306
1741159977.102636 2.534925 -2.370810 -0.000007 0.000014 0.000027 -0.826248 0.563306
1741159977.152629 2.534939 -2.370796 -0.000009 0.000018 0.000033 -0.826276 0.563265
1741159977.202651 2.534939 -2.370796 -0.000009 0.000018 0.000033 -0.826276 0.563265
1741159977.252628 2.534953 -2.370781 -0.000012 -0.000081 -0.000021 -0.826305 0.563224
1741159977.302638 2.534953 -2.370781 -0.000012 -0.000081 -0.000021 -0.826305 0.563224
1741159977.352646 2.534925 -2.370810 -0.000008 0.000017 0.000030 -0.831133 0.556074
1741159977.402624 2.534925 -2.370810 -0.000008 0.000017 0.000030 -0.831133 0.556074
1741159977.452619 2.534939 -2.370798 -0.000012 -0.000081 -0.000021 -0.831161 0.556032
1741159977.502634 2.534939 -2.370798 -0.000012 -0.000081 -0.000021 -0.831161 0.556032
1741159977.552648 2.534954 -2.370785 -0.000009 0.000018 0.000032 -0.831189 0.555989
1741159977.602636 2.534954 -2.370785 -0.000009 0.000018 0.000032 -0.831189 0.555989
1741159977.652637 2.534925 -2.370810 -0.000010 -0.000072 -0.000018 -0.835953 0.548800
1741159977.702625 2.534925 -2.370810 -0.000010 -0.000072 -0.000018 -0.835953 0.548800
1741159977.752635 2.534939 -2.370800 -0.000012 -0.000081 -0.000020 -0.835981 0.548758
1741159977.802627 2.534939 -2.370800 -0.000012 -0.000081 -0.000020 -0.835981 0.548758
1741159977.852617 2.534953 -2.370790 -0.000009 0.000018 0.000032 -0.836009 0.548716
1741159977.902640 2.534953 -2.370790 -0.000009 0.000018 0.000032 -0.836009 0.548716
1741159977.952678 2.534925 -2.370811 -0.000008 -0.000056 -0.000013 -0.840711 0.541484
1741159978.002636 2.534925 -2.370811 -0.000008 -0.000056 -0.000013 -0.840711 0.541484
1741159978.052621 2.534938 -2.370803 -0.000009 0.000019 0.000032 -0.840737 0.541443
1741159978.102637 2.534938 -2.370803 -0.000009 0.000019 0.000032 -0.840737 0.541443
1741159978.152645 2.534951 -2.370795 -0.000008 0.000019 0.000032 -0.840763 0.541403
1741159978.202636 2.534951 -2.370795 -0.000008 0.000019 0.000032 -0.840763 0.541403
1741159978.252624 2.534925 -2.370810 -0.000010 -0.000072 -0.000017 -0.845404 0.534127
1741159978.302634 2.534925 -2.370810 -0.000010 -0.000072 -0.000017 -0.845404 0.534127
1741159978.352661 2.534937 -2.370805 -0.000008 0.000019 0.000032 -0.845429 0.534088
1741159978.402658 2.534937 -2.370805 -0.000008 0.000019 0.000032 -0.845429 0.534088
1741159978.452618 2.534949 -2.370800 -0.000012 -0.000081 -0.000018 -0.845454 0.534048
1741159978.502635 2.534949 -2.370800 -0.000012 -0.000081 -0.000018 -0.845454 0.534048
1741159978.552639 2.534925 -2.370810 -0.000008 0.000017 0.000030 -0.850033 0.526730
1741159978.602641 2.534925 -2.370810 -0.000008 0.000017 0.000030 -0.850033 0.526730
1741159978.652622 2.534936 -2.370807 -0.000008 0.000019 0.000031 -0.850057 0.526691
1741159978.702637 2.534936 -2.370807 -0.000008 0.000019 0.000031 -0.850057 0.526691
1741159978.752636 2.534947 -2.370805 -0.000012 -0.000081 -0.000018 -0.850081 0.526652
1741159978.802627 2.534947 -2.370805 -0.000012 -0.000081 -0.000018 -0.850081 0.526652
1741159978.852637 2.534925 -2.370811 -0.000007 0.000015 0.000027 -0.854597 0.519292
1741159978.902621 2.534925 -2.370811 -0.000007 0.000015 0.000027 -0.854597 0.519292
1741159978.952616 2.534935 -2.370809 -0.000008 0.000019 0.000031 -0.854619 0.519255
1741159979.002636 2.534935 -2.370809 -0.000008 0.000019 0.000031 -0.854619 0.519255
1741159979.052619 2.534945 -2.370808 -0.000008 0.000019 0.000031 -0.854642 0.519217
1741159979.102639 2.534945 -2.370808 -0.000008 0.000019 0.000031 -0.854642 0.519217
1741159979.152617 2.534925 -2.370811 -0.000010 -0.000072 -0.000015 -0.859096 0.511814
1741159979.202614 2.534925 -2.370811 -0.000010 -0.000072 -0.000015 -0.859096 0.511814
1741159979.252636 2.534934 -2.370810 -0.000011 -0.000080 -0.000016 -0.859117 0.511779
1741159979.302668 2.534934 -2.370810 -0.000011 -0.000080 -0.000016 -0.859117 0.511779
1741159979.352618 2.534944 -2.370810 -0.000008 0.000019 0.000031 -0.859139 0.511743
1741159979.402630 2.534944 -2.370810 -0.000008 0.000019 0.000031 -0.859139 0.511743
1741159979.452615 2.534952 -2.370810 -0.000011 -0.000080 -0.000016 -0.859160 0.511708
1741159979.502614 2.534952 -2.370810 -0.000011 -0.000080 -0.000016 -0.859160 0.511708
1741159979.552639 2.534925 -2.370811 -0.000011 -0.000078 -0.000015 -0.863530 0.504298
1741159979.602637 2.534925 -2.370811 -0.000011 -0.000078 -0.000015 -0.863530 0.504298
1741159979.652632 2.534932 -2.370810 -0.000011 -0.000080 -0.000015 -0.863538 0.504283
1741159979.702638 2.534932 -2.370810 -0.000011 -0.000080 -0.000015 -0.863538 0.504283
1741159979.752578 2.534940 -2.370810 -0.000008 0.000019 0.000032 -0.863538 0.504284
1741159979.802625 2.534940 -2.370810 -0.000008 0.000019 0.000032 -0.863538 0.504284
1741159979.852616 2.534925 -2.370811 -0.000007 -0.000016 -0.000026 0.867897 -0.496743
1741159979.902643 2.534925 -2.370811 -0.000007 -0.000016 -0.000026 0.867897 -0.496743
1741159979.952617 2.534931 -2.370810 -0.000008 -0.000019 -0.000031 0.867891 -0.496755
1741159980.002640 2.534931 -2.370810 -0.000008 -0.000019 -0.000031 0.867891 -0.496755
1741159980.052621 2.534938 -2.370810 -0.000011 0.000080 0.000015 0.867884 -0.496766
1741159980.102635 2.534938 -2.370810 -0.000011 0.000080 0.000015 0.867884 -0.496766
1741159980.152651 2.534944 -2.370809 -0.000011 0.000080 0.000015 0.867878 -0.496777
1741159980.202627 2.534944 -2.370809 -0.000011 0.000080 0.000015 0.867878 -0.496777
1741159980.252687 2.534925 -2.370811 -0.000011 0.000079 0.000014 0.872199 -0.489151
1741159980.302617 2.534925 -2.370811 -0.000011 0.000079 0.000014 0.872199 -0.489151
1741159980.352656 2.534930 -2.370810 -0.000011 0.000080 0.000014 0.872194 -0.489161
1741159980.402614 2.534930 -2.370810 -0.000011 0.000080 0.000014 0.872194 -0.489161
1741159980.452637 2.534936 -2.370810 -0.000011 0.000080 0.000014 0.872188 -0.489171
1741159980.502636 2.534936 -2.370810 -0.000011 0.000080 0.000014 0.872188 -0.489171
1741159980.552635 2.534925 -2.370811 -0.000008 0.000060 0.000010 0.876435 -0.481520
1741159980.602613 2.534925 -2.370811 -0.000008 0.000060 0.000010 0.876435 -0.481520
1741159980.652637 2.534930 -2.370810 -0.000011 0.000080 0.000013 0.876418 -0.481552
1741159980.702623 2.534930 -2.370810 -0.000011 0.000080 0.000013 0.876418 -0.481552
1741159980.752630 2.534936 -2.370810 -0.000011 0.000080 0.000013 0.876400 -0.481583
1741159980.802627 2.534936 -2.370810 -0.000011 0.000080 0.000013 0.876400 -0.481583
1741159980.852615 2.534925 -2.370811 -0.000007 -0.000017 -0.000025 0.880603 -0.473854
1741159980.902622 2.534925 -2.370811 -0.000007 -0.000017 -0.000025 0.880603 -0.473854
1741159980.952630 2.534931 -2.370811 -0.000008 -0.000020 -0.000031 0.880585 -0.473888
1741159981.002646 2.534931 -2.370811 -0.000008 -0.000020 -0.000031 0.880585 -0.473888
1741159981.052638 2.534938 -2.370811 -0.000008 -0.000020 -0.000031 0.880567 -0.473921
1741159981.102624 2.534938 -2.370811 -0.000008 -0.000020 -0.000031 0.880567 -0.473921
1741159981.152635 2.534925 -2.370811 -0.000011 0.000078 0.000012 0.884705 -0.466152
1741159981.202666 2.534925 -2.370811 -0.000011 0.000078 0.000012 0.884705 -0.466152
1741159981.252617 2.534933 -2.370811 -0.000008 -0.000020 -0.000030 0.884690 -0.466179
1741159981.302626 2.534933 -2.370811 -0.000008 -0.000020 -0.000030 0.884690 -0.466179
1741159981.352643 2.534940 -2.370812 -0.000011 0.000080 0.000012 0.884676 -0.466205
1741159981.402618 2.534940 -2.370812 -0.000011 0.000080 0.000012 0.884676 -0.466205
1741159981.452651 2.534948 -2.370813 -0.000011 0.000080 0.000012 0.884667 -0.466224
1741159981.502665 2.534948 -2.370813 -0.000011 0.000080 0.000012 0.884667 -0.466224
1741159981.552625 2.534925 -2.370811 -0.000008 -0.000019 -0.000029 0.888739 -0.458414
1741159981.602637 2.534925 -2.370811 -0.000008 -0.000019 -0.000029 0.888739 -0.458414
1741159981.652624 2.534934 -2.370812 -0.000011 0.000080 0.000011 0.888733 -0.458426
1741159981.702616 2.534934 -2.370812 -0.000011 0.000080 0.000011 0.888733 -0.458426
1741159981.752633 2.534944 -2.370813 -0.000008 -0.000020 -0.000030 0.888726 -0.458438
1741159981.802619 2.534944 -2.370813 -0.000008 -0.000020 -0.000030 0.888726 -0.458438
1741159981.852611 2.534925 -2.370811 -0.000011 0.000079 0.000010 0.892706 -0.450640
1741159981.902627 2.534925 -2.370811 -0.000011 0.000079 0.000010 0.892706 -0.450640
1741159981.952670 2.534936 -2.370812 -0.000008 -0.000021 -0.000030 0.892698 -0.450655
1741159982.002643 2.534936 -2.370812 -0.000008 -0.000021 -0.000030 0.892698 -0.450655
1741159982.052629 2.534947 -2.370813 -0.000011 0.000080 0.000011 0.892691 -0.450669
1741159982.102643 2.534947 -2.370813 -0.000011 0.000080 0.000011 0.892691 -0.450669
1741159982.152637 2.534925 -2.370811 -0.000007 -0.000018 -0.000025 0.896604 -0.442833
1741159982.202633 2.534925 -2.370811 -0.000007 -0.000018 -0.000025 0.896604 -0.442833
1741159982.252636 2.534938 -2.370812 -0.000011 0.000080 0.000010 0.896596 -0.442850
1741159982.302634 2.534938 -2.370812 -0.000011 0.000080 0.000010 0.896596 -0.442850
1741159982.352635 2.534950 -2.370812 -0.000008 -0.000021 -0.000030 0.896588 -0.442865
1741159982.402622 2.534950 -2.370812 -0.000008 -0.000021 -0.000030 0.896588 -0.442865
1741159982.452673 2.534925 -2.370811 -0.000005 -0.000025 0.000001 0.900434 -0.434992
1741159982.502638 2.534925 -2.370811 -0.000005 -0.000025 0.000001 0.900434 -0.434992
1741159982.552633 2.534938 -2.370811 -0.000011 0.000080 0.000009 0.900426 -0.435008
1741159982.602614 2.534938 -2.370811 -0.000011 0.000080 0.000009 0.900426 -0.435008
1741159982.652632 2.534952 -2.370812 -0.000011 0.000080 0.000009 0.900418 -0.435026
1741159982.702618 2.534952 -2.370812 -0.000011 0.000080 0.000009 0.900418 -0.435026
1741159982.752631 2.534967 -2.370812 -0.000011 0.000080 0.000009 0.900409 -0.435044
1741159982.802622 2.534967 -2.370812 -0.000011 0.000080 0.000009 0.900409 -0.435044
1741159982.852613 2.534925 -2.370811 -0.000010 0.000072 0.000008 0.904196 -0.427117
1741159982.902612 2.534925 -2.370811 -0.000010 0.000072 0.000008 0.904196 -0.427117
1741159982.952634 2.534940 -2.370811 -0.000011 0.000080 0.000008 0.904187 -0.427136
1741159983.002643 2.534940 -2.370811 -0.000011 0.000080 0.000008 0.904187 -0.427136
1741159983.052618 2.534956 -2.370811 -0.000011 0.000080 0.000008 0.904178 -0.427155
1741159983.102614 2.534956 -2.370811 -0.000011 0.000080 0.000008 0.904178 -0.427155
1741159983.152627 2.534925 -2.370811 -0.000008 -0.000020 -0.000027 0.907889 -0.419211
1741159983.202611 2.534925 -2.370811 -0.000008 -0.000020 -0.000027 0.907889 -0.419211
1741159983.252617 2.534941 -2.370811 -0.000011 0.000080 0.000008 0.907880 -0.419230
1741159983.302634 2.534941 -2.370811 -0.000011 0.000080 0.000008 0.907880 -0.419230
1741159983.352654 2.534959 -2.370812 -0.000008 -0.000021 -0.000029 0.907871 -0.419249
1741159983.402626 2.534959 -2.370812 -0.000008 -0.000021 -0.000029 0.907871 -0.419249
1741159983.452630 2.534925 -2.370811 -0.000010 0.000073 0.000007 0.911513 -0.411272
1741159983.502615 2.534925 -2.370811 -0.000010 0.000073 0.000007 0.911513 -0.411272
1741159983.552636 2.534943 -2.370811 -0.000011 0.000080 0.000007 0.911504 -0.411292
1741159983.602636 2.534943 -2.370811 -0.000011 0.000080 0.000007 0.911504 -0.411292
1741159983.652614 2.534961 -2.370812 -0.000008 -0.000022 -0.000028 0.911495 -0.411311
1741159983.702633 2.534961 -2.370812 -0.000008 -0.000022 -0.000028 0.911495 -0.411311
1741159983.752633 2.534925 -2.370811 -0.000005 -0.000026 0.000003 0.915067 -0.403302
1741159983.802623 2.534925 -2.370811 -0.000005 -0.000026 0.000003 0.915067 -0.403302
1741159983.852637 2.534943 -2.370812 -0.000008 -0.000022 -0.000028 0.915059 -0.403321
1741159983.902647 2.534943 -2.370812 -0.000008 -0.000022 -0.000028 0.915059 -0.403321
1741159983.952636 2.534962 -2.370813 -0.000008 -0.000022 -0.000028 0.915050 -0.403340
1741159984.002612 2.534962 -2.370813 -0.000008 -0.000022 -0.000028 0.915050 -0.403340
1741159984.052630 2.534981 -2.370814 -0.000008 -0.000022 -0.000028 0.915041 -0.403360
1741159984.102643 2.534981 -2.370814 -0.000008 -0.000022 -0.000028 0.915041 -0.403360
1741159984.152652 2.534925 -2.370811 -0.000011 0.000079 0.000006 0.918551 -0.395302
1741159984.202618 2.534925 -2.370811 -0.000011 0.000079 0.000006 0.918551 -0.395302
1741159984.252635 2.534945 -2.370812 -0.000011 0.000079 0.000006 0.918543 -0.395322
1741159984.302634 2.534945 -2.370812 -0.000011 0.000079 0.000006 0.918543 -0.395322
1741159984.352632 2.534965 -2.370814 -0.000008 -0.000022 -0.000028 0.918534 -0.395341
1741159984.402627 2.534965 -2.370814 -0.000008 -0.000022 -0.000028 0.918534 -0.395341
1741159984.452638 2.534925 -2.370811 -0.000010 0.000015 0.000001 0.921966 -0.387271
1741159984.502641 2.534925 -2.370811 -0.000010 0.000015 0.000001 0.921966 -0.387271
1741159984.552619 2.534944 -2.370812 -0.000011 0.000079 0.000005 0.921958 -0.387289
1741159984.602616 2.534944 -2.370812 -0.000011 0.000079 0.000005 0.921958 -0.387289
1741159984.652625 2.534965 -2.370814 -0.000008 -0.000022 -0.000028 0.921950 -0.387309
1741159984.702613 2.534965 -2.370814 -0.000008 -0.000022 -0.000028 0.921950 -0.387309
1741159984.752629 2.534985 -2.370816 -0.000008 -0.000022 -0.000028 0.921943 -0.387326
1741159984.802613 2.534985 -2.370816 -0.000008 -0.000022 -0.000028 0.921943 -0.387326
1741159984.852634 2.534925 -2.370811 -0.000008 0.000060 0.000003 0.925311 -0.379210
1741159984.902620 2.534925 -2.370811 -0.000008 0.000060 0.000003 0.925311 -0.379210
1741159984.952640 2.534945 -2.370812 -0.000011 0.000079 0.000004 0.925306 -0.379221
1741159985.002620 2.534945 -2.370812 -0.000011 0.000079 0.000004 0.925306 -0.379221
1741159985.052613 2.534967 -2.370814 -0.000008 -0.000022 -0.000027 0.925302 -0.379232
1741159985.102616 2.534967 -2.370814 -0.000008 -0.000022 -0.000027 0.925302 -0.379232
1741159985.152638 2.534988 -2.370816 -0.000008 -0.000022 -0.000027 0.925297 -0.379243
1741159985.202617 2.534988 -2.370816 -0.000008 -0.000022 -0.000027 0.925297 -0.379243
1741159985.252640 2.534926 -2.370810 -0.000008 -0.000023 -0.000027 0.928585 -0.371121
1741159985.302615 2.534926 -2.370810 -0.000008 -0.000023 -0.000027 0.928585 -0.371121
1741159985.352647 2.534948 -2.370812 -0.000011 0.000079 0.000004 0.928581 -0.371131
1741159985.402640 2.534948 -2.370812 -0.000011 0.000079 0.000004 0.928581 -0.371131
1741159985.452623 2.534970 -2.370814 -0.000008 -0.000022 -0.000027 0.928576 -0.371142
1741159985.502618 2.534970 -2.370814 -0.000008 -0.000022 -0.000027 0.928576 -0.371142
1741159985.552646 2.534925 -2.370810 -0.000007 -0.000022 -0.000025 0.931787 -0.363004
1741159985.602645 2.534925 -2.370810 -0.000007 -0.000022 -0.000025 0.931787 -0.363004
1741159985.652621 2.534947 -2.370812 -0.000011 0.000079 0.000003 0.931784 -0.363014
1741159985.702642 2.534947 -2.370812 -0.000011 0.000079 0.000003 0.931784 -0.363014
1741159985.752644 2.534969 -2.370815 -0.000011 0.000079 0.000003 0.931780 -0.363024
1741159985.802615 2.534969 -2.370815 -0.000011 0.000079 0.000003 0.931780 -0.363024
1741159985.852650 2.534925 -2.370811 -0.000007 -0.000019 -0.000022 0.934920 -0.354859
1741159985.902618 2.534925 -2.370811 -0.000007 -0.000019 -0.000022 0.934920 -0.354859
1741159985.952628 2.534947 -2.370813 -0.000008 -0.000023 -0.000026 0.934916 -0.354868
1741159986.002624 2.534947 -2.370813 -0.000008 -0.000023 -0.000026 0.934916 -0.354868
1741159986.052616 2.534970 -2.370815 -0.000008 -0.000023 -0.000026 0.934913 -0.354878
1741159986.102671 2.534970 -2.370815 -0.000008 -0.000023 -0.000026 0.934913 -0.354878
1741159986.152657 2.534926 -2.370810 -0.000008 -0.000023 -0.000027 0.937981 -0.346686
1741159986.202638 2.534926 -2.370810 -0.000008 -0.000023 -0.000027 0.937981 -0.346686
1741159986.252614 2.534949 -2.370813 -0.000011 0.000079 0.000002 0.937978 -0.346696
1741159986.302683 2.534949 -2.370813 -0.000011 0.000079 0.000002 0.937978 -0.346696
1741159986.352623 2.534972 -2.370815 -0.000011 0.000079 0.000002 0.937974 -0.346705
1741159986.402633 2.534972 -2.370815 -0.000011 0.000079 0.000002 0.937974 -0.346705
1741159986.452633 2.534925 -2.370810 -0.000011 0.000081 0.000001 0.940971 -0.338487
1741159986.502641 2.534925 -2.370810 -0.000011 0.000081 0.000001 0.940971 -0.338487
1741159986.552641 2.534949 -2.370813 -0.000008 -0.000023 -0.000026 0.940968 -0.338496
1741159986.602638 2.534949 -2.370813 -0.000008 -0.000023 -0.000026 0.940968 -0.338496
1741159986.652642 2.534972 -2.370817 -0.000008 -0.000023 -0.000026 0.940965 -0.338503
1741159986.702630 2.534972 -2.370817 -0.000008 -0.000023 -0.000026 0.940965 -0.338503
1741159986.752635 2.534925 -2.370811 -0.000011 -0.000032 -0.000039 0.943889 -0.330263
1741159986.802642 2.534925 -2.370811 -0.000011 -0.000032 -0.000039 0.943889 -0.330263
1741159986.852633 2.534949 -2.370815 -0.000008 -0.000023 -0.000025 0.943887 -0.330269
1741159986.902634 2.534949 -2.370815 -0.000008 -0.000023 -0.000025 0.943887 -0.330269
1741159986.952634 2.534973 -2.370819 -0.000011 0.000078 0.000000 0.943885 -0.330274
1741159987.002636 2.534973 -2.370819 -0.000011 0.000078 0.000000 0.943885 -0.330274
1741159987.052623 2.534997 -2.370823 -0.000008 -0.000023 -0.000025 0.943883 -0.330280
1741159987.102633 2.534997 -2.370823 -0.000008 -0.000023 -0.000025 0.943883 -0.330280
1741159987.152615 2.534925 -2.370811 -0.000007 -0.000022 -0.000024 0.946735 -0.322014
1741159987.202641 2.534925 -2.370811 -0.000007 -0.000022 -0.000024 0.946735 -0.322014
1741159987.252624 2.534949 -2.370816 -0.000011 0.000078 -0.000000 0.946734 -0.322017
1741159987.302634 2.534949 -2.370816 -0.000011 0.000078 -0.000000 0.946734 -0.322017
1741159987.352638 2.534973 -2.370821 -0.000011 0.000078 -0.000000 0.946733 -0.322021
1741159987.402614 2.534973 -2.370821 -0.000011 0.000078 -0.000000 0.946733 -0.322021
1741159987.452631 2.534927 -2.370811 -0.000007 -0.000023 -0.000025 0.949509 -0.313740
1741159987.502623 2.534927 -2.370811 -0.000007 -0.000023 -0.000025 0.949509 -0.313740
1741159987.552631 2.534951 -2.370817 -0.000007 -0.000023 -0.000025 0.949509 -0.313741
1741159987.602618 2.534951 -2.370817 -0.000007 -0.000023 -0.000025 0.949509 -0.313741
1741159987.652632 2.534976 -2.370823 -0.000007 -0.000023 -0.000025 0.949508 -0.313743
1741159987.702614 2.534976 -2.370823 -0.000007 -0.000023 -0.000025 0.949508 -0.313743
1741159987.752635 2.534925 -2.370811 -0.000007 -0.000022 -0.000023 0.952211 -0.305442
1741159987.802634 2.534925 -2.370811 -0.000007 -0.000022 -0.000023 0.952211 -0.305442
1741159987.852625 2.534950 -2.370818 -0.000007 -0.000023 -0.000024 0.952211 -0.305442
1741159987.902639 2.534950 -2.370818 -0.000007 -0.000023 -0.000024 0.952211 -0.305442
1741159987.952615 2.534975 -2.370825 -0.000011 0.000078 -0.000002 0.952211 -0.305441
1741159988.002633 2.534975 -2.370825 -0.000011 0.000078 -0.000002 0.952211 -0.305441
1741159988.052632 2.535001 -2.370832 -0.000011 0.000078 -0.000002 0.952211 -0.305441
1741159988.102612 2.535001 -2.370832 -0.000011 0.000078 -0.000002 0.952211 -0.305441
1741159988.152635 2.535026 -2.370839 -0.000011 0.000078 -0.000002 0.952211 -0.305441
1741159988.202638 2.535026 -2.370839 -0.000011 0.000078 -0.000002 0.952211 -0.305441
1741159988.252631 2.535051 -2.370846 -0.000007 -0.000023 -0.000024 0.952211 -0.305440
1741159988.302623 2.535051 -2.370846 -0.000007 -0.000023 -0.000024 0.952211 -0.305440
1741159988.352725 2.535051 -2.370846 -0.000007 -0.000023 -0.000024 0.952211 -0.305440
1741159988.402638 2.535051 -2.370846 -0.000007 -0.000023 -0.000024 0.952211 -0.305440
1741159988.452676 2.535051 -2.370846 -0.000007 -0.000023 -0.000024 0.952211 -0.305440
1741159988.502725 2.535051 -2.370846 -0.000007 -0.000023 -0.000024 0.952211 -0.305440
