26854.787000 0.0924221 -0.0123358 1.3240646 0.5406616 -0.5404952 0.4558120 -0.4558348
26854.787000 0.0924221 -0.0123358 1.3240646 0.5406616 -0.5404952 0.4558120 -0.4558348
26854.836000 0.0924221 -0.0123358 1.3240646 0.5406616 -0.5404952 0.4558120 -0.4558348
26854.936000 0.0924546 -0.0123300 1.3240615 0.5406796 -0.5404798 0.4557967 -0.4558470
26855.036000 0.0924846 -0.0123243 1.3240585 0.5406990 -0.5404656 0.4557795 -0.4558581
26855.136000 0.0925126 -0.0123187 1.3240557 0.5407194 -0.5404523 0.4557611 -0.4558680
26855.236000 0.0929625 -0.0124048 1.3240273 0.5407974 -0.5405290 0.4556367 -0.4558089
26855.336000 0.0925768 -0.0123102 1.3240494 0.5407640 -0.5404306 0.4557185 -0.4558834
26855.436000 0.0930153 -0.0123944 1.3240218 0.5408419 -0.5405061 0.4555951 -0.4558248
26855.536000 0.0930468 -0.0123906 1.3240187 0.5408655 -0.5404967 0.4555721 -0.4558310
26855.637000 0.0930686 -0.0123849 1.3240163 0.5408880 -0.5404856 0.4555512 -0.4558384
26855.736000 0.0926573 -0.0122858 1.3240400 0.5408524 -0.5403838 0.4556374 -0.4559151
26855.836000 0.0931012 -0.0123716 1.3240120 0.5409322 -0.5404618 0.4555110 -0.4558543
26855.936000 0.0927056 -0.0122763 1.3240349 0.5408990 -0.5403636 0.4555929 -0.4559282
26856.036000 0.0927109 -0.0122678 1.3240335 0.5409198 -0.5403498 0.4555752 -0.4559377
26856.136000 0.0927262 -0.0122622 1.3240316 0.5409417 -0.5403381 0.4555549 -0.4559458
26856.236000 0.0931894 -0.0123488 1.3240019 0.5410261 -0.5404209 0.4554228 -0.4558796
26856.336000 0.0932105 -0.0123450 1.3239998 0.5410486 -0.5404104 0.4554010 -0.4558870
26856.436000 0.0928072 -0.0122489 1.3240232 0.5410142 -0.5403112 0.4554846 -0.4559619
26856.537000 0.0932301 -0.0123308 1.3239966 0.5410914 -0.5403852 0.4553629 -0.4559042
26856.636000 0.0932599 -0.0123279 1.3239938 0.5411158 -0.5403766 0.4553386 -0.4559097
26856.736000 0.0928568 -0.0122318 1.3240172 0.5410815 -0.5402774 0.4554220 -0.4559845
26856.836000 0.0932834 -0.0123146 1.3239903 0.5411593 -0.5403521 0.4552992 -0.4559264
26856.936000 0.0928845 -0.0122195 1.3240136 0.5411257 -0.5402536 0.4553815 -0.4560007
26857.036000 0.0933149 -0.0123032 1.3239865 0.5412038 -0.5403292 0.4552580 -0.4559419
26857.136000 0.0933389 -0.0122994 1.3239840 0.5412271 -0.5403195 0.4552353 -0.4559483
26857.237000 0.0933538 -0.0122936 1.3239822 0.5412492 -0.5403078 0.4552149 -0.4559563
26857.337000 0.0933685 -0.0122879 1.3239804 0.5412711 -0.5402961 0.4551946 -0.4559644
26857.436000 0.0933828 -0.0122822 1.3239786 0.5412930 -0.5402843 0.4551744 -0.4559726
26857.536000 0.0933969 -0.0122765 1.3239768 0.5413148 -0.5402724 0.4551543 -0.4559808
26857.637000 0.0929873 -0.0121798 1.3240008 0.5412795 -0.5401717 0.4552394 -0.4560572
26857.736000 0.0934153 -0.0122632 1.3239738 0.5413570 -0.5402466 0.4551165 -0.4559990
26857.836000 0.0934374 -0.0122593 1.3239716 0.5413798 -0.5402364 0.4550945 -0.4560061
26857.936000 0.0934504 -0.0122536 1.3239699 0.5414013 -0.5402242 0.4550747 -0.4560147
26858.036000 0.0930394 -0.0121570 1.3239941 0.5413656 -0.5401231 0.4551602 -0.4560915
26858.136000 0.0934667 -0.0122403 1.3239672 0.5414429 -0.5401978 0.4550377 -0.4560336
26858.236000 0.0934877 -0.0122364 1.3239651 0.5414654 -0.5401872 0.4550160 -0.4560411
26858.336000 0.0930760 -0.0121399 1.3239893 0.5414295 -0.5400859 0.4551017 -0.4561181
26858.437000 0.0935024 -0.0122231 1.3239625 0.5415066 -0.5401604 0.4549794 -0.4560605
26858.536000 0.0935227 -0.0122193 1.3239605 0.5415288 -0.5401496 0.4549580 -0.4560682
26858.636000 0.0935339 -0.0122135 1.3239590 0.5415499 -0.5401369 0.4549388 -0.4560773
26858.737000 0.0935449 -0.0122079 1.3239575 0.5415706 -0.5401243 0.4549199 -0.4560865
26858.836000 0.0931234 -0.0121095 1.3239824 0.5415334 -0.5400208 0.4550079 -0.4561654
26858.936000 0.0935574 -0.0121945 1.3239552 0.5416113 -0.5400967 0.4548839 -0.4561068
26859.036000 0.0931527 -0.0121000 1.3239791 0.5415762 -0.5399968 0.4549680 -0.4561830
26859.137000 0.0931498 -0.0120915 1.3239785 0.5415951 -0.5399810 0.4549524 -0.4561946
26859.236000 0.0931596 -0.0120858 1.3239771 0.5416157 -0.5399680 0.4549337 -0.4562043
26859.336000 0.0935969 -0.0121715 1.3239497 0.5416940 -0.5400445 0.4548089 -0.4561452
26859.436000 0.0936152 -0.0121677 1.3239479 0.5417157 -0.5400332 0.4547881 -0.4561536
26859.536000 0.0936243 -0.0121620 1.3239466 0.5417361 -0.5400199 0.4547696 -0.4561634
26859.636000 0.0936333 -0.0121562 1.3239453 0.5417565 -0.5400066 0.4547512 -0.4561733
26859.736000 0.0936421 -0.0121505 1.3239440 0.5417768 -0.5399933 0.4547328 -0.4561833
26859.836000 0.0932271 -0.0120543 1.3239687 0.5417400 -0.5398911 0.4548196 -0.4562615
26859.936000 0.0932225 -0.0120459 1.3239682 0.5417585 -0.5398749 0.4548045 -0.4562737
26860.036000 0.0936584 -0.0121314 1.3239409 0.5418363 -0.5399510 0.4546803 -0.4562151
26860.136000 0.0936752 -0.0121276 1.3239392 0.5418576 -0.5399392 0.4546600 -0.4562239
26860.236000 0.0932595 -0.0120315 1.3239639 0.5418206 -0.5398369 0.4547470 -0.4563023
26860.336000 0.0936818 -0.0121142 1.3239375 0.5418965 -0.5399101 0.4546261 -0.4562460
26860.436000 0.0932660 -0.0120183 1.3239622 0.5418594 -0.5398076 0.4547132 -0.4563245
26860.536000 0.0936967 -0.0121028 1.3239352 0.5419364 -0.5398826 0.4545902 -0.4562669
26860.636000 0.0932803 -0.0120069 1.3239600 0.5418992 -0.5397800 0.4546774 -0.4563455
26860.736000 0.0932828 -0.0120002 1.3239592 0.5419184 -0.5397652 0.4546608 -0.4563569
26860.836000 0.0937173 -0.0120855 1.3239320 0.5419958 -0.5398409 0.4545370 -0.4562987
26860.936000 0.0933006 -0.0119897 1.3239569 0.5419585 -0.5397382 0.4546243 -0.4563775
26861.036000 0.0937305 -0.0120741 1.3239300 0.5420353 -0.5398129 0.4545017 -0.4563201
26861.136000 0.0937454 -0.0120702 1.3239284 0.5420560 -0.5398006 0.4544820 -0.4563296
26861.236000 0.0937515 -0.0120645 1.3239274 0.5420756 -0.5397865 0.4544645 -0.4563404
26861.336000 0.0933338 -0.0119687 1.3239524 0.5420380 -0.5396836 0.4545521 -0.4564195
26861.436000 0.0937502 -0.0120503 1.3239263 0.5421127 -0.5397555 0.4544331 -0.4563643
26861.536000 0.0937689 -0.0120473 1.3239246 0.5421341 -0.5397438 0.4544123 -0.4563733
26861.636000 0.0937743 -0.0120415 1.3239236 0.5421535 -0.5397295 0.4543950 -0.4563844
26861.736000 0.0937797 -0.0120358 1.3239227 0.5421729 -0.5397152 0.4543778 -0.4563955
26861.836000 0.0933527 -0.0119384 1.3239483 0.5421339 -0.5396103 0.4544677 -0.4564763
26861.936000 0.0937813 -0.0120225 1.3239215 0.5422104 -0.5396846 0.4543456 -0.4564193
26862.036000 0.0933627 -0.0119270 1.3239465 0.5421725 -0.5395814 0.4544335 -0.4564987
26862.136000 0.0937910 -0.0120110 1.3239198 0.5422488 -0.5396556 0.4543114 -0.4564419
26862.237000 0.0938042 -0.0120071 1.3239184 0.5422692 -0.5396429 0.4542923 -0.4564518
26862.336000 0.0938087 -0.0120014 1.3239176 0.5422883 -0.5396283 0.4542753 -0.4564632
26862.436000 0.0938131 -0.0119957 1.3239167 0.5423074 -0.5396136 0.4542584 -0.4564747
26862.536000 0.0933979 -0.0119012 1.3239416 0.5422697 -0.5395114 0.4543456 -0.4565536
26862.636000 0.0933849 -0.0118918 1.3239419 0.5422866 -0.5394929 0.4543329 -0.4565680
26862.736000 0.0938124 -0.0119757 1.3239152 0.5423625 -0.5395670 0.4542112 -0.4565112
26862.836000 0.0938293 -0.0119727 1.3239136 0.5423834 -0.5395548 0.4541911 -0.4565209
26862.936000 0.0934137 -0.0118784 1.3239385 0.5423456 -0.5394524 0.4542785 -0.4565999
26863.036000 0.0938278 -0.0119594 1.3239127 0.5424200 -0.5395233 0.4541599 -0.4565456
26863.136000 0.0938402 -0.0119555 1.3239114 0.5424401 -0.5395103 0.4541410 -0.4565559
26863.236000 0.0934158 -0.0118595 1.3239369 0.5424010 -0.5394060 0.4542306 -0.4566365
26863.336000 0.0938382 -0.0119422 1.3239105 0.5424765 -0.5394786 0.4541100 -0.4565809
26863.437000 0.0934265 -0.0118489 1.3239352 0.5424393 -0.5393768 0.4541963 -0.4566596
26863.536000 0.0938443 -0.0119307 1.3239091 0.5425140 -0.5394486 0.4540770 -0.4566046
26863.636000 0.0934325 -0.0118375 1.3239338 0.5424767 -0.5393468 0.4541633 -0.4566834
26863.736000 0.0934223 -0.0118291 1.3239340 0.5424936 -0.5393290 0.4541501 -0.4566974
26863.837000 0.0934251 -0.0118234 1.3239333 0.5425123 -0.5393139 0.4541337 -0.4567094
26863.936000 0.0938555 -0.0119078 1.3239065 0.5425886 -0.5393883 0.4540114 -0.4566525
26864.036000 0.0938669 -0.0119040 1.3239053 0.5426084 -0.5393750 0.4539929 -0.4566631
26864.136000 0.0938693 -0.0118982 1.3239047 0.5426270 -0.5393598 0.4539766 -0.4566752
26864.237000 0.0934438 -0.0118025 1.3239303 0.5425876 -0.5392553 0.4540665 -0.4567561
26864.336000 0.0938651 -0.0118849 1.3239040 0.5426628 -0.5393275 0.4539462 -0.4567009
26864.436000 0.0934524 -0.0117919 1.3239288 0.5426253 -0.5392255 0.4540328 -0.4567799
26864.536000 0.0938692 -0.0118735 1.3239028 0.5426997 -0.5392970 0.4539139 -0.4567253
26864.637000 0.0938800 -0.0118696 1.3239017 0.5427193 -0.5392835 0.4538956 -0.4567361
26864.736000 0.0938819 -0.0118639 1.3239011 0.5427376 -0.5392683 0.4538796 -0.4567482
26864.836000 0.0934515 -0.0117673 1.3239271 0.5426977 -0.5391624 0.4539704 -0.4568303
26864.937000 0.0938767 -0.0118506 1.3239006 0.5427733 -0.5392356 0.4538495 -0.4567744
26865.036000 0.0938870 -0.0118467 1.3238995 0.5427928 -0.5392219 0.4538313 -0.4567853
26865.137000 0.0938885 -0.0118410 1.3238990 0.5428111 -0.5392065 0.4538153 -0.4567977
26865.236000 0.0938899 -0.0118352 1.3238984 0.5428294 -0.5391910 0.4537993 -0.4568101
26865.336000 0.0934676 -0.0117406 1.3239239 0.5427904 -0.5390869 0.4538883 -0.4568909
26865.436000 0.0934559 -0.0117322 1.3239242 0.5428069 -0.5390687 0.4538756 -0.4569054
26865.536000 0.1030617 -0.0123532 1.3239930 0.5407234 -0.5406397 0.4557205 -0.4556816
26865.636000 0.1037393 -0.0124526 1.3239633 0.5407638 -0.5407502 0.4556287 -0.4555944
26865.736000 0.1037751 -0.0124477 1.3239599 0.5407832 -0.5407359 0.4556113 -0.4556058
26865.836000 0.1038042 -0.0124419 1.3239570 0.5408030 -0.5407220 0.4555936 -0.4556164
26865.936000 0.1038314 -0.0124362 1.3239541 0.5408237 -0.5407090 0.4555748 -0.4556260
26866.036000 0.1135624 -0.0125042 1.3239572 -0.5406873 0.5408038 -0.4556579 0.4555924
26866.136000 0.1221045 -0.0123438 1.3240671 0.5406476 -0.5405081 0.4558220 -0.4558262
26866.236000 0.1427784 -0.0124259 1.3240154 -0.5406145 0.5406458 -0.4558104 0.4557137
26866.336000 0.1530501 -0.0123701 1.3239964 -0.5406689 0.5406743 -0.4557685 0.4556572
26866.436000 0.1724325 -0.0124599 1.3240437 0.5406454 -0.5406165 0.4557573 -0.4557649
26866.536000 0.1826108 -0.0124377 1.3240447 0.5406879 -0.5405901 0.4557335 -0.4557696
26866.636000 0.1935883 -0.0124649 1.3239696 -0.5407256 0.5407683 -0.4556617 0.4555852
26866.736000 0.2030833 -0.0123673 1.3239924 0.5406862 -0.5406800 0.4557507 -0.4556477
26866.836000 0.2124312 -0.0124299 1.3240411 0.5407097 -0.5405910 0.4557145 -0.4557617
26866.936000 0.2232198 -0.0124588 1.3239658 -0.5407498 0.5407646 -0.4556394 0.4555832
26867.036000 0.2335107 -0.0124587 1.3239656 -0.5407479 0.5407666 -0.4556411 0.4555814
26867.136000 0.2430813 -0.0123672 1.3239924 0.5406864 -0.5406798 0.4557506 -0.4556478
26867.237000 0.2433073 -0.0123589 1.3239896 0.5407034 -0.5406615 0.4557379 -0.4556620
26867.336000 0.2433386 -0.0123531 1.3239865 0.5407222 -0.5406464 0.4557216 -0.4556740
26867.437000 0.2433677 -0.0123473 1.3239835 0.5407421 -0.5406325 0.4557038 -0.4556846
26867.536000 0.2433949 -0.0123417 1.3239807 0.5407628 -0.5406196 0.4556850 -0.4556942
26867.636000 0.2520884 -0.0123409 1.3240688 0.5406436 -0.5405014 0.4558279 -0.4558330
26867.737000 0.2620911 -0.0123410 1.3240679 0.5406436 -0.5405076 0.4558271 -0.4558264
26867.836000 0.2726182 -0.0124338 1.3240419 0.5407018 -0.5405978 0.4557203 -0.4557573
26867.936000 0.2830769 -0.0123681 1.3239930 0.5406858 -0.5406792 0.4557511 -0.4556488
26868.036000 0.2921028 -0.0123395 1.3240668 0.5406512 -0.5405041 0.4558204 -0.4558282
26868.136000 0.3026295 -0.0124319 1.3240406 0.5407082 -0.5405954 0.4557147 -0.4557581
26868.236000 0.3233491 -0.0126415 1.3239655 -0.5407103 0.5408142 -0.4556089 0.4556017
26868.336000 0.3330563 -0.0123457 1.3239850 0.5407002 -0.5406392 0.4557686 -0.4556616
26868.436000 0.3420746 -0.0123670 1.3240714 0.5405808 -0.5405333 0.4558727 -0.4558249
26868.536000 0.3526182 -0.0124338 1.3240419 0.5407017 -0.5405978 0.4557203 -0.4557572
26868.637000 0.3626433 -0.0124333 1.3240398 0.5407107 -0.5405962 0.4557115 -0.4557574
26868.736000 0.3828620 -0.0123712 1.3239955 -0.5406704 0.5406775 -0.4557660 0.4556542
26868.836000 0.3933866 -0.0124599 1.3239688 -0.5407330 0.5407698 -0.4556557 0.4555806
26868.937000 0.4034118 -0.0124597 1.3239661 -0.5407453 0.5407688 -0.4556432 0.4555797
26869.036000 0.4217944 -0.0123451 1.3240687 0.5406405 -0.5405050 0.4558288 -0.4558315
26869.137000 0.4333951 -0.0124575 1.3239673 -0.5407438 0.5407652 -0.4556462 0.4555828
26869.236000 0.4434117 -0.0124596 1.3239661 -0.5407455 0.5407686 -0.4556430 0.4555799
26869.336000 0.4534117 -0.0124596 1.3239661 -0.5407455 0.5407687 -0.4556431 0.4555798
26869.436000 0.4726222 -0.0127208 1.3240189 -0.5406793 0.5406891 -0.4556286 0.4557674
26869.536000 0.4826264 -0.0124424 1.3240420 0.5406973 -0.5405997 0.4557214 -0.4557592
26869.636000 0.4926262 -0.0124361 1.3240418 0.5407008 -0.5405993 0.4557202 -0.4557568
26869.736000 0.5026308 -0.0124354 1.3240412 0.5407041 -0.5405996 0.4557170 -0.4557556
26869.836000 0.5126342 -0.0124349 1.3240407 0.5407061 -0.5405991 0.4557152 -0.4557555
26869.936000 0.5234135 -0.0124598 1.3239663 -0.5407469 0.5407670 -0.4556418 0.4555814
26870.037000 0.5321167 -0.0123417 1.3240656 0.5406549 -0.5405056 0.4558155 -0.4558269
26870.136000 0.5523943 -0.0124588 1.3240459 -0.5406323 0.5406330 -0.4557761 0.4557420
26870.237000 0.5630610 -0.0123719 1.3239957 -0.5406681 0.5406782 -0.4557679 0.4556541
26870.336000 0.5720875 -0.0123418 1.3240691 0.5406400 -0.5405026 0.4558312 -0.4558325
26870.436000 0.5923735 -0.0124603 1.3240484 -0.5406156 0.5406347 -0.4557941 0.4557418
26870.537000 0.6021098 -0.0123435 1.3240667 0.5406470 -0.5405106 0.4558223 -0.4558236
26870.636000 0.6231119 -0.0124589 1.3239657 -0.5407326 0.5407787 -0.4556562 0.4555700
26870.736000 0.6323243 -0.0123649 1.3240525 0.5406134 -0.5405404 0.4558374 -0.4558129
26870.836000 0.6433689 -0.0124529 1.3239722 0.5407552 -0.5407169 0.4556352 -0.4556376
26870.936000 0.6530511 -0.0123743 1.3239978 -0.5406545 0.5406706 -0.4557803 0.4556670
26871.036000 0.6626057 -0.0124358 1.3240444 0.5406930 -0.5405890 0.4557288 -0.4557695
26871.136000 0.6726214 -0.0124367 1.3240427 0.5406964 -0.5405970 0.4557247 -0.4557600
26871.236000 0.6835960 -0.0124627 1.3239680 -0.5407369 0.5407704 -0.4556507 0.4555804
26871.336000 0.6924418 -0.0124354 1.3240413 0.5407063 -0.5405969 0.4557152 -0.4557581
26871.436000 0.7117886 -0.0123452 1.3240687 0.5406405 -0.5405050 0.4558288 -0.4558314
26871.536000 0.7219910 -0.0123416 1.3240685 0.5406403 -0.5405066 0.4558304 -0.4558282
26871.636000 0.7330597 -0.0123671 1.3239941 0.5406814 -0.5406783 0.4557561 -0.4556501
26871.736000 0.7435977 -0.0124605 1.3239673 -0.5407391 0.5407712 -0.4556490 0.4555784
26871.836000 0.7620156 -0.0123492 1.3240662 0.5406383 -0.5405205 0.4558286 -0.4558159
26871.936000 0.7729825 -0.0123766 1.3240042 0.5406564 -0.5406379 0.4557716 -0.4557120
26872.036000 0.7830645 -0.0123670 1.3239939 -0.5406797 0.5406806 -0.4557576 0.4556479
26872.136000 0.8032794 -0.0124638 1.3239704 -0.5407217 0.5407670 -0.4556661 0.4555870
26872.236000 0.8129871 -0.0123686 1.3239923 0.5406859 -0.5406815 0.4557505 -0.4556466
26872.337000 0.8323734 -0.0124603 1.3240484 -0.5406157 0.5406347 -0.4557941 0.4557418
26872.436000 0.8430576 -0.0123573 1.3239970 0.5407124 -0.5406216 0.4557289 -0.4557079
26872.536000 0.8526097 -0.0124353 1.3240437 0.5406960 -0.5405925 0.4557260 -0.4557646
26872.636000 0.8726880 -0.0123685 1.3240138 0.5406364 -0.5406237 0.4558084 -0.4557158
26872.736000 0.8834760 -0.0124458 1.3239719 0.5407672 -0.5407073 0.4556292 -0.4556408
26872.836000 0.8933915 -0.0124642 1.3239696 -0.5407247 0.5407692 -0.4556628 0.4555841
26872.936000 0.9030645 -0.0123703 1.3239944 -0.5406750 0.5406828 -0.4557609 0.4556475
26873.036000 0.9130607 -0.0123678 1.3239945 -0.5406766 0.5406810 -0.4557604 0.4556483
26873.136000 0.9220953 -0.0123408 1.3240677 0.5406466 -0.5405053 0.4558245 -0.4558282
26873.236000 0.9330661 -0.0123662 1.3239935 0.5406846 -0.5406773 0.4557532 -0.4556503
26873.336000 0.9433987 -0.0124574 1.3239672 -0.5407420 0.5407672 -0.4556477 0.4555811
26873.436000 0.9526378 -0.0124338 1.3240401 0.5407114 -0.5405951 0.4557107 -0.4557585
26873.536000 0.9626425 -0.0124334 1.3240398 0.5407105 -0.5405964 0.4557116 -0.4557573
26873.636000 0.9833159 -0.0124657 1.3239665 -0.5407348 0.5407776 -0.4556518 0.4555732
26873.736000 0.9925825 -0.0124628 1.3240490 0.5406230 -0.5406178 0.4557824 -0.4557649
26873.837000 1.0026291 -0.0124357 1.3240414 0.5407028 -0.5405998 0.4557182 -0.4557557
26873.936000 1.0134080 -0.0124609 1.3239669 -0.5407435 0.5407690 -0.4556446 0.4555802
26874.036000 1.0228930 -0.0123692 1.3239920 0.5406874 -0.5406816 0.4557486 -0.4556465
26874.137000 1.0323006 -0.0123390 1.3240664 0.5406528 -0.5405032 0.4558191 -0.4558287
26874.236000 1.0426366 -0.0124314 1.3240403 0.5407097 -0.5405942 0.4557135 -0.4557589
26874.336000 1.0628013 -0.0124110 1.3239887 -0.5406889 0.5407133 -0.4557285 0.4556272
26874.436000 1.0728679 -0.0123694 1.3239945 -0.5406787 0.5406793 -0.4557579 0.4556503
26874.536000 1.0928361 -0.0123723 1.3239984 -0.5406534 0.5406687 -0.4557824 0.4556685
26874.636000 1.1033773 -0.0124617 1.3239707 -0.5407211 0.5407661 -0.4556679 0.4555870
26874.736000 1.1123008 -0.0123409 1.3240667 0.5406506 -0.5405059 0.4558203 -0.4558270
26874.836000 1.1234043 -0.0124569 1.3239670 -0.5407457 0.5407639 -0.4556446 0.4555837
26874.936000 1.1424018 -0.0124607 1.3240451 -0.5406311 0.5406418 -0.4557775 0.4557318
26875.036000 1.1530599 -0.0123728 1.3239959 -0.5406653 0.5406788 -0.4557702 0.4556544
26875.136000 1.1626128 -0.0124347 1.3240433 0.5406975 -0.5405927 0.4557249 -0.4557637
26875.236000 1.1730697 -0.0123695 1.3239939 0.5406803 -0.5406803 0.4557561 -0.4556491
26875.336000 1.1826215 -0.0124335 1.3240418 0.5407048 -0.5405953 0.4557176 -0.4557592
26875.436000 1.1934096 -0.0124606 1.3239667 -0.5407447 0.5407684 -0.4556437 0.4555805
26875.537000 1.2021145 -0.0123421 1.3240658 0.5406538 -0.5405064 0.4558165 -0.4558264
26875.636000 1.2134011 -0.0124562 1.3239667 -0.5407473 0.5407625 -0.4556433 0.4555847
26875.736000 1.2235149 -0.0124587 1.3239656 -0.5407479 0.5407666 -0.4556411 0.4555813
26875.836000 1.2428591 -0.0123716 1.3239960 -0.5406653 0.5406789 -0.4557709 0.4556537
26875.937000 1.2520053 -0.0123400 1.3240671 0.5406496 -0.5405050 0.4558217 -0.4558277
26876.036000 1.2630688 -0.0123653 1.3239930 0.5406876 -0.5406756 0.4557507 -0.4556512
26876.136000 1.2828446 -0.0123608 1.3239981 0.5406981 -0.5406278 0.4557405 -0.4557058
26876.236000 1.2920844 -0.0123423 1.3240695 0.5406385 -0.5405024 0.4558323 -0.4558334
26876.336000 1.3030580 -0.0123678 1.3239946 -0.5406782 0.5406785 -0.4557591 0.4556507
26876.436000 1.3133913 -0.0124589 1.3239681 -0.5407370 0.5407694 -0.4556520 0.4555800
26876.536000 1.3226299 -0.0124352 1.3240410 0.5407071 -0.5405971 0.4557144 -0.4557576
26876.637000 1.3418023 -0.0123449 1.3240683 0.5406399 -0.5405090 0.4558291 -0.4558271
26876.736000 1.3526257 -0.0124326 1.3240410 0.5407061 -0.5405968 0.4557164 -0.4557572
26876.836000 1.3724155 -0.0124619 1.3240450 0.5406397 -0.5406252 0.4557640 -0.4557546
26876.936000 1.3830574 -0.0123734 1.3239966 -0.5406642 0.5406738 -0.4557704 0.4556615
26877.036000 1.3935883 -0.0124625 1.3239687 -0.5407310 0.5407720 -0.4556565 0.4555795
26877.137000 1.4029929 -0.0123679 1.3239920 0.5406876 -0.5406803 0.4557491 -0.4556474
26877.236000 1.4223972 -0.0124361 1.3240453 0.5406930 -0.5405812 0.4557279 -0.4557797
26877.336000 1.4335872 -0.0124658 1.3239698 -0.5407228 0.5407689 -0.4556640 0.4555856
26877.436000 1.4421952 -0.0123437 1.3240686 0.5406409 -0.5405047 0.4558293 -0.4558308
26877.536000 1.4528814 -0.0123651 1.3239929 0.5406881 -0.5406752 0.4557503 -0.4556515
26877.636000 1.4626298 -0.0124314 1.3240404 0.5407117 -0.5405920 0.4557117 -0.4557608
26877.736000 1.4820554 -0.0123579 1.3240645 0.5406456 -0.5405254 0.4558176 -0.4558124
26877.836000 1.4930174 -0.0123661 1.3240020 0.5406787 -0.5406177 0.4557561 -0.4557250
26877.936000 1.5028731 -0.0123668 1.3239938 0.5406805 -0.5406804 0.4557569 -0.4556480
26878.036000 1.5126181 -0.0124334 1.3240417 0.5407054 -0.5405953 0.4557171 -0.4557591
26878.136000 1.5234080 -0.0124609 1.3239669 -0.5407436 0.5407689 -0.4556445 0.4555803
26878.236000 1.5330786 -0.0123674 1.3239925 0.5406859 -0.5406802 0.4557510 -0.4556476
26878.336000 1.5430749 -0.0123649 1.3239927 0.5406864 -0.5406771 0.4557518 -0.4556498
26878.436000 1.5628863 -0.0122820 1.3239897 0.5406904 -0.5406747 0.4557786 -0.4556211
26878.536000 1.5732242 -0.0124080 1.3239839 -0.5406260 0.5407139 -0.4557694 0.4556603
26878.637000 1.5833904 -0.0124591 1.3239682 -0.5407361 0.5407698 -0.4556528 0.4555799
26878.736000 1.5929810 -0.0123692 1.3239927 0.5406839 -0.5406826 0.4557521 -0.4556460
26878.837000 1.5933033 -0.0123596 1.3239900 0.5407012 -0.5406635 0.4557398 -0.4556605
26878.936000 1.5933350 -0.0123537 1.3239869 0.5407199 -0.5406481 0.4557236 -0.4556727
26879.036000 1.5937881 -0.0124399 1.3239580 0.5407968 -0.5407231 0.4556007 -0.4556154
26879.136000 1.5934006 -0.0123442 1.3239805 0.5407615 -0.5406229 0.4556851 -0.4556917
26879.236000 1.5938499 -0.0124303 1.3239519 0.5408399 -0.5406995 0.4555603 -0.4556326
26879.336000 1.5934591 -0.0123346 1.3239746 0.5408058 -0.5406005 0.4556434 -0.4557076
26854.787000 0.0924221 -0.0123358 1.3240646 0.5406616 -0.5404952 0.4558120 -0.4558348
26854.787000 0.0924221 -0.0123358 1.3240646 0.5406616 -0.5404952 0.4558120 -0.4558348
26854.836000 0.0924221 -0.0123358 1.3240646 0.5406616 -0.5404952 0.4558120 -0.4558348
26854.936000 0.0924546 -0.0123300 1.3240615 0.5406796 -0.5404798 0.4557967 -0.4558470
26855.036000 0.0924846 -0.0123243 1.3240585 0.5406990 -0.5404656 0.4557795 -0.4558581
26855.136000 0.0925126 -0.0123187 1.3240557 0.5407194 -0.5404523 0.4557611 -0.4558680
26855.236000 0.0929625 -0.0124048 1.3240273 0.5407974 -0.5405290 0.4556367 -0.4558089
26855.336000 0.0925768 -0.0123102 1.3240494 0.5407640 -0.5404306 0.4557185 -0.4558834
26855.436000 0.0930153 -0.0123944 1.3240218 0.5408419 -0.5405061 0.4555951 -0.4558248
26855.536000 0.0930468 -0.0123906 1.3240187 0.5408655 -0.5404967 0.4555721 -0.4558310
26855.637000 0.0930686 -0.0123849 1.3240163 0.5408880 -0.5404856 0.4555512 -0.4558384
26855.736000 0.0926573 -0.0122858 1.3240400 0.5408524 -0.5403838 0.4556374 -0.4559151
26855.836000 0.0931012 -0.0123716 1.3240120 0.5409322 -0.5404618 0.4555110 -0.4558543
26855.936000 0.0927056 -0.0122763 1.3240349 0.5408990 -0.5403636 0.4555929 -0.4559282
26856.036000 0.0927109 -0.0122678 1.3240335 0.5409198 -0.5403498 0.4555752 -0.4559377
26856.136000 0.0927262 -0.0122622 1.3240316 0.5409417 -0.5403381 0.4555549 -0.4559458
26856.236000 0.0931894 -0.0123488 1.3240019 0.5410261 -0.5404209 0.4554228 -0.4558796
26856.336000 0.0932105 -0.0123450 1.3239998 0.5410486 -0.5404104 0.4554010 -0.4558870
26856.436000 0.0928072 -0.0122489 1.3240232 0.5410142 -0.5403112 0.4554846 -0.4559619
26856.537000 0.0932301 -0.0123308 1.3239966 0.5410914 -0.5403852 0.4553629 -0.4559042
26856.636000 0.0932599 -0.0123279 1.3239938 0.5411158 -0.5403766 0.4553386 -0.4559097
26856.736000 0.0928568 -0.0122318 1.3240172 0.5410815 -0.5402774 0.4554220 -0.4559845
26856.836000 0.0932834 -0.0123146 1.3239903 0.5411593 -0.5403521 0.4552992 -0.4559264
26856.936000 0.0928845 -0.0122195 1.3240136 0.5411257 -0.5402536 0.4553815 -0.4560007
26857.036000 0.0933149 -0.0123032 1.3239865 0.5412038 -0.5403292 0.4552580 -0.4559419
26857.136000 0.0933389 -0.0122994 1.3239840 0.5412271 -0.5403195 0.4552353 -0.4559483
26857.237000 0.0933538 -0.0122936 1.3239822 0.5412492 -0.5403078 0.4552149 -0.4559563
26857.337000 0.0933685 -0.0122879 1.3239804 0.5412711 -0.5402961 0.4551946 -0.4559644
26857.436000 0.0933828 -0.0122822 1.3239786 0.5412930 -0.5402843 0.4551744 -0.4559726
26857.536000 0.0933969 -0.0122765 1.3239768 0.5413148 -0.5402724 0.4551543 -0.4559808
26857.637000 0.0929873 -0.0121798 1.3240008 0.5412795 -0.5401717 0.4552394 -0.4560572
26857.736000 0.0934153 -0.0122632 1.3239738 0.5413570 -0.5402466 0.4551165 -0.4559990
26857.836000 0.0934374 -0.0122593 1.3239716 0.5413798 -0.5402364 0.4550945 -0.4560061
26857.936000 0.0934504 -0.0122536 1.3239699 0.5414013 -0.5402242 0.4550747 -0.4560147
26858.036000 0.0930394 -0.0121570 1.3239941 0.5413656 -0.5401231 0.4551602 -0.4560915
26858.136000 0.0934667 -0.0122403 1.3239672 0.5414429 -0.5401978 0.4550377 -0.4560336
26858.236000 0.0934877 -0.0122364 1.3239651 0.5414654 -0.5401872 0.4550160 -0.4560411
26858.336000 0.0930760 -0.0121399 1.3239893 0.5414295 -0.5400859 0.4551017 -0.4561181
26858.437000 0.0935024 -0.0122231 1.3239625 0.5415066 -0.5401604 0.4549794 -0.4560605
26858.536000 0.0935227 -0.0122193 1.3239605 0.5415288 -0.5401496 0.4549580 -0.4560682
26858.636000 0.0935339 -0.0122135 1.3239590 0.5415499 -0.5401369 0.4549388 -0.4560773
26858.737000 0.0935449 -0.0122079 1.3239575 0.5415706 -0.5401243 0.4549199 -0.4560865
26858.836000 0.0931234 -0.0121095 1.3239824 0.5415334 -0.5400208 0.4550079 -0.4561654
26858.936000 0.0935574 -0.0121945 1.3239552 0.5416113 -0.5400967 0.4548839 -0.4561068
26859.036000 0.0931527 -0.0121000 1.3239791 0.5415762 -0.5399968 0.4549680 -0.4561830
26859.137000 0.0931498 -0.0120915 1.3239785 0.5415951 -0.5399810 0.4549524 -0.4561946
26859.236000 0.0931596 -0.0120858 1.3239771 0.5416157 -0.5399680 0.4549337 -0.4562043
26859.336000 0.0935969 -0.0121715 1.3239497 0.5416940 -0.5400445 0.4548089 -0.4561452
26859.436000 0.0936152 -0.0121677 1.3239479 0.5417157 -0.5400332 0.4547881 -0.4561536
26859.536000 0.0936243 -0.0121620 1.3239466 0.5417361 -0.5400199 0.4547696 -0.4561634
26859.636000 0.0936333 -0.0121562 1.3239453 0.5417565 -0.5400066 0.4547512 -0.4561733
26859.736000 0.0936421 -0.0121505 1.3239440 0.5417768 -0.5399933 0.4547328 -0.4561833
26859.836000 0.0932271 -0.0120543 1.3239687 0.5417400 -0.5398911 0.4548196 -0.4562615
26859.936000 0.0932225 -0.0120459 1.3239682 0.5417585 -0.5398749 0.4548045 -0.4562737
26860.036000 0.0936584 -0.0121314 1.3239409 0.5418363 -0.5399510 0.4546803 -0.4562151
26860.136000 0.0936752 -0.0121276 1.3239392 0.5418576 -0.5399392 0.4546600 -0.4562239
26860.236000 0.0932595 -0.0120315 1.3239639 0.5418206 -0.5398369 0.4547470 -0.4563023
26860.336000 0.0936818 -0.0121142 1.3239375 0.5418965 -0.5399101 0.4546261 -0.4562460
26860.436000 0.0932660 -0.0120183 1.3239622 0.5418594 -0.5398076 0.4547132 -0.4563245
26860.536000 0.0936967 -0.0121028 1.3239352 0.5419364 -0.5398826 0.4545902 -0.4562669
26860.636000 0.0932803 -0.0120069 1.3239600 0.5418992 -0.5397800 0.4546774 -0.4563455
26860.736000 0.0932828 -0.0120002 1.3239592 0.5419184 -0.5397652 0.4546608 -0.4563569
26860.836000 0.0937173 -0.0120855 1.3239320 0.5419958 -0.5398409 0.4545370 -0.4562987
26860.936000 0.0933006 -0.0119897 1.3239569 0.5419585 -0.5397382 0.4546243 -0.4563775
26861.036000 0.0937305 -0.0120741 1.3239300 0.5420353 -0.5398129 0.4545017 -0.4563201
26861.136000 0.0937454 -0.0120702 1.3239284 0.5420560 -0.5398006 0.4544820 -0.4563296
26861.236000 0.0937515 -0.0120645 1.3239274 0.5420756 -0.5397865 0.4544645 -0.4563404
26861.336000 0.0933338 -0.0119687 1.3239524 0.5420380 -0.5396836 0.4545521 -0.4564195
26861.436000 0.0937502 -0.0120503 1.3239263 0.5421127 -0.5397555 0.4544331 -0.4563643
26861.536000 0.0937689 -0.0120473 1.3239246 0.5421341 -0.5397438 0.4544123 -0.4563733
26861.636000 0.0937743 -0.0120415 1.3239236 0.5421535 -0.5397295 0.4543950 -0.4563844
26861.736000 0.0937797 -0.0120358 1.3239227 0.5421729 -0.5397152 0.4543778 -0.4563955
26861.836000 0.0933527 -0.0119384 1.3239483 0.5421339 -0.5396103 0.4544677 -0.4564763
26861.936000 0.0937813 -0.0120225 1.3239215 0.5422104 -0.5396846 0.4543456 -0.4564193
26862.036000 0.0933627 -0.0119270 1.3239465 0.5421725 -0.5395814 0.4544335 -0.4564987
26862.136000 0.0937910 -0.0120110 1.3239198 0.5422488 -0.5396556 0.4543114 -0.4564419
26862.237000 0.0938042 -0.0120071 1.3239184 0.5422692 -0.5396429 0.4542923 -0.4564518
26862.336000 0.0938087 -0.0120014 1.3239176 0.5422883 -0.5396283 0.4542753 -0.4564632
26862.436000 0.0938131 -0.0119957 1.3239167 0.5423074 -0.5396136 0.4542584 -0.4564747
26862.536000 0.0933979 -0.0119012 1.3239416 0.5422697 -0.5395114 0.4543456 -0.4565536
26862.636000 0.0933849 -0.0118918 1.3239419 0.5422866 -0.5394929 0.4543329 -0.4565680
26862.736000 0.0938124 -0.0119757 1.3239152 0.5423625 -0.5395670 0.4542112 -0.4565112
26862.836000 0.0938293 -0.0119727 1.3239136 0.5423834 -0.5395548 0.4541911 -0.4565209
26862.936000 0.0934137 -0.0118784 1.3239385 0.5423456 -0.5394524 0.4542785 -0.4565999
26863.036000 0.0938278 -0.0119594 1.3239127 0.5424200 -0.5395233 0.4541599 -0.4565456
26863.136000 0.0938402 -0.0119555 1.3239114 0.5424401 -0.5395103 0.4541410 -0.4565559
26863.236000 0.0934158 -0.0118595 1.3239369 0.5424010 -0.5394060 0.4542306 -0.4566365
26863.336000 0.0938382 -0.0119422 1.3239105 0.5424765 -0.5394786 0.4541100 -0.4565809
26863.437000 0.0934265 -0.0118489 1.3239352 0.5424393 -0.5393768 0.4541963 -0.4566596
26863.536000 0.0938443 -0.0119307 1.3239091 0.5425140 -0.5394486 0.4540770 -0.4566046
26863.636000 0.0934325 -0.0118375 1.3239338 0.5424767 -0.5393468 0.4541633 -0.4566834
26863.736000 0.0934223 -0.0118291 1.3239340 0.5424936 -0.5393290 0.4541501 -0.4566974
26863.837000 0.0934251 -0.0118234 1.3239333 0.5425123 -0.5393139 0.4541337 -0.4567094
26863.936000 0.0938555 -0.0119078 1.3239065 0.5425886 -0.5393883 0.4540114 -0.4566525
26864.036000 0.0938669 -0.0119040 1.3239053 0.5426084 -0.5393750 0.4539929 -0.4566631
26864.136000 0.0938693 -0.0118982 1.3239047 0.5426270 -0.5393598 0.4539766 -0.4566752
26864.237000 0.0934438 -0.0118025 1.3239303 0.5425876 -0.5392553 0.4540665 -0.4567561
26864.336000 0.0938651 -0.0118849 1.3239040 0.5426628 -0.5393275 0.4539462 -0.4567009
26864.436000 0.0934524 -0.0117919 1.3239288 0.5426253 -0.5392255 0.4540328 -0.4567799
26864.536000 0.0938692 -0.0118735 1.3239028 0.5426997 -0.5392970 0.4539139 -0.4567253
26864.637000 0.0938800 -0.0118696 1.3239017 0.5427193 -0.5392835 0.4538956 -0.4567361
26864.736000 0.0938819 -0.0118639 1.3239011 0.5427376 -0.5392683 0.4538796 -0.4567482
26864.836000 0.0934515 -0.0117673 1.3239271 0.5426977 -0.5391624 0.4539704 -0.4568303
26864.937000 0.0938767 -0.0118506 1.3239006 0.5427733 -0.5392356 0.4538495 -0.4567744
26865.036000 0.0938870 -0.0118467 1.3238995 0.5427928 -0.5392219 0.4538313 -0.4567853
26865.137000 0.0938885 -0.0118410 1.3238990 0.5428111 -0.5392065 0.4538153 -0.4567977
26865.236000 0.0938899 -0.0118352 1.3238984 0.5428294 -0.5391910 0.4537993 -0.4568101
26865.336000 0.0934676 -0.0117406 1.3239239 0.5427904 -0.5390869 0.4538883 -0.4568909
26865.436000 0.0934559 -0.0117322 1.3239242 0.5428069 -0.5390687 0.4538756 -0.4569054
26865.536000 0.1030617 -0.0123532 1.3239930 0.5407234 -0.5406397 0.4557205 -0.4556816
26865.636000 0.1037393 -0.0124526 1.3239633 0.5407638 -0.5407502 0.4556287 -0.4555944
26865.736000 0.1037751 -0.0124477 1.3239599 0.5407832 -0.5407359 0.4556113 -0.4556058
26865.836000 0.1038042 -0.0124419 1.3239570 0.5408030 -0.5407220 0.4555936 -0.4556164
26865.936000 0.1038314 -0.0124362 1.3239541 0.5408237 -0.5407090 0.4555748 -0.4556260
26866.036000 0.1135624 -0.0125042 1.3239572 -0.5406873 0.5408038 -0.4556579 0.4555924
26866.136000 0.1221045 -0.0123438 1.3240671 0.5406476 -0.5405081 0.4558220 -0.4558262
26866.236000 0.1427784 -0.0124259 1.3240154 -0.5406145 0.5406458 -0.4558104 0.4557137
26866.336000 0.1530501 -0.0123701 1.3239964 -0.5406689 0.5406743 -0.4557685 0.4556572
26866.436000 0.1724325 -0.0124599 1.3240437 0.5406454 -0.5406165 0.4557573 -0.4557649
26866.536000 0.1826108 -0.0124377 1.3240447 0.5406879 -0.5405901 0.4557335 -0.4557696
26866.636000 0.1935883 -0.0124649 1.3239696 -0.5407256 0.5407683 -0.4556617 0.4555852
26866.736000 0.2030833 -0.0123673 1.3239924 0.5406862 -0.5406800 0.4557507 -0.4556477
26866.836000 0.2124312 -0.0124299 1.3240411 0.5407097 -0.5405910 0.4557145 -0.4557617
26866.936000 0.2232198 -0.0124588 1.3239658 -0.5407498 0.5407646 -0.4556394 0.4555832
26867.036000 0.2335107 -0.0124587 1.3239656 -0.5407479 0.5407666 -0.4556411 0.4555814
26867.136000 0.2430813 -0.0123672 1.3239924 0.5406864 -0.5406798 0.4557506 -0.4556478
26867.237000 0.2433073 -0.0123589 1.3239896 0.5407034 -0.5406615 0.4557379 -0.4556620
26867.336000 0.2433386 -0.0123531 1.3239865 0.5407222 -0.5406464 0.4557216 -0.4556740
26867.437000 0.2433677 -0.0123473 1.3239835 0.5407421 -0.5406325 0.4557038 -0.4556846
26867.536000 0.2433949 -0.0123417 1.3239807 0.5407628 -0.5406196 0.4556850 -0.4556942
26867.636000 0.2520884 -0.0123409 1.3240688 0.5406436 -0.5405014 0.4558279 -0.4558330
26867.737000 0.2620911 -0.0123410 1.3240679 0.5406436 -0.5405076 0.4558271 -0.4558264
26867.836000 0.2726182 -0.0124338 1.3240419 0.5407018 -0.5405978 0.4557203 -0.4557573
26867.936000 0.2830769 -0.0123681 1.3239930 0.5406858 -0.5406792 0.4557511 -0.4556488
26868.036000 0.2921028 -0.0123395 1.3240668 0.5406512 -0.5405041 0.4558204 -0.4558282
26868.136000 0.3026295 -0.0124319 1.3240406 0.5407082 -0.5405954 0.4557147 -0.4557581
26868.236000 0.3233491 -0.0126415 1.3239655 -0.5407103 0.5408142 -0.4556089 0.4556017
26868.336000 0.3330563 -0.0123457 1.3239850 0.5407002 -0.5406392 0.4557686 -0.4556616
26868.436000 0.3420746 -0.0123670 1.3240714 0.5405808 -0.5405333 0.4558727 -0.4558249
26868.536000 0.3526182 -0.0124338 1.3240419 0.5407017 -0.5405978 0.4557203 -0.4557572
26868.637000 0.3626433 -0.0124333 1.3240398 0.5407107 -0.5405962 0.4557115 -0.4557574
26868.736000 0.3828620 -0.0123712 1.3239955 -0.5406704 0.5406775 -0.4557660 0.4556542
26868.836000 0.3933866 -0.0124599 1.3239688 -0.5407330 0.5407698 -0.4556557 0.4555806
26868.937000 0.4034118 -0.0124597 1.3239661 -0.5407453 0.5407688 -0.4556432 0.4555797
26869.036000 0.4217944 -0.0123451 1.3240687 0.5406405 -0.5405050 0.4558288 -0.4558315
26869.137000 0.4333951 -0.0124575 1.3239673 -0.5407438 0.5407652 -0.4556462 0.4555828
26869.236000 0.4434117 -0.0124596 1.3239661 -0.5407455 0.5407686 -0.4556430 0.4555799
26869.336000 0.4534117 -0.0124596 1.3239661 -0.5407455 0.5407687 -0.4556431 0.4555798
26869.436000 0.4726222 -0.0127208 1.3240189 -0.5406793 0.5406891 -0.4556286 0.4557674
26869.536000 0.4826264 -0.0124424 1.3240420 0.5406973 -0.5405997 0.4557214 -0.4557592
26869.636000 0.4926262 -0.0124361 1.3240418 0.5407008 -0.5405993 0.4557202 -0.4557568
26869.736000 0.5026308 -0.0124354 1.3240412 0.5407041 -0.5405996 0.4557170 -0.4557556
26869.836000 0.5126342 -0.0124349 1.3240407 0.5407061 -0.5405991 0.4557152 -0.4557555
26869.936000 0.5234135 -0.0124598 1.3239663 -0.5407469 0.5407670 -0.4556418 0.4555814
26870.037000 0.5321167 -0.0123417 1.3240656 0.5406549 -0.5405056 0.4558155 -0.4558269
26870.136000 0.5523943 -0.0124588 1.3240459 -0.5406323 0.5406330 -0.4557761 0.4557420
26870.237000 0.5630610 -0.0123719 1.3239957 -0.5406681 0.5406782 -0.4557679 0.4556541
26870.336000 0.5720875 -0.0123418 1.3240691 0.5406400 -0.5405026 0.4558312 -0.4558325
26870.436000 0.5923735 -0.0124603 1.3240484 -0.5406156 0.5406347 -0.4557941 0.4557418
26870.537000 0.6021098 -0.0123435 1.3240667 0.5406470 -0.5405106 0.4558223 -0.4558236
26870.636000 0.6231119 -0.0124589 1.3239657 -0.5407326 0.5407787 -0.4556562 0.4555700
26870.736000 0.6323243 -0.0123649 1.3240525 0.5406134 -0.5405404 0.4558374 -0.4558129
26870.836000 0.6433689 -0.0124529 1.3239722 0.5407552 -0.5407169 0.4556352 -0.4556376
26870.936000 0.6530511 -0.0123743 1.3239978 -0.5406545 0.5406706 -0.4557803 0.4556670
26871.036000 0.6626057 -0.0124358 1.3240444 0.5406930 -0.5405890 0.4557288 -0.4557695
26871.136000 0.6726214 -0.0124367 1.3240427 0.5406964 -0.5405970 0.4557247 -0.4557600
26871.236000 0.6835960 -0.0124627 1.3239680 -0.5407369 0.5407704 -0.4556507 0.4555804
26871.336000 0.6924418 -0.0124354 1.3240413 0.5407063 -0.5405969 0.4557152 -0.4557581
26871.436000 0.7117886 -0.0123452 1.3240687 0.5406405 -0.5405050 0.4558288 -0.4558314
26871.536000 0.7219910 -0.0123416 1.3240685 0.5406403 -0.5405066 0.4558304 -0.4558282
26871.636000 0.7330597 -0.0123671 1.3239941 0.5406814 -0.5406783 0.4557561 -0.4556501
26871.736000 0.7435977 -0.0124605 1.3239673 -0.5407391 0.5407712 -0.4556490 0.4555784
26871.836000 0.7620156 -0.0123492 1.3240662 0.5406383 -0.5405205 0.4558286 -0.4558159
26871.936000 0.7729825 -0.0123766 1.3240042 0.5406564 -0.5406379 0.4557716 -0.4557120
26872.036000 0.7830645 -0.0123670 1.3239939 -0.5406797 0.5406806 -0.4557576 0.4556479
26872.136000 0.8032794 -0.0124638 1.3239704 -0.5407217 0.5407670 -0.4556661 0.4555870
26872.236000 0.8129871 -0.0123686 1.3239923 0.5406859 -0.5406815 0.4557505 -0.4556466
26872.337000 0.8323734 -0.0124603 1.3240484 -0.5406157 0.5406347 -0.4557941 0.4557418
26872.436000 0.8430576 -0.0123573 1.3239970 0.5407124 -0.5406216 0.4557289 -0.4557079
26872.536000 0.8526097 -0.0124353 1.3240437 0.5406960 -0.5405925 0.4557260 -0.4557646
26872.636000 0.8726880 -0.0123685 1.3240138 0.5406364 -0.5406237 0.4558084 -0.4557158
26872.736000 0.8834760 -0.0124458 1.3239719 0.5407672 -0.5407073 0.4556292 -0.4556408
26872.836000 0.8933915 -0.0124642 1.3239696 -0.5407247 0.5407692 -0.4556628 0.4555841
26872.936000 0.9030645 -0.0123703 1.3239944 -0.5406750 0.5406828 -0.4557609 0.4556475
26873.036000 0.9130607 -0.0123678 1.3239945 -0.5406766 0.5406810 -0.4557604 0.4556483
26873.136000 0.9220953 -0.0123408 1.3240677 0.5406466 -0.5405053 0.4558245 -0.4558282
26873.236000 0.9330661 -0.0123662 1.3239935 0.5406846 -0.5406773 0.4557532 -0.4556503
26873.336000 0.9433987 -0.0124574 1.3239672 -0.5407420 0.5407672 -0.4556477 0.4555811
26873.436000 0.9526378 -0.0124338 1.3240401 0.5407114 -0.5405951 0.4557107 -0.4557585
26873.536000 0.9626425 -0.0124334 1.3240398 0.5407105 -0.5405964 0.4557116 -0.4557573
26873.636000 0.9833159 -0.0124657 1.3239665 -0.5407348 0.5407776 -0.4556518 0.4555732
26873.736000 0.9925825 -0.0124628 1.3240490 0.5406230 -0.5406178 0.4557824 -0.4557649
26873.837000 1.0026291 -0.0124357 1.3240414 0.5407028 -0.5405998 0.4557182 -0.4557557
26873.936000 1.0134080 -0.0124609 1.3239669 -0.5407435 0.5407690 -0.4556446 0.4555802
26874.036000 1.0228930 -0.0123692 1.3239920 0.5406874 -0.5406816 0.4557486 -0.4556465
26874.137000 1.0323006 -0.0123390 1.3240664 0.5406528 -0.5405032 0.4558191 -0.4558287
26874.236000 1.0426366 -0.0124314 1.3240403 0.5407097 -0.5405942 0.4557135 -0.4557589
26874.336000 1.0628013 -0.0124110 1.3239887 -0.5406889 0.5407133 -0.4557285 0.4556272
26874.436000 1.0728679 -0.0123694 1.3239945 -0.5406787 0.5406793 -0.4557579 0.4556503
26874.536000 1.0928361 -0.0123723 1.3239984 -0.5406534 0.5406687 -0.4557824 0.4556685
26874.636000 1.1033773 -0.0124617 1.3239707 -0.5407211 0.5407661 -0.4556679 0.4555870
26874.736000 1.1123008 -0.0123409 1.3240667 0.5406506 -0.5405059 0.4558203 -0.4558270
26874.836000 1.1234043 -0.0124569 1.3239670 -0.5407457 0.5407639 -0.4556446 0.4555837
26874.936000 1.1424018 -0.0124607 1.3240451 -0.5406311 0.5406418 -0.4557775 0.4557318
26875.036000 1.1530599 -0.0123728 1.3239959 -0.5406653 0.5406788 -0.4557702 0.4556544
26875.136000 1.1626128 -0.0124347 1.3240433 0.5406975 -0.5405927 0.4557249 -0.4557637
26875.236000 1.1730697 -0.0123695 1.3239939 0.5406803 -0.5406803 0.4557561 -0.4556491
26875.336000 1.1826215 -0.0124335 1.3240418 0.5407048 -0.5405953 0.4557176 -0.4557592
26875.436000 1.1934096 -0.0124606 1.3239667 -0.5407447 0.5407684 -0.4556437 0.4555805
26875.537000 1.2021145 -0.0123421 1.3240658 0.5406538 -0.5405064 0.4558165 -0.4558264
26875.636000 1.2134011 -0.0124562 1.3239667 -0.5407473 0.5407625 -0.4556433 0.4555847
26875.736000 1.2235149 -0.0124587 1.3239656 -0.5407479 0.5407666 -0.4556411 0.4555813
26875.836000 1.2428591 -0.0123716 1.3239960 -0.5406653 0.5406789 -0.4557709 0.4556537
26875.937000 1.2520053 -0.0123400 1.3240671 0.5406496 -0.5405050 0.4558217 -0.4558277
26876.036000 1.2630688 -0.0123653 1.3239930 0.5406876 -0.5406756 0.4557507 -0.4556512
26876.136000 1.2828446 -0.0123608 1.3239981 0.5406981 -0.5406278 0.4557405 -0.4557058
26876.236000 1.2920844 -0.0123423 1.3240695 0.5406385 -0.5405024 0.4558323 -0.4558334
26876.336000 1.3030580 -0.0123678 1.3239946 -0.5406782 0.5406785 -0.4557591 0.4556507
26876.436000 1.3133913 -0.0124589 1.3239681 -0.5407370 0.5407694 -0.4556520 0.4555800
26876.536000 1.3226299 -0.0124352 1.3240410 0.5407071 -0.5405971 0.4557144 -0.4557576
26876.637000 1.3418023 -0.0123449 1.3240683 0.5406399 -0.5405090 0.4558291 -0.4558271
26876.736000 1.3526257 -0.0124326 1.3240410 0.5407061 -0.5405968 0.4557164 -0.4557572
26876.836000 1.3724155 -0.0124619 1.3240450 0.5406397 -0.5406252 0.4557640 -0.4557546
26876.936000 1.3830574 -0.0123734 1.3239966 -0.5406642 0.5406738 -0.4557704 0.4556615
26877.036000 1.3935883 -0.0124625 1.3239687 -0.5407310 0.5407720 -0.4556565 0.4555795
26877.137000 1.4029929 -0.0123679 1.3239920 0.5406876 -0.5406803 0.4557491 -0.4556474
26877.236000 1.4223972 -0.0124361 1.3240453 0.5406930 -0.5405812 0.4557279 -0.4557797
26877.336000 1.4335872 -0.0124658 1.3239698 -0.5407228 0.5407689 -0.4556640 0.4555856
26877.436000 1.4421952 -0.0123437 1.3240686 0.5406409 -0.5405047 0.4558293 -0.4558308
26877.536000 1.4528814 -0.0123651 1.3239929 0.5406881 -0.5406752 0.4557503 -0.4556515
26877.636000 1.4626298 -0.0124314 1.3240404 0.5407117 -0.5405920 0.4557117 -0.4557608
26877.736000 1.4820554 -0.0123579 1.3240645 0.5406456 -0.5405254 0.4558176 -0.4558124
26877.836000 1.4930174 -0.0123661 1.3240020 0.5406787 -0.5406177 0.4557561 -0.4557250
26877.936000 1.5028731 -0.0123668 1.3239938 0.5406805 -0.5406804 0.4557569 -0.4556480
26878.036000 1.5126181 -0.0124334 1.3240417 0.5407054 -0.5405953 0.4557171 -0.4557591
26878.136000 1.5234080 -0.0124609 1.3239669 -0.5407436 0.5407689 -0.4556445 0.4555803
26878.236000 1.5330786 -0.0123674 1.3239925 0.5406859 -0.5406802 0.4557510 -0.4556476
26878.336000 1.5430749 -0.0123649 1.3239927 0.5406864 -0.5406771 0.4557518 -0.4556498
26878.436000 1.5628863 -0.0122820 1.3239897 0.5406904 -0.5406747 0.4557786 -0.4556211
26878.536000 1.5732242 -0.0124080 1.3239839 -0.5406260 0.5407139 -0.4557694 0.4556603
26878.637000 1.5833904 -0.0124591 1.3239682 -0.5407361 0.5407698 -0.4556528 0.4555799
26878.736000 1.5929810 -0.0123692 1.3239927 0.5406839 -0.5406826 0.4557521 -0.4556460
26878.837000 1.5933033 -0.0123596 1.3239900 0.5407012 -0.5406635 0.4557398 -0.4556605
26878.936000 1.5933350 -0.0123537 1.3239869 0.5407199 -0.5406481 0.4557236 -0.4556727
26879.036000 1.5937881 -0.0124399 1.3239580 0.5407968 -0.5407231 0.4556007 -0.4556154
26879.136000 1.5934006 -0.0123442 1.3239805 0.5407615 -0.5406229 0.4556851 -0.4556917
26879.236000 1.5938499 -0.0124303 1.3239519 0.5408399 -0.5406995 0.4555603 -0.4556326
26879.336000 1.5934591 -0.0123346 1.3239746 0.5408058 -0.5406005 0.4556434 -0.4557076
26879.436000 1.5938850 -0.0124160 1.3239474 0.5408820 -0.5406736 0.4555230 -0.4556507
26879.536000 1.5934972 -0.0123215 1.3239699 0.5408494 -0.5405761 0.4556039 -0.4557242
26879.636000 1.5935102 -0.0123139 1.3239680 0.5408709 -0.5405632 0.4555850 -0.4557329
26879.736000 1.5935314 -0.0123082 1.3239655 0.5408936 -0.5405523 0.4555637 -0.4557401
26879.836000 1.5939801 -0.0123950 1.3239369 0.5409740 -0.5406314 0.4554362 -0.4556782
26854.787000 0.0924221 -0.0123358 1.3240646 0.5406616 -0.5404952 0.4558120 -0.4558348
26854.787000 0.0924221 -0.0123358 1.3240646 0.5406616 -0.5404952 0.4558120 -0.4558348
26854.836000 0.0924221 -0.0123358 1.3240646 0.5406616 -0.5404952 0.4558120 -0.4558348
26854.936000 0.0924546 -0.0123300 1.3240615 0.5406796 -0.5404798 0.4557967 -0.4558470
26855.036000 0.0924846 -0.0123243 1.3240585 0.5406990 -0.5404656 0.4557795 -0.4558581
26855.136000 0.0925126 -0.0123187 1.3240557 0.5407194 -0.5404523 0.4557611 -0.4558680
26855.236000 0.0929625 -0.0124048 1.3240273 0.5407974 -0.5405290 0.4556367 -0.4558089
26855.336000 0.0925768 -0.0123102 1.3240494 0.5407640 -0.5404306 0.4557185 -0.4558834
26855.436000 0.0930153 -0.0123944 1.3240218 0.5408419 -0.5405061 0.4555951 -0.4558248
26855.536000 0.0930468 -0.0123906 1.3240187 0.5408655 -0.5404967 0.4555721 -0.4558310
26855.637000 0.0930686 -0.0123849 1.3240163 0.5408880 -0.5404856 0.4555512 -0.4558384
26855.736000 0.0926573 -0.0122858 1.3240400 0.5408524 -0.5403838 0.4556374 -0.4559151
26855.836000 0.0931012 -0.0123716 1.3240120 0.5409322 -0.5404618 0.4555110 -0.4558543
26855.936000 0.0927056 -0.0122763 1.3240349 0.5408990 -0.5403636 0.4555929 -0.4559282
26856.036000 0.0927109 -0.0122678 1.3240335 0.5409198 -0.5403498 0.4555752 -0.4559377
26856.136000 0.0927262 -0.0122622 1.3240316 0.5409417 -0.5403381 0.4555549 -0.4559458
26856.236000 0.0931894 -0.0123488 1.3240019 0.5410261 -0.5404209 0.4554228 -0.4558796
26856.336000 0.0932105 -0.0123450 1.3239998 0.5410486 -0.5404104 0.4554010 -0.4558870
26856.436000 0.0928072 -0.0122489 1.3240232 0.5410142 -0.5403112 0.4554846 -0.4559619
26856.537000 0.0932301 -0.0123308 1.3239966 0.5410914 -0.5403852 0.4553629 -0.4559042
26856.636000 0.0932599 -0.0123279 1.3239938 0.5411158 -0.5403766 0.4553386 -0.4559097
26856.736000 0.0928568 -0.0122318 1.3240172 0.5410815 -0.5402774 0.4554220 -0.4559845
26856.836000 0.0932834 -0.0123146 1.3239903 0.5411593 -0.5403521 0.4552992 -0.4559264
26856.936000 0.0928845 -0.0122195 1.3240136 0.5411257 -0.5402536 0.4553815 -0.4560007
26857.036000 0.0933149 -0.0123032 1.3239865 0.5412038 -0.5403292 0.4552580 -0.4559419
26857.136000 0.0933389 -0.0122994 1.3239840 0.5412271 -0.5403195 0.4552353 -0.4559483
26857.237000 0.0933538 -0.0122936 1.3239822 0.5412492 -0.5403078 0.4552149 -0.4559563
26857.337000 0.0933685 -0.0122879 1.3239804 0.5412711 -0.5402961 0.4551946 -0.4559644
26857.436000 0.0933828 -0.0122822 1.3239786 0.5412930 -0.5402843 0.4551744 -0.4559726
26857.536000 0.0933969 -0.0122765 1.3239768 0.5413148 -0.5402724 0.4551543 -0.4559808
26857.637000 0.0929873 -0.0121798 1.3240008 0.5412795 -0.5401717 0.4552394 -0.4560572
26857.736000 0.0934153 -0.0122632 1.3239738 0.5413570 -0.5402466 0.4551165 -0.4559990
26857.836000 0.0934374 -0.0122593 1.3239716 0.5413798 -0.5402364 0.4550945 -0.4560061
26857.936000 0.0934504 -0.0122536 1.3239699 0.5414013 -0.5402242 0.4550747 -0.4560147
26858.036000 0.0930394 -0.0121570 1.3239941 0.5413656 -0.5401231 0.4551602 -0.4560915
26858.136000 0.0934667 -0.0122403 1.3239672 0.5414429 -0.5401978 0.4550377 -0.4560336
26858.236000 0.0934877 -0.0122364 1.3239651 0.5414654 -0.5401872 0.4550160 -0.4560411
26858.336000 0.0930760 -0.0121399 1.3239893 0.5414295 -0.5400859 0.4551017 -0.4561181
26858.437000 0.0935024 -0.0122231 1.3239625 0.5415066 -0.5401604 0.4549794 -0.4560605
26858.536000 0.0935227 -0.0122193 1.3239605 0.5415288 -0.5401496 0.4549580 -0.4560682
26858.636000 0.0935339 -0.0122135 1.3239590 0.5415499 -0.5401369 0.4549388 -0.4560773
26858.737000 0.0935449 -0.0122079 1.3239575 0.5415706 -0.5401243 0.4549199 -0.4560865
26858.836000 0.0931234 -0.0121095 1.3239824 0.5415334 -0.5400208 0.4550079 -0.4561654
26858.936000 0.0935574 -0.0121945 1.3239552 0.5416113 -0.5400967 0.4548839 -0.4561068
26859.036000 0.0931527 -0.0121000 1.3239791 0.5415762 -0.5399968 0.4549680 -0.4561830
26859.137000 0.0931498 -0.0120915 1.3239785 0.5415951 -0.5399810 0.4549524 -0.4561946
26859.236000 0.0931596 -0.0120858 1.3239771 0.5416157 -0.5399680 0.4549337 -0.4562043
26859.336000 0.0935969 -0.0121715 1.3239497 0.5416940 -0.5400445 0.4548089 -0.4561452
26859.436000 0.0936152 -0.0121677 1.3239479 0.5417157 -0.5400332 0.4547881 -0.4561536
26859.536000 0.0936243 -0.0121620 1.3239466 0.5417361 -0.5400199 0.4547696 -0.4561634
26859.636000 0.0936333 -0.0121562 1.3239453 0.5417565 -0.5400066 0.4547512 -0.4561733
26859.736000 0.0936421 -0.0121505 1.3239440 0.5417768 -0.5399933 0.4547328 -0.4561833
26859.836000 0.0932271 -0.0120543 1.3239687 0.5417400 -0.5398911 0.4548196 -0.4562615
26859.936000 0.0932225 -0.0120459 1.3239682 0.5417585 -0.5398749 0.4548045 -0.4562737
26860.036000 0.0936584 -0.0121314 1.3239409 0.5418363 -0.5399510 0.4546803 -0.4562151
26860.136000 0.0936752 -0.0121276 1.3239392 0.5418576 -0.5399392 0.4546600 -0.4562239
26860.236000 0.0932595 -0.0120315 1.3239639 0.5418206 -0.5398369 0.4547470 -0.4563023
26860.336000 0.0936818 -0.0121142 1.3239375 0.5418965 -0.5399101 0.4546261 -0.4562460
26860.436000 0.0932660 -0.0120183 1.3239622 0.5418594 -0.5398076 0.4547132 -0.4563245
26860.536000 0.0936967 -0.0121028 1.3239352 0.5419364 -0.5398826 0.4545902 -0.4562669
26860.636000 0.0932803 -0.0120069 1.3239600 0.5418992 -0.5397800 0.4546774 -0.4563455
26860.736000 0.0932828 -0.0120002 1.3239592 0.5419184 -0.5397652 0.4546608 -0.4563569
26860.836000 0.0937173 -0.0120855 1.3239320 0.5419958 -0.5398409 0.4545370 -0.4562987
26860.936000 0.0933006 -0.0119897 1.3239569 0.5419585 -0.5397382 0.4546243 -0.4563775
26861.036000 0.0937305 -0.0120741 1.3239300 0.5420353 -0.5398129 0.4545017 -0.4563201
26861.136000 0.0937454 -0.0120702 1.3239284 0.5420560 -0.5398006 0.4544820 -0.4563296
26861.236000 0.0937515 -0.0120645 1.3239274 0.5420756 -0.5397865 0.4544645 -0.4563404
26861.336000 0.0933338 -0.0119687 1.3239524 0.5420380 -0.5396836 0.4545521 -0.4564195
26861.436000 0.0937502 -0.0120503 1.3239263 0.5421127 -0.5397555 0.4544331 -0.4563643
26861.536000 0.0937689 -0.0120473 1.3239246 0.5421341 -0.5397438 0.4544123 -0.4563733
26861.636000 0.0937743 -0.0120415 1.3239236 0.5421535 -0.5397295 0.4543950 -0.4563844
26861.736000 0.0937797 -0.0120358 1.3239227 0.5421729 -0.5397152 0.4543778 -0.4563955
26861.836000 0.0933527 -0.0119384 1.3239483 0.5421339 -0.5396103 0.4544677 -0.4564763
26861.936000 0.0937813 -0.0120225 1.3239215 0.5422104 -0.5396846 0.4543456 -0.4564193
26862.036000 0.0933627 -0.0119270 1.3239465 0.5421725 -0.5395814 0.4544335 -0.4564987
26862.136000 0.0937910 -0.0120110 1.3239198 0.5422488 -0.5396556 0.4543114 -0.4564419
26862.237000 0.0938042 -0.0120071 1.3239184 0.5422692 -0.5396429 0.4542923 -0.4564518
26862.336000 0.0938087 -0.0120014 1.3239176 0.5422883 -0.5396283 0.4542753 -0.4564632
26862.436000 0.0938131 -0.0119957 1.3239167 0.5423074 -0.5396136 0.4542584 -0.4564747
26862.536000 0.0933979 -0.0119012 1.3239416 0.5422697 -0.5395114 0.4543456 -0.4565536
26862.636000 0.0933849 -0.0118918 1.3239419 0.5422866 -0.5394929 0.4543329 -0.4565680
26862.736000 0.0938124 -0.0119757 1.3239152 0.5423625 -0.5395670 0.4542112 -0.4565112
26862.836000 0.0938293 -0.0119727 1.3239136 0.5423834 -0.5395548 0.4541911 -0.4565209
26862.936000 0.0934137 -0.0118784 1.3239385 0.5423456 -0.5394524 0.4542785 -0.4565999
26863.036000 0.0938278 -0.0119594 1.3239127 0.5424200 -0.5395233 0.4541599 -0.4565456
26863.136000 0.0938402 -0.0119555 1.3239114 0.5424401 -0.5395103 0.4541410 -0.4565559
26863.236000 0.0934158 -0.0118595 1.3239369 0.5424010 -0.5394060 0.4542306 -0.4566365
26863.336000 0.0938382 -0.0119422 1.3239105 0.5424765 -0.5394786 0.4541100 -0.4565809
26863.437000 0.0934265 -0.0118489 1.3239352 0.5424393 -0.5393768 0.4541963 -0.4566596
26863.536000 0.0938443 -0.0119307 1.3239091 0.5425140 -0.5394486 0.4540770 -0.4566046
26863.636000 0.0934325 -0.0118375 1.3239338 0.5424767 -0.5393468 0.4541633 -0.4566834
26863.736000 0.0934223 -0.0118291 1.3239340 0.5424936 -0.5393290 0.4541501 -0.4566974
26863.837000 0.0934251 -0.0118234 1.3239333 0.5425123 -0.5393139 0.4541337 -0.4567094
26863.936000 0.0938555 -0.0119078 1.3239065 0.5425886 -0.5393883 0.4540114 -0.4566525
26864.036000 0.0938669 -0.0119040 1.3239053 0.5426084 -0.5393750 0.4539929 -0.4566631
26864.136000 0.0938693 -0.0118982 1.3239047 0.5426270 -0.5393598 0.4539766 -0.4566752
26864.237000 0.0934438 -0.0118025 1.3239303 0.5425876 -0.5392553 0.4540665 -0.4567561
26864.336000 0.0938651 -0.0118849 1.3239040 0.5426628 -0.5393275 0.4539462 -0.4567009
26864.436000 0.0934524 -0.0117919 1.3239288 0.5426253 -0.5392255 0.4540328 -0.4567799
26864.536000 0.0938692 -0.0118735 1.3239028 0.5426997 -0.5392970 0.4539139 -0.4567253
26864.637000 0.0938800 -0.0118696 1.3239017 0.5427193 -0.5392835 0.4538956 -0.4567361
26864.736000 0.0938819 -0.0118639 1.3239011 0.5427376 -0.5392683 0.4538796 -0.4567482
26864.836000 0.0934515 -0.0117673 1.3239271 0.5426977 -0.5391624 0.4539704 -0.4568303
26864.937000 0.0938767 -0.0118506 1.3239006 0.5427733 -0.5392356 0.4538495 -0.4567744
26865.036000 0.0938870 -0.0118467 1.3238995 0.5427928 -0.5392219 0.4538313 -0.4567853
26865.137000 0.0938885 -0.0118410 1.3238990 0.5428111 -0.5392065 0.4538153 -0.4567977
26865.236000 0.0938899 -0.0118352 1.3238984 0.5428294 -0.5391910 0.4537993 -0.4568101
26865.336000 0.0934676 -0.0117406 1.3239239 0.5427904 -0.5390869 0.4538883 -0.4568909
26865.436000 0.0934559 -0.0117322 1.3239242 0.5428069 -0.5390687 0.4538756 -0.4569054
26865.536000 0.1030617 -0.0123532 1.3239930 0.5407234 -0.5406397 0.4557205 -0.4556816
26865.636000 0.1037393 -0.0124526 1.3239633 0.5407638 -0.5407502 0.4556287 -0.4555944
26865.736000 0.1037751 -0.0124477 1.3239599 0.5407832 -0.5407359 0.4556113 -0.4556058
26865.836000 0.1038042 -0.0124419 1.3239570 0.5408030 -0.5407220 0.4555936 -0.4556164
26865.936000 0.1038314 -0.0124362 1.3239541 0.5408237 -0.5407090 0.4555748 -0.4556260
26866.036000 0.1135624 -0.0125042 1.3239572 -0.5406873 0.5408038 -0.4556579 0.4555924
26866.136000 0.1221045 -0.0123438 1.3240671 0.5406476 -0.5405081 0.4558220 -0.4558262
26866.236000 0.1427784 -0.0124259 1.3240154 -0.5406145 0.5406458 -0.4558104 0.4557137
26866.336000 0.1530501 -0.0123701 1.3239964 -0.5406689 0.5406743 -0.4557685 0.4556572
26866.436000 0.1724325 -0.0124599 1.3240437 0.5406454 -0.5406165 0.4557573 -0.4557649
26866.536000 0.1826108 -0.0124377 1.3240447 0.5406879 -0.5405901 0.4557335 -0.4557696
26866.636000 0.1935883 -0.0124649 1.3239696 -0.5407256 0.5407683 -0.4556617 0.4555852
26866.736000 0.2030833 -0.0123673 1.3239924 0.5406862 -0.5406800 0.4557507 -0.4556477
26866.836000 0.2124312 -0.0124299 1.3240411 0.5407097 -0.5405910 0.4557145 -0.4557617
26866.936000 0.2232198 -0.0124588 1.3239658 -0.5407498 0.5407646 -0.4556394 0.4555832
26867.036000 0.2335107 -0.0124587 1.3239656 -0.5407479 0.5407666 -0.4556411 0.4555814
26867.136000 0.2430813 -0.0123672 1.3239924 0.5406864 -0.5406798 0.4557506 -0.4556478
26867.237000 0.2433073 -0.0123589 1.3239896 0.5407034 -0.5406615 0.4557379 -0.4556620
26867.336000 0.2433386 -0.0123531 1.3239865 0.5407222 -0.5406464 0.4557216 -0.4556740
26867.437000 0.2433677 -0.0123473 1.3239835 0.5407421 -0.5406325 0.4557038 -0.4556846
26867.536000 0.2433949 -0.0123417 1.3239807 0.5407628 -0.5406196 0.4556850 -0.4556942
26867.636000 0.2520884 -0.0123409 1.3240688 0.5406436 -0.5405014 0.4558279 -0.4558330
26867.737000 0.2620911 -0.0123410 1.3240679 0.5406436 -0.5405076 0.4558271 -0.4558264
26867.836000 0.2726182 -0.0124338 1.3240419 0.5407018 -0.5405978 0.4557203 -0.4557573
26867.936000 0.2830769 -0.0123681 1.3239930 0.5406858 -0.5406792 0.4557511 -0.4556488
26868.036000 0.2921028 -0.0123395 1.3240668 0.5406512 -0.5405041 0.4558204 -0.4558282
26868.136000 0.3026295 -0.0124319 1.3240406 0.5407082 -0.5405954 0.4557147 -0.4557581
26868.236000 0.3233491 -0.0126415 1.3239655 -0.5407103 0.5408142 -0.4556089 0.4556017
26868.336000 0.3330563 -0.0123457 1.3239850 0.5407002 -0.5406392 0.4557686 -0.4556616
26868.436000 0.3420746 -0.0123670 1.3240714 0.5405808 -0.5405333 0.4558727 -0.4558249
26868.536000 0.3526182 -0.0124338 1.3240419 0.5407017 -0.5405978 0.4557203 -0.4557572
26868.637000 0.3626433 -0.0124333 1.3240398 0.5407107 -0.5405962 0.4557115 -0.4557574
26868.736000 0.3828620 -0.0123712 1.3239955 -0.5406704 0.5406775 -0.4557660 0.4556542
26868.836000 0.3933866 -0.0124599 1.3239688 -0.5407330 0.5407698 -0.4556557 0.4555806
26868.937000 0.4034118 -0.0124597 1.3239661 -0.5407453 0.5407688 -0.4556432 0.4555797
26869.036000 0.4217944 -0.0123451 1.3240687 0.5406405 -0.5405050 0.4558288 -0.4558315
26869.137000 0.4333951 -0.0124575 1.3239673 -0.5407438 0.5407652 -0.4556462 0.4555828
26869.236000 0.4434117 -0.0124596 1.3239661 -0.5407455 0.5407686 -0.4556430 0.4555799
26869.336000 0.4534117 -0.0124596 1.3239661 -0.5407455 0.5407687 -0.4556431 0.4555798
26869.436000 0.4726222 -0.0127208 1.3240189 -0.5406793 0.5406891 -0.4556286 0.4557674
26869.536000 0.4826264 -0.0124424 1.3240420 0.5406973 -0.5405997 0.4557214 -0.4557592
26869.636000 0.4926262 -0.0124361 1.3240418 0.5407008 -0.5405993 0.4557202 -0.4557568
26869.736000 0.5026308 -0.0124354 1.3240412 0.5407041 -0.5405996 0.4557170 -0.4557556
26869.836000 0.5126342 -0.0124349 1.3240407 0.5407061 -0.5405991 0.4557152 -0.4557555
26869.936000 0.5234135 -0.0124598 1.3239663 -0.5407469 0.5407670 -0.4556418 0.4555814
26870.037000 0.5321167 -0.0123417 1.3240656 0.5406549 -0.5405056 0.4558155 -0.4558269
26870.136000 0.5523943 -0.0124588 1.3240459 -0.5406323 0.5406330 -0.4557761 0.4557420
26870.237000 0.5630610 -0.0123719 1.3239957 -0.5406681 0.5406782 -0.4557679 0.4556541
26870.336000 0.5720875 -0.0123418 1.3240691 0.5406400 -0.5405026 0.4558312 -0.4558325
26870.436000 0.5923735 -0.0124603 1.3240484 -0.5406156 0.5406347 -0.4557941 0.4557418
26870.537000 0.6021098 -0.0123435 1.3240667 0.5406470 -0.5405106 0.4558223 -0.4558236
26870.636000 0.6231119 -0.0124589 1.3239657 -0.5407326 0.5407787 -0.4556562 0.4555700
26870.736000 0.6323243 -0.0123649 1.3240525 0.5406134 -0.5405404 0.4558374 -0.4558129
26870.836000 0.6433689 -0.0124529 1.3239722 0.5407552 -0.5407169 0.4556352 -0.4556376
26870.936000 0.6530511 -0.0123743 1.3239978 -0.5406545 0.5406706 -0.4557803 0.4556670
26871.036000 0.6626057 -0.0124358 1.3240444 0.5406930 -0.5405890 0.4557288 -0.4557695
26871.136000 0.6726214 -0.0124367 1.3240427 0.5406964 -0.5405970 0.4557247 -0.4557600
26871.236000 0.6835960 -0.0124627 1.3239680 -0.5407369 0.5407704 -0.4556507 0.4555804
26871.336000 0.6924418 -0.0124354 1.3240413 0.5407063 -0.5405969 0.4557152 -0.4557581
26871.436000 0.7117886 -0.0123452 1.3240687 0.5406405 -0.5405050 0.4558288 -0.4558314
26871.536000 0.7219910 -0.0123416 1.3240685 0.5406403 -0.5405066 0.4558304 -0.4558282
26871.636000 0.7330597 -0.0123671 1.3239941 0.5406814 -0.5406783 0.4557561 -0.4556501
26871.736000 0.7435977 -0.0124605 1.3239673 -0.5407391 0.5407712 -0.4556490 0.4555784
26871.836000 0.7620156 -0.0123492 1.3240662 0.5406383 -0.5405205 0.4558286 -0.4558159
26871.936000 0.7729825 -0.0123766 1.3240042 0.5406564 -0.5406379 0.4557716 -0.4557120
26872.036000 0.7830645 -0.0123670 1.3239939 -0.5406797 0.5406806 -0.4557576 0.4556479
26872.136000 0.8032794 -0.0124638 1.3239704 -0.5407217 0.5407670 -0.4556661 0.4555870
26872.236000 0.8129871 -0.0123686 1.3239923 0.5406859 -0.5406815 0.4557505 -0.4556466
26872.337000 0.8323734 -0.0124603 1.3240484 -0.5406157 0.5406347 -0.4557941 0.4557418
26872.436000 0.8430576 -0.0123573 1.3239970 0.5407124 -0.5406216 0.4557289 -0.4557079
26872.536000 0.8526097 -0.0124353 1.3240437 0.5406960 -0.5405925 0.4557260 -0.4557646
26872.636000 0.8726880 -0.0123685 1.3240138 0.5406364 -0.5406237 0.4558084 -0.4557158
26872.736000 0.8834760 -0.0124458 1.3239719 0.5407672 -0.5407073 0.4556292 -0.4556408
26872.836000 0.8933915 -0.0124642 1.3239696 -0.5407247 0.5407692 -0.4556628 0.4555841
26872.936000 0.9030645 -0.0123703 1.3239944 -0.5406750 0.5406828 -0.4557609 0.4556475
26873.036000 0.9130607 -0.0123678 1.3239945 -0.5406766 0.5406810 -0.4557604 0.4556483
26873.136000 0.9220953 -0.0123408 1.3240677 0.5406466 -0.5405053 0.4558245 -0.4558282
26873.236000 0.9330661 -0.0123662 1.3239935 0.5406846 -0.5406773 0.4557532 -0.4556503
26873.336000 0.9433987 -0.0124574 1.3239672 -0.5407420 0.5407672 -0.4556477 0.4555811
26873.436000 0.9526378 -0.0124338 1.3240401 0.5407114 -0.5405951 0.4557107 -0.4557585
26873.536000 0.9626425 -0.0124334 1.3240398 0.5407105 -0.5405964 0.4557116 -0.4557573
26873.636000 0.9833159 -0.0124657 1.3239665 -0.5407348 0.5407776 -0.4556518 0.4555732
26873.736000 0.9925825 -0.0124628 1.3240490 0.5406230 -0.5406178 0.4557824 -0.4557649
26873.837000 1.0026291 -0.0124357 1.3240414 0.5407028 -0.5405998 0.4557182 -0.4557557
26873.936000 1.0134080 -0.0124609 1.3239669 -0.5407435 0.5407690 -0.4556446 0.4555802
26874.036000 1.0228930 -0.0123692 1.3239920 0.5406874 -0.5406816 0.4557486 -0.4556465
26874.137000 1.0323006 -0.0123390 1.3240664 0.5406528 -0.5405032 0.4558191 -0.4558287
26874.236000 1.0426366 -0.0124314 1.3240403 0.5407097 -0.5405942 0.4557135 -0.4557589
26874.336000 1.0628013 -0.0124110 1.3239887 -0.5406889 0.5407133 -0.4557285 0.4556272
26874.436000 1.0728679 -0.0123694 1.3239945 -0.5406787 0.5406793 -0.4557579 0.4556503
26874.536000 1.0928361 -0.0123723 1.3239984 -0.5406534 0.5406687 -0.4557824 0.4556685
26874.636000 1.1033773 -0.0124617 1.3239707 -0.5407211 0.5407661 -0.4556679 0.4555870
26874.736000 1.1123008 -0.0123409 1.3240667 0.5406506 -0.5405059 0.4558203 -0.4558270
26874.836000 1.1234043 -0.0124569 1.3239670 -0.5407457 0.5407639 -0.4556446 0.4555837
26874.936000 1.1424018 -0.0124607 1.3240451 -0.5406311 0.5406418 -0.4557775 0.4557318
26875.036000 1.1530599 -0.0123728 1.3239959 -0.5406653 0.5406788 -0.4557702 0.4556544
26875.136000 1.1626128 -0.0124347 1.3240433 0.5406975 -0.5405927 0.4557249 -0.4557637
26875.236000 1.1730697 -0.0123695 1.3239939 0.5406803 -0.5406803 0.4557561 -0.4556491
26875.336000 1.1826215 -0.0124335 1.3240418 0.5407048 -0.5405953 0.4557176 -0.4557592
26875.436000 1.1934096 -0.0124606 1.3239667 -0.5407447 0.5407684 -0.4556437 0.4555805
26875.537000 1.2021145 -0.0123421 1.3240658 0.5406538 -0.5405064 0.4558165 -0.4558264
26875.636000 1.2134011 -0.0124562 1.3239667 -0.5407473 0.5407625 -0.4556433 0.4555847
26875.736000 1.2235149 -0.0124587 1.3239656 -0.5407479 0.5407666 -0.4556411 0.4555813
26875.836000 1.2428591 -0.0123716 1.3239960 -0.5406653 0.5406789 -0.4557709 0.4556537
26875.937000 1.2520053 -0.0123400 1.3240671 0.5406496 -0.5405050 0.4558217 -0.4558277
26876.036000 1.2630688 -0.0123653 1.3239930 0.5406876 -0.5406756 0.4557507 -0.4556512
26876.136000 1.2828446 -0.0123608 1.3239981 0.5406981 -0.5406278 0.4557405 -0.4557058
26876.236000 1.2920844 -0.0123423 1.3240695 0.5406385 -0.5405024 0.4558323 -0.4558334
26876.336000 1.3030580 -0.0123678 1.3239946 -0.5406782 0.5406785 -0.4557591 0.4556507
26876.436000 1.3133913 -0.0124589 1.3239681 -0.5407370 0.5407694 -0.4556520 0.4555800
26876.536000 1.3226299 -0.0124352 1.3240410 0.5407071 -0.5405971 0.4557144 -0.4557576
26876.637000 1.3418023 -0.0123449 1.3240683 0.5406399 -0.5405090 0.4558291 -0.4558271
26876.736000 1.3526257 -0.0124326 1.3240410 0.5407061 -0.5405968 0.4557164 -0.4557572
26876.836000 1.3724155 -0.0124619 1.3240450 0.5406397 -0.5406252 0.4557640 -0.4557546
26876.936000 1.3830574 -0.0123734 1.3239966 -0.5406642 0.5406738 -0.4557704 0.4556615
26877.036000 1.3935883 -0.0124625 1.3239687 -0.5407310 0.5407720 -0.4556565 0.4555795
26877.137000 1.4029929 -0.0123679 1.3239920 0.5406876 -0.5406803 0.4557491 -0.4556474
26877.236000 1.4223972 -0.0124361 1.3240453 0.5406930 -0.5405812 0.4557279 -0.4557797
26877.336000 1.4335872 -0.0124658 1.3239698 -0.5407228 0.5407689 -0.4556640 0.4555856
26877.436000 1.4421952 -0.0123437 1.3240686 0.5406409 -0.5405047 0.4558293 -0.4558308
26877.536000 1.4528814 -0.0123651 1.3239929 0.5406881 -0.5406752 0.4557503 -0.4556515
26877.636000 1.4626298 -0.0124314 1.3240404 0.5407117 -0.5405920 0.4557117 -0.4557608
26877.736000 1.4820554 -0.0123579 1.3240645 0.5406456 -0.5405254 0.4558176 -0.4558124
26877.836000 1.4930174 -0.0123661 1.3240020 0.5406787 -0.5406177 0.4557561 -0.4557250
26877.936000 1.5028731 -0.0123668 1.3239938 0.5406805 -0.5406804 0.4557569 -0.4556480
26878.036000 1.5126181 -0.0124334 1.3240417 0.5407054 -0.5405953 0.4557171 -0.4557591
26878.136000 1.5234080 -0.0124609 1.3239669 -0.5407436 0.5407689 -0.4556445 0.4555803
26878.236000 1.5330786 -0.0123674 1.3239925 0.5406859 -0.5406802 0.4557510 -0.4556476
26878.336000 1.5430749 -0.0123649 1.3239927 0.5406864 -0.5406771 0.4557518 -0.4556498
26878.436000 1.5628863 -0.0122820 1.3239897 0.5406904 -0.5406747 0.4557786 -0.4556211
26878.536000 1.5732242 -0.0124080 1.3239839 -0.5406260 0.5407139 -0.4557694 0.4556603
26878.637000 1.5833904 -0.0124591 1.3239682 -0.5407361 0.5407698 -0.4556528 0.4555799
26878.736000 1.5929810 -0.0123692 1.3239927 0.5406839 -0.5406826 0.4557521 -0.4556460
26878.837000 1.5933033 -0.0123596 1.3239900 0.5407012 -0.5406635 0.4557398 -0.4556605
26878.936000 1.5933350 -0.0123537 1.3239869 0.5407199 -0.5406481 0.4557236 -0.4556727
26879.036000 1.5937881 -0.0124399 1.3239580 0.5407968 -0.5407231 0.4556007 -0.4556154
26879.136000 1.5934006 -0.0123442 1.3239805 0.5407615 -0.5406229 0.4556851 -0.4556917
26879.236000 1.5938499 -0.0124303 1.3239519 0.5408399 -0.5406995 0.4555603 -0.4556326
26879.336000 1.5934591 -0.0123346 1.3239746 0.5408058 -0.5406005 0.4556434 -0.4557076
26879.436000 1.5938850 -0.0124160 1.3239474 0.5408820 -0.5406736 0.4555230 -0.4556507
26879.536000 1.5934972 -0.0123215 1.3239699 0.5408494 -0.5405761 0.4556039 -0.4557242
26879.636000 1.5935102 -0.0123139 1.3239680 0.5408709 -0.5405632 0.4555850 -0.4557329
26879.736000 1.5935314 -0.0123082 1.3239655 0.5408936 -0.5405523 0.4555637 -0.4557401
26879.836000 1.5939801 -0.0123950 1.3239369 0.5409740 -0.5406314 0.4554362 -0.4556782
26879.936000 1.5935814 -0.0122986 1.3239602 0.5409407 -0.5405326 0.4555186 -0.4557526
26854.787000 0.0924221 -0.0123358 1.3240646 0.5406616 -0.5404952 0.4558120 -0.4558348
26854.787000 0.0924221 -0.0123358 1.3240646 0.5406616 -0.5404952 0.4558120 -0.4558348
26854.836000 0.0924221 -0.0123358 1.3240646 0.5406616 -0.5404952 0.4558120 -0.4558348
26854.936000 0.0924546 -0.0123300 1.3240615 0.5406796 -0.5404798 0.4557967 -0.4558470
26855.036000 0.0924846 -0.0123243 1.3240585 0.5406990 -0.5404656 0.4557795 -0.4558581
26855.136000 0.0925126 -0.0123187 1.3240557 0.5407194 -0.5404523 0.4557611 -0.4558680
26855.236000 0.0929625 -0.0124048 1.3240273 0.5407974 -0.5405290 0.4556367 -0.4558089
26855.336000 0.0925768 -0.0123102 1.3240494 0.5407640 -0.5404306 0.4557185 -0.4558834
26855.436000 0.0930153 -0.0123944 1.3240218 0.5408419 -0.5405061 0.4555951 -0.4558248
26855.536000 0.0930468 -0.0123906 1.3240187 0.5408655 -0.5404967 0.4555721 -0.4558310
26855.637000 0.0930686 -0.0123849 1.3240163 0.5408880 -0.5404856 0.4555512 -0.4558384
26855.736000 0.0926573 -0.0122858 1.3240400 0.5408524 -0.5403838 0.4556374 -0.4559151
26855.836000 0.0931012 -0.0123716 1.3240120 0.5409322 -0.5404618 0.4555110 -0.4558543
26855.936000 0.0927056 -0.0122763 1.3240349 0.5408990 -0.5403636 0.4555929 -0.4559282
26856.036000 0.0927109 -0.0122678 1.3240335 0.5409198 -0.5403498 0.4555752 -0.4559377
26856.136000 0.0927262 -0.0122622 1.3240316 0.5409417 -0.5403381 0.4555549 -0.4559458
26856.236000 0.0931894 -0.0123488 1.3240019 0.5410261 -0.5404209 0.4554228 -0.4558796
26856.336000 0.0932105 -0.0123450 1.3239998 0.5410486 -0.5404104 0.4554010 -0.4558870
26856.436000 0.0928072 -0.0122489 1.3240232 0.5410142 -0.5403112 0.4554846 -0.4559619
26856.537000 0.0932301 -0.0123308 1.3239966 0.5410914 -0.5403852 0.4553629 -0.4559042
26856.636000 0.0932599 -0.0123279 1.3239938 0.5411158 -0.5403766 0.4553386 -0.4559097
26856.736000 0.0928568 -0.0122318 1.3240172 0.5410815 -0.5402774 0.4554220 -0.4559845
26856.836000 0.0932834 -0.0123146 1.3239903 0.5411593 -0.5403521 0.4552992 -0.4559264
26856.936000 0.0928845 -0.0122195 1.3240136 0.5411257 -0.5402536 0.4553815 -0.4560007
26857.036000 0.0933149 -0.0123032 1.3239865 0.5412038 -0.5403292 0.4552580 -0.4559419
26857.136000 0.0933389 -0.0122994 1.3239840 0.5412271 -0.5403195 0.4552353 -0.4559483
26857.237000 0.0933538 -0.0122936 1.3239822 0.5412492 -0.5403078 0.4552149 -0.4559563
26857.337000 0.0933685 -0.0122879 1.3239804 0.5412711 -0.5402961 0.4551946 -0.4559644
26857.436000 0.0933828 -0.0122822 1.3239786 0.5412930 -0.5402843 0.4551744 -0.4559726
26857.536000 0.0933969 -0.0122765 1.3239768 0.5413148 -0.5402724 0.4551543 -0.4559808
26857.637000 0.0929873 -0.0121798 1.3240008 0.5412795 -0.5401717 0.4552394 -0.4560572
26857.736000 0.0934153 -0.0122632 1.3239738 0.5413570 -0.5402466 0.4551165 -0.4559990
26857.836000 0.0934374 -0.0122593 1.3239716 0.5413798 -0.5402364 0.4550945 -0.4560061
26857.936000 0.0934504 -0.0122536 1.3239699 0.5414013 -0.5402242 0.4550747 -0.4560147
26858.036000 0.0930394 -0.0121570 1.3239941 0.5413656 -0.5401231 0.4551602 -0.4560915
26858.136000 0.0934667 -0.0122403 1.3239672 0.5414429 -0.5401978 0.4550377 -0.4560336
26858.236000 0.0934877 -0.0122364 1.3239651 0.5414654 -0.5401872 0.4550160 -0.4560411
26858.336000 0.0930760 -0.0121399 1.3239893 0.5414295 -0.5400859 0.4551017 -0.4561181
26858.437000 0.0935024 -0.0122231 1.3239625 0.5415066 -0.5401604 0.4549794 -0.4560605
26858.536000 0.0935227 -0.0122193 1.3239605 0.5415288 -0.5401496 0.4549580 -0.4560682
26858.636000 0.0935339 -0.0122135 1.3239590 0.5415499 -0.5401369 0.4549388 -0.4560773
26858.737000 0.0935449 -0.0122079 1.3239575 0.5415706 -0.5401243 0.4549199 -0.4560865
26858.836000 0.0931234 -0.0121095 1.3239824 0.5415334 -0.5400208 0.4550079 -0.4561654
26858.936000 0.0935574 -0.0121945 1.3239552 0.5416113 -0.5400967 0.4548839 -0.4561068
26859.036000 0.0931527 -0.0121000 1.3239791 0.5415762 -0.5399968 0.4549680 -0.4561830
26859.137000 0.0931498 -0.0120915 1.3239785 0.5415951 -0.5399810 0.4549524 -0.4561946
26859.236000 0.0931596 -0.0120858 1.3239771 0.5416157 -0.5399680 0.4549337 -0.4562043
26859.336000 0.0935969 -0.0121715 1.3239497 0.5416940 -0.5400445 0.4548089 -0.4561452
26859.436000 0.0936152 -0.0121677 1.3239479 0.5417157 -0.5400332 0.4547881 -0.4561536
26859.536000 0.0936243 -0.0121620 1.3239466 0.5417361 -0.5400199 0.4547696 -0.4561634
26859.636000 0.0936333 -0.0121562 1.3239453 0.5417565 -0.5400066 0.4547512 -0.4561733
26859.736000 0.0936421 -0.0121505 1.3239440 0.5417768 -0.5399933 0.4547328 -0.4561833
26859.836000 0.0932271 -0.0120543 1.3239687 0.5417400 -0.5398911 0.4548196 -0.4562615
26859.936000 0.0932225 -0.0120459 1.3239682 0.5417585 -0.5398749 0.4548045 -0.4562737
26860.036000 0.0936584 -0.0121314 1.3239409 0.5418363 -0.5399510 0.4546803 -0.4562151
26860.136000 0.0936752 -0.0121276 1.3239392 0.5418576 -0.5399392 0.4546600 -0.4562239
26860.236000 0.0932595 -0.0120315 1.3239639 0.5418206 -0.5398369 0.4547470 -0.4563023
26860.336000 0.0936818 -0.0121142 1.3239375 0.5418965 -0.5399101 0.4546261 -0.4562460
26860.436000 0.0932660 -0.0120183 1.3239622 0.5418594 -0.5398076 0.4547132 -0.4563245
26860.536000 0.0936967 -0.0121028 1.3239352 0.5419364 -0.5398826 0.4545902 -0.4562669
26860.636000 0.0932803 -0.0120069 1.3239600 0.5418992 -0.5397800 0.4546774 -0.4563455
26860.736000 0.0932828 -0.0120002 1.3239592 0.5419184 -0.5397652 0.4546608 -0.4563569
26860.836000 0.0937173 -0.0120855 1.3239320 0.5419958 -0.5398409 0.4545370 -0.4562987
26860.936000 0.0933006 -0.0119897 1.3239569 0.5419585 -0.5397382 0.4546243 -0.4563775
26861.036000 0.0937305 -0.0120741 1.3239300 0.5420353 -0.5398129 0.4545017 -0.4563201
26861.136000 0.0937454 -0.0120702 1.3239284 0.5420560 -0.5398006 0.4544820 -0.4563296
26861.236000 0.0937515 -0.0120645 1.3239274 0.5420756 -0.5397865 0.4544645 -0.4563404
26861.336000 0.0933338 -0.0119687 1.3239524 0.5420380 -0.5396836 0.4545521 -0.4564195
26861.436000 0.0937502 -0.0120503 1.3239263 0.5421127 -0.5397555 0.4544331 -0.4563643
26861.536000 0.0937689 -0.0120473 1.3239246 0.5421341 -0.5397438 0.4544123 -0.4563733
26861.636000 0.0937743 -0.0120415 1.3239236 0.5421535 -0.5397295 0.4543950 -0.4563844
26861.736000 0.0937797 -0.0120358 1.3239227 0.5421729 -0.5397152 0.4543778 -0.4563955
26861.836000 0.0933527 -0.0119384 1.3239483 0.5421339 -0.5396103 0.4544677 -0.4564763
26861.936000 0.0937813 -0.0120225 1.3239215 0.5422104 -0.5396846 0.4543456 -0.4564193
26862.036000 0.0933627 -0.0119270 1.3239465 0.5421725 -0.5395814 0.4544335 -0.4564987
26862.136000 0.0937910 -0.0120110 1.3239198 0.5422488 -0.5396556 0.4543114 -0.4564419
26862.237000 0.0938042 -0.0120071 1.3239184 0.5422692 -0.5396429 0.4542923 -0.4564518
26862.336000 0.0938087 -0.0120014 1.3239176 0.5422883 -0.5396283 0.4542753 -0.4564632
26862.436000 0.0938131 -0.0119957 1.3239167 0.5423074 -0.5396136 0.4542584 -0.4564747
26862.536000 0.0933979 -0.0119012 1.3239416 0.5422697 -0.5395114 0.4543456 -0.4565536
26862.636000 0.0933849 -0.0118918 1.3239419 0.5422866 -0.5394929 0.4543329 -0.4565680
26862.736000 0.0938124 -0.0119757 1.3239152 0.5423625 -0.5395670 0.4542112 -0.4565112
26862.836000 0.0938293 -0.0119727 1.3239136 0.5423834 -0.5395548 0.4541911 -0.4565209
26862.936000 0.0934137 -0.0118784 1.3239385 0.5423456 -0.5394524 0.4542785 -0.4565999
26863.036000 0.0938278 -0.0119594 1.3239127 0.5424200 -0.5395233 0.4541599 -0.4565456
26863.136000 0.0938402 -0.0119555 1.3239114 0.5424401 -0.5395103 0.4541410 -0.4565559
26863.236000 0.0934158 -0.0118595 1.3239369 0.5424010 -0.5394060 0.4542306 -0.4566365
26863.336000 0.0938382 -0.0119422 1.3239105 0.5424765 -0.5394786 0.4541100 -0.4565809
26863.437000 0.0934265 -0.0118489 1.3239352 0.5424393 -0.5393768 0.4541963 -0.4566596
26863.536000 0.0938443 -0.0119307 1.3239091 0.5425140 -0.5394486 0.4540770 -0.4566046
26863.636000 0.0934325 -0.0118375 1.3239338 0.5424767 -0.5393468 0.4541633 -0.4566834
26863.736000 0.0934223 -0.0118291 1.3239340 0.5424936 -0.5393290 0.4541501 -0.4566974
26863.837000 0.0934251 -0.0118234 1.3239333 0.5425123 -0.5393139 0.4541337 -0.4567094
26863.936000 0.0938555 -0.0119078 1.3239065 0.5425886 -0.5393883 0.4540114 -0.4566525
26864.036000 0.0938669 -0.0119040 1.3239053 0.5426084 -0.5393750 0.4539929 -0.4566631
26864.136000 0.0938693 -0.0118982 1.3239047 0.5426270 -0.5393598 0.4539766 -0.4566752
26864.237000 0.0934438 -0.0118025 1.3239303 0.5425876 -0.5392553 0.4540665 -0.4567561
26864.336000 0.0938651 -0.0118849 1.3239040 0.5426628 -0.5393275 0.4539462 -0.4567009
26864.436000 0.0934524 -0.0117919 1.3239288 0.5426253 -0.5392255 0.4540328 -0.4567799
26864.536000 0.0938692 -0.0118735 1.3239028 0.5426997 -0.5392970 0.4539139 -0.4567253
26864.637000 0.0938800 -0.0118696 1.3239017 0.5427193 -0.5392835 0.4538956 -0.4567361
26864.736000 0.0938819 -0.0118639 1.3239011 0.5427376 -0.5392683 0.4538796 -0.4567482
26864.836000 0.0934515 -0.0117673 1.3239271 0.5426977 -0.5391624 0.4539704 -0.4568303
26864.937000 0.0938767 -0.0118506 1.3239006 0.5427733 -0.5392356 0.4538495 -0.4567744
26865.036000 0.0938870 -0.0118467 1.3238995 0.5427928 -0.5392219 0.4538313 -0.4567853
26865.137000 0.0938885 -0.0118410 1.3238990 0.5428111 -0.5392065 0.4538153 -0.4567977
26865.236000 0.0938899 -0.0118352 1.3238984 0.5428294 -0.5391910 0.4537993 -0.4568101
26865.336000 0.0934676 -0.0117406 1.3239239 0.5427904 -0.5390869 0.4538883 -0.4568909
26865.436000 0.0934559 -0.0117322 1.3239242 0.5428069 -0.5390687 0.4538756 -0.4569054
26865.536000 0.1030617 -0.0123532 1.3239930 0.5407234 -0.5406397 0.4557205 -0.4556816
26865.636000 0.1037393 -0.0124526 1.3239633 0.5407638 -0.5407502 0.4556287 -0.4555944
26865.736000 0.1037751 -0.0124477 1.3239599 0.5407832 -0.5407359 0.4556113 -0.4556058
26865.836000 0.1038042 -0.0124419 1.3239570 0.5408030 -0.5407220 0.4555936 -0.4556164
26865.936000 0.1038314 -0.0124362 1.3239541 0.5408237 -0.5407090 0.4555748 -0.4556260
26866.036000 0.1135624 -0.0125042 1.3239572 -0.5406873 0.5408038 -0.4556579 0.4555924
26866.136000 0.1221045 -0.0123438 1.3240671 0.5406476 -0.5405081 0.4558220 -0.4558262
26866.236000 0.1427784 -0.0124259 1.3240154 -0.5406145 0.5406458 -0.4558104 0.4557137
26866.336000 0.1530501 -0.0123701 1.3239964 -0.5406689 0.5406743 -0.4557685 0.4556572
26866.436000 0.1724325 -0.0124599 1.3240437 0.5406454 -0.5406165 0.4557573 -0.4557649
26866.536000 0.1826108 -0.0124377 1.3240447 0.5406879 -0.5405901 0.4557335 -0.4557696
26866.636000 0.1935883 -0.0124649 1.3239696 -0.5407256 0.5407683 -0.4556617 0.4555852
26866.736000 0.2030833 -0.0123673 1.3239924 0.5406862 -0.5406800 0.4557507 -0.4556477
26866.836000 0.2124312 -0.0124299 1.3240411 0.5407097 -0.5405910 0.4557145 -0.4557617
26866.936000 0.2232198 -0.0124588 1.3239658 -0.5407498 0.5407646 -0.4556394 0.4555832
26867.036000 0.2335107 -0.0124587 1.3239656 -0.5407479 0.5407666 -0.4556411 0.4555814
26867.136000 0.2430813 -0.0123672 1.3239924 0.5406864 -0.5406798 0.4557506 -0.4556478
26867.237000 0.2433073 -0.0123589 1.3239896 0.5407034 -0.5406615 0.4557379 -0.4556620
26867.336000 0.2433386 -0.0123531 1.3239865 0.5407222 -0.5406464 0.4557216 -0.4556740
26867.437000 0.2433677 -0.0123473 1.3239835 0.5407421 -0.5406325 0.4557038 -0.4556846
26867.536000 0.2433949 -0.0123417 1.3239807 0.5407628 -0.5406196 0.4556850 -0.4556942
26867.636000 0.2520884 -0.0123409 1.3240688 0.5406436 -0.5405014 0.4558279 -0.4558330
26867.737000 0.2620911 -0.0123410 1.3240679 0.5406436 -0.5405076 0.4558271 -0.4558264
26867.836000 0.2726182 -0.0124338 1.3240419 0.5407018 -0.5405978 0.4557203 -0.4557573
26867.936000 0.2830769 -0.0123681 1.3239930 0.5406858 -0.5406792 0.4557511 -0.4556488
26868.036000 0.2921028 -0.0123395 1.3240668 0.5406512 -0.5405041 0.4558204 -0.4558282
26868.136000 0.3026295 -0.0124319 1.3240406 0.5407082 -0.5405954 0.4557147 -0.4557581
26868.236000 0.3233491 -0.0126415 1.3239655 -0.5407103 0.5408142 -0.4556089 0.4556017
26868.336000 0.3330563 -0.0123457 1.3239850 0.5407002 -0.5406392 0.4557686 -0.4556616
26868.436000 0.3420746 -0.0123670 1.3240714 0.5405808 -0.5405333 0.4558727 -0.4558249
26868.536000 0.3526182 -0.0124338 1.3240419 0.5407017 -0.5405978 0.4557203 -0.4557572
26868.637000 0.3626433 -0.0124333 1.3240398 0.5407107 -0.5405962 0.4557115 -0.4557574
26868.736000 0.3828620 -0.0123712 1.3239955 -0.5406704 0.5406775 -0.4557660 0.4556542
26868.836000 0.3933866 -0.0124599 1.3239688 -0.5407330 0.5407698 -0.4556557 0.4555806
26868.937000 0.4034118 -0.0124597 1.3239661 -0.5407453 0.5407688 -0.4556432 0.4555797
26869.036000 0.4217944 -0.0123451 1.3240687 0.5406405 -0.5405050 0.4558288 -0.4558315
26869.137000 0.4333951 -0.0124575 1.3239673 -0.5407438 0.5407652 -0.4556462 0.4555828
26869.236000 0.4434117 -0.0124596 1.3239661 -0.5407455 0.5407686 -0.4556430 0.4555799
26869.336000 0.4534117 -0.0124596 1.3239661 -0.5407455 0.5407687 -0.4556431 0.4555798
26869.436000 0.4726222 -0.0127208 1.3240189 -0.5406793 0.5406891 -0.4556286 0.4557674
26869.536000 0.4826264 -0.0124424 1.3240420 0.5406973 -0.5405997 0.4557214 -0.4557592
26869.636000 0.4926262 -0.0124361 1.3240418 0.5407008 -0.5405993 0.4557202 -0.4557568
26869.736000 0.5026308 -0.0124354 1.3240412 0.5407041 -0.5405996 0.4557170 -0.4557556
26869.836000 0.5126342 -0.0124349 1.3240407 0.5407061 -0.5405991 0.4557152 -0.4557555
26869.936000 0.5234135 -0.0124598 1.3239663 -0.5407469 0.5407670 -0.4556418 0.4555814
26870.037000 0.5321167 -0.0123417 1.3240656 0.5406549 -0.5405056 0.4558155 -0.4558269
26870.136000 0.5523943 -0.0124588 1.3240459 -0.5406323 0.5406330 -0.4557761 0.4557420
26870.237000 0.5630610 -0.0123719 1.3239957 -0.5406681 0.5406782 -0.4557679 0.4556541
26870.336000 0.5720875 -0.0123418 1.3240691 0.5406400 -0.5405026 0.4558312 -0.4558325
26870.436000 0.5923735 -0.0124603 1.3240484 -0.5406156 0.5406347 -0.4557941 0.4557418
26870.537000 0.6021098 -0.0123435 1.3240667 0.5406470 -0.5405106 0.4558223 -0.4558236
26870.636000 0.6231119 -0.0124589 1.3239657 -0.5407326 0.5407787 -0.4556562 0.4555700
26870.736000 0.6323243 -0.0123649 1.3240525 0.5406134 -0.5405404 0.4558374 -0.4558129
26870.836000 0.6433689 -0.0124529 1.3239722 0.5407552 -0.5407169 0.4556352 -0.4556376
26870.936000 0.6530511 -0.0123743 1.3239978 -0.5406545 0.5406706 -0.4557803 0.4556670
26871.036000 0.6626057 -0.0124358 1.3240444 0.5406930 -0.5405890 0.4557288 -0.4557695
26871.136000 0.6726214 -0.0124367 1.3240427 0.5406964 -0.5405970 0.4557247 -0.4557600
26871.236000 0.6835960 -0.0124627 1.3239680 -0.5407369 0.5407704 -0.4556507 0.4555804
26871.336000 0.6924418 -0.0124354 1.3240413 0.5407063 -0.5405969 0.4557152 -0.4557581
26871.436000 0.7117886 -0.0123452 1.3240687 0.5406405 -0.5405050 0.4558288 -0.4558314
26871.536000 0.7219910 -0.0123416 1.3240685 0.5406403 -0.5405066 0.4558304 -0.4558282
26871.636000 0.7330597 -0.0123671 1.3239941 0.5406814 -0.5406783 0.4557561 -0.4556501
26871.736000 0.7435977 -0.0124605 1.3239673 -0.5407391 0.5407712 -0.4556490 0.4555784
26871.836000 0.7620156 -0.0123492 1.3240662 0.5406383 -0.5405205 0.4558286 -0.4558159
26871.936000 0.7729825 -0.0123766 1.3240042 0.5406564 -0.5406379 0.4557716 -0.4557120
26872.036000 0.7830645 -0.0123670 1.3239939 -0.5406797 0.5406806 -0.4557576 0.4556479
26872.136000 0.8032794 -0.0124638 1.3239704 -0.5407217 0.5407670 -0.4556661 0.4555870
26872.236000 0.8129871 -0.0123686 1.3239923 0.5406859 -0.5406815 0.4557505 -0.4556466
26872.337000 0.8323734 -0.0124603 1.3240484 -0.5406157 0.5406347 -0.4557941 0.4557418
26872.436000 0.8430576 -0.0123573 1.3239970 0.5407124 -0.5406216 0.4557289 -0.4557079
26872.536000 0.8526097 -0.0124353 1.3240437 0.5406960 -0.5405925 0.4557260 -0.4557646
26872.636000 0.8726880 -0.0123685 1.3240138 0.5406364 -0.5406237 0.4558084 -0.4557158
26872.736000 0.8834760 -0.0124458 1.3239719 0.5407672 -0.5407073 0.4556292 -0.4556408
26872.836000 0.8933915 -0.0124642 1.3239696 -0.5407247 0.5407692 -0.4556628 0.4555841
26872.936000 0.9030645 -0.0123703 1.3239944 -0.5406750 0.5406828 -0.4557609 0.4556475
26873.036000 0.9130607 -0.0123678 1.3239945 -0.5406766 0.5406810 -0.4557604 0.4556483
26873.136000 0.9220953 -0.0123408 1.3240677 0.5406466 -0.5405053 0.4558245 -0.4558282
26873.236000 0.9330661 -0.0123662 1.3239935 0.5406846 -0.5406773 0.4557532 -0.4556503
26873.336000 0.9433987 -0.0124574 1.3239672 -0.5407420 0.5407672 -0.4556477 0.4555811
26873.436000 0.9526378 -0.0124338 1.3240401 0.5407114 -0.5405951 0.4557107 -0.4557585
26873.536000 0.9626425 -0.0124334 1.3240398 0.5407105 -0.5405964 0.4557116 -0.4557573
26873.636000 0.9833159 -0.0124657 1.3239665 -0.5407348 0.5407776 -0.4556518 0.4555732
26873.736000 0.9925825 -0.0124628 1.3240490 0.5406230 -0.5406178 0.4557824 -0.4557649
26873.837000 1.0026291 -0.0124357 1.3240414 0.5407028 -0.5405998 0.4557182 -0.4557557
26873.936000 1.0134080 -0.0124609 1.3239669 -0.5407435 0.5407690 -0.4556446 0.4555802
26874.036000 1.0228930 -0.0123692 1.3239920 0.5406874 -0.5406816 0.4557486 -0.4556465
26874.137000 1.0323006 -0.0123390 1.3240664 0.5406528 -0.5405032 0.4558191 -0.4558287
26874.236000 1.0426366 -0.0124314 1.3240403 0.5407097 -0.5405942 0.4557135 -0.4557589
26874.336000 1.0628013 -0.0124110 1.3239887 -0.5406889 0.5407133 -0.4557285 0.4556272
26874.436000 1.0728679 -0.0123694 1.3239945 -0.5406787 0.5406793 -0.4557579 0.4556503
26874.536000 1.0928361 -0.0123723 1.3239984 -0.5406534 0.5406687 -0.4557824 0.4556685
26874.636000 1.1033773 -0.0124617 1.3239707 -0.5407211 0.5407661 -0.4556679 0.4555870
26874.736000 1.1123008 -0.0123409 1.3240667 0.5406506 -0.5405059 0.4558203 -0.4558270
26874.836000 1.1234043 -0.0124569 1.3239670 -0.5407457 0.5407639 -0.4556446 0.4555837
26874.936000 1.1424018 -0.0124607 1.3240451 -0.5406311 0.5406418 -0.4557775 0.4557318
26875.036000 1.1530599 -0.0123728 1.3239959 -0.5406653 0.5406788 -0.4557702 0.4556544
26875.136000 1.1626128 -0.0124347 1.3240433 0.5406975 -0.5405927 0.4557249 -0.4557637
26875.236000 1.1730697 -0.0123695 1.3239939 0.5406803 -0.5406803 0.4557561 -0.4556491
26875.336000 1.1826215 -0.0124335 1.3240418 0.5407048 -0.5405953 0.4557176 -0.4557592
26875.436000 1.1934096 -0.0124606 1.3239667 -0.5407447 0.5407684 -0.4556437 0.4555805
26875.537000 1.2021145 -0.0123421 1.3240658 0.5406538 -0.5405064 0.4558165 -0.4558264
26875.636000 1.2134011 -0.0124562 1.3239667 -0.5407473 0.5407625 -0.4556433 0.4555847
26875.736000 1.2235149 -0.0124587 1.3239656 -0.5407479 0.5407666 -0.4556411 0.4555813
26875.836000 1.2428591 -0.0123716 1.3239960 -0.5406653 0.5406789 -0.4557709 0.4556537
26875.937000 1.2520053 -0.0123400 1.3240671 0.5406496 -0.5405050 0.4558217 -0.4558277
26876.036000 1.2630688 -0.0123653 1.3239930 0.5406876 -0.5406756 0.4557507 -0.4556512
26876.136000 1.2828446 -0.0123608 1.3239981 0.5406981 -0.5406278 0.4557405 -0.4557058
26876.236000 1.2920844 -0.0123423 1.3240695 0.5406385 -0.5405024 0.4558323 -0.4558334
26876.336000 1.3030580 -0.0123678 1.3239946 -0.5406782 0.5406785 -0.4557591 0.4556507
26876.436000 1.3133913 -0.0124589 1.3239681 -0.5407370 0.5407694 -0.4556520 0.4555800
26876.536000 1.3226299 -0.0124352 1.3240410 0.5407071 -0.5405971 0.4557144 -0.4557576
26876.637000 1.3418023 -0.0123449 1.3240683 0.5406399 -0.5405090 0.4558291 -0.4558271
26876.736000 1.3526257 -0.0124326 1.3240410 0.5407061 -0.5405968 0.4557164 -0.4557572
26876.836000 1.3724155 -0.0124619 1.3240450 0.5406397 -0.5406252 0.4557640 -0.4557546
26876.936000 1.3830574 -0.0123734 1.3239966 -0.5406642 0.5406738 -0.4557704 0.4556615
26877.036000 1.3935883 -0.0124625 1.3239687 -0.5407310 0.5407720 -0.4556565 0.4555795
26877.137000 1.4029929 -0.0123679 1.3239920 0.5406876 -0.5406803 0.4557491 -0.4556474
26877.236000 1.4223972 -0.0124361 1.3240453 0.5406930 -0.5405812 0.4557279 -0.4557797
26877.336000 1.4335872 -0.0124658 1.3239698 -0.5407228 0.5407689 -0.4556640 0.4555856
26877.436000 1.4421952 -0.0123437 1.3240686 0.5406409 -0.5405047 0.4558293 -0.4558308
26877.536000 1.4528814 -0.0123651 1.3239929 0.5406881 -0.5406752 0.4557503 -0.4556515
26877.636000 1.4626298 -0.0124314 1.3240404 0.5407117 -0.5405920 0.4557117 -0.4557608
26877.736000 1.4820554 -0.0123579 1.3240645 0.5406456 -0.5405254 0.4558176 -0.4558124
26877.836000 1.4930174 -0.0123661 1.3240020 0.5406787 -0.5406177 0.4557561 -0.4557250
26877.936000 1.5028731 -0.0123668 1.3239938 0.5406805 -0.5406804 0.4557569 -0.4556480
26878.036000 1.5126181 -0.0124334 1.3240417 0.5407054 -0.5405953 0.4557171 -0.4557591
26878.136000 1.5234080 -0.0124609 1.3239669 -0.5407436 0.5407689 -0.4556445 0.4555803
26878.236000 1.5330786 -0.0123674 1.3239925 0.5406859 -0.5406802 0.4557510 -0.4556476
26878.336000 1.5430749 -0.0123649 1.3239927 0.5406864 -0.5406771 0.4557518 -0.4556498
26878.436000 1.5628863 -0.0122820 1.3239897 0.5406904 -0.5406747 0.4557786 -0.4556211
26878.536000 1.5732242 -0.0124080 1.3239839 -0.5406260 0.5407139 -0.4557694 0.4556603
26878.637000 1.5833904 -0.0124591 1.3239682 -0.5407361 0.5407698 -0.4556528 0.4555799
26878.736000 1.5929810 -0.0123692 1.3239927 0.5406839 -0.5406826 0.4557521 -0.4556460
26878.837000 1.5933033 -0.0123596 1.3239900 0.5407012 -0.5406635 0.4557398 -0.4556605
26878.936000 1.5933350 -0.0123537 1.3239869 0.5407199 -0.5406481 0.4557236 -0.4556727
26879.036000 1.5937881 -0.0124399 1.3239580 0.5407968 -0.5407231 0.4556007 -0.4556154
26879.136000 1.5934006 -0.0123442 1.3239805 0.5407615 -0.5406229 0.4556851 -0.4556917
26879.236000 1.5938499 -0.0124303 1.3239519 0.5408399 -0.5406995 0.4555603 -0.4556326
26879.336000 1.5934591 -0.0123346 1.3239746 0.5408058 -0.5406005 0.4556434 -0.4557076
26879.436000 1.5938850 -0.0124160 1.3239474 0.5408820 -0.5406736 0.4555230 -0.4556507
26879.536000 1.5934972 -0.0123215 1.3239699 0.5408494 -0.5405761 0.4556039 -0.4557242
26879.636000 1.5935102 -0.0123139 1.3239680 0.5408709 -0.5405632 0.4555850 -0.4557329
26879.736000 1.5935314 -0.0123082 1.3239655 0.5408936 -0.5405523 0.4555637 -0.4557401
26879.836000 1.5939801 -0.0123950 1.3239369 0.5409740 -0.5406314 0.4554362 -0.4556782
26879.936000 1.5935814 -0.0122986 1.3239602 0.5409407 -0.5405326 0.4555186 -0.4557526
26880.037000 1.5940215 -0.0123835 1.3239321 0.5410202 -0.5406102 0.4553929 -0.4556918
26854.787000 0.0924221 -0.0123358 1.3240646 0.5406616 -0.5404952 0.4558120 -0.4558348
26854.787000 0.0924221 -0.0123358 1.3240646 0.5406616 -0.5404952 0.4558120 -0.4558348
26854.836000 0.0924221 -0.0123358 1.3240646 0.5406616 -0.5404952 0.4558120 -0.4558348
26854.936000 0.0924546 -0.0123300 1.3240615 0.5406796 -0.5404798 0.4557967 -0.4558470
26855.036000 0.0924846 -0.0123243 1.3240585 0.5406990 -0.5404656 0.4557795 -0.4558581
26855.136000 0.0925126 -0.0123187 1.3240557 0.5407194 -0.5404523 0.4557611 -0.4558680
26855.236000 0.0929625 -0.0124048 1.3240273 0.5407974 -0.5405290 0.4556367 -0.4558089
26855.336000 0.0925768 -0.0123102 1.3240494 0.5407640 -0.5404306 0.4557185 -0.4558834
26855.436000 0.0930153 -0.0123944 1.3240218 0.5408419 -0.5405061 0.4555951 -0.4558248
26855.536000 0.0930468 -0.0123906 1.3240187 0.5408655 -0.5404967 0.4555721 -0.4558310
26855.637000 0.0930686 -0.0123849 1.3240163 0.5408880 -0.5404856 0.4555512 -0.4558384
26855.736000 0.0926573 -0.0122858 1.3240400 0.5408524 -0.5403838 0.4556374 -0.4559151
26855.836000 0.0931012 -0.0123716 1.3240120 0.5409322 -0.5404618 0.4555110 -0.4558543
26855.936000 0.0927056 -0.0122763 1.3240349 0.5408990 -0.5403636 0.4555929 -0.4559282
26856.036000 0.0927109 -0.0122678 1.3240335 0.5409198 -0.5403498 0.4555752 -0.4559377
26856.136000 0.0927262 -0.0122622 1.3240316 0.5409417 -0.5403381 0.4555549 -0.4559458
26856.236000 0.0931894 -0.0123488 1.3240019 0.5410261 -0.5404209 0.4554228 -0.4558796
26856.336000 0.0932105 -0.0123450 1.3239998 0.5410486 -0.5404104 0.4554010 -0.4558870
26856.436000 0.0928072 -0.0122489 1.3240232 0.5410142 -0.5403112 0.4554846 -0.4559619
26856.537000 0.0932301 -0.0123308 1.3239966 0.5410914 -0.5403852 0.4553629 -0.4559042
26856.636000 0.0932599 -0.0123279 1.3239938 0.5411158 -0.5403766 0.4553386 -0.4559097
26856.736000 0.0928568 -0.0122318 1.3240172 0.5410815 -0.5402774 0.4554220 -0.4559845
26856.836000 0.0932834 -0.0123146 1.3239903 0.5411593 -0.5403521 0.4552992 -0.4559264
26856.936000 0.0928845 -0.0122195 1.3240136 0.5411257 -0.5402536 0.4553815 -0.4560007
26857.036000 0.0933149 -0.0123032 1.3239865 0.5412038 -0.5403292 0.4552580 -0.4559419
26857.136000 0.0933389 -0.0122994 1.3239840 0.5412271 -0.5403195 0.4552353 -0.4559483
26857.237000 0.0933538 -0.0122936 1.3239822 0.5412492 -0.5403078 0.4552149 -0.4559563
26857.337000 0.0933685 -0.0122879 1.3239804 0.5412711 -0.5402961 0.4551946 -0.4559644
26857.436000 0.0933828 -0.0122822 1.3239786 0.5412930 -0.5402843 0.4551744 -0.4559726
26857.536000 0.0933969 -0.0122765 1.3239768 0.5413148 -0.5402724 0.4551543 -0.4559808
26857.637000 0.0929873 -0.0121798 1.3240008 0.5412795 -0.5401717 0.4552394 -0.4560572
26857.736000 0.0934153 -0.0122632 1.3239738 0.5413570 -0.5402466 0.4551165 -0.4559990
26857.836000 0.0934374 -0.0122593 1.3239716 0.5413798 -0.5402364 0.4550945 -0.4560061
26857.936000 0.0934504 -0.0122536 1.3239699 0.5414013 -0.5402242 0.4550747 -0.4560147
26858.036000 0.0930394 -0.0121570 1.3239941 0.5413656 -0.5401231 0.4551602 -0.4560915
26858.136000 0.0934667 -0.0122403 1.3239672 0.5414429 -0.5401978 0.4550377 -0.4560336
26858.236000 0.0934877 -0.0122364 1.3239651 0.5414654 -0.5401872 0.4550160 -0.4560411
26858.336000 0.0930760 -0.0121399 1.3239893 0.5414295 -0.5400859 0.4551017 -0.4561181
26858.437000 0.0935024 -0.0122231 1.3239625 0.5415066 -0.5401604 0.4549794 -0.4560605
26858.536000 0.0935227 -0.0122193 1.3239605 0.5415288 -0.5401496 0.4549580 -0.4560682
26858.636000 0.0935339 -0.0122135 1.3239590 0.5415499 -0.5401369 0.4549388 -0.4560773
26858.737000 0.0935449 -0.0122079 1.3239575 0.5415706 -0.5401243 0.4549199 -0.4560865
26858.836000 0.0931234 -0.0121095 1.3239824 0.5415334 -0.5400208 0.4550079 -0.4561654
26858.936000 0.0935574 -0.0121945 1.3239552 0.5416113 -0.5400967 0.4548839 -0.4561068
26859.036000 0.0931527 -0.0121000 1.3239791 0.5415762 -0.5399968 0.4549680 -0.4561830
26859.137000 0.0931498 -0.0120915 1.3239785 0.5415951 -0.5399810 0.4549524 -0.4561946
26859.236000 0.0931596 -0.0120858 1.3239771 0.5416157 -0.5399680 0.4549337 -0.4562043
26859.336000 0.0935969 -0.0121715 1.3239497 0.5416940 -0.5400445 0.4548089 -0.4561452
26859.436000 0.0936152 -0.0121677 1.3239479 0.5417157 -0.5400332 0.4547881 -0.4561536
26859.536000 0.0936243 -0.0121620 1.3239466 0.5417361 -0.5400199 0.4547696 -0.4561634
26859.636000 0.0936333 -0.0121562 1.3239453 0.5417565 -0.5400066 0.4547512 -0.4561733
26859.736000 0.0936421 -0.0121505 1.3239440 0.5417768 -0.5399933 0.4547328 -0.4561833
26859.836000 0.0932271 -0.0120543 1.3239687 0.5417400 -0.5398911 0.4548196 -0.4562615
26859.936000 0.0932225 -0.0120459 1.3239682 0.5417585 -0.5398749 0.4548045 -0.4562737
26860.036000 0.0936584 -0.0121314 1.3239409 0.5418363 -0.5399510 0.4546803 -0.4562151
26860.136000 0.0936752 -0.0121276 1.3239392 0.5418576 -0.5399392 0.4546600 -0.4562239
26860.236000 0.0932595 -0.0120315 1.3239639 0.5418206 -0.5398369 0.4547470 -0.4563023
26860.336000 0.0936818 -0.0121142 1.3239375 0.5418965 -0.5399101 0.4546261 -0.4562460
26860.436000 0.0932660 -0.0120183 1.3239622 0.5418594 -0.5398076 0.4547132 -0.4563245
26860.536000 0.0936967 -0.0121028 1.3239352 0.5419364 -0.5398826 0.4545902 -0.4562669
26860.636000 0.0932803 -0.0120069 1.3239600 0.5418992 -0.5397800 0.4546774 -0.4563455
26860.736000 0.0932828 -0.0120002 1.3239592 0.5419184 -0.5397652 0.4546608 -0.4563569
26860.836000 0.0937173 -0.0120855 1.3239320 0.5419958 -0.5398409 0.4545370 -0.4562987
26860.936000 0.0933006 -0.0119897 1.3239569 0.5419585 -0.5397382 0.4546243 -0.4563775
26861.036000 0.0937305 -0.0120741 1.3239300 0.5420353 -0.5398129 0.4545017 -0.4563201
26861.136000 0.0937454 -0.0120702 1.3239284 0.5420560 -0.5398006 0.4544820 -0.4563296
26861.236000 0.0937515 -0.0120645 1.3239274 0.5420756 -0.5397865 0.4544645 -0.4563404
26861.336000 0.0933338 -0.0119687 1.3239524 0.5420380 -0.5396836 0.4545521 -0.4564195
26861.436000 0.0937502 -0.0120503 1.3239263 0.5421127 -0.5397555 0.4544331 -0.4563643
26861.536000 0.0937689 -0.0120473 1.3239246 0.5421341 -0.5397438 0.4544123 -0.4563733
26861.636000 0.0937743 -0.0120415 1.3239236 0.5421535 -0.5397295 0.4543950 -0.4563844
26861.736000 0.0937797 -0.0120358 1.3239227 0.5421729 -0.5397152 0.4543778 -0.4563955
26861.836000 0.0933527 -0.0119384 1.3239483 0.5421339 -0.5396103 0.4544677 -0.4564763
26861.936000 0.0937813 -0.0120225 1.3239215 0.5422104 -0.5396846 0.4543456 -0.4564193
26862.036000 0.0933627 -0.0119270 1.3239465 0.5421725 -0.5395814 0.4544335 -0.4564987
26862.136000 0.0937910 -0.0120110 1.3239198 0.5422488 -0.5396556 0.4543114 -0.4564419
26862.237000 0.0938042 -0.0120071 1.3239184 0.5422692 -0.5396429 0.4542923 -0.4564518
26862.336000 0.0938087 -0.0120014 1.3239176 0.5422883 -0.5396283 0.4542753 -0.4564632
26862.436000 0.0938131 -0.0119957 1.3239167 0.5423074 -0.5396136 0.4542584 -0.4564747
26862.536000 0.0933979 -0.0119012 1.3239416 0.5422697 -0.5395114 0.4543456 -0.4565536
26862.636000 0.0933849 -0.0118918 1.3239419 0.5422866 -0.5394929 0.4543329 -0.4565680
26862.736000 0.0938124 -0.0119757 1.3239152 0.5423625 -0.5395670 0.4542112 -0.4565112
26862.836000 0.0938293 -0.0119727 1.3239136 0.5423834 -0.5395548 0.4541911 -0.4565209
26862.936000 0.0934137 -0.0118784 1.3239385 0.5423456 -0.5394524 0.4542785 -0.4565999
26863.036000 0.0938278 -0.0119594 1.3239127 0.5424200 -0.5395233 0.4541599 -0.4565456
26863.136000 0.0938402 -0.0119555 1.3239114 0.5424401 -0.5395103 0.4541410 -0.4565559
26863.236000 0.0934158 -0.0118595 1.3239369 0.5424010 -0.5394060 0.4542306 -0.4566365
26863.336000 0.0938382 -0.0119422 1.3239105 0.5424765 -0.5394786 0.4541100 -0.4565809
26863.437000 0.0934265 -0.0118489 1.3239352 0.5424393 -0.5393768 0.4541963 -0.4566596
26863.536000 0.0938443 -0.0119307 1.3239091 0.5425140 -0.5394486 0.4540770 -0.4566046
26863.636000 0.0934325 -0.0118375 1.3239338 0.5424767 -0.5393468 0.4541633 -0.4566834
26863.736000 0.0934223 -0.0118291 1.3239340 0.5424936 -0.5393290 0.4541501 -0.4566974
26863.837000 0.0934251 -0.0118234 1.3239333 0.5425123 -0.5393139 0.4541337 -0.4567094
26863.936000 0.0938555 -0.0119078 1.3239065 0.5425886 -0.5393883 0.4540114 -0.4566525
26864.036000 0.0938669 -0.0119040 1.3239053 0.5426084 -0.5393750 0.4539929 -0.4566631
26864.136000 0.0938693 -0.0118982 1.3239047 0.5426270 -0.5393598 0.4539766 -0.4566752
26864.237000 0.0934438 -0.0118025 1.3239303 0.5425876 -0.5392553 0.4540665 -0.4567561
26864.336000 0.0938651 -0.0118849 1.3239040 0.5426628 -0.5393275 0.4539462 -0.4567009
26864.436000 0.0934524 -0.0117919 1.3239288 0.5426253 -0.5392255 0.4540328 -0.4567799
26864.536000 0.0938692 -0.0118735 1.3239028 0.5426997 -0.5392970 0.4539139 -0.4567253
26864.637000 0.0938800 -0.0118696 1.3239017 0.5427193 -0.5392835 0.4538956 -0.4567361
26864.736000 0.0938819 -0.0118639 1.3239011 0.5427376 -0.5392683 0.4538796 -0.4567482
26864.836000 0.0934515 -0.0117673 1.3239271 0.5426977 -0.5391624 0.4539704 -0.4568303
26864.937000 0.0938767 -0.0118506 1.3239006 0.5427733 -0.5392356 0.4538495 -0.4567744
26865.036000 0.0938870 -0.0118467 1.3238995 0.5427928 -0.5392219 0.4538313 -0.4567853
26865.137000 0.0938885 -0.0118410 1.3238990 0.5428111 -0.5392065 0.4538153 -0.4567977
26865.236000 0.0938899 -0.0118352 1.3238984 0.5428294 -0.5391910 0.4537993 -0.4568101
26865.336000 0.0934676 -0.0117406 1.3239239 0.5427904 -0.5390869 0.4538883 -0.4568909
26865.436000 0.0934559 -0.0117322 1.3239242 0.5428069 -0.5390687 0.4538756 -0.4569054
26865.536000 0.1030617 -0.0123532 1.3239930 0.5407234 -0.5406397 0.4557205 -0.4556816
26865.636000 0.1037393 -0.0124526 1.3239633 0.5407638 -0.5407502 0.4556287 -0.4555944
26865.736000 0.1037751 -0.0124477 1.3239599 0.5407832 -0.5407359 0.4556113 -0.4556058
26865.836000 0.1038042 -0.0124419 1.3239570 0.5408030 -0.5407220 0.4555936 -0.4556164
26865.936000 0.1038314 -0.0124362 1.3239541 0.5408237 -0.5407090 0.4555748 -0.4556260
26866.036000 0.1135624 -0.0125042 1.3239572 -0.5406873 0.5408038 -0.4556579 0.4555924
26866.136000 0.1221045 -0.0123438 1.3240671 0.5406476 -0.5405081 0.4558220 -0.4558262
26866.236000 0.1427784 -0.0124259 1.3240154 -0.5406145 0.5406458 -0.4558104 0.4557137
26866.336000 0.1530501 -0.0123701 1.3239964 -0.5406689 0.5406743 -0.4557685 0.4556572
26866.436000 0.1724325 -0.0124599 1.3240437 0.5406454 -0.5406165 0.4557573 -0.4557649
26866.536000 0.1826108 -0.0124377 1.3240447 0.5406879 -0.5405901 0.4557335 -0.4557696
26866.636000 0.1935883 -0.0124649 1.3239696 -0.5407256 0.5407683 -0.4556617 0.4555852
26866.736000 0.2030833 -0.0123673 1.3239924 0.5406862 -0.5406800 0.4557507 -0.4556477
26866.836000 0.2124312 -0.0124299 1.3240411 0.5407097 -0.5405910 0.4557145 -0.4557617
26866.936000 0.2232198 -0.0124588 1.3239658 -0.5407498 0.5407646 -0.4556394 0.4555832
26867.036000 0.2335107 -0.0124587 1.3239656 -0.5407479 0.5407666 -0.4556411 0.4555814
26867.136000 0.2430813 -0.0123672 1.3239924 0.5406864 -0.5406798 0.4557506 -0.4556478
26867.237000 0.2433073 -0.0123589 1.3239896 0.5407034 -0.5406615 0.4557379 -0.4556620
26867.336000 0.2433386 -0.0123531 1.3239865 0.5407222 -0.5406464 0.4557216 -0.4556740
26867.437000 0.2433677 -0.0123473 1.3239835 0.5407421 -0.5406325 0.4557038 -0.4556846
26867.536000 0.2433949 -0.0123417 1.3239807 0.5407628 -0.5406196 0.4556850 -0.4556942
26867.636000 0.2520884 -0.0123409 1.3240688 0.5406436 -0.5405014 0.4558279 -0.4558330
26867.737000 0.2620911 -0.0123410 1.3240679 0.5406436 -0.5405076 0.4558271 -0.4558264
26867.836000 0.2726182 -0.0124338 1.3240419 0.5407018 -0.5405978 0.4557203 -0.4557573
26867.936000 0.2830769 -0.0123681 1.3239930 0.5406858 -0.5406792 0.4557511 -0.4556488
26868.036000 0.2921028 -0.0123395 1.3240668 0.5406512 -0.5405041 0.4558204 -0.4558282
26868.136000 0.3026295 -0.0124319 1.3240406 0.5407082 -0.5405954 0.4557147 -0.4557581
26868.236000 0.3233491 -0.0126415 1.3239655 -0.5407103 0.5408142 -0.4556089 0.4556017
26868.336000 0.3330563 -0.0123457 1.3239850 0.5407002 -0.5406392 0.4557686 -0.4556616
26868.436000 0.3420746 -0.0123670 1.3240714 0.5405808 -0.5405333 0.4558727 -0.4558249
26868.536000 0.3526182 -0.0124338 1.3240419 0.5407017 -0.5405978 0.4557203 -0.4557572
26868.637000 0.3626433 -0.0124333 1.3240398 0.5407107 -0.5405962 0.4557115 -0.4557574
26868.736000 0.3828620 -0.0123712 1.3239955 -0.5406704 0.5406775 -0.4557660 0.4556542
26868.836000 0.3933866 -0.0124599 1.3239688 -0.5407330 0.5407698 -0.4556557 0.4555806
26868.937000 0.4034118 -0.0124597 1.3239661 -0.5407453 0.5407688 -0.4556432 0.4555797
26869.036000 0.4217944 -0.0123451 1.3240687 0.5406405 -0.5405050 0.4558288 -0.4558315
26869.137000 0.4333951 -0.0124575 1.3239673 -0.5407438 0.5407652 -0.4556462 0.4555828
26869.236000 0.4434117 -0.0124596 1.3239661 -0.5407455 0.5407686 -0.4556430 0.4555799
26869.336000 0.4534117 -0.0124596 1.3239661 -0.5407455 0.5407687 -0.4556431 0.4555798
26869.436000 0.4726222 -0.0127208 1.3240189 -0.5406793 0.5406891 -0.4556286 0.4557674
26869.536000 0.4826264 -0.0124424 1.3240420 0.5406973 -0.5405997 0.4557214 -0.4557592
26869.636000 0.4926262 -0.0124361 1.3240418 0.5407008 -0.5405993 0.4557202 -0.4557568
26869.736000 0.5026308 -0.0124354 1.3240412 0.5407041 -0.5405996 0.4557170 -0.4557556
26869.836000 0.5126342 -0.0124349 1.3240407 0.5407061 -0.5405991 0.4557152 -0.4557555
26869.936000 0.5234135 -0.0124598 1.3239663 -0.5407469 0.5407670 -0.4556418 0.4555814
26870.037000 0.5321167 -0.0123417 1.3240656 0.5406549 -0.5405056 0.4558155 -0.4558269
26870.136000 0.5523943 -0.0124588 1.3240459 -0.5406323 0.5406330 -0.4557761 0.4557420
26870.237000 0.5630610 -0.0123719 1.3239957 -0.5406681 0.5406782 -0.4557679 0.4556541
26870.336000 0.5720875 -0.0123418 1.3240691 0.5406400 -0.5405026 0.4558312 -0.4558325
26870.436000 0.5923735 -0.0124603 1.3240484 -0.5406156 0.5406347 -0.4557941 0.4557418
26870.537000 0.6021098 -0.0123435 1.3240667 0.5406470 -0.5405106 0.4558223 -0.4558236
26870.636000 0.6231119 -0.0124589 1.3239657 -0.5407326 0.5407787 -0.4556562 0.4555700
26870.736000 0.6323243 -0.0123649 1.3240525 0.5406134 -0.5405404 0.4558374 -0.4558129
26870.836000 0.6433689 -0.0124529 1.3239722 0.5407552 -0.5407169 0.4556352 -0.4556376
26870.936000 0.6530511 -0.0123743 1.3239978 -0.5406545 0.5406706 -0.4557803 0.4556670
26871.036000 0.6626057 -0.0124358 1.3240444 0.5406930 -0.5405890 0.4557288 -0.4557695
26871.136000 0.6726214 -0.0124367 1.3240427 0.5406964 -0.5405970 0.4557247 -0.4557600
26871.236000 0.6835960 -0.0124627 1.3239680 -0.5407369 0.5407704 -0.4556507 0.4555804
26871.336000 0.6924418 -0.0124354 1.3240413 0.5407063 -0.5405969 0.4557152 -0.4557581
26871.436000 0.7117886 -0.0123452 1.3240687 0.5406405 -0.5405050 0.4558288 -0.4558314
26871.536000 0.7219910 -0.0123416 1.3240685 0.5406403 -0.5405066 0.4558304 -0.4558282
26871.636000 0.7330597 -0.0123671 1.3239941 0.5406814 -0.5406783 0.4557561 -0.4556501
26871.736000 0.7435977 -0.0124605 1.3239673 -0.5407391 0.5407712 -0.4556490 0.4555784
26871.836000 0.7620156 -0.0123492 1.3240662 0.5406383 -0.5405205 0.4558286 -0.4558159
26871.936000 0.7729825 -0.0123766 1.3240042 0.5406564 -0.5406379 0.4557716 -0.4557120
26872.036000 0.7830645 -0.0123670 1.3239939 -0.5406797 0.5406806 -0.4557576 0.4556479
26872.136000 0.8032794 -0.0124638 1.3239704 -0.5407217 0.5407670 -0.4556661 0.4555870
26872.236000 0.8129871 -0.0123686 1.3239923 0.5406859 -0.5406815 0.4557505 -0.4556466
26872.337000 0.8323734 -0.0124603 1.3240484 -0.5406157 0.5406347 -0.4557941 0.4557418
26872.436000 0.8430576 -0.0123573 1.3239970 0.5407124 -0.5406216 0.4557289 -0.4557079
26872.536000 0.8526097 -0.0124353 1.3240437 0.5406960 -0.5405925 0.4557260 -0.4557646
26872.636000 0.8726880 -0.0123685 1.3240138 0.5406364 -0.5406237 0.4558084 -0.4557158
26872.736000 0.8834760 -0.0124458 1.3239719 0.5407672 -0.5407073 0.4556292 -0.4556408
26872.836000 0.8933915 -0.0124642 1.3239696 -0.5407247 0.5407692 -0.4556628 0.4555841
26872.936000 0.9030645 -0.0123703 1.3239944 -0.5406750 0.5406828 -0.4557609 0.4556475
26873.036000 0.9130607 -0.0123678 1.3239945 -0.5406766 0.5406810 -0.4557604 0.4556483
26873.136000 0.9220953 -0.0123408 1.3240677 0.5406466 -0.5405053 0.4558245 -0.4558282
26873.236000 0.9330661 -0.0123662 1.3239935 0.5406846 -0.5406773 0.4557532 -0.4556503
26873.336000 0.9433987 -0.0124574 1.3239672 -0.5407420 0.5407672 -0.4556477 0.4555811
26873.436000 0.9526378 -0.0124338 1.3240401 0.5407114 -0.5405951 0.4557107 -0.4557585
26873.536000 0.9626425 -0.0124334 1.3240398 0.5407105 -0.5405964 0.4557116 -0.4557573
26873.636000 0.9833159 -0.0124657 1.3239665 -0.5407348 0.5407776 -0.4556518 0.4555732
26873.736000 0.9925825 -0.0124628 1.3240490 0.5406230 -0.5406178 0.4557824 -0.4557649
26873.837000 1.0026291 -0.0124357 1.3240414 0.5407028 -0.5405998 0.4557182 -0.4557557
26873.936000 1.0134080 -0.0124609 1.3239669 -0.5407435 0.5407690 -0.4556446 0.4555802
26874.036000 1.0228930 -0.0123692 1.3239920 0.5406874 -0.5406816 0.4557486 -0.4556465
26874.137000 1.0323006 -0.0123390 1.3240664 0.5406528 -0.5405032 0.4558191 -0.4558287
26874.236000 1.0426366 -0.0124314 1.3240403 0.5407097 -0.5405942 0.4557135 -0.4557589
26874.336000 1.0628013 -0.0124110 1.3239887 -0.5406889 0.5407133 -0.4557285 0.4556272
26874.436000 1.0728679 -0.0123694 1.3239945 -0.5406787 0.5406793 -0.4557579 0.4556503
26874.536000 1.0928361 -0.0123723 1.3239984 -0.5406534 0.5406687 -0.4557824 0.4556685
26874.636000 1.1033773 -0.0124617 1.3239707 -0.5407211 0.5407661 -0.4556679 0.4555870
26874.736000 1.1123008 -0.0123409 1.3240667 0.5406506 -0.5405059 0.4558203 -0.4558270
26874.836000 1.1234043 -0.0124569 1.3239670 -0.5407457 0.5407639 -0.4556446 0.4555837
26874.936000 1.1424018 -0.0124607 1.3240451 -0.5406311 0.5406418 -0.4557775 0.4557318
26875.036000 1.1530599 -0.0123728 1.3239959 -0.5406653 0.5406788 -0.4557702 0.4556544
26875.136000 1.1626128 -0.0124347 1.3240433 0.5406975 -0.5405927 0.4557249 -0.4557637
26875.236000 1.1730697 -0.0123695 1.3239939 0.5406803 -0.5406803 0.4557561 -0.4556491
26875.336000 1.1826215 -0.0124335 1.3240418 0.5407048 -0.5405953 0.4557176 -0.4557592
26875.436000 1.1934096 -0.0124606 1.3239667 -0.5407447 0.5407684 -0.4556437 0.4555805
26875.537000 1.2021145 -0.0123421 1.3240658 0.5406538 -0.5405064 0.4558165 -0.4558264
26875.636000 1.2134011 -0.0124562 1.3239667 -0.5407473 0.5407625 -0.4556433 0.4555847
26875.736000 1.2235149 -0.0124587 1.3239656 -0.5407479 0.5407666 -0.4556411 0.4555813
26875.836000 1.2428591 -0.0123716 1.3239960 -0.5406653 0.5406789 -0.4557709 0.4556537
26875.937000 1.2520053 -0.0123400 1.3240671 0.5406496 -0.5405050 0.4558217 -0.4558277
26876.036000 1.2630688 -0.0123653 1.3239930 0.5406876 -0.5406756 0.4557507 -0.4556512
26876.136000 1.2828446 -0.0123608 1.3239981 0.5406981 -0.5406278 0.4557405 -0.4557058
26876.236000 1.2920844 -0.0123423 1.3240695 0.5406385 -0.5405024 0.4558323 -0.4558334
26876.336000 1.3030580 -0.0123678 1.3239946 -0.5406782 0.5406785 -0.4557591 0.4556507
26876.436000 1.3133913 -0.0124589 1.3239681 -0.5407370 0.5407694 -0.4556520 0.4555800
26876.536000 1.3226299 -0.0124352 1.3240410 0.5407071 -0.5405971 0.4557144 -0.4557576
26876.637000 1.3418023 -0.0123449 1.3240683 0.5406399 -0.5405090 0.4558291 -0.4558271
26876.736000 1.3526257 -0.0124326 1.3240410 0.5407061 -0.5405968 0.4557164 -0.4557572
26876.836000 1.3724155 -0.0124619 1.3240450 0.5406397 -0.5406252 0.4557640 -0.4557546
26876.936000 1.3830574 -0.0123734 1.3239966 -0.5406642 0.5406738 -0.4557704 0.4556615
26877.036000 1.3935883 -0.0124625 1.3239687 -0.5407310 0.5407720 -0.4556565 0.4555795
26877.137000 1.4029929 -0.0123679 1.3239920 0.5406876 -0.5406803 0.4557491 -0.4556474
26877.236000 1.4223972 -0.0124361 1.3240453 0.5406930 -0.5405812 0.4557279 -0.4557797
26877.336000 1.4335872 -0.0124658 1.3239698 -0.5407228 0.5407689 -0.4556640 0.4555856
26877.436000 1.4421952 -0.0123437 1.3240686 0.5406409 -0.5405047 0.4558293 -0.4558308
26877.536000 1.4528814 -0.0123651 1.3239929 0.5406881 -0.5406752 0.4557503 -0.4556515
26877.636000 1.4626298 -0.0124314 1.3240404 0.5407117 -0.5405920 0.4557117 -0.4557608
26877.736000 1.4820554 -0.0123579 1.3240645 0.5406456 -0.5405254 0.4558176 -0.4558124
26877.836000 1.4930174 -0.0123661 1.3240020 0.5406787 -0.5406177 0.4557561 -0.4557250
26877.936000 1.5028731 -0.0123668 1.3239938 0.5406805 -0.5406804 0.4557569 -0.4556480
26878.036000 1.5126181 -0.0124334 1.3240417 0.5407054 -0.5405953 0.4557171 -0.4557591
26878.136000 1.5234080 -0.0124609 1.3239669 -0.5407436 0.5407689 -0.4556445 0.4555803
26878.236000 1.5330786 -0.0123674 1.3239925 0.5406859 -0.5406802 0.4557510 -0.4556476
26878.336000 1.5430749 -0.0123649 1.3239927 0.5406864 -0.5406771 0.4557518 -0.4556498
26878.436000 1.5628863 -0.0122820 1.3239897 0.5406904 -0.5406747 0.4557786 -0.4556211
26878.536000 1.5732242 -0.0124080 1.3239839 -0.5406260 0.5407139 -0.4557694 0.4556603
26878.637000 1.5833904 -0.0124591 1.3239682 -0.5407361 0.5407698 -0.4556528 0.4555799
26878.736000 1.5929810 -0.0123692 1.3239927 0.5406839 -0.5406826 0.4557521 -0.4556460
26878.837000 1.5933033 -0.0123596 1.3239900 0.5407012 -0.5406635 0.4557398 -0.4556605
26878.936000 1.5933350 -0.0123537 1.3239869 0.5407199 -0.5406481 0.4557236 -0.4556727
26879.036000 1.5937881 -0.0124399 1.3239580 0.5407968 -0.5407231 0.4556007 -0.4556154
26879.136000 1.5934006 -0.0123442 1.3239805 0.5407615 -0.5406229 0.4556851 -0.4556917
26879.236000 1.5938499 -0.0124303 1.3239519 0.5408399 -0.5406995 0.4555603 -0.4556326
26879.336000 1.5934591 -0.0123346 1.3239746 0.5408058 -0.5406005 0.4556434 -0.4557076
26879.436000 1.5938850 -0.0124160 1.3239474 0.5408820 -0.5406736 0.4555230 -0.4556507
26879.536000 1.5934972 -0.0123215 1.3239699 0.5408494 -0.5405761 0.4556039 -0.4557242
26879.636000 1.5935102 -0.0123139 1.3239680 0.5408709 -0.5405632 0.4555850 -0.4557329
26879.736000 1.5935314 -0.0123082 1.3239655 0.5408936 -0.5405523 0.4555637 -0.4557401
26879.836000 1.5939801 -0.0123950 1.3239369 0.5409740 -0.5406314 0.4554362 -0.4556782
26879.936000 1.5935814 -0.0122986 1.3239602 0.5409407 -0.5405326 0.4555186 -0.4557526
26880.037000 1.5940215 -0.0123835 1.3239321 0.5410202 -0.5406102 0.4553929 -0.4556918
26854.787000 0.0924221 -0.0123358 1.3240646 0.5406616 -0.5404952 0.4558120 -0.4558348
26854.787000 0.0924221 -0.0123358 1.3240646 0.5406616 -0.5404952 0.4558120 -0.4558348
26854.836000 0.0924221 -0.0123358 1.3240646 0.5406616 -0.5404952 0.4558120 -0.4558348
26854.936000 0.0924546 -0.0123300 1.3240615 0.5406796 -0.5404798 0.4557967 -0.4558470
26855.036000 0.0924846 -0.0123243 1.3240585 0.5406990 -0.5404656 0.4557795 -0.4558581
26855.136000 0.0925126 -0.0123187 1.3240557 0.5407194 -0.5404523 0.4557611 -0.4558680
26855.236000 0.0929625 -0.0124048 1.3240273 0.5407974 -0.5405290 0.4556367 -0.4558089
26855.336000 0.0925768 -0.0123102 1.3240494 0.5407640 -0.5404306 0.4557185 -0.4558834
26855.436000 0.0930153 -0.0123944 1.3240218 0.5408419 -0.5405061 0.4555951 -0.4558248
26855.536000 0.0930468 -0.0123906 1.3240187 0.5408655 -0.5404967 0.4555721 -0.4558310
26855.637000 0.0930686 -0.0123849 1.3240163 0.5408880 -0.5404856 0.4555512 -0.4558384
26855.736000 0.0926573 -0.0122858 1.3240400 0.5408524 -0.5403838 0.4556374 -0.4559151
26855.836000 0.0931012 -0.0123716 1.3240120 0.5409322 -0.5404618 0.4555110 -0.4558543
26855.936000 0.0927056 -0.0122763 1.3240349 0.5408990 -0.5403636 0.4555929 -0.4559282
26856.036000 0.0927109 -0.0122678 1.3240335 0.5409198 -0.5403498 0.4555752 -0.4559377
26856.136000 0.0927262 -0.0122622 1.3240316 0.5409417 -0.5403381 0.4555549 -0.4559458
26856.236000 0.0931894 -0.0123488 1.3240019 0.5410261 -0.5404209 0.4554228 -0.4558796
26856.336000 0.0932105 -0.0123450 1.3239998 0.5410486 -0.5404104 0.4554010 -0.4558870
26856.436000 0.0928072 -0.0122489 1.3240232 0.5410142 -0.5403112 0.4554846 -0.4559619
26856.537000 0.0932301 -0.0123308 1.3239966 0.5410914 -0.5403852 0.4553629 -0.4559042
26856.636000 0.0932599 -0.0123279 1.3239938 0.5411158 -0.5403766 0.4553386 -0.4559097
26856.736000 0.0928568 -0.0122318 1.3240172 0.5410815 -0.5402774 0.4554220 -0.4559845
26856.836000 0.0932834 -0.0123146 1.3239903 0.5411593 -0.5403521 0.4552992 -0.4559264
26856.936000 0.0928845 -0.0122195 1.3240136 0.5411257 -0.5402536 0.4553815 -0.4560007
26857.036000 0.0933149 -0.0123032 1.3239865 0.5412038 -0.5403292 0.4552580 -0.4559419
26857.136000 0.0933389 -0.0122994 1.3239840 0.5412271 -0.5403195 0.4552353 -0.4559483
26857.237000 0.0933538 -0.0122936 1.3239822 0.5412492 -0.5403078 0.4552149 -0.4559563
26857.337000 0.0933685 -0.0122879 1.3239804 0.5412711 -0.5402961 0.4551946 -0.4559644
26857.436000 0.0933828 -0.0122822 1.3239786 0.5412930 -0.5402843 0.4551744 -0.4559726
26857.536000 0.0933969 -0.0122765 1.3239768 0.5413148 -0.5402724 0.4551543 -0.4559808
26857.637000 0.0929873 -0.0121798 1.3240008 0.5412795 -0.5401717 0.4552394 -0.4560572
26857.736000 0.0934153 -0.0122632 1.3239738 0.5413570 -0.5402466 0.4551165 -0.4559990
26857.836000 0.0934374 -0.0122593 1.3239716 0.5413798 -0.5402364 0.4550945 -0.4560061
26857.936000 0.0934504 -0.0122536 1.3239699 0.5414013 -0.5402242 0.4550747 -0.4560147
26858.036000 0.0930394 -0.0121570 1.3239941 0.5413656 -0.5401231 0.4551602 -0.4560915
26858.136000 0.0934667 -0.0122403 1.3239672 0.5414429 -0.5401978 0.4550377 -0.4560336
26858.236000 0.0934877 -0.0122364 1.3239651 0.5414654 -0.5401872 0.4550160 -0.4560411
26858.336000 0.0930760 -0.0121399 1.3239893 0.5414295 -0.5400859 0.4551017 -0.4561181
26858.437000 0.0935024 -0.0122231 1.3239625 0.5415066 -0.5401604 0.4549794 -0.4560605
26858.536000 0.0935227 -0.0122193 1.3239605 0.5415288 -0.5401496 0.4549580 -0.4560682
26858.636000 0.0935339 -0.0122135 1.3239590 0.5415499 -0.5401369 0.4549388 -0.4560773
26858.737000 0.0935449 -0.0122079 1.3239575 0.5415706 -0.5401243 0.4549199 -0.4560865
26858.836000 0.0931234 -0.0121095 1.3239824 0.5415334 -0.5400208 0.4550079 -0.4561654
26858.936000 0.0935574 -0.0121945 1.3239552 0.5416113 -0.5400967 0.4548839 -0.4561068
26859.036000 0.0931527 -0.0121000 1.3239791 0.5415762 -0.5399968 0.4549680 -0.4561830
26859.137000 0.0931498 -0.0120915 1.3239785 0.5415951 -0.5399810 0.4549524 -0.4561946
26859.236000 0.0931596 -0.0120858 1.3239771 0.5416157 -0.5399680 0.4549337 -0.4562043
26859.336000 0.0935969 -0.0121715 1.3239497 0.5416940 -0.5400445 0.4548089 -0.4561452
26859.436000 0.0936152 -0.0121677 1.3239479 0.5417157 -0.5400332 0.4547881 -0.4561536
26859.536000 0.0936243 -0.0121620 1.3239466 0.5417361 -0.5400199 0.4547696 -0.4561634
26859.636000 0.0936333 -0.0121562 1.3239453 0.5417565 -0.5400066 0.4547512 -0.4561733
26859.736000 0.0936421 -0.0121505 1.3239440 0.5417768 -0.5399933 0.4547328 -0.4561833
26859.836000 0.0932271 -0.0120543 1.3239687 0.5417400 -0.5398911 0.4548196 -0.4562615
26859.936000 0.0932225 -0.0120459 1.3239682 0.5417585 -0.5398749 0.4548045 -0.4562737
26860.036000 0.0936584 -0.0121314 1.3239409 0.5418363 -0.5399510 0.4546803 -0.4562151
26860.136000 0.0936752 -0.0121276 1.3239392 0.5418576 -0.5399392 0.4546600 -0.4562239
26860.236000 0.0932595 -0.0120315 1.3239639 0.5418206 -0.5398369 0.4547470 -0.4563023
26860.336000 0.0936818 -0.0121142 1.3239375 0.5418965 -0.5399101 0.4546261 -0.4562460
26860.436000 0.0932660 -0.0120183 1.3239622 0.5418594 -0.5398076 0.4547132 -0.4563245
26860.536000 0.0936967 -0.0121028 1.3239352 0.5419364 -0.5398826 0.4545902 -0.4562669
26860.636000 0.0932803 -0.0120069 1.3239600 0.5418992 -0.5397800 0.4546774 -0.4563455
26860.736000 0.0932828 -0.0120002 1.3239592 0.5419184 -0.5397652 0.4546608 -0.4563569
26860.836000 0.0937173 -0.0120855 1.3239320 0.5419958 -0.5398409 0.4545370 -0.4562987
26860.936000 0.0933006 -0.0119897 1.3239569 0.5419585 -0.5397382 0.4546243 -0.4563775
26861.036000 0.0937305 -0.0120741 1.3239300 0.5420353 -0.5398129 0.4545017 -0.4563201
26861.136000 0.0937454 -0.0120702 1.3239284 0.5420560 -0.5398006 0.4544820 -0.4563296
26861.236000 0.0937515 -0.0120645 1.3239274 0.5420756 -0.5397865 0.4544645 -0.4563404
26861.336000 0.0933338 -0.0119687 1.3239524 0.5420380 -0.5396836 0.4545521 -0.4564195
26861.436000 0.0937502 -0.0120503 1.3239263 0.5421127 -0.5397555 0.4544331 -0.4563643
26861.536000 0.0937689 -0.0120473 1.3239246 0.5421341 -0.5397438 0.4544123 -0.4563733
26861.636000 0.0937743 -0.0120415 1.3239236 0.5421535 -0.5397295 0.4543950 -0.4563844
26861.736000 0.0937797 -0.0120358 1.3239227 0.5421729 -0.5397152 0.4543778 -0.4563955
26861.836000 0.0933527 -0.0119384 1.3239483 0.5421339 -0.5396103 0.4544677 -0.4564763
26861.936000 0.0937813 -0.0120225 1.3239215 0.5422104 -0.5396846 0.4543456 -0.4564193
26862.036000 0.0933627 -0.0119270 1.3239465 0.5421725 -0.5395814 0.4544335 -0.4564987
26862.136000 0.0937910 -0.0120110 1.3239198 0.5422488 -0.5396556 0.4543114 -0.4564419
26862.237000 0.0938042 -0.0120071 1.3239184 0.5422692 -0.5396429 0.4542923 -0.4564518
26862.336000 0.0938087 -0.0120014 1.3239176 0.5422883 -0.5396283 0.4542753 -0.4564632
26862.436000 0.0938131 -0.0119957 1.3239167 0.5423074 -0.5396136 0.4542584 -0.4564747
26862.536000 0.0933979 -0.0119012 1.3239416 0.5422697 -0.5395114 0.4543456 -0.4565536
26862.636000 0.0933849 -0.0118918 1.3239419 0.5422866 -0.5394929 0.4543329 -0.4565680
26862.736000 0.0938124 -0.0119757 1.3239152 0.5423625 -0.5395670 0.4542112 -0.4565112
26862.836000 0.0938293 -0.0119727 1.3239136 0.5423834 -0.5395548 0.4541911 -0.4565209
26862.936000 0.0934137 -0.0118784 1.3239385 0.5423456 -0.5394524 0.4542785 -0.4565999
26863.036000 0.0938278 -0.0119594 1.3239127 0.5424200 -0.5395233 0.4541599 -0.4565456
26863.136000 0.0938402 -0.0119555 1.3239114 0.5424401 -0.5395103 0.4541410 -0.4565559
26863.236000 0.0934158 -0.0118595 1.3239369 0.5424010 -0.5394060 0.4542306 -0.4566365
26863.336000 0.0938382 -0.0119422 1.3239105 0.5424765 -0.5394786 0.4541100 -0.4565809
26863.437000 0.0934265 -0.0118489 1.3239352 0.5424393 -0.5393768 0.4541963 -0.4566596
26863.536000 0.0938443 -0.0119307 1.3239091 0.5425140 -0.5394486 0.4540770 -0.4566046
26863.636000 0.0934325 -0.0118375 1.3239338 0.5424767 -0.5393468 0.4541633 -0.4566834
26863.736000 0.0934223 -0.0118291 1.3239340 0.5424936 -0.5393290 0.4541501 -0.4566974
26863.837000 0.0934251 -0.0118234 1.3239333 0.5425123 -0.5393139 0.4541337 -0.4567094
26863.936000 0.0938555 -0.0119078 1.3239065 0.5425886 -0.5393883 0.4540114 -0.4566525
26864.036000 0.0938669 -0.0119040 1.3239053 0.5426084 -0.5393750 0.4539929 -0.4566631
26864.136000 0.0938693 -0.0118982 1.3239047 0.5426270 -0.5393598 0.4539766 -0.4566752
26864.237000 0.0934438 -0.0118025 1.3239303 0.5425876 -0.5392553 0.4540665 -0.4567561
26864.336000 0.0938651 -0.0118849 1.3239040 0.5426628 -0.5393275 0.4539462 -0.4567009
26864.436000 0.0934524 -0.0117919 1.3239288 0.5426253 -0.5392255 0.4540328 -0.4567799
26864.536000 0.0938692 -0.0118735 1.3239028 0.5426997 -0.5392970 0.4539139 -0.4567253
26864.637000 0.0938800 -0.0118696 1.3239017 0.5427193 -0.5392835 0.4538956 -0.4567361
26864.736000 0.0938819 -0.0118639 1.3239011 0.5427376 -0.5392683 0.4538796 -0.4567482
26864.836000 0.0934515 -0.0117673 1.3239271 0.5426977 -0.5391624 0.4539704 -0.4568303
26864.937000 0.0938767 -0.0118506 1.3239006 0.5427733 -0.5392356 0.4538495 -0.4567744
26865.036000 0.0938870 -0.0118467 1.3238995 0.5427928 -0.5392219 0.4538313 -0.4567853
26865.137000 0.0938885 -0.0118410 1.3238990 0.5428111 -0.5392065 0.4538153 -0.4567977
26865.236000 0.0938899 -0.0118352 1.3238984 0.5428294 -0.5391910 0.4537993 -0.4568101
26865.336000 0.0934676 -0.0117406 1.3239239 0.5427904 -0.5390869 0.4538883 -0.4568909
26865.436000 0.0934559 -0.0117322 1.3239242 0.5428069 -0.5390687 0.4538756 -0.4569054
26865.536000 0.1030617 -0.0123532 1.3239930 0.5407234 -0.5406397 0.4557205 -0.4556816
26865.636000 0.1037393 -0.0124526 1.3239633 0.5407638 -0.5407502 0.4556287 -0.4555944
26865.736000 0.1037751 -0.0124477 1.3239599 0.5407832 -0.5407359 0.4556113 -0.4556058
26865.836000 0.1038042 -0.0124419 1.3239570 0.5408030 -0.5407220 0.4555936 -0.4556164
26865.936000 0.1038314 -0.0124362 1.3239541 0.5408237 -0.5407090 0.4555748 -0.4556260
26866.036000 0.1135624 -0.0125042 1.3239572 -0.5406873 0.5408038 -0.4556579 0.4555924
26866.136000 0.1221045 -0.0123438 1.3240671 0.5406476 -0.5405081 0.4558220 -0.4558262
26866.236000 0.1427784 -0.0124259 1.3240154 -0.5406145 0.5406458 -0.4558104 0.4557137
26866.336000 0.1530501 -0.0123701 1.3239964 -0.5406689 0.5406743 -0.4557685 0.4556572
26866.436000 0.1724325 -0.0124599 1.3240437 0.5406454 -0.5406165 0.4557573 -0.4557649
26866.536000 0.1826108 -0.0124377 1.3240447 0.5406879 -0.5405901 0.4557335 -0.4557696
26866.636000 0.1935883 -0.0124649 1.3239696 -0.5407256 0.5407683 -0.4556617 0.4555852
26866.736000 0.2030833 -0.0123673 1.3239924 0.5406862 -0.5406800 0.4557507 -0.4556477
26866.836000 0.2124312 -0.0124299 1.3240411 0.5407097 -0.5405910 0.4557145 -0.4557617
26866.936000 0.2232198 -0.0124588 1.3239658 -0.5407498 0.5407646 -0.4556394 0.4555832
26867.036000 0.2335107 -0.0124587 1.3239656 -0.5407479 0.5407666 -0.4556411 0.4555814
26867.136000 0.2430813 -0.0123672 1.3239924 0.5406864 -0.5406798 0.4557506 -0.4556478
26867.237000 0.2433073 -0.0123589 1.3239896 0.5407034 -0.5406615 0.4557379 -0.4556620
26867.336000 0.2433386 -0.0123531 1.3239865 0.5407222 -0.5406464 0.4557216 -0.4556740
26867.437000 0.2433677 -0.0123473 1.3239835 0.5407421 -0.5406325 0.4557038 -0.4556846
26867.536000 0.2433949 -0.0123417 1.3239807 0.5407628 -0.5406196 0.4556850 -0.4556942
26867.636000 0.2520884 -0.0123409 1.3240688 0.5406436 -0.5405014 0.4558279 -0.4558330
26867.737000 0.2620911 -0.0123410 1.3240679 0.5406436 -0.5405076 0.4558271 -0.4558264
26867.836000 0.2726182 -0.0124338 1.3240419 0.5407018 -0.5405978 0.4557203 -0.4557573
26867.936000 0.2830769 -0.0123681 1.3239930 0.5406858 -0.5406792 0.4557511 -0.4556488
26868.036000 0.2921028 -0.0123395 1.3240668 0.5406512 -0.5405041 0.4558204 -0.4558282
26868.136000 0.3026295 -0.0124319 1.3240406 0.5407082 -0.5405954 0.4557147 -0.4557581
26868.236000 0.3233491 -0.0126415 1.3239655 -0.5407103 0.5408142 -0.4556089 0.4556017
26868.336000 0.3330563 -0.0123457 1.3239850 0.5407002 -0.5406392 0.4557686 -0.4556616
26868.436000 0.3420746 -0.0123670 1.3240714 0.5405808 -0.5405333 0.4558727 -0.4558249
26868.536000 0.3526182 -0.0124338 1.3240419 0.5407017 -0.5405978 0.4557203 -0.4557572
26868.637000 0.3626433 -0.0124333 1.3240398 0.5407107 -0.5405962 0.4557115 -0.4557574
26868.736000 0.3828620 -0.0123712 1.3239955 -0.5406704 0.5406775 -0.4557660 0.4556542
26868.836000 0.3933866 -0.0124599 1.3239688 -0.5407330 0.5407698 -0.4556557 0.4555806
26868.937000 0.4034118 -0.0124597 1.3239661 -0.5407453 0.5407688 -0.4556432 0.4555797
26869.036000 0.4217944 -0.0123451 1.3240687 0.5406405 -0.5405050 0.4558288 -0.4558315
26869.137000 0.4333951 -0.0124575 1.3239673 -0.5407438 0.5407652 -0.4556462 0.4555828
26869.236000 0.4434117 -0.0124596 1.3239661 -0.5407455 0.5407686 -0.4556430 0.4555799
26869.336000 0.4534117 -0.0124596 1.3239661 -0.5407455 0.5407687 -0.4556431 0.4555798
26869.436000 0.4726222 -0.0127208 1.3240189 -0.5406793 0.5406891 -0.4556286 0.4557674
26869.536000 0.4826264 -0.0124424 1.3240420 0.5406973 -0.5405997 0.4557214 -0.4557592
26869.636000 0.4926262 -0.0124361 1.3240418 0.5407008 -0.5405993 0.4557202 -0.4557568
26869.736000 0.5026308 -0.0124354 1.3240412 0.5407041 -0.5405996 0.4557170 -0.4557556
26869.836000 0.5126342 -0.0124349 1.3240407 0.5407061 -0.5405991 0.4557152 -0.4557555
26869.936000 0.5234135 -0.0124598 1.3239663 -0.5407469 0.5407670 -0.4556418 0.4555814
26870.037000 0.5321167 -0.0123417 1.3240656 0.5406549 -0.5405056 0.4558155 -0.4558269
26870.136000 0.5523943 -0.0124588 1.3240459 -0.5406323 0.5406330 -0.4557761 0.4557420
26870.237000 0.5630610 -0.0123719 1.3239957 -0.5406681 0.5406782 -0.4557679 0.4556541
26870.336000 0.5720875 -0.0123418 1.3240691 0.5406400 -0.5405026 0.4558312 -0.4558325
26870.436000 0.5923735 -0.0124603 1.3240484 -0.5406156 0.5406347 -0.4557941 0.4557418
26870.537000 0.6021098 -0.0123435 1.3240667 0.5406470 -0.5405106 0.4558223 -0.4558236
26870.636000 0.6231119 -0.0124589 1.3239657 -0.5407326 0.5407787 -0.4556562 0.4555700
26870.736000 0.6323243 -0.0123649 1.3240525 0.5406134 -0.5405404 0.4558374 -0.4558129
26870.836000 0.6433689 -0.0124529 1.3239722 0.5407552 -0.5407169 0.4556352 -0.4556376
26870.936000 0.6530511 -0.0123743 1.3239978 -0.5406545 0.5406706 -0.4557803 0.4556670
26871.036000 0.6626057 -0.0124358 1.3240444 0.5406930 -0.5405890 0.4557288 -0.4557695
26871.136000 0.6726214 -0.0124367 1.3240427 0.5406964 -0.5405970 0.4557247 -0.4557600
26871.236000 0.6835960 -0.0124627 1.3239680 -0.5407369 0.5407704 -0.4556507 0.4555804
26871.336000 0.6924418 -0.0124354 1.3240413 0.5407063 -0.5405969 0.4557152 -0.4557581
26871.436000 0.7117886 -0.0123452 1.3240687 0.5406405 -0.5405050 0.4558288 -0.4558314
26871.536000 0.7219910 -0.0123416 1.3240685 0.5406403 -0.5405066 0.4558304 -0.4558282
26871.636000 0.7330597 -0.0123671 1.3239941 0.5406814 -0.5406783 0.4557561 -0.4556501
26871.736000 0.7435977 -0.0124605 1.3239673 -0.5407391 0.5407712 -0.4556490 0.4555784
26871.836000 0.7620156 -0.0123492 1.3240662 0.5406383 -0.5405205 0.4558286 -0.4558159
26871.936000 0.7729825 -0.0123766 1.3240042 0.5406564 -0.5406379 0.4557716 -0.4557120
26872.036000 0.7830645 -0.0123670 1.3239939 -0.5406797 0.5406806 -0.4557576 0.4556479
26872.136000 0.8032794 -0.0124638 1.3239704 -0.5407217 0.5407670 -0.4556661 0.4555870
26872.236000 0.8129871 -0.0123686 1.3239923 0.5406859 -0.5406815 0.4557505 -0.4556466
26872.337000 0.8323734 -0.0124603 1.3240484 -0.5406157 0.5406347 -0.4557941 0.4557418
26872.436000 0.8430576 -0.0123573 1.3239970 0.5407124 -0.5406216 0.4557289 -0.4557079
26872.536000 0.8526097 -0.0124353 1.3240437 0.5406960 -0.5405925 0.4557260 -0.4557646
26872.636000 0.8726880 -0.0123685 1.3240138 0.5406364 -0.5406237 0.4558084 -0.4557158
26872.736000 0.8834760 -0.0124458 1.3239719 0.5407672 -0.5407073 0.4556292 -0.4556408
26872.836000 0.8933915 -0.0124642 1.3239696 -0.5407247 0.5407692 -0.4556628 0.4555841
26872.936000 0.9030645 -0.0123703 1.3239944 -0.5406750 0.5406828 -0.4557609 0.4556475
26873.036000 0.9130607 -0.0123678 1.3239945 -0.5406766 0.5406810 -0.4557604 0.4556483
26873.136000 0.9220953 -0.0123408 1.3240677 0.5406466 -0.5405053 0.4558245 -0.4558282
26873.236000 0.9330661 -0.0123662 1.3239935 0.5406846 -0.5406773 0.4557532 -0.4556503
26873.336000 0.9433987 -0.0124574 1.3239672 -0.5407420 0.5407672 -0.4556477 0.4555811
26873.436000 0.9526378 -0.0124338 1.3240401 0.5407114 -0.5405951 0.4557107 -0.4557585
26873.536000 0.9626425 -0.0124334 1.3240398 0.5407105 -0.5405964 0.4557116 -0.4557573
26873.636000 0.9833159 -0.0124657 1.3239665 -0.5407348 0.5407776 -0.4556518 0.4555732
26873.736000 0.9925825 -0.0124628 1.3240490 0.5406230 -0.5406178 0.4557824 -0.4557649
26873.837000 1.0026291 -0.0124357 1.3240414 0.5407028 -0.5405998 0.4557182 -0.4557557
26873.936000 1.0134080 -0.0124609 1.3239669 -0.5407435 0.5407690 -0.4556446 0.4555802
26874.036000 1.0228930 -0.0123692 1.3239920 0.5406874 -0.5406816 0.4557486 -0.4556465
26874.137000 1.0323006 -0.0123390 1.3240664 0.5406528 -0.5405032 0.4558191 -0.4558287
26874.236000 1.0426366 -0.0124314 1.3240403 0.5407097 -0.5405942 0.4557135 -0.4557589
26874.336000 1.0628013 -0.0124110 1.3239887 -0.5406889 0.5407133 -0.4557285 0.4556272
26874.436000 1.0728679 -0.0123694 1.3239945 -0.5406787 0.5406793 -0.4557579 0.4556503
26874.536000 1.0928361 -0.0123723 1.3239984 -0.5406534 0.5406687 -0.4557824 0.4556685
26874.636000 1.1033773 -0.0124617 1.3239707 -0.5407211 0.5407661 -0.4556679 0.4555870
26874.736000 1.1123008 -0.0123409 1.3240667 0.5406506 -0.5405059 0.4558203 -0.4558270
26874.836000 1.1234043 -0.0124569 1.3239670 -0.5407457 0.5407639 -0.4556446 0.4555837
26874.936000 1.1424018 -0.0124607 1.3240451 -0.5406311 0.5406418 -0.4557775 0.4557318
26875.036000 1.1530599 -0.0123728 1.3239959 -0.5406653 0.5406788 -0.4557702 0.4556544
26875.136000 1.1626128 -0.0124347 1.3240433 0.5406975 -0.5405927 0.4557249 -0.4557637
26875.236000 1.1730697 -0.0123695 1.3239939 0.5406803 -0.5406803 0.4557561 -0.4556491
26875.336000 1.1826215 -0.0124335 1.3240418 0.5407048 -0.5405953 0.4557176 -0.4557592
26875.436000 1.1934096 -0.0124606 1.3239667 -0.5407447 0.5407684 -0.4556437 0.4555805
26875.537000 1.2021145 -0.0123421 1.3240658 0.5406538 -0.5405064 0.4558165 -0.4558264
26875.636000 1.2134011 -0.0124562 1.3239667 -0.5407473 0.5407625 -0.4556433 0.4555847
26875.736000 1.2235149 -0.0124587 1.3239656 -0.5407479 0.5407666 -0.4556411 0.4555813
26875.836000 1.2428591 -0.0123716 1.3239960 -0.5406653 0.5406789 -0.4557709 0.4556537
26875.937000 1.2520053 -0.0123400 1.3240671 0.5406496 -0.5405050 0.4558217 -0.4558277
26876.036000 1.2630688 -0.0123653 1.3239930 0.5406876 -0.5406756 0.4557507 -0.4556512
26876.136000 1.2828446 -0.0123608 1.3239981 0.5406981 -0.5406278 0.4557405 -0.4557058
26876.236000 1.2920844 -0.0123423 1.3240695 0.5406385 -0.5405024 0.4558323 -0.4558334
26876.336000 1.3030580 -0.0123678 1.3239946 -0.5406782 0.5406785 -0.4557591 0.4556507
26876.436000 1.3133913 -0.0124589 1.3239681 -0.5407370 0.5407694 -0.4556520 0.4555800
26876.536000 1.3226299 -0.0124352 1.3240410 0.5407071 -0.5405971 0.4557144 -0.4557576
26876.637000 1.3418023 -0.0123449 1.3240683 0.5406399 -0.5405090 0.4558291 -0.4558271
26876.736000 1.3526257 -0.0124326 1.3240410 0.5407061 -0.5405968 0.4557164 -0.4557572
26876.836000 1.3724155 -0.0124619 1.3240450 0.5406397 -0.5406252 0.4557640 -0.4557546
26876.936000 1.3830574 -0.0123734 1.3239966 -0.5406642 0.5406738 -0.4557704 0.4556615
26877.036000 1.3935883 -0.0124625 1.3239687 -0.5407310 0.5407720 -0.4556565 0.4555795
26877.137000 1.4029929 -0.0123679 1.3239920 0.5406876 -0.5406803 0.4557491 -0.4556474
26877.236000 1.4223972 -0.0124361 1.3240453 0.5406930 -0.5405812 0.4557279 -0.4557797
26877.336000 1.4335872 -0.0124658 1.3239698 -0.5407228 0.5407689 -0.4556640 0.4555856
26877.436000 1.4421952 -0.0123437 1.3240686 0.5406409 -0.5405047 0.4558293 -0.4558308
26877.536000 1.4528814 -0.0123651 1.3239929 0.5406881 -0.5406752 0.4557503 -0.4556515
26877.636000 1.4626298 -0.0124314 1.3240404 0.5407117 -0.5405920 0.4557117 -0.4557608
26877.736000 1.4820554 -0.0123579 1.3240645 0.5406456 -0.5405254 0.4558176 -0.4558124
26877.836000 1.4930174 -0.0123661 1.3240020 0.5406787 -0.5406177 0.4557561 -0.4557250
26877.936000 1.5028731 -0.0123668 1.3239938 0.5406805 -0.5406804 0.4557569 -0.4556480
26878.036000 1.5126181 -0.0124334 1.3240417 0.5407054 -0.5405953 0.4557171 -0.4557591
26878.136000 1.5234080 -0.0124609 1.3239669 -0.5407436 0.5407689 -0.4556445 0.4555803
26878.236000 1.5330786 -0.0123674 1.3239925 0.5406859 -0.5406802 0.4557510 -0.4556476
26878.336000 1.5430749 -0.0123649 1.3239927 0.5406864 -0.5406771 0.4557518 -0.4556498
26878.436000 1.5628863 -0.0122820 1.3239897 0.5406904 -0.5406747 0.4557786 -0.4556211
26878.536000 1.5732242 -0.0124080 1.3239839 -0.5406260 0.5407139 -0.4557694 0.4556603
26878.637000 1.5833904 -0.0124591 1.3239682 -0.5407361 0.5407698 -0.4556528 0.4555799
26878.736000 1.5929810 -0.0123692 1.3239927 0.5406839 -0.5406826 0.4557521 -0.4556460
26878.837000 1.5933033 -0.0123596 1.3239900 0.5407012 -0.5406635 0.4557398 -0.4556605
26878.936000 1.5933350 -0.0123537 1.3239869 0.5407199 -0.5406481 0.4557236 -0.4556727
26879.036000 1.5937881 -0.0124399 1.3239580 0.5407968 -0.5407231 0.4556007 -0.4556154
26879.136000 1.5934006 -0.0123442 1.3239805 0.5407615 -0.5406229 0.4556851 -0.4556917
26879.236000 1.5938499 -0.0124303 1.3239519 0.5408399 -0.5406995 0.4555603 -0.4556326
26879.336000 1.5934591 -0.0123346 1.3239746 0.5408058 -0.5406005 0.4556434 -0.4557076
26879.436000 1.5938850 -0.0124160 1.3239474 0.5408820 -0.5406736 0.4555230 -0.4556507
26879.536000 1.5934972 -0.0123215 1.3239699 0.5408494 -0.5405761 0.4556039 -0.4557242
26879.636000 1.5935102 -0.0123139 1.3239680 0.5408709 -0.5405632 0.4555850 -0.4557329
26879.736000 1.5935314 -0.0123082 1.3239655 0.5408936 -0.5405523 0.4555637 -0.4557401
26879.836000 1.5939801 -0.0123950 1.3239369 0.5409740 -0.5406314 0.4554362 -0.4556782
26879.936000 1.5935814 -0.0122986 1.3239602 0.5409407 -0.5405326 0.4555186 -0.4557526
26880.037000 1.5940215 -0.0123835 1.3239321 0.5410202 -0.5406102 0.4553929 -0.4556918
26880.136000 1.5936268 -0.0122872 1.3239550 0.5409880 -0.5405125 0.4554740 -0.4557648
26854.787000 0.0924221 -0.0123358 1.3240646 0.5406616 -0.5404952 0.4558120 -0.4558348
26854.787000 0.0924221 -0.0123358 1.3240646 0.5406616 -0.5404952 0.4558120 -0.4558348
26854.836000 0.0924221 -0.0123358 1.3240646 0.5406616 -0.5404952 0.4558120 -0.4558348
26854.936000 0.0924546 -0.0123300 1.3240615 0.5406796 -0.5404798 0.4557967 -0.4558470
26855.036000 0.0924846 -0.0123243 1.3240585 0.5406990 -0.5404656 0.4557795 -0.4558581
26855.136000 0.0925126 -0.0123187 1.3240557 0.5407194 -0.5404523 0.4557611 -0.4558680
26855.236000 0.0929625 -0.0124048 1.3240273 0.5407974 -0.5405290 0.4556367 -0.4558089
26855.336000 0.0925768 -0.0123102 1.3240494 0.5407640 -0.5404306 0.4557185 -0.4558834
26855.436000 0.0930153 -0.0123944 1.3240218 0.5408419 -0.5405061 0.4555951 -0.4558248
26855.536000 0.0930468 -0.0123906 1.3240187 0.5408655 -0.5404967 0.4555721 -0.4558310
26855.637000 0.0930686 -0.0123849 1.3240163 0.5408880 -0.5404856 0.4555512 -0.4558384
26855.736000 0.0926573 -0.0122858 1.3240400 0.5408524 -0.5403838 0.4556374 -0.4559151
26855.836000 0.0931012 -0.0123716 1.3240120 0.5409322 -0.5404618 0.4555110 -0.4558543
26855.936000 0.0927056 -0.0122763 1.3240349 0.5408990 -0.5403636 0.4555929 -0.4559282
26856.036000 0.0927109 -0.0122678 1.3240335 0.5409198 -0.5403498 0.4555752 -0.4559377
26856.136000 0.0927262 -0.0122622 1.3240316 0.5409417 -0.5403381 0.4555549 -0.4559458
26856.236000 0.0931894 -0.0123488 1.3240019 0.5410261 -0.5404209 0.4554228 -0.4558796
26856.336000 0.0932105 -0.0123450 1.3239998 0.5410486 -0.5404104 0.4554010 -0.4558870
26856.436000 0.0928072 -0.0122489 1.3240232 0.5410142 -0.5403112 0.4554846 -0.4559619
26856.537000 0.0932301 -0.0123308 1.3239966 0.5410914 -0.5403852 0.4553629 -0.4559042
26856.636000 0.0932599 -0.0123279 1.3239938 0.5411158 -0.5403766 0.4553386 -0.4559097
26856.736000 0.0928568 -0.0122318 1.3240172 0.5410815 -0.5402774 0.4554220 -0.4559845
26856.836000 0.0932834 -0.0123146 1.3239903 0.5411593 -0.5403521 0.4552992 -0.4559264
26856.936000 0.0928845 -0.0122195 1.3240136 0.5411257 -0.5402536 0.4553815 -0.4560007
26857.036000 0.0933149 -0.0123032 1.3239865 0.5412038 -0.5403292 0.4552580 -0.4559419
26857.136000 0.0933389 -0.0122994 1.3239840 0.5412271 -0.5403195 0.4552353 -0.4559483
26857.237000 0.0933538 -0.0122936 1.3239822 0.5412492 -0.5403078 0.4552149 -0.4559563
26857.337000 0.0933685 -0.0122879 1.3239804 0.5412711 -0.5402961 0.4551946 -0.4559644
26857.436000 0.0933828 -0.0122822 1.3239786 0.5412930 -0.5402843 0.4551744 -0.4559726
26857.536000 0.0933969 -0.0122765 1.3239768 0.5413148 -0.5402724 0.4551543 -0.4559808
26857.637000 0.0929873 -0.0121798 1.3240008 0.5412795 -0.5401717 0.4552394 -0.4560572
26857.736000 0.0934153 -0.0122632 1.3239738 0.5413570 -0.5402466 0.4551165 -0.4559990
26857.836000 0.0934374 -0.0122593 1.3239716 0.5413798 -0.5402364 0.4550945 -0.4560061
26857.936000 0.0934504 -0.0122536 1.3239699 0.5414013 -0.5402242 0.4550747 -0.4560147
26858.036000 0.0930394 -0.0121570 1.3239941 0.5413656 -0.5401231 0.4551602 -0.4560915
26858.136000 0.0934667 -0.0122403 1.3239672 0.5414429 -0.5401978 0.4550377 -0.4560336
26858.236000 0.0934877 -0.0122364 1.3239651 0.5414654 -0.5401872 0.4550160 -0.4560411
26858.336000 0.0930760 -0.0121399 1.3239893 0.5414295 -0.5400859 0.4551017 -0.4561181
26858.437000 0.0935024 -0.0122231 1.3239625 0.5415066 -0.5401604 0.4549794 -0.4560605
26858.536000 0.0935227 -0.0122193 1.3239605 0.5415288 -0.5401496 0.4549580 -0.4560682
26858.636000 0.0935339 -0.0122135 1.3239590 0.5415499 -0.5401369 0.4549388 -0.4560773
26858.737000 0.0935449 -0.0122079 1.3239575 0.5415706 -0.5401243 0.4549199 -0.4560865
26858.836000 0.0931234 -0.0121095 1.3239824 0.5415334 -0.5400208 0.4550079 -0.4561654
26858.936000 0.0935574 -0.0121945 1.3239552 0.5416113 -0.5400967 0.4548839 -0.4561068
26859.036000 0.0931527 -0.0121000 1.3239791 0.5415762 -0.5399968 0.4549680 -0.4561830
26859.137000 0.0931498 -0.0120915 1.3239785 0.5415951 -0.5399810 0.4549524 -0.4561946
26859.236000 0.0931596 -0.0120858 1.3239771 0.5416157 -0.5399680 0.4549337 -0.4562043
26859.336000 0.0935969 -0.0121715 1.3239497 0.5416940 -0.5400445 0.4548089 -0.4561452
26859.436000 0.0936152 -0.0121677 1.3239479 0.5417157 -0.5400332 0.4547881 -0.4561536
26859.536000 0.0936243 -0.0121620 1.3239466 0.5417361 -0.5400199 0.4547696 -0.4561634
26859.636000 0.0936333 -0.0121562 1.3239453 0.5417565 -0.5400066 0.4547512 -0.4561733
26859.736000 0.0936421 -0.0121505 1.3239440 0.5417768 -0.5399933 0.4547328 -0.4561833
26859.836000 0.0932271 -0.0120543 1.3239687 0.5417400 -0.5398911 0.4548196 -0.4562615
26859.936000 0.0932225 -0.0120459 1.3239682 0.5417585 -0.5398749 0.4548045 -0.4562737
26860.036000 0.0936584 -0.0121314 1.3239409 0.5418363 -0.5399510 0.4546803 -0.4562151
26860.136000 0.0936752 -0.0121276 1.3239392 0.5418576 -0.5399392 0.4546600 -0.4562239
26860.236000 0.0932595 -0.0120315 1.3239639 0.5418206 -0.5398369 0.4547470 -0.4563023
26860.336000 0.0936818 -0.0121142 1.3239375 0.5418965 -0.5399101 0.4546261 -0.4562460
26860.436000 0.0932660 -0.0120183 1.3239622 0.5418594 -0.5398076 0.4547132 -0.4563245
26860.536000 0.0936967 -0.0121028 1.3239352 0.5419364 -0.5398826 0.4545902 -0.4562669
26860.636000 0.0932803 -0.0120069 1.3239600 0.5418992 -0.5397800 0.4546774 -0.4563455
26860.736000 0.0932828 -0.0120002 1.3239592 0.5419184 -0.5397652 0.4546608 -0.4563569
26860.836000 0.0937173 -0.0120855 1.3239320 0.5419958 -0.5398409 0.4545370 -0.4562987
26860.936000 0.0933006 -0.0119897 1.3239569 0.5419585 -0.5397382 0.4546243 -0.4563775
26861.036000 0.0937305 -0.0120741 1.3239300 0.5420353 -0.5398129 0.4545017 -0.4563201
26861.136000 0.0937454 -0.0120702 1.3239284 0.5420560 -0.5398006 0.4544820 -0.4563296
26861.236000 0.0937515 -0.0120645 1.3239274 0.5420756 -0.5397865 0.4544645 -0.4563404
26861.336000 0.0933338 -0.0119687 1.3239524 0.5420380 -0.5396836 0.4545521 -0.4564195
26861.436000 0.0937502 -0.0120503 1.3239263 0.5421127 -0.5397555 0.4544331 -0.4563643
26861.536000 0.0937689 -0.0120473 1.3239246 0.5421341 -0.5397438 0.4544123 -0.4563733
26861.636000 0.0937743 -0.0120415 1.3239236 0.5421535 -0.5397295 0.4543950 -0.4563844
26861.736000 0.0937797 -0.0120358 1.3239227 0.5421729 -0.5397152 0.4543778 -0.4563955
26861.836000 0.0933527 -0.0119384 1.3239483 0.5421339 -0.5396103 0.4544677 -0.4564763
26861.936000 0.0937813 -0.0120225 1.3239215 0.5422104 -0.5396846 0.4543456 -0.4564193
26862.036000 0.0933627 -0.0119270 1.3239465 0.5421725 -0.5395814 0.4544335 -0.4564987
26862.136000 0.0937910 -0.0120110 1.3239198 0.5422488 -0.5396556 0.4543114 -0.4564419
26862.237000 0.0938042 -0.0120071 1.3239184 0.5422692 -0.5396429 0.4542923 -0.4564518
26862.336000 0.0938087 -0.0120014 1.3239176 0.5422883 -0.5396283 0.4542753 -0.4564632
26862.436000 0.0938131 -0.0119957 1.3239167 0.5423074 -0.5396136 0.4542584 -0.4564747
26862.536000 0.0933979 -0.0119012 1.3239416 0.5422697 -0.5395114 0.4543456 -0.4565536
26862.636000 0.0933849 -0.0118918 1.3239419 0.5422866 -0.5394929 0.4543329 -0.4565680
26862.736000 0.0938124 -0.0119757 1.3239152 0.5423625 -0.5395670 0.4542112 -0.4565112
26862.836000 0.0938293 -0.0119727 1.3239136 0.5423834 -0.5395548 0.4541911 -0.4565209
26862.936000 0.0934137 -0.0118784 1.3239385 0.5423456 -0.5394524 0.4542785 -0.4565999
26863.036000 0.0938278 -0.0119594 1.3239127 0.5424200 -0.5395233 0.4541599 -0.4565456
26863.136000 0.0938402 -0.0119555 1.3239114 0.5424401 -0.5395103 0.4541410 -0.4565559
26863.236000 0.0934158 -0.0118595 1.3239369 0.5424010 -0.5394060 0.4542306 -0.4566365
26863.336000 0.0938382 -0.0119422 1.3239105 0.5424765 -0.5394786 0.4541100 -0.4565809
26863.437000 0.0934265 -0.0118489 1.3239352 0.5424393 -0.5393768 0.4541963 -0.4566596
26863.536000 0.0938443 -0.0119307 1.3239091 0.5425140 -0.5394486 0.4540770 -0.4566046
26863.636000 0.0934325 -0.0118375 1.3239338 0.5424767 -0.5393468 0.4541633 -0.4566834
26863.736000 0.0934223 -0.0118291 1.3239340 0.5424936 -0.5393290 0.4541501 -0.4566974
26863.837000 0.0934251 -0.0118234 1.3239333 0.5425123 -0.5393139 0.4541337 -0.4567094
26863.936000 0.0938555 -0.0119078 1.3239065 0.5425886 -0.5393883 0.4540114 -0.4566525
26864.036000 0.0938669 -0.0119040 1.3239053 0.5426084 -0.5393750 0.4539929 -0.4566631
26864.136000 0.0938693 -0.0118982 1.3239047 0.5426270 -0.5393598 0.4539766 -0.4566752
26864.237000 0.0934438 -0.0118025 1.3239303 0.5425876 -0.5392553 0.4540665 -0.4567561
26864.336000 0.0938651 -0.0118849 1.3239040 0.5426628 -0.5393275 0.4539462 -0.4567009
26864.436000 0.0934524 -0.0117919 1.3239288 0.5426253 -0.5392255 0.4540328 -0.4567799
26864.536000 0.0938692 -0.0118735 1.3239028 0.5426997 -0.5392970 0.4539139 -0.4567253
26864.637000 0.0938800 -0.0118696 1.3239017 0.5427193 -0.5392835 0.4538956 -0.4567361
26864.736000 0.0938819 -0.0118639 1.3239011 0.5427376 -0.5392683 0.4538796 -0.4567482
26864.836000 0.0934515 -0.0117673 1.3239271 0.5426977 -0.5391624 0.4539704 -0.4568303
26864.937000 0.0938767 -0.0118506 1.3239006 0.5427733 -0.5392356 0.4538495 -0.4567744
26865.036000 0.0938870 -0.0118467 1.3238995 0.5427928 -0.5392219 0.4538313 -0.4567853
26865.137000 0.0938885 -0.0118410 1.3238990 0.5428111 -0.5392065 0.4538153 -0.4567977
26865.236000 0.0938899 -0.0118352 1.3238984 0.5428294 -0.5391910 0.4537993 -0.4568101
26865.336000 0.0934676 -0.0117406 1.3239239 0.5427904 -0.5390869 0.4538883 -0.4568909
26865.436000 0.0934559 -0.0117322 1.3239242 0.5428069 -0.5390687 0.4538756 -0.4569054
26865.536000 0.1030617 -0.0123532 1.3239930 0.5407234 -0.5406397 0.4557205 -0.4556816
26865.636000 0.1037393 -0.0124526 1.3239633 0.5407638 -0.5407502 0.4556287 -0.4555944
26865.736000 0.1037751 -0.0124477 1.3239599 0.5407832 -0.5407359 0.4556113 -0.4556058
26865.836000 0.1038042 -0.0124419 1.3239570 0.5408030 -0.5407220 0.4555936 -0.4556164
26865.936000 0.1038314 -0.0124362 1.3239541 0.5408237 -0.5407090 0.4555748 -0.4556260
26866.036000 0.1135624 -0.0125042 1.3239572 -0.5406873 0.5408038 -0.4556579 0.4555924
26866.136000 0.1221045 -0.0123438 1.3240671 0.5406476 -0.5405081 0.4558220 -0.4558262
26866.236000 0.1427784 -0.0124259 1.3240154 -0.5406145 0.5406458 -0.4558104 0.4557137
26866.336000 0.1530501 -0.0123701 1.3239964 -0.5406689 0.5406743 -0.4557685 0.4556572
26866.436000 0.1724325 -0.0124599 1.3240437 0.5406454 -0.5406165 0.4557573 -0.4557649
26866.536000 0.1826108 -0.0124377 1.3240447 0.5406879 -0.5405901 0.4557335 -0.4557696
26866.636000 0.1935883 -0.0124649 1.3239696 -0.5407256 0.5407683 -0.4556617 0.4555852
26866.736000 0.2030833 -0.0123673 1.3239924 0.5406862 -0.5406800 0.4557507 -0.4556477
26866.836000 0.2124312 -0.0124299 1.3240411 0.5407097 -0.5405910 0.4557145 -0.4557617
26866.936000 0.2232198 -0.0124588 1.3239658 -0.5407498 0.5407646 -0.4556394 0.4555832
26867.036000 0.2335107 -0.0124587 1.3239656 -0.5407479 0.5407666 -0.4556411 0.4555814
26867.136000 0.2430813 -0.0123672 1.3239924 0.5406864 -0.5406798 0.4557506 -0.4556478
26867.237000 0.2433073 -0.0123589 1.3239896 0.5407034 -0.5406615 0.4557379 -0.4556620
26867.336000 0.2433386 -0.0123531 1.3239865 0.5407222 -0.5406464 0.4557216 -0.4556740
26867.437000 0.2433677 -0.0123473 1.3239835 0.5407421 -0.5406325 0.4557038 -0.4556846
26867.536000 0.2433949 -0.0123417 1.3239807 0.5407628 -0.5406196 0.4556850 -0.4556942
26867.636000 0.2520884 -0.0123409 1.3240688 0.5406436 -0.5405014 0.4558279 -0.4558330
26867.737000 0.2620911 -0.0123410 1.3240679 0.5406436 -0.5405076 0.4558271 -0.4558264
26867.836000 0.2726182 -0.0124338 1.3240419 0.5407018 -0.5405978 0.4557203 -0.4557573
26867.936000 0.2830769 -0.0123681 1.3239930 0.5406858 -0.5406792 0.4557511 -0.4556488
26868.036000 0.2921028 -0.0123395 1.3240668 0.5406512 -0.5405041 0.4558204 -0.4558282
26868.136000 0.3026295 -0.0124319 1.3240406 0.5407082 -0.5405954 0.4557147 -0.4557581
26868.236000 0.3233491 -0.0126415 1.3239655 -0.5407103 0.5408142 -0.4556089 0.4556017
26868.336000 0.3330563 -0.0123457 1.3239850 0.5407002 -0.5406392 0.4557686 -0.4556616
26868.436000 0.3420746 -0.0123670 1.3240714 0.5405808 -0.5405333 0.4558727 -0.4558249
26868.536000 0.3526182 -0.0124338 1.3240419 0.5407017 -0.5405978 0.4557203 -0.4557572
26868.637000 0.3626433 -0.0124333 1.3240398 0.5407107 -0.5405962 0.4557115 -0.4557574
26868.736000 0.3828620 -0.0123712 1.3239955 -0.5406704 0.5406775 -0.4557660 0.4556542
26868.836000 0.3933866 -0.0124599 1.3239688 -0.5407330 0.5407698 -0.4556557 0.4555806
26868.937000 0.4034118 -0.0124597 1.3239661 -0.5407453 0.5407688 -0.4556432 0.4555797
26869.036000 0.4217944 -0.0123451 1.3240687 0.5406405 -0.5405050 0.4558288 -0.4558315
26869.137000 0.4333951 -0.0124575 1.3239673 -0.5407438 0.5407652 -0.4556462 0.4555828
26869.236000 0.4434117 -0.0124596 1.3239661 -0.5407455 0.5407686 -0.4556430 0.4555799
26869.336000 0.4534117 -0.0124596 1.3239661 -0.5407455 0.5407687 -0.4556431 0.4555798
26869.436000 0.4726222 -0.0127208 1.3240189 -0.5406793 0.5406891 -0.4556286 0.4557674
26869.536000 0.4826264 -0.0124424 1.3240420 0.5406973 -0.5405997 0.4557214 -0.4557592
26869.636000 0.4926262 -0.0124361 1.3240418 0.5407008 -0.5405993 0.4557202 -0.4557568
26869.736000 0.5026308 -0.0124354 1.3240412 0.5407041 -0.5405996 0.4557170 -0.4557556
26869.836000 0.5126342 -0.0124349 1.3240407 0.5407061 -0.5405991 0.4557152 -0.4557555
26869.936000 0.5234135 -0.0124598 1.3239663 -0.5407469 0.5407670 -0.4556418 0.4555814
26870.037000 0.5321167 -0.0123417 1.3240656 0.5406549 -0.5405056 0.4558155 -0.4558269
26870.136000 0.5523943 -0.0124588 1.3240459 -0.5406323 0.5406330 -0.4557761 0.4557420
26870.237000 0.5630610 -0.0123719 1.3239957 -0.5406681 0.5406782 -0.4557679 0.4556541
26870.336000 0.5720875 -0.0123418 1.3240691 0.5406400 -0.5405026 0.4558312 -0.4558325
26870.436000 0.5923735 -0.0124603 1.3240484 -0.5406156 0.5406347 -0.4557941 0.4557418
26870.537000 0.6021098 -0.0123435 1.3240667 0.5406470 -0.5405106 0.4558223 -0.4558236
26870.636000 0.6231119 -0.0124589 1.3239657 -0.5407326 0.5407787 -0.4556562 0.4555700
26870.736000 0.6323243 -0.0123649 1.3240525 0.5406134 -0.5405404 0.4558374 -0.4558129
26870.836000 0.6433689 -0.0124529 1.3239722 0.5407552 -0.5407169 0.4556352 -0.4556376
26870.936000 0.6530511 -0.0123743 1.3239978 -0.5406545 0.5406706 -0.4557803 0.4556670
26871.036000 0.6626057 -0.0124358 1.3240444 0.5406930 -0.5405890 0.4557288 -0.4557695
26871.136000 0.6726214 -0.0124367 1.3240427 0.5406964 -0.5405970 0.4557247 -0.4557600
26871.236000 0.6835960 -0.0124627 1.3239680 -0.5407369 0.5407704 -0.4556507 0.4555804
26871.336000 0.6924418 -0.0124354 1.3240413 0.5407063 -0.5405969 0.4557152 -0.4557581
26871.436000 0.7117886 -0.0123452 1.3240687 0.5406405 -0.5405050 0.4558288 -0.4558314
26871.536000 0.7219910 -0.0123416 1.3240685 0.5406403 -0.5405066 0.4558304 -0.4558282
26871.636000 0.7330597 -0.0123671 1.3239941 0.5406814 -0.5406783 0.4557561 -0.4556501
26871.736000 0.7435977 -0.0124605 1.3239673 -0.5407391 0.5407712 -0.4556490 0.4555784
26871.836000 0.7620156 -0.0123492 1.3240662 0.5406383 -0.5405205 0.4558286 -0.4558159
26871.936000 0.7729825 -0.0123766 1.3240042 0.5406564 -0.5406379 0.4557716 -0.4557120
26872.036000 0.7830645 -0.0123670 1.3239939 -0.5406797 0.5406806 -0.4557576 0.4556479
26872.136000 0.8032794 -0.0124638 1.3239704 -0.5407217 0.5407670 -0.4556661 0.4555870
26872.236000 0.8129871 -0.0123686 1.3239923 0.5406859 -0.5406815 0.4557505 -0.4556466
26872.337000 0.8323734 -0.0124603 1.3240484 -0.5406157 0.5406347 -0.4557941 0.4557418
26872.436000 0.8430576 -0.0123573 1.3239970 0.5407124 -0.5406216 0.4557289 -0.4557079
26872.536000 0.8526097 -0.0124353 1.3240437 0.5406960 -0.5405925 0.4557260 -0.4557646
26872.636000 0.8726880 -0.0123685 1.3240138 0.5406364 -0.5406237 0.4558084 -0.4557158
26872.736000 0.8834760 -0.0124458 1.3239719 0.5407672 -0.5407073 0.4556292 -0.4556408
26872.836000 0.8933915 -0.0124642 1.3239696 -0.5407247 0.5407692 -0.4556628 0.4555841
26872.936000 0.9030645 -0.0123703 1.3239944 -0.5406750 0.5406828 -0.4557609 0.4556475
26873.036000 0.9130607 -0.0123678 1.3239945 -0.5406766 0.5406810 -0.4557604 0.4556483
26873.136000 0.9220953 -0.0123408 1.3240677 0.5406466 -0.5405053 0.4558245 -0.4558282
26873.236000 0.9330661 -0.0123662 1.3239935 0.5406846 -0.5406773 0.4557532 -0.4556503
26873.336000 0.9433987 -0.0124574 1.3239672 -0.5407420 0.5407672 -0.4556477 0.4555811
26873.436000 0.9526378 -0.0124338 1.3240401 0.5407114 -0.5405951 0.4557107 -0.4557585
26873.536000 0.9626425 -0.0124334 1.3240398 0.5407105 -0.5405964 0.4557116 -0.4557573
26873.636000 0.9833159 -0.0124657 1.3239665 -0.5407348 0.5407776 -0.4556518 0.4555732
26873.736000 0.9925825 -0.0124628 1.3240490 0.5406230 -0.5406178 0.4557824 -0.4557649
26873.837000 1.0026291 -0.0124357 1.3240414 0.5407028 -0.5405998 0.4557182 -0.4557557
26873.936000 1.0134080 -0.0124609 1.3239669 -0.5407435 0.5407690 -0.4556446 0.4555802
26874.036000 1.0228930 -0.0123692 1.3239920 0.5406874 -0.5406816 0.4557486 -0.4556465
26874.137000 1.0323006 -0.0123390 1.3240664 0.5406528 -0.5405032 0.4558191 -0.4558287
26874.236000 1.0426366 -0.0124314 1.3240403 0.5407097 -0.5405942 0.4557135 -0.4557589
26874.336000 1.0628013 -0.0124110 1.3239887 -0.5406889 0.5407133 -0.4557285 0.4556272
26874.436000 1.0728679 -0.0123694 1.3239945 -0.5406787 0.5406793 -0.4557579 0.4556503
26874.536000 1.0928361 -0.0123723 1.3239984 -0.5406534 0.5406687 -0.4557824 0.4556685
26874.636000 1.1033773 -0.0124617 1.3239707 -0.5407211 0.5407661 -0.4556679 0.4555870
26874.736000 1.1123008 -0.0123409 1.3240667 0.5406506 -0.5405059 0.4558203 -0.4558270
26874.836000 1.1234043 -0.0124569 1.3239670 -0.5407457 0.5407639 -0.4556446 0.4555837
26874.936000 1.1424018 -0.0124607 1.3240451 -0.5406311 0.5406418 -0.4557775 0.4557318
26875.036000 1.1530599 -0.0123728 1.3239959 -0.5406653 0.5406788 -0.4557702 0.4556544
26875.136000 1.1626128 -0.0124347 1.3240433 0.5406975 -0.5405927 0.4557249 -0.4557637
26875.236000 1.1730697 -0.0123695 1.3239939 0.5406803 -0.5406803 0.4557561 -0.4556491
26875.336000 1.1826215 -0.0124335 1.3240418 0.5407048 -0.5405953 0.4557176 -0.4557592
26875.436000 1.1934096 -0.0124606 1.3239667 -0.5407447 0.5407684 -0.4556437 0.4555805
26875.537000 1.2021145 -0.0123421 1.3240658 0.5406538 -0.5405064 0.4558165 -0.4558264
26875.636000 1.2134011 -0.0124562 1.3239667 -0.5407473 0.5407625 -0.4556433 0.4555847
26875.736000 1.2235149 -0.0124587 1.3239656 -0.5407479 0.5407666 -0.4556411 0.4555813
26875.836000 1.2428591 -0.0123716 1.3239960 -0.5406653 0.5406789 -0.4557709 0.4556537
26875.937000 1.2520053 -0.0123400 1.3240671 0.5406496 -0.5405050 0.4558217 -0.4558277
26876.036000 1.2630688 -0.0123653 1.3239930 0.5406876 -0.5406756 0.4557507 -0.4556512
26876.136000 1.2828446 -0.0123608 1.3239981 0.5406981 -0.5406278 0.4557405 -0.4557058
26876.236000 1.2920844 -0.0123423 1.3240695 0.5406385 -0.5405024 0.4558323 -0.4558334
26876.336000 1.3030580 -0.0123678 1.3239946 -0.5406782 0.5406785 -0.4557591 0.4556507
26876.436000 1.3133913 -0.0124589 1.3239681 -0.5407370 0.5407694 -0.4556520 0.4555800
26876.536000 1.3226299 -0.0124352 1.3240410 0.5407071 -0.5405971 0.4557144 -0.4557576
26876.637000 1.3418023 -0.0123449 1.3240683 0.5406399 -0.5405090 0.4558291 -0.4558271
26876.736000 1.3526257 -0.0124326 1.3240410 0.5407061 -0.5405968 0.4557164 -0.4557572
26876.836000 1.3724155 -0.0124619 1.3240450 0.5406397 -0.5406252 0.4557640 -0.4557546
26876.936000 1.3830574 -0.0123734 1.3239966 -0.5406642 0.5406738 -0.4557704 0.4556615
26877.036000 1.3935883 -0.0124625 1.3239687 -0.5407310 0.5407720 -0.4556565 0.4555795
26877.137000 1.4029929 -0.0123679 1.3239920 0.5406876 -0.5406803 0.4557491 -0.4556474
26877.236000 1.4223972 -0.0124361 1.3240453 0.5406930 -0.5405812 0.4557279 -0.4557797
26877.336000 1.4335872 -0.0124658 1.3239698 -0.5407228 0.5407689 -0.4556640 0.4555856
26877.436000 1.4421952 -0.0123437 1.3240686 0.5406409 -0.5405047 0.4558293 -0.4558308
26877.536000 1.4528814 -0.0123651 1.3239929 0.5406881 -0.5406752 0.4557503 -0.4556515
26877.636000 1.4626298 -0.0124314 1.3240404 0.5407117 -0.5405920 0.4557117 -0.4557608
26877.736000 1.4820554 -0.0123579 1.3240645 0.5406456 -0.5405254 0.4558176 -0.4558124
26877.836000 1.4930174 -0.0123661 1.3240020 0.5406787 -0.5406177 0.4557561 -0.4557250
26877.936000 1.5028731 -0.0123668 1.3239938 0.5406805 -0.5406804 0.4557569 -0.4556480
26878.036000 1.5126181 -0.0124334 1.3240417 0.5407054 -0.5405953 0.4557171 -0.4557591
26878.136000 1.5234080 -0.0124609 1.3239669 -0.5407436 0.5407689 -0.4556445 0.4555803
26878.236000 1.5330786 -0.0123674 1.3239925 0.5406859 -0.5406802 0.4557510 -0.4556476
26878.336000 1.5430749 -0.0123649 1.3239927 0.5406864 -0.5406771 0.4557518 -0.4556498
26878.436000 1.5628863 -0.0122820 1.3239897 0.5406904 -0.5406747 0.4557786 -0.4556211
26878.536000 1.5732242 -0.0124080 1.3239839 -0.5406260 0.5407139 -0.4557694 0.4556603
26878.637000 1.5833904 -0.0124591 1.3239682 -0.5407361 0.5407698 -0.4556528 0.4555799
26878.736000 1.5929810 -0.0123692 1.3239927 0.5406839 -0.5406826 0.4557521 -0.4556460
26878.837000 1.5933033 -0.0123596 1.3239900 0.5407012 -0.5406635 0.4557398 -0.4556605
26878.936000 1.5933350 -0.0123537 1.3239869 0.5407199 -0.5406481 0.4557236 -0.4556727
26879.036000 1.5937881 -0.0124399 1.3239580 0.5407968 -0.5407231 0.4556007 -0.4556154
26879.136000 1.5934006 -0.0123442 1.3239805 0.5407615 -0.5406229 0.4556851 -0.4556917
26879.236000 1.5938499 -0.0124303 1.3239519 0.5408399 -0.5406995 0.4555603 -0.4556326
26879.336000 1.5934591 -0.0123346 1.3239746 0.5408058 -0.5406005 0.4556434 -0.4557076
26879.436000 1.5938850 -0.0124160 1.3239474 0.5408820 -0.5406736 0.4555230 -0.4556507
26879.536000 1.5934972 -0.0123215 1.3239699 0.5408494 -0.5405761 0.4556039 -0.4557242
26879.636000 1.5935102 -0.0123139 1.3239680 0.5408709 -0.5405632 0.4555850 -0.4557329
26879.736000 1.5935314 -0.0123082 1.3239655 0.5408936 -0.5405523 0.4555637 -0.4557401
26879.836000 1.5939801 -0.0123950 1.3239369 0.5409740 -0.5406314 0.4554362 -0.4556782
26879.936000 1.5935814 -0.0122986 1.3239602 0.5409407 -0.5405326 0.4555186 -0.4557526
26880.037000 1.5940215 -0.0123835 1.3239321 0.5410202 -0.5406102 0.4553929 -0.4556918
26880.136000 1.5936268 -0.0122872 1.3239550 0.5409880 -0.5405125 0.4554740 -0.4557648
26880.236000 1.5936196 -0.0122796 1.3239549 0.5410057 -0.5404958 0.4554596 -0.4557781
26854.787000 0.0924221 -0.0123358 1.3240646 0.5406616 -0.5404952 0.4558120 -0.4558348
26854.787000 0.0924221 -0.0123358 1.3240646 0.5406616 -0.5404952 0.4558120 -0.4558348
26854.836000 0.0924221 -0.0123358 1.3240646 0.5406616 -0.5404952 0.4558120 -0.4558348
26854.936000 0.0924546 -0.0123300 1.3240615 0.5406796 -0.5404798 0.4557967 -0.4558470
26855.036000 0.0924846 -0.0123243 1.3240585 0.5406990 -0.5404656 0.4557795 -0.4558581
26855.136000 0.0925126 -0.0123187 1.3240557 0.5407194 -0.5404523 0.4557611 -0.4558680
26855.236000 0.0929625 -0.0124048 1.3240273 0.5407974 -0.5405290 0.4556367 -0.4558089
26855.336000 0.0925768 -0.0123102 1.3240494 0.5407640 -0.5404306 0.4557185 -0.4558834
26855.436000 0.0930153 -0.0123944 1.3240218 0.5408419 -0.5405061 0.4555951 -0.4558248
26855.536000 0.0930468 -0.0123906 1.3240187 0.5408655 -0.5404967 0.4555721 -0.4558310
26855.637000 0.0930686 -0.0123849 1.3240163 0.5408880 -0.5404856 0.4555512 -0.4558384
26855.736000 0.0926573 -0.0122858 1.3240400 0.5408524 -0.5403838 0.4556374 -0.4559151
26855.836000 0.0931012 -0.0123716 1.3240120 0.5409322 -0.5404618 0.4555110 -0.4558543
26855.936000 0.0927056 -0.0122763 1.3240349 0.5408990 -0.5403636 0.4555929 -0.4559282
26856.036000 0.0927109 -0.0122678 1.3240335 0.5409198 -0.5403498 0.4555752 -0.4559377
26856.136000 0.0927262 -0.0122622 1.3240316 0.5409417 -0.5403381 0.4555549 -0.4559458
26856.236000 0.0931894 -0.0123488 1.3240019 0.5410261 -0.5404209 0.4554228 -0.4558796
26856.336000 0.0932105 -0.0123450 1.3239998 0.5410486 -0.5404104 0.4554010 -0.4558870
26856.436000 0.0928072 -0.0122489 1.3240232 0.5410142 -0.5403112 0.4554846 -0.4559619
26856.537000 0.0932301 -0.0123308 1.3239966 0.5410914 -0.5403852 0.4553629 -0.4559042
26856.636000 0.0932599 -0.0123279 1.3239938 0.5411158 -0.5403766 0.4553386 -0.4559097
26856.736000 0.0928568 -0.0122318 1.3240172 0.5410815 -0.5402774 0.4554220 -0.4559845
26856.836000 0.0932834 -0.0123146 1.3239903 0.5411593 -0.5403521 0.4552992 -0.4559264
26856.936000 0.0928845 -0.0122195 1.3240136 0.5411257 -0.5402536 0.4553815 -0.4560007
26857.036000 0.0933149 -0.0123032 1.3239865 0.5412038 -0.5403292 0.4552580 -0.4559419
26857.136000 0.0933389 -0.0122994 1.3239840 0.5412271 -0.5403195 0.4552353 -0.4559483
26857.237000 0.0933538 -0.0122936 1.3239822 0.5412492 -0.5403078 0.4552149 -0.4559563
26857.337000 0.0933685 -0.0122879 1.3239804 0.5412711 -0.5402961 0.4551946 -0.4559644
26857.436000 0.0933828 -0.0122822 1.3239786 0.5412930 -0.5402843 0.4551744 -0.4559726
26857.536000 0.0933969 -0.0122765 1.3239768 0.5413148 -0.5402724 0.4551543 -0.4559808
26857.637000 0.0929873 -0.0121798 1.3240008 0.5412795 -0.5401717 0.4552394 -0.4560572
26857.736000 0.0934153 -0.0122632 1.3239738 0.5413570 -0.5402466 0.4551165 -0.4559990
26857.836000 0.0934374 -0.0122593 1.3239716 0.5413798 -0.5402364 0.4550945 -0.4560061
26857.936000 0.0934504 -0.0122536 1.3239699 0.5414013 -0.5402242 0.4550747 -0.4560147
26858.036000 0.0930394 -0.0121570 1.3239941 0.5413656 -0.5401231 0.4551602 -0.4560915
26858.136000 0.0934667 -0.0122403 1.3239672 0.5414429 -0.5401978 0.4550377 -0.4560336
26858.236000 0.0934877 -0.0122364 1.3239651 0.5414654 -0.5401872 0.4550160 -0.4560411
26858.336000 0.0930760 -0.0121399 1.3239893 0.5414295 -0.5400859 0.4551017 -0.4561181
26858.437000 0.0935024 -0.0122231 1.3239625 0.5415066 -0.5401604 0.4549794 -0.4560605
26858.536000 0.0935227 -0.0122193 1.3239605 0.5415288 -0.5401496 0.4549580 -0.4560682
26858.636000 0.0935339 -0.0122135 1.3239590 0.5415499 -0.5401369 0.4549388 -0.4560773
26858.737000 0.0935449 -0.0122079 1.3239575 0.5415706 -0.5401243 0.4549199 -0.4560865
26858.836000 0.0931234 -0.0121095 1.3239824 0.5415334 -0.5400208 0.4550079 -0.4561654
26858.936000 0.0935574 -0.0121945 1.3239552 0.5416113 -0.5400967 0.4548839 -0.4561068
26859.036000 0.0931527 -0.0121000 1.3239791 0.5415762 -0.5399968 0.4549680 -0.4561830
26859.137000 0.0931498 -0.0120915 1.3239785 0.5415951 -0.5399810 0.4549524 -0.4561946
26859.236000 0.0931596 -0.0120858 1.3239771 0.5416157 -0.5399680 0.4549337 -0.4562043
26859.336000 0.0935969 -0.0121715 1.3239497 0.5416940 -0.5400445 0.4548089 -0.4561452
26859.436000 0.0936152 -0.0121677 1.3239479 0.5417157 -0.5400332 0.4547881 -0.4561536
26859.536000 0.0936243 -0.0121620 1.3239466 0.5417361 -0.5400199 0.4547696 -0.4561634
26859.636000 0.0936333 -0.0121562 1.3239453 0.5417565 -0.5400066 0.4547512 -0.4561733
26859.736000 0.0936421 -0.0121505 1.3239440 0.5417768 -0.5399933 0.4547328 -0.4561833
26859.836000 0.0932271 -0.0120543 1.3239687 0.5417400 -0.5398911 0.4548196 -0.4562615
26859.936000 0.0932225 -0.0120459 1.3239682 0.5417585 -0.5398749 0.4548045 -0.4562737
26860.036000 0.0936584 -0.0121314 1.3239409 0.5418363 -0.5399510 0.4546803 -0.4562151
26860.136000 0.0936752 -0.0121276 1.3239392 0.5418576 -0.5399392 0.4546600 -0.4562239
26860.236000 0.0932595 -0.0120315 1.3239639 0.5418206 -0.5398369 0.4547470 -0.4563023
26860.336000 0.0936818 -0.0121142 1.3239375 0.5418965 -0.5399101 0.4546261 -0.4562460
26860.436000 0.0932660 -0.0120183 1.3239622 0.5418594 -0.5398076 0.4547132 -0.4563245
26860.536000 0.0936967 -0.0121028 1.3239352 0.5419364 -0.5398826 0.4545902 -0.4562669
26860.636000 0.0932803 -0.0120069 1.3239600 0.5418992 -0.5397800 0.4546774 -0.4563455
26860.736000 0.0932828 -0.0120002 1.3239592 0.5419184 -0.5397652 0.4546608 -0.4563569
26860.836000 0.0937173 -0.0120855 1.3239320 0.5419958 -0.5398409 0.4545370 -0.4562987
26860.936000 0.0933006 -0.0119897 1.3239569 0.5419585 -0.5397382 0.4546243 -0.4563775
26861.036000 0.0937305 -0.0120741 1.3239300 0.5420353 -0.5398129 0.4545017 -0.4563201
26861.136000 0.0937454 -0.0120702 1.3239284 0.5420560 -0.5398006 0.4544820 -0.4563296
26861.236000 0.0937515 -0.0120645 1.3239274 0.5420756 -0.5397865 0.4544645 -0.4563404
26861.336000 0.0933338 -0.0119687 1.3239524 0.5420380 -0.5396836 0.4545521 -0.4564195
26861.436000 0.0937502 -0.0120503 1.3239263 0.5421127 -0.5397555 0.4544331 -0.4563643
26861.536000 0.0937689 -0.0120473 1.3239246 0.5421341 -0.5397438 0.4544123 -0.4563733
26861.636000 0.0937743 -0.0120415 1.3239236 0.5421535 -0.5397295 0.4543950 -0.4563844
26861.736000 0.0937797 -0.0120358 1.3239227 0.5421729 -0.5397152 0.4543778 -0.4563955
26861.836000 0.0933527 -0.0119384 1.3239483 0.5421339 -0.5396103 0.4544677 -0.4564763
26861.936000 0.0937813 -0.0120225 1.3239215 0.5422104 -0.5396846 0.4543456 -0.4564193
26862.036000 0.0933627 -0.0119270 1.3239465 0.5421725 -0.5395814 0.4544335 -0.4564987
26862.136000 0.0937910 -0.0120110 1.3239198 0.5422488 -0.5396556 0.4543114 -0.4564419
26862.237000 0.0938042 -0.0120071 1.3239184 0.5422692 -0.5396429 0.4542923 -0.4564518
26862.336000 0.0938087 -0.0120014 1.3239176 0.5422883 -0.5396283 0.4542753 -0.4564632
26862.436000 0.0938131 -0.0119957 1.3239167 0.5423074 -0.5396136 0.4542584 -0.4564747
26862.536000 0.0933979 -0.0119012 1.3239416 0.5422697 -0.5395114 0.4543456 -0.4565536
26862.636000 0.0933849 -0.0118918 1.3239419 0.5422866 -0.5394929 0.4543329 -0.4565680
26862.736000 0.0938124 -0.0119757 1.3239152 0.5423625 -0.5395670 0.4542112 -0.4565112
26862.836000 0.0938293 -0.0119727 1.3239136 0.5423834 -0.5395548 0.4541911 -0.4565209
26862.936000 0.0934137 -0.0118784 1.3239385 0.5423456 -0.5394524 0.4542785 -0.4565999
26863.036000 0.0938278 -0.0119594 1.3239127 0.5424200 -0.5395233 0.4541599 -0.4565456
26863.136000 0.0938402 -0.0119555 1.3239114 0.5424401 -0.5395103 0.4541410 -0.4565559
26863.236000 0.0934158 -0.0118595 1.3239369 0.5424010 -0.5394060 0.4542306 -0.4566365
26863.336000 0.0938382 -0.0119422 1.3239105 0.5424765 -0.5394786 0.4541100 -0.4565809
26863.437000 0.0934265 -0.0118489 1.3239352 0.5424393 -0.5393768 0.4541963 -0.4566596
26863.536000 0.0938443 -0.0119307 1.3239091 0.5425140 -0.5394486 0.4540770 -0.4566046
26863.636000 0.0934325 -0.0118375 1.3239338 0.5424767 -0.5393468 0.4541633 -0.4566834
26863.736000 0.0934223 -0.0118291 1.3239340 0.5424936 -0.5393290 0.4541501 -0.4566974
26863.837000 0.0934251 -0.0118234 1.3239333 0.5425123 -0.5393139 0.4541337 -0.4567094
26863.936000 0.0938555 -0.0119078 1.3239065 0.5425886 -0.5393883 0.4540114 -0.4566525
26864.036000 0.0938669 -0.0119040 1.3239053 0.5426084 -0.5393750 0.4539929 -0.4566631
26864.136000 0.0938693 -0.0118982 1.3239047 0.5426270 -0.5393598 0.4539766 -0.4566752
26864.237000 0.0934438 -0.0118025 1.3239303 0.5425876 -0.5392553 0.4540665 -0.4567561
26864.336000 0.0938651 -0.0118849 1.3239040 0.5426628 -0.5393275 0.4539462 -0.4567009
26864.436000 0.0934524 -0.0117919 1.3239288 0.5426253 -0.5392255 0.4540328 -0.4567799
26864.536000 0.0938692 -0.0118735 1.3239028 0.5426997 -0.5392970 0.4539139 -0.4567253
26864.637000 0.0938800 -0.0118696 1.3239017 0.5427193 -0.5392835 0.4538956 -0.4567361
26864.736000 0.0938819 -0.0118639 1.3239011 0.5427376 -0.5392683 0.4538796 -0.4567482
26864.836000 0.0934515 -0.0117673 1.3239271 0.5426977 -0.5391624 0.4539704 -0.4568303
26864.937000 0.0938767 -0.0118506 1.3239006 0.5427733 -0.5392356 0.4538495 -0.4567744
26865.036000 0.0938870 -0.0118467 1.3238995 0.5427928 -0.5392219 0.4538313 -0.4567853
26865.137000 0.0938885 -0.0118410 1.3238990 0.5428111 -0.5392065 0.4538153 -0.4567977
26865.236000 0.0938899 -0.0118352 1.3238984 0.5428294 -0.5391910 0.4537993 -0.4568101
26865.336000 0.0934676 -0.0117406 1.3239239 0.5427904 -0.5390869 0.4538883 -0.4568909
26865.436000 0.0934559 -0.0117322 1.3239242 0.5428069 -0.5390687 0.4538756 -0.4569054
26865.536000 0.1030617 -0.0123532 1.3239930 0.5407234 -0.5406397 0.4557205 -0.4556816
26865.636000 0.1037393 -0.0124526 1.3239633 0.5407638 -0.5407502 0.4556287 -0.4555944
26865.736000 0.1037751 -0.0124477 1.3239599 0.5407832 -0.5407359 0.4556113 -0.4556058
26865.836000 0.1038042 -0.0124419 1.3239570 0.5408030 -0.5407220 0.4555936 -0.4556164
26865.936000 0.1038314 -0.0124362 1.3239541 0.5408237 -0.5407090 0.4555748 -0.4556260
26866.036000 0.1135624 -0.0125042 1.3239572 -0.5406873 0.5408038 -0.4556579 0.4555924
26866.136000 0.1221045 -0.0123438 1.3240671 0.5406476 -0.5405081 0.4558220 -0.4558262
26866.236000 0.1427784 -0.0124259 1.3240154 -0.5406145 0.5406458 -0.4558104 0.4557137
26866.336000 0.1530501 -0.0123701 1.3239964 -0.5406689 0.5406743 -0.4557685 0.4556572
26866.436000 0.1724325 -0.0124599 1.3240437 0.5406454 -0.5406165 0.4557573 -0.4557649
26866.536000 0.1826108 -0.0124377 1.3240447 0.5406879 -0.5405901 0.4557335 -0.4557696
26866.636000 0.1935883 -0.0124649 1.3239696 -0.5407256 0.5407683 -0.4556617 0.4555852
26866.736000 0.2030833 -0.0123673 1.3239924 0.5406862 -0.5406800 0.4557507 -0.4556477
26866.836000 0.2124312 -0.0124299 1.3240411 0.5407097 -0.5405910 0.4557145 -0.4557617
26866.936000 0.2232198 -0.0124588 1.3239658 -0.5407498 0.5407646 -0.4556394 0.4555832
26867.036000 0.2335107 -0.0124587 1.3239656 -0.5407479 0.5407666 -0.4556411 0.4555814
26867.136000 0.2430813 -0.0123672 1.3239924 0.5406864 -0.5406798 0.4557506 -0.4556478
26867.237000 0.2433073 -0.0123589 1.3239896 0.5407034 -0.5406615 0.4557379 -0.4556620
26867.336000 0.2433386 -0.0123531 1.3239865 0.5407222 -0.5406464 0.4557216 -0.4556740
26867.437000 0.2433677 -0.0123473 1.3239835 0.5407421 -0.5406325 0.4557038 -0.4556846
26867.536000 0.2433949 -0.0123417 1.3239807 0.5407628 -0.5406196 0.4556850 -0.4556942
26867.636000 0.2520884 -0.0123409 1.3240688 0.5406436 -0.5405014 0.4558279 -0.4558330
26867.737000 0.2620911 -0.0123410 1.3240679 0.5406436 -0.5405076 0.4558271 -0.4558264
26867.836000 0.2726182 -0.0124338 1.3240419 0.5407018 -0.5405978 0.4557203 -0.4557573
26867.936000 0.2830769 -0.0123681 1.3239930 0.5406858 -0.5406792 0.4557511 -0.4556488
26868.036000 0.2921028 -0.0123395 1.3240668 0.5406512 -0.5405041 0.4558204 -0.4558282
26868.136000 0.3026295 -0.0124319 1.3240406 0.5407082 -0.5405954 0.4557147 -0.4557581
26868.236000 0.3233491 -0.0126415 1.3239655 -0.5407103 0.5408142 -0.4556089 0.4556017
26868.336000 0.3330563 -0.0123457 1.3239850 0.5407002 -0.5406392 0.4557686 -0.4556616
26868.436000 0.3420746 -0.0123670 1.3240714 0.5405808 -0.5405333 0.4558727 -0.4558249
26868.536000 0.3526182 -0.0124338 1.3240419 0.5407017 -0.5405978 0.4557203 -0.4557572
26868.637000 0.3626433 -0.0124333 1.3240398 0.5407107 -0.5405962 0.4557115 -0.4557574
26868.736000 0.3828620 -0.0123712 1.3239955 -0.5406704 0.5406775 -0.4557660 0.4556542
26868.836000 0.3933866 -0.0124599 1.3239688 -0.5407330 0.5407698 -0.4556557 0.4555806
26868.937000 0.4034118 -0.0124597 1.3239661 -0.5407453 0.5407688 -0.4556432 0.4555797
26869.036000 0.4217944 -0.0123451 1.3240687 0.5406405 -0.5405050 0.4558288 -0.4558315
26869.137000 0.4333951 -0.0124575 1.3239673 -0.5407438 0.5407652 -0.4556462 0.4555828
26869.236000 0.4434117 -0.0124596 1.3239661 -0.5407455 0.5407686 -0.4556430 0.4555799
26869.336000 0.4534117 -0.0124596 1.3239661 -0.5407455 0.5407687 -0.4556431 0.4555798
26869.436000 0.4726222 -0.0127208 1.3240189 -0.5406793 0.5406891 -0.4556286 0.4557674
26869.536000 0.4826264 -0.0124424 1.3240420 0.5406973 -0.5405997 0.4557214 -0.4557592
26869.636000 0.4926262 -0.0124361 1.3240418 0.5407008 -0.5405993 0.4557202 -0.4557568
26869.736000 0.5026308 -0.0124354 1.3240412 0.5407041 -0.5405996 0.4557170 -0.4557556
26869.836000 0.5126342 -0.0124349 1.3240407 0.5407061 -0.5405991 0.4557152 -0.4557555
26869.936000 0.5234135 -0.0124598 1.3239663 -0.5407469 0.5407670 -0.4556418 0.4555814
26870.037000 0.5321167 -0.0123417 1.3240656 0.5406549 -0.5405056 0.4558155 -0.4558269
26870.136000 0.5523943 -0.0124588 1.3240459 -0.5406323 0.5406330 -0.4557761 0.4557420
26870.237000 0.5630610 -0.0123719 1.3239957 -0.5406681 0.5406782 -0.4557679 0.4556541
26870.336000 0.5720875 -0.0123418 1.3240691 0.5406400 -0.5405026 0.4558312 -0.4558325
26870.436000 0.5923735 -0.0124603 1.3240484 -0.5406156 0.5406347 -0.4557941 0.4557418
26870.537000 0.6021098 -0.0123435 1.3240667 0.5406470 -0.5405106 0.4558223 -0.4558236
26870.636000 0.6231119 -0.0124589 1.3239657 -0.5407326 0.5407787 -0.4556562 0.4555700
26870.736000 0.6323243 -0.0123649 1.3240525 0.5406134 -0.5405404 0.4558374 -0.4558129
26870.836000 0.6433689 -0.0124529 1.3239722 0.5407552 -0.5407169 0.4556352 -0.4556376
26870.936000 0.6530511 -0.0123743 1.3239978 -0.5406545 0.5406706 -0.4557803 0.4556670
26871.036000 0.6626057 -0.0124358 1.3240444 0.5406930 -0.5405890 0.4557288 -0.4557695
26871.136000 0.6726214 -0.0124367 1.3240427 0.5406964 -0.5405970 0.4557247 -0.4557600
26871.236000 0.6835960 -0.0124627 1.3239680 -0.5407369 0.5407704 -0.4556507 0.4555804
26871.336000 0.6924418 -0.0124354 1.3240413 0.5407063 -0.5405969 0.4557152 -0.4557581
26871.436000 0.7117886 -0.0123452 1.3240687 0.5406405 -0.5405050 0.4558288 -0.4558314
26871.536000 0.7219910 -0.0123416 1.3240685 0.5406403 -0.5405066 0.4558304 -0.4558282
26871.636000 0.7330597 -0.0123671 1.3239941 0.5406814 -0.5406783 0.4557561 -0.4556501
26871.736000 0.7435977 -0.0124605 1.3239673 -0.5407391 0.5407712 -0.4556490 0.4555784
26871.836000 0.7620156 -0.0123492 1.3240662 0.5406383 -0.5405205 0.4558286 -0.4558159
26871.936000 0.7729825 -0.0123766 1.3240042 0.5406564 -0.5406379 0.4557716 -0.4557120
26872.036000 0.7830645 -0.0123670 1.3239939 -0.5406797 0.5406806 -0.4557576 0.4556479
26872.136000 0.8032794 -0.0124638 1.3239704 -0.5407217 0.5407670 -0.4556661 0.4555870
26872.236000 0.8129871 -0.0123686 1.3239923 0.5406859 -0.5406815 0.4557505 -0.4556466
26872.337000 0.8323734 -0.0124603 1.3240484 -0.5406157 0.5406347 -0.4557941 0.4557418
26872.436000 0.8430576 -0.0123573 1.3239970 0.5407124 -0.5406216 0.4557289 -0.4557079
26872.536000 0.8526097 -0.0124353 1.3240437 0.5406960 -0.5405925 0.4557260 -0.4557646
26872.636000 0.8726880 -0.0123685 1.3240138 0.5406364 -0.5406237 0.4558084 -0.4557158
26872.736000 0.8834760 -0.0124458 1.3239719 0.5407672 -0.5407073 0.4556292 -0.4556408
26872.836000 0.8933915 -0.0124642 1.3239696 -0.5407247 0.5407692 -0.4556628 0.4555841
26872.936000 0.9030645 -0.0123703 1.3239944 -0.5406750 0.5406828 -0.4557609 0.4556475
26873.036000 0.9130607 -0.0123678 1.3239945 -0.5406766 0.5406810 -0.4557604 0.4556483
26873.136000 0.9220953 -0.0123408 1.3240677 0.5406466 -0.5405053 0.4558245 -0.4558282
26873.236000 0.9330661 -0.0123662 1.3239935 0.5406846 -0.5406773 0.4557532 -0.4556503
26873.336000 0.9433987 -0.0124574 1.3239672 -0.5407420 0.5407672 -0.4556477 0.4555811
26873.436000 0.9526378 -0.0124338 1.3240401 0.5407114 -0.5405951 0.4557107 -0.4557585
26873.536000 0.9626425 -0.0124334 1.3240398 0.5407105 -0.5405964 0.4557116 -0.4557573
26873.636000 0.9833159 -0.0124657 1.3239665 -0.5407348 0.5407776 -0.4556518 0.4555732
26873.736000 0.9925825 -0.0124628 1.3240490 0.5406230 -0.5406178 0.4557824 -0.4557649
26873.837000 1.0026291 -0.0124357 1.3240414 0.5407028 -0.5405998 0.4557182 -0.4557557
26873.936000 1.0134080 -0.0124609 1.3239669 -0.5407435 0.5407690 -0.4556446 0.4555802
26874.036000 1.0228930 -0.0123692 1.3239920 0.5406874 -0.5406816 0.4557486 -0.4556465
26874.137000 1.0323006 -0.0123390 1.3240664 0.5406528 -0.5405032 0.4558191 -0.4558287
26874.236000 1.0426366 -0.0124314 1.3240403 0.5407097 -0.5405942 0.4557135 -0.4557589
26874.336000 1.0628013 -0.0124110 1.3239887 -0.5406889 0.5407133 -0.4557285 0.4556272
26874.436000 1.0728679 -0.0123694 1.3239945 -0.5406787 0.5406793 -0.4557579 0.4556503
26874.536000 1.0928361 -0.0123723 1.3239984 -0.5406534 0.5406687 -0.4557824 0.4556685
26874.636000 1.1033773 -0.0124617 1.3239707 -0.5407211 0.5407661 -0.4556679 0.4555870
26874.736000 1.1123008 -0.0123409 1.3240667 0.5406506 -0.5405059 0.4558203 -0.4558270
26874.836000 1.1234043 -0.0124569 1.3239670 -0.5407457 0.5407639 -0.4556446 0.4555837
26874.936000 1.1424018 -0.0124607 1.3240451 -0.5406311 0.5406418 -0.4557775 0.4557318
26875.036000 1.1530599 -0.0123728 1.3239959 -0.5406653 0.5406788 -0.4557702 0.4556544
26875.136000 1.1626128 -0.0124347 1.3240433 0.5406975 -0.5405927 0.4557249 -0.4557637
26875.236000 1.1730697 -0.0123695 1.3239939 0.5406803 -0.5406803 0.4557561 -0.4556491
26875.336000 1.1826215 -0.0124335 1.3240418 0.5407048 -0.5405953 0.4557176 -0.4557592
26875.436000 1.1934096 -0.0124606 1.3239667 -0.5407447 0.5407684 -0.4556437 0.4555805
26875.537000 1.2021145 -0.0123421 1.3240658 0.5406538 -0.5405064 0.4558165 -0.4558264
26875.636000 1.2134011 -0.0124562 1.3239667 -0.5407473 0.5407625 -0.4556433 0.4555847
26875.736000 1.2235149 -0.0124587 1.3239656 -0.5407479 0.5407666 -0.4556411 0.4555813
26875.836000 1.2428591 -0.0123716 1.3239960 -0.5406653 0.5406789 -0.4557709 0.4556537
26875.937000 1.2520053 -0.0123400 1.3240671 0.5406496 -0.5405050 0.4558217 -0.4558277
26876.036000 1.2630688 -0.0123653 1.3239930 0.5406876 -0.5406756 0.4557507 -0.4556512
26876.136000 1.2828446 -0.0123608 1.3239981 0.5406981 -0.5406278 0.4557405 -0.4557058
26876.236000 1.2920844 -0.0123423 1.3240695 0.5406385 -0.5405024 0.4558323 -0.4558334
26876.336000 1.3030580 -0.0123678 1.3239946 -0.5406782 0.5406785 -0.4557591 0.4556507
26876.436000 1.3133913 -0.0124589 1.3239681 -0.5407370 0.5407694 -0.4556520 0.4555800
26876.536000 1.3226299 -0.0124352 1.3240410 0.5407071 -0.5405971 0.4557144 -0.4557576
26876.637000 1.3418023 -0.0123449 1.3240683 0.5406399 -0.5405090 0.4558291 -0.4558271
26876.736000 1.3526257 -0.0124326 1.3240410 0.5407061 -0.5405968 0.4557164 -0.4557572
26876.836000 1.3724155 -0.0124619 1.3240450 0.5406397 -0.5406252 0.4557640 -0.4557546
26876.936000 1.3830574 -0.0123734 1.3239966 -0.5406642 0.5406738 -0.4557704 0.4556615
26877.036000 1.3935883 -0.0124625 1.3239687 -0.5407310 0.5407720 -0.4556565 0.4555795
26877.137000 1.4029929 -0.0123679 1.3239920 0.5406876 -0.5406803 0.4557491 -0.4556474
26877.236000 1.4223972 -0.0124361 1.3240453 0.5406930 -0.5405812 0.4557279 -0.4557797
26877.336000 1.4335872 -0.0124658 1.3239698 -0.5407228 0.5407689 -0.4556640 0.4555856
26877.436000 1.4421952 -0.0123437 1.3240686 0.5406409 -0.5405047 0.4558293 -0.4558308
26877.536000 1.4528814 -0.0123651 1.3239929 0.5406881 -0.5406752 0.4557503 -0.4556515
26877.636000 1.4626298 -0.0124314 1.3240404 0.5407117 -0.5405920 0.4557117 -0.4557608
26877.736000 1.4820554 -0.0123579 1.3240645 0.5406456 -0.5405254 0.4558176 -0.4558124
26877.836000 1.4930174 -0.0123661 1.3240020 0.5406787 -0.5406177 0.4557561 -0.4557250
26877.936000 1.5028731 -0.0123668 1.3239938 0.5406805 -0.5406804 0.4557569 -0.4556480
26878.036000 1.5126181 -0.0124334 1.3240417 0.5407054 -0.5405953 0.4557171 -0.4557591
26878.136000 1.5234080 -0.0124609 1.3239669 -0.5407436 0.5407689 -0.4556445 0.4555803
26878.236000 1.5330786 -0.0123674 1.3239925 0.5406859 -0.5406802 0.4557510 -0.4556476
26878.336000 1.5430749 -0.0123649 1.3239927 0.5406864 -0.5406771 0.4557518 -0.4556498
26878.436000 1.5628863 -0.0122820 1.3239897 0.5406904 -0.5406747 0.4557786 -0.4556211
26878.536000 1.5732242 -0.0124080 1.3239839 -0.5406260 0.5407139 -0.4557694 0.4556603
26878.637000 1.5833904 -0.0124591 1.3239682 -0.5407361 0.5407698 -0.4556528 0.4555799
26878.736000 1.5929810 -0.0123692 1.3239927 0.5406839 -0.5406826 0.4557521 -0.4556460
26878.837000 1.5933033 -0.0123596 1.3239900 0.5407012 -0.5406635 0.4557398 -0.4556605
26878.936000 1.5933350 -0.0123537 1.3239869 0.5407199 -0.5406481 0.4557236 -0.4556727
26879.036000 1.5937881 -0.0124399 1.3239580 0.5407968 -0.5407231 0.4556007 -0.4556154
26879.136000 1.5934006 -0.0123442 1.3239805 0.5407615 -0.5406229 0.4556851 -0.4556917
26879.236000 1.5938499 -0.0124303 1.3239519 0.5408399 -0.5406995 0.4555603 -0.4556326
26879.336000 1.5934591 -0.0123346 1.3239746 0.5408058 -0.5406005 0.4556434 -0.4557076
26879.436000 1.5938850 -0.0124160 1.3239474 0.5408820 -0.5406736 0.4555230 -0.4556507
26879.536000 1.5934972 -0.0123215 1.3239699 0.5408494 -0.5405761 0.4556039 -0.4557242
26879.636000 1.5935102 -0.0123139 1.3239680 0.5408709 -0.5405632 0.4555850 -0.4557329
26879.736000 1.5935314 -0.0123082 1.3239655 0.5408936 -0.5405523 0.4555637 -0.4557401
26879.836000 1.5939801 -0.0123950 1.3239369 0.5409740 -0.5406314 0.4554362 -0.4556782
26879.936000 1.5935814 -0.0122986 1.3239602 0.5409407 -0.5405326 0.4555186 -0.4557526
26880.037000 1.5940215 -0.0123835 1.3239321 0.5410202 -0.5406102 0.4553929 -0.4556918
26880.136000 1.5936268 -0.0122872 1.3239550 0.5409880 -0.5405125 0.4554740 -0.4557648
26880.236000 1.5936196 -0.0122796 1.3239549 0.5410057 -0.5404958 0.4554596 -0.4557781
26854.787000 0.0924221 -0.0123358 1.3240646 0.5406616 -0.5404952 0.4558120 -0.4558348
26854.787000 0.0924221 -0.0123358 1.3240646 0.5406616 -0.5404952 0.4558120 -0.4558348
26854.836000 0.0924221 -0.0123358 1.3240646 0.5406616 -0.5404952 0.4558120 -0.4558348
26854.936000 0.0924546 -0.0123300 1.3240615 0.5406796 -0.5404798 0.4557967 -0.4558470
26855.036000 0.0924846 -0.0123243 1.3240585 0.5406990 -0.5404656 0.4557795 -0.4558581
26855.136000 0.0925126 -0.0123187 1.3240557 0.5407194 -0.5404523 0.4557611 -0.4558680
26855.236000 0.0929625 -0.0124048 1.3240273 0.5407974 -0.5405290 0.4556367 -0.4558089
26855.336000 0.0925768 -0.0123102 1.3240494 0.5407640 -0.5404306 0.4557185 -0.4558834
26855.436000 0.0930153 -0.0123944 1.3240218 0.5408419 -0.5405061 0.4555951 -0.4558248
26855.536000 0.0930468 -0.0123906 1.3240187 0.5408655 -0.5404967 0.4555721 -0.4558310
26855.637000 0.0930686 -0.0123849 1.3240163 0.5408880 -0.5404856 0.4555512 -0.4558384
26855.736000 0.0926573 -0.0122858 1.3240400 0.5408524 -0.5403838 0.4556374 -0.4559151
26855.836000 0.0931012 -0.0123716 1.3240120 0.5409322 -0.5404618 0.4555110 -0.4558543
26855.936000 0.0927056 -0.0122763 1.3240349 0.5408990 -0.5403636 0.4555929 -0.4559282
26856.036000 0.0927109 -0.0122678 1.3240335 0.5409198 -0.5403498 0.4555752 -0.4559377
26856.136000 0.0927262 -0.0122622 1.3240316 0.5409417 -0.5403381 0.4555549 -0.4559458
26856.236000 0.0931894 -0.0123488 1.3240019 0.5410261 -0.5404209 0.4554228 -0.4558796
26856.336000 0.0932105 -0.0123450 1.3239998 0.5410486 -0.5404104 0.4554010 -0.4558870
26856.436000 0.0928072 -0.0122489 1.3240232 0.5410142 -0.5403112 0.4554846 -0.4559619
26856.537000 0.0932301 -0.0123308 1.3239966 0.5410914 -0.5403852 0.4553629 -0.4559042
26856.636000 0.0932599 -0.0123279 1.3239938 0.5411158 -0.5403766 0.4553386 -0.4559097
26856.736000 0.0928568 -0.0122318 1.3240172 0.5410815 -0.5402774 0.4554220 -0.4559845
26856.836000 0.0932834 -0.0123146 1.3239903 0.5411593 -0.5403521 0.4552992 -0.4559264
26856.936000 0.0928845 -0.0122195 1.3240136 0.5411257 -0.5402536 0.4553815 -0.4560007
26857.036000 0.0933149 -0.0123032 1.3239865 0.5412038 -0.5403292 0.4552580 -0.4559419
26857.136000 0.0933389 -0.0122994 1.3239840 0.5412271 -0.5403195 0.4552353 -0.4559483
26857.237000 0.0933538 -0.0122936 1.3239822 0.5412492 -0.5403078 0.4552149 -0.4559563
26857.337000 0.0933685 -0.0122879 1.3239804 0.5412711 -0.5402961 0.4551946 -0.4559644
26857.436000 0.0933828 -0.0122822 1.3239786 0.5412930 -0.5402843 0.4551744 -0.4559726
26857.536000 0.0933969 -0.0122765 1.3239768 0.5413148 -0.5402724 0.4551543 -0.4559808
26857.637000 0.0929873 -0.0121798 1.3240008 0.5412795 -0.5401717 0.4552394 -0.4560572
26857.736000 0.0934153 -0.0122632 1.3239738 0.5413570 -0.5402466 0.4551165 -0.4559990
26857.836000 0.0934374 -0.0122593 1.3239716 0.5413798 -0.5402364 0.4550945 -0.4560061
26857.936000 0.0934504 -0.0122536 1.3239699 0.5414013 -0.5402242 0.4550747 -0.4560147
26858.036000 0.0930394 -0.0121570 1.3239941 0.5413656 -0.5401231 0.4551602 -0.4560915
26858.136000 0.0934667 -0.0122403 1.3239672 0.5414429 -0.5401978 0.4550377 -0.4560336
26858.236000 0.0934877 -0.0122364 1.3239651 0.5414654 -0.5401872 0.4550160 -0.4560411
26858.336000 0.0930760 -0.0121399 1.3239893 0.5414295 -0.5400859 0.4551017 -0.4561181
26858.437000 0.0935024 -0.0122231 1.3239625 0.5415066 -0.5401604 0.4549794 -0.4560605
26858.536000 0.0935227 -0.0122193 1.3239605 0.5415288 -0.5401496 0.4549580 -0.4560682
26858.636000 0.0935339 -0.0122135 1.3239590 0.5415499 -0.5401369 0.4549388 -0.4560773
26858.737000 0.0935449 -0.0122079 1.3239575 0.5415706 -0.5401243 0.4549199 -0.4560865
26858.836000 0.0931234 -0.0121095 1.3239824 0.5415334 -0.5400208 0.4550079 -0.4561654
26858.936000 0.0935574 -0.0121945 1.3239552 0.5416113 -0.5400967 0.4548839 -0.4561068
26859.036000 0.0931527 -0.0121000 1.3239791 0.5415762 -0.5399968 0.4549680 -0.4561830
26859.137000 0.0931498 -0.0120915 1.3239785 0.5415951 -0.5399810 0.4549524 -0.4561946
26859.236000 0.0931596 -0.0120858 1.3239771 0.5416157 -0.5399680 0.4549337 -0.4562043
26859.336000 0.0935969 -0.0121715 1.3239497 0.5416940 -0.5400445 0.4548089 -0.4561452
26859.436000 0.0936152 -0.0121677 1.3239479 0.5417157 -0.5400332 0.4547881 -0.4561536
26859.536000 0.0936243 -0.0121620 1.3239466 0.5417361 -0.5400199 0.4547696 -0.4561634
26859.636000 0.0936333 -0.0121562 1.3239453 0.5417565 -0.5400066 0.4547512 -0.4561733
26859.736000 0.0936421 -0.0121505 1.3239440 0.5417768 -0.5399933 0.4547328 -0.4561833
26859.836000 0.0932271 -0.0120543 1.3239687 0.5417400 -0.5398911 0.4548196 -0.4562615
26859.936000 0.0932225 -0.0120459 1.3239682 0.5417585 -0.5398749 0.4548045 -0.4562737
26860.036000 0.0936584 -0.0121314 1.3239409 0.5418363 -0.5399510 0.4546803 -0.4562151
26860.136000 0.0936752 -0.0121276 1.3239392 0.5418576 -0.5399392 0.4546600 -0.4562239
26860.236000 0.0932595 -0.0120315 1.3239639 0.5418206 -0.5398369 0.4547470 -0.4563023
26860.336000 0.0936818 -0.0121142 1.3239375 0.5418965 -0.5399101 0.4546261 -0.4562460
26860.436000 0.0932660 -0.0120183 1.3239622 0.5418594 -0.5398076 0.4547132 -0.4563245
26860.536000 0.0936967 -0.0121028 1.3239352 0.5419364 -0.5398826 0.4545902 -0.4562669
26860.636000 0.0932803 -0.0120069 1.3239600 0.5418992 -0.5397800 0.4546774 -0.4563455
26860.736000 0.0932828 -0.0120002 1.3239592 0.5419184 -0.5397652 0.4546608 -0.4563569
26860.836000 0.0937173 -0.0120855 1.3239320 0.5419958 -0.5398409 0.4545370 -0.4562987
26860.936000 0.0933006 -0.0119897 1.3239569 0.5419585 -0.5397382 0.4546243 -0.4563775
26861.036000 0.0937305 -0.0120741 1.3239300 0.5420353 -0.5398129 0.4545017 -0.4563201
26861.136000 0.0937454 -0.0120702 1.3239284 0.5420560 -0.5398006 0.4544820 -0.4563296
26861.236000 0.0937515 -0.0120645 1.3239274 0.5420756 -0.5397865 0.4544645 -0.4563404
26861.336000 0.0933338 -0.0119687 1.3239524 0.5420380 -0.5396836 0.4545521 -0.4564195
26861.436000 0.0937502 -0.0120503 1.3239263 0.5421127 -0.5397555 0.4544331 -0.4563643
26861.536000 0.0937689 -0.0120473 1.3239246 0.5421341 -0.5397438 0.4544123 -0.4563733
26861.636000 0.0937743 -0.0120415 1.3239236 0.5421535 -0.5397295 0.4543950 -0.4563844
26861.736000 0.0937797 -0.0120358 1.3239227 0.5421729 -0.5397152 0.4543778 -0.4563955
26861.836000 0.0933527 -0.0119384 1.3239483 0.5421339 -0.5396103 0.4544677 -0.4564763
26861.936000 0.0937813 -0.0120225 1.3239215 0.5422104 -0.5396846 0.4543456 -0.4564193
26862.036000 0.0933627 -0.0119270 1.3239465 0.5421725 -0.5395814 0.4544335 -0.4564987
26862.136000 0.0937910 -0.0120110 1.3239198 0.5422488 -0.5396556 0.4543114 -0.4564419
26862.237000 0.0938042 -0.0120071 1.3239184 0.5422692 -0.5396429 0.4542923 -0.4564518
26862.336000 0.0938087 -0.0120014 1.3239176 0.5422883 -0.5396283 0.4542753 -0.4564632
26862.436000 0.0938131 -0.0119957 1.3239167 0.5423074 -0.5396136 0.4542584 -0.4564747
26862.536000 0.0933979 -0.0119012 1.3239416 0.5422697 -0.5395114 0.4543456 -0.4565536
26862.636000 0.0933849 -0.0118918 1.3239419 0.5422866 -0.5394929 0.4543329 -0.4565680
26862.736000 0.0938124 -0.0119757 1.3239152 0.5423625 -0.5395670 0.4542112 -0.4565112
26862.836000 0.0938293 -0.0119727 1.3239136 0.5423834 -0.5395548 0.4541911 -0.4565209
26862.936000 0.0934137 -0.0118784 1.3239385 0.5423456 -0.5394524 0.4542785 -0.4565999
26863.036000 0.0938278 -0.0119594 1.3239127 0.5424200 -0.5395233 0.4541599 -0.4565456
26863.136000 0.0938402 -0.0119555 1.3239114 0.5424401 -0.5395103 0.4541410 -0.4565559
26863.236000 0.0934158 -0.0118595 1.3239369 0.5424010 -0.5394060 0.4542306 -0.4566365
26863.336000 0.0938382 -0.0119422 1.3239105 0.5424765 -0.5394786 0.4541100 -0.4565809
26863.437000 0.0934265 -0.0118489 1.3239352 0.5424393 -0.5393768 0.4541963 -0.4566596
26863.536000 0.0938443 -0.0119307 1.3239091 0.5425140 -0.5394486 0.4540770 -0.4566046
26863.636000 0.0934325 -0.0118375 1.3239338 0.5424767 -0.5393468 0.4541633 -0.4566834
26863.736000 0.0934223 -0.0118291 1.3239340 0.5424936 -0.5393290 0.4541501 -0.4566974
26863.837000 0.0934251 -0.0118234 1.3239333 0.5425123 -0.5393139 0.4541337 -0.4567094
26863.936000 0.0938555 -0.0119078 1.3239065 0.5425886 -0.5393883 0.4540114 -0.4566525
26864.036000 0.0938669 -0.0119040 1.3239053 0.5426084 -0.5393750 0.4539929 -0.4566631
26864.136000 0.0938693 -0.0118982 1.3239047 0.5426270 -0.5393598 0.4539766 -0.4566752
26864.237000 0.0934438 -0.0118025 1.3239303 0.5425876 -0.5392553 0.4540665 -0.4567561
26864.336000 0.0938651 -0.0118849 1.3239040 0.5426628 -0.5393275 0.4539462 -0.4567009
26864.436000 0.0934524 -0.0117919 1.3239288 0.5426253 -0.5392255 0.4540328 -0.4567799
26864.536000 0.0938692 -0.0118735 1.3239028 0.5426997 -0.5392970 0.4539139 -0.4567253
26864.637000 0.0938800 -0.0118696 1.3239017 0.5427193 -0.5392835 0.4538956 -0.4567361
26864.736000 0.0938819 -0.0118639 1.3239011 0.5427376 -0.5392683 0.4538796 -0.4567482
26864.836000 0.0934515 -0.0117673 1.3239271 0.5426977 -0.5391624 0.4539704 -0.4568303
26864.937000 0.0938767 -0.0118506 1.3239006 0.5427733 -0.5392356 0.4538495 -0.4567744
26865.036000 0.0938870 -0.0118467 1.3238995 0.5427928 -0.5392219 0.4538313 -0.4567853
26865.137000 0.0938885 -0.0118410 1.3238990 0.5428111 -0.5392065 0.4538153 -0.4567977
26865.236000 0.0938899 -0.0118352 1.3238984 0.5428294 -0.5391910 0.4537993 -0.4568101
26865.336000 0.0934676 -0.0117406 1.3239239 0.5427904 -0.5390869 0.4538883 -0.4568909
26865.436000 0.0934559 -0.0117322 1.3239242 0.5428069 -0.5390687 0.4538756 -0.4569054
26865.536000 0.1030617 -0.0123532 1.3239930 0.5407234 -0.5406397 0.4557205 -0.4556816
26865.636000 0.1037393 -0.0124526 1.3239633 0.5407638 -0.5407502 0.4556287 -0.4555944
26865.736000 0.1037751 -0.0124477 1.3239599 0.5407832 -0.5407359 0.4556113 -0.4556058
26865.836000 0.1038042 -0.0124419 1.3239570 0.5408030 -0.5407220 0.4555936 -0.4556164
26865.936000 0.1038314 -0.0124362 1.3239541 0.5408237 -0.5407090 0.4555748 -0.4556260
26866.036000 0.1135624 -0.0125042 1.3239572 -0.5406873 0.5408038 -0.4556579 0.4555924
26866.136000 0.1221045 -0.0123438 1.3240671 0.5406476 -0.5405081 0.4558220 -0.4558262
26866.236000 0.1427784 -0.0124259 1.3240154 -0.5406145 0.5406458 -0.4558104 0.4557137
26866.336000 0.1530501 -0.0123701 1.3239964 -0.5406689 0.5406743 -0.4557685 0.4556572
26866.436000 0.1724325 -0.0124599 1.3240437 0.5406454 -0.5406165 0.4557573 -0.4557649
26866.536000 0.1826108 -0.0124377 1.3240447 0.5406879 -0.5405901 0.4557335 -0.4557696
26866.636000 0.1935883 -0.0124649 1.3239696 -0.5407256 0.5407683 -0.4556617 0.4555852
26866.736000 0.2030833 -0.0123673 1.3239924 0.5406862 -0.5406800 0.4557507 -0.4556477
26866.836000 0.2124312 -0.0124299 1.3240411 0.5407097 -0.5405910 0.4557145 -0.4557617
26866.936000 0.2232198 -0.0124588 1.3239658 -0.5407498 0.5407646 -0.4556394 0.4555832
26867.036000 0.2335107 -0.0124587 1.3239656 -0.5407479 0.5407666 -0.4556411 0.4555814
26867.136000 0.2430813 -0.0123672 1.3239924 0.5406864 -0.5406798 0.4557506 -0.4556478
26867.237000 0.2433073 -0.0123589 1.3239896 0.5407034 -0.5406615 0.4557379 -0.4556620
26867.336000 0.2433386 -0.0123531 1.3239865 0.5407222 -0.5406464 0.4557216 -0.4556740
26867.437000 0.2433677 -0.0123473 1.3239835 0.5407421 -0.5406325 0.4557038 -0.4556846
26867.536000 0.2433949 -0.0123417 1.3239807 0.5407628 -0.5406196 0.4556850 -0.4556942
26867.636000 0.2520884 -0.0123409 1.3240688 0.5406436 -0.5405014 0.4558279 -0.4558330
26867.737000 0.2620911 -0.0123410 1.3240679 0.5406436 -0.5405076 0.4558271 -0.4558264
26867.836000 0.2726182 -0.0124338 1.3240419 0.5407018 -0.5405978 0.4557203 -0.4557573
26867.936000 0.2830769 -0.0123681 1.3239930 0.5406858 -0.5406792 0.4557511 -0.4556488
26868.036000 0.2921028 -0.0123395 1.3240668 0.5406512 -0.5405041 0.4558204 -0.4558282
26868.136000 0.3026295 -0.0124319 1.3240406 0.5407082 -0.5405954 0.4557147 -0.4557581
26868.236000 0.3233491 -0.0126415 1.3239655 -0.5407103 0.5408142 -0.4556089 0.4556017
26868.336000 0.3330563 -0.0123457 1.3239850 0.5407002 -0.5406392 0.4557686 -0.4556616
26868.436000 0.3420746 -0.0123670 1.3240714 0.5405808 -0.5405333 0.4558727 -0.4558249
26868.536000 0.3526182 -0.0124338 1.3240419 0.5407017 -0.5405978 0.4557203 -0.4557572
26868.637000 0.3626433 -0.0124333 1.3240398 0.5407107 -0.5405962 0.4557115 -0.4557574
26868.736000 0.3828620 -0.0123712 1.3239955 -0.5406704 0.5406775 -0.4557660 0.4556542
26868.836000 0.3933866 -0.0124599 1.3239688 -0.5407330 0.5407698 -0.4556557 0.4555806
26868.937000 0.4034118 -0.0124597 1.3239661 -0.5407453 0.5407688 -0.4556432 0.4555797
26869.036000 0.4217944 -0.0123451 1.3240687 0.5406405 -0.5405050 0.4558288 -0.4558315
26869.137000 0.4333951 -0.0124575 1.3239673 -0.5407438 0.5407652 -0.4556462 0.4555828
26869.236000 0.4434117 -0.0124596 1.3239661 -0.5407455 0.5407686 -0.4556430 0.4555799
26869.336000 0.4534117 -0.0124596 1.3239661 -0.5407455 0.5407687 -0.4556431 0.4555798
26869.436000 0.4726222 -0.0127208 1.3240189 -0.5406793 0.5406891 -0.4556286 0.4557674
26869.536000 0.4826264 -0.0124424 1.3240420 0.5406973 -0.5405997 0.4557214 -0.4557592
26869.636000 0.4926262 -0.0124361 1.3240418 0.5407008 -0.5405993 0.4557202 -0.4557568
26869.736000 0.5026308 -0.0124354 1.3240412 0.5407041 -0.5405996 0.4557170 -0.4557556
26869.836000 0.5126342 -0.0124349 1.3240407 0.5407061 -0.5405991 0.4557152 -0.4557555
26869.936000 0.5234135 -0.0124598 1.3239663 -0.5407469 0.5407670 -0.4556418 0.4555814
26870.037000 0.5321167 -0.0123417 1.3240656 0.5406549 -0.5405056 0.4558155 -0.4558269
26870.136000 0.5523943 -0.0124588 1.3240459 -0.5406323 0.5406330 -0.4557761 0.4557420
26870.237000 0.5630610 -0.0123719 1.3239957 -0.5406681 0.5406782 -0.4557679 0.4556541
26870.336000 0.5720875 -0.0123418 1.3240691 0.5406400 -0.5405026 0.4558312 -0.4558325
26870.436000 0.5923735 -0.0124603 1.3240484 -0.5406156 0.5406347 -0.4557941 0.4557418
26870.537000 0.6021098 -0.0123435 1.3240667 0.5406470 -0.5405106 0.4558223 -0.4558236
26870.636000 0.6231119 -0.0124589 1.3239657 -0.5407326 0.5407787 -0.4556562 0.4555700
26870.736000 0.6323243 -0.0123649 1.3240525 0.5406134 -0.5405404 0.4558374 -0.4558129
26870.836000 0.6433689 -0.0124529 1.3239722 0.5407552 -0.5407169 0.4556352 -0.4556376
26870.936000 0.6530511 -0.0123743 1.3239978 -0.5406545 0.5406706 -0.4557803 0.4556670
26871.036000 0.6626057 -0.0124358 1.3240444 0.5406930 -0.5405890 0.4557288 -0.4557695
26871.136000 0.6726214 -0.0124367 1.3240427 0.5406964 -0.5405970 0.4557247 -0.4557600
26871.236000 0.6835960 -0.0124627 1.3239680 -0.5407369 0.5407704 -0.4556507 0.4555804
26871.336000 0.6924418 -0.0124354 1.3240413 0.5407063 -0.5405969 0.4557152 -0.4557581
26871.436000 0.7117886 -0.0123452 1.3240687 0.5406405 -0.5405050 0.4558288 -0.4558314
26871.536000 0.7219910 -0.0123416 1.3240685 0.5406403 -0.5405066 0.4558304 -0.4558282
26871.636000 0.7330597 -0.0123671 1.3239941 0.5406814 -0.5406783 0.4557561 -0.4556501
26871.736000 0.7435977 -0.0124605 1.3239673 -0.5407391 0.5407712 -0.4556490 0.4555784
26871.836000 0.7620156 -0.0123492 1.3240662 0.5406383 -0.5405205 0.4558286 -0.4558159
26871.936000 0.7729825 -0.0123766 1.3240042 0.5406564 -0.5406379 0.4557716 -0.4557120
26872.036000 0.7830645 -0.0123670 1.3239939 -0.5406797 0.5406806 -0.4557576 0.4556479
26872.136000 0.8032794 -0.0124638 1.3239704 -0.5407217 0.5407670 -0.4556661 0.4555870
26872.236000 0.8129871 -0.0123686 1.3239923 0.5406859 -0.5406815 0.4557505 -0.4556466
26872.337000 0.8323734 -0.0124603 1.3240484 -0.5406157 0.5406347 -0.4557941 0.4557418
26872.436000 0.8430576 -0.0123573 1.3239970 0.5407124 -0.5406216 0.4557289 -0.4557079
26872.536000 0.8526097 -0.0124353 1.3240437 0.5406960 -0.5405925 0.4557260 -0.4557646
26872.636000 0.8726880 -0.0123685 1.3240138 0.5406364 -0.5406237 0.4558084 -0.4557158
26872.736000 0.8834760 -0.0124458 1.3239719 0.5407672 -0.5407073 0.4556292 -0.4556408
26872.836000 0.8933915 -0.0124642 1.3239696 -0.5407247 0.5407692 -0.4556628 0.4555841
26872.936000 0.9030645 -0.0123703 1.3239944 -0.5406750 0.5406828 -0.4557609 0.4556475
26873.036000 0.9130607 -0.0123678 1.3239945 -0.5406766 0.5406810 -0.4557604 0.4556483
26873.136000 0.9220953 -0.0123408 1.3240677 0.5406466 -0.5405053 0.4558245 -0.4558282
26873.236000 0.9330661 -0.0123662 1.3239935 0.5406846 -0.5406773 0.4557532 -0.4556503
26873.336000 0.9433987 -0.0124574 1.3239672 -0.5407420 0.5407672 -0.4556477 0.4555811
26873.436000 0.9526378 -0.0124338 1.3240401 0.5407114 -0.5405951 0.4557107 -0.4557585
26873.536000 0.9626425 -0.0124334 1.3240398 0.5407105 -0.5405964 0.4557116 -0.4557573
26873.636000 0.9833159 -0.0124657 1.3239665 -0.5407348 0.5407776 -0.4556518 0.4555732
26873.736000 0.9925825 -0.0124628 1.3240490 0.5406230 -0.5406178 0.4557824 -0.4557649
26873.837000 1.0026291 -0.0124357 1.3240414 0.5407028 -0.5405998 0.4557182 -0.4557557
26873.936000 1.0134080 -0.0124609 1.3239669 -0.5407435 0.5407690 -0.4556446 0.4555802
26874.036000 1.0228930 -0.0123692 1.3239920 0.5406874 -0.5406816 0.4557486 -0.4556465
26874.137000 1.0323006 -0.0123390 1.3240664 0.5406528 -0.5405032 0.4558191 -0.4558287
26874.236000 1.0426366 -0.0124314 1.3240403 0.5407097 -0.5405942 0.4557135 -0.4557589
26874.336000 1.0628013 -0.0124110 1.3239887 -0.5406889 0.5407133 -0.4557285 0.4556272
26874.436000 1.0728679 -0.0123694 1.3239945 -0.5406787 0.5406793 -0.4557579 0.4556503
26874.536000 1.0928361 -0.0123723 1.3239984 -0.5406534 0.5406687 -0.4557824 0.4556685
26874.636000 1.1033773 -0.0124617 1.3239707 -0.5407211 0.5407661 -0.4556679 0.4555870
26874.736000 1.1123008 -0.0123409 1.3240667 0.5406506 -0.5405059 0.4558203 -0.4558270
26874.836000 1.1234043 -0.0124569 1.3239670 -0.5407457 0.5407639 -0.4556446 0.4555837
26874.936000 1.1424018 -0.0124607 1.3240451 -0.5406311 0.5406418 -0.4557775 0.4557318
26875.036000 1.1530599 -0.0123728 1.3239959 -0.5406653 0.5406788 -0.4557702 0.4556544
26875.136000 1.1626128 -0.0124347 1.3240433 0.5406975 -0.5405927 0.4557249 -0.4557637
26875.236000 1.1730697 -0.0123695 1.3239939 0.5406803 -0.5406803 0.4557561 -0.4556491
26875.336000 1.1826215 -0.0124335 1.3240418 0.5407048 -0.5405953 0.4557176 -0.4557592
26875.436000 1.1934096 -0.0124606 1.3239667 -0.5407447 0.5407684 -0.4556437 0.4555805
26875.537000 1.2021145 -0.0123421 1.3240658 0.5406538 -0.5405064 0.4558165 -0.4558264
26875.636000 1.2134011 -0.0124562 1.3239667 -0.5407473 0.5407625 -0.4556433 0.4555847
26875.736000 1.2235149 -0.0124587 1.3239656 -0.5407479 0.5407666 -0.4556411 0.4555813
26875.836000 1.2428591 -0.0123716 1.3239960 -0.5406653 0.5406789 -0.4557709 0.4556537
26875.937000 1.2520053 -0.0123400 1.3240671 0.5406496 -0.5405050 0.4558217 -0.4558277
26876.036000 1.2630688 -0.0123653 1.3239930 0.5406876 -0.5406756 0.4557507 -0.4556512
26876.136000 1.2828446 -0.0123608 1.3239981 0.5406981 -0.5406278 0.4557405 -0.4557058
26876.236000 1.2920844 -0.0123423 1.3240695 0.5406385 -0.5405024 0.4558323 -0.4558334
26876.336000 1.3030580 -0.0123678 1.3239946 -0.5406782 0.5406785 -0.4557591 0.4556507
26876.436000 1.3133913 -0.0124589 1.3239681 -0.5407370 0.5407694 -0.4556520 0.4555800
26876.536000 1.3226299 -0.0124352 1.3240410 0.5407071 -0.5405971 0.4557144 -0.4557576
26876.637000 1.3418023 -0.0123449 1.3240683 0.5406399 -0.5405090 0.4558291 -0.4558271
26876.736000 1.3526257 -0.0124326 1.3240410 0.5407061 -0.5405968 0.4557164 -0.4557572
26876.836000 1.3724155 -0.0124619 1.3240450 0.5406397 -0.5406252 0.4557640 -0.4557546
26876.936000 1.3830574 -0.0123734 1.3239966 -0.5406642 0.5406738 -0.4557704 0.4556615
26877.036000 1.3935883 -0.0124625 1.3239687 -0.5407310 0.5407720 -0.4556565 0.4555795
26877.137000 1.4029929 -0.0123679 1.3239920 0.5406876 -0.5406803 0.4557491 -0.4556474
26877.236000 1.4223972 -0.0124361 1.3240453 0.5406930 -0.5405812 0.4557279 -0.4557797
26877.336000 1.4335872 -0.0124658 1.3239698 -0.5407228 0.5407689 -0.4556640 0.4555856
26877.436000 1.4421952 -0.0123437 1.3240686 0.5406409 -0.5405047 0.4558293 -0.4558308
26877.536000 1.4528814 -0.0123651 1.3239929 0.5406881 -0.5406752 0.4557503 -0.4556515
26877.636000 1.4626298 -0.0124314 1.3240404 0.5407117 -0.5405920 0.4557117 -0.4557608
26877.736000 1.4820554 -0.0123579 1.3240645 0.5406456 -0.5405254 0.4558176 -0.4558124
26877.836000 1.4930174 -0.0123661 1.3240020 0.5406787 -0.5406177 0.4557561 -0.4557250
26877.936000 1.5028731 -0.0123668 1.3239938 0.5406805 -0.5406804 0.4557569 -0.4556480
26878.036000 1.5126181 -0.0124334 1.3240417 0.5407054 -0.5405953 0.4557171 -0.4557591
26878.136000 1.5234080 -0.0124609 1.3239669 -0.5407436 0.5407689 -0.4556445 0.4555803
26878.236000 1.5330786 -0.0123674 1.3239925 0.5406859 -0.5406802 0.4557510 -0.4556476
26878.336000 1.5430749 -0.0123649 1.3239927 0.5406864 -0.5406771 0.4557518 -0.4556498
26878.436000 1.5628863 -0.0122820 1.3239897 0.5406904 -0.5406747 0.4557786 -0.4556211
26878.536000 1.5732242 -0.0124080 1.3239839 -0.5406260 0.5407139 -0.4557694 0.4556603
26878.637000 1.5833904 -0.0124591 1.3239682 -0.5407361 0.5407698 -0.4556528 0.4555799
26878.736000 1.5929810 -0.0123692 1.3239927 0.5406839 -0.5406826 0.4557521 -0.4556460
26878.837000 1.5933033 -0.0123596 1.3239900 0.5407012 -0.5406635 0.4557398 -0.4556605
26878.936000 1.5933350 -0.0123537 1.3239869 0.5407199 -0.5406481 0.4557236 -0.4556727
26879.036000 1.5937881 -0.0124399 1.3239580 0.5407968 -0.5407231 0.4556007 -0.4556154
26879.136000 1.5934006 -0.0123442 1.3239805 0.5407615 -0.5406229 0.4556851 -0.4556917
26879.236000 1.5938499 -0.0124303 1.3239519 0.5408399 -0.5406995 0.4555603 -0.4556326
26879.336000 1.5934591 -0.0123346 1.3239746 0.5408058 -0.5406005 0.4556434 -0.4557076
26879.436000 1.5938850 -0.0124160 1.3239474 0.5408820 -0.5406736 0.4555230 -0.4556507
26879.536000 1.5934972 -0.0123215 1.3239699 0.5408494 -0.5405761 0.4556039 -0.4557242
26879.636000 1.5935102 -0.0123139 1.3239680 0.5408709 -0.5405632 0.4555850 -0.4557329
26879.736000 1.5935314 -0.0123082 1.3239655 0.5408936 -0.5405523 0.4555637 -0.4557401
26879.836000 1.5939801 -0.0123950 1.3239369 0.5409740 -0.5406314 0.4554362 -0.4556782
26879.936000 1.5935814 -0.0122986 1.3239602 0.5409407 -0.5405326 0.4555186 -0.4557526
26880.037000 1.5940215 -0.0123835 1.3239321 0.5410202 -0.5406102 0.4553929 -0.4556918
26880.136000 1.5936268 -0.0122872 1.3239550 0.5409880 -0.5405125 0.4554740 -0.4557648
26880.236000 1.5936196 -0.0122796 1.3239549 0.5410057 -0.5404958 0.4554596 -0.4557781
26880.336000 1.5936414 -0.0122738 1.3239524 0.5410293 -0.5404857 0.4554374 -0.4557842
26854.787000 0.0924221 -0.0123358 1.3240646 0.5406616 -0.5404952 0.4558120 -0.4558348
26854.787000 0.0924221 -0.0123358 1.3240646 0.5406616 -0.5404952 0.4558120 -0.4558348
26854.836000 0.0924221 -0.0123358 1.3240646 0.5406616 -0.5404952 0.4558120 -0.4558348
26854.936000 0.0924546 -0.0123300 1.3240615 0.5406796 -0.5404798 0.4557967 -0.4558470
26855.036000 0.0924846 -0.0123243 1.3240585 0.5406990 -0.5404656 0.4557795 -0.4558581
26855.136000 0.0925126 -0.0123187 1.3240557 0.5407194 -0.5404523 0.4557611 -0.4558680
26855.236000 0.0929625 -0.0124048 1.3240273 0.5407974 -0.5405290 0.4556367 -0.4558089
26855.336000 0.0925768 -0.0123102 1.3240494 0.5407640 -0.5404306 0.4557185 -0.4558834
26855.436000 0.0930153 -0.0123944 1.3240218 0.5408419 -0.5405061 0.4555951 -0.4558248
26855.536000 0.0930468 -0.0123906 1.3240187 0.5408655 -0.5404967 0.4555721 -0.4558310
26855.637000 0.0930686 -0.0123849 1.3240163 0.5408880 -0.5404856 0.4555512 -0.4558384
26855.736000 0.0926573 -0.0122858 1.3240400 0.5408524 -0.5403838 0.4556374 -0.4559151
26855.836000 0.0931012 -0.0123716 1.3240120 0.5409322 -0.5404618 0.4555110 -0.4558543
26855.936000 0.0927056 -0.0122763 1.3240349 0.5408990 -0.5403636 0.4555929 -0.4559282
26856.036000 0.0927109 -0.0122678 1.3240335 0.5409198 -0.5403498 0.4555752 -0.4559377
26856.136000 0.0927262 -0.0122622 1.3240316 0.5409417 -0.5403381 0.4555549 -0.4559458
26856.236000 0.0931894 -0.0123488 1.3240019 0.5410261 -0.5404209 0.4554228 -0.4558796
26856.336000 0.0932105 -0.0123450 1.3239998 0.5410486 -0.5404104 0.4554010 -0.4558870
26856.436000 0.0928072 -0.0122489 1.3240232 0.5410142 -0.5403112 0.4554846 -0.4559619
26856.537000 0.0932301 -0.0123308 1.3239966 0.5410914 -0.5403852 0.4553629 -0.4559042
26856.636000 0.0932599 -0.0123279 1.3239938 0.5411158 -0.5403766 0.4553386 -0.4559097
26856.736000 0.0928568 -0.0122318 1.3240172 0.5410815 -0.5402774 0.4554220 -0.4559845
26856.836000 0.0932834 -0.0123146 1.3239903 0.5411593 -0.5403521 0.4552992 -0.4559264
26856.936000 0.0928845 -0.0122195 1.3240136 0.5411257 -0.5402536 0.4553815 -0.4560007
26857.036000 0.0933149 -0.0123032 1.3239865 0.5412038 -0.5403292 0.4552580 -0.4559419
26857.136000 0.0933389 -0.0122994 1.3239840 0.5412271 -0.5403195 0.4552353 -0.4559483
26857.237000 0.0933538 -0.0122936 1.3239822 0.5412492 -0.5403078 0.4552149 -0.4559563
26857.337000 0.0933685 -0.0122879 1.3239804 0.5412711 -0.5402961 0.4551946 -0.4559644
26857.436000 0.0933828 -0.0122822 1.3239786 0.5412930 -0.5402843 0.4551744 -0.4559726
26857.536000 0.0933969 -0.0122765 1.3239768 0.5413148 -0.5402724 0.4551543 -0.4559808
26857.637000 0.0929873 -0.0121798 1.3240008 0.5412795 -0.5401717 0.4552394 -0.4560572
26857.736000 0.0934153 -0.0122632 1.3239738 0.5413570 -0.5402466 0.4551165 -0.4559990
26857.836000 0.0934374 -0.0122593 1.3239716 0.5413798 -0.5402364 0.4550945 -0.4560061
26857.936000 0.0934504 -0.0122536 1.3239699 0.5414013 -0.5402242 0.4550747 -0.4560147
26858.036000 0.0930394 -0.0121570 1.3239941 0.5413656 -0.5401231 0.4551602 -0.4560915
26858.136000 0.0934667 -0.0122403 1.3239672 0.5414429 -0.5401978 0.4550377 -0.4560336
26858.236000 0.0934877 -0.0122364 1.3239651 0.5414654 -0.5401872 0.4550160 -0.4560411
26858.336000 0.0930760 -0.0121399 1.3239893 0.5414295 -0.5400859 0.4551017 -0.4561181
26858.437000 0.0935024 -0.0122231 1.3239625 0.5415066 -0.5401604 0.4549794 -0.4560605
26858.536000 0.0935227 -0.0122193 1.3239605 0.5415288 -0.5401496 0.4549580 -0.4560682
26858.636000 0.0935339 -0.0122135 1.3239590 0.5415499 -0.5401369 0.4549388 -0.4560773
26858.737000 0.0935449 -0.0122079 1.3239575 0.5415706 -0.5401243 0.4549199 -0.4560865
26858.836000 0.0931234 -0.0121095 1.3239824 0.5415334 -0.5400208 0.4550079 -0.4561654
26858.936000 0.0935574 -0.0121945 1.3239552 0.5416113 -0.5400967 0.4548839 -0.4561068
26859.036000 0.0931527 -0.0121000 1.3239791 0.5415762 -0.5399968 0.4549680 -0.4561830
26859.137000 0.0931498 -0.0120915 1.3239785 0.5415951 -0.5399810 0.4549524 -0.4561946
26859.236000 0.0931596 -0.0120858 1.3239771 0.5416157 -0.5399680 0.4549337 -0.4562043
26859.336000 0.0935969 -0.0121715 1.3239497 0.5416940 -0.5400445 0.4548089 -0.4561452
26859.436000 0.0936152 -0.0121677 1.3239479 0.5417157 -0.5400332 0.4547881 -0.4561536
26859.536000 0.0936243 -0.0121620 1.3239466 0.5417361 -0.5400199 0.4547696 -0.4561634
26859.636000 0.0936333 -0.0121562 1.3239453 0.5417565 -0.5400066 0.4547512 -0.4561733
26859.736000 0.0936421 -0.0121505 1.3239440 0.5417768 -0.5399933 0.4547328 -0.4561833
26859.836000 0.0932271 -0.0120543 1.3239687 0.5417400 -0.5398911 0.4548196 -0.4562615
26859.936000 0.0932225 -0.0120459 1.3239682 0.5417585 -0.5398749 0.4548045 -0.4562737
26860.036000 0.0936584 -0.0121314 1.3239409 0.5418363 -0.5399510 0.4546803 -0.4562151
26860.136000 0.0936752 -0.0121276 1.3239392 0.5418576 -0.5399392 0.4546600 -0.4562239
26860.236000 0.0932595 -0.0120315 1.3239639 0.5418206 -0.5398369 0.4547470 -0.4563023
26860.336000 0.0936818 -0.0121142 1.3239375 0.5418965 -0.5399101 0.4546261 -0.4562460
26860.436000 0.0932660 -0.0120183 1.3239622 0.5418594 -0.5398076 0.4547132 -0.4563245
26860.536000 0.0936967 -0.0121028 1.3239352 0.5419364 -0.5398826 0.4545902 -0.4562669
26860.636000 0.0932803 -0.0120069 1.3239600 0.5418992 -0.5397800 0.4546774 -0.4563455
26860.736000 0.0932828 -0.0120002 1.3239592 0.5419184 -0.5397652 0.4546608 -0.4563569
26860.836000 0.0937173 -0.0120855 1.3239320 0.5419958 -0.5398409 0.4545370 -0.4562987
26860.936000 0.0933006 -0.0119897 1.3239569 0.5419585 -0.5397382 0.4546243 -0.4563775
26861.036000 0.0937305 -0.0120741 1.3239300 0.5420353 -0.5398129 0.4545017 -0.4563201
26861.136000 0.0937454 -0.0120702 1.3239284 0.5420560 -0.5398006 0.4544820 -0.4563296
26861.236000 0.0937515 -0.0120645 1.3239274 0.5420756 -0.5397865 0.4544645 -0.4563404
26861.336000 0.0933338 -0.0119687 1.3239524 0.5420380 -0.5396836 0.4545521 -0.4564195
26861.436000 0.0937502 -0.0120503 1.3239263 0.5421127 -0.5397555 0.4544331 -0.4563643
26861.536000 0.0937689 -0.0120473 1.3239246 0.5421341 -0.5397438 0.4544123 -0.4563733
26861.636000 0.0937743 -0.0120415 1.3239236 0.5421535 -0.5397295 0.4543950 -0.4563844
26861.736000 0.0937797 -0.0120358 1.3239227 0.5421729 -0.5397152 0.4543778 -0.4563955
26861.836000 0.0933527 -0.0119384 1.3239483 0.5421339 -0.5396103 0.4544677 -0.4564763
26861.936000 0.0937813 -0.0120225 1.3239215 0.5422104 -0.5396846 0.4543456 -0.4564193
26862.036000 0.0933627 -0.0119270 1.3239465 0.5421725 -0.5395814 0.4544335 -0.4564987
26862.136000 0.0937910 -0.0120110 1.3239198 0.5422488 -0.5396556 0.4543114 -0.4564419
26862.237000 0.0938042 -0.0120071 1.3239184 0.5422692 -0.5396429 0.4542923 -0.4564518
26862.336000 0.0938087 -0.0120014 1.3239176 0.5422883 -0.5396283 0.4542753 -0.4564632
26862.436000 0.0938131 -0.0119957 1.3239167 0.5423074 -0.5396136 0.4542584 -0.4564747
26862.536000 0.0933979 -0.0119012 1.3239416 0.5422697 -0.5395114 0.4543456 -0.4565536
26862.636000 0.0933849 -0.0118918 1.3239419 0.5422866 -0.5394929 0.4543329 -0.4565680
26862.736000 0.0938124 -0.0119757 1.3239152 0.5423625 -0.5395670 0.4542112 -0.4565112
26862.836000 0.0938293 -0.0119727 1.3239136 0.5423834 -0.5395548 0.4541911 -0.4565209
26862.936000 0.0934137 -0.0118784 1.3239385 0.5423456 -0.5394524 0.4542785 -0.4565999
26863.036000 0.0938278 -0.0119594 1.3239127 0.5424200 -0.5395233 0.4541599 -0.4565456
26863.136000 0.0938402 -0.0119555 1.3239114 0.5424401 -0.5395103 0.4541410 -0.4565559
26863.236000 0.0934158 -0.0118595 1.3239369 0.5424010 -0.5394060 0.4542306 -0.4566365
26863.336000 0.0938382 -0.0119422 1.3239105 0.5424765 -0.5394786 0.4541100 -0.4565809
26863.437000 0.0934265 -0.0118489 1.3239352 0.5424393 -0.5393768 0.4541963 -0.4566596
26863.536000 0.0938443 -0.0119307 1.3239091 0.5425140 -0.5394486 0.4540770 -0.4566046
26863.636000 0.0934325 -0.0118375 1.3239338 0.5424767 -0.5393468 0.4541633 -0.4566834
26863.736000 0.0934223 -0.0118291 1.3239340 0.5424936 -0.5393290 0.4541501 -0.4566974
26863.837000 0.0934251 -0.0118234 1.3239333 0.5425123 -0.5393139 0.4541337 -0.4567094
26863.936000 0.0938555 -0.0119078 1.3239065 0.5425886 -0.5393883 0.4540114 -0.4566525
26864.036000 0.0938669 -0.0119040 1.3239053 0.5426084 -0.5393750 0.4539929 -0.4566631
26864.136000 0.0938693 -0.0118982 1.3239047 0.5426270 -0.5393598 0.4539766 -0.4566752
26864.237000 0.0934438 -0.0118025 1.3239303 0.5425876 -0.5392553 0.4540665 -0.4567561
26864.336000 0.0938651 -0.0118849 1.3239040 0.5426628 -0.5393275 0.4539462 -0.4567009
26864.436000 0.0934524 -0.0117919 1.3239288 0.5426253 -0.5392255 0.4540328 -0.4567799
26864.536000 0.0938692 -0.0118735 1.3239028 0.5426997 -0.5392970 0.4539139 -0.4567253
26864.637000 0.0938800 -0.0118696 1.3239017 0.5427193 -0.5392835 0.4538956 -0.4567361
26864.736000 0.0938819 -0.0118639 1.3239011 0.5427376 -0.5392683 0.4538796 -0.4567482
26864.836000 0.0934515 -0.0117673 1.3239271 0.5426977 -0.5391624 0.4539704 -0.4568303
26864.937000 0.0938767 -0.0118506 1.3239006 0.5427733 -0.5392356 0.4538495 -0.4567744
26865.036000 0.0938870 -0.0118467 1.3238995 0.5427928 -0.5392219 0.4538313 -0.4567853
26865.137000 0.0938885 -0.0118410 1.3238990 0.5428111 -0.5392065 0.4538153 -0.4567977
26865.236000 0.0938899 -0.0118352 1.3238984 0.5428294 -0.5391910 0.4537993 -0.4568101
26865.336000 0.0934676 -0.0117406 1.3239239 0.5427904 -0.5390869 0.4538883 -0.4568909
26865.436000 0.0934559 -0.0117322 1.3239242 0.5428069 -0.5390687 0.4538756 -0.4569054
26865.536000 0.1030617 -0.0123532 1.3239930 0.5407234 -0.5406397 0.4557205 -0.4556816
26865.636000 0.1037393 -0.0124526 1.3239633 0.5407638 -0.5407502 0.4556287 -0.4555944
26865.736000 0.1037751 -0.0124477 1.3239599 0.5407832 -0.5407359 0.4556113 -0.4556058
26865.836000 0.1038042 -0.0124419 1.3239570 0.5408030 -0.5407220 0.4555936 -0.4556164
26865.936000 0.1038314 -0.0124362 1.3239541 0.5408237 -0.5407090 0.4555748 -0.4556260
26866.036000 0.1135624 -0.0125042 1.3239572 -0.5406873 0.5408038 -0.4556579 0.4555924
26866.136000 0.1221045 -0.0123438 1.3240671 0.5406476 -0.5405081 0.4558220 -0.4558262
26866.236000 0.1427784 -0.0124259 1.3240154 -0.5406145 0.5406458 -0.4558104 0.4557137
26866.336000 0.1530501 -0.0123701 1.3239964 -0.5406689 0.5406743 -0.4557685 0.4556572
26866.436000 0.1724325 -0.0124599 1.3240437 0.5406454 -0.5406165 0.4557573 -0.4557649
26866.536000 0.1826108 -0.0124377 1.3240447 0.5406879 -0.5405901 0.4557335 -0.4557696
26866.636000 0.1935883 -0.0124649 1.3239696 -0.5407256 0.5407683 -0.4556617 0.4555852
26866.736000 0.2030833 -0.0123673 1.3239924 0.5406862 -0.5406800 0.4557507 -0.4556477
26866.836000 0.2124312 -0.0124299 1.3240411 0.5407097 -0.5405910 0.4557145 -0.4557617
26866.936000 0.2232198 -0.0124588 1.3239658 -0.5407498 0.5407646 -0.4556394 0.4555832
26867.036000 0.2335107 -0.0124587 1.3239656 -0.5407479 0.5407666 -0.4556411 0.4555814
26867.136000 0.2430813 -0.0123672 1.3239924 0.5406864 -0.5406798 0.4557506 -0.4556478
26867.237000 0.2433073 -0.0123589 1.3239896 0.5407034 -0.5406615 0.4557379 -0.4556620
26867.336000 0.2433386 -0.0123531 1.3239865 0.5407222 -0.5406464 0.4557216 -0.4556740
26867.437000 0.2433677 -0.0123473 1.3239835 0.5407421 -0.5406325 0.4557038 -0.4556846
26867.536000 0.2433949 -0.0123417 1.3239807 0.5407628 -0.5406196 0.4556850 -0.4556942
26867.636000 0.2520884 -0.0123409 1.3240688 0.5406436 -0.5405014 0.4558279 -0.4558330
26867.737000 0.2620911 -0.0123410 1.3240679 0.5406436 -0.5405076 0.4558271 -0.4558264
26867.836000 0.2726182 -0.0124338 1.3240419 0.5407018 -0.5405978 0.4557203 -0.4557573
26867.936000 0.2830769 -0.0123681 1.3239930 0.5406858 -0.5406792 0.4557511 -0.4556488
26868.036000 0.2921028 -0.0123395 1.3240668 0.5406512 -0.5405041 0.4558204 -0.4558282
26868.136000 0.3026295 -0.0124319 1.3240406 0.5407082 -0.5405954 0.4557147 -0.4557581
26868.236000 0.3233491 -0.0126415 1.3239655 -0.5407103 0.5408142 -0.4556089 0.4556017
26868.336000 0.3330563 -0.0123457 1.3239850 0.5407002 -0.5406392 0.4557686 -0.4556616
26868.436000 0.3420746 -0.0123670 1.3240714 0.5405808 -0.5405333 0.4558727 -0.4558249
26868.536000 0.3526182 -0.0124338 1.3240419 0.5407017 -0.5405978 0.4557203 -0.4557572
26868.637000 0.3626433 -0.0124333 1.3240398 0.5407107 -0.5405962 0.4557115 -0.4557574
26868.736000 0.3828620 -0.0123712 1.3239955 -0.5406704 0.5406775 -0.4557660 0.4556542
26868.836000 0.3933866 -0.0124599 1.3239688 -0.5407330 0.5407698 -0.4556557 0.4555806
26868.937000 0.4034118 -0.0124597 1.3239661 -0.5407453 0.5407688 -0.4556432 0.4555797
26869.036000 0.4217944 -0.0123451 1.3240687 0.5406405 -0.5405050 0.4558288 -0.4558315
26869.137000 0.4333951 -0.0124575 1.3239673 -0.5407438 0.5407652 -0.4556462 0.4555828
26869.236000 0.4434117 -0.0124596 1.3239661 -0.5407455 0.5407686 -0.4556430 0.4555799
26869.336000 0.4534117 -0.0124596 1.3239661 -0.5407455 0.5407687 -0.4556431 0.4555798
26869.436000 0.4726222 -0.0127208 1.3240189 -0.5406793 0.5406891 -0.4556286 0.4557674
26869.536000 0.4826264 -0.0124424 1.3240420 0.5406973 -0.5405997 0.4557214 -0.4557592
26869.636000 0.4926262 -0.0124361 1.3240418 0.5407008 -0.5405993 0.4557202 -0.4557568
26869.736000 0.5026308 -0.0124354 1.3240412 0.5407041 -0.5405996 0.4557170 -0.4557556
26869.836000 0.5126342 -0.0124349 1.3240407 0.5407061 -0.5405991 0.4557152 -0.4557555
26869.936000 0.5234135 -0.0124598 1.3239663 -0.5407469 0.5407670 -0.4556418 0.4555814
26870.037000 0.5321167 -0.0123417 1.3240656 0.5406549 -0.5405056 0.4558155 -0.4558269
26870.136000 0.5523943 -0.0124588 1.3240459 -0.5406323 0.5406330 -0.4557761 0.4557420
26870.237000 0.5630610 -0.0123719 1.3239957 -0.5406681 0.5406782 -0.4557679 0.4556541
26870.336000 0.5720875 -0.0123418 1.3240691 0.5406400 -0.5405026 0.4558312 -0.4558325
26870.436000 0.5923735 -0.0124603 1.3240484 -0.5406156 0.5406347 -0.4557941 0.4557418
26870.537000 0.6021098 -0.0123435 1.3240667 0.5406470 -0.5405106 0.4558223 -0.4558236
26870.636000 0.6231119 -0.0124589 1.3239657 -0.5407326 0.5407787 -0.4556562 0.4555700
26870.736000 0.6323243 -0.0123649 1.3240525 0.5406134 -0.5405404 0.4558374 -0.4558129
26870.836000 0.6433689 -0.0124529 1.3239722 0.5407552 -0.5407169 0.4556352 -0.4556376
26870.936000 0.6530511 -0.0123743 1.3239978 -0.5406545 0.5406706 -0.4557803 0.4556670
26871.036000 0.6626057 -0.0124358 1.3240444 0.5406930 -0.5405890 0.4557288 -0.4557695
26871.136000 0.6726214 -0.0124367 1.3240427 0.5406964 -0.5405970 0.4557247 -0.4557600
26871.236000 0.6835960 -0.0124627 1.3239680 -0.5407369 0.5407704 -0.4556507 0.4555804
26871.336000 0.6924418 -0.0124354 1.3240413 0.5407063 -0.5405969 0.4557152 -0.4557581
26871.436000 0.7117886 -0.0123452 1.3240687 0.5406405 -0.5405050 0.4558288 -0.4558314
26871.536000 0.7219910 -0.0123416 1.3240685 0.5406403 -0.5405066 0.4558304 -0.4558282
26871.636000 0.7330597 -0.0123671 1.3239941 0.5406814 -0.5406783 0.4557561 -0.4556501
26871.736000 0.7435977 -0.0124605 1.3239673 -0.5407391 0.5407712 -0.4556490 0.4555784
26871.836000 0.7620156 -0.0123492 1.3240662 0.5406383 -0.5405205 0.4558286 -0.4558159
26871.936000 0.7729825 -0.0123766 1.3240042 0.5406564 -0.5406379 0.4557716 -0.4557120
26872.036000 0.7830645 -0.0123670 1.3239939 -0.5406797 0.5406806 -0.4557576 0.4556479
26872.136000 0.8032794 -0.0124638 1.3239704 -0.5407217 0.5407670 -0.4556661 0.4555870
26872.236000 0.8129871 -0.0123686 1.3239923 0.5406859 -0.5406815 0.4557505 -0.4556466
26872.337000 0.8323734 -0.0124603 1.3240484 -0.5406157 0.5406347 -0.4557941 0.4557418
26872.436000 0.8430576 -0.0123573 1.3239970 0.5407124 -0.5406216 0.4557289 -0.4557079
26872.536000 0.8526097 -0.0124353 1.3240437 0.5406960 -0.5405925 0.4557260 -0.4557646
26872.636000 0.8726880 -0.0123685 1.3240138 0.5406364 -0.5406237 0.4558084 -0.4557158
26872.736000 0.8834760 -0.0124458 1.3239719 0.5407672 -0.5407073 0.4556292 -0.4556408
26872.836000 0.8933915 -0.0124642 1.3239696 -0.5407247 0.5407692 -0.4556628 0.4555841
26872.936000 0.9030645 -0.0123703 1.3239944 -0.5406750 0.5406828 -0.4557609 0.4556475
26873.036000 0.9130607 -0.0123678 1.3239945 -0.5406766 0.5406810 -0.4557604 0.4556483
26873.136000 0.9220953 -0.0123408 1.3240677 0.5406466 -0.5405053 0.4558245 -0.4558282
26873.236000 0.9330661 -0.0123662 1.3239935 0.5406846 -0.5406773 0.4557532 -0.4556503
26873.336000 0.9433987 -0.0124574 1.3239672 -0.5407420 0.5407672 -0.4556477 0.4555811
26873.436000 0.9526378 -0.0124338 1.3240401 0.5407114 -0.5405951 0.4557107 -0.4557585
26873.536000 0.9626425 -0.0124334 1.3240398 0.5407105 -0.5405964 0.4557116 -0.4557573
26873.636000 0.9833159 -0.0124657 1.3239665 -0.5407348 0.5407776 -0.4556518 0.4555732
26873.736000 0.9925825 -0.0124628 1.3240490 0.5406230 -0.5406178 0.4557824 -0.4557649
26873.837000 1.0026291 -0.0124357 1.3240414 0.5407028 -0.5405998 0.4557182 -0.4557557
26873.936000 1.0134080 -0.0124609 1.3239669 -0.5407435 0.5407690 -0.4556446 0.4555802
26874.036000 1.0228930 -0.0123692 1.3239920 0.5406874 -0.5406816 0.4557486 -0.4556465
26874.137000 1.0323006 -0.0123390 1.3240664 0.5406528 -0.5405032 0.4558191 -0.4558287
26874.236000 1.0426366 -0.0124314 1.3240403 0.5407097 -0.5405942 0.4557135 -0.4557589
26874.336000 1.0628013 -0.0124110 1.3239887 -0.5406889 0.5407133 -0.4557285 0.4556272
26874.436000 1.0728679 -0.0123694 1.3239945 -0.5406787 0.5406793 -0.4557579 0.4556503
26874.536000 1.0928361 -0.0123723 1.3239984 -0.5406534 0.5406687 -0.4557824 0.4556685
26874.636000 1.1033773 -0.0124617 1.3239707 -0.5407211 0.5407661 -0.4556679 0.4555870
26874.736000 1.1123008 -0.0123409 1.3240667 0.5406506 -0.5405059 0.4558203 -0.4558270
26874.836000 1.1234043 -0.0124569 1.3239670 -0.5407457 0.5407639 -0.4556446 0.4555837
26874.936000 1.1424018 -0.0124607 1.3240451 -0.5406311 0.5406418 -0.4557775 0.4557318
26875.036000 1.1530599 -0.0123728 1.3239959 -0.5406653 0.5406788 -0.4557702 0.4556544
26875.136000 1.1626128 -0.0124347 1.3240433 0.5406975 -0.5405927 0.4557249 -0.4557637
26875.236000 1.1730697 -0.0123695 1.3239939 0.5406803 -0.5406803 0.4557561 -0.4556491
26875.336000 1.1826215 -0.0124335 1.3240418 0.5407048 -0.5405953 0.4557176 -0.4557592
26875.436000 1.1934096 -0.0124606 1.3239667 -0.5407447 0.5407684 -0.4556437 0.4555805
26875.537000 1.2021145 -0.0123421 1.3240658 0.5406538 -0.5405064 0.4558165 -0.4558264
26875.636000 1.2134011 -0.0124562 1.3239667 -0.5407473 0.5407625 -0.4556433 0.4555847
26875.736000 1.2235149 -0.0124587 1.3239656 -0.5407479 0.5407666 -0.4556411 0.4555813
26875.836000 1.2428591 -0.0123716 1.3239960 -0.5406653 0.5406789 -0.4557709 0.4556537
26875.937000 1.2520053 -0.0123400 1.3240671 0.5406496 -0.5405050 0.4558217 -0.4558277
26876.036000 1.2630688 -0.0123653 1.3239930 0.5406876 -0.5406756 0.4557507 -0.4556512
26876.136000 1.2828446 -0.0123608 1.3239981 0.5406981 -0.5406278 0.4557405 -0.4557058
26876.236000 1.2920844 -0.0123423 1.3240695 0.5406385 -0.5405024 0.4558323 -0.4558334
26876.336000 1.3030580 -0.0123678 1.3239946 -0.5406782 0.5406785 -0.4557591 0.4556507
26876.436000 1.3133913 -0.0124589 1.3239681 -0.5407370 0.5407694 -0.4556520 0.4555800
26876.536000 1.3226299 -0.0124352 1.3240410 0.5407071 -0.5405971 0.4557144 -0.4557576
26876.637000 1.3418023 -0.0123449 1.3240683 0.5406399 -0.5405090 0.4558291 -0.4558271
26876.736000 1.3526257 -0.0124326 1.3240410 0.5407061 -0.5405968 0.4557164 -0.4557572
26876.836000 1.3724155 -0.0124619 1.3240450 0.5406397 -0.5406252 0.4557640 -0.4557546
26876.936000 1.3830574 -0.0123734 1.3239966 -0.5406642 0.5406738 -0.4557704 0.4556615
26877.036000 1.3935883 -0.0124625 1.3239687 -0.5407310 0.5407720 -0.4556565 0.4555795
26877.137000 1.4029929 -0.0123679 1.3239920 0.5406876 -0.5406803 0.4557491 -0.4556474
26877.236000 1.4223972 -0.0124361 1.3240453 0.5406930 -0.5405812 0.4557279 -0.4557797
26877.336000 1.4335872 -0.0124658 1.3239698 -0.5407228 0.5407689 -0.4556640 0.4555856
26877.436000 1.4421952 -0.0123437 1.3240686 0.5406409 -0.5405047 0.4558293 -0.4558308
26877.536000 1.4528814 -0.0123651 1.3239929 0.5406881 -0.5406752 0.4557503 -0.4556515
26877.636000 1.4626298 -0.0124314 1.3240404 0.5407117 -0.5405920 0.4557117 -0.4557608
26877.736000 1.4820554 -0.0123579 1.3240645 0.5406456 -0.5405254 0.4558176 -0.4558124
26877.836000 1.4930174 -0.0123661 1.3240020 0.5406787 -0.5406177 0.4557561 -0.4557250
26877.936000 1.5028731 -0.0123668 1.3239938 0.5406805 -0.5406804 0.4557569 -0.4556480
26878.036000 1.5126181 -0.0124334 1.3240417 0.5407054 -0.5405953 0.4557171 -0.4557591
26878.136000 1.5234080 -0.0124609 1.3239669 -0.5407436 0.5407689 -0.4556445 0.4555803
26878.236000 1.5330786 -0.0123674 1.3239925 0.5406859 -0.5406802 0.4557510 -0.4556476
26878.336000 1.5430749 -0.0123649 1.3239927 0.5406864 -0.5406771 0.4557518 -0.4556498
26878.436000 1.5628863 -0.0122820 1.3239897 0.5406904 -0.5406747 0.4557786 -0.4556211
26878.536000 1.5732242 -0.0124080 1.3239839 -0.5406260 0.5407139 -0.4557694 0.4556603
26878.637000 1.5833904 -0.0124591 1.3239682 -0.5407361 0.5407698 -0.4556528 0.4555799
26878.736000 1.5929810 -0.0123692 1.3239927 0.5406839 -0.5406826 0.4557521 -0.4556460
26878.837000 1.5933033 -0.0123596 1.3239900 0.5407012 -0.5406635 0.4557398 -0.4556605
26878.936000 1.5933350 -0.0123537 1.3239869 0.5407199 -0.5406481 0.4557236 -0.4556727
26879.036000 1.5937881 -0.0124399 1.3239580 0.5407968 -0.5407231 0.4556007 -0.4556154
26879.136000 1.5934006 -0.0123442 1.3239805 0.5407615 -0.5406229 0.4556851 -0.4556917
26879.236000 1.5938499 -0.0124303 1.3239519 0.5408399 -0.5406995 0.4555603 -0.4556326
26879.336000 1.5934591 -0.0123346 1.3239746 0.5408058 -0.5406005 0.4556434 -0.4557076
26879.436000 1.5938850 -0.0124160 1.3239474 0.5408820 -0.5406736 0.4555230 -0.4556507
26879.536000 1.5934972 -0.0123215 1.3239699 0.5408494 -0.5405761 0.4556039 -0.4557242
26879.636000 1.5935102 -0.0123139 1.3239680 0.5408709 -0.5405632 0.4555850 -0.4557329
26879.736000 1.5935314 -0.0123082 1.3239655 0.5408936 -0.5405523 0.4555637 -0.4557401
26879.836000 1.5939801 -0.0123950 1.3239369 0.5409740 -0.5406314 0.4554362 -0.4556782
26879.936000 1.5935814 -0.0122986 1.3239602 0.5409407 -0.5405326 0.4555186 -0.4557526
26880.037000 1.5940215 -0.0123835 1.3239321 0.5410202 -0.5406102 0.4553929 -0.4556918
26880.136000 1.5936268 -0.0122872 1.3239550 0.5409880 -0.5405125 0.4554740 -0.4557648
26880.236000 1.5936196 -0.0122796 1.3239549 0.5410057 -0.5404958 0.4554596 -0.4557781
26880.336000 1.5936414 -0.0122738 1.3239524 0.5410293 -0.5404857 0.4554374 -0.4557842
26880.436000 1.5940924 -0.0123614 1.3239237 0.5411105 -0.5405656 0.4553086 -0.4557218
26854.787000 0.0924221 -0.0123358 1.3240646 0.5406616 -0.5404952 0.4558120 -0.4558348
26854.787000 0.0924221 -0.0123358 1.3240646 0.5406616 -0.5404952 0.4558120 -0.4558348
26854.836000 0.0924221 -0.0123358 1.3240646 0.5406616 -0.5404952 0.4558120 -0.4558348
26854.936000 0.0924546 -0.0123300 1.3240615 0.5406796 -0.5404798 0.4557967 -0.4558470
26855.036000 0.0924846 -0.0123243 1.3240585 0.5406990 -0.5404656 0.4557795 -0.4558581
26855.136000 0.0925126 -0.0123187 1.3240557 0.5407194 -0.5404523 0.4557611 -0.4558680
26855.236000 0.0929625 -0.0124048 1.3240273 0.5407974 -0.5405290 0.4556367 -0.4558089
26855.336000 0.0925768 -0.0123102 1.3240494 0.5407640 -0.5404306 0.4557185 -0.4558834
26855.436000 0.0930153 -0.0123944 1.3240218 0.5408419 -0.5405061 0.4555951 -0.4558248
26855.536000 0.0930468 -0.0123906 1.3240187 0.5408655 -0.5404967 0.4555721 -0.4558310
26855.637000 0.0930686 -0.0123849 1.3240163 0.5408880 -0.5404856 0.4555512 -0.4558384
26855.736000 0.0926573 -0.0122858 1.3240400 0.5408524 -0.5403838 0.4556374 -0.4559151
26855.836000 0.0931012 -0.0123716 1.3240120 0.5409322 -0.5404618 0.4555110 -0.4558543
26855.936000 0.0927056 -0.0122763 1.3240349 0.5408990 -0.5403636 0.4555929 -0.4559282
26856.036000 0.0927109 -0.0122678 1.3240335 0.5409198 -0.5403498 0.4555752 -0.4559377
26856.136000 0.0927262 -0.0122622 1.3240316 0.5409417 -0.5403381 0.4555549 -0.4559458
26856.236000 0.0931894 -0.0123488 1.3240019 0.5410261 -0.5404209 0.4554228 -0.4558796
26856.336000 0.0932105 -0.0123450 1.3239998 0.5410486 -0.5404104 0.4554010 -0.4558870
26856.436000 0.0928072 -0.0122489 1.3240232 0.5410142 -0.5403112 0.4554846 -0.4559619
26856.537000 0.0932301 -0.0123308 1.3239966 0.5410914 -0.5403852 0.4553629 -0.4559042
26856.636000 0.0932599 -0.0123279 1.3239938 0.5411158 -0.5403766 0.4553386 -0.4559097
26856.736000 0.0928568 -0.0122318 1.3240172 0.5410815 -0.5402774 0.4554220 -0.4559845
26856.836000 0.0932834 -0.0123146 1.3239903 0.5411593 -0.5403521 0.4552992 -0.4559264
26856.936000 0.0928845 -0.0122195 1.3240136 0.5411257 -0.5402536 0.4553815 -0.4560007
26857.036000 0.0933149 -0.0123032 1.3239865 0.5412038 -0.5403292 0.4552580 -0.4559419
26857.136000 0.0933389 -0.0122994 1.3239840 0.5412271 -0.5403195 0.4552353 -0.4559483
26857.237000 0.0933538 -0.0122936 1.3239822 0.5412492 -0.5403078 0.4552149 -0.4559563
26857.337000 0.0933685 -0.0122879 1.3239804 0.5412711 -0.5402961 0.4551946 -0.4559644
26857.436000 0.0933828 -0.0122822 1.3239786 0.5412930 -0.5402843 0.4551744 -0.4559726
26857.536000 0.0933969 -0.0122765 1.3239768 0.5413148 -0.5402724 0.4551543 -0.4559808
26857.637000 0.0929873 -0.0121798 1.3240008 0.5412795 -0.5401717 0.4552394 -0.4560572
26857.736000 0.0934153 -0.0122632 1.3239738 0.5413570 -0.5402466 0.4551165 -0.4559990
26857.836000 0.0934374 -0.0122593 1.3239716 0.5413798 -0.5402364 0.4550945 -0.4560061
26857.936000 0.0934504 -0.0122536 1.3239699 0.5414013 -0.5402242 0.4550747 -0.4560147
26858.036000 0.0930394 -0.0121570 1.3239941 0.5413656 -0.5401231 0.4551602 -0.4560915
26858.136000 0.0934667 -0.0122403 1.3239672 0.5414429 -0.5401978 0.4550377 -0.4560336
26858.236000 0.0934877 -0.0122364 1.3239651 0.5414654 -0.5401872 0.4550160 -0.4560411
26858.336000 0.0930760 -0.0121399 1.3239893 0.5414295 -0.5400859 0.4551017 -0.4561181
26858.437000 0.0935024 -0.0122231 1.3239625 0.5415066 -0.5401604 0.4549794 -0.4560605
26858.536000 0.0935227 -0.0122193 1.3239605 0.5415288 -0.5401496 0.4549580 -0.4560682
26858.636000 0.0935339 -0.0122135 1.3239590 0.5415499 -0.5401369 0.4549388 -0.4560773
26858.737000 0.0935449 -0.0122079 1.3239575 0.5415706 -0.5401243 0.4549199 -0.4560865
26858.836000 0.0931234 -0.0121095 1.3239824 0.5415334 -0.5400208 0.4550079 -0.4561654
26858.936000 0.0935574 -0.0121945 1.3239552 0.5416113 -0.5400967 0.4548839 -0.4561068
26859.036000 0.0931527 -0.0121000 1.3239791 0.5415762 -0.5399968 0.4549680 -0.4561830
26859.137000 0.0931498 -0.0120915 1.3239785 0.5415951 -0.5399810 0.4549524 -0.4561946
26859.236000 0.0931596 -0.0120858 1.3239771 0.5416157 -0.5399680 0.4549337 -0.4562043
26859.336000 0.0935969 -0.0121715 1.3239497 0.5416940 -0.5400445 0.4548089 -0.4561452
26859.436000 0.0936152 -0.0121677 1.3239479 0.5417157 -0.5400332 0.4547881 -0.4561536
26859.536000 0.0936243 -0.0121620 1.3239466 0.5417361 -0.5400199 0.4547696 -0.4561634
26859.636000 0.0936333 -0.0121562 1.3239453 0.5417565 -0.5400066 0.4547512 -0.4561733
26859.736000 0.0936421 -0.0121505 1.3239440 0.5417768 -0.5399933 0.4547328 -0.4561833
26859.836000 0.0932271 -0.0120543 1.3239687 0.5417400 -0.5398911 0.4548196 -0.4562615
26859.936000 0.0932225 -0.0120459 1.3239682 0.5417585 -0.5398749 0.4548045 -0.4562737
26860.036000 0.0936584 -0.0121314 1.3239409 0.5418363 -0.5399510 0.4546803 -0.4562151
26860.136000 0.0936752 -0.0121276 1.3239392 0.5418576 -0.5399392 0.4546600 -0.4562239
26860.236000 0.0932595 -0.0120315 1.3239639 0.5418206 -0.5398369 0.4547470 -0.4563023
26860.336000 0.0936818 -0.0121142 1.3239375 0.5418965 -0.5399101 0.4546261 -0.4562460
26860.436000 0.0932660 -0.0120183 1.3239622 0.5418594 -0.5398076 0.4547132 -0.4563245
26860.536000 0.0936967 -0.0121028 1.3239352 0.5419364 -0.5398826 0.4545902 -0.4562669
26860.636000 0.0932803 -0.0120069 1.3239600 0.5418992 -0.5397800 0.4546774 -0.4563455
26860.736000 0.0932828 -0.0120002 1.3239592 0.5419184 -0.5397652 0.4546608 -0.4563569
26860.836000 0.0937173 -0.0120855 1.3239320 0.5419958 -0.5398409 0.4545370 -0.4562987
26860.936000 0.0933006 -0.0119897 1.3239569 0.5419585 -0.5397382 0.4546243 -0.4563775
26861.036000 0.0937305 -0.0120741 1.3239300 0.5420353 -0.5398129 0.4545017 -0.4563201
26861.136000 0.0937454 -0.0120702 1.3239284 0.5420560 -0.5398006 0.4544820 -0.4563296
26861.236000 0.0937515 -0.0120645 1.3239274 0.5420756 -0.5397865 0.4544645 -0.4563404
26861.336000 0.0933338 -0.0119687 1.3239524 0.5420380 -0.5396836 0.4545521 -0.4564195
26861.436000 0.0937502 -0.0120503 1.3239263 0.5421127 -0.5397555 0.4544331 -0.4563643
26861.536000 0.0937689 -0.0120473 1.3239246 0.5421341 -0.5397438 0.4544123 -0.4563733
26861.636000 0.0937743 -0.0120415 1.3239236 0.5421535 -0.5397295 0.4543950 -0.4563844
26861.736000 0.0937797 -0.0120358 1.3239227 0.5421729 -0.5397152 0.4543778 -0.4563955
26861.836000 0.0933527 -0.0119384 1.3239483 0.5421339 -0.5396103 0.4544677 -0.4564763
26861.936000 0.0937813 -0.0120225 1.3239215 0.5422104 -0.5396846 0.4543456 -0.4564193
26862.036000 0.0933627 -0.0119270 1.3239465 0.5421725 -0.5395814 0.4544335 -0.4564987
26862.136000 0.0937910 -0.0120110 1.3239198 0.5422488 -0.5396556 0.4543114 -0.4564419
26862.237000 0.0938042 -0.0120071 1.3239184 0.5422692 -0.5396429 0.4542923 -0.4564518
26862.336000 0.0938087 -0.0120014 1.3239176 0.5422883 -0.5396283 0.4542753 -0.4564632
26862.436000 0.0938131 -0.0119957 1.3239167 0.5423074 -0.5396136 0.4542584 -0.4564747
26862.536000 0.0933979 -0.0119012 1.3239416 0.5422697 -0.5395114 0.4543456 -0.4565536
26862.636000 0.0933849 -0.0118918 1.3239419 0.5422866 -0.5394929 0.4543329 -0.4565680
26862.736000 0.0938124 -0.0119757 1.3239152 0.5423625 -0.5395670 0.4542112 -0.4565112
26862.836000 0.0938293 -0.0119727 1.3239136 0.5423834 -0.5395548 0.4541911 -0.4565209
26862.936000 0.0934137 -0.0118784 1.3239385 0.5423456 -0.5394524 0.4542785 -0.4565999
26863.036000 0.0938278 -0.0119594 1.3239127 0.5424200 -0.5395233 0.4541599 -0.4565456
26863.136000 0.0938402 -0.0119555 1.3239114 0.5424401 -0.5395103 0.4541410 -0.4565559
26863.236000 0.0934158 -0.0118595 1.3239369 0.5424010 -0.5394060 0.4542306 -0.4566365
26863.336000 0.0938382 -0.0119422 1.3239105 0.5424765 -0.5394786 0.4541100 -0.4565809
26863.437000 0.0934265 -0.0118489 1.3239352 0.5424393 -0.5393768 0.4541963 -0.4566596
26863.536000 0.0938443 -0.0119307 1.3239091 0.5425140 -0.5394486 0.4540770 -0.4566046
26863.636000 0.0934325 -0.0118375 1.3239338 0.5424767 -0.5393468 0.4541633 -0.4566834
26863.736000 0.0934223 -0.0118291 1.3239340 0.5424936 -0.5393290 0.4541501 -0.4566974
26863.837000 0.0934251 -0.0118234 1.3239333 0.5425123 -0.5393139 0.4541337 -0.4567094
26863.936000 0.0938555 -0.0119078 1.3239065 0.5425886 -0.5393883 0.4540114 -0.4566525
26864.036000 0.0938669 -0.0119040 1.3239053 0.5426084 -0.5393750 0.4539929 -0.4566631
26864.136000 0.0938693 -0.0118982 1.3239047 0.5426270 -0.5393598 0.4539766 -0.4566752
26864.237000 0.0934438 -0.0118025 1.3239303 0.5425876 -0.5392553 0.4540665 -0.4567561
26864.336000 0.0938651 -0.0118849 1.3239040 0.5426628 -0.5393275 0.4539462 -0.4567009
26864.436000 0.0934524 -0.0117919 1.3239288 0.5426253 -0.5392255 0.4540328 -0.4567799
26864.536000 0.0938692 -0.0118735 1.3239028 0.5426997 -0.5392970 0.4539139 -0.4567253
26864.637000 0.0938800 -0.0118696 1.3239017 0.5427193 -0.5392835 0.4538956 -0.4567361
26864.736000 0.0938819 -0.0118639 1.3239011 0.5427376 -0.5392683 0.4538796 -0.4567482
26864.836000 0.0934515 -0.0117673 1.3239271 0.5426977 -0.5391624 0.4539704 -0.4568303
26864.937000 0.0938767 -0.0118506 1.3239006 0.5427733 -0.5392356 0.4538495 -0.4567744
26865.036000 0.0938870 -0.0118467 1.3238995 0.5427928 -0.5392219 0.4538313 -0.4567853
26865.137000 0.0938885 -0.0118410 1.3238990 0.5428111 -0.5392065 0.4538153 -0.4567977
26865.236000 0.0938899 -0.0118352 1.3238984 0.5428294 -0.5391910 0.4537993 -0.4568101
26865.336000 0.0934676 -0.0117406 1.3239239 0.5427904 -0.5390869 0.4538883 -0.4568909
26865.436000 0.0934559 -0.0117322 1.3239242 0.5428069 -0.5390687 0.4538756 -0.4569054
26865.536000 0.1030617 -0.0123532 1.3239930 0.5407234 -0.5406397 0.4557205 -0.4556816
26865.636000 0.1037393 -0.0124526 1.3239633 0.5407638 -0.5407502 0.4556287 -0.4555944
26865.736000 0.1037751 -0.0124477 1.3239599 0.5407832 -0.5407359 0.4556113 -0.4556058
26865.836000 0.1038042 -0.0124419 1.3239570 0.5408030 -0.5407220 0.4555936 -0.4556164
26865.936000 0.1038314 -0.0124362 1.3239541 0.5408237 -0.5407090 0.4555748 -0.4556260
26866.036000 0.1135624 -0.0125042 1.3239572 -0.5406873 0.5408038 -0.4556579 0.4555924
26866.136000 0.1221045 -0.0123438 1.3240671 0.5406476 -0.5405081 0.4558220 -0.4558262
26866.236000 0.1427784 -0.0124259 1.3240154 -0.5406145 0.5406458 -0.4558104 0.4557137
26866.336000 0.1530501 -0.0123701 1.3239964 -0.5406689 0.5406743 -0.4557685 0.4556572
26866.436000 0.1724325 -0.0124599 1.3240437 0.5406454 -0.5406165 0.4557573 -0.4557649
26866.536000 0.1826108 -0.0124377 1.3240447 0.5406879 -0.5405901 0.4557335 -0.4557696
26866.636000 0.1935883 -0.0124649 1.3239696 -0.5407256 0.5407683 -0.4556617 0.4555852
26866.736000 0.2030833 -0.0123673 1.3239924 0.5406862 -0.5406800 0.4557507 -0.4556477
26866.836000 0.2124312 -0.0124299 1.3240411 0.5407097 -0.5405910 0.4557145 -0.4557617
26866.936000 0.2232198 -0.0124588 1.3239658 -0.5407498 0.5407646 -0.4556394 0.4555832
26867.036000 0.2335107 -0.0124587 1.3239656 -0.5407479 0.5407666 -0.4556411 0.4555814
26867.136000 0.2430813 -0.0123672 1.3239924 0.5406864 -0.5406798 0.4557506 -0.4556478
26867.237000 0.2433073 -0.0123589 1.3239896 0.5407034 -0.5406615 0.4557379 -0.4556620
26867.336000 0.2433386 -0.0123531 1.3239865 0.5407222 -0.5406464 0.4557216 -0.4556740
26867.437000 0.2433677 -0.0123473 1.3239835 0.5407421 -0.5406325 0.4557038 -0.4556846
26867.536000 0.2433949 -0.0123417 1.3239807 0.5407628 -0.5406196 0.4556850 -0.4556942
26867.636000 0.2520884 -0.0123409 1.3240688 0.5406436 -0.5405014 0.4558279 -0.4558330
26867.737000 0.2620911 -0.0123410 1.3240679 0.5406436 -0.5405076 0.4558271 -0.4558264
26867.836000 0.2726182 -0.0124338 1.3240419 0.5407018 -0.5405978 0.4557203 -0.4557573
26867.936000 0.2830769 -0.0123681 1.3239930 0.5406858 -0.5406792 0.4557511 -0.4556488
26868.036000 0.2921028 -0.0123395 1.3240668 0.5406512 -0.5405041 0.4558204 -0.4558282
26868.136000 0.3026295 -0.0124319 1.3240406 0.5407082 -0.5405954 0.4557147 -0.4557581
26868.236000 0.3233491 -0.0126415 1.3239655 -0.5407103 0.5408142 -0.4556089 0.4556017
26868.336000 0.3330563 -0.0123457 1.3239850 0.5407002 -0.5406392 0.4557686 -0.4556616
26868.436000 0.3420746 -0.0123670 1.3240714 0.5405808 -0.5405333 0.4558727 -0.4558249
26868.536000 0.3526182 -0.0124338 1.3240419 0.5407017 -0.5405978 0.4557203 -0.4557572
26868.637000 0.3626433 -0.0124333 1.3240398 0.5407107 -0.5405962 0.4557115 -0.4557574
26868.736000 0.3828620 -0.0123712 1.3239955 -0.5406704 0.5406775 -0.4557660 0.4556542
26868.836000 0.3933866 -0.0124599 1.3239688 -0.5407330 0.5407698 -0.4556557 0.4555806
26868.937000 0.4034118 -0.0124597 1.3239661 -0.5407453 0.5407688 -0.4556432 0.4555797
26869.036000 0.4217944 -0.0123451 1.3240687 0.5406405 -0.5405050 0.4558288 -0.4558315
26869.137000 0.4333951 -0.0124575 1.3239673 -0.5407438 0.5407652 -0.4556462 0.4555828
26869.236000 0.4434117 -0.0124596 1.3239661 -0.5407455 0.5407686 -0.4556430 0.4555799
26869.336000 0.4534117 -0.0124596 1.3239661 -0.5407455 0.5407687 -0.4556431 0.4555798
26869.436000 0.4726222 -0.0127208 1.3240189 -0.5406793 0.5406891 -0.4556286 0.4557674
26869.536000 0.4826264 -0.0124424 1.3240420 0.5406973 -0.5405997 0.4557214 -0.4557592
26869.636000 0.4926262 -0.0124361 1.3240418 0.5407008 -0.5405993 0.4557202 -0.4557568
26869.736000 0.5026308 -0.0124354 1.3240412 0.5407041 -0.5405996 0.4557170 -0.4557556
26869.836000 0.5126342 -0.0124349 1.3240407 0.5407061 -0.5405991 0.4557152 -0.4557555
26869.936000 0.5234135 -0.0124598 1.3239663 -0.5407469 0.5407670 -0.4556418 0.4555814
26870.037000 0.5321167 -0.0123417 1.3240656 0.5406549 -0.5405056 0.4558155 -0.4558269
26870.136000 0.5523943 -0.0124588 1.3240459 -0.5406323 0.5406330 -0.4557761 0.4557420
26870.237000 0.5630610 -0.0123719 1.3239957 -0.5406681 0.5406782 -0.4557679 0.4556541
26870.336000 0.5720875 -0.0123418 1.3240691 0.5406400 -0.5405026 0.4558312 -0.4558325
26870.436000 0.5923735 -0.0124603 1.3240484 -0.5406156 0.5406347 -0.4557941 0.4557418
26870.537000 0.6021098 -0.0123435 1.3240667 0.5406470 -0.5405106 0.4558223 -0.4558236
26870.636000 0.6231119 -0.0124589 1.3239657 -0.5407326 0.5407787 -0.4556562 0.4555700
26870.736000 0.6323243 -0.0123649 1.3240525 0.5406134 -0.5405404 0.4558374 -0.4558129
26870.836000 0.6433689 -0.0124529 1.3239722 0.5407552 -0.5407169 0.4556352 -0.4556376
26870.936000 0.6530511 -0.0123743 1.3239978 -0.5406545 0.5406706 -0.4557803 0.4556670
26871.036000 0.6626057 -0.0124358 1.3240444 0.5406930 -0.5405890 0.4557288 -0.4557695
26871.136000 0.6726214 -0.0124367 1.3240427 0.5406964 -0.5405970 0.4557247 -0.4557600
26871.236000 0.6835960 -0.0124627 1.3239680 -0.5407369 0.5407704 -0.4556507 0.4555804
26871.336000 0.6924418 -0.0124354 1.3240413 0.5407063 -0.5405969 0.4557152 -0.4557581
26871.436000 0.7117886 -0.0123452 1.3240687 0.5406405 -0.5405050 0.4558288 -0.4558314
26871.536000 0.7219910 -0.0123416 1.3240685 0.5406403 -0.5405066 0.4558304 -0.4558282
26871.636000 0.7330597 -0.0123671 1.3239941 0.5406814 -0.5406783 0.4557561 -0.4556501
26871.736000 0.7435977 -0.0124605 1.3239673 -0.5407391 0.5407712 -0.4556490 0.4555784
26871.836000 0.7620156 -0.0123492 1.3240662 0.5406383 -0.5405205 0.4558286 -0.4558159
26871.936000 0.7729825 -0.0123766 1.3240042 0.5406564 -0.5406379 0.4557716 -0.4557120
26872.036000 0.7830645 -0.0123670 1.3239939 -0.5406797 0.5406806 -0.4557576 0.4556479
26872.136000 0.8032794 -0.0124638 1.3239704 -0.5407217 0.5407670 -0.4556661 0.4555870
26872.236000 0.8129871 -0.0123686 1.3239923 0.5406859 -0.5406815 0.4557505 -0.4556466
26872.337000 0.8323734 -0.0124603 1.3240484 -0.5406157 0.5406347 -0.4557941 0.4557418
26872.436000 0.8430576 -0.0123573 1.3239970 0.5407124 -0.5406216 0.4557289 -0.4557079
26872.536000 0.8526097 -0.0124353 1.3240437 0.5406960 -0.5405925 0.4557260 -0.4557646
26872.636000 0.8726880 -0.0123685 1.3240138 0.5406364 -0.5406237 0.4558084 -0.4557158
26872.736000 0.8834760 -0.0124458 1.3239719 0.5407672 -0.5407073 0.4556292 -0.4556408
26872.836000 0.8933915 -0.0124642 1.3239696 -0.5407247 0.5407692 -0.4556628 0.4555841
26872.936000 0.9030645 -0.0123703 1.3239944 -0.5406750 0.5406828 -0.4557609 0.4556475
26873.036000 0.9130607 -0.0123678 1.3239945 -0.5406766 0.5406810 -0.4557604 0.4556483
26873.136000 0.9220953 -0.0123408 1.3240677 0.5406466 -0.5405053 0.4558245 -0.4558282
26873.236000 0.9330661 -0.0123662 1.3239935 0.5406846 -0.5406773 0.4557532 -0.4556503
26873.336000 0.9433987 -0.0124574 1.3239672 -0.5407420 0.5407672 -0.4556477 0.4555811
26873.436000 0.9526378 -0.0124338 1.3240401 0.5407114 -0.5405951 0.4557107 -0.4557585
26873.536000 0.9626425 -0.0124334 1.3240398 0.5407105 -0.5405964 0.4557116 -0.4557573
26873.636000 0.9833159 -0.0124657 1.3239665 -0.5407348 0.5407776 -0.4556518 0.4555732
26873.736000 0.9925825 -0.0124628 1.3240490 0.5406230 -0.5406178 0.4557824 -0.4557649
26873.837000 1.0026291 -0.0124357 1.3240414 0.5407028 -0.5405998 0.4557182 -0.4557557
26873.936000 1.0134080 -0.0124609 1.3239669 -0.5407435 0.5407690 -0.4556446 0.4555802
26874.036000 1.0228930 -0.0123692 1.3239920 0.5406874 -0.5406816 0.4557486 -0.4556465
26874.137000 1.0323006 -0.0123390 1.3240664 0.5406528 -0.5405032 0.4558191 -0.4558287
26874.236000 1.0426366 -0.0124314 1.3240403 0.5407097 -0.5405942 0.4557135 -0.4557589
26874.336000 1.0628013 -0.0124110 1.3239887 -0.5406889 0.5407133 -0.4557285 0.4556272
26874.436000 1.0728679 -0.0123694 1.3239945 -0.5406787 0.5406793 -0.4557579 0.4556503
26874.536000 1.0928361 -0.0123723 1.3239984 -0.5406534 0.5406687 -0.4557824 0.4556685
26874.636000 1.1033773 -0.0124617 1.3239707 -0.5407211 0.5407661 -0.4556679 0.4555870
26874.736000 1.1123008 -0.0123409 1.3240667 0.5406506 -0.5405059 0.4558203 -0.4558270
26874.836000 1.1234043 -0.0124569 1.3239670 -0.5407457 0.5407639 -0.4556446 0.4555837
26874.936000 1.1424018 -0.0124607 1.3240451 -0.5406311 0.5406418 -0.4557775 0.4557318
26875.036000 1.1530599 -0.0123728 1.3239959 -0.5406653 0.5406788 -0.4557702 0.4556544
26875.136000 1.1626128 -0.0124347 1.3240433 0.5406975 -0.5405927 0.4557249 -0.4557637
26875.236000 1.1730697 -0.0123695 1.3239939 0.5406803 -0.5406803 0.4557561 -0.4556491
26875.336000 1.1826215 -0.0124335 1.3240418 0.5407048 -0.5405953 0.4557176 -0.4557592
26875.436000 1.1934096 -0.0124606 1.3239667 -0.5407447 0.5407684 -0.4556437 0.4555805
26875.537000 1.2021145 -0.0123421 1.3240658 0.5406538 -0.5405064 0.4558165 -0.4558264
26875.636000 1.2134011 -0.0124562 1.3239667 -0.5407473 0.5407625 -0.4556433 0.4555847
26875.736000 1.2235149 -0.0124587 1.3239656 -0.5407479 0.5407666 -0.4556411 0.4555813
26875.836000 1.2428591 -0.0123716 1.3239960 -0.5406653 0.5406789 -0.4557709 0.4556537
26875.937000 1.2520053 -0.0123400 1.3240671 0.5406496 -0.5405050 0.4558217 -0.4558277
26876.036000 1.2630688 -0.0123653 1.3239930 0.5406876 -0.5406756 0.4557507 -0.4556512
26876.136000 1.2828446 -0.0123608 1.3239981 0.5406981 -0.5406278 0.4557405 -0.4557058
26876.236000 1.2920844 -0.0123423 1.3240695 0.5406385 -0.5405024 0.4558323 -0.4558334
26876.336000 1.3030580 -0.0123678 1.3239946 -0.5406782 0.5406785 -0.4557591 0.4556507
26876.436000 1.3133913 -0.0124589 1.3239681 -0.5407370 0.5407694 -0.4556520 0.4555800
26876.536000 1.3226299 -0.0124352 1.3240410 0.5407071 -0.5405971 0.4557144 -0.4557576
26876.637000 1.3418023 -0.0123449 1.3240683 0.5406399 -0.5405090 0.4558291 -0.4558271
26876.736000 1.3526257 -0.0124326 1.3240410 0.5407061 -0.5405968 0.4557164 -0.4557572
26876.836000 1.3724155 -0.0124619 1.3240450 0.5406397 -0.5406252 0.4557640 -0.4557546
26876.936000 1.3830574 -0.0123734 1.3239966 -0.5406642 0.5406738 -0.4557704 0.4556615
26877.036000 1.3935883 -0.0124625 1.3239687 -0.5407310 0.5407720 -0.4556565 0.4555795
26877.137000 1.4029929 -0.0123679 1.3239920 0.5406876 -0.5406803 0.4557491 -0.4556474
26877.236000 1.4223972 -0.0124361 1.3240453 0.5406930 -0.5405812 0.4557279 -0.4557797
26877.336000 1.4335872 -0.0124658 1.3239698 -0.5407228 0.5407689 -0.4556640 0.4555856
26877.436000 1.4421952 -0.0123437 1.3240686 0.5406409 -0.5405047 0.4558293 -0.4558308
26877.536000 1.4528814 -0.0123651 1.3239929 0.5406881 -0.5406752 0.4557503 -0.4556515
26877.636000 1.4626298 -0.0124314 1.3240404 0.5407117 -0.5405920 0.4557117 -0.4557608
26877.736000 1.4820554 -0.0123579 1.3240645 0.5406456 -0.5405254 0.4558176 -0.4558124
26877.836000 1.4930174 -0.0123661 1.3240020 0.5406787 -0.5406177 0.4557561 -0.4557250
26877.936000 1.5028731 -0.0123668 1.3239938 0.5406805 -0.5406804 0.4557569 -0.4556480
26878.036000 1.5126181 -0.0124334 1.3240417 0.5407054 -0.5405953 0.4557171 -0.4557591
26878.136000 1.5234080 -0.0124609 1.3239669 -0.5407436 0.5407689 -0.4556445 0.4555803
26878.236000 1.5330786 -0.0123674 1.3239925 0.5406859 -0.5406802 0.4557510 -0.4556476
26878.336000 1.5430749 -0.0123649 1.3239927 0.5406864 -0.5406771 0.4557518 -0.4556498
26878.436000 1.5628863 -0.0122820 1.3239897 0.5406904 -0.5406747 0.4557786 -0.4556211
26878.536000 1.5732242 -0.0124080 1.3239839 -0.5406260 0.5407139 -0.4557694 0.4556603
26878.637000 1.5833904 -0.0124591 1.3239682 -0.5407361 0.5407698 -0.4556528 0.4555799
26878.736000 1.5929810 -0.0123692 1.3239927 0.5406839 -0.5406826 0.4557521 -0.4556460
26878.837000 1.5933033 -0.0123596 1.3239900 0.5407012 -0.5406635 0.4557398 -0.4556605
26878.936000 1.5933350 -0.0123537 1.3239869 0.5407199 -0.5406481 0.4557236 -0.4556727
26879.036000 1.5937881 -0.0124399 1.3239580 0.5407968 -0.5407231 0.4556007 -0.4556154
26879.136000 1.5934006 -0.0123442 1.3239805 0.5407615 -0.5406229 0.4556851 -0.4556917
26879.236000 1.5938499 -0.0124303 1.3239519 0.5408399 -0.5406995 0.4555603 -0.4556326
26879.336000 1.5934591 -0.0123346 1.3239746 0.5408058 -0.5406005 0.4556434 -0.4557076
26879.436000 1.5938850 -0.0124160 1.3239474 0.5408820 -0.5406736 0.4555230 -0.4556507
26879.536000 1.5934972 -0.0123215 1.3239699 0.5408494 -0.5405761 0.4556039 -0.4557242
26879.636000 1.5935102 -0.0123139 1.3239680 0.5408709 -0.5405632 0.4555850 -0.4557329
26879.736000 1.5935314 -0.0123082 1.3239655 0.5408936 -0.5405523 0.4555637 -0.4557401
26879.836000 1.5939801 -0.0123950 1.3239369 0.5409740 -0.5406314 0.4554362 -0.4556782
26879.936000 1.5935814 -0.0122986 1.3239602 0.5409407 -0.5405326 0.4555186 -0.4557526
26880.037000 1.5940215 -0.0123835 1.3239321 0.5410202 -0.5406102 0.4553929 -0.4556918
26880.136000 1.5936268 -0.0122872 1.3239550 0.5409880 -0.5405125 0.4554740 -0.4557648
26880.236000 1.5936196 -0.0122796 1.3239549 0.5410057 -0.5404958 0.4554596 -0.4557781
26880.336000 1.5936414 -0.0122738 1.3239524 0.5410293 -0.5404857 0.4554374 -0.4557842
26880.436000 1.5940924 -0.0123614 1.3239237 0.5411105 -0.5405656 0.4553086 -0.4557218
26880.536000 1.5936867 -0.0122643 1.3239475 0.5410761 -0.5404658 0.4553926 -0.4557970
26854.787000 0.0924221 -0.0123358 1.3240646 0.5406616 -0.5404952 0.4558120 -0.4558348
26854.787000 0.0924221 -0.0123358 1.3240646 0.5406616 -0.5404952 0.4558120 -0.4558348
26854.836000 0.0924221 -0.0123358 1.3240646 0.5406616 -0.5404952 0.4558120 -0.4558348
26854.936000 0.0924546 -0.0123300 1.3240615 0.5406796 -0.5404798 0.4557967 -0.4558470
26855.036000 0.0924846 -0.0123243 1.3240585 0.5406990 -0.5404656 0.4557795 -0.4558581
26855.136000 0.0925126 -0.0123187 1.3240557 0.5407194 -0.5404523 0.4557611 -0.4558680
26855.236000 0.0929625 -0.0124048 1.3240273 0.5407974 -0.5405290 0.4556367 -0.4558089
26855.336000 0.0925768 -0.0123102 1.3240494 0.5407640 -0.5404306 0.4557185 -0.4558834
26855.436000 0.0930153 -0.0123944 1.3240218 0.5408419 -0.5405061 0.4555951 -0.4558248
26855.536000 0.0930468 -0.0123906 1.3240187 0.5408655 -0.5404967 0.4555721 -0.4558310
26855.637000 0.0930686 -0.0123849 1.3240163 0.5408880 -0.5404856 0.4555512 -0.4558384
26855.736000 0.0926573 -0.0122858 1.3240400 0.5408524 -0.5403838 0.4556374 -0.4559151
26855.836000 0.0931012 -0.0123716 1.3240120 0.5409322 -0.5404618 0.4555110 -0.4558543
26855.936000 0.0927056 -0.0122763 1.3240349 0.5408990 -0.5403636 0.4555929 -0.4559282
26856.036000 0.0927109 -0.0122678 1.3240335 0.5409198 -0.5403498 0.4555752 -0.4559377
26856.136000 0.0927262 -0.0122622 1.3240316 0.5409417 -0.5403381 0.4555549 -0.4559458
26856.236000 0.0931894 -0.0123488 1.3240019 0.5410261 -0.5404209 0.4554228 -0.4558796
26856.336000 0.0932105 -0.0123450 1.3239998 0.5410486 -0.5404104 0.4554010 -0.4558870
26856.436000 0.0928072 -0.0122489 1.3240232 0.5410142 -0.5403112 0.4554846 -0.4559619
26856.537000 0.0932301 -0.0123308 1.3239966 0.5410914 -0.5403852 0.4553629 -0.4559042
26856.636000 0.0932599 -0.0123279 1.3239938 0.5411158 -0.5403766 0.4553386 -0.4559097
26856.736000 0.0928568 -0.0122318 1.3240172 0.5410815 -0.5402774 0.4554220 -0.4559845
26856.836000 0.0932834 -0.0123146 1.3239903 0.5411593 -0.5403521 0.4552992 -0.4559264
26856.936000 0.0928845 -0.0122195 1.3240136 0.5411257 -0.5402536 0.4553815 -0.4560007
26857.036000 0.0933149 -0.0123032 1.3239865 0.5412038 -0.5403292 0.4552580 -0.4559419
26857.136000 0.0933389 -0.0122994 1.3239840 0.5412271 -0.5403195 0.4552353 -0.4559483
26857.237000 0.0933538 -0.0122936 1.3239822 0.5412492 -0.5403078 0.4552149 -0.4559563
26857.337000 0.0933685 -0.0122879 1.3239804 0.5412711 -0.5402961 0.4551946 -0.4559644
26857.436000 0.0933828 -0.0122822 1.3239786 0.5412930 -0.5402843 0.4551744 -0.4559726
26857.536000 0.0933969 -0.0122765 1.3239768 0.5413148 -0.5402724 0.4551543 -0.4559808
26857.637000 0.0929873 -0.0121798 1.3240008 0.5412795 -0.5401717 0.4552394 -0.4560572
26857.736000 0.0934153 -0.0122632 1.3239738 0.5413570 -0.5402466 0.4551165 -0.4559990
26857.836000 0.0934374 -0.0122593 1.3239716 0.5413798 -0.5402364 0.4550945 -0.4560061
26857.936000 0.0934504 -0.0122536 1.3239699 0.5414013 -0.5402242 0.4550747 -0.4560147
26858.036000 0.0930394 -0.0121570 1.3239941 0.5413656 -0.5401231 0.4551602 -0.4560915
26858.136000 0.0934667 -0.0122403 1.3239672 0.5414429 -0.5401978 0.4550377 -0.4560336
26858.236000 0.0934877 -0.0122364 1.3239651 0.5414654 -0.5401872 0.4550160 -0.4560411
26858.336000 0.0930760 -0.0121399 1.3239893 0.5414295 -0.5400859 0.4551017 -0.4561181
26858.437000 0.0935024 -0.0122231 1.3239625 0.5415066 -0.5401604 0.4549794 -0.4560605
26858.536000 0.0935227 -0.0122193 1.3239605 0.5415288 -0.5401496 0.4549580 -0.4560682
26858.636000 0.0935339 -0.0122135 1.3239590 0.5415499 -0.5401369 0.4549388 -0.4560773
26858.737000 0.0935449 -0.0122079 1.3239575 0.5415706 -0.5401243 0.4549199 -0.4560865
26858.836000 0.0931234 -0.0121095 1.3239824 0.5415334 -0.5400208 0.4550079 -0.4561654
26858.936000 0.0935574 -0.0121945 1.3239552 0.5416113 -0.5400967 0.4548839 -0.4561068
26859.036000 0.0931527 -0.0121000 1.3239791 0.5415762 -0.5399968 0.4549680 -0.4561830
26859.137000 0.0931498 -0.0120915 1.3239785 0.5415951 -0.5399810 0.4549524 -0.4561946
26859.236000 0.0931596 -0.0120858 1.3239771 0.5416157 -0.5399680 0.4549337 -0.4562043
26859.336000 0.0935969 -0.0121715 1.3239497 0.5416940 -0.5400445 0.4548089 -0.4561452
26859.436000 0.0936152 -0.0121677 1.3239479 0.5417157 -0.5400332 0.4547881 -0.4561536
26859.536000 0.0936243 -0.0121620 1.3239466 0.5417361 -0.5400199 0.4547696 -0.4561634
26859.636000 0.0936333 -0.0121562 1.3239453 0.5417565 -0.5400066 0.4547512 -0.4561733
26859.736000 0.0936421 -0.0121505 1.3239440 0.5417768 -0.5399933 0.4547328 -0.4561833
26859.836000 0.0932271 -0.0120543 1.3239687 0.5417400 -0.5398911 0.4548196 -0.4562615
26859.936000 0.0932225 -0.0120459 1.3239682 0.5417585 -0.5398749 0.4548045 -0.4562737
26860.036000 0.0936584 -0.0121314 1.3239409 0.5418363 -0.5399510 0.4546803 -0.4562151
26860.136000 0.0936752 -0.0121276 1.3239392 0.5418576 -0.5399392 0.4546600 -0.4562239
26860.236000 0.0932595 -0.0120315 1.3239639 0.5418206 -0.5398369 0.4547470 -0.4563023
26860.336000 0.0936818 -0.0121142 1.3239375 0.5418965 -0.5399101 0.4546261 -0.4562460
26860.436000 0.0932660 -0.0120183 1.3239622 0.5418594 -0.5398076 0.4547132 -0.4563245
26860.536000 0.0936967 -0.0121028 1.3239352 0.5419364 -0.5398826 0.4545902 -0.4562669
26860.636000 0.0932803 -0.0120069 1.3239600 0.5418992 -0.5397800 0.4546774 -0.4563455
26860.736000 0.0932828 -0.0120002 1.3239592 0.5419184 -0.5397652 0.4546608 -0.4563569
26860.836000 0.0937173 -0.0120855 1.3239320 0.5419958 -0.5398409 0.4545370 -0.4562987
26860.936000 0.0933006 -0.0119897 1.3239569 0.5419585 -0.5397382 0.4546243 -0.4563775
26861.036000 0.0937305 -0.0120741 1.3239300 0.5420353 -0.5398129 0.4545017 -0.4563201
26861.136000 0.0937454 -0.0120702 1.3239284 0.5420560 -0.5398006 0.4544820 -0.4563296
26861.236000 0.0937515 -0.0120645 1.3239274 0.5420756 -0.5397865 0.4544645 -0.4563404
26861.336000 0.0933338 -0.0119687 1.3239524 0.5420380 -0.5396836 0.4545521 -0.4564195
26861.436000 0.0937502 -0.0120503 1.3239263 0.5421127 -0.5397555 0.4544331 -0.4563643
26861.536000 0.0937689 -0.0120473 1.3239246 0.5421341 -0.5397438 0.4544123 -0.4563733
26861.636000 0.0937743 -0.0120415 1.3239236 0.5421535 -0.5397295 0.4543950 -0.4563844
26861.736000 0.0937797 -0.0120358 1.3239227 0.5421729 -0.5397152 0.4543778 -0.4563955
26861.836000 0.0933527 -0.0119384 1.3239483 0.5421339 -0.5396103 0.4544677 -0.4564763
26861.936000 0.0937813 -0.0120225 1.3239215 0.5422104 -0.5396846 0.4543456 -0.4564193
26862.036000 0.0933627 -0.0119270 1.3239465 0.5421725 -0.5395814 0.4544335 -0.4564987
26862.136000 0.0937910 -0.0120110 1.3239198 0.5422488 -0.5396556 0.4543114 -0.4564419
26862.237000 0.0938042 -0.0120071 1.3239184 0.5422692 -0.5396429 0.4542923 -0.4564518
26862.336000 0.0938087 -0.0120014 1.3239176 0.5422883 -0.5396283 0.4542753 -0.4564632
26862.436000 0.0938131 -0.0119957 1.3239167 0.5423074 -0.5396136 0.4542584 -0.4564747
26862.536000 0.0933979 -0.0119012 1.3239416 0.5422697 -0.5395114 0.4543456 -0.4565536
26862.636000 0.0933849 -0.0118918 1.3239419 0.5422866 -0.5394929 0.4543329 -0.4565680
26862.736000 0.0938124 -0.0119757 1.3239152 0.5423625 -0.5395670 0.4542112 -0.4565112
26862.836000 0.0938293 -0.0119727 1.3239136 0.5423834 -0.5395548 0.4541911 -0.4565209
26862.936000 0.0934137 -0.0118784 1.3239385 0.5423456 -0.5394524 0.4542785 -0.4565999
26863.036000 0.0938278 -0.0119594 1.3239127 0.5424200 -0.5395233 0.4541599 -0.4565456
26863.136000 0.0938402 -0.0119555 1.3239114 0.5424401 -0.5395103 0.4541410 -0.4565559
26863.236000 0.0934158 -0.0118595 1.3239369 0.5424010 -0.5394060 0.4542306 -0.4566365
26863.336000 0.0938382 -0.0119422 1.3239105 0.5424765 -0.5394786 0.4541100 -0.4565809
26863.437000 0.0934265 -0.0118489 1.3239352 0.5424393 -0.5393768 0.4541963 -0.4566596
26863.536000 0.0938443 -0.0119307 1.3239091 0.5425140 -0.5394486 0.4540770 -0.4566046
26863.636000 0.0934325 -0.0118375 1.3239338 0.5424767 -0.5393468 0.4541633 -0.4566834
26863.736000 0.0934223 -0.0118291 1.3239340 0.5424936 -0.5393290 0.4541501 -0.4566974
26863.837000 0.0934251 -0.0118234 1.3239333 0.5425123 -0.5393139 0.4541337 -0.4567094
26863.936000 0.0938555 -0.0119078 1.3239065 0.5425886 -0.5393883 0.4540114 -0.4566525
26864.036000 0.0938669 -0.0119040 1.3239053 0.5426084 -0.5393750 0.4539929 -0.4566631
26864.136000 0.0938693 -0.0118982 1.3239047 0.5426270 -0.5393598 0.4539766 -0.4566752
26864.237000 0.0934438 -0.0118025 1.3239303 0.5425876 -0.5392553 0.4540665 -0.4567561
26864.336000 0.0938651 -0.0118849 1.3239040 0.5426628 -0.5393275 0.4539462 -0.4567009
26864.436000 0.0934524 -0.0117919 1.3239288 0.5426253 -0.5392255 0.4540328 -0.4567799
26864.536000 0.0938692 -0.0118735 1.3239028 0.5426997 -0.5392970 0.4539139 -0.4567253
26864.637000 0.0938800 -0.0118696 1.3239017 0.5427193 -0.5392835 0.4538956 -0.4567361
26864.736000 0.0938819 -0.0118639 1.3239011 0.5427376 -0.5392683 0.4538796 -0.4567482
26864.836000 0.0934515 -0.0117673 1.3239271 0.5426977 -0.5391624 0.4539704 -0.4568303
26864.937000 0.0938767 -0.0118506 1.3239006 0.5427733 -0.5392356 0.4538495 -0.4567744
26865.036000 0.0938870 -0.0118467 1.3238995 0.5427928 -0.5392219 0.4538313 -0.4567853
26865.137000 0.0938885 -0.0118410 1.3238990 0.5428111 -0.5392065 0.4538153 -0.4567977
26865.236000 0.0938899 -0.0118352 1.3238984 0.5428294 -0.5391910 0.4537993 -0.4568101
26865.336000 0.0934676 -0.0117406 1.3239239 0.5427904 -0.5390869 0.4538883 -0.4568909
26865.436000 0.0934559 -0.0117322 1.3239242 0.5428069 -0.5390687 0.4538756 -0.4569054
26865.536000 0.1030617 -0.0123532 1.3239930 0.5407234 -0.5406397 0.4557205 -0.4556816
26865.636000 0.1037393 -0.0124526 1.3239633 0.5407638 -0.5407502 0.4556287 -0.4555944
26865.736000 0.1037751 -0.0124477 1.3239599 0.5407832 -0.5407359 0.4556113 -0.4556058
26865.836000 0.1038042 -0.0124419 1.3239570 0.5408030 -0.5407220 0.4555936 -0.4556164
26865.936000 0.1038314 -0.0124362 1.3239541 0.5408237 -0.5407090 0.4555748 -0.4556260
26866.036000 0.1135624 -0.0125042 1.3239572 -0.5406873 0.5408038 -0.4556579 0.4555924
26866.136000 0.1221045 -0.0123438 1.3240671 0.5406476 -0.5405081 0.4558220 -0.4558262
26866.236000 0.1427784 -0.0124259 1.3240154 -0.5406145 0.5406458 -0.4558104 0.4557137
26866.336000 0.1530501 -0.0123701 1.3239964 -0.5406689 0.5406743 -0.4557685 0.4556572
26866.436000 0.1724325 -0.0124599 1.3240437 0.5406454 -0.5406165 0.4557573 -0.4557649
26866.536000 0.1826108 -0.0124377 1.3240447 0.5406879 -0.5405901 0.4557335 -0.4557696
26866.636000 0.1935883 -0.0124649 1.3239696 -0.5407256 0.5407683 -0.4556617 0.4555852
26866.736000 0.2030833 -0.0123673 1.3239924 0.5406862 -0.5406800 0.4557507 -0.4556477
26866.836000 0.2124312 -0.0124299 1.3240411 0.5407097 -0.5405910 0.4557145 -0.4557617
26866.936000 0.2232198 -0.0124588 1.3239658 -0.5407498 0.5407646 -0.4556394 0.4555832
26867.036000 0.2335107 -0.0124587 1.3239656 -0.5407479 0.5407666 -0.4556411 0.4555814
26867.136000 0.2430813 -0.0123672 1.3239924 0.5406864 -0.5406798 0.4557506 -0.4556478
26867.237000 0.2433073 -0.0123589 1.3239896 0.5407034 -0.5406615 0.4557379 -0.4556620
26867.336000 0.2433386 -0.0123531 1.3239865 0.5407222 -0.5406464 0.4557216 -0.4556740
26867.437000 0.2433677 -0.0123473 1.3239835 0.5407421 -0.5406325 0.4557038 -0.4556846
26867.536000 0.2433949 -0.0123417 1.3239807 0.5407628 -0.5406196 0.4556850 -0.4556942
26867.636000 0.2520884 -0.0123409 1.3240688 0.5406436 -0.5405014 0.4558279 -0.4558330
26867.737000 0.2620911 -0.0123410 1.3240679 0.5406436 -0.5405076 0.4558271 -0.4558264
26867.836000 0.2726182 -0.0124338 1.3240419 0.5407018 -0.5405978 0.4557203 -0.4557573
26867.936000 0.2830769 -0.0123681 1.3239930 0.5406858 -0.5406792 0.4557511 -0.4556488
26868.036000 0.2921028 -0.0123395 1.3240668 0.5406512 -0.5405041 0.4558204 -0.4558282
26868.136000 0.3026295 -0.0124319 1.3240406 0.5407082 -0.5405954 0.4557147 -0.4557581
26868.236000 0.3233491 -0.0126415 1.3239655 -0.5407103 0.5408142 -0.4556089 0.4556017
26868.336000 0.3330563 -0.0123457 1.3239850 0.5407002 -0.5406392 0.4557686 -0.4556616
26868.436000 0.3420746 -0.0123670 1.3240714 0.5405808 -0.5405333 0.4558727 -0.4558249
26868.536000 0.3526182 -0.0124338 1.3240419 0.5407017 -0.5405978 0.4557203 -0.4557572
26868.637000 0.3626433 -0.0124333 1.3240398 0.5407107 -0.5405962 0.4557115 -0.4557574
26868.736000 0.3828620 -0.0123712 1.3239955 -0.5406704 0.5406775 -0.4557660 0.4556542
26868.836000 0.3933866 -0.0124599 1.3239688 -0.5407330 0.5407698 -0.4556557 0.4555806
26868.937000 0.4034118 -0.0124597 1.3239661 -0.5407453 0.5407688 -0.4556432 0.4555797
26869.036000 0.4217944 -0.0123451 1.3240687 0.5406405 -0.5405050 0.4558288 -0.4558315
26869.137000 0.4333951 -0.0124575 1.3239673 -0.5407438 0.5407652 -0.4556462 0.4555828
26869.236000 0.4434117 -0.0124596 1.3239661 -0.5407455 0.5407686 -0.4556430 0.4555799
26869.336000 0.4534117 -0.0124596 1.3239661 -0.5407455 0.5407687 -0.4556431 0.4555798
26869.436000 0.4726222 -0.0127208 1.3240189 -0.5406793 0.5406891 -0.4556286 0.4557674
26869.536000 0.4826264 -0.0124424 1.3240420 0.5406973 -0.5405997 0.4557214 -0.4557592
26869.636000 0.4926262 -0.0124361 1.3240418 0.5407008 -0.5405993 0.4557202 -0.4557568
26869.736000 0.5026308 -0.0124354 1.3240412 0.5407041 -0.5405996 0.4557170 -0.4557556
26869.836000 0.5126342 -0.0124349 1.3240407 0.5407061 -0.5405991 0.4557152 -0.4557555
26869.936000 0.5234135 -0.0124598 1.3239663 -0.5407469 0.5407670 -0.4556418 0.4555814
26870.037000 0.5321167 -0.0123417 1.3240656 0.5406549 -0.5405056 0.4558155 -0.4558269
26870.136000 0.5523943 -0.0124588 1.3240459 -0.5406323 0.5406330 -0.4557761 0.4557420
26870.237000 0.5630610 -0.0123719 1.3239957 -0.5406681 0.5406782 -0.4557679 0.4556541
26870.336000 0.5720875 -0.0123418 1.3240691 0.5406400 -0.5405026 0.4558312 -0.4558325
26870.436000 0.5923735 -0.0124603 1.3240484 -0.5406156 0.5406347 -0.4557941 0.4557418
26870.537000 0.6021098 -0.0123435 1.3240667 0.5406470 -0.5405106 0.4558223 -0.4558236
26870.636000 0.6231119 -0.0124589 1.3239657 -0.5407326 0.5407787 -0.4556562 0.4555700
26870.736000 0.6323243 -0.0123649 1.3240525 0.5406134 -0.5405404 0.4558374 -0.4558129
26870.836000 0.6433689 -0.0124529 1.3239722 0.5407552 -0.5407169 0.4556352 -0.4556376
26870.936000 0.6530511 -0.0123743 1.3239978 -0.5406545 0.5406706 -0.4557803 0.4556670
26871.036000 0.6626057 -0.0124358 1.3240444 0.5406930 -0.5405890 0.4557288 -0.4557695
26871.136000 0.6726214 -0.0124367 1.3240427 0.5406964 -0.5405970 0.4557247 -0.4557600
26871.236000 0.6835960 -0.0124627 1.3239680 -0.5407369 0.5407704 -0.4556507 0.4555804
26871.336000 0.6924418 -0.0124354 1.3240413 0.5407063 -0.5405969 0.4557152 -0.4557581
26871.436000 0.7117886 -0.0123452 1.3240687 0.5406405 -0.5405050 0.4558288 -0.4558314
26871.536000 0.7219910 -0.0123416 1.3240685 0.5406403 -0.5405066 0.4558304 -0.4558282
26871.636000 0.7330597 -0.0123671 1.3239941 0.5406814 -0.5406783 0.4557561 -0.4556501
26871.736000 0.7435977 -0.0124605 1.3239673 -0.5407391 0.5407712 -0.4556490 0.4555784
26871.836000 0.7620156 -0.0123492 1.3240662 0.5406383 -0.5405205 0.4558286 -0.4558159
26871.936000 0.7729825 -0.0123766 1.3240042 0.5406564 -0.5406379 0.4557716 -0.4557120
26872.036000 0.7830645 -0.0123670 1.3239939 -0.5406797 0.5406806 -0.4557576 0.4556479
26872.136000 0.8032794 -0.0124638 1.3239704 -0.5407217 0.5407670 -0.4556661 0.4555870
26872.236000 0.8129871 -0.0123686 1.3239923 0.5406859 -0.5406815 0.4557505 -0.4556466
26872.337000 0.8323734 -0.0124603 1.3240484 -0.5406157 0.5406347 -0.4557941 0.4557418
26872.436000 0.8430576 -0.0123573 1.3239970 0.5407124 -0.5406216 0.4557289 -0.4557079
26872.536000 0.8526097 -0.0124353 1.3240437 0.5406960 -0.5405925 0.4557260 -0.4557646
26872.636000 0.8726880 -0.0123685 1.3240138 0.5406364 -0.5406237 0.4558084 -0.4557158
26872.736000 0.8834760 -0.0124458 1.3239719 0.5407672 -0.5407073 0.4556292 -0.4556408
26872.836000 0.8933915 -0.0124642 1.3239696 -0.5407247 0.5407692 -0.4556628 0.4555841
26872.936000 0.9030645 -0.0123703 1.3239944 -0.5406750 0.5406828 -0.4557609 0.4556475
26873.036000 0.9130607 -0.0123678 1.3239945 -0.5406766 0.5406810 -0.4557604 0.4556483
26873.136000 0.9220953 -0.0123408 1.3240677 0.5406466 -0.5405053 0.4558245 -0.4558282
26873.236000 0.9330661 -0.0123662 1.3239935 0.5406846 -0.5406773 0.4557532 -0.4556503
26873.336000 0.9433987 -0.0124574 1.3239672 -0.5407420 0.5407672 -0.4556477 0.4555811
26873.436000 0.9526378 -0.0124338 1.3240401 0.5407114 -0.5405951 0.4557107 -0.4557585
26873.536000 0.9626425 -0.0124334 1.3240398 0.5407105 -0.5405964 0.4557116 -0.4557573
26873.636000 0.9833159 -0.0124657 1.3239665 -0.5407348 0.5407776 -0.4556518 0.4555732
26873.736000 0.9925825 -0.0124628 1.3240490 0.5406230 -0.5406178 0.4557824 -0.4557649
26873.837000 1.0026291 -0.0124357 1.3240414 0.5407028 -0.5405998 0.4557182 -0.4557557
26873.936000 1.0134080 -0.0124609 1.3239669 -0.5407435 0.5407690 -0.4556446 0.4555802
26874.036000 1.0228930 -0.0123692 1.3239920 0.5406874 -0.5406816 0.4557486 -0.4556465
26874.137000 1.0323006 -0.0123390 1.3240664 0.5406528 -0.5405032 0.4558191 -0.4558287
26874.236000 1.0426366 -0.0124314 1.3240403 0.5407097 -0.5405942 0.4557135 -0.4557589
26874.336000 1.0628013 -0.0124110 1.3239887 -0.5406889 0.5407133 -0.4557285 0.4556272
26874.436000 1.0728679 -0.0123694 1.3239945 -0.5406787 0.5406793 -0.4557579 0.4556503
26874.536000 1.0928361 -0.0123723 1.3239984 -0.5406534 0.5406687 -0.4557824 0.4556685
26874.636000 1.1033773 -0.0124617 1.3239707 -0.5407211 0.5407661 -0.4556679 0.4555870
26874.736000 1.1123008 -0.0123409 1.3240667 0.5406506 -0.5405059 0.4558203 -0.4558270
26874.836000 1.1234043 -0.0124569 1.3239670 -0.5407457 0.5407639 -0.4556446 0.4555837
26874.936000 1.1424018 -0.0124607 1.3240451 -0.5406311 0.5406418 -0.4557775 0.4557318
26875.036000 1.1530599 -0.0123728 1.3239959 -0.5406653 0.5406788 -0.4557702 0.4556544
26875.136000 1.1626128 -0.0124347 1.3240433 0.5406975 -0.5405927 0.4557249 -0.4557637
26875.236000 1.1730697 -0.0123695 1.3239939 0.5406803 -0.5406803 0.4557561 -0.4556491
26875.336000 1.1826215 -0.0124335 1.3240418 0.5407048 -0.5405953 0.4557176 -0.4557592
26875.436000 1.1934096 -0.0124606 1.3239667 -0.5407447 0.5407684 -0.4556437 0.4555805
26875.537000 1.2021145 -0.0123421 1.3240658 0.5406538 -0.5405064 0.4558165 -0.4558264
26875.636000 1.2134011 -0.0124562 1.3239667 -0.5407473 0.5407625 -0.4556433 0.4555847
26875.736000 1.2235149 -0.0124587 1.3239656 -0.5407479 0.5407666 -0.4556411 0.4555813
26875.836000 1.2428591 -0.0123716 1.3239960 -0.5406653 0.5406789 -0.4557709 0.4556537
26875.937000 1.2520053 -0.0123400 1.3240671 0.5406496 -0.5405050 0.4558217 -0.4558277
26876.036000 1.2630688 -0.0123653 1.3239930 0.5406876 -0.5406756 0.4557507 -0.4556512
26876.136000 1.2828446 -0.0123608 1.3239981 0.5406981 -0.5406278 0.4557405 -0.4557058
26876.236000 1.2920844 -0.0123423 1.3240695 0.5406385 -0.5405024 0.4558323 -0.4558334
26876.336000 1.3030580 -0.0123678 1.3239946 -0.5406782 0.5406785 -0.4557591 0.4556507
26876.436000 1.3133913 -0.0124589 1.3239681 -0.5407370 0.5407694 -0.4556520 0.4555800
26876.536000 1.3226299 -0.0124352 1.3240410 0.5407071 -0.5405971 0.4557144 -0.4557576
26876.637000 1.3418023 -0.0123449 1.3240683 0.5406399 -0.5405090 0.4558291 -0.4558271
26876.736000 1.3526257 -0.0124326 1.3240410 0.5407061 -0.5405968 0.4557164 -0.4557572
26876.836000 1.3724155 -0.0124619 1.3240450 0.5406397 -0.5406252 0.4557640 -0.4557546
26876.936000 1.3830574 -0.0123734 1.3239966 -0.5406642 0.5406738 -0.4557704 0.4556615
26877.036000 1.3935883 -0.0124625 1.3239687 -0.5407310 0.5407720 -0.4556565 0.4555795
26877.137000 1.4029929 -0.0123679 1.3239920 0.5406876 -0.5406803 0.4557491 -0.4556474
26877.236000 1.4223972 -0.0124361 1.3240453 0.5406930 -0.5405812 0.4557279 -0.4557797
26877.336000 1.4335872 -0.0124658 1.3239698 -0.5407228 0.5407689 -0.4556640 0.4555856
26877.436000 1.4421952 -0.0123437 1.3240686 0.5406409 -0.5405047 0.4558293 -0.4558308
26877.536000 1.4528814 -0.0123651 1.3239929 0.5406881 -0.5406752 0.4557503 -0.4556515
26877.636000 1.4626298 -0.0124314 1.3240404 0.5407117 -0.5405920 0.4557117 -0.4557608
26877.736000 1.4820554 -0.0123579 1.3240645 0.5406456 -0.5405254 0.4558176 -0.4558124
26877.836000 1.4930174 -0.0123661 1.3240020 0.5406787 -0.5406177 0.4557561 -0.4557250
26877.936000 1.5028731 -0.0123668 1.3239938 0.5406805 -0.5406804 0.4557569 -0.4556480
26878.036000 1.5126181 -0.0124334 1.3240417 0.5407054 -0.5405953 0.4557171 -0.4557591
26878.136000 1.5234080 -0.0124609 1.3239669 -0.5407436 0.5407689 -0.4556445 0.4555803
26878.236000 1.5330786 -0.0123674 1.3239925 0.5406859 -0.5406802 0.4557510 -0.4556476
26878.336000 1.5430749 -0.0123649 1.3239927 0.5406864 -0.5406771 0.4557518 -0.4556498
26878.436000 1.5628863 -0.0122820 1.3239897 0.5406904 -0.5406747 0.4557786 -0.4556211
26878.536000 1.5732242 -0.0124080 1.3239839 -0.5406260 0.5407139 -0.4557694 0.4556603
26878.637000 1.5833904 -0.0124591 1.3239682 -0.5407361 0.5407698 -0.4556528 0.4555799
26878.736000 1.5929810 -0.0123692 1.3239927 0.5406839 -0.5406826 0.4557521 -0.4556460
26878.837000 1.5933033 -0.0123596 1.3239900 0.5407012 -0.5406635 0.4557398 -0.4556605
26878.936000 1.5933350 -0.0123537 1.3239869 0.5407199 -0.5406481 0.4557236 -0.4556727
26879.036000 1.5937881 -0.0124399 1.3239580 0.5407968 -0.5407231 0.4556007 -0.4556154
26879.136000 1.5934006 -0.0123442 1.3239805 0.5407615 -0.5406229 0.4556851 -0.4556917
26879.236000 1.5938499 -0.0124303 1.3239519 0.5408399 -0.5406995 0.4555603 -0.4556326
26879.336000 1.5934591 -0.0123346 1.3239746 0.5408058 -0.5406005 0.4556434 -0.4557076
26879.436000 1.5938850 -0.0124160 1.3239474 0.5408820 -0.5406736 0.4555230 -0.4556507
26879.536000 1.5934972 -0.0123215 1.3239699 0.5408494 -0.5405761 0.4556039 -0.4557242
26879.636000 1.5935102 -0.0123139 1.3239680 0.5408709 -0.5405632 0.4555850 -0.4557329
26879.736000 1.5935314 -0.0123082 1.3239655 0.5408936 -0.5405523 0.4555637 -0.4557401
26879.836000 1.5939801 -0.0123950 1.3239369 0.5409740 -0.5406314 0.4554362 -0.4556782
26879.936000 1.5935814 -0.0122986 1.3239602 0.5409407 -0.5405326 0.4555186 -0.4557526
26880.037000 1.5940215 -0.0123835 1.3239321 0.5410202 -0.5406102 0.4553929 -0.4556918
26880.136000 1.5936268 -0.0122872 1.3239550 0.5409880 -0.5405125 0.4554740 -0.4557648
26880.236000 1.5936196 -0.0122796 1.3239549 0.5410057 -0.5404958 0.4554596 -0.4557781
26880.336000 1.5936414 -0.0122738 1.3239524 0.5410293 -0.5404857 0.4554374 -0.4557842
26880.436000 1.5940924 -0.0123614 1.3239237 0.5411105 -0.5405656 0.4553086 -0.4557218
26880.536000 1.5936867 -0.0122643 1.3239475 0.5410761 -0.5404658 0.4553926 -0.4557970
26854.787000 0.0924221 -0.0123358 1.3240646 0.5406616 -0.5404952 0.4558120 -0.4558348
26854.787000 0.0924221 -0.0123358 1.3240646 0.5406616 -0.5404952 0.4558120 -0.4558348
26854.836000 0.0924221 -0.0123358 1.3240646 0.5406616 -0.5404952 0.4558120 -0.4558348
26854.936000 0.0924546 -0.0123300 1.3240615 0.5406796 -0.5404798 0.4557967 -0.4558470
26855.036000 0.0924846 -0.0123243 1.3240585 0.5406990 -0.5404656 0.4557795 -0.4558581
26855.136000 0.0925126 -0.0123187 1.3240557 0.5407194 -0.5404523 0.4557611 -0.4558680
26855.236000 0.0929625 -0.0124048 1.3240273 0.5407974 -0.5405290 0.4556367 -0.4558089
26855.336000 0.0925768 -0.0123102 1.3240494 0.5407640 -0.5404306 0.4557185 -0.4558834
26855.436000 0.0930153 -0.0123944 1.3240218 0.5408419 -0.5405061 0.4555951 -0.4558248
26855.536000 0.0930468 -0.0123906 1.3240187 0.5408655 -0.5404967 0.4555721 -0.4558310
26855.637000 0.0930686 -0.0123849 1.3240163 0.5408880 -0.5404856 0.4555512 -0.4558384
26855.736000 0.0926573 -0.0122858 1.3240400 0.5408524 -0.5403838 0.4556374 -0.4559151
26855.836000 0.0931012 -0.0123716 1.3240120 0.5409322 -0.5404618 0.4555110 -0.4558543
26855.936000 0.0927056 -0.0122763 1.3240349 0.5408990 -0.5403636 0.4555929 -0.4559282
26856.036000 0.0927109 -0.0122678 1.3240335 0.5409198 -0.5403498 0.4555752 -0.4559377
26856.136000 0.0927262 -0.0122622 1.3240316 0.5409417 -0.5403381 0.4555549 -0.4559458
26856.236000 0.0931894 -0.0123488 1.3240019 0.5410261 -0.5404209 0.4554228 -0.4558796
26856.336000 0.0932105 -0.0123450 1.3239998 0.5410486 -0.5404104 0.4554010 -0.4558870
26856.436000 0.0928072 -0.0122489 1.3240232 0.5410142 -0.5403112 0.4554846 -0.4559619
26856.537000 0.0932301 -0.0123308 1.3239966 0.5410914 -0.5403852 0.4553629 -0.4559042
26856.636000 0.0932599 -0.0123279 1.3239938 0.5411158 -0.5403766 0.4553386 -0.4559097
26856.736000 0.0928568 -0.0122318 1.3240172 0.5410815 -0.5402774 0.4554220 -0.4559845
26856.836000 0.0932834 -0.0123146 1.3239903 0.5411593 -0.5403521 0.4552992 -0.4559264
26856.936000 0.0928845 -0.0122195 1.3240136 0.5411257 -0.5402536 0.4553815 -0.4560007
26857.036000 0.0933149 -0.0123032 1.3239865 0.5412038 -0.5403292 0.4552580 -0.4559419
26857.136000 0.0933389 -0.0122994 1.3239840 0.5412271 -0.5403195 0.4552353 -0.4559483
26857.237000 0.0933538 -0.0122936 1.3239822 0.5412492 -0.5403078 0.4552149 -0.4559563
26857.337000 0.0933685 -0.0122879 1.3239804 0.5412711 -0.5402961 0.4551946 -0.4559644
26857.436000 0.0933828 -0.0122822 1.3239786 0.5412930 -0.5402843 0.4551744 -0.4559726
26857.536000 0.0933969 -0.0122765 1.3239768 0.5413148 -0.5402724 0.4551543 -0.4559808
26857.637000 0.0929873 -0.0121798 1.3240008 0.5412795 -0.5401717 0.4552394 -0.4560572
26857.736000 0.0934153 -0.0122632 1.3239738 0.5413570 -0.5402466 0.4551165 -0.4559990
26857.836000 0.0934374 -0.0122593 1.3239716 0.5413798 -0.5402364 0.4550945 -0.4560061
26857.936000 0.0934504 -0.0122536 1.3239699 0.5414013 -0.5402242 0.4550747 -0.4560147
26858.036000 0.0930394 -0.0121570 1.3239941 0.5413656 -0.5401231 0.4551602 -0.4560915
26858.136000 0.0934667 -0.0122403 1.3239672 0.5414429 -0.5401978 0.4550377 -0.4560336
26858.236000 0.0934877 -0.0122364 1.3239651 0.5414654 -0.5401872 0.4550160 -0.4560411
26858.336000 0.0930760 -0.0121399 1.3239893 0.5414295 -0.5400859 0.4551017 -0.4561181
26858.437000 0.0935024 -0.0122231 1.3239625 0.5415066 -0.5401604 0.4549794 -0.4560605
26858.536000 0.0935227 -0.0122193 1.3239605 0.5415288 -0.5401496 0.4549580 -0.4560682
26858.636000 0.0935339 -0.0122135 1.3239590 0.5415499 -0.5401369 0.4549388 -0.4560773
26858.737000 0.0935449 -0.0122079 1.3239575 0.5415706 -0.5401243 0.4549199 -0.4560865
26858.836000 0.0931234 -0.0121095 1.3239824 0.5415334 -0.5400208 0.4550079 -0.4561654
26858.936000 0.0935574 -0.0121945 1.3239552 0.5416113 -0.5400967 0.4548839 -0.4561068
26859.036000 0.0931527 -0.0121000 1.3239791 0.5415762 -0.5399968 0.4549680 -0.4561830
26859.137000 0.0931498 -0.0120915 1.3239785 0.5415951 -0.5399810 0.4549524 -0.4561946
26859.236000 0.0931596 -0.0120858 1.3239771 0.5416157 -0.5399680 0.4549337 -0.4562043
26859.336000 0.0935969 -0.0121715 1.3239497 0.5416940 -0.5400445 0.4548089 -0.4561452
26859.436000 0.0936152 -0.0121677 1.3239479 0.5417157 -0.5400332 0.4547881 -0.4561536
26859.536000 0.0936243 -0.0121620 1.3239466 0.5417361 -0.5400199 0.4547696 -0.4561634
26859.636000 0.0936333 -0.0121562 1.3239453 0.5417565 -0.5400066 0.4547512 -0.4561733
26859.736000 0.0936421 -0.0121505 1.3239440 0.5417768 -0.5399933 0.4547328 -0.4561833
26859.836000 0.0932271 -0.0120543 1.3239687 0.5417400 -0.5398911 0.4548196 -0.4562615
26859.936000 0.0932225 -0.0120459 1.3239682 0.5417585 -0.5398749 0.4548045 -0.4562737
26860.036000 0.0936584 -0.0121314 1.3239409 0.5418363 -0.5399510 0.4546803 -0.4562151
26860.136000 0.0936752 -0.0121276 1.3239392 0.5418576 -0.5399392 0.4546600 -0.4562239
26860.236000 0.0932595 -0.0120315 1.3239639 0.5418206 -0.5398369 0.4547470 -0.4563023
26860.336000 0.0936818 -0.0121142 1.3239375 0.5418965 -0.5399101 0.4546261 -0.4562460
26860.436000 0.0932660 -0.0120183 1.3239622 0.5418594 -0.5398076 0.4547132 -0.4563245
26860.536000 0.0936967 -0.0121028 1.3239352 0.5419364 -0.5398826 0.4545902 -0.4562669
26860.636000 0.0932803 -0.0120069 1.3239600 0.5418992 -0.5397800 0.4546774 -0.4563455
26860.736000 0.0932828 -0.0120002 1.3239592 0.5419184 -0.5397652 0.4546608 -0.4563569
26860.836000 0.0937173 -0.0120855 1.3239320 0.5419958 -0.5398409 0.4545370 -0.4562987
26860.936000 0.0933006 -0.0119897 1.3239569 0.5419585 -0.5397382 0.4546243 -0.4563775
26861.036000 0.0937305 -0.0120741 1.3239300 0.5420353 -0.5398129 0.4545017 -0.4563201
26861.136000 0.0937454 -0.0120702 1.3239284 0.5420560 -0.5398006 0.4544820 -0.4563296
26861.236000 0.0937515 -0.0120645 1.3239274 0.5420756 -0.5397865 0.4544645 -0.4563404
26861.336000 0.0933338 -0.0119687 1.3239524 0.5420380 -0.5396836 0.4545521 -0.4564195
26861.436000 0.0937502 -0.0120503 1.3239263 0.5421127 -0.5397555 0.4544331 -0.4563643
26861.536000 0.0937689 -0.0120473 1.3239246 0.5421341 -0.5397438 0.4544123 -0.4563733
26861.636000 0.0937743 -0.0120415 1.3239236 0.5421535 -0.5397295 0.4543950 -0.4563844
26861.736000 0.0937797 -0.0120358 1.3239227 0.5421729 -0.5397152 0.4543778 -0.4563955
26861.836000 0.0933527 -0.0119384 1.3239483 0.5421339 -0.5396103 0.4544677 -0.4564763
26861.936000 0.0937813 -0.0120225 1.3239215 0.5422104 -0.5396846 0.4543456 -0.4564193
26862.036000 0.0933627 -0.0119270 1.3239465 0.5421725 -0.5395814 0.4544335 -0.4564987
26862.136000 0.0937910 -0.0120110 1.3239198 0.5422488 -0.5396556 0.4543114 -0.4564419
26862.237000 0.0938042 -0.0120071 1.3239184 0.5422692 -0.5396429 0.4542923 -0.4564518
26862.336000 0.0938087 -0.0120014 1.3239176 0.5422883 -0.5396283 0.4542753 -0.4564632
26862.436000 0.0938131 -0.0119957 1.3239167 0.5423074 -0.5396136 0.4542584 -0.4564747
26862.536000 0.0933979 -0.0119012 1.3239416 0.5422697 -0.5395114 0.4543456 -0.4565536
26862.636000 0.0933849 -0.0118918 1.3239419 0.5422866 -0.5394929 0.4543329 -0.4565680
26862.736000 0.0938124 -0.0119757 1.3239152 0.5423625 -0.5395670 0.4542112 -0.4565112
26862.836000 0.0938293 -0.0119727 1.3239136 0.5423834 -0.5395548 0.4541911 -0.4565209
26862.936000 0.0934137 -0.0118784 1.3239385 0.5423456 -0.5394524 0.4542785 -0.4565999
26863.036000 0.0938278 -0.0119594 1.3239127 0.5424200 -0.5395233 0.4541599 -0.4565456
26863.136000 0.0938402 -0.0119555 1.3239114 0.5424401 -0.5395103 0.4541410 -0.4565559
26863.236000 0.0934158 -0.0118595 1.3239369 0.5424010 -0.5394060 0.4542306 -0.4566365
26863.336000 0.0938382 -0.0119422 1.3239105 0.5424765 -0.5394786 0.4541100 -0.4565809
26863.437000 0.0934265 -0.0118489 1.3239352 0.5424393 -0.5393768 0.4541963 -0.4566596
26863.536000 0.0938443 -0.0119307 1.3239091 0.5425140 -0.5394486 0.4540770 -0.4566046
26863.636000 0.0934325 -0.0118375 1.3239338 0.5424767 -0.5393468 0.4541633 -0.4566834
26863.736000 0.0934223 -0.0118291 1.3239340 0.5424936 -0.5393290 0.4541501 -0.4566974
26863.837000 0.0934251 -0.0118234 1.3239333 0.5425123 -0.5393139 0.4541337 -0.4567094
26863.936000 0.0938555 -0.0119078 1.3239065 0.5425886 -0.5393883 0.4540114 -0.4566525
26864.036000 0.0938669 -0.0119040 1.3239053 0.5426084 -0.5393750 0.4539929 -0.4566631
26864.136000 0.0938693 -0.0118982 1.3239047 0.5426270 -0.5393598 0.4539766 -0.4566752
26864.237000 0.0934438 -0.0118025 1.3239303 0.5425876 -0.5392553 0.4540665 -0.4567561
26864.336000 0.0938651 -0.0118849 1.3239040 0.5426628 -0.5393275 0.4539462 -0.4567009
26864.436000 0.0934524 -0.0117919 1.3239288 0.5426253 -0.5392255 0.4540328 -0.4567799
26864.536000 0.0938692 -0.0118735 1.3239028 0.5426997 -0.5392970 0.4539139 -0.4567253
26864.637000 0.0938800 -0.0118696 1.3239017 0.5427193 -0.5392835 0.4538956 -0.4567361
26864.736000 0.0938819 -0.0118639 1.3239011 0.5427376 -0.5392683 0.4538796 -0.4567482
26864.836000 0.0934515 -0.0117673 1.3239271 0.5426977 -0.5391624 0.4539704 -0.4568303
26864.937000 0.0938767 -0.0118506 1.3239006 0.5427733 -0.5392356 0.4538495 -0.4567744
26865.036000 0.0938870 -0.0118467 1.3238995 0.5427928 -0.5392219 0.4538313 -0.4567853
26865.137000 0.0938885 -0.0118410 1.3238990 0.5428111 -0.5392065 0.4538153 -0.4567977
26865.236000 0.0938899 -0.0118352 1.3238984 0.5428294 -0.5391910 0.4537993 -0.4568101
26865.336000 0.0934676 -0.0117406 1.3239239 0.5427904 -0.5390869 0.4538883 -0.4568909
26865.436000 0.0934559 -0.0117322 1.3239242 0.5428069 -0.5390687 0.4538756 -0.4569054
26865.536000 0.1030617 -0.0123532 1.3239930 0.5407234 -0.5406397 0.4557205 -0.4556816
26865.636000 0.1037393 -0.0124526 1.3239633 0.5407638 -0.5407502 0.4556287 -0.4555944
26865.736000 0.1037751 -0.0124477 1.3239599 0.5407832 -0.5407359 0.4556113 -0.4556058
26865.836000 0.1038042 -0.0124419 1.3239570 0.5408030 -0.5407220 0.4555936 -0.4556164
26865.936000 0.1038314 -0.0124362 1.3239541 0.5408237 -0.5407090 0.4555748 -0.4556260
26866.036000 0.1135624 -0.0125042 1.3239572 -0.5406873 0.5408038 -0.4556579 0.4555924
26866.136000 0.1221045 -0.0123438 1.3240671 0.5406476 -0.5405081 0.4558220 -0.4558262
26866.236000 0.1427784 -0.0124259 1.3240154 -0.5406145 0.5406458 -0.4558104 0.4557137
26866.336000 0.1530501 -0.0123701 1.3239964 -0.5406689 0.5406743 -0.4557685 0.4556572
26866.436000 0.1724325 -0.0124599 1.3240437 0.5406454 -0.5406165 0.4557573 -0.4557649
26866.536000 0.1826108 -0.0124377 1.3240447 0.5406879 -0.5405901 0.4557335 -0.4557696
26866.636000 0.1935883 -0.0124649 1.3239696 -0.5407256 0.5407683 -0.4556617 0.4555852
26866.736000 0.2030833 -0.0123673 1.3239924 0.5406862 -0.5406800 0.4557507 -0.4556477
26866.836000 0.2124312 -0.0124299 1.3240411 0.5407097 -0.5405910 0.4557145 -0.4557617
26866.936000 0.2232198 -0.0124588 1.3239658 -0.5407498 0.5407646 -0.4556394 0.4555832
26867.036000 0.2335107 -0.0124587 1.3239656 -0.5407479 0.5407666 -0.4556411 0.4555814
26867.136000 0.2430813 -0.0123672 1.3239924 0.5406864 -0.5406798 0.4557506 -0.4556478
26867.237000 0.2433073 -0.0123589 1.3239896 0.5407034 -0.5406615 0.4557379 -0.4556620
26867.336000 0.2433386 -0.0123531 1.3239865 0.5407222 -0.5406464 0.4557216 -0.4556740
26867.437000 0.2433677 -0.0123473 1.3239835 0.5407421 -0.5406325 0.4557038 -0.4556846
26867.536000 0.2433949 -0.0123417 1.3239807 0.5407628 -0.5406196 0.4556850 -0.4556942
26867.636000 0.2520884 -0.0123409 1.3240688 0.5406436 -0.5405014 0.4558279 -0.4558330
26867.737000 0.2620911 -0.0123410 1.3240679 0.5406436 -0.5405076 0.4558271 -0.4558264
26867.836000 0.2726182 -0.0124338 1.3240419 0.5407018 -0.5405978 0.4557203 -0.4557573
26867.936000 0.2830769 -0.0123681 1.3239930 0.5406858 -0.5406792 0.4557511 -0.4556488
26868.036000 0.2921028 -0.0123395 1.3240668 0.5406512 -0.5405041 0.4558204 -0.4558282
26868.136000 0.3026295 -0.0124319 1.3240406 0.5407082 -0.5405954 0.4557147 -0.4557581
26868.236000 0.3233491 -0.0126415 1.3239655 -0.5407103 0.5408142 -0.4556089 0.4556017
26868.336000 0.3330563 -0.0123457 1.3239850 0.5407002 -0.5406392 0.4557686 -0.4556616
26868.436000 0.3420746 -0.0123670 1.3240714 0.5405808 -0.5405333 0.4558727 -0.4558249
26868.536000 0.3526182 -0.0124338 1.3240419 0.5407017 -0.5405978 0.4557203 -0.4557572
26868.637000 0.3626433 -0.0124333 1.3240398 0.5407107 -0.5405962 0.4557115 -0.4557574
26868.736000 0.3828620 -0.0123712 1.3239955 -0.5406704 0.5406775 -0.4557660 0.4556542
26868.836000 0.3933866 -0.0124599 1.3239688 -0.5407330 0.5407698 -0.4556557 0.4555806
26868.937000 0.4034118 -0.0124597 1.3239661 -0.5407453 0.5407688 -0.4556432 0.4555797
26869.036000 0.4217944 -0.0123451 1.3240687 0.5406405 -0.5405050 0.4558288 -0.4558315
26869.137000 0.4333951 -0.0124575 1.3239673 -0.5407438 0.5407652 -0.4556462 0.4555828
26869.236000 0.4434117 -0.0124596 1.3239661 -0.5407455 0.5407686 -0.4556430 0.4555799
26869.336000 0.4534117 -0.0124596 1.3239661 -0.5407455 0.5407687 -0.4556431 0.4555798
26869.436000 0.4726222 -0.0127208 1.3240189 -0.5406793 0.5406891 -0.4556286 0.4557674
26869.536000 0.4826264 -0.0124424 1.3240420 0.5406973 -0.5405997 0.4557214 -0.4557592
26869.636000 0.4926262 -0.0124361 1.3240418 0.5407008 -0.5405993 0.4557202 -0.4557568
26869.736000 0.5026308 -0.0124354 1.3240412 0.5407041 -0.5405996 0.4557170 -0.4557556
26869.836000 0.5126342 -0.0124349 1.3240407 0.5407061 -0.5405991 0.4557152 -0.4557555
26869.936000 0.5234135 -0.0124598 1.3239663 -0.5407469 0.5407670 -0.4556418 0.4555814
26870.037000 0.5321167 -0.0123417 1.3240656 0.5406549 -0.5405056 0.4558155 -0.4558269
26870.136000 0.5523943 -0.0124588 1.3240459 -0.5406323 0.5406330 -0.4557761 0.4557420
26870.237000 0.5630610 -0.0123719 1.3239957 -0.5406681 0.5406782 -0.4557679 0.4556541
26870.336000 0.5720875 -0.0123418 1.3240691 0.5406400 -0.5405026 0.4558312 -0.4558325
26870.436000 0.5923735 -0.0124603 1.3240484 -0.5406156 0.5406347 -0.4557941 0.4557418
26870.537000 0.6021098 -0.0123435 1.3240667 0.5406470 -0.5405106 0.4558223 -0.4558236
26870.636000 0.6231119 -0.0124589 1.3239657 -0.5407326 0.5407787 -0.4556562 0.4555700
26870.736000 0.6323243 -0.0123649 1.3240525 0.5406134 -0.5405404 0.4558374 -0.4558129
26870.836000 0.6433689 -0.0124529 1.3239722 0.5407552 -0.5407169 0.4556352 -0.4556376
26870.936000 0.6530511 -0.0123743 1.3239978 -0.5406545 0.5406706 -0.4557803 0.4556670
26871.036000 0.6626057 -0.0124358 1.3240444 0.5406930 -0.5405890 0.4557288 -0.4557695
26871.136000 0.6726214 -0.0124367 1.3240427 0.5406964 -0.5405970 0.4557247 -0.4557600
26871.236000 0.6835960 -0.0124627 1.3239680 -0.5407369 0.5407704 -0.4556507 0.4555804
26871.336000 0.6924418 -0.0124354 1.3240413 0.5407063 -0.5405969 0.4557152 -0.4557581
26871.436000 0.7117886 -0.0123452 1.3240687 0.5406405 -0.5405050 0.4558288 -0.4558314
26871.536000 0.7219910 -0.0123416 1.3240685 0.5406403 -0.5405066 0.4558304 -0.4558282
26871.636000 0.7330597 -0.0123671 1.3239941 0.5406814 -0.5406783 0.4557561 -0.4556501
26871.736000 0.7435977 -0.0124605 1.3239673 -0.5407391 0.5407712 -0.4556490 0.4555784
26871.836000 0.7620156 -0.0123492 1.3240662 0.5406383 -0.5405205 0.4558286 -0.4558159
26871.936000 0.7729825 -0.0123766 1.3240042 0.5406564 -0.5406379 0.4557716 -0.4557120
26872.036000 0.7830645 -0.0123670 1.3239939 -0.5406797 0.5406806 -0.4557576 0.4556479
26872.136000 0.8032794 -0.0124638 1.3239704 -0.5407217 0.5407670 -0.4556661 0.4555870
26872.236000 0.8129871 -0.0123686 1.3239923 0.5406859 -0.5406815 0.4557505 -0.4556466
26872.337000 0.8323734 -0.0124603 1.3240484 -0.5406157 0.5406347 -0.4557941 0.4557418
26872.436000 0.8430576 -0.0123573 1.3239970 0.5407124 -0.5406216 0.4557289 -0.4557079
26872.536000 0.8526097 -0.0124353 1.3240437 0.5406960 -0.5405925 0.4557260 -0.4557646
26872.636000 0.8726880 -0.0123685 1.3240138 0.5406364 -0.5406237 0.4558084 -0.4557158
26872.736000 0.8834760 -0.0124458 1.3239719 0.5407672 -0.5407073 0.4556292 -0.4556408
26872.836000 0.8933915 -0.0124642 1.3239696 -0.5407247 0.5407692 -0.4556628 0.4555841
26872.936000 0.9030645 -0.0123703 1.3239944 -0.5406750 0.5406828 -0.4557609 0.4556475
26873.036000 0.9130607 -0.0123678 1.3239945 -0.5406766 0.5406810 -0.4557604 0.4556483
26873.136000 0.9220953 -0.0123408 1.3240677 0.5406466 -0.5405053 0.4558245 -0.4558282
26873.236000 0.9330661 -0.0123662 1.3239935 0.5406846 -0.5406773 0.4557532 -0.4556503
26873.336000 0.9433987 -0.0124574 1.3239672 -0.5407420 0.5407672 -0.4556477 0.4555811
26873.436000 0.9526378 -0.0124338 1.3240401 0.5407114 -0.5405951 0.4557107 -0.4557585
26873.536000 0.9626425 -0.0124334 1.3240398 0.5407105 -0.5405964 0.4557116 -0.4557573
26873.636000 0.9833159 -0.0124657 1.3239665 -0.5407348 0.5407776 -0.4556518 0.4555732
26873.736000 0.9925825 -0.0124628 1.3240490 0.5406230 -0.5406178 0.4557824 -0.4557649
26873.837000 1.0026291 -0.0124357 1.3240414 0.5407028 -0.5405998 0.4557182 -0.4557557
26873.936000 1.0134080 -0.0124609 1.3239669 -0.5407435 0.5407690 -0.4556446 0.4555802
26874.036000 1.0228930 -0.0123692 1.3239920 0.5406874 -0.5406816 0.4557486 -0.4556465
26874.137000 1.0323006 -0.0123390 1.3240664 0.5406528 -0.5405032 0.4558191 -0.4558287
26874.236000 1.0426366 -0.0124314 1.3240403 0.5407097 -0.5405942 0.4557135 -0.4557589
26874.336000 1.0628013 -0.0124110 1.3239887 -0.5406889 0.5407133 -0.4557285 0.4556272
26874.436000 1.0728679 -0.0123694 1.3239945 -0.5406787 0.5406793 -0.4557579 0.4556503
26874.536000 1.0928361 -0.0123723 1.3239984 -0.5406534 0.5406687 -0.4557824 0.4556685
26874.636000 1.1033773 -0.0124617 1.3239707 -0.5407211 0.5407661 -0.4556679 0.4555870
26874.736000 1.1123008 -0.0123409 1.3240667 0.5406506 -0.5405059 0.4558203 -0.4558270
26874.836000 1.1234043 -0.0124569 1.3239670 -0.5407457 0.5407639 -0.4556446 0.4555837
26874.936000 1.1424018 -0.0124607 1.3240451 -0.5406311 0.5406418 -0.4557775 0.4557318
26875.036000 1.1530599 -0.0123728 1.3239959 -0.5406653 0.5406788 -0.4557702 0.4556544
26875.136000 1.1626128 -0.0124347 1.3240433 0.5406975 -0.5405927 0.4557249 -0.4557637
26875.236000 1.1730697 -0.0123695 1.3239939 0.5406803 -0.5406803 0.4557561 -0.4556491
26875.336000 1.1826215 -0.0124335 1.3240418 0.5407048 -0.5405953 0.4557176 -0.4557592
26875.436000 1.1934096 -0.0124606 1.3239667 -0.5407447 0.5407684 -0.4556437 0.4555805
26875.537000 1.2021145 -0.0123421 1.3240658 0.5406538 -0.5405064 0.4558165 -0.4558264
26875.636000 1.2134011 -0.0124562 1.3239667 -0.5407473 0.5407625 -0.4556433 0.4555847
26875.736000 1.2235149 -0.0124587 1.3239656 -0.5407479 0.5407666 -0.4556411 0.4555813
26875.836000 1.2428591 -0.0123716 1.3239960 -0.5406653 0.5406789 -0.4557709 0.4556537
26875.937000 1.2520053 -0.0123400 1.3240671 0.5406496 -0.5405050 0.4558217 -0.4558277
26876.036000 1.2630688 -0.0123653 1.3239930 0.5406876 -0.5406756 0.4557507 -0.4556512
26876.136000 1.2828446 -0.0123608 1.3239981 0.5406981 -0.5406278 0.4557405 -0.4557058
26876.236000 1.2920844 -0.0123423 1.3240695 0.5406385 -0.5405024 0.4558323 -0.4558334
26876.336000 1.3030580 -0.0123678 1.3239946 -0.5406782 0.5406785 -0.4557591 0.4556507
26876.436000 1.3133913 -0.0124589 1.3239681 -0.5407370 0.5407694 -0.4556520 0.4555800
26876.536000 1.3226299 -0.0124352 1.3240410 0.5407071 -0.5405971 0.4557144 -0.4557576
26876.637000 1.3418023 -0.0123449 1.3240683 0.5406399 -0.5405090 0.4558291 -0.4558271
26876.736000 1.3526257 -0.0124326 1.3240410 0.5407061 -0.5405968 0.4557164 -0.4557572
26876.836000 1.3724155 -0.0124619 1.3240450 0.5406397 -0.5406252 0.4557640 -0.4557546
26876.936000 1.3830574 -0.0123734 1.3239966 -0.5406642 0.5406738 -0.4557704 0.4556615
26877.036000 1.3935883 -0.0124625 1.3239687 -0.5407310 0.5407720 -0.4556565 0.4555795
26877.137000 1.4029929 -0.0123679 1.3239920 0.5406876 -0.5406803 0.4557491 -0.4556474
26877.236000 1.4223972 -0.0124361 1.3240453 0.5406930 -0.5405812 0.4557279 -0.4557797
26877.336000 1.4335872 -0.0124658 1.3239698 -0.5407228 0.5407689 -0.4556640 0.4555856
26877.436000 1.4421952 -0.0123437 1.3240686 0.5406409 -0.5405047 0.4558293 -0.4558308
26877.536000 1.4528814 -0.0123651 1.3239929 0.5406881 -0.5406752 0.4557503 -0.4556515
26877.636000 1.4626298 -0.0124314 1.3240404 0.5407117 -0.5405920 0.4557117 -0.4557608
26877.736000 1.4820554 -0.0123579 1.3240645 0.5406456 -0.5405254 0.4558176 -0.4558124
26877.836000 1.4930174 -0.0123661 1.3240020 0.5406787 -0.5406177 0.4557561 -0.4557250
26877.936000 1.5028731 -0.0123668 1.3239938 0.5406805 -0.5406804 0.4557569 -0.4556480
26878.036000 1.5126181 -0.0124334 1.3240417 0.5407054 -0.5405953 0.4557171 -0.4557591
26878.136000 1.5234080 -0.0124609 1.3239669 -0.5407436 0.5407689 -0.4556445 0.4555803
26878.236000 1.5330786 -0.0123674 1.3239925 0.5406859 -0.5406802 0.4557510 -0.4556476
26878.336000 1.5430749 -0.0123649 1.3239927 0.5406864 -0.5406771 0.4557518 -0.4556498
26878.436000 1.5628863 -0.0122820 1.3239897 0.5406904 -0.5406747 0.4557786 -0.4556211
26878.536000 1.5732242 -0.0124080 1.3239839 -0.5406260 0.5407139 -0.4557694 0.4556603
26878.637000 1.5833904 -0.0124591 1.3239682 -0.5407361 0.5407698 -0.4556528 0.4555799
26878.736000 1.5929810 -0.0123692 1.3239927 0.5406839 -0.5406826 0.4557521 -0.4556460
26878.837000 1.5933033 -0.0123596 1.3239900 0.5407012 -0.5406635 0.4557398 -0.4556605
26878.936000 1.5933350 -0.0123537 1.3239869 0.5407199 -0.5406481 0.4557236 -0.4556727
26879.036000 1.5937881 -0.0124399 1.3239580 0.5407968 -0.5407231 0.4556007 -0.4556154
26879.136000 1.5934006 -0.0123442 1.3239805 0.5407615 -0.5406229 0.4556851 -0.4556917
26879.236000 1.5938499 -0.0124303 1.3239519 0.5408399 -0.5406995 0.4555603 -0.4556326
26879.336000 1.5934591 -0.0123346 1.3239746 0.5408058 -0.5406005 0.4556434 -0.4557076
26879.436000 1.5938850 -0.0124160 1.3239474 0.5408820 -0.5406736 0.4555230 -0.4556507
26879.536000 1.5934972 -0.0123215 1.3239699 0.5408494 -0.5405761 0.4556039 -0.4557242
26879.636000 1.5935102 -0.0123139 1.3239680 0.5408709 -0.5405632 0.4555850 -0.4557329
26879.736000 1.5935314 -0.0123082 1.3239655 0.5408936 -0.5405523 0.4555637 -0.4557401
26879.836000 1.5939801 -0.0123950 1.3239369 0.5409740 -0.5406314 0.4554362 -0.4556782
26879.936000 1.5935814 -0.0122986 1.3239602 0.5409407 -0.5405326 0.4555186 -0.4557526
26880.037000 1.5940215 -0.0123835 1.3239321 0.5410202 -0.5406102 0.4553929 -0.4556918
26880.136000 1.5936268 -0.0122872 1.3239550 0.5409880 -0.5405125 0.4554740 -0.4557648
26880.236000 1.5936196 -0.0122796 1.3239549 0.5410057 -0.5404958 0.4554596 -0.4557781
26880.336000 1.5936414 -0.0122738 1.3239524 0.5410293 -0.5404857 0.4554374 -0.4557842
26880.436000 1.5940924 -0.0123614 1.3239237 0.5411105 -0.5405656 0.4553086 -0.4557218
26880.536000 1.5936867 -0.0122643 1.3239475 0.5410761 -0.5404658 0.4553926 -0.4557970
26880.636000 1.5941188 -0.0123480 1.3239200 0.5411546 -0.5405417 0.4552685 -0.4557377
26854.787000 0.0924221 -0.0123358 1.3240646 0.5406616 -0.5404952 0.4558120 -0.4558348
26854.787000 0.0924221 -0.0123358 1.3240646 0.5406616 -0.5404952 0.4558120 -0.4558348
26854.836000 0.0924221 -0.0123358 1.3240646 0.5406616 -0.5404952 0.4558120 -0.4558348
26854.936000 0.0924546 -0.0123300 1.3240615 0.5406796 -0.5404798 0.4557967 -0.4558470
26855.036000 0.0924846 -0.0123243 1.3240585 0.5406990 -0.5404656 0.4557795 -0.4558581
26855.136000 0.0925126 -0.0123187 1.3240557 0.5407194 -0.5404523 0.4557611 -0.4558680
26855.236000 0.0929625 -0.0124048 1.3240273 0.5407974 -0.5405290 0.4556367 -0.4558089
26855.336000 0.0925768 -0.0123102 1.3240494 0.5407640 -0.5404306 0.4557185 -0.4558834
26855.436000 0.0930153 -0.0123944 1.3240218 0.5408419 -0.5405061 0.4555951 -0.4558248
26855.536000 0.0930468 -0.0123906 1.3240187 0.5408655 -0.5404967 0.4555721 -0.4558310
26855.637000 0.0930686 -0.0123849 1.3240163 0.5408880 -0.5404856 0.4555512 -0.4558384
26855.736000 0.0926573 -0.0122858 1.3240400 0.5408524 -0.5403838 0.4556374 -0.4559151
26855.836000 0.0931012 -0.0123716 1.3240120 0.5409322 -0.5404618 0.4555110 -0.4558543
26855.936000 0.0927056 -0.0122763 1.3240349 0.5408990 -0.5403636 0.4555929 -0.4559282
26856.036000 0.0927109 -0.0122678 1.3240335 0.5409198 -0.5403498 0.4555752 -0.4559377
26856.136000 0.0927262 -0.0122622 1.3240316 0.5409417 -0.5403381 0.4555549 -0.4559458
26856.236000 0.0931894 -0.0123488 1.3240019 0.5410261 -0.5404209 0.4554228 -0.4558796
26856.336000 0.0932105 -0.0123450 1.3239998 0.5410486 -0.5404104 0.4554010 -0.4558870
26856.436000 0.0928072 -0.0122489 1.3240232 0.5410142 -0.5403112 0.4554846 -0.4559619
26856.537000 0.0932301 -0.0123308 1.3239966 0.5410914 -0.5403852 0.4553629 -0.4559042
26856.636000 0.0932599 -0.0123279 1.3239938 0.5411158 -0.5403766 0.4553386 -0.4559097
26856.736000 0.0928568 -0.0122318 1.3240172 0.5410815 -0.5402774 0.4554220 -0.4559845
26856.836000 0.0932834 -0.0123146 1.3239903 0.5411593 -0.5403521 0.4552992 -0.4559264
26856.936000 0.0928845 -0.0122195 1.3240136 0.5411257 -0.5402536 0.4553815 -0.4560007
26857.036000 0.0933149 -0.0123032 1.3239865 0.5412038 -0.5403292 0.4552580 -0.4559419
26857.136000 0.0933389 -0.0122994 1.3239840 0.5412271 -0.5403195 0.4552353 -0.4559483
26857.237000 0.0933538 -0.0122936 1.3239822 0.5412492 -0.5403078 0.4552149 -0.4559563
26857.337000 0.0933685 -0.0122879 1.3239804 0.5412711 -0.5402961 0.4551946 -0.4559644
26857.436000 0.0933828 -0.0122822 1.3239786 0.5412930 -0.5402843 0.4551744 -0.4559726
26857.536000 0.0933969 -0.0122765 1.3239768 0.5413148 -0.5402724 0.4551543 -0.4559808
26857.637000 0.0929873 -0.0121798 1.3240008 0.5412795 -0.5401717 0.4552394 -0.4560572
26857.736000 0.0934153 -0.0122632 1.3239738 0.5413570 -0.5402466 0.4551165 -0.4559990
26857.836000 0.0934374 -0.0122593 1.3239716 0.5413798 -0.5402364 0.4550945 -0.4560061
26857.936000 0.0934504 -0.0122536 1.3239699 0.5414013 -0.5402242 0.4550747 -0.4560147
26858.036000 0.0930394 -0.0121570 1.3239941 0.5413656 -0.5401231 0.4551602 -0.4560915
26858.136000 0.0934667 -0.0122403 1.3239672 0.5414429 -0.5401978 0.4550377 -0.4560336
26858.236000 0.0934877 -0.0122364 1.3239651 0.5414654 -0.5401872 0.4550160 -0.4560411
26858.336000 0.0930760 -0.0121399 1.3239893 0.5414295 -0.5400859 0.4551017 -0.4561181
26858.437000 0.0935024 -0.0122231 1.3239625 0.5415066 -0.5401604 0.4549794 -0.4560605
26858.536000 0.0935227 -0.0122193 1.3239605 0.5415288 -0.5401496 0.4549580 -0.4560682
26858.636000 0.0935339 -0.0122135 1.3239590 0.5415499 -0.5401369 0.4549388 -0.4560773
26858.737000 0.0935449 -0.0122079 1.3239575 0.5415706 -0.5401243 0.4549199 -0.4560865
26858.836000 0.0931234 -0.0121095 1.3239824 0.5415334 -0.5400208 0.4550079 -0.4561654
26858.936000 0.0935574 -0.0121945 1.3239552 0.5416113 -0.5400967 0.4548839 -0.4561068
26859.036000 0.0931527 -0.0121000 1.3239791 0.5415762 -0.5399968 0.4549680 -0.4561830
26859.137000 0.0931498 -0.0120915 1.3239785 0.5415951 -0.5399810 0.4549524 -0.4561946
26859.236000 0.0931596 -0.0120858 1.3239771 0.5416157 -0.5399680 0.4549337 -0.4562043
26859.336000 0.0935969 -0.0121715 1.3239497 0.5416940 -0.5400445 0.4548089 -0.4561452
26859.436000 0.0936152 -0.0121677 1.3239479 0.5417157 -0.5400332 0.4547881 -0.4561536
26859.536000 0.0936243 -0.0121620 1.3239466 0.5417361 -0.5400199 0.4547696 -0.4561634
26859.636000 0.0936333 -0.0121562 1.3239453 0.5417565 -0.5400066 0.4547512 -0.4561733
26859.736000 0.0936421 -0.0121505 1.3239440 0.5417768 -0.5399933 0.4547328 -0.4561833
26859.836000 0.0932271 -0.0120543 1.3239687 0.5417400 -0.5398911 0.4548196 -0.4562615
26859.936000 0.0932225 -0.0120459 1.3239682 0.5417585 -0.5398749 0.4548045 -0.4562737
26860.036000 0.0936584 -0.0121314 1.3239409 0.5418363 -0.5399510 0.4546803 -0.4562151
26860.136000 0.0936752 -0.0121276 1.3239392 0.5418576 -0.5399392 0.4546600 -0.4562239
26860.236000 0.0932595 -0.0120315 1.3239639 0.5418206 -0.5398369 0.4547470 -0.4563023
26860.336000 0.0936818 -0.0121142 1.3239375 0.5418965 -0.5399101 0.4546261 -0.4562460
26860.436000 0.0932660 -0.0120183 1.3239622 0.5418594 -0.5398076 0.4547132 -0.4563245
26860.536000 0.0936967 -0.0121028 1.3239352 0.5419364 -0.5398826 0.4545902 -0.4562669
26860.636000 0.0932803 -0.0120069 1.3239600 0.5418992 -0.5397800 0.4546774 -0.4563455
26860.736000 0.0932828 -0.0120002 1.3239592 0.5419184 -0.5397652 0.4546608 -0.4563569
26860.836000 0.0937173 -0.0120855 1.3239320 0.5419958 -0.5398409 0.4545370 -0.4562987
26860.936000 0.0933006 -0.0119897 1.3239569 0.5419585 -0.5397382 0.4546243 -0.4563775
26861.036000 0.0937305 -0.0120741 1.3239300 0.5420353 -0.5398129 0.4545017 -0.4563201
26861.136000 0.0937454 -0.0120702 1.3239284 0.5420560 -0.5398006 0.4544820 -0.4563296
26861.236000 0.0937515 -0.0120645 1.3239274 0.5420756 -0.5397865 0.4544645 -0.4563404
26861.336000 0.0933338 -0.0119687 1.3239524 0.5420380 -0.5396836 0.4545521 -0.4564195
26861.436000 0.0937502 -0.0120503 1.3239263 0.5421127 -0.5397555 0.4544331 -0.4563643
26861.536000 0.0937689 -0.0120473 1.3239246 0.5421341 -0.5397438 0.4544123 -0.4563733
26861.636000 0.0937743 -0.0120415 1.3239236 0.5421535 -0.5397295 0.4543950 -0.4563844
26861.736000 0.0937797 -0.0120358 1.3239227 0.5421729 -0.5397152 0.4543778 -0.4563955
26861.836000 0.0933527 -0.0119384 1.3239483 0.5421339 -0.5396103 0.4544677 -0.4564763
26861.936000 0.0937813 -0.0120225 1.3239215 0.5422104 -0.5396846 0.4543456 -0.4564193
26862.036000 0.0933627 -0.0119270 1.3239465 0.5421725 -0.5395814 0.4544335 -0.4564987
26862.136000 0.0937910 -0.0120110 1.3239198 0.5422488 -0.5396556 0.4543114 -0.4564419
26862.237000 0.0938042 -0.0120071 1.3239184 0.5422692 -0.5396429 0.4542923 -0.4564518
26862.336000 0.0938087 -0.0120014 1.3239176 0.5422883 -0.5396283 0.4542753 -0.4564632
26862.436000 0.0938131 -0.0119957 1.3239167 0.5423074 -0.5396136 0.4542584 -0.4564747
26862.536000 0.0933979 -0.0119012 1.3239416 0.5422697 -0.5395114 0.4543456 -0.4565536
26862.636000 0.0933849 -0.0118918 1.3239419 0.5422866 -0.5394929 0.4543329 -0.4565680
26862.736000 0.0938124 -0.0119757 1.3239152 0.5423625 -0.5395670 0.4542112 -0.4565112
26862.836000 0.0938293 -0.0119727 1.3239136 0.5423834 -0.5395548 0.4541911 -0.4565209
26862.936000 0.0934137 -0.0118784 1.3239385 0.5423456 -0.5394524 0.4542785 -0.4565999
26863.036000 0.0938278 -0.0119594 1.3239127 0.5424200 -0.5395233 0.4541599 -0.4565456
26863.136000 0.0938402 -0.0119555 1.3239114 0.5424401 -0.5395103 0.4541410 -0.4565559
26863.236000 0.0934158 -0.0118595 1.3239369 0.5424010 -0.5394060 0.4542306 -0.4566365
26863.336000 0.0938382 -0.0119422 1.3239105 0.5424765 -0.5394786 0.4541100 -0.4565809
26863.437000 0.0934265 -0.0118489 1.3239352 0.5424393 -0.5393768 0.4541963 -0.4566596
26863.536000 0.0938443 -0.0119307 1.3239091 0.5425140 -0.5394486 0.4540770 -0.4566046
26863.636000 0.0934325 -0.0118375 1.3239338 0.5424767 -0.5393468 0.4541633 -0.4566834
26863.736000 0.0934223 -0.0118291 1.3239340 0.5424936 -0.5393290 0.4541501 -0.4566974
26863.837000 0.0934251 -0.0118234 1.3239333 0.5425123 -0.5393139 0.4541337 -0.4567094
26863.936000 0.0938555 -0.0119078 1.3239065 0.5425886 -0.5393883 0.4540114 -0.4566525
26864.036000 0.0938669 -0.0119040 1.3239053 0.5426084 -0.5393750 0.4539929 -0.4566631
26864.136000 0.0938693 -0.0118982 1.3239047 0.5426270 -0.5393598 0.4539766 -0.4566752
26864.237000 0.0934438 -0.0118025 1.3239303 0.5425876 -0.5392553 0.4540665 -0.4567561
26864.336000 0.0938651 -0.0118849 1.3239040 0.5426628 -0.5393275 0.4539462 -0.4567009
26864.436000 0.0934524 -0.0117919 1.3239288 0.5426253 -0.5392255 0.4540328 -0.4567799
26864.536000 0.0938692 -0.0118735 1.3239028 0.5426997 -0.5392970 0.4539139 -0.4567253
26864.637000 0.0938800 -0.0118696 1.3239017 0.5427193 -0.5392835 0.4538956 -0.4567361
26864.736000 0.0938819 -0.0118639 1.3239011 0.5427376 -0.5392683 0.4538796 -0.4567482
26864.836000 0.0934515 -0.0117673 1.3239271 0.5426977 -0.5391624 0.4539704 -0.4568303
26864.937000 0.0938767 -0.0118506 1.3239006 0.5427733 -0.5392356 0.4538495 -0.4567744
26865.036000 0.0938870 -0.0118467 1.3238995 0.5427928 -0.5392219 0.4538313 -0.4567853
26865.137000 0.0938885 -0.0118410 1.3238990 0.5428111 -0.5392065 0.4538153 -0.4567977
26865.236000 0.0938899 -0.0118352 1.3238984 0.5428294 -0.5391910 0.4537993 -0.4568101
26865.336000 0.0934676 -0.0117406 1.3239239 0.5427904 -0.5390869 0.4538883 -0.4568909
26865.436000 0.0934559 -0.0117322 1.3239242 0.5428069 -0.5390687 0.4538756 -0.4569054
26865.536000 0.1030617 -0.0123532 1.3239930 0.5407234 -0.5406397 0.4557205 -0.4556816
26865.636000 0.1037393 -0.0124526 1.3239633 0.5407638 -0.5407502 0.4556287 -0.4555944
26865.736000 0.1037751 -0.0124477 1.3239599 0.5407832 -0.5407359 0.4556113 -0.4556058
26865.836000 0.1038042 -0.0124419 1.3239570 0.5408030 -0.5407220 0.4555936 -0.4556164
26865.936000 0.1038314 -0.0124362 1.3239541 0.5408237 -0.5407090 0.4555748 -0.4556260
26866.036000 0.1135624 -0.0125042 1.3239572 -0.5406873 0.5408038 -0.4556579 0.4555924
26866.136000 0.1221045 -0.0123438 1.3240671 0.5406476 -0.5405081 0.4558220 -0.4558262
26866.236000 0.1427784 -0.0124259 1.3240154 -0.5406145 0.5406458 -0.4558104 0.4557137
26866.336000 0.1530501 -0.0123701 1.3239964 -0.5406689 0.5406743 -0.4557685 0.4556572
26866.436000 0.1724325 -0.0124599 1.3240437 0.5406454 -0.5406165 0.4557573 -0.4557649
26866.536000 0.1826108 -0.0124377 1.3240447 0.5406879 -0.5405901 0.4557335 -0.4557696
26866.636000 0.1935883 -0.0124649 1.3239696 -0.5407256 0.5407683 -0.4556617 0.4555852
26866.736000 0.2030833 -0.0123673 1.3239924 0.5406862 -0.5406800 0.4557507 -0.4556477
26866.836000 0.2124312 -0.0124299 1.3240411 0.5407097 -0.5405910 0.4557145 -0.4557617
26866.936000 0.2232198 -0.0124588 1.3239658 -0.5407498 0.5407646 -0.4556394 0.4555832
26867.036000 0.2335107 -0.0124587 1.3239656 -0.5407479 0.5407666 -0.4556411 0.4555814
26867.136000 0.2430813 -0.0123672 1.3239924 0.5406864 -0.5406798 0.4557506 -0.4556478
26867.237000 0.2433073 -0.0123589 1.3239896 0.5407034 -0.5406615 0.4557379 -0.4556620
26867.336000 0.2433386 -0.0123531 1.3239865 0.5407222 -0.5406464 0.4557216 -0.4556740
26867.437000 0.2433677 -0.0123473 1.3239835 0.5407421 -0.5406325 0.4557038 -0.4556846
26867.536000 0.2433949 -0.0123417 1.3239807 0.5407628 -0.5406196 0.4556850 -0.4556942
26867.636000 0.2520884 -0.0123409 1.3240688 0.5406436 -0.5405014 0.4558279 -0.4558330
26867.737000 0.2620911 -0.0123410 1.3240679 0.5406436 -0.5405076 0.4558271 -0.4558264
26867.836000 0.2726182 -0.0124338 1.3240419 0.5407018 -0.5405978 0.4557203 -0.4557573
26867.936000 0.2830769 -0.0123681 1.3239930 0.5406858 -0.5406792 0.4557511 -0.4556488
26868.036000 0.2921028 -0.0123395 1.3240668 0.5406512 -0.5405041 0.4558204 -0.4558282
26868.136000 0.3026295 -0.0124319 1.3240406 0.5407082 -0.5405954 0.4557147 -0.4557581
26868.236000 0.3233491 -0.0126415 1.3239655 -0.5407103 0.5408142 -0.4556089 0.4556017
26868.336000 0.3330563 -0.0123457 1.3239850 0.5407002 -0.5406392 0.4557686 -0.4556616
26868.436000 0.3420746 -0.0123670 1.3240714 0.5405808 -0.5405333 0.4558727 -0.4558249
26868.536000 0.3526182 -0.0124338 1.3240419 0.5407017 -0.5405978 0.4557203 -0.4557572
26868.637000 0.3626433 -0.0124333 1.3240398 0.5407107 -0.5405962 0.4557115 -0.4557574
26868.736000 0.3828620 -0.0123712 1.3239955 -0.5406704 0.5406775 -0.4557660 0.4556542
26868.836000 0.3933866 -0.0124599 1.3239688 -0.5407330 0.5407698 -0.4556557 0.4555806
26868.937000 0.4034118 -0.0124597 1.3239661 -0.5407453 0.5407688 -0.4556432 0.4555797
26869.036000 0.4217944 -0.0123451 1.3240687 0.5406405 -0.5405050 0.4558288 -0.4558315
26869.137000 0.4333951 -0.0124575 1.3239673 -0.5407438 0.5407652 -0.4556462 0.4555828
26869.236000 0.4434117 -0.0124596 1.3239661 -0.5407455 0.5407686 -0.4556430 0.4555799
26869.336000 0.4534117 -0.0124596 1.3239661 -0.5407455 0.5407687 -0.4556431 0.4555798
26869.436000 0.4726222 -0.0127208 1.3240189 -0.5406793 0.5406891 -0.4556286 0.4557674
26869.536000 0.4826264 -0.0124424 1.3240420 0.5406973 -0.5405997 0.4557214 -0.4557592
26869.636000 0.4926262 -0.0124361 1.3240418 0.5407008 -0.5405993 0.4557202 -0.4557568
26869.736000 0.5026308 -0.0124354 1.3240412 0.5407041 -0.5405996 0.4557170 -0.4557556
26869.836000 0.5126342 -0.0124349 1.3240407 0.5407061 -0.5405991 0.4557152 -0.4557555
26869.936000 0.5234135 -0.0124598 1.3239663 -0.5407469 0.5407670 -0.4556418 0.4555814
26870.037000 0.5321167 -0.0123417 1.3240656 0.5406549 -0.5405056 0.4558155 -0.4558269
26870.136000 0.5523943 -0.0124588 1.3240459 -0.5406323 0.5406330 -0.4557761 0.4557420
26870.237000 0.5630610 -0.0123719 1.3239957 -0.5406681 0.5406782 -0.4557679 0.4556541
26870.336000 0.5720875 -0.0123418 1.3240691 0.5406400 -0.5405026 0.4558312 -0.4558325
26870.436000 0.5923735 -0.0124603 1.3240484 -0.5406156 0.5406347 -0.4557941 0.4557418
26870.537000 0.6021098 -0.0123435 1.3240667 0.5406470 -0.5405106 0.4558223 -0.4558236
26870.636000 0.6231119 -0.0124589 1.3239657 -0.5407326 0.5407787 -0.4556562 0.4555700
26870.736000 0.6323243 -0.0123649 1.3240525 0.5406134 -0.5405404 0.4558374 -0.4558129
26870.836000 0.6433689 -0.0124529 1.3239722 0.5407552 -0.5407169 0.4556352 -0.4556376
26870.936000 0.6530511 -0.0123743 1.3239978 -0.5406545 0.5406706 -0.4557803 0.4556670
26871.036000 0.6626057 -0.0124358 1.3240444 0.5406930 -0.5405890 0.4557288 -0.4557695
26871.136000 0.6726214 -0.0124367 1.3240427 0.5406964 -0.5405970 0.4557247 -0.4557600
26871.236000 0.6835960 -0.0124627 1.3239680 -0.5407369 0.5407704 -0.4556507 0.4555804
26871.336000 0.6924418 -0.0124354 1.3240413 0.5407063 -0.5405969 0.4557152 -0.4557581
26871.436000 0.7117886 -0.0123452 1.3240687 0.5406405 -0.5405050 0.4558288 -0.4558314
26871.536000 0.7219910 -0.0123416 1.3240685 0.5406403 -0.5405066 0.4558304 -0.4558282
26871.636000 0.7330597 -0.0123671 1.3239941 0.5406814 -0.5406783 0.4557561 -0.4556501
26871.736000 0.7435977 -0.0124605 1.3239673 -0.5407391 0.5407712 -0.4556490 0.4555784
26871.836000 0.7620156 -0.0123492 1.3240662 0.5406383 -0.5405205 0.4558286 -0.4558159
26871.936000 0.7729825 -0.0123766 1.3240042 0.5406564 -0.5406379 0.4557716 -0.4557120
26872.036000 0.7830645 -0.0123670 1.3239939 -0.5406797 0.5406806 -0.4557576 0.4556479
26872.136000 0.8032794 -0.0124638 1.3239704 -0.5407217 0.5407670 -0.4556661 0.4555870
26872.236000 0.8129871 -0.0123686 1.3239923 0.5406859 -0.5406815 0.4557505 -0.4556466
26872.337000 0.8323734 -0.0124603 1.3240484 -0.5406157 0.5406347 -0.4557941 0.4557418
26872.436000 0.8430576 -0.0123573 1.3239970 0.5407124 -0.5406216 0.4557289 -0.4557079
26872.536000 0.8526097 -0.0124353 1.3240437 0.5406960 -0.5405925 0.4557260 -0.4557646
26872.636000 0.8726880 -0.0123685 1.3240138 0.5406364 -0.5406237 0.4558084 -0.4557158
26872.736000 0.8834760 -0.0124458 1.3239719 0.5407672 -0.5407073 0.4556292 -0.4556408
26872.836000 0.8933915 -0.0124642 1.3239696 -0.5407247 0.5407692 -0.4556628 0.4555841
26872.936000 0.9030645 -0.0123703 1.3239944 -0.5406750 0.5406828 -0.4557609 0.4556475
26873.036000 0.9130607 -0.0123678 1.3239945 -0.5406766 0.5406810 -0.4557604 0.4556483
26873.136000 0.9220953 -0.0123408 1.3240677 0.5406466 -0.5405053 0.4558245 -0.4558282
26873.236000 0.9330661 -0.0123662 1.3239935 0.5406846 -0.5406773 0.4557532 -0.4556503
26873.336000 0.9433987 -0.0124574 1.3239672 -0.5407420 0.5407672 -0.4556477 0.4555811
26873.436000 0.9526378 -0.0124338 1.3240401 0.5407114 -0.5405951 0.4557107 -0.4557585
26873.536000 0.9626425 -0.0124334 1.3240398 0.5407105 -0.5405964 0.4557116 -0.4557573
26873.636000 0.9833159 -0.0124657 1.3239665 -0.5407348 0.5407776 -0.4556518 0.4555732
26873.736000 0.9925825 -0.0124628 1.3240490 0.5406230 -0.5406178 0.4557824 -0.4557649
26873.837000 1.0026291 -0.0124357 1.3240414 0.5407028 -0.5405998 0.4557182 -0.4557557
26873.936000 1.0134080 -0.0124609 1.3239669 -0.5407435 0.5407690 -0.4556446 0.4555802
26874.036000 1.0228930 -0.0123692 1.3239920 0.5406874 -0.5406816 0.4557486 -0.4556465
26874.137000 1.0323006 -0.0123390 1.3240664 0.5406528 -0.5405032 0.4558191 -0.4558287
26874.236000 1.0426366 -0.0124314 1.3240403 0.5407097 -0.5405942 0.4557135 -0.4557589
26874.336000 1.0628013 -0.0124110 1.3239887 -0.5406889 0.5407133 -0.4557285 0.4556272
26874.436000 1.0728679 -0.0123694 1.3239945 -0.5406787 0.5406793 -0.4557579 0.4556503
26874.536000 1.0928361 -0.0123723 1.3239984 -0.5406534 0.5406687 -0.4557824 0.4556685
26874.636000 1.1033773 -0.0124617 1.3239707 -0.5407211 0.5407661 -0.4556679 0.4555870
26874.736000 1.1123008 -0.0123409 1.3240667 0.5406506 -0.5405059 0.4558203 -0.4558270
26874.836000 1.1234043 -0.0124569 1.3239670 -0.5407457 0.5407639 -0.4556446 0.4555837
26874.936000 1.1424018 -0.0124607 1.3240451 -0.5406311 0.5406418 -0.4557775 0.4557318
26875.036000 1.1530599 -0.0123728 1.3239959 -0.5406653 0.5406788 -0.4557702 0.4556544
26875.136000 1.1626128 -0.0124347 1.3240433 0.5406975 -0.5405927 0.4557249 -0.4557637
26875.236000 1.1730697 -0.0123695 1.3239939 0.5406803 -0.5406803 0.4557561 -0.4556491
26875.336000 1.1826215 -0.0124335 1.3240418 0.5407048 -0.5405953 0.4557176 -0.4557592
26875.436000 1.1934096 -0.0124606 1.3239667 -0.5407447 0.5407684 -0.4556437 0.4555805
26875.537000 1.2021145 -0.0123421 1.3240658 0.5406538 -0.5405064 0.4558165 -0.4558264
26875.636000 1.2134011 -0.0124562 1.3239667 -0.5407473 0.5407625 -0.4556433 0.4555847
26875.736000 1.2235149 -0.0124587 1.3239656 -0.5407479 0.5407666 -0.4556411 0.4555813
26875.836000 1.2428591 -0.0123716 1.3239960 -0.5406653 0.5406789 -0.4557709 0.4556537
26875.937000 1.2520053 -0.0123400 1.3240671 0.5406496 -0.5405050 0.4558217 -0.4558277
26876.036000 1.2630688 -0.0123653 1.3239930 0.5406876 -0.5406756 0.4557507 -0.4556512
26876.136000 1.2828446 -0.0123608 1.3239981 0.5406981 -0.5406278 0.4557405 -0.4557058
26876.236000 1.2920844 -0.0123423 1.3240695 0.5406385 -0.5405024 0.4558323 -0.4558334
26876.336000 1.3030580 -0.0123678 1.3239946 -0.5406782 0.5406785 -0.4557591 0.4556507
26876.436000 1.3133913 -0.0124589 1.3239681 -0.5407370 0.5407694 -0.4556520 0.4555800
26876.536000 1.3226299 -0.0124352 1.3240410 0.5407071 -0.5405971 0.4557144 -0.4557576
26876.637000 1.3418023 -0.0123449 1.3240683 0.5406399 -0.5405090 0.4558291 -0.4558271
26876.736000 1.3526257 -0.0124326 1.3240410 0.5407061 -0.5405968 0.4557164 -0.4557572
26876.836000 1.3724155 -0.0124619 1.3240450 0.5406397 -0.5406252 0.4557640 -0.4557546
26876.936000 1.3830574 -0.0123734 1.3239966 -0.5406642 0.5406738 -0.4557704 0.4556615
26877.036000 1.3935883 -0.0124625 1.3239687 -0.5407310 0.5407720 -0.4556565 0.4555795
26877.137000 1.4029929 -0.0123679 1.3239920 0.5406876 -0.5406803 0.4557491 -0.4556474
26877.236000 1.4223972 -0.0124361 1.3240453 0.5406930 -0.5405812 0.4557279 -0.4557797
26877.336000 1.4335872 -0.0124658 1.3239698 -0.5407228 0.5407689 -0.4556640 0.4555856
26877.436000 1.4421952 -0.0123437 1.3240686 0.5406409 -0.5405047 0.4558293 -0.4558308
26877.536000 1.4528814 -0.0123651 1.3239929 0.5406881 -0.5406752 0.4557503 -0.4556515
26877.636000 1.4626298 -0.0124314 1.3240404 0.5407117 -0.5405920 0.4557117 -0.4557608
26877.736000 1.4820554 -0.0123579 1.3240645 0.5406456 -0.5405254 0.4558176 -0.4558124
26877.836000 1.4930174 -0.0123661 1.3240020 0.5406787 -0.5406177 0.4557561 -0.4557250
26877.936000 1.5028731 -0.0123668 1.3239938 0.5406805 -0.5406804 0.4557569 -0.4556480
26878.036000 1.5126181 -0.0124334 1.3240417 0.5407054 -0.5405953 0.4557171 -0.4557591
26878.136000 1.5234080 -0.0124609 1.3239669 -0.5407436 0.5407689 -0.4556445 0.4555803
26878.236000 1.5330786 -0.0123674 1.3239925 0.5406859 -0.5406802 0.4557510 -0.4556476
26878.336000 1.5430749 -0.0123649 1.3239927 0.5406864 -0.5406771 0.4557518 -0.4556498
26878.436000 1.5628863 -0.0122820 1.3239897 0.5406904 -0.5406747 0.4557786 -0.4556211
26878.536000 1.5732242 -0.0124080 1.3239839 -0.5406260 0.5407139 -0.4557694 0.4556603
26878.637000 1.5833904 -0.0124591 1.3239682 -0.5407361 0.5407698 -0.4556528 0.4555799
26878.736000 1.5929810 -0.0123692 1.3239927 0.5406839 -0.5406826 0.4557521 -0.4556460
26878.837000 1.5933033 -0.0123596 1.3239900 0.5407012 -0.5406635 0.4557398 -0.4556605
26878.936000 1.5933350 -0.0123537 1.3239869 0.5407199 -0.5406481 0.4557236 -0.4556727
26879.036000 1.5937881 -0.0124399 1.3239580 0.5407968 -0.5407231 0.4556007 -0.4556154
26879.136000 1.5934006 -0.0123442 1.3239805 0.5407615 -0.5406229 0.4556851 -0.4556917
26879.236000 1.5938499 -0.0124303 1.3239519 0.5408399 -0.5406995 0.4555603 -0.4556326
26879.336000 1.5934591 -0.0123346 1.3239746 0.5408058 -0.5406005 0.4556434 -0.4557076
26879.436000 1.5938850 -0.0124160 1.3239474 0.5408820 -0.5406736 0.4555230 -0.4556507
26879.536000 1.5934972 -0.0123215 1.3239699 0.5408494 -0.5405761 0.4556039 -0.4557242
26879.636000 1.5935102 -0.0123139 1.3239680 0.5408709 -0.5405632 0.4555850 -0.4557329
26879.736000 1.5935314 -0.0123082 1.3239655 0.5408936 -0.5405523 0.4555637 -0.4557401
26879.836000 1.5939801 -0.0123950 1.3239369 0.5409740 -0.5406314 0.4554362 -0.4556782
26879.936000 1.5935814 -0.0122986 1.3239602 0.5409407 -0.5405326 0.4555186 -0.4557526
26880.037000 1.5940215 -0.0123835 1.3239321 0.5410202 -0.5406102 0.4553929 -0.4556918
26880.136000 1.5936268 -0.0122872 1.3239550 0.5409880 -0.5405125 0.4554740 -0.4557648
26880.236000 1.5936196 -0.0122796 1.3239549 0.5410057 -0.5404958 0.4554596 -0.4557781
26880.336000 1.5936414 -0.0122738 1.3239524 0.5410293 -0.5404857 0.4554374 -0.4557842
26880.436000 1.5940924 -0.0123614 1.3239237 0.5411105 -0.5405656 0.4553086 -0.4557218
26880.536000 1.5936867 -0.0122643 1.3239475 0.5410761 -0.5404658 0.4553926 -0.4557970
26880.636000 1.5941188 -0.0123480 1.3239200 0.5411546 -0.5405417 0.4552685 -0.4557377
26880.736000 1.5941485 -0.0123450 1.3239171 0.5411789 -0.5405332 0.4552444 -0.4557431
26854.787000 0.0924221 -0.0123358 1.3240646 0.5406616 -0.5404952 0.4558120 -0.4558348
26854.787000 0.0924221 -0.0123358 1.3240646 0.5406616 -0.5404952 0.4558120 -0.4558348
26854.836000 0.0924221 -0.0123358 1.3240646 0.5406616 -0.5404952 0.4558120 -0.4558348
26854.936000 0.0924546 -0.0123300 1.3240615 0.5406796 -0.5404798 0.4557967 -0.4558470
26855.036000 0.0924846 -0.0123243 1.3240585 0.5406990 -0.5404656 0.4557795 -0.4558581
26855.136000 0.0925126 -0.0123187 1.3240557 0.5407194 -0.5404523 0.4557611 -0.4558680
26855.236000 0.0929625 -0.0124048 1.3240273 0.5407974 -0.5405290 0.4556367 -0.4558089
26855.336000 0.0925768 -0.0123102 1.3240494 0.5407640 -0.5404306 0.4557185 -0.4558834
26855.436000 0.0930153 -0.0123944 1.3240218 0.5408419 -0.5405061 0.4555951 -0.4558248
26855.536000 0.0930468 -0.0123906 1.3240187 0.5408655 -0.5404967 0.4555721 -0.4558310
26855.637000 0.0930686 -0.0123849 1.3240163 0.5408880 -0.5404856 0.4555512 -0.4558384
26855.736000 0.0926573 -0.0122858 1.3240400 0.5408524 -0.5403838 0.4556374 -0.4559151
26855.836000 0.0931012 -0.0123716 1.3240120 0.5409322 -0.5404618 0.4555110 -0.4558543
26855.936000 0.0927056 -0.0122763 1.3240349 0.5408990 -0.5403636 0.4555929 -0.4559282
26856.036000 0.0927109 -0.0122678 1.3240335 0.5409198 -0.5403498 0.4555752 -0.4559377
26856.136000 0.0927262 -0.0122622 1.3240316 0.5409417 -0.5403381 0.4555549 -0.4559458
26856.236000 0.0931894 -0.0123488 1.3240019 0.5410261 -0.5404209 0.4554228 -0.4558796
26856.336000 0.0932105 -0.0123450 1.3239998 0.5410486 -0.5404104 0.4554010 -0.4558870
26856.436000 0.0928072 -0.0122489 1.3240232 0.5410142 -0.5403112 0.4554846 -0.4559619
26856.537000 0.0932301 -0.0123308 1.3239966 0.5410914 -0.5403852 0.4553629 -0.4559042
26856.636000 0.0932599 -0.0123279 1.3239938 0.5411158 -0.5403766 0.4553386 -0.4559097
26856.736000 0.0928568 -0.0122318 1.3240172 0.5410815 -0.5402774 0.4554220 -0.4559845
26856.836000 0.0932834 -0.0123146 1.3239903 0.5411593 -0.5403521 0.4552992 -0.4559264
26856.936000 0.0928845 -0.0122195 1.3240136 0.5411257 -0.5402536 0.4553815 -0.4560007
26857.036000 0.0933149 -0.0123032 1.3239865 0.5412038 -0.5403292 0.4552580 -0.4559419
26857.136000 0.0933389 -0.0122994 1.3239840 0.5412271 -0.5403195 0.4552353 -0.4559483
26857.237000 0.0933538 -0.0122936 1.3239822 0.5412492 -0.5403078 0.4552149 -0.4559563
26857.337000 0.0933685 -0.0122879 1.3239804 0.5412711 -0.5402961 0.4551946 -0.4559644
26857.436000 0.0933828 -0.0122822 1.3239786 0.5412930 -0.5402843 0.4551744 -0.4559726
26857.536000 0.0933969 -0.0122765 1.3239768 0.5413148 -0.5402724 0.4551543 -0.4559808
26857.637000 0.0929873 -0.0121798 1.3240008 0.5412795 -0.5401717 0.4552394 -0.4560572
26857.736000 0.0934153 -0.0122632 1.3239738 0.5413570 -0.5402466 0.4551165 -0.4559990
26857.836000 0.0934374 -0.0122593 1.3239716 0.5413798 -0.5402364 0.4550945 -0.4560061
26857.936000 0.0934504 -0.0122536 1.3239699 0.5414013 -0.5402242 0.4550747 -0.4560147
26858.036000 0.0930394 -0.0121570 1.3239941 0.5413656 -0.5401231 0.4551602 -0.4560915
26858.136000 0.0934667 -0.0122403 1.3239672 0.5414429 -0.5401978 0.4550377 -0.4560336
26858.236000 0.0934877 -0.0122364 1.3239651 0.5414654 -0.5401872 0.4550160 -0.4560411
26858.336000 0.0930760 -0.0121399 1.3239893 0.5414295 -0.5400859 0.4551017 -0.4561181
26858.437000 0.0935024 -0.0122231 1.3239625 0.5415066 -0.5401604 0.4549794 -0.4560605
26858.536000 0.0935227 -0.0122193 1.3239605 0.5415288 -0.5401496 0.4549580 -0.4560682
26858.636000 0.0935339 -0.0122135 1.3239590 0.5415499 -0.5401369 0.4549388 -0.4560773
26858.737000 0.0935449 -0.0122079 1.3239575 0.5415706 -0.5401243 0.4549199 -0.4560865
26858.836000 0.0931234 -0.0121095 1.3239824 0.5415334 -0.5400208 0.4550079 -0.4561654
26858.936000 0.0935574 -0.0121945 1.3239552 0.5416113 -0.5400967 0.4548839 -0.4561068
26859.036000 0.0931527 -0.0121000 1.3239791 0.5415762 -0.5399968 0.4549680 -0.4561830
26859.137000 0.0931498 -0.0120915 1.3239785 0.5415951 -0.5399810 0.4549524 -0.4561946
26859.236000 0.0931596 -0.0120858 1.3239771 0.5416157 -0.5399680 0.4549337 -0.4562043
26859.336000 0.0935969 -0.0121715 1.3239497 0.5416940 -0.5400445 0.4548089 -0.4561452
26859.436000 0.0936152 -0.0121677 1.3239479 0.5417157 -0.5400332 0.4547881 -0.4561536
26859.536000 0.0936243 -0.0121620 1.3239466 0.5417361 -0.5400199 0.4547696 -0.4561634
26859.636000 0.0936333 -0.0121562 1.3239453 0.5417565 -0.5400066 0.4547512 -0.4561733
26859.736000 0.0936421 -0.0121505 1.3239440 0.5417768 -0.5399933 0.4547328 -0.4561833
26859.836000 0.0932271 -0.0120543 1.3239687 0.5417400 -0.5398911 0.4548196 -0.4562615
26859.936000 0.0932225 -0.0120459 1.3239682 0.5417585 -0.5398749 0.4548045 -0.4562737
26860.036000 0.0936584 -0.0121314 1.3239409 0.5418363 -0.5399510 0.4546803 -0.4562151
26860.136000 0.0936752 -0.0121276 1.3239392 0.5418576 -0.5399392 0.4546600 -0.4562239
26860.236000 0.0932595 -0.0120315 1.3239639 0.5418206 -0.5398369 0.4547470 -0.4563023
26860.336000 0.0936818 -0.0121142 1.3239375 0.5418965 -0.5399101 0.4546261 -0.4562460
26860.436000 0.0932660 -0.0120183 1.3239622 0.5418594 -0.5398076 0.4547132 -0.4563245
26860.536000 0.0936967 -0.0121028 1.3239352 0.5419364 -0.5398826 0.4545902 -0.4562669
26860.636000 0.0932803 -0.0120069 1.3239600 0.5418992 -0.5397800 0.4546774 -0.4563455
26860.736000 0.0932828 -0.0120002 1.3239592 0.5419184 -0.5397652 0.4546608 -0.4563569
26860.836000 0.0937173 -0.0120855 1.3239320 0.5419958 -0.5398409 0.4545370 -0.4562987
26860.936000 0.0933006 -0.0119897 1.3239569 0.5419585 -0.5397382 0.4546243 -0.4563775
26861.036000 0.0937305 -0.0120741 1.3239300 0.5420353 -0.5398129 0.4545017 -0.4563201
26861.136000 0.0937454 -0.0120702 1.3239284 0.5420560 -0.5398006 0.4544820 -0.4563296
26861.236000 0.0937515 -0.0120645 1.3239274 0.5420756 -0.5397865 0.4544645 -0.4563404
26861.336000 0.0933338 -0.0119687 1.3239524 0.5420380 -0.5396836 0.4545521 -0.4564195
26861.436000 0.0937502 -0.0120503 1.3239263 0.5421127 -0.5397555 0.4544331 -0.4563643
26861.536000 0.0937689 -0.0120473 1.3239246 0.5421341 -0.5397438 0.4544123 -0.4563733
26861.636000 0.0937743 -0.0120415 1.3239236 0.5421535 -0.5397295 0.4543950 -0.4563844
26861.736000 0.0937797 -0.0120358 1.3239227 0.5421729 -0.5397152 0.4543778 -0.4563955
26861.836000 0.0933527 -0.0119384 1.3239483 0.5421339 -0.5396103 0.4544677 -0.4564763
26861.936000 0.0937813 -0.0120225 1.3239215 0.5422104 -0.5396846 0.4543456 -0.4564193
26862.036000 0.0933627 -0.0119270 1.3239465 0.5421725 -0.5395814 0.4544335 -0.4564987
26862.136000 0.0937910 -0.0120110 1.3239198 0.5422488 -0.5396556 0.4543114 -0.4564419
26862.237000 0.0938042 -0.0120071 1.3239184 0.5422692 -0.5396429 0.4542923 -0.4564518
26862.336000 0.0938087 -0.0120014 1.3239176 0.5422883 -0.5396283 0.4542753 -0.4564632
26862.436000 0.0938131 -0.0119957 1.3239167 0.5423074 -0.5396136 0.4542584 -0.4564747
26862.536000 0.0933979 -0.0119012 1.3239416 0.5422697 -0.5395114 0.4543456 -0.4565536
26862.636000 0.0933849 -0.0118918 1.3239419 0.5422866 -0.5394929 0.4543329 -0.4565680
26862.736000 0.0938124 -0.0119757 1.3239152 0.5423625 -0.5395670 0.4542112 -0.4565112
26862.836000 0.0938293 -0.0119727 1.3239136 0.5423834 -0.5395548 0.4541911 -0.4565209
26862.936000 0.0934137 -0.0118784 1.3239385 0.5423456 -0.5394524 0.4542785 -0.4565999
26863.036000 0.0938278 -0.0119594 1.3239127 0.5424200 -0.5395233 0.4541599 -0.4565456
26863.136000 0.0938402 -0.0119555 1.3239114 0.5424401 -0.5395103 0.4541410 -0.4565559
26863.236000 0.0934158 -0.0118595 1.3239369 0.5424010 -0.5394060 0.4542306 -0.4566365
26863.336000 0.0938382 -0.0119422 1.3239105 0.5424765 -0.5394786 0.4541100 -0.4565809
26863.437000 0.0934265 -0.0118489 1.3239352 0.5424393 -0.5393768 0.4541963 -0.4566596
26863.536000 0.0938443 -0.0119307 1.3239091 0.5425140 -0.5394486 0.4540770 -0.4566046
26863.636000 0.0934325 -0.0118375 1.3239338 0.5424767 -0.5393468 0.4541633 -0.4566834
26863.736000 0.0934223 -0.0118291 1.3239340 0.5424936 -0.5393290 0.4541501 -0.4566974
26863.837000 0.0934251 -0.0118234 1.3239333 0.5425123 -0.5393139 0.4541337 -0.4567094
26863.936000 0.0938555 -0.0119078 1.3239065 0.5425886 -0.5393883 0.4540114 -0.4566525
26864.036000 0.0938669 -0.0119040 1.3239053 0.5426084 -0.5393750 0.4539929 -0.4566631
26864.136000 0.0938693 -0.0118982 1.3239047 0.5426270 -0.5393598 0.4539766 -0.4566752
26864.237000 0.0934438 -0.0118025 1.3239303 0.5425876 -0.5392553 0.4540665 -0.4567561
26864.336000 0.0938651 -0.0118849 1.3239040 0.5426628 -0.5393275 0.4539462 -0.4567009
26864.436000 0.0934524 -0.0117919 1.3239288 0.5426253 -0.5392255 0.4540328 -0.4567799
26864.536000 0.0938692 -0.0118735 1.3239028 0.5426997 -0.5392970 0.4539139 -0.4567253
26864.637000 0.0938800 -0.0118696 1.3239017 0.5427193 -0.5392835 0.4538956 -0.4567361
26864.736000 0.0938819 -0.0118639 1.3239011 0.5427376 -0.5392683 0.4538796 -0.4567482
26864.836000 0.0934515 -0.0117673 1.3239271 0.5426977 -0.5391624 0.4539704 -0.4568303
26864.937000 0.0938767 -0.0118506 1.3239006 0.5427733 -0.5392356 0.4538495 -0.4567744
26865.036000 0.0938870 -0.0118467 1.3238995 0.5427928 -0.5392219 0.4538313 -0.4567853
26865.137000 0.0938885 -0.0118410 1.3238990 0.5428111 -0.5392065 0.4538153 -0.4567977
26865.236000 0.0938899 -0.0118352 1.3238984 0.5428294 -0.5391910 0.4537993 -0.4568101
26865.336000 0.0934676 -0.0117406 1.3239239 0.5427904 -0.5390869 0.4538883 -0.4568909
26865.436000 0.0934559 -0.0117322 1.3239242 0.5428069 -0.5390687 0.4538756 -0.4569054
26865.536000 0.1030617 -0.0123532 1.3239930 0.5407234 -0.5406397 0.4557205 -0.4556816
26865.636000 0.1037393 -0.0124526 1.3239633 0.5407638 -0.5407502 0.4556287 -0.4555944
26865.736000 0.1037751 -0.0124477 1.3239599 0.5407832 -0.5407359 0.4556113 -0.4556058
26865.836000 0.1038042 -0.0124419 1.3239570 0.5408030 -0.5407220 0.4555936 -0.4556164
26865.936000 0.1038314 -0.0124362 1.3239541 0.5408237 -0.5407090 0.4555748 -0.4556260
26866.036000 0.1135624 -0.0125042 1.3239572 -0.5406873 0.5408038 -0.4556579 0.4555924
26866.136000 0.1221045 -0.0123438 1.3240671 0.5406476 -0.5405081 0.4558220 -0.4558262
26866.236000 0.1427784 -0.0124259 1.3240154 -0.5406145 0.5406458 -0.4558104 0.4557137
26866.336000 0.1530501 -0.0123701 1.3239964 -0.5406689 0.5406743 -0.4557685 0.4556572
26866.436000 0.1724325 -0.0124599 1.3240437 0.5406454 -0.5406165 0.4557573 -0.4557649
26866.536000 0.1826108 -0.0124377 1.3240447 0.5406879 -0.5405901 0.4557335 -0.4557696
26866.636000 0.1935883 -0.0124649 1.3239696 -0.5407256 0.5407683 -0.4556617 0.4555852
26866.736000 0.2030833 -0.0123673 1.3239924 0.5406862 -0.5406800 0.4557507 -0.4556477
26866.836000 0.2124312 -0.0124299 1.3240411 0.5407097 -0.5405910 0.4557145 -0.4557617
26866.936000 0.2232198 -0.0124588 1.3239658 -0.5407498 0.5407646 -0.4556394 0.4555832
26867.036000 0.2335107 -0.0124587 1.3239656 -0.5407479 0.5407666 -0.4556411 0.4555814
26867.136000 0.2430813 -0.0123672 1.3239924 0.5406864 -0.5406798 0.4557506 -0.4556478
26867.237000 0.2433073 -0.0123589 1.3239896 0.5407034 -0.5406615 0.4557379 -0.4556620
26867.336000 0.2433386 -0.0123531 1.3239865 0.5407222 -0.5406464 0.4557216 -0.4556740
26867.437000 0.2433677 -0.0123473 1.3239835 0.5407421 -0.5406325 0.4557038 -0.4556846
26867.536000 0.2433949 -0.0123417 1.3239807 0.5407628 -0.5406196 0.4556850 -0.4556942
26867.636000 0.2520884 -0.0123409 1.3240688 0.5406436 -0.5405014 0.4558279 -0.4558330
26867.737000 0.2620911 -0.0123410 1.3240679 0.5406436 -0.5405076 0.4558271 -0.4558264
26867.836000 0.2726182 -0.0124338 1.3240419 0.5407018 -0.5405978 0.4557203 -0.4557573
26867.936000 0.2830769 -0.0123681 1.3239930 0.5406858 -0.5406792 0.4557511 -0.4556488
26868.036000 0.2921028 -0.0123395 1.3240668 0.5406512 -0.5405041 0.4558204 -0.4558282
26868.136000 0.3026295 -0.0124319 1.3240406 0.5407082 -0.5405954 0.4557147 -0.4557581
26868.236000 0.3233491 -0.0126415 1.3239655 -0.5407103 0.5408142 -0.4556089 0.4556017
26868.336000 0.3330563 -0.0123457 1.3239850 0.5407002 -0.5406392 0.4557686 -0.4556616
26868.436000 0.3420746 -0.0123670 1.3240714 0.5405808 -0.5405333 0.4558727 -0.4558249
26868.536000 0.3526182 -0.0124338 1.3240419 0.5407017 -0.5405978 0.4557203 -0.4557572
26868.637000 0.3626433 -0.0124333 1.3240398 0.5407107 -0.5405962 0.4557115 -0.4557574
26868.736000 0.3828620 -0.0123712 1.3239955 -0.5406704 0.5406775 -0.4557660 0.4556542
26868.836000 0.3933866 -0.0124599 1.3239688 -0.5407330 0.5407698 -0.4556557 0.4555806
26868.937000 0.4034118 -0.0124597 1.3239661 -0.5407453 0.5407688 -0.4556432 0.4555797
26869.036000 0.4217944 -0.0123451 1.3240687 0.5406405 -0.5405050 0.4558288 -0.4558315
26869.137000 0.4333951 -0.0124575 1.3239673 -0.5407438 0.5407652 -0.4556462 0.4555828
26869.236000 0.4434117 -0.0124596 1.3239661 -0.5407455 0.5407686 -0.4556430 0.4555799
26869.336000 0.4534117 -0.0124596 1.3239661 -0.5407455 0.5407687 -0.4556431 0.4555798
26869.436000 0.4726222 -0.0127208 1.3240189 -0.5406793 0.5406891 -0.4556286 0.4557674
26869.536000 0.4826264 -0.0124424 1.3240420 0.5406973 -0.5405997 0.4557214 -0.4557592
26869.636000 0.4926262 -0.0124361 1.3240418 0.5407008 -0.5405993 0.4557202 -0.4557568
26869.736000 0.5026308 -0.0124354 1.3240412 0.5407041 -0.5405996 0.4557170 -0.4557556
26869.836000 0.5126342 -0.0124349 1.3240407 0.5407061 -0.5405991 0.4557152 -0.4557555
26869.936000 0.5234135 -0.0124598 1.3239663 -0.5407469 0.5407670 -0.4556418 0.4555814
26870.037000 0.5321167 -0.0123417 1.3240656 0.5406549 -0.5405056 0.4558155 -0.4558269
26870.136000 0.5523943 -0.0124588 1.3240459 -0.5406323 0.5406330 -0.4557761 0.4557420
26870.237000 0.5630610 -0.0123719 1.3239957 -0.5406681 0.5406782 -0.4557679 0.4556541
26870.336000 0.5720875 -0.0123418 1.3240691 0.5406400 -0.5405026 0.4558312 -0.4558325
26870.436000 0.5923735 -0.0124603 1.3240484 -0.5406156 0.5406347 -0.4557941 0.4557418
26870.537000 0.6021098 -0.0123435 1.3240667 0.5406470 -0.5405106 0.4558223 -0.4558236
26870.636000 0.6231119 -0.0124589 1.3239657 -0.5407326 0.5407787 -0.4556562 0.4555700
26870.736000 0.6323243 -0.0123649 1.3240525 0.5406134 -0.5405404 0.4558374 -0.4558129
26870.836000 0.6433689 -0.0124529 1.3239722 0.5407552 -0.5407169 0.4556352 -0.4556376
26870.936000 0.6530511 -0.0123743 1.3239978 -0.5406545 0.5406706 -0.4557803 0.4556670
26871.036000 0.6626057 -0.0124358 1.3240444 0.5406930 -0.5405890 0.4557288 -0.4557695
26871.136000 0.6726214 -0.0124367 1.3240427 0.5406964 -0.5405970 0.4557247 -0.4557600
26871.236000 0.6835960 -0.0124627 1.3239680 -0.5407369 0.5407704 -0.4556507 0.4555804
26871.336000 0.6924418 -0.0124354 1.3240413 0.5407063 -0.5405969 0.4557152 -0.4557581
26871.436000 0.7117886 -0.0123452 1.3240687 0.5406405 -0.5405050 0.4558288 -0.4558314
26871.536000 0.7219910 -0.0123416 1.3240685 0.5406403 -0.5405066 0.4558304 -0.4558282
26871.636000 0.7330597 -0.0123671 1.3239941 0.5406814 -0.5406783 0.4557561 -0.4556501
26871.736000 0.7435977 -0.0124605 1.3239673 -0.5407391 0.5407712 -0.4556490 0.4555784
26871.836000 0.7620156 -0.0123492 1.3240662 0.5406383 -0.5405205 0.4558286 -0.4558159
26871.936000 0.7729825 -0.0123766 1.3240042 0.5406564 -0.5406379 0.4557716 -0.4557120
26872.036000 0.7830645 -0.0123670 1.3239939 -0.5406797 0.5406806 -0.4557576 0.4556479
26872.136000 0.8032794 -0.0124638 1.3239704 -0.5407217 0.5407670 -0.4556661 0.4555870
26872.236000 0.8129871 -0.0123686 1.3239923 0.5406859 -0.5406815 0.4557505 -0.4556466
26872.337000 0.8323734 -0.0124603 1.3240484 -0.5406157 0.5406347 -0.4557941 0.4557418
26872.436000 0.8430576 -0.0123573 1.3239970 0.5407124 -0.5406216 0.4557289 -0.4557079
26872.536000 0.8526097 -0.0124353 1.3240437 0.5406960 -0.5405925 0.4557260 -0.4557646
26872.636000 0.8726880 -0.0123685 1.3240138 0.5406364 -0.5406237 0.4558084 -0.4557158
26872.736000 0.8834760 -0.0124458 1.3239719 0.5407672 -0.5407073 0.4556292 -0.4556408
26872.836000 0.8933915 -0.0124642 1.3239696 -0.5407247 0.5407692 -0.4556628 0.4555841
26872.936000 0.9030645 -0.0123703 1.3239944 -0.5406750 0.5406828 -0.4557609 0.4556475
26873.036000 0.9130607 -0.0123678 1.3239945 -0.5406766 0.5406810 -0.4557604 0.4556483
26873.136000 0.9220953 -0.0123408 1.3240677 0.5406466 -0.5405053 0.4558245 -0.4558282
26873.236000 0.9330661 -0.0123662 1.3239935 0.5406846 -0.5406773 0.4557532 -0.4556503
26873.336000 0.9433987 -0.0124574 1.3239672 -0.5407420 0.5407672 -0.4556477 0.4555811
26873.436000 0.9526378 -0.0124338 1.3240401 0.5407114 -0.5405951 0.4557107 -0.4557585
26873.536000 0.9626425 -0.0124334 1.3240398 0.5407105 -0.5405964 0.4557116 -0.4557573
26873.636000 0.9833159 -0.0124657 1.3239665 -0.5407348 0.5407776 -0.4556518 0.4555732
26873.736000 0.9925825 -0.0124628 1.3240490 0.5406230 -0.5406178 0.4557824 -0.4557649
26873.837000 1.0026291 -0.0124357 1.3240414 0.5407028 -0.5405998 0.4557182 -0.4557557
26873.936000 1.0134080 -0.0124609 1.3239669 -0.5407435 0.5407690 -0.4556446 0.4555802
26874.036000 1.0228930 -0.0123692 1.3239920 0.5406874 -0.5406816 0.4557486 -0.4556465
26874.137000 1.0323006 -0.0123390 1.3240664 0.5406528 -0.5405032 0.4558191 -0.4558287
26874.236000 1.0426366 -0.0124314 1.3240403 0.5407097 -0.5405942 0.4557135 -0.4557589
26874.336000 1.0628013 -0.0124110 1.3239887 -0.5406889 0.5407133 -0.4557285 0.4556272
26874.436000 1.0728679 -0.0123694 1.3239945 -0.5406787 0.5406793 -0.4557579 0.4556503
26874.536000 1.0928361 -0.0123723 1.3239984 -0.5406534 0.5406687 -0.4557824 0.4556685
26874.636000 1.1033773 -0.0124617 1.3239707 -0.5407211 0.5407661 -0.4556679 0.4555870
26874.736000 1.1123008 -0.0123409 1.3240667 0.5406506 -0.5405059 0.4558203 -0.4558270
26874.836000 1.1234043 -0.0124569 1.3239670 -0.5407457 0.5407639 -0.4556446 0.4555837
26874.936000 1.1424018 -0.0124607 1.3240451 -0.5406311 0.5406418 -0.4557775 0.4557318
26875.036000 1.1530599 -0.0123728 1.3239959 -0.5406653 0.5406788 -0.4557702 0.4556544
26875.136000 1.1626128 -0.0124347 1.3240433 0.5406975 -0.5405927 0.4557249 -0.4557637
26875.236000 1.1730697 -0.0123695 1.3239939 0.5406803 -0.5406803 0.4557561 -0.4556491
26875.336000 1.1826215 -0.0124335 1.3240418 0.5407048 -0.5405953 0.4557176 -0.4557592
26875.436000 1.1934096 -0.0124606 1.3239667 -0.5407447 0.5407684 -0.4556437 0.4555805
26875.537000 1.2021145 -0.0123421 1.3240658 0.5406538 -0.5405064 0.4558165 -0.4558264
26875.636000 1.2134011 -0.0124562 1.3239667 -0.5407473 0.5407625 -0.4556433 0.4555847
26875.736000 1.2235149 -0.0124587 1.3239656 -0.5407479 0.5407666 -0.4556411 0.4555813
26875.836000 1.2428591 -0.0123716 1.3239960 -0.5406653 0.5406789 -0.4557709 0.4556537
26875.937000 1.2520053 -0.0123400 1.3240671 0.5406496 -0.5405050 0.4558217 -0.4558277
26876.036000 1.2630688 -0.0123653 1.3239930 0.5406876 -0.5406756 0.4557507 -0.4556512
26876.136000 1.2828446 -0.0123608 1.3239981 0.5406981 -0.5406278 0.4557405 -0.4557058
26876.236000 1.2920844 -0.0123423 1.3240695 0.5406385 -0.5405024 0.4558323 -0.4558334
26876.336000 1.3030580 -0.0123678 1.3239946 -0.5406782 0.5406785 -0.4557591 0.4556507
26876.436000 1.3133913 -0.0124589 1.3239681 -0.5407370 0.5407694 -0.4556520 0.4555800
26876.536000 1.3226299 -0.0124352 1.3240410 0.5407071 -0.5405971 0.4557144 -0.4557576
26876.637000 1.3418023 -0.0123449 1.3240683 0.5406399 -0.5405090 0.4558291 -0.4558271
26876.736000 1.3526257 -0.0124326 1.3240410 0.5407061 -0.5405968 0.4557164 -0.4557572
26876.836000 1.3724155 -0.0124619 1.3240450 0.5406397 -0.5406252 0.4557640 -0.4557546
26876.936000 1.3830574 -0.0123734 1.3239966 -0.5406642 0.5406738 -0.4557704 0.4556615
26877.036000 1.3935883 -0.0124625 1.3239687 -0.5407310 0.5407720 -0.4556565 0.4555795
26877.137000 1.4029929 -0.0123679 1.3239920 0.5406876 -0.5406803 0.4557491 -0.4556474
26877.236000 1.4223972 -0.0124361 1.3240453 0.5406930 -0.5405812 0.4557279 -0.4557797
26877.336000 1.4335872 -0.0124658 1.3239698 -0.5407228 0.5407689 -0.4556640 0.4555856
26877.436000 1.4421952 -0.0123437 1.3240686 0.5406409 -0.5405047 0.4558293 -0.4558308
26877.536000 1.4528814 -0.0123651 1.3239929 0.5406881 -0.5406752 0.4557503 -0.4556515
26877.636000 1.4626298 -0.0124314 1.3240404 0.5407117 -0.5405920 0.4557117 -0.4557608
26877.736000 1.4820554 -0.0123579 1.3240645 0.5406456 -0.5405254 0.4558176 -0.4558124
26877.836000 1.4930174 -0.0123661 1.3240020 0.5406787 -0.5406177 0.4557561 -0.4557250
26877.936000 1.5028731 -0.0123668 1.3239938 0.5406805 -0.5406804 0.4557569 -0.4556480
26878.036000 1.5126181 -0.0124334 1.3240417 0.5407054 -0.5405953 0.4557171 -0.4557591
26878.136000 1.5234080 -0.0124609 1.3239669 -0.5407436 0.5407689 -0.4556445 0.4555803
26878.236000 1.5330786 -0.0123674 1.3239925 0.5406859 -0.5406802 0.4557510 -0.4556476
26878.336000 1.5430749 -0.0123649 1.3239927 0.5406864 -0.5406771 0.4557518 -0.4556498
26878.436000 1.5628863 -0.0122820 1.3239897 0.5406904 -0.5406747 0.4557786 -0.4556211
26878.536000 1.5732242 -0.0124080 1.3239839 -0.5406260 0.5407139 -0.4557694 0.4556603
26878.637000 1.5833904 -0.0124591 1.3239682 -0.5407361 0.5407698 -0.4556528 0.4555799
26878.736000 1.5929810 -0.0123692 1.3239927 0.5406839 -0.5406826 0.4557521 -0.4556460
26878.837000 1.5933033 -0.0123596 1.3239900 0.5407012 -0.5406635 0.4557398 -0.4556605
26878.936000 1.5933350 -0.0123537 1.3239869 0.5407199 -0.5406481 0.4557236 -0.4556727
26879.036000 1.5937881 -0.0124399 1.3239580 0.5407968 -0.5407231 0.4556007 -0.4556154
26879.136000 1.5934006 -0.0123442 1.3239805 0.5407615 -0.5406229 0.4556851 -0.4556917
26879.236000 1.5938499 -0.0124303 1.3239519 0.5408399 -0.5406995 0.4555603 -0.4556326
26879.336000 1.5934591 -0.0123346 1.3239746 0.5408058 -0.5406005 0.4556434 -0.4557076
26879.436000 1.5938850 -0.0124160 1.3239474 0.5408820 -0.5406736 0.4555230 -0.4556507
26879.536000 1.5934972 -0.0123215 1.3239699 0.5408494 -0.5405761 0.4556039 -0.4557242
26879.636000 1.5935102 -0.0123139 1.3239680 0.5408709 -0.5405632 0.4555850 -0.4557329
26879.736000 1.5935314 -0.0123082 1.3239655 0.5408936 -0.5405523 0.4555637 -0.4557401
26879.836000 1.5939801 -0.0123950 1.3239369 0.5409740 -0.5406314 0.4554362 -0.4556782
26879.936000 1.5935814 -0.0122986 1.3239602 0.5409407 -0.5405326 0.4555186 -0.4557526
26880.037000 1.5940215 -0.0123835 1.3239321 0.5410202 -0.5406102 0.4553929 -0.4556918
26880.136000 1.5936268 -0.0122872 1.3239550 0.5409880 -0.5405125 0.4554740 -0.4557648
26880.236000 1.5936196 -0.0122796 1.3239549 0.5410057 -0.5404958 0.4554596 -0.4557781
26880.336000 1.5936414 -0.0122738 1.3239524 0.5410293 -0.5404857 0.4554374 -0.4557842
26880.436000 1.5940924 -0.0123614 1.3239237 0.5411105 -0.5405656 0.4553086 -0.4557218
26880.536000 1.5936867 -0.0122643 1.3239475 0.5410761 -0.5404658 0.4553926 -0.4557970
26880.636000 1.5941188 -0.0123480 1.3239200 0.5411546 -0.5405417 0.4552685 -0.4557377
26880.736000 1.5941485 -0.0123450 1.3239171 0.5411789 -0.5405332 0.4552444 -0.4557431
26880.836000 1.5941648 -0.0123393 1.3239151 0.5412013 -0.5405219 0.4552236 -0.4557507
26880.936000 1.5937530 -0.0122414 1.3239394 0.5411659 -0.5404208 0.4553091 -0.4558271
26881.036000 1.5937597 -0.0122337 1.3239380 0.5411870 -0.5404075 0.4552907 -0.4558363
26881.136000 1.5941986 -0.0123192 1.3239101 0.5412662 -0.5404848 0.4551651 -0.4557762
26881.236000 1.5938031 -0.0122251 1.3239334 0.5412328 -0.5403872 0.4552467 -0.4558500
26881.337000 1.5938046 -0.0122165 1.3239324 0.5412531 -0.5403725 0.4552295 -0.4558603
26881.436000 1.5938189 -0.0122108 1.3239306 0.5412750 -0.5403607 0.4552093 -0.4558685
26881.536000 1.5938329 -0.0122050 1.3239288 0.5412968 -0.5403488 0.4551892 -0.4558768
26881.636000 1.5938466 -0.0121993 1.3239270 0.5413186 -0.5403369 0.4551692 -0.4558852
26854.787000 0.0924221 -0.0123358 1.3240646 0.5406616 -0.5404952 0.4558120 -0.4558348
26854.787000 0.0924221 -0.0123358 1.3240646 0.5406616 -0.5404952 0.4558120 -0.4558348
26854.836000 0.0924221 -0.0123358 1.3240646 0.5406616 -0.5404952 0.4558120 -0.4558348
26854.936000 0.0924546 -0.0123300 1.3240615 0.5406796 -0.5404798 0.4557967 -0.4558470
26855.036000 0.0924846 -0.0123243 1.3240585 0.5406990 -0.5404656 0.4557795 -0.4558581
26855.136000 0.0925126 -0.0123187 1.3240557 0.5407194 -0.5404523 0.4557611 -0.4558680
26855.236000 0.0929625 -0.0124048 1.3240273 0.5407974 -0.5405290 0.4556367 -0.4558089
26855.336000 0.0925768 -0.0123102 1.3240494 0.5407640 -0.5404306 0.4557185 -0.4558834
26855.436000 0.0930153 -0.0123944 1.3240218 0.5408419 -0.5405061 0.4555951 -0.4558248
26855.536000 0.0930468 -0.0123906 1.3240187 0.5408655 -0.5404967 0.4555721 -0.4558310
26855.637000 0.0930686 -0.0123849 1.3240163 0.5408880 -0.5404856 0.4555512 -0.4558384
26855.736000 0.0926573 -0.0122858 1.3240400 0.5408524 -0.5403838 0.4556374 -0.4559151
26855.836000 0.0931012 -0.0123716 1.3240120 0.5409322 -0.5404618 0.4555110 -0.4558543
26855.936000 0.0927056 -0.0122763 1.3240349 0.5408990 -0.5403636 0.4555929 -0.4559282
26856.036000 0.0927109 -0.0122678 1.3240335 0.5409198 -0.5403498 0.4555752 -0.4559377
26856.136000 0.0927262 -0.0122622 1.3240316 0.5409417 -0.5403381 0.4555549 -0.4559458
26856.236000 0.0931894 -0.0123488 1.3240019 0.5410261 -0.5404209 0.4554228 -0.4558796
26856.336000 0.0932105 -0.0123450 1.3239998 0.5410486 -0.5404104 0.4554010 -0.4558870
26856.436000 0.0928072 -0.0122489 1.3240232 0.5410142 -0.5403112 0.4554846 -0.4559619
26856.537000 0.0932301 -0.0123308 1.3239966 0.5410914 -0.5403852 0.4553629 -0.4559042
26856.636000 0.0932599 -0.0123279 1.3239938 0.5411158 -0.5403766 0.4553386 -0.4559097
26856.736000 0.0928568 -0.0122318 1.3240172 0.5410815 -0.5402774 0.4554220 -0.4559845
26856.836000 0.0932834 -0.0123146 1.3239903 0.5411593 -0.5403521 0.4552992 -0.4559264
26856.936000 0.0928845 -0.0122195 1.3240136 0.5411257 -0.5402536 0.4553815 -0.4560007
26857.036000 0.0933149 -0.0123032 1.3239865 0.5412038 -0.5403292 0.4552580 -0.4559419
26857.136000 0.0933389 -0.0122994 1.3239840 0.5412271 -0.5403195 0.4552353 -0.4559483
26857.237000 0.0933538 -0.0122936 1.3239822 0.5412492 -0.5403078 0.4552149 -0.4559563
26857.337000 0.0933685 -0.0122879 1.3239804 0.5412711 -0.5402961 0.4551946 -0.4559644
26857.436000 0.0933828 -0.0122822 1.3239786 0.5412930 -0.5402843 0.4551744 -0.4559726
26857.536000 0.0933969 -0.0122765 1.3239768 0.5413148 -0.5402724 0.4551543 -0.4559808
26857.637000 0.0929873 -0.0121798 1.3240008 0.5412795 -0.5401717 0.4552394 -0.4560572
26857.736000 0.0934153 -0.0122632 1.3239738 0.5413570 -0.5402466 0.4551165 -0.4559990
26857.836000 0.0934374 -0.0122593 1.3239716 0.5413798 -0.5402364 0.4550945 -0.4560061
26857.936000 0.0934504 -0.0122536 1.3239699 0.5414013 -0.5402242 0.4550747 -0.4560147
26858.036000 0.0930394 -0.0121570 1.3239941 0.5413656 -0.5401231 0.4551602 -0.4560915
26858.136000 0.0934667 -0.0122403 1.3239672 0.5414429 -0.5401978 0.4550377 -0.4560336
26858.236000 0.0934877 -0.0122364 1.3239651 0.5414654 -0.5401872 0.4550160 -0.4560411
26858.336000 0.0930760 -0.0121399 1.3239893 0.5414295 -0.5400859 0.4551017 -0.4561181
26858.437000 0.0935024 -0.0122231 1.3239625 0.5415066 -0.5401604 0.4549794 -0.4560605
26858.536000 0.0935227 -0.0122193 1.3239605 0.5415288 -0.5401496 0.4549580 -0.4560682
26858.636000 0.0935339 -0.0122135 1.3239590 0.5415499 -0.5401369 0.4549388 -0.4560773
26858.737000 0.0935449 -0.0122079 1.3239575 0.5415706 -0.5401243 0.4549199 -0.4560865
26858.836000 0.0931234 -0.0121095 1.3239824 0.5415334 -0.5400208 0.4550079 -0.4561654
26858.936000 0.0935574 -0.0121945 1.3239552 0.5416113 -0.5400967 0.4548839 -0.4561068
26859.036000 0.0931527 -0.0121000 1.3239791 0.5415762 -0.5399968 0.4549680 -0.4561830
26859.137000 0.0931498 -0.0120915 1.3239785 0.5415951 -0.5399810 0.4549524 -0.4561946
26859.236000 0.0931596 -0.0120858 1.3239771 0.5416157 -0.5399680 0.4549337 -0.4562043
26859.336000 0.0935969 -0.0121715 1.3239497 0.5416940 -0.5400445 0.4548089 -0.4561452
26859.436000 0.0936152 -0.0121677 1.3239479 0.5417157 -0.5400332 0.4547881 -0.4561536
26859.536000 0.0936243 -0.0121620 1.3239466 0.5417361 -0.5400199 0.4547696 -0.4561634
26859.636000 0.0936333 -0.0121562 1.3239453 0.5417565 -0.5400066 0.4547512 -0.4561733
26859.736000 0.0936421 -0.0121505 1.3239440 0.5417768 -0.5399933 0.4547328 -0.4561833
26859.836000 0.0932271 -0.0120543 1.3239687 0.5417400 -0.5398911 0.4548196 -0.4562615
26859.936000 0.0932225 -0.0120459 1.3239682 0.5417585 -0.5398749 0.4548045 -0.4562737
26860.036000 0.0936584 -0.0121314 1.3239409 0.5418363 -0.5399510 0.4546803 -0.4562151
26860.136000 0.0936752 -0.0121276 1.3239392 0.5418576 -0.5399392 0.4546600 -0.4562239
26860.236000 0.0932595 -0.0120315 1.3239639 0.5418206 -0.5398369 0.4547470 -0.4563023
26860.336000 0.0936818 -0.0121142 1.3239375 0.5418965 -0.5399101 0.4546261 -0.4562460
26860.436000 0.0932660 -0.0120183 1.3239622 0.5418594 -0.5398076 0.4547132 -0.4563245
26860.536000 0.0936967 -0.0121028 1.3239352 0.5419364 -0.5398826 0.4545902 -0.4562669
26860.636000 0.0932803 -0.0120069 1.3239600 0.5418992 -0.5397800 0.4546774 -0.4563455
26860.736000 0.0932828 -0.0120002 1.3239592 0.5419184 -0.5397652 0.4546608 -0.4563569
26860.836000 0.0937173 -0.0120855 1.3239320 0.5419958 -0.5398409 0.4545370 -0.4562987
26860.936000 0.0933006 -0.0119897 1.3239569 0.5419585 -0.5397382 0.4546243 -0.4563775
26861.036000 0.0937305 -0.0120741 1.3239300 0.5420353 -0.5398129 0.4545017 -0.4563201
26861.136000 0.0937454 -0.0120702 1.3239284 0.5420560 -0.5398006 0.4544820 -0.4563296
26861.236000 0.0937515 -0.0120645 1.3239274 0.5420756 -0.5397865 0.4544645 -0.4563404
26861.336000 0.0933338 -0.0119687 1.3239524 0.5420380 -0.5396836 0.4545521 -0.4564195
26861.436000 0.0937502 -0.0120503 1.3239263 0.5421127 -0.5397555 0.4544331 -0.4563643
26861.536000 0.0937689 -0.0120473 1.3239246 0.5421341 -0.5397438 0.4544123 -0.4563733
26861.636000 0.0937743 -0.0120415 1.3239236 0.5421535 -0.5397295 0.4543950 -0.4563844
26861.736000 0.0937797 -0.0120358 1.3239227 0.5421729 -0.5397152 0.4543778 -0.4563955
26861.836000 0.0933527 -0.0119384 1.3239483 0.5421339 -0.5396103 0.4544677 -0.4564763
26861.936000 0.0937813 -0.0120225 1.3239215 0.5422104 -0.5396846 0.4543456 -0.4564193
26862.036000 0.0933627 -0.0119270 1.3239465 0.5421725 -0.5395814 0.4544335 -0.4564987
26862.136000 0.0937910 -0.0120110 1.3239198 0.5422488 -0.5396556 0.4543114 -0.4564419
26862.237000 0.0938042 -0.0120071 1.3239184 0.5422692 -0.5396429 0.4542923 -0.4564518
26862.336000 0.0938087 -0.0120014 1.3239176 0.5422883 -0.5396283 0.4542753 -0.4564632
26862.436000 0.0938131 -0.0119957 1.3239167 0.5423074 -0.5396136 0.4542584 -0.4564747
26862.536000 0.0933979 -0.0119012 1.3239416 0.5422697 -0.5395114 0.4543456 -0.4565536
26862.636000 0.0933849 -0.0118918 1.3239419 0.5422866 -0.5394929 0.4543329 -0.4565680
26862.736000 0.0938124 -0.0119757 1.3239152 0.5423625 -0.5395670 0.4542112 -0.4565112
26862.836000 0.0938293 -0.0119727 1.3239136 0.5423834 -0.5395548 0.4541911 -0.4565209
26862.936000 0.0934137 -0.0118784 1.3239385 0.5423456 -0.5394524 0.4542785 -0.4565999
26863.036000 0.0938278 -0.0119594 1.3239127 0.5424200 -0.5395233 0.4541599 -0.4565456
26863.136000 0.0938402 -0.0119555 1.3239114 0.5424401 -0.5395103 0.4541410 -0.4565559
26863.236000 0.0934158 -0.0118595 1.3239369 0.5424010 -0.5394060 0.4542306 -0.4566365
26863.336000 0.0938382 -0.0119422 1.3239105 0.5424765 -0.5394786 0.4541100 -0.4565809
26863.437000 0.0934265 -0.0118489 1.3239352 0.5424393 -0.5393768 0.4541963 -0.4566596
26863.536000 0.0938443 -0.0119307 1.3239091 0.5425140 -0.5394486 0.4540770 -0.4566046
26863.636000 0.0934325 -0.0118375 1.3239338 0.5424767 -0.5393468 0.4541633 -0.4566834
26863.736000 0.0934223 -0.0118291 1.3239340 0.5424936 -0.5393290 0.4541501 -0.4566974
26863.837000 0.0934251 -0.0118234 1.3239333 0.5425123 -0.5393139 0.4541337 -0.4567094
26863.936000 0.0938555 -0.0119078 1.3239065 0.5425886 -0.5393883 0.4540114 -0.4566525
26864.036000 0.0938669 -0.0119040 1.3239053 0.5426084 -0.5393750 0.4539929 -0.4566631
26864.136000 0.0938693 -0.0118982 1.3239047 0.5426270 -0.5393598 0.4539766 -0.4566752
26864.237000 0.0934438 -0.0118025 1.3239303 0.5425876 -0.5392553 0.4540665 -0.4567561
26864.336000 0.0938651 -0.0118849 1.3239040 0.5426628 -0.5393275 0.4539462 -0.4567009
26864.436000 0.0934524 -0.0117919 1.3239288 0.5426253 -0.5392255 0.4540328 -0.4567799
26864.536000 0.0938692 -0.0118735 1.3239028 0.5426997 -0.5392970 0.4539139 -0.4567253
26864.637000 0.0938800 -0.0118696 1.3239017 0.5427193 -0.5392835 0.4538956 -0.4567361
26864.736000 0.0938819 -0.0118639 1.3239011 0.5427376 -0.5392683 0.4538796 -0.4567482
26864.836000 0.0934515 -0.0117673 1.3239271 0.5426977 -0.5391624 0.4539704 -0.4568303
26864.937000 0.0938767 -0.0118506 1.3239006 0.5427733 -0.5392356 0.4538495 -0.4567744
26865.036000 0.0938870 -0.0118467 1.3238995 0.5427928 -0.5392219 0.4538313 -0.4567853
26865.137000 0.0938885 -0.0118410 1.3238990 0.5428111 -0.5392065 0.4538153 -0.4567977
26865.236000 0.0938899 -0.0118352 1.3238984 0.5428294 -0.5391910 0.4537993 -0.4568101
26865.336000 0.0934676 -0.0117406 1.3239239 0.5427904 -0.5390869 0.4538883 -0.4568909
26865.436000 0.0934559 -0.0117322 1.3239242 0.5428069 -0.5390687 0.4538756 -0.4569054
26865.536000 0.1030617 -0.0123532 1.3239930 0.5407234 -0.5406397 0.4557205 -0.4556816
26865.636000 0.1037393 -0.0124526 1.3239633 0.5407638 -0.5407502 0.4556287 -0.4555944
26865.736000 0.1037751 -0.0124477 1.3239599 0.5407832 -0.5407359 0.4556113 -0.4556058
26865.836000 0.1038042 -0.0124419 1.3239570 0.5408030 -0.5407220 0.4555936 -0.4556164
26865.936000 0.1038314 -0.0124362 1.3239541 0.5408237 -0.5407090 0.4555748 -0.4556260
26866.036000 0.1135624 -0.0125042 1.3239572 -0.5406873 0.5408038 -0.4556579 0.4555924
26866.136000 0.1221045 -0.0123438 1.3240671 0.5406476 -0.5405081 0.4558220 -0.4558262
26866.236000 0.1427784 -0.0124259 1.3240154 -0.5406145 0.5406458 -0.4558104 0.4557137
26866.336000 0.1530501 -0.0123701 1.3239964 -0.5406689 0.5406743 -0.4557685 0.4556572
26866.436000 0.1724325 -0.0124599 1.3240437 0.5406454 -0.5406165 0.4557573 -0.4557649
26866.536000 0.1826108 -0.0124377 1.3240447 0.5406879 -0.5405901 0.4557335 -0.4557696
26866.636000 0.1935883 -0.0124649 1.3239696 -0.5407256 0.5407683 -0.4556617 0.4555852
26866.736000 0.2030833 -0.0123673 1.3239924 0.5406862 -0.5406800 0.4557507 -0.4556477
26866.836000 0.2124312 -0.0124299 1.3240411 0.5407097 -0.5405910 0.4557145 -0.4557617
26866.936000 0.2232198 -0.0124588 1.3239658 -0.5407498 0.5407646 -0.4556394 0.4555832
26867.036000 0.2335107 -0.0124587 1.3239656 -0.5407479 0.5407666 -0.4556411 0.4555814
26867.136000 0.2430813 -0.0123672 1.3239924 0.5406864 -0.5406798 0.4557506 -0.4556478
26867.237000 0.2433073 -0.0123589 1.3239896 0.5407034 -0.5406615 0.4557379 -0.4556620
26867.336000 0.2433386 -0.0123531 1.3239865 0.5407222 -0.5406464 0.4557216 -0.4556740
26867.437000 0.2433677 -0.0123473 1.3239835 0.5407421 -0.5406325 0.4557038 -0.4556846
26867.536000 0.2433949 -0.0123417 1.3239807 0.5407628 -0.5406196 0.4556850 -0.4556942
26867.636000 0.2520884 -0.0123409 1.3240688 0.5406436 -0.5405014 0.4558279 -0.4558330
26867.737000 0.2620911 -0.0123410 1.3240679 0.5406436 -0.5405076 0.4558271 -0.4558264
26867.836000 0.2726182 -0.0124338 1.3240419 0.5407018 -0.5405978 0.4557203 -0.4557573
26867.936000 0.2830769 -0.0123681 1.3239930 0.5406858 -0.5406792 0.4557511 -0.4556488
26868.036000 0.2921028 -0.0123395 1.3240668 0.5406512 -0.5405041 0.4558204 -0.4558282
26868.136000 0.3026295 -0.0124319 1.3240406 0.5407082 -0.5405954 0.4557147 -0.4557581
26868.236000 0.3233491 -0.0126415 1.3239655 -0.5407103 0.5408142 -0.4556089 0.4556017
26868.336000 0.3330563 -0.0123457 1.3239850 0.5407002 -0.5406392 0.4557686 -0.4556616
26868.436000 0.3420746 -0.0123670 1.3240714 0.5405808 -0.5405333 0.4558727 -0.4558249
26868.536000 0.3526182 -0.0124338 1.3240419 0.5407017 -0.5405978 0.4557203 -0.4557572
26868.637000 0.3626433 -0.0124333 1.3240398 0.5407107 -0.5405962 0.4557115 -0.4557574
26868.736000 0.3828620 -0.0123712 1.3239955 -0.5406704 0.5406775 -0.4557660 0.4556542
26868.836000 0.3933866 -0.0124599 1.3239688 -0.5407330 0.5407698 -0.4556557 0.4555806
26868.937000 0.4034118 -0.0124597 1.3239661 -0.5407453 0.5407688 -0.4556432 0.4555797
26869.036000 0.4217944 -0.0123451 1.3240687 0.5406405 -0.5405050 0.4558288 -0.4558315
26869.137000 0.4333951 -0.0124575 1.3239673 -0.5407438 0.5407652 -0.4556462 0.4555828
26869.236000 0.4434117 -0.0124596 1.3239661 -0.5407455 0.5407686 -0.4556430 0.4555799
26869.336000 0.4534117 -0.0124596 1.3239661 -0.5407455 0.5407687 -0.4556431 0.4555798
26869.436000 0.4726222 -0.0127208 1.3240189 -0.5406793 0.5406891 -0.4556286 0.4557674
26869.536000 0.4826264 -0.0124424 1.3240420 0.5406973 -0.5405997 0.4557214 -0.4557592
26869.636000 0.4926262 -0.0124361 1.3240418 0.5407008 -0.5405993 0.4557202 -0.4557568
26869.736000 0.5026308 -0.0124354 1.3240412 0.5407041 -0.5405996 0.4557170 -0.4557556
26869.836000 0.5126342 -0.0124349 1.3240407 0.5407061 -0.5405991 0.4557152 -0.4557555
26869.936000 0.5234135 -0.0124598 1.3239663 -0.5407469 0.5407670 -0.4556418 0.4555814
26870.037000 0.5321167 -0.0123417 1.3240656 0.5406549 -0.5405056 0.4558155 -0.4558269
26870.136000 0.5523943 -0.0124588 1.3240459 -0.5406323 0.5406330 -0.4557761 0.4557420
26870.237000 0.5630610 -0.0123719 1.3239957 -0.5406681 0.5406782 -0.4557679 0.4556541
26870.336000 0.5720875 -0.0123418 1.3240691 0.5406400 -0.5405026 0.4558312 -0.4558325
26870.436000 0.5923735 -0.0124603 1.3240484 -0.5406156 0.5406347 -0.4557941 0.4557418
26870.537000 0.6021098 -0.0123435 1.3240667 0.5406470 -0.5405106 0.4558223 -0.4558236
26870.636000 0.6231119 -0.0124589 1.3239657 -0.5407326 0.5407787 -0.4556562 0.4555700
26870.736000 0.6323243 -0.0123649 1.3240525 0.5406134 -0.5405404 0.4558374 -0.4558129
26870.836000 0.6433689 -0.0124529 1.3239722 0.5407552 -0.5407169 0.4556352 -0.4556376
26870.936000 0.6530511 -0.0123743 1.3239978 -0.5406545 0.5406706 -0.4557803 0.4556670
26871.036000 0.6626057 -0.0124358 1.3240444 0.5406930 -0.5405890 0.4557288 -0.4557695
26871.136000 0.6726214 -0.0124367 1.3240427 0.5406964 -0.5405970 0.4557247 -0.4557600
26871.236000 0.6835960 -0.0124627 1.3239680 -0.5407369 0.5407704 -0.4556507 0.4555804
26871.336000 0.6924418 -0.0124354 1.3240413 0.5407063 -0.5405969 0.4557152 -0.4557581
26871.436000 0.7117886 -0.0123452 1.3240687 0.5406405 -0.5405050 0.4558288 -0.4558314
26871.536000 0.7219910 -0.0123416 1.3240685 0.5406403 -0.5405066 0.4558304 -0.4558282
26871.636000 0.7330597 -0.0123671 1.3239941 0.5406814 -0.5406783 0.4557561 -0.4556501
26871.736000 0.7435977 -0.0124605 1.3239673 -0.5407391 0.5407712 -0.4556490 0.4555784
26871.836000 0.7620156 -0.0123492 1.3240662 0.5406383 -0.5405205 0.4558286 -0.4558159
26871.936000 0.7729825 -0.0123766 1.3240042 0.5406564 -0.5406379 0.4557716 -0.4557120
26872.036000 0.7830645 -0.0123670 1.3239939 -0.5406797 0.5406806 -0.4557576 0.4556479
26872.136000 0.8032794 -0.0124638 1.3239704 -0.5407217 0.5407670 -0.4556661 0.4555870
26872.236000 0.8129871 -0.0123686 1.3239923 0.5406859 -0.5406815 0.4557505 -0.4556466
26872.337000 0.8323734 -0.0124603 1.3240484 -0.5406157 0.5406347 -0.4557941 0.4557418
26872.436000 0.8430576 -0.0123573 1.3239970 0.5407124 -0.5406216 0.4557289 -0.4557079
26872.536000 0.8526097 -0.0124353 1.3240437 0.5406960 -0.5405925 0.4557260 -0.4557646
26872.636000 0.8726880 -0.0123685 1.3240138 0.5406364 -0.5406237 0.4558084 -0.4557158
26872.736000 0.8834760 -0.0124458 1.3239719 0.5407672 -0.5407073 0.4556292 -0.4556408
26872.836000 0.8933915 -0.0124642 1.3239696 -0.5407247 0.5407692 -0.4556628 0.4555841
26872.936000 0.9030645 -0.0123703 1.3239944 -0.5406750 0.5406828 -0.4557609 0.4556475
26873.036000 0.9130607 -0.0123678 1.3239945 -0.5406766 0.5406810 -0.4557604 0.4556483
26873.136000 0.9220953 -0.0123408 1.3240677 0.5406466 -0.5405053 0.4558245 -0.4558282
26873.236000 0.9330661 -0.0123662 1.3239935 0.5406846 -0.5406773 0.4557532 -0.4556503
26873.336000 0.9433987 -0.0124574 1.3239672 -0.5407420 0.5407672 -0.4556477 0.4555811
26873.436000 0.9526378 -0.0124338 1.3240401 0.5407114 -0.5405951 0.4557107 -0.4557585
26873.536000 0.9626425 -0.0124334 1.3240398 0.5407105 -0.5405964 0.4557116 -0.4557573
26873.636000 0.9833159 -0.0124657 1.3239665 -0.5407348 0.5407776 -0.4556518 0.4555732
26873.736000 0.9925825 -0.0124628 1.3240490 0.5406230 -0.5406178 0.4557824 -0.4557649
26873.837000 1.0026291 -0.0124357 1.3240414 0.5407028 -0.5405998 0.4557182 -0.4557557
26873.936000 1.0134080 -0.0124609 1.3239669 -0.5407435 0.5407690 -0.4556446 0.4555802
26874.036000 1.0228930 -0.0123692 1.3239920 0.5406874 -0.5406816 0.4557486 -0.4556465
26874.137000 1.0323006 -0.0123390 1.3240664 0.5406528 -0.5405032 0.4558191 -0.4558287
26874.236000 1.0426366 -0.0124314 1.3240403 0.5407097 -0.5405942 0.4557135 -0.4557589
26874.336000 1.0628013 -0.0124110 1.3239887 -0.5406889 0.5407133 -0.4557285 0.4556272
26874.436000 1.0728679 -0.0123694 1.3239945 -0.5406787 0.5406793 -0.4557579 0.4556503
26874.536000 1.0928361 -0.0123723 1.3239984 -0.5406534 0.5406687 -0.4557824 0.4556685
26874.636000 1.1033773 -0.0124617 1.3239707 -0.5407211 0.5407661 -0.4556679 0.4555870
26874.736000 1.1123008 -0.0123409 1.3240667 0.5406506 -0.5405059 0.4558203 -0.4558270
26874.836000 1.1234043 -0.0124569 1.3239670 -0.5407457 0.5407639 -0.4556446 0.4555837
26874.936000 1.1424018 -0.0124607 1.3240451 -0.5406311 0.5406418 -0.4557775 0.4557318
26875.036000 1.1530599 -0.0123728 1.3239959 -0.5406653 0.5406788 -0.4557702 0.4556544
26875.136000 1.1626128 -0.0124347 1.3240433 0.5406975 -0.5405927 0.4557249 -0.4557637
26875.236000 1.1730697 -0.0123695 1.3239939 0.5406803 -0.5406803 0.4557561 -0.4556491
26875.336000 1.1826215 -0.0124335 1.3240418 0.5407048 -0.5405953 0.4557176 -0.4557592
26875.436000 1.1934096 -0.0124606 1.3239667 -0.5407447 0.5407684 -0.4556437 0.4555805
26875.537000 1.2021145 -0.0123421 1.3240658 0.5406538 -0.5405064 0.4558165 -0.4558264
26875.636000 1.2134011 -0.0124562 1.3239667 -0.5407473 0.5407625 -0.4556433 0.4555847
26875.736000 1.2235149 -0.0124587 1.3239656 -0.5407479 0.5407666 -0.4556411 0.4555813
26875.836000 1.2428591 -0.0123716 1.3239960 -0.5406653 0.5406789 -0.4557709 0.4556537
26875.937000 1.2520053 -0.0123400 1.3240671 0.5406496 -0.5405050 0.4558217 -0.4558277
26876.036000 1.2630688 -0.0123653 1.3239930 0.5406876 -0.5406756 0.4557507 -0.4556512
26876.136000 1.2828446 -0.0123608 1.3239981 0.5406981 -0.5406278 0.4557405 -0.4557058
26876.236000 1.2920844 -0.0123423 1.3240695 0.5406385 -0.5405024 0.4558323 -0.4558334
26876.336000 1.3030580 -0.0123678 1.3239946 -0.5406782 0.5406785 -0.4557591 0.4556507
26876.436000 1.3133913 -0.0124589 1.3239681 -0.5407370 0.5407694 -0.4556520 0.4555800
26876.536000 1.3226299 -0.0124352 1.3240410 0.5407071 -0.5405971 0.4557144 -0.4557576
26876.637000 1.3418023 -0.0123449 1.3240683 0.5406399 -0.5405090 0.4558291 -0.4558271
26876.736000 1.3526257 -0.0124326 1.3240410 0.5407061 -0.5405968 0.4557164 -0.4557572
26876.836000 1.3724155 -0.0124619 1.3240450 0.5406397 -0.5406252 0.4557640 -0.4557546
26876.936000 1.3830574 -0.0123734 1.3239966 -0.5406642 0.5406738 -0.4557704 0.4556615
26877.036000 1.3935883 -0.0124625 1.3239687 -0.5407310 0.5407720 -0.4556565 0.4555795
26877.137000 1.4029929 -0.0123679 1.3239920 0.5406876 -0.5406803 0.4557491 -0.4556474
26877.236000 1.4223972 -0.0124361 1.3240453 0.5406930 -0.5405812 0.4557279 -0.4557797
26877.336000 1.4335872 -0.0124658 1.3239698 -0.5407228 0.5407689 -0.4556640 0.4555856
26877.436000 1.4421952 -0.0123437 1.3240686 0.5406409 -0.5405047 0.4558293 -0.4558308
26877.536000 1.4528814 -0.0123651 1.3239929 0.5406881 -0.5406752 0.4557503 -0.4556515
26877.636000 1.4626298 -0.0124314 1.3240404 0.5407117 -0.5405920 0.4557117 -0.4557608
26877.736000 1.4820554 -0.0123579 1.3240645 0.5406456 -0.5405254 0.4558176 -0.4558124
26877.836000 1.4930174 -0.0123661 1.3240020 0.5406787 -0.5406177 0.4557561 -0.4557250
26877.936000 1.5028731 -0.0123668 1.3239938 0.5406805 -0.5406804 0.4557569 -0.4556480
26878.036000 1.5126181 -0.0124334 1.3240417 0.5407054 -0.5405953 0.4557171 -0.4557591
26878.136000 1.5234080 -0.0124609 1.3239669 -0.5407436 0.5407689 -0.4556445 0.4555803
26878.236000 1.5330786 -0.0123674 1.3239925 0.5406859 -0.5406802 0.4557510 -0.4556476
26878.336000 1.5430749 -0.0123649 1.3239927 0.5406864 -0.5406771 0.4557518 -0.4556498
26878.436000 1.5628863 -0.0122820 1.3239897 0.5406904 -0.5406747 0.4557786 -0.4556211
26878.536000 1.5732242 -0.0124080 1.3239839 -0.5406260 0.5407139 -0.4557694 0.4556603
26878.637000 1.5833904 -0.0124591 1.3239682 -0.5407361 0.5407698 -0.4556528 0.4555799
26878.736000 1.5929810 -0.0123692 1.3239927 0.5406839 -0.5406826 0.4557521 -0.4556460
26878.837000 1.5933033 -0.0123596 1.3239900 0.5407012 -0.5406635 0.4557398 -0.4556605
26878.936000 1.5933350 -0.0123537 1.3239869 0.5407199 -0.5406481 0.4557236 -0.4556727
26879.036000 1.5937881 -0.0124399 1.3239580 0.5407968 -0.5407231 0.4556007 -0.4556154
26879.136000 1.5934006 -0.0123442 1.3239805 0.5407615 -0.5406229 0.4556851 -0.4556917
26879.236000 1.5938499 -0.0124303 1.3239519 0.5408399 -0.5406995 0.4555603 -0.4556326
26879.336000 1.5934591 -0.0123346 1.3239746 0.5408058 -0.5406005 0.4556434 -0.4557076
26879.436000 1.5938850 -0.0124160 1.3239474 0.5408820 -0.5406736 0.4555230 -0.4556507
26879.536000 1.5934972 -0.0123215 1.3239699 0.5408494 -0.5405761 0.4556039 -0.4557242
26879.636000 1.5935102 -0.0123139 1.3239680 0.5408709 -0.5405632 0.4555850 -0.4557329
26879.736000 1.5935314 -0.0123082 1.3239655 0.5408936 -0.5405523 0.4555637 -0.4557401
26879.836000 1.5939801 -0.0123950 1.3239369 0.5409740 -0.5406314 0.4554362 -0.4556782
26879.936000 1.5935814 -0.0122986 1.3239602 0.5409407 -0.5405326 0.4555186 -0.4557526
26880.037000 1.5940215 -0.0123835 1.3239321 0.5410202 -0.5406102 0.4553929 -0.4556918
26880.136000 1.5936268 -0.0122872 1.3239550 0.5409880 -0.5405125 0.4554740 -0.4557648
26880.236000 1.5936196 -0.0122796 1.3239549 0.5410057 -0.5404958 0.4554596 -0.4557781
26880.336000 1.5936414 -0.0122738 1.3239524 0.5410293 -0.5404857 0.4554374 -0.4557842
26880.436000 1.5940924 -0.0123614 1.3239237 0.5411105 -0.5405656 0.4553086 -0.4557218
26880.536000 1.5936867 -0.0122643 1.3239475 0.5410761 -0.5404658 0.4553926 -0.4557970
26880.636000 1.5941188 -0.0123480 1.3239200 0.5411546 -0.5405417 0.4552685 -0.4557377
26880.736000 1.5941485 -0.0123450 1.3239171 0.5411789 -0.5405332 0.4552444 -0.4557431
26880.836000 1.5941648 -0.0123393 1.3239151 0.5412013 -0.5405219 0.4552236 -0.4557507
26880.936000 1.5937530 -0.0122414 1.3239394 0.5411659 -0.5404208 0.4553091 -0.4558271
26881.036000 1.5937597 -0.0122337 1.3239380 0.5411870 -0.5404075 0.4552907 -0.4558363
26881.136000 1.5941986 -0.0123192 1.3239101 0.5412662 -0.5404848 0.4551651 -0.4557762
26881.236000 1.5938031 -0.0122251 1.3239334 0.5412328 -0.5403872 0.4552467 -0.4558500
26881.337000 1.5938046 -0.0122165 1.3239324 0.5412531 -0.5403725 0.4552295 -0.4558603
26881.436000 1.5938189 -0.0122108 1.3239306 0.5412750 -0.5403607 0.4552093 -0.4558685
26881.536000 1.5938329 -0.0122050 1.3239288 0.5412968 -0.5403488 0.4551892 -0.4558768
26881.636000 1.5938466 -0.0121993 1.3239270 0.5413186 -0.5403369 0.4551692 -0.4558852
26881.736000 1.5942796 -0.0122837 1.3238995 0.5413966 -0.5404129 0.4550453 -0.4558261
26854.787000 0.0924221 -0.0123358 1.3240646 0.5406616 -0.5404952 0.4558120 -0.4558348
26854.787000 0.0924221 -0.0123358 1.3240646 0.5406616 -0.5404952 0.4558120 -0.4558348
26854.836000 0.0924221 -0.0123358 1.3240646 0.5406616 -0.5404952 0.4558120 -0.4558348
26854.936000 0.0924546 -0.0123300 1.3240615 0.5406796 -0.5404798 0.4557967 -0.4558470
26855.036000 0.0924846 -0.0123243 1.3240585 0.5406990 -0.5404656 0.4557795 -0.4558581
26855.136000 0.0925126 -0.0123187 1.3240557 0.5407194 -0.5404523 0.4557611 -0.4558680
26855.236000 0.0929625 -0.0124048 1.3240273 0.5407974 -0.5405290 0.4556367 -0.4558089
26855.336000 0.0925768 -0.0123102 1.3240494 0.5407640 -0.5404306 0.4557185 -0.4558834
26855.436000 0.0930153 -0.0123944 1.3240218 0.5408419 -0.5405061 0.4555951 -0.4558248
26855.536000 0.0930468 -0.0123906 1.3240187 0.5408655 -0.5404967 0.4555721 -0.4558310
26855.637000 0.0930686 -0.0123849 1.3240163 0.5408880 -0.5404856 0.4555512 -0.4558384
26855.736000 0.0926573 -0.0122858 1.3240400 0.5408524 -0.5403838 0.4556374 -0.4559151
26855.836000 0.0931012 -0.0123716 1.3240120 0.5409322 -0.5404618 0.4555110 -0.4558543
26855.936000 0.0927056 -0.0122763 1.3240349 0.5408990 -0.5403636 0.4555929 -0.4559282
26856.036000 0.0927109 -0.0122678 1.3240335 0.5409198 -0.5403498 0.4555752 -0.4559377
26856.136000 0.0927262 -0.0122622 1.3240316 0.5409417 -0.5403381 0.4555549 -0.4559458
26856.236000 0.0931894 -0.0123488 1.3240019 0.5410261 -0.5404209 0.4554228 -0.4558796
26856.336000 0.0932105 -0.0123450 1.3239998 0.5410486 -0.5404104 0.4554010 -0.4558870
26856.436000 0.0928072 -0.0122489 1.3240232 0.5410142 -0.5403112 0.4554846 -0.4559619
26856.537000 0.0932301 -0.0123308 1.3239966 0.5410914 -0.5403852 0.4553629 -0.4559042
26856.636000 0.0932599 -0.0123279 1.3239938 0.5411158 -0.5403766 0.4553386 -0.4559097
26856.736000 0.0928568 -0.0122318 1.3240172 0.5410815 -0.5402774 0.4554220 -0.4559845
26856.836000 0.0932834 -0.0123146 1.3239903 0.5411593 -0.5403521 0.4552992 -0.4559264
26856.936000 0.0928845 -0.0122195 1.3240136 0.5411257 -0.5402536 0.4553815 -0.4560007
26857.036000 0.0933149 -0.0123032 1.3239865 0.5412038 -0.5403292 0.4552580 -0.4559419
26857.136000 0.0933389 -0.0122994 1.3239840 0.5412271 -0.5403195 0.4552353 -0.4559483
26857.237000 0.0933538 -0.0122936 1.3239822 0.5412492 -0.5403078 0.4552149 -0.4559563
26857.337000 0.0933685 -0.0122879 1.3239804 0.5412711 -0.5402961 0.4551946 -0.4559644
26857.436000 0.0933828 -0.0122822 1.3239786 0.5412930 -0.5402843 0.4551744 -0.4559726
26857.536000 0.0933969 -0.0122765 1.3239768 0.5413148 -0.5402724 0.4551543 -0.4559808
26857.637000 0.0929873 -0.0121798 1.3240008 0.5412795 -0.5401717 0.4552394 -0.4560572
26857.736000 0.0934153 -0.0122632 1.3239738 0.5413570 -0.5402466 0.4551165 -0.4559990
26857.836000 0.0934374 -0.0122593 1.3239716 0.5413798 -0.5402364 0.4550945 -0.4560061
26857.936000 0.0934504 -0.0122536 1.3239699 0.5414013 -0.5402242 0.4550747 -0.4560147
26858.036000 0.0930394 -0.0121570 1.3239941 0.5413656 -0.5401231 0.4551602 -0.4560915
26858.136000 0.0934667 -0.0122403 1.3239672 0.5414429 -0.5401978 0.4550377 -0.4560336
26858.236000 0.0934877 -0.0122364 1.3239651 0.5414654 -0.5401872 0.4550160 -0.4560411
26858.336000 0.0930760 -0.0121399 1.3239893 0.5414295 -0.5400859 0.4551017 -0.4561181
26858.437000 0.0935024 -0.0122231 1.3239625 0.5415066 -0.5401604 0.4549794 -0.4560605
26858.536000 0.0935227 -0.0122193 1.3239605 0.5415288 -0.5401496 0.4549580 -0.4560682
26858.636000 0.0935339 -0.0122135 1.3239590 0.5415499 -0.5401369 0.4549388 -0.4560773
26858.737000 0.0935449 -0.0122079 1.3239575 0.5415706 -0.5401243 0.4549199 -0.4560865
26858.836000 0.0931234 -0.0121095 1.3239824 0.5415334 -0.5400208 0.4550079 -0.4561654
26858.936000 0.0935574 -0.0121945 1.3239552 0.5416113 -0.5400967 0.4548839 -0.4561068
26859.036000 0.0931527 -0.0121000 1.3239791 0.5415762 -0.5399968 0.4549680 -0.4561830
26859.137000 0.0931498 -0.0120915 1.3239785 0.5415951 -0.5399810 0.4549524 -0.4561946
26859.236000 0.0931596 -0.0120858 1.3239771 0.5416157 -0.5399680 0.4549337 -0.4562043
26859.336000 0.0935969 -0.0121715 1.3239497 0.5416940 -0.5400445 0.4548089 -0.4561452
26859.436000 0.0936152 -0.0121677 1.3239479 0.5417157 -0.5400332 0.4547881 -0.4561536
26859.536000 0.0936243 -0.0121620 1.3239466 0.5417361 -0.5400199 0.4547696 -0.4561634
26859.636000 0.0936333 -0.0121562 1.3239453 0.5417565 -0.5400066 0.4547512 -0.4561733
26859.736000 0.0936421 -0.0121505 1.3239440 0.5417768 -0.5399933 0.4547328 -0.4561833
26859.836000 0.0932271 -0.0120543 1.3239687 0.5417400 -0.5398911 0.4548196 -0.4562615
26859.936000 0.0932225 -0.0120459 1.3239682 0.5417585 -0.5398749 0.4548045 -0.4562737
26860.036000 0.0936584 -0.0121314 1.3239409 0.5418363 -0.5399510 0.4546803 -0.4562151
26860.136000 0.0936752 -0.0121276 1.3239392 0.5418576 -0.5399392 0.4546600 -0.4562239
26860.236000 0.0932595 -0.0120315 1.3239639 0.5418206 -0.5398369 0.4547470 -0.4563023
26860.336000 0.0936818 -0.0121142 1.3239375 0.5418965 -0.5399101 0.4546261 -0.4562460
26860.436000 0.0932660 -0.0120183 1.3239622 0.5418594 -0.5398076 0.4547132 -0.4563245
26860.536000 0.0936967 -0.0121028 1.3239352 0.5419364 -0.5398826 0.4545902 -0.4562669
26860.636000 0.0932803 -0.0120069 1.3239600 0.5418992 -0.5397800 0.4546774 -0.4563455
26860.736000 0.0932828 -0.0120002 1.3239592 0.5419184 -0.5397652 0.4546608 -0.4563569
26860.836000 0.0937173 -0.0120855 1.3239320 0.5419958 -0.5398409 0.4545370 -0.4562987
26860.936000 0.0933006 -0.0119897 1.3239569 0.5419585 -0.5397382 0.4546243 -0.4563775
26861.036000 0.0937305 -0.0120741 1.3239300 0.5420353 -0.5398129 0.4545017 -0.4563201
26861.136000 0.0937454 -0.0120702 1.3239284 0.5420560 -0.5398006 0.4544820 -0.4563296
26861.236000 0.0937515 -0.0120645 1.3239274 0.5420756 -0.5397865 0.4544645 -0.4563404
26861.336000 0.0933338 -0.0119687 1.3239524 0.5420380 -0.5396836 0.4545521 -0.4564195
26861.436000 0.0937502 -0.0120503 1.3239263 0.5421127 -0.5397555 0.4544331 -0.4563643
26861.536000 0.0937689 -0.0120473 1.3239246 0.5421341 -0.5397438 0.4544123 -0.4563733
26861.636000 0.0937743 -0.0120415 1.3239236 0.5421535 -0.5397295 0.4543950 -0.4563844
26861.736000 0.0937797 -0.0120358 1.3239227 0.5421729 -0.5397152 0.4543778 -0.4563955
26861.836000 0.0933527 -0.0119384 1.3239483 0.5421339 -0.5396103 0.4544677 -0.4564763
26861.936000 0.0937813 -0.0120225 1.3239215 0.5422104 -0.5396846 0.4543456 -0.4564193
26862.036000 0.0933627 -0.0119270 1.3239465 0.5421725 -0.5395814 0.4544335 -0.4564987
26862.136000 0.0937910 -0.0120110 1.3239198 0.5422488 -0.5396556 0.4543114 -0.4564419
26862.237000 0.0938042 -0.0120071 1.3239184 0.5422692 -0.5396429 0.4542923 -0.4564518
26862.336000 0.0938087 -0.0120014 1.3239176 0.5422883 -0.5396283 0.4542753 -0.4564632
26862.436000 0.0938131 -0.0119957 1.3239167 0.5423074 -0.5396136 0.4542584 -0.4564747
26862.536000 0.0933979 -0.0119012 1.3239416 0.5422697 -0.5395114 0.4543456 -0.4565536
26862.636000 0.0933849 -0.0118918 1.3239419 0.5422866 -0.5394929 0.4543329 -0.4565680
26862.736000 0.0938124 -0.0119757 1.3239152 0.5423625 -0.5395670 0.4542112 -0.4565112
26862.836000 0.0938293 -0.0119727 1.3239136 0.5423834 -0.5395548 0.4541911 -0.4565209
26862.936000 0.0934137 -0.0118784 1.3239385 0.5423456 -0.5394524 0.4542785 -0.4565999
26863.036000 0.0938278 -0.0119594 1.3239127 0.5424200 -0.5395233 0.4541599 -0.4565456
26863.136000 0.0938402 -0.0119555 1.3239114 0.5424401 -0.5395103 0.4541410 -0.4565559
26863.236000 0.0934158 -0.0118595 1.3239369 0.5424010 -0.5394060 0.4542306 -0.4566365
26863.336000 0.0938382 -0.0119422 1.3239105 0.5424765 -0.5394786 0.4541100 -0.4565809
26863.437000 0.0934265 -0.0118489 1.3239352 0.5424393 -0.5393768 0.4541963 -0.4566596
26863.536000 0.0938443 -0.0119307 1.3239091 0.5425140 -0.5394486 0.4540770 -0.4566046
26863.636000 0.0934325 -0.0118375 1.3239338 0.5424767 -0.5393468 0.4541633 -0.4566834
26863.736000 0.0934223 -0.0118291 1.3239340 0.5424936 -0.5393290 0.4541501 -0.4566974
26863.837000 0.0934251 -0.0118234 1.3239333 0.5425123 -0.5393139 0.4541337 -0.4567094
26863.936000 0.0938555 -0.0119078 1.3239065 0.5425886 -0.5393883 0.4540114 -0.4566525
26864.036000 0.0938669 -0.0119040 1.3239053 0.5426084 -0.5393750 0.4539929 -0.4566631
26864.136000 0.0938693 -0.0118982 1.3239047 0.5426270 -0.5393598 0.4539766 -0.4566752
26864.237000 0.0934438 -0.0118025 1.3239303 0.5425876 -0.5392553 0.4540665 -0.4567561
26864.336000 0.0938651 -0.0118849 1.3239040 0.5426628 -0.5393275 0.4539462 -0.4567009
26864.436000 0.0934524 -0.0117919 1.3239288 0.5426253 -0.5392255 0.4540328 -0.4567799
26864.536000 0.0938692 -0.0118735 1.3239028 0.5426997 -0.5392970 0.4539139 -0.4567253
26864.637000 0.0938800 -0.0118696 1.3239017 0.5427193 -0.5392835 0.4538956 -0.4567361
26864.736000 0.0938819 -0.0118639 1.3239011 0.5427376 -0.5392683 0.4538796 -0.4567482
26864.836000 0.0934515 -0.0117673 1.3239271 0.5426977 -0.5391624 0.4539704 -0.4568303
26864.937000 0.0938767 -0.0118506 1.3239006 0.5427733 -0.5392356 0.4538495 -0.4567744
26865.036000 0.0938870 -0.0118467 1.3238995 0.5427928 -0.5392219 0.4538313 -0.4567853
26865.137000 0.0938885 -0.0118410 1.3238990 0.5428111 -0.5392065 0.4538153 -0.4567977
26865.236000 0.0938899 -0.0118352 1.3238984 0.5428294 -0.5391910 0.4537993 -0.4568101
26865.336000 0.0934676 -0.0117406 1.3239239 0.5427904 -0.5390869 0.4538883 -0.4568909
26865.436000 0.0934559 -0.0117322 1.3239242 0.5428069 -0.5390687 0.4538756 -0.4569054
26865.536000 0.1030617 -0.0123532 1.3239930 0.5407234 -0.5406397 0.4557205 -0.4556816
26865.636000 0.1037393 -0.0124526 1.3239633 0.5407638 -0.5407502 0.4556287 -0.4555944
26865.736000 0.1037751 -0.0124477 1.3239599 0.5407832 -0.5407359 0.4556113 -0.4556058
26865.836000 0.1038042 -0.0124419 1.3239570 0.5408030 -0.5407220 0.4555936 -0.4556164
26865.936000 0.1038314 -0.0124362 1.3239541 0.5408237 -0.5407090 0.4555748 -0.4556260
26866.036000 0.1135624 -0.0125042 1.3239572 -0.5406873 0.5408038 -0.4556579 0.4555924
26866.136000 0.1221045 -0.0123438 1.3240671 0.5406476 -0.5405081 0.4558220 -0.4558262
26866.236000 0.1427784 -0.0124259 1.3240154 -0.5406145 0.5406458 -0.4558104 0.4557137
26866.336000 0.1530501 -0.0123701 1.3239964 -0.5406689 0.5406743 -0.4557685 0.4556572
26866.436000 0.1724325 -0.0124599 1.3240437 0.5406454 -0.5406165 0.4557573 -0.4557649
26866.536000 0.1826108 -0.0124377 1.3240447 0.5406879 -0.5405901 0.4557335 -0.4557696
26866.636000 0.1935883 -0.0124649 1.3239696 -0.5407256 0.5407683 -0.4556617 0.4555852
26866.736000 0.2030833 -0.0123673 1.3239924 0.5406862 -0.5406800 0.4557507 -0.4556477
26866.836000 0.2124312 -0.0124299 1.3240411 0.5407097 -0.5405910 0.4557145 -0.4557617
26866.936000 0.2232198 -0.0124588 1.3239658 -0.5407498 0.5407646 -0.4556394 0.4555832
26867.036000 0.2335107 -0.0124587 1.3239656 -0.5407479 0.5407666 -0.4556411 0.4555814
26867.136000 0.2430813 -0.0123672 1.3239924 0.5406864 -0.5406798 0.4557506 -0.4556478
26867.237000 0.2433073 -0.0123589 1.3239896 0.5407034 -0.5406615 0.4557379 -0.4556620
26867.336000 0.2433386 -0.0123531 1.3239865 0.5407222 -0.5406464 0.4557216 -0.4556740
26867.437000 0.2433677 -0.0123473 1.3239835 0.5407421 -0.5406325 0.4557038 -0.4556846
26867.536000 0.2433949 -0.0123417 1.3239807 0.5407628 -0.5406196 0.4556850 -0.4556942
26867.636000 0.2520884 -0.0123409 1.3240688 0.5406436 -0.5405014 0.4558279 -0.4558330
26867.737000 0.2620911 -0.0123410 1.3240679 0.5406436 -0.5405076 0.4558271 -0.4558264
26867.836000 0.2726182 -0.0124338 1.3240419 0.5407018 -0.5405978 0.4557203 -0.4557573
26867.936000 0.2830769 -0.0123681 1.3239930 0.5406858 -0.5406792 0.4557511 -0.4556488
26868.036000 0.2921028 -0.0123395 1.3240668 0.5406512 -0.5405041 0.4558204 -0.4558282
26868.136000 0.3026295 -0.0124319 1.3240406 0.5407082 -0.5405954 0.4557147 -0.4557581
26868.236000 0.3233491 -0.0126415 1.3239655 -0.5407103 0.5408142 -0.4556089 0.4556017
26868.336000 0.3330563 -0.0123457 1.3239850 0.5407002 -0.5406392 0.4557686 -0.4556616
26868.436000 0.3420746 -0.0123670 1.3240714 0.5405808 -0.5405333 0.4558727 -0.4558249
26868.536000 0.3526182 -0.0124338 1.3240419 0.5407017 -0.5405978 0.4557203 -0.4557572
26868.637000 0.3626433 -0.0124333 1.3240398 0.5407107 -0.5405962 0.4557115 -0.4557574
26868.736000 0.3828620 -0.0123712 1.3239955 -0.5406704 0.5406775 -0.4557660 0.4556542
26868.836000 0.3933866 -0.0124599 1.3239688 -0.5407330 0.5407698 -0.4556557 0.4555806
26868.937000 0.4034118 -0.0124597 1.3239661 -0.5407453 0.5407688 -0.4556432 0.4555797
26869.036000 0.4217944 -0.0123451 1.3240687 0.5406405 -0.5405050 0.4558288 -0.4558315
26869.137000 0.4333951 -0.0124575 1.3239673 -0.5407438 0.5407652 -0.4556462 0.4555828
26869.236000 0.4434117 -0.0124596 1.3239661 -0.5407455 0.5407686 -0.4556430 0.4555799
26869.336000 0.4534117 -0.0124596 1.3239661 -0.5407455 0.5407687 -0.4556431 0.4555798
26869.436000 0.4726222 -0.0127208 1.3240189 -0.5406793 0.5406891 -0.4556286 0.4557674
26869.536000 0.4826264 -0.0124424 1.3240420 0.5406973 -0.5405997 0.4557214 -0.4557592
26869.636000 0.4926262 -0.0124361 1.3240418 0.5407008 -0.5405993 0.4557202 -0.4557568
26869.736000 0.5026308 -0.0124354 1.3240412 0.5407041 -0.5405996 0.4557170 -0.4557556
26869.836000 0.5126342 -0.0124349 1.3240407 0.5407061 -0.5405991 0.4557152 -0.4557555
26869.936000 0.5234135 -0.0124598 1.3239663 -0.5407469 0.5407670 -0.4556418 0.4555814
26870.037000 0.5321167 -0.0123417 1.3240656 0.5406549 -0.5405056 0.4558155 -0.4558269
26870.136000 0.5523943 -0.0124588 1.3240459 -0.5406323 0.5406330 -0.4557761 0.4557420
26870.237000 0.5630610 -0.0123719 1.3239957 -0.5406681 0.5406782 -0.4557679 0.4556541
26870.336000 0.5720875 -0.0123418 1.3240691 0.5406400 -0.5405026 0.4558312 -0.4558325
26870.436000 0.5923735 -0.0124603 1.3240484 -0.5406156 0.5406347 -0.4557941 0.4557418
26870.537000 0.6021098 -0.0123435 1.3240667 0.5406470 -0.5405106 0.4558223 -0.4558236
26870.636000 0.6231119 -0.0124589 1.3239657 -0.5407326 0.5407787 -0.4556562 0.4555700
26870.736000 0.6323243 -0.0123649 1.3240525 0.5406134 -0.5405404 0.4558374 -0.4558129
26870.836000 0.6433689 -0.0124529 1.3239722 0.5407552 -0.5407169 0.4556352 -0.4556376
26870.936000 0.6530511 -0.0123743 1.3239978 -0.5406545 0.5406706 -0.4557803 0.4556670
26871.036000 0.6626057 -0.0124358 1.3240444 0.5406930 -0.5405890 0.4557288 -0.4557695
26871.136000 0.6726214 -0.0124367 1.3240427 0.5406964 -0.5405970 0.4557247 -0.4557600
26871.236000 0.6835960 -0.0124627 1.3239680 -0.5407369 0.5407704 -0.4556507 0.4555804
26871.336000 0.6924418 -0.0124354 1.3240413 0.5407063 -0.5405969 0.4557152 -0.4557581
26871.436000 0.7117886 -0.0123452 1.3240687 0.5406405 -0.5405050 0.4558288 -0.4558314
26871.536000 0.7219910 -0.0123416 1.3240685 0.5406403 -0.5405066 0.4558304 -0.4558282
26871.636000 0.7330597 -0.0123671 1.3239941 0.5406814 -0.5406783 0.4557561 -0.4556501
26871.736000 0.7435977 -0.0124605 1.3239673 -0.5407391 0.5407712 -0.4556490 0.4555784
26871.836000 0.7620156 -0.0123492 1.3240662 0.5406383 -0.5405205 0.4558286 -0.4558159
26871.936000 0.7729825 -0.0123766 1.3240042 0.5406564 -0.5406379 0.4557716 -0.4557120
26872.036000 0.7830645 -0.0123670 1.3239939 -0.5406797 0.5406806 -0.4557576 0.4556479
26872.136000 0.8032794 -0.0124638 1.3239704 -0.5407217 0.5407670 -0.4556661 0.4555870
26872.236000 0.8129871 -0.0123686 1.3239923 0.5406859 -0.5406815 0.4557505 -0.4556466
26872.337000 0.8323734 -0.0124603 1.3240484 -0.5406157 0.5406347 -0.4557941 0.4557418
26872.436000 0.8430576 -0.0123573 1.3239970 0.5407124 -0.5406216 0.4557289 -0.4557079
26872.536000 0.8526097 -0.0124353 1.3240437 0.5406960 -0.5405925 0.4557260 -0.4557646
26872.636000 0.8726880 -0.0123685 1.3240138 0.5406364 -0.5406237 0.4558084 -0.4557158
26872.736000 0.8834760 -0.0124458 1.3239719 0.5407672 -0.5407073 0.4556292 -0.4556408
26872.836000 0.8933915 -0.0124642 1.3239696 -0.5407247 0.5407692 -0.4556628 0.4555841
26872.936000 0.9030645 -0.0123703 1.3239944 -0.5406750 0.5406828 -0.4557609 0.4556475
26873.036000 0.9130607 -0.0123678 1.3239945 -0.5406766 0.5406810 -0.4557604 0.4556483
26873.136000 0.9220953 -0.0123408 1.3240677 0.5406466 -0.5405053 0.4558245 -0.4558282
26873.236000 0.9330661 -0.0123662 1.3239935 0.5406846 -0.5406773 0.4557532 -0.4556503
26873.336000 0.9433987 -0.0124574 1.3239672 -0.5407420 0.5407672 -0.4556477 0.4555811
26873.436000 0.9526378 -0.0124338 1.3240401 0.5407114 -0.5405951 0.4557107 -0.4557585
26873.536000 0.9626425 -0.0124334 1.3240398 0.5407105 -0.5405964 0.4557116 -0.4557573
26873.636000 0.9833159 -0.0124657 1.3239665 -0.5407348 0.5407776 -0.4556518 0.4555732
26873.736000 0.9925825 -0.0124628 1.3240490 0.5406230 -0.5406178 0.4557824 -0.4557649
26873.837000 1.0026291 -0.0124357 1.3240414 0.5407028 -0.5405998 0.4557182 -0.4557557
26873.936000 1.0134080 -0.0124609 1.3239669 -0.5407435 0.5407690 -0.4556446 0.4555802
26874.036000 1.0228930 -0.0123692 1.3239920 0.5406874 -0.5406816 0.4557486 -0.4556465
26874.137000 1.0323006 -0.0123390 1.3240664 0.5406528 -0.5405032 0.4558191 -0.4558287
26874.236000 1.0426366 -0.0124314 1.3240403 0.5407097 -0.5405942 0.4557135 -0.4557589
26874.336000 1.0628013 -0.0124110 1.3239887 -0.5406889 0.5407133 -0.4557285 0.4556272
26874.436000 1.0728679 -0.0123694 1.3239945 -0.5406787 0.5406793 -0.4557579 0.4556503
26874.536000 1.0928361 -0.0123723 1.3239984 -0.5406534 0.5406687 -0.4557824 0.4556685
26874.636000 1.1033773 -0.0124617 1.3239707 -0.5407211 0.5407661 -0.4556679 0.4555870
26874.736000 1.1123008 -0.0123409 1.3240667 0.5406506 -0.5405059 0.4558203 -0.4558270
26874.836000 1.1234043 -0.0124569 1.3239670 -0.5407457 0.5407639 -0.4556446 0.4555837
26874.936000 1.1424018 -0.0124607 1.3240451 -0.5406311 0.5406418 -0.4557775 0.4557318
26875.036000 1.1530599 -0.0123728 1.3239959 -0.5406653 0.5406788 -0.4557702 0.4556544
26875.136000 1.1626128 -0.0124347 1.3240433 0.5406975 -0.5405927 0.4557249 -0.4557637
26875.236000 1.1730697 -0.0123695 1.3239939 0.5406803 -0.5406803 0.4557561 -0.4556491
26875.336000 1.1826215 -0.0124335 1.3240418 0.5407048 -0.5405953 0.4557176 -0.4557592
26875.436000 1.1934096 -0.0124606 1.3239667 -0.5407447 0.5407684 -0.4556437 0.4555805
26875.537000 1.2021145 -0.0123421 1.3240658 0.5406538 -0.5405064 0.4558165 -0.4558264
26875.636000 1.2134011 -0.0124562 1.3239667 -0.5407473 0.5407625 -0.4556433 0.4555847
26875.736000 1.2235149 -0.0124587 1.3239656 -0.5407479 0.5407666 -0.4556411 0.4555813
26875.836000 1.2428591 -0.0123716 1.3239960 -0.5406653 0.5406789 -0.4557709 0.4556537
26875.937000 1.2520053 -0.0123400 1.3240671 0.5406496 -0.5405050 0.4558217 -0.4558277
26876.036000 1.2630688 -0.0123653 1.3239930 0.5406876 -0.5406756 0.4557507 -0.4556512
26876.136000 1.2828446 -0.0123608 1.3239981 0.5406981 -0.5406278 0.4557405 -0.4557058
26876.236000 1.2920844 -0.0123423 1.3240695 0.5406385 -0.5405024 0.4558323 -0.4558334
26876.336000 1.3030580 -0.0123678 1.3239946 -0.5406782 0.5406785 -0.4557591 0.4556507
26876.436000 1.3133913 -0.0124589 1.3239681 -0.5407370 0.5407694 -0.4556520 0.4555800
26876.536000 1.3226299 -0.0124352 1.3240410 0.5407071 -0.5405971 0.4557144 -0.4557576
26876.637000 1.3418023 -0.0123449 1.3240683 0.5406399 -0.5405090 0.4558291 -0.4558271
26876.736000 1.3526257 -0.0124326 1.3240410 0.5407061 -0.5405968 0.4557164 -0.4557572
26876.836000 1.3724155 -0.0124619 1.3240450 0.5406397 -0.5406252 0.4557640 -0.4557546
26876.936000 1.3830574 -0.0123734 1.3239966 -0.5406642 0.5406738 -0.4557704 0.4556615
26877.036000 1.3935883 -0.0124625 1.3239687 -0.5407310 0.5407720 -0.4556565 0.4555795
26877.137000 1.4029929 -0.0123679 1.3239920 0.5406876 -0.5406803 0.4557491 -0.4556474
26877.236000 1.4223972 -0.0124361 1.3240453 0.5406930 -0.5405812 0.4557279 -0.4557797
26877.336000 1.4335872 -0.0124658 1.3239698 -0.5407228 0.5407689 -0.4556640 0.4555856
26877.436000 1.4421952 -0.0123437 1.3240686 0.5406409 -0.5405047 0.4558293 -0.4558308
26877.536000 1.4528814 -0.0123651 1.3239929 0.5406881 -0.5406752 0.4557503 -0.4556515
26877.636000 1.4626298 -0.0124314 1.3240404 0.5407117 -0.5405920 0.4557117 -0.4557608
26877.736000 1.4820554 -0.0123579 1.3240645 0.5406456 -0.5405254 0.4558176 -0.4558124
26877.836000 1.4930174 -0.0123661 1.3240020 0.5406787 -0.5406177 0.4557561 -0.4557250
26877.936000 1.5028731 -0.0123668 1.3239938 0.5406805 -0.5406804 0.4557569 -0.4556480
26878.036000 1.5126181 -0.0124334 1.3240417 0.5407054 -0.5405953 0.4557171 -0.4557591
26878.136000 1.5234080 -0.0124609 1.3239669 -0.5407436 0.5407689 -0.4556445 0.4555803
26878.236000 1.5330786 -0.0123674 1.3239925 0.5406859 -0.5406802 0.4557510 -0.4556476
26878.336000 1.5430749 -0.0123649 1.3239927 0.5406864 -0.5406771 0.4557518 -0.4556498
26878.436000 1.5628863 -0.0122820 1.3239897 0.5406904 -0.5406747 0.4557786 -0.4556211
26878.536000 1.5732242 -0.0124080 1.3239839 -0.5406260 0.5407139 -0.4557694 0.4556603
26878.637000 1.5833904 -0.0124591 1.3239682 -0.5407361 0.5407698 -0.4556528 0.4555799
26878.736000 1.5929810 -0.0123692 1.3239927 0.5406839 -0.5406826 0.4557521 -0.4556460
26878.837000 1.5933033 -0.0123596 1.3239900 0.5407012 -0.5406635 0.4557398 -0.4556605
26878.936000 1.5933350 -0.0123537 1.3239869 0.5407199 -0.5406481 0.4557236 -0.4556727
26879.036000 1.5937881 -0.0124399 1.3239580 0.5407968 -0.5407231 0.4556007 -0.4556154
26879.136000 1.5934006 -0.0123442 1.3239805 0.5407615 -0.5406229 0.4556851 -0.4556917
26879.236000 1.5938499 -0.0124303 1.3239519 0.5408399 -0.5406995 0.4555603 -0.4556326
26879.336000 1.5934591 -0.0123346 1.3239746 0.5408058 -0.5406005 0.4556434 -0.4557076
26879.436000 1.5938850 -0.0124160 1.3239474 0.5408820 -0.5406736 0.4555230 -0.4556507
26879.536000 1.5934972 -0.0123215 1.3239699 0.5408494 -0.5405761 0.4556039 -0.4557242
26879.636000 1.5935102 -0.0123139 1.3239680 0.5408709 -0.5405632 0.4555850 -0.4557329
26879.736000 1.5935314 -0.0123082 1.3239655 0.5408936 -0.5405523 0.4555637 -0.4557401
26879.836000 1.5939801 -0.0123950 1.3239369 0.5409740 -0.5406314 0.4554362 -0.4556782
26879.936000 1.5935814 -0.0122986 1.3239602 0.5409407 -0.5405326 0.4555186 -0.4557526
26880.037000 1.5940215 -0.0123835 1.3239321 0.5410202 -0.5406102 0.4553929 -0.4556918
26880.136000 1.5936268 -0.0122872 1.3239550 0.5409880 -0.5405125 0.4554740 -0.4557648
26880.236000 1.5936196 -0.0122796 1.3239549 0.5410057 -0.5404958 0.4554596 -0.4557781
26880.336000 1.5936414 -0.0122738 1.3239524 0.5410293 -0.5404857 0.4554374 -0.4557842
26880.436000 1.5940924 -0.0123614 1.3239237 0.5411105 -0.5405656 0.4553086 -0.4557218
26880.536000 1.5936867 -0.0122643 1.3239475 0.5410761 -0.5404658 0.4553926 -0.4557970
26880.636000 1.5941188 -0.0123480 1.3239200 0.5411546 -0.5405417 0.4552685 -0.4557377
26880.736000 1.5941485 -0.0123450 1.3239171 0.5411789 -0.5405332 0.4552444 -0.4557431
26880.836000 1.5941648 -0.0123393 1.3239151 0.5412013 -0.5405219 0.4552236 -0.4557507
26880.936000 1.5937530 -0.0122414 1.3239394 0.5411659 -0.5404208 0.4553091 -0.4558271
26881.036000 1.5937597 -0.0122337 1.3239380 0.5411870 -0.5404075 0.4552907 -0.4558363
26881.136000 1.5941986 -0.0123192 1.3239101 0.5412662 -0.5404848 0.4551651 -0.4557762
26881.236000 1.5938031 -0.0122251 1.3239334 0.5412328 -0.5403872 0.4552467 -0.4558500
26881.337000 1.5938046 -0.0122165 1.3239324 0.5412531 -0.5403725 0.4552295 -0.4558603
26881.436000 1.5938189 -0.0122108 1.3239306 0.5412750 -0.5403607 0.4552093 -0.4558685
26881.536000 1.5938329 -0.0122050 1.3239288 0.5412968 -0.5403488 0.4551892 -0.4558768
26881.636000 1.5938466 -0.0121993 1.3239270 0.5413186 -0.5403369 0.4551692 -0.4558852
26881.736000 1.5942796 -0.0122837 1.3238995 0.5413966 -0.5404129 0.4550453 -0.4558261
26854.787000 0.0924221 -0.0123358 1.3240646 0.5406616 -0.5404952 0.4558120 -0.4558348
26854.787000 0.0924221 -0.0123358 1.3240646 0.5406616 -0.5404952 0.4558120 -0.4558348
26854.836000 0.0924221 -0.0123358 1.3240646 0.5406616 -0.5404952 0.4558120 -0.4558348
26854.936000 0.0924546 -0.0123300 1.3240615 0.5406796 -0.5404798 0.4557967 -0.4558470
26855.036000 0.0924846 -0.0123243 1.3240585 0.5406990 -0.5404656 0.4557795 -0.4558581
26855.136000 0.0925126 -0.0123187 1.3240557 0.5407194 -0.5404523 0.4557611 -0.4558680
26855.236000 0.0929625 -0.0124048 1.3240273 0.5407974 -0.5405290 0.4556367 -0.4558089
26855.336000 0.0925768 -0.0123102 1.3240494 0.5407640 -0.5404306 0.4557185 -0.4558834
26855.436000 0.0930153 -0.0123944 1.3240218 0.5408419 -0.5405061 0.4555951 -0.4558248
26855.536000 0.0930468 -0.0123906 1.3240187 0.5408655 -0.5404967 0.4555721 -0.4558310
26855.637000 0.0930686 -0.0123849 1.3240163 0.5408880 -0.5404856 0.4555512 -0.4558384
26855.736000 0.0926573 -0.0122858 1.3240400 0.5408524 -0.5403838 0.4556374 -0.4559151
26855.836000 0.0931012 -0.0123716 1.3240120 0.5409322 -0.5404618 0.4555110 -0.4558543
26855.936000 0.0927056 -0.0122763 1.3240349 0.5408990 -0.5403636 0.4555929 -0.4559282
26856.036000 0.0927109 -0.0122678 1.3240335 0.5409198 -0.5403498 0.4555752 -0.4559377
26856.136000 0.0927262 -0.0122622 1.3240316 0.5409417 -0.5403381 0.4555549 -0.4559458
26856.236000 0.0931894 -0.0123488 1.3240019 0.5410261 -0.5404209 0.4554228 -0.4558796
26856.336000 0.0932105 -0.0123450 1.3239998 0.5410486 -0.5404104 0.4554010 -0.4558870
26856.436000 0.0928072 -0.0122489 1.3240232 0.5410142 -0.5403112 0.4554846 -0.4559619
26856.537000 0.0932301 -0.0123308 1.3239966 0.5410914 -0.5403852 0.4553629 -0.4559042
26856.636000 0.0932599 -0.0123279 1.3239938 0.5411158 -0.5403766 0.4553386 -0.4559097
26856.736000 0.0928568 -0.0122318 1.3240172 0.5410815 -0.5402774 0.4554220 -0.4559845
26856.836000 0.0932834 -0.0123146 1.3239903 0.5411593 -0.5403521 0.4552992 -0.4559264
26856.936000 0.0928845 -0.0122195 1.3240136 0.5411257 -0.5402536 0.4553815 -0.4560007
26857.036000 0.0933149 -0.0123032 1.3239865 0.5412038 -0.5403292 0.4552580 -0.4559419
26857.136000 0.0933389 -0.0122994 1.3239840 0.5412271 -0.5403195 0.4552353 -0.4559483
26857.237000 0.0933538 -0.0122936 1.3239822 0.5412492 -0.5403078 0.4552149 -0.4559563
26857.337000 0.0933685 -0.0122879 1.3239804 0.5412711 -0.5402961 0.4551946 -0.4559644
26857.436000 0.0933828 -0.0122822 1.3239786 0.5412930 -0.5402843 0.4551744 -0.4559726
26857.536000 0.0933969 -0.0122765 1.3239768 0.5413148 -0.5402724 0.4551543 -0.4559808
26857.637000 0.0929873 -0.0121798 1.3240008 0.5412795 -0.5401717 0.4552394 -0.4560572
26857.736000 0.0934153 -0.0122632 1.3239738 0.5413570 -0.5402466 0.4551165 -0.4559990
26857.836000 0.0934374 -0.0122593 1.3239716 0.5413798 -0.5402364 0.4550945 -0.4560061
26857.936000 0.0934504 -0.0122536 1.3239699 0.5414013 -0.5402242 0.4550747 -0.4560147
26858.036000 0.0930394 -0.0121570 1.3239941 0.5413656 -0.5401231 0.4551602 -0.4560915
26858.136000 0.0934667 -0.0122403 1.3239672 0.5414429 -0.5401978 0.4550377 -0.4560336
26858.236000 0.0934877 -0.0122364 1.3239651 0.5414654 -0.5401872 0.4550160 -0.4560411
26858.336000 0.0930760 -0.0121399 1.3239893 0.5414295 -0.5400859 0.4551017 -0.4561181
26858.437000 0.0935024 -0.0122231 1.3239625 0.5415066 -0.5401604 0.4549794 -0.4560605
26858.536000 0.0935227 -0.0122193 1.3239605 0.5415288 -0.5401496 0.4549580 -0.4560682
26858.636000 0.0935339 -0.0122135 1.3239590 0.5415499 -0.5401369 0.4549388 -0.4560773
26858.737000 0.0935449 -0.0122079 1.3239575 0.5415706 -0.5401243 0.4549199 -0.4560865
26858.836000 0.0931234 -0.0121095 1.3239824 0.5415334 -0.5400208 0.4550079 -0.4561654
26858.936000 0.0935574 -0.0121945 1.3239552 0.5416113 -0.5400967 0.4548839 -0.4561068
26859.036000 0.0931527 -0.0121000 1.3239791 0.5415762 -0.5399968 0.4549680 -0.4561830
26859.137000 0.0931498 -0.0120915 1.3239785 0.5415951 -0.5399810 0.4549524 -0.4561946
26859.236000 0.0931596 -0.0120858 1.3239771 0.5416157 -0.5399680 0.4549337 -0.4562043
26859.336000 0.0935969 -0.0121715 1.3239497 0.5416940 -0.5400445 0.4548089 -0.4561452
26859.436000 0.0936152 -0.0121677 1.3239479 0.5417157 -0.5400332 0.4547881 -0.4561536
26859.536000 0.0936243 -0.0121620 1.3239466 0.5417361 -0.5400199 0.4547696 -0.4561634
26859.636000 0.0936333 -0.0121562 1.3239453 0.5417565 -0.5400066 0.4547512 -0.4561733
26859.736000 0.0936421 -0.0121505 1.3239440 0.5417768 -0.5399933 0.4547328 -0.4561833
26859.836000 0.0932271 -0.0120543 1.3239687 0.5417400 -0.5398911 0.4548196 -0.4562615
26859.936000 0.0932225 -0.0120459 1.3239682 0.5417585 -0.5398749 0.4548045 -0.4562737
26860.036000 0.0936584 -0.0121314 1.3239409 0.5418363 -0.5399510 0.4546803 -0.4562151
26860.136000 0.0936752 -0.0121276 1.3239392 0.5418576 -0.5399392 0.4546600 -0.4562239
26860.236000 0.0932595 -0.0120315 1.3239639 0.5418206 -0.5398369 0.4547470 -0.4563023
26860.336000 0.0936818 -0.0121142 1.3239375 0.5418965 -0.5399101 0.4546261 -0.4562460
26860.436000 0.0932660 -0.0120183 1.3239622 0.5418594 -0.5398076 0.4547132 -0.4563245
26860.536000 0.0936967 -0.0121028 1.3239352 0.5419364 -0.5398826 0.4545902 -0.4562669
26860.636000 0.0932803 -0.0120069 1.3239600 0.5418992 -0.5397800 0.4546774 -0.4563455
26860.736000 0.0932828 -0.0120002 1.3239592 0.5419184 -0.5397652 0.4546608 -0.4563569
26860.836000 0.0937173 -0.0120855 1.3239320 0.5419958 -0.5398409 0.4545370 -0.4562987
26860.936000 0.0933006 -0.0119897 1.3239569 0.5419585 -0.5397382 0.4546243 -0.4563775
26861.036000 0.0937305 -0.0120741 1.3239300 0.5420353 -0.5398129 0.4545017 -0.4563201
26861.136000 0.0937454 -0.0120702 1.3239284 0.5420560 -0.5398006 0.4544820 -0.4563296
26861.236000 0.0937515 -0.0120645 1.3239274 0.5420756 -0.5397865 0.4544645 -0.4563404
26861.336000 0.0933338 -0.0119687 1.3239524 0.5420380 -0.5396836 0.4545521 -0.4564195
26861.436000 0.0937502 -0.0120503 1.3239263 0.5421127 -0.5397555 0.4544331 -0.4563643
26861.536000 0.0937689 -0.0120473 1.3239246 0.5421341 -0.5397438 0.4544123 -0.4563733
26861.636000 0.0937743 -0.0120415 1.3239236 0.5421535 -0.5397295 0.4543950 -0.4563844
26861.736000 0.0937797 -0.0120358 1.3239227 0.5421729 -0.5397152 0.4543778 -0.4563955
26861.836000 0.0933527 -0.0119384 1.3239483 0.5421339 -0.5396103 0.4544677 -0.4564763
26861.936000 0.0937813 -0.0120225 1.3239215 0.5422104 -0.5396846 0.4543456 -0.4564193
26862.036000 0.0933627 -0.0119270 1.3239465 0.5421725 -0.5395814 0.4544335 -0.4564987
26862.136000 0.0937910 -0.0120110 1.3239198 0.5422488 -0.5396556 0.4543114 -0.4564419
26862.237000 0.0938042 -0.0120071 1.3239184 0.5422692 -0.5396429 0.4542923 -0.4564518
26862.336000 0.0938087 -0.0120014 1.3239176 0.5422883 -0.5396283 0.4542753 -0.4564632
26862.436000 0.0938131 -0.0119957 1.3239167 0.5423074 -0.5396136 0.4542584 -0.4564747
26862.536000 0.0933979 -0.0119012 1.3239416 0.5422697 -0.5395114 0.4543456 -0.4565536
26862.636000 0.0933849 -0.0118918 1.3239419 0.5422866 -0.5394929 0.4543329 -0.4565680
26862.736000 0.0938124 -0.0119757 1.3239152 0.5423625 -0.5395670 0.4542112 -0.4565112
26862.836000 0.0938293 -0.0119727 1.3239136 0.5423834 -0.5395548 0.4541911 -0.4565209
26862.936000 0.0934137 -0.0118784 1.3239385 0.5423456 -0.5394524 0.4542785 -0.4565999
26863.036000 0.0938278 -0.0119594 1.3239127 0.5424200 -0.5395233 0.4541599 -0.4565456
26863.136000 0.0938402 -0.0119555 1.3239114 0.5424401 -0.5395103 0.4541410 -0.4565559
26863.236000 0.0934158 -0.0118595 1.3239369 0.5424010 -0.5394060 0.4542306 -0.4566365
26863.336000 0.0938382 -0.0119422 1.3239105 0.5424765 -0.5394786 0.4541100 -0.4565809
26863.437000 0.0934265 -0.0118489 1.3239352 0.5424393 -0.5393768 0.4541963 -0.4566596
26863.536000 0.0938443 -0.0119307 1.3239091 0.5425140 -0.5394486 0.4540770 -0.4566046
26863.636000 0.0934325 -0.0118375 1.3239338 0.5424767 -0.5393468 0.4541633 -0.4566834
26863.736000 0.0934223 -0.0118291 1.3239340 0.5424936 -0.5393290 0.4541501 -0.4566974
26863.837000 0.0934251 -0.0118234 1.3239333 0.5425123 -0.5393139 0.4541337 -0.4567094
26863.936000 0.0938555 -0.0119078 1.3239065 0.5425886 -0.5393883 0.4540114 -0.4566525
26864.036000 0.0938669 -0.0119040 1.3239053 0.5426084 -0.5393750 0.4539929 -0.4566631
26864.136000 0.0938693 -0.0118982 1.3239047 0.5426270 -0.5393598 0.4539766 -0.4566752
26864.237000 0.0934438 -0.0118025 1.3239303 0.5425876 -0.5392553 0.4540665 -0.4567561
26864.336000 0.0938651 -0.0118849 1.3239040 0.5426628 -0.5393275 0.4539462 -0.4567009
26864.436000 0.0934524 -0.0117919 1.3239288 0.5426253 -0.5392255 0.4540328 -0.4567799
26864.536000 0.0938692 -0.0118735 1.3239028 0.5426997 -0.5392970 0.4539139 -0.4567253
26864.637000 0.0938800 -0.0118696 1.3239017 0.5427193 -0.5392835 0.4538956 -0.4567361
26864.736000 0.0938819 -0.0118639 1.3239011 0.5427376 -0.5392683 0.4538796 -0.4567482
26864.836000 0.0934515 -0.0117673 1.3239271 0.5426977 -0.5391624 0.4539704 -0.4568303
26864.937000 0.0938767 -0.0118506 1.3239006 0.5427733 -0.5392356 0.4538495 -0.4567744
26865.036000 0.0938870 -0.0118467 1.3238995 0.5427928 -0.5392219 0.4538313 -0.4567853
26865.137000 0.0938885 -0.0118410 1.3238990 0.5428111 -0.5392065 0.4538153 -0.4567977
26865.236000 0.0938899 -0.0118352 1.3238984 0.5428294 -0.5391910 0.4537993 -0.4568101
26865.336000 0.0934676 -0.0117406 1.3239239 0.5427904 -0.5390869 0.4538883 -0.4568909
26865.436000 0.0934559 -0.0117322 1.3239242 0.5428069 -0.5390687 0.4538756 -0.4569054
26865.536000 0.1030617 -0.0123532 1.3239930 0.5407234 -0.5406397 0.4557205 -0.4556816
26865.636000 0.1037393 -0.0124526 1.3239633 0.5407638 -0.5407502 0.4556287 -0.4555944
26865.736000 0.1037751 -0.0124477 1.3239599 0.5407832 -0.5407359 0.4556113 -0.4556058
26865.836000 0.1038042 -0.0124419 1.3239570 0.5408030 -0.5407220 0.4555936 -0.4556164
26865.936000 0.1038314 -0.0124362 1.3239541 0.5408237 -0.5407090 0.4555748 -0.4556260
26866.036000 0.1135624 -0.0125042 1.3239572 -0.5406873 0.5408038 -0.4556579 0.4555924
26866.136000 0.1221045 -0.0123438 1.3240671 0.5406476 -0.5405081 0.4558220 -0.4558262
26866.236000 0.1427784 -0.0124259 1.3240154 -0.5406145 0.5406458 -0.4558104 0.4557137
26866.336000 0.1530501 -0.0123701 1.3239964 -0.5406689 0.5406743 -0.4557685 0.4556572
26866.436000 0.1724325 -0.0124599 1.3240437 0.5406454 -0.5406165 0.4557573 -0.4557649
26866.536000 0.1826108 -0.0124377 1.3240447 0.5406879 -0.5405901 0.4557335 -0.4557696
26866.636000 0.1935883 -0.0124649 1.3239696 -0.5407256 0.5407683 -0.4556617 0.4555852
26866.736000 0.2030833 -0.0123673 1.3239924 0.5406862 -0.5406800 0.4557507 -0.4556477
26866.836000 0.2124312 -0.0124299 1.3240411 0.5407097 -0.5405910 0.4557145 -0.4557617
26866.936000 0.2232198 -0.0124588 1.3239658 -0.5407498 0.5407646 -0.4556394 0.4555832
26867.036000 0.2335107 -0.0124587 1.3239656 -0.5407479 0.5407666 -0.4556411 0.4555814
26867.136000 0.2430813 -0.0123672 1.3239924 0.5406864 -0.5406798 0.4557506 -0.4556478
26867.237000 0.2433073 -0.0123589 1.3239896 0.5407034 -0.5406615 0.4557379 -0.4556620
26867.336000 0.2433386 -0.0123531 1.3239865 0.5407222 -0.5406464 0.4557216 -0.4556740
26867.437000 0.2433677 -0.0123473 1.3239835 0.5407421 -0.5406325 0.4557038 -0.4556846
26867.536000 0.2433949 -0.0123417 1.3239807 0.5407628 -0.5406196 0.4556850 -0.4556942
26867.636000 0.2520884 -0.0123409 1.3240688 0.5406436 -0.5405014 0.4558279 -0.4558330
26867.737000 0.2620911 -0.0123410 1.3240679 0.5406436 -0.5405076 0.4558271 -0.4558264
26867.836000 0.2726182 -0.0124338 1.3240419 0.5407018 -0.5405978 0.4557203 -0.4557573
26867.936000 0.2830769 -0.0123681 1.3239930 0.5406858 -0.5406792 0.4557511 -0.4556488
26868.036000 0.2921028 -0.0123395 1.3240668 0.5406512 -0.5405041 0.4558204 -0.4558282
26868.136000 0.3026295 -0.0124319 1.3240406 0.5407082 -0.5405954 0.4557147 -0.4557581
26868.236000 0.3233491 -0.0126415 1.3239655 -0.5407103 0.5408142 -0.4556089 0.4556017
26868.336000 0.3330563 -0.0123457 1.3239850 0.5407002 -0.5406392 0.4557686 -0.4556616
26868.436000 0.3420746 -0.0123670 1.3240714 0.5405808 -0.5405333 0.4558727 -0.4558249
26868.536000 0.3526182 -0.0124338 1.3240419 0.5407017 -0.5405978 0.4557203 -0.4557572
26868.637000 0.3626433 -0.0124333 1.3240398 0.5407107 -0.5405962 0.4557115 -0.4557574
26868.736000 0.3828620 -0.0123712 1.3239955 -0.5406704 0.5406775 -0.4557660 0.4556542
26868.836000 0.3933866 -0.0124599 1.3239688 -0.5407330 0.5407698 -0.4556557 0.4555806
26868.937000 0.4034118 -0.0124597 1.3239661 -0.5407453 0.5407688 -0.4556432 0.4555797
26869.036000 0.4217944 -0.0123451 1.3240687 0.5406405 -0.5405050 0.4558288 -0.4558315
26869.137000 0.4333951 -0.0124575 1.3239673 -0.5407438 0.5407652 -0.4556462 0.4555828
26869.236000 0.4434117 -0.0124596 1.3239661 -0.5407455 0.5407686 -0.4556430 0.4555799
26869.336000 0.4534117 -0.0124596 1.3239661 -0.5407455 0.5407687 -0.4556431 0.4555798
26869.436000 0.4726222 -0.0127208 1.3240189 -0.5406793 0.5406891 -0.4556286 0.4557674
26869.536000 0.4826264 -0.0124424 1.3240420 0.5406973 -0.5405997 0.4557214 -0.4557592
26869.636000 0.4926262 -0.0124361 1.3240418 0.5407008 -0.5405993 0.4557202 -0.4557568
26869.736000 0.5026308 -0.0124354 1.3240412 0.5407041 -0.5405996 0.4557170 -0.4557556
26869.836000 0.5126342 -0.0124349 1.3240407 0.5407061 -0.5405991 0.4557152 -0.4557555
26869.936000 0.5234135 -0.0124598 1.3239663 -0.5407469 0.5407670 -0.4556418 0.4555814
26870.037000 0.5321167 -0.0123417 1.3240656 0.5406549 -0.5405056 0.4558155 -0.4558269
26870.136000 0.5523943 -0.0124588 1.3240459 -0.5406323 0.5406330 -0.4557761 0.4557420
26870.237000 0.5630610 -0.0123719 1.3239957 -0.5406681 0.5406782 -0.4557679 0.4556541
26870.336000 0.5720875 -0.0123418 1.3240691 0.5406400 -0.5405026 0.4558312 -0.4558325
26870.436000 0.5923735 -0.0124603 1.3240484 -0.5406156 0.5406347 -0.4557941 0.4557418
26870.537000 0.6021098 -0.0123435 1.3240667 0.5406470 -0.5405106 0.4558223 -0.4558236
26870.636000 0.6231119 -0.0124589 1.3239657 -0.5407326 0.5407787 -0.4556562 0.4555700
26870.736000 0.6323243 -0.0123649 1.3240525 0.5406134 -0.5405404 0.4558374 -0.4558129
26870.836000 0.6433689 -0.0124529 1.3239722 0.5407552 -0.5407169 0.4556352 -0.4556376
26870.936000 0.6530511 -0.0123743 1.3239978 -0.5406545 0.5406706 -0.4557803 0.4556670
26871.036000 0.6626057 -0.0124358 1.3240444 0.5406930 -0.5405890 0.4557288 -0.4557695
26871.136000 0.6726214 -0.0124367 1.3240427 0.5406964 -0.5405970 0.4557247 -0.4557600
26871.236000 0.6835960 -0.0124627 1.3239680 -0.5407369 0.5407704 -0.4556507 0.4555804
26871.336000 0.6924418 -0.0124354 1.3240413 0.5407063 -0.5405969 0.4557152 -0.4557581
26871.436000 0.7117886 -0.0123452 1.3240687 0.5406405 -0.5405050 0.4558288 -0.4558314
26871.536000 0.7219910 -0.0123416 1.3240685 0.5406403 -0.5405066 0.4558304 -0.4558282
26871.636000 0.7330597 -0.0123671 1.3239941 0.5406814 -0.5406783 0.4557561 -0.4556501
26871.736000 0.7435977 -0.0124605 1.3239673 -0.5407391 0.5407712 -0.4556490 0.4555784
26871.836000 0.7620156 -0.0123492 1.3240662 0.5406383 -0.5405205 0.4558286 -0.4558159
26871.936000 0.7729825 -0.0123766 1.3240042 0.5406564 -0.5406379 0.4557716 -0.4557120
26872.036000 0.7830645 -0.0123670 1.3239939 -0.5406797 0.5406806 -0.4557576 0.4556479
26872.136000 0.8032794 -0.0124638 1.3239704 -0.5407217 0.5407670 -0.4556661 0.4555870
26872.236000 0.8129871 -0.0123686 1.3239923 0.5406859 -0.5406815 0.4557505 -0.4556466
26872.337000 0.8323734 -0.0124603 1.3240484 -0.5406157 0.5406347 -0.4557941 0.4557418
26872.436000 0.8430576 -0.0123573 1.3239970 0.5407124 -0.5406216 0.4557289 -0.4557079
26872.536000 0.8526097 -0.0124353 1.3240437 0.5406960 -0.5405925 0.4557260 -0.4557646
26872.636000 0.8726880 -0.0123685 1.3240138 0.5406364 -0.5406237 0.4558084 -0.4557158
26872.736000 0.8834760 -0.0124458 1.3239719 0.5407672 -0.5407073 0.4556292 -0.4556408
26872.836000 0.8933915 -0.0124642 1.3239696 -0.5407247 0.5407692 -0.4556628 0.4555841
26872.936000 0.9030645 -0.0123703 1.3239944 -0.5406750 0.5406828 -0.4557609 0.4556475
26873.036000 0.9130607 -0.0123678 1.3239945 -0.5406766 0.5406810 -0.4557604 0.4556483
26873.136000 0.9220953 -0.0123408 1.3240677 0.5406466 -0.5405053 0.4558245 -0.4558282
26873.236000 0.9330661 -0.0123662 1.3239935 0.5406846 -0.5406773 0.4557532 -0.4556503
26873.336000 0.9433987 -0.0124574 1.3239672 -0.5407420 0.5407672 -0.4556477 0.4555811
26873.436000 0.9526378 -0.0124338 1.3240401 0.5407114 -0.5405951 0.4557107 -0.4557585
26873.536000 0.9626425 -0.0124334 1.3240398 0.5407105 -0.5405964 0.4557116 -0.4557573
26873.636000 0.9833159 -0.0124657 1.3239665 -0.5407348 0.5407776 -0.4556518 0.4555732
26873.736000 0.9925825 -0.0124628 1.3240490 0.5406230 -0.5406178 0.4557824 -0.4557649
26873.837000 1.0026291 -0.0124357 1.3240414 0.5407028 -0.5405998 0.4557182 -0.4557557
26873.936000 1.0134080 -0.0124609 1.3239669 -0.5407435 0.5407690 -0.4556446 0.4555802
26874.036000 1.0228930 -0.0123692 1.3239920 0.5406874 -0.5406816 0.4557486 -0.4556465
26874.137000 1.0323006 -0.0123390 1.3240664 0.5406528 -0.5405032 0.4558191 -0.4558287
26874.236000 1.0426366 -0.0124314 1.3240403 0.5407097 -0.5405942 0.4557135 -0.4557589
26874.336000 1.0628013 -0.0124110 1.3239887 -0.5406889 0.5407133 -0.4557285 0.4556272
26874.436000 1.0728679 -0.0123694 1.3239945 -0.5406787 0.5406793 -0.4557579 0.4556503
26874.536000 1.0928361 -0.0123723 1.3239984 -0.5406534 0.5406687 -0.4557824 0.4556685
26874.636000 1.1033773 -0.0124617 1.3239707 -0.5407211 0.5407661 -0.4556679 0.4555870
26874.736000 1.1123008 -0.0123409 1.3240667 0.5406506 -0.5405059 0.4558203 -0.4558270
26874.836000 1.1234043 -0.0124569 1.3239670 -0.5407457 0.5407639 -0.4556446 0.4555837
26874.936000 1.1424018 -0.0124607 1.3240451 -0.5406311 0.5406418 -0.4557775 0.4557318
26875.036000 1.1530599 -0.0123728 1.3239959 -0.5406653 0.5406788 -0.4557702 0.4556544
26875.136000 1.1626128 -0.0124347 1.3240433 0.5406975 -0.5405927 0.4557249 -0.4557637
26875.236000 1.1730697 -0.0123695 1.3239939 0.5406803 -0.5406803 0.4557561 -0.4556491
26875.336000 1.1826215 -0.0124335 1.3240418 0.5407048 -0.5405953 0.4557176 -0.4557592
26875.436000 1.1934096 -0.0124606 1.3239667 -0.5407447 0.5407684 -0.4556437 0.4555805
26875.537000 1.2021145 -0.0123421 1.3240658 0.5406538 -0.5405064 0.4558165 -0.4558264
26875.636000 1.2134011 -0.0124562 1.3239667 -0.5407473 0.5407625 -0.4556433 0.4555847
26875.736000 1.2235149 -0.0124587 1.3239656 -0.5407479 0.5407666 -0.4556411 0.4555813
26875.836000 1.2428591 -0.0123716 1.3239960 -0.5406653 0.5406789 -0.4557709 0.4556537
26875.937000 1.2520053 -0.0123400 1.3240671 0.5406496 -0.5405050 0.4558217 -0.4558277
26876.036000 1.2630688 -0.0123653 1.3239930 0.5406876 -0.5406756 0.4557507 -0.4556512
26876.136000 1.2828446 -0.0123608 1.3239981 0.5406981 -0.5406278 0.4557405 -0.4557058
26876.236000 1.2920844 -0.0123423 1.3240695 0.5406385 -0.5405024 0.4558323 -0.4558334
26876.336000 1.3030580 -0.0123678 1.3239946 -0.5406782 0.5406785 -0.4557591 0.4556507
26876.436000 1.3133913 -0.0124589 1.3239681 -0.5407370 0.5407694 -0.4556520 0.4555800
26876.536000 1.3226299 -0.0124352 1.3240410 0.5407071 -0.5405971 0.4557144 -0.4557576
26876.637000 1.3418023 -0.0123449 1.3240683 0.5406399 -0.5405090 0.4558291 -0.4558271
26876.736000 1.3526257 -0.0124326 1.3240410 0.5407061 -0.5405968 0.4557164 -0.4557572
26876.836000 1.3724155 -0.0124619 1.3240450 0.5406397 -0.5406252 0.4557640 -0.4557546
26876.936000 1.3830574 -0.0123734 1.3239966 -0.5406642 0.5406738 -0.4557704 0.4556615
26877.036000 1.3935883 -0.0124625 1.3239687 -0.5407310 0.5407720 -0.4556565 0.4555795
26877.137000 1.4029929 -0.0123679 1.3239920 0.5406876 -0.5406803 0.4557491 -0.4556474
26877.236000 1.4223972 -0.0124361 1.3240453 0.5406930 -0.5405812 0.4557279 -0.4557797
26877.336000 1.4335872 -0.0124658 1.3239698 -0.5407228 0.5407689 -0.4556640 0.4555856
26877.436000 1.4421952 -0.0123437 1.3240686 0.5406409 -0.5405047 0.4558293 -0.4558308
26877.536000 1.4528814 -0.0123651 1.3239929 0.5406881 -0.5406752 0.4557503 -0.4556515
26877.636000 1.4626298 -0.0124314 1.3240404 0.5407117 -0.5405920 0.4557117 -0.4557608
26877.736000 1.4820554 -0.0123579 1.3240645 0.5406456 -0.5405254 0.4558176 -0.4558124
26877.836000 1.4930174 -0.0123661 1.3240020 0.5406787 -0.5406177 0.4557561 -0.4557250
26877.936000 1.5028731 -0.0123668 1.3239938 0.5406805 -0.5406804 0.4557569 -0.4556480
26878.036000 1.5126181 -0.0124334 1.3240417 0.5407054 -0.5405953 0.4557171 -0.4557591
26878.136000 1.5234080 -0.0124609 1.3239669 -0.5407436 0.5407689 -0.4556445 0.4555803
26878.236000 1.5330786 -0.0123674 1.3239925 0.5406859 -0.5406802 0.4557510 -0.4556476
26878.336000 1.5430749 -0.0123649 1.3239927 0.5406864 -0.5406771 0.4557518 -0.4556498
26878.436000 1.5628863 -0.0122820 1.3239897 0.5406904 -0.5406747 0.4557786 -0.4556211
26878.536000 1.5732242 -0.0124080 1.3239839 -0.5406260 0.5407139 -0.4557694 0.4556603
26878.637000 1.5833904 -0.0124591 1.3239682 -0.5407361 0.5407698 -0.4556528 0.4555799
26878.736000 1.5929810 -0.0123692 1.3239927 0.5406839 -0.5406826 0.4557521 -0.4556460
26878.837000 1.5933033 -0.0123596 1.3239900 0.5407012 -0.5406635 0.4557398 -0.4556605
26878.936000 1.5933350 -0.0123537 1.3239869 0.5407199 -0.5406481 0.4557236 -0.4556727
26879.036000 1.5937881 -0.0124399 1.3239580 0.5407968 -0.5407231 0.4556007 -0.4556154
26879.136000 1.5934006 -0.0123442 1.3239805 0.5407615 -0.5406229 0.4556851 -0.4556917
26879.236000 1.5938499 -0.0124303 1.3239519 0.5408399 -0.5406995 0.4555603 -0.4556326
26879.336000 1.5934591 -0.0123346 1.3239746 0.5408058 -0.5406005 0.4556434 -0.4557076
26879.436000 1.5938850 -0.0124160 1.3239474 0.5408820 -0.5406736 0.4555230 -0.4556507
26879.536000 1.5934972 -0.0123215 1.3239699 0.5408494 -0.5405761 0.4556039 -0.4557242
26879.636000 1.5935102 -0.0123139 1.3239680 0.5408709 -0.5405632 0.4555850 -0.4557329
26879.736000 1.5935314 -0.0123082 1.3239655 0.5408936 -0.5405523 0.4555637 -0.4557401
26879.836000 1.5939801 -0.0123950 1.3239369 0.5409740 -0.5406314 0.4554362 -0.4556782
26879.936000 1.5935814 -0.0122986 1.3239602 0.5409407 -0.5405326 0.4555186 -0.4557526
26880.037000 1.5940215 -0.0123835 1.3239321 0.5410202 -0.5406102 0.4553929 -0.4556918
26880.136000 1.5936268 -0.0122872 1.3239550 0.5409880 -0.5405125 0.4554740 -0.4557648
26880.236000 1.5936196 -0.0122796 1.3239549 0.5410057 -0.5404958 0.4554596 -0.4557781
26880.336000 1.5936414 -0.0122738 1.3239524 0.5410293 -0.5404857 0.4554374 -0.4557842
26880.436000 1.5940924 -0.0123614 1.3239237 0.5411105 -0.5405656 0.4553086 -0.4557218
26880.536000 1.5936867 -0.0122643 1.3239475 0.5410761 -0.5404658 0.4553926 -0.4557970
26880.636000 1.5941188 -0.0123480 1.3239200 0.5411546 -0.5405417 0.4552685 -0.4557377
26880.736000 1.5941485 -0.0123450 1.3239171 0.5411789 -0.5405332 0.4552444 -0.4557431
26880.836000 1.5941648 -0.0123393 1.3239151 0.5412013 -0.5405219 0.4552236 -0.4557507
26880.936000 1.5937530 -0.0122414 1.3239394 0.5411659 -0.5404208 0.4553091 -0.4558271
26881.036000 1.5937597 -0.0122337 1.3239380 0.5411870 -0.5404075 0.4552907 -0.4558363
26881.136000 1.5941986 -0.0123192 1.3239101 0.5412662 -0.5404848 0.4551651 -0.4557762
26881.236000 1.5938031 -0.0122251 1.3239334 0.5412328 -0.5403872 0.4552467 -0.4558500
26881.337000 1.5938046 -0.0122165 1.3239324 0.5412531 -0.5403725 0.4552295 -0.4558603
26881.436000 1.5938189 -0.0122108 1.3239306 0.5412750 -0.5403607 0.4552093 -0.4558685
26881.536000 1.5938329 -0.0122050 1.3239288 0.5412968 -0.5403488 0.4551892 -0.4558768
26881.636000 1.5938466 -0.0121993 1.3239270 0.5413186 -0.5403369 0.4551692 -0.4558852
26881.736000 1.5942796 -0.0122837 1.3238995 0.5413966 -0.5404129 0.4550453 -0.4558261
26881.836000 1.5938822 -0.0121897 1.3239231 0.5413630 -0.5403146 0.4551272 -0.4559007
26854.787000 0.0924221 -0.0123358 1.3240646 0.5406616 -0.5404952 0.4558120 -0.4558348
26854.787000 0.0924221 -0.0123358 1.3240646 0.5406616 -0.5404952 0.4558120 -0.4558348
26854.836000 0.0924221 -0.0123358 1.3240646 0.5406616 -0.5404952 0.4558120 -0.4558348
26854.936000 0.0924546 -0.0123300 1.3240615 0.5406796 -0.5404798 0.4557967 -0.4558470
26855.036000 0.0924846 -0.0123243 1.3240585 0.5406990 -0.5404656 0.4557795 -0.4558581
26855.136000 0.0925126 -0.0123187 1.3240557 0.5407194 -0.5404523 0.4557611 -0.4558680
26855.236000 0.0929625 -0.0124048 1.3240273 0.5407974 -0.5405290 0.4556367 -0.4558089
26855.336000 0.0925768 -0.0123102 1.3240494 0.5407640 -0.5404306 0.4557185 -0.4558834
26855.436000 0.0930153 -0.0123944 1.3240218 0.5408419 -0.5405061 0.4555951 -0.4558248
26855.536000 0.0930468 -0.0123906 1.3240187 0.5408655 -0.5404967 0.4555721 -0.4558310
26855.637000 0.0930686 -0.0123849 1.3240163 0.5408880 -0.5404856 0.4555512 -0.4558384
26855.736000 0.0926573 -0.0122858 1.3240400 0.5408524 -0.5403838 0.4556374 -0.4559151
26855.836000 0.0931012 -0.0123716 1.3240120 0.5409322 -0.5404618 0.4555110 -0.4558543
26855.936000 0.0927056 -0.0122763 1.3240349 0.5408990 -0.5403636 0.4555929 -0.4559282
26856.036000 0.0927109 -0.0122678 1.3240335 0.5409198 -0.5403498 0.4555752 -0.4559377
26856.136000 0.0927262 -0.0122622 1.3240316 0.5409417 -0.5403381 0.4555549 -0.4559458
26856.236000 0.0931894 -0.0123488 1.3240019 0.5410261 -0.5404209 0.4554228 -0.4558796
26856.336000 0.0932105 -0.0123450 1.3239998 0.5410486 -0.5404104 0.4554010 -0.4558870
26856.436000 0.0928072 -0.0122489 1.3240232 0.5410142 -0.5403112 0.4554846 -0.4559619
26856.537000 0.0932301 -0.0123308 1.3239966 0.5410914 -0.5403852 0.4553629 -0.4559042
26856.636000 0.0932599 -0.0123279 1.3239938 0.5411158 -0.5403766 0.4553386 -0.4559097
26856.736000 0.0928568 -0.0122318 1.3240172 0.5410815 -0.5402774 0.4554220 -0.4559845
26856.836000 0.0932834 -0.0123146 1.3239903 0.5411593 -0.5403521 0.4552992 -0.4559264
26856.936000 0.0928845 -0.0122195 1.3240136 0.5411257 -0.5402536 0.4553815 -0.4560007
26857.036000 0.0933149 -0.0123032 1.3239865 0.5412038 -0.5403292 0.4552580 -0.4559419
26857.136000 0.0933389 -0.0122994 1.3239840 0.5412271 -0.5403195 0.4552353 -0.4559483
26857.237000 0.0933538 -0.0122936 1.3239822 0.5412492 -0.5403078 0.4552149 -0.4559563
26857.337000 0.0933685 -0.0122879 1.3239804 0.5412711 -0.5402961 0.4551946 -0.4559644
26857.436000 0.0933828 -0.0122822 1.3239786 0.5412930 -0.5402843 0.4551744 -0.4559726
26857.536000 0.0933969 -0.0122765 1.3239768 0.5413148 -0.5402724 0.4551543 -0.4559808
26857.637000 0.0929873 -0.0121798 1.3240008 0.5412795 -0.5401717 0.4552394 -0.4560572
26857.736000 0.0934153 -0.0122632 1.3239738 0.5413570 -0.5402466 0.4551165 -0.4559990
26857.836000 0.0934374 -0.0122593 1.3239716 0.5413798 -0.5402364 0.4550945 -0.4560061
26857.936000 0.0934504 -0.0122536 1.3239699 0.5414013 -0.5402242 0.4550747 -0.4560147
26858.036000 0.0930394 -0.0121570 1.3239941 0.5413656 -0.5401231 0.4551602 -0.4560915
26858.136000 0.0934667 -0.0122403 1.3239672 0.5414429 -0.5401978 0.4550377 -0.4560336
26858.236000 0.0934877 -0.0122364 1.3239651 0.5414654 -0.5401872 0.4550160 -0.4560411
26858.336000 0.0930760 -0.0121399 1.3239893 0.5414295 -0.5400859 0.4551017 -0.4561181
26858.437000 0.0935024 -0.0122231 1.3239625 0.5415066 -0.5401604 0.4549794 -0.4560605
26858.536000 0.0935227 -0.0122193 1.3239605 0.5415288 -0.5401496 0.4549580 -0.4560682
26858.636000 0.0935339 -0.0122135 1.3239590 0.5415499 -0.5401369 0.4549388 -0.4560773
26858.737000 0.0935449 -0.0122079 1.3239575 0.5415706 -0.5401243 0.4549199 -0.4560865
26858.836000 0.0931234 -0.0121095 1.3239824 0.5415334 -0.5400208 0.4550079 -0.4561654
26858.936000 0.0935574 -0.0121945 1.3239552 0.5416113 -0.5400967 0.4548839 -0.4561068
26859.036000 0.0931527 -0.0121000 1.3239791 0.5415762 -0.5399968 0.4549680 -0.4561830
26859.137000 0.0931498 -0.0120915 1.3239785 0.5415951 -0.5399810 0.4549524 -0.4561946
26859.236000 0.0931596 -0.0120858 1.3239771 0.5416157 -0.5399680 0.4549337 -0.4562043
26859.336000 0.0935969 -0.0121715 1.3239497 0.5416940 -0.5400445 0.4548089 -0.4561452
26859.436000 0.0936152 -0.0121677 1.3239479 0.5417157 -0.5400332 0.4547881 -0.4561536
26859.536000 0.0936243 -0.0121620 1.3239466 0.5417361 -0.5400199 0.4547696 -0.4561634
26859.636000 0.0936333 -0.0121562 1.3239453 0.5417565 -0.5400066 0.4547512 -0.4561733
26859.736000 0.0936421 -0.0121505 1.3239440 0.5417768 -0.5399933 0.4547328 -0.4561833
26859.836000 0.0932271 -0.0120543 1.3239687 0.5417400 -0.5398911 0.4548196 -0.4562615
26859.936000 0.0932225 -0.0120459 1.3239682 0.5417585 -0.5398749 0.4548045 -0.4562737
26860.036000 0.0936584 -0.0121314 1.3239409 0.5418363 -0.5399510 0.4546803 -0.4562151
26860.136000 0.0936752 -0.0121276 1.3239392 0.5418576 -0.5399392 0.4546600 -0.4562239
26860.236000 0.0932595 -0.0120315 1.3239639 0.5418206 -0.5398369 0.4547470 -0.4563023
26860.336000 0.0936818 -0.0121142 1.3239375 0.5418965 -0.5399101 0.4546261 -0.4562460
26860.436000 0.0932660 -0.0120183 1.3239622 0.5418594 -0.5398076 0.4547132 -0.4563245
26860.536000 0.0936967 -0.0121028 1.3239352 0.5419364 -0.5398826 0.4545902 -0.4562669
26860.636000 0.0932803 -0.0120069 1.3239600 0.5418992 -0.5397800 0.4546774 -0.4563455
26860.736000 0.0932828 -0.0120002 1.3239592 0.5419184 -0.5397652 0.4546608 -0.4563569
26860.836000 0.0937173 -0.0120855 1.3239320 0.5419958 -0.5398409 0.4545370 -0.4562987
26860.936000 0.0933006 -0.0119897 1.3239569 0.5419585 -0.5397382 0.4546243 -0.4563775
26861.036000 0.0937305 -0.0120741 1.3239300 0.5420353 -0.5398129 0.4545017 -0.4563201
26861.136000 0.0937454 -0.0120702 1.3239284 0.5420560 -0.5398006 0.4544820 -0.4563296
26861.236000 0.0937515 -0.0120645 1.3239274 0.5420756 -0.5397865 0.4544645 -0.4563404
26861.336000 0.0933338 -0.0119687 1.3239524 0.5420380 -0.5396836 0.4545521 -0.4564195
26861.436000 0.0937502 -0.0120503 1.3239263 0.5421127 -0.5397555 0.4544331 -0.4563643
26861.536000 0.0937689 -0.0120473 1.3239246 0.5421341 -0.5397438 0.4544123 -0.4563733
26861.636000 0.0937743 -0.0120415 1.3239236 0.5421535 -0.5397295 0.4543950 -0.4563844
26861.736000 0.0937797 -0.0120358 1.3239227 0.5421729 -0.5397152 0.4543778 -0.4563955
26861.836000 0.0933527 -0.0119384 1.3239483 0.5421339 -0.5396103 0.4544677 -0.4564763
26861.936000 0.0937813 -0.0120225 1.3239215 0.5422104 -0.5396846 0.4543456 -0.4564193
26862.036000 0.0933627 -0.0119270 1.3239465 0.5421725 -0.5395814 0.4544335 -0.4564987
26862.136000 0.0937910 -0.0120110 1.3239198 0.5422488 -0.5396556 0.4543114 -0.4564419
26862.237000 0.0938042 -0.0120071 1.3239184 0.5422692 -0.5396429 0.4542923 -0.4564518
26862.336000 0.0938087 -0.0120014 1.3239176 0.5422883 -0.5396283 0.4542753 -0.4564632
26862.436000 0.0938131 -0.0119957 1.3239167 0.5423074 -0.5396136 0.4542584 -0.4564747
26862.536000 0.0933979 -0.0119012 1.3239416 0.5422697 -0.5395114 0.4543456 -0.4565536
26862.636000 0.0933849 -0.0118918 1.3239419 0.5422866 -0.5394929 0.4543329 -0.4565680
26862.736000 0.0938124 -0.0119757 1.3239152 0.5423625 -0.5395670 0.4542112 -0.4565112
26862.836000 0.0938293 -0.0119727 1.3239136 0.5423834 -0.5395548 0.4541911 -0.4565209
26862.936000 0.0934137 -0.0118784 1.3239385 0.5423456 -0.5394524 0.4542785 -0.4565999
26863.036000 0.0938278 -0.0119594 1.3239127 0.5424200 -0.5395233 0.4541599 -0.4565456
26863.136000 0.0938402 -0.0119555 1.3239114 0.5424401 -0.5395103 0.4541410 -0.4565559
26863.236000 0.0934158 -0.0118595 1.3239369 0.5424010 -0.5394060 0.4542306 -0.4566365
26863.336000 0.0938382 -0.0119422 1.3239105 0.5424765 -0.5394786 0.4541100 -0.4565809
26863.437000 0.0934265 -0.0118489 1.3239352 0.5424393 -0.5393768 0.4541963 -0.4566596
26863.536000 0.0938443 -0.0119307 1.3239091 0.5425140 -0.5394486 0.4540770 -0.4566046
26863.636000 0.0934325 -0.0118375 1.3239338 0.5424767 -0.5393468 0.4541633 -0.4566834
26863.736000 0.0934223 -0.0118291 1.3239340 0.5424936 -0.5393290 0.4541501 -0.4566974
26863.837000 0.0934251 -0.0118234 1.3239333 0.5425123 -0.5393139 0.4541337 -0.4567094
26863.936000 0.0938555 -0.0119078 1.3239065 0.5425886 -0.5393883 0.4540114 -0.4566525
26864.036000 0.0938669 -0.0119040 1.3239053 0.5426084 -0.5393750 0.4539929 -0.4566631
26864.136000 0.0938693 -0.0118982 1.3239047 0.5426270 -0.5393598 0.4539766 -0.4566752
26864.237000 0.0934438 -0.0118025 1.3239303 0.5425876 -0.5392553 0.4540665 -0.4567561
26864.336000 0.0938651 -0.0118849 1.3239040 0.5426628 -0.5393275 0.4539462 -0.4567009
26864.436000 0.0934524 -0.0117919 1.3239288 0.5426253 -0.5392255 0.4540328 -0.4567799
26864.536000 0.0938692 -0.0118735 1.3239028 0.5426997 -0.5392970 0.4539139 -0.4567253
26864.637000 0.0938800 -0.0118696 1.3239017 0.5427193 -0.5392835 0.4538956 -0.4567361
26864.736000 0.0938819 -0.0118639 1.3239011 0.5427376 -0.5392683 0.4538796 -0.4567482
26864.836000 0.0934515 -0.0117673 1.3239271 0.5426977 -0.5391624 0.4539704 -0.4568303
26864.937000 0.0938767 -0.0118506 1.3239006 0.5427733 -0.5392356 0.4538495 -0.4567744
26865.036000 0.0938870 -0.0118467 1.3238995 0.5427928 -0.5392219 0.4538313 -0.4567853
26865.137000 0.0938885 -0.0118410 1.3238990 0.5428111 -0.5392065 0.4538153 -0.4567977
26865.236000 0.0938899 -0.0118352 1.3238984 0.5428294 -0.5391910 0.4537993 -0.4568101
26865.336000 0.0934676 -0.0117406 1.3239239 0.5427904 -0.5390869 0.4538883 -0.4568909
26865.436000 0.0934559 -0.0117322 1.3239242 0.5428069 -0.5390687 0.4538756 -0.4569054
26865.536000 0.1030617 -0.0123532 1.3239930 0.5407234 -0.5406397 0.4557205 -0.4556816
26865.636000 0.1037393 -0.0124526 1.3239633 0.5407638 -0.5407502 0.4556287 -0.4555944
26865.736000 0.1037751 -0.0124477 1.3239599 0.5407832 -0.5407359 0.4556113 -0.4556058
26865.836000 0.1038042 -0.0124419 1.3239570 0.5408030 -0.5407220 0.4555936 -0.4556164
26865.936000 0.1038314 -0.0124362 1.3239541 0.5408237 -0.5407090 0.4555748 -0.4556260
26866.036000 0.1135624 -0.0125042 1.3239572 -0.5406873 0.5408038 -0.4556579 0.4555924
26866.136000 0.1221045 -0.0123438 1.3240671 0.5406476 -0.5405081 0.4558220 -0.4558262
26866.236000 0.1427784 -0.0124259 1.3240154 -0.5406145 0.5406458 -0.4558104 0.4557137
26866.336000 0.1530501 -0.0123701 1.3239964 -0.5406689 0.5406743 -0.4557685 0.4556572
26866.436000 0.1724325 -0.0124599 1.3240437 0.5406454 -0.5406165 0.4557573 -0.4557649
26866.536000 0.1826108 -0.0124377 1.3240447 0.5406879 -0.5405901 0.4557335 -0.4557696
26866.636000 0.1935883 -0.0124649 1.3239696 -0.5407256 0.5407683 -0.4556617 0.4555852
26866.736000 0.2030833 -0.0123673 1.3239924 0.5406862 -0.5406800 0.4557507 -0.4556477
26866.836000 0.2124312 -0.0124299 1.3240411 0.5407097 -0.5405910 0.4557145 -0.4557617
26866.936000 0.2232198 -0.0124588 1.3239658 -0.5407498 0.5407646 -0.4556394 0.4555832
26867.036000 0.2335107 -0.0124587 1.3239656 -0.5407479 0.5407666 -0.4556411 0.4555814
26867.136000 0.2430813 -0.0123672 1.3239924 0.5406864 -0.5406798 0.4557506 -0.4556478
26867.237000 0.2433073 -0.0123589 1.3239896 0.5407034 -0.5406615 0.4557379 -0.4556620
26867.336000 0.2433386 -0.0123531 1.3239865 0.5407222 -0.5406464 0.4557216 -0.4556740
26867.437000 0.2433677 -0.0123473 1.3239835 0.5407421 -0.5406325 0.4557038 -0.4556846
26867.536000 0.2433949 -0.0123417 1.3239807 0.5407628 -0.5406196 0.4556850 -0.4556942
26867.636000 0.2520884 -0.0123409 1.3240688 0.5406436 -0.5405014 0.4558279 -0.4558330
26867.737000 0.2620911 -0.0123410 1.3240679 0.5406436 -0.5405076 0.4558271 -0.4558264
26867.836000 0.2726182 -0.0124338 1.3240419 0.5407018 -0.5405978 0.4557203 -0.4557573
26867.936000 0.2830769 -0.0123681 1.3239930 0.5406858 -0.5406792 0.4557511 -0.4556488
26868.036000 0.2921028 -0.0123395 1.3240668 0.5406512 -0.5405041 0.4558204 -0.4558282
26868.136000 0.3026295 -0.0124319 1.3240406 0.5407082 -0.5405954 0.4557147 -0.4557581
26868.236000 0.3233491 -0.0126415 1.3239655 -0.5407103 0.5408142 -0.4556089 0.4556017
26868.336000 0.3330563 -0.0123457 1.3239850 0.5407002 -0.5406392 0.4557686 -0.4556616
26868.436000 0.3420746 -0.0123670 1.3240714 0.5405808 -0.5405333 0.4558727 -0.4558249
26868.536000 0.3526182 -0.0124338 1.3240419 0.5407017 -0.5405978 0.4557203 -0.4557572
26868.637000 0.3626433 -0.0124333 1.3240398 0.5407107 -0.5405962 0.4557115 -0.4557574
26868.736000 0.3828620 -0.0123712 1.3239955 -0.5406704 0.5406775 -0.4557660 0.4556542
26868.836000 0.3933866 -0.0124599 1.3239688 -0.5407330 0.5407698 -0.4556557 0.4555806
26868.937000 0.4034118 -0.0124597 1.3239661 -0.5407453 0.5407688 -0.4556432 0.4555797
26869.036000 0.4217944 -0.0123451 1.3240687 0.5406405 -0.5405050 0.4558288 -0.4558315
26869.137000 0.4333951 -0.0124575 1.3239673 -0.5407438 0.5407652 -0.4556462 0.4555828
26869.236000 0.4434117 -0.0124596 1.3239661 -0.5407455 0.5407686 -0.4556430 0.4555799
26869.336000 0.4534117 -0.0124596 1.3239661 -0.5407455 0.5407687 -0.4556431 0.4555798
26869.436000 0.4726222 -0.0127208 1.3240189 -0.5406793 0.5406891 -0.4556286 0.4557674
26869.536000 0.4826264 -0.0124424 1.3240420 0.5406973 -0.5405997 0.4557214 -0.4557592
26869.636000 0.4926262 -0.0124361 1.3240418 0.5407008 -0.5405993 0.4557202 -0.4557568
26869.736000 0.5026308 -0.0124354 1.3240412 0.5407041 -0.5405996 0.4557170 -0.4557556
26869.836000 0.5126342 -0.0124349 1.3240407 0.5407061 -0.5405991 0.4557152 -0.4557555
26869.936000 0.5234135 -0.0124598 1.3239663 -0.5407469 0.5407670 -0.4556418 0.4555814
26870.037000 0.5321167 -0.0123417 1.3240656 0.5406549 -0.5405056 0.4558155 -0.4558269
26870.136000 0.5523943 -0.0124588 1.3240459 -0.5406323 0.5406330 -0.4557761 0.4557420
26870.237000 0.5630610 -0.0123719 1.3239957 -0.5406681 0.5406782 -0.4557679 0.4556541
26870.336000 0.5720875 -0.0123418 1.3240691 0.5406400 -0.5405026 0.4558312 -0.4558325
26870.436000 0.5923735 -0.0124603 1.3240484 -0.5406156 0.5406347 -0.4557941 0.4557418
26870.537000 0.6021098 -0.0123435 1.3240667 0.5406470 -0.5405106 0.4558223 -0.4558236
26870.636000 0.6231119 -0.0124589 1.3239657 -0.5407326 0.5407787 -0.4556562 0.4555700
26870.736000 0.6323243 -0.0123649 1.3240525 0.5406134 -0.5405404 0.4558374 -0.4558129
26870.836000 0.6433689 -0.0124529 1.3239722 0.5407552 -0.5407169 0.4556352 -0.4556376
26870.936000 0.6530511 -0.0123743 1.3239978 -0.5406545 0.5406706 -0.4557803 0.4556670
26871.036000 0.6626057 -0.0124358 1.3240444 0.5406930 -0.5405890 0.4557288 -0.4557695
26871.136000 0.6726214 -0.0124367 1.3240427 0.5406964 -0.5405970 0.4557247 -0.4557600
26871.236000 0.6835960 -0.0124627 1.3239680 -0.5407369 0.5407704 -0.4556507 0.4555804
26871.336000 0.6924418 -0.0124354 1.3240413 0.5407063 -0.5405969 0.4557152 -0.4557581
26871.436000 0.7117886 -0.0123452 1.3240687 0.5406405 -0.5405050 0.4558288 -0.4558314
26871.536000 0.7219910 -0.0123416 1.3240685 0.5406403 -0.5405066 0.4558304 -0.4558282
26871.636000 0.7330597 -0.0123671 1.3239941 0.5406814 -0.5406783 0.4557561 -0.4556501
26871.736000 0.7435977 -0.0124605 1.3239673 -0.5407391 0.5407712 -0.4556490 0.4555784
26871.836000 0.7620156 -0.0123492 1.3240662 0.5406383 -0.5405205 0.4558286 -0.4558159
26871.936000 0.7729825 -0.0123766 1.3240042 0.5406564 -0.5406379 0.4557716 -0.4557120
26872.036000 0.7830645 -0.0123670 1.3239939 -0.5406797 0.5406806 -0.4557576 0.4556479
26872.136000 0.8032794 -0.0124638 1.3239704 -0.5407217 0.5407670 -0.4556661 0.4555870
26872.236000 0.8129871 -0.0123686 1.3239923 0.5406859 -0.5406815 0.4557505 -0.4556466
26872.337000 0.8323734 -0.0124603 1.3240484 -0.5406157 0.5406347 -0.4557941 0.4557418
26872.436000 0.8430576 -0.0123573 1.3239970 0.5407124 -0.5406216 0.4557289 -0.4557079
26872.536000 0.8526097 -0.0124353 1.3240437 0.5406960 -0.5405925 0.4557260 -0.4557646
26872.636000 0.8726880 -0.0123685 1.3240138 0.5406364 -0.5406237 0.4558084 -0.4557158
26872.736000 0.8834760 -0.0124458 1.3239719 0.5407672 -0.5407073 0.4556292 -0.4556408
26872.836000 0.8933915 -0.0124642 1.3239696 -0.5407247 0.5407692 -0.4556628 0.4555841
26872.936000 0.9030645 -0.0123703 1.3239944 -0.5406750 0.5406828 -0.4557609 0.4556475
26873.036000 0.9130607 -0.0123678 1.3239945 -0.5406766 0.5406810 -0.4557604 0.4556483
26873.136000 0.9220953 -0.0123408 1.3240677 0.5406466 -0.5405053 0.4558245 -0.4558282
26873.236000 0.9330661 -0.0123662 1.3239935 0.5406846 -0.5406773 0.4557532 -0.4556503
26873.336000 0.9433987 -0.0124574 1.3239672 -0.5407420 0.5407672 -0.4556477 0.4555811
26873.436000 0.9526378 -0.0124338 1.3240401 0.5407114 -0.5405951 0.4557107 -0.4557585
26873.536000 0.9626425 -0.0124334 1.3240398 0.5407105 -0.5405964 0.4557116 -0.4557573
26873.636000 0.9833159 -0.0124657 1.3239665 -0.5407348 0.5407776 -0.4556518 0.4555732
26873.736000 0.9925825 -0.0124628 1.3240490 0.5406230 -0.5406178 0.4557824 -0.4557649
26873.837000 1.0026291 -0.0124357 1.3240414 0.5407028 -0.5405998 0.4557182 -0.4557557
26873.936000 1.0134080 -0.0124609 1.3239669 -0.5407435 0.5407690 -0.4556446 0.4555802
26874.036000 1.0228930 -0.0123692 1.3239920 0.5406874 -0.5406816 0.4557486 -0.4556465
26874.137000 1.0323006 -0.0123390 1.3240664 0.5406528 -0.5405032 0.4558191 -0.4558287
26874.236000 1.0426366 -0.0124314 1.3240403 0.5407097 -0.5405942 0.4557135 -0.4557589
26874.336000 1.0628013 -0.0124110 1.3239887 -0.5406889 0.5407133 -0.4557285 0.4556272
26874.436000 1.0728679 -0.0123694 1.3239945 -0.5406787 0.5406793 -0.4557579 0.4556503
26874.536000 1.0928361 -0.0123723 1.3239984 -0.5406534 0.5406687 -0.4557824 0.4556685
26874.636000 1.1033773 -0.0124617 1.3239707 -0.5407211 0.5407661 -0.4556679 0.4555870
26874.736000 1.1123008 -0.0123409 1.3240667 0.5406506 -0.5405059 0.4558203 -0.4558270
26874.836000 1.1234043 -0.0124569 1.3239670 -0.5407457 0.5407639 -0.4556446 0.4555837
26874.936000 1.1424018 -0.0124607 1.3240451 -0.5406311 0.5406418 -0.4557775 0.4557318
26875.036000 1.1530599 -0.0123728 1.3239959 -0.5406653 0.5406788 -0.4557702 0.4556544
26875.136000 1.1626128 -0.0124347 1.3240433 0.5406975 -0.5405927 0.4557249 -0.4557637
26875.236000 1.1730697 -0.0123695 1.3239939 0.5406803 -0.5406803 0.4557561 -0.4556491
26875.336000 1.1826215 -0.0124335 1.3240418 0.5407048 -0.5405953 0.4557176 -0.4557592
26875.436000 1.1934096 -0.0124606 1.3239667 -0.5407447 0.5407684 -0.4556437 0.4555805
26875.537000 1.2021145 -0.0123421 1.3240658 0.5406538 -0.5405064 0.4558165 -0.4558264
26875.636000 1.2134011 -0.0124562 1.3239667 -0.5407473 0.5407625 -0.4556433 0.4555847
26875.736000 1.2235149 -0.0124587 1.3239656 -0.5407479 0.5407666 -0.4556411 0.4555813
26875.836000 1.2428591 -0.0123716 1.3239960 -0.5406653 0.5406789 -0.4557709 0.4556537
26875.937000 1.2520053 -0.0123400 1.3240671 0.5406496 -0.5405050 0.4558217 -0.4558277
26876.036000 1.2630688 -0.0123653 1.3239930 0.5406876 -0.5406756 0.4557507 -0.4556512
26876.136000 1.2828446 -0.0123608 1.3239981 0.5406981 -0.5406278 0.4557405 -0.4557058
26876.236000 1.2920844 -0.0123423 1.3240695 0.5406385 -0.5405024 0.4558323 -0.4558334
26876.336000 1.3030580 -0.0123678 1.3239946 -0.5406782 0.5406785 -0.4557591 0.4556507
26876.436000 1.3133913 -0.0124589 1.3239681 -0.5407370 0.5407694 -0.4556520 0.4555800
26876.536000 1.3226299 -0.0124352 1.3240410 0.5407071 -0.5405971 0.4557144 -0.4557576
26876.637000 1.3418023 -0.0123449 1.3240683 0.5406399 -0.5405090 0.4558291 -0.4558271
26876.736000 1.3526257 -0.0124326 1.3240410 0.5407061 -0.5405968 0.4557164 -0.4557572
26876.836000 1.3724155 -0.0124619 1.3240450 0.5406397 -0.5406252 0.4557640 -0.4557546
26876.936000 1.3830574 -0.0123734 1.3239966 -0.5406642 0.5406738 -0.4557704 0.4556615
26877.036000 1.3935883 -0.0124625 1.3239687 -0.5407310 0.5407720 -0.4556565 0.4555795
26877.137000 1.4029929 -0.0123679 1.3239920 0.5406876 -0.5406803 0.4557491 -0.4556474
26877.236000 1.4223972 -0.0124361 1.3240453 0.5406930 -0.5405812 0.4557279 -0.4557797
26877.336000 1.4335872 -0.0124658 1.3239698 -0.5407228 0.5407689 -0.4556640 0.4555856
26877.436000 1.4421952 -0.0123437 1.3240686 0.5406409 -0.5405047 0.4558293 -0.4558308
26877.536000 1.4528814 -0.0123651 1.3239929 0.5406881 -0.5406752 0.4557503 -0.4556515
26877.636000 1.4626298 -0.0124314 1.3240404 0.5407117 -0.5405920 0.4557117 -0.4557608
26877.736000 1.4820554 -0.0123579 1.3240645 0.5406456 -0.5405254 0.4558176 -0.4558124
26877.836000 1.4930174 -0.0123661 1.3240020 0.5406787 -0.5406177 0.4557561 -0.4557250
26877.936000 1.5028731 -0.0123668 1.3239938 0.5406805 -0.5406804 0.4557569 -0.4556480
26878.036000 1.5126181 -0.0124334 1.3240417 0.5407054 -0.5405953 0.4557171 -0.4557591
26878.136000 1.5234080 -0.0124609 1.3239669 -0.5407436 0.5407689 -0.4556445 0.4555803
26878.236000 1.5330786 -0.0123674 1.3239925 0.5406859 -0.5406802 0.4557510 -0.4556476
26878.336000 1.5430749 -0.0123649 1.3239927 0.5406864 -0.5406771 0.4557518 -0.4556498
26878.436000 1.5628863 -0.0122820 1.3239897 0.5406904 -0.5406747 0.4557786 -0.4556211
26878.536000 1.5732242 -0.0124080 1.3239839 -0.5406260 0.5407139 -0.4557694 0.4556603
26878.637000 1.5833904 -0.0124591 1.3239682 -0.5407361 0.5407698 -0.4556528 0.4555799
26878.736000 1.5929810 -0.0123692 1.3239927 0.5406839 -0.5406826 0.4557521 -0.4556460
26878.837000 1.5933033 -0.0123596 1.3239900 0.5407012 -0.5406635 0.4557398 -0.4556605
26878.936000 1.5933350 -0.0123537 1.3239869 0.5407199 -0.5406481 0.4557236 -0.4556727
26879.036000 1.5937881 -0.0124399 1.3239580 0.5407968 -0.5407231 0.4556007 -0.4556154
26879.136000 1.5934006 -0.0123442 1.3239805 0.5407615 -0.5406229 0.4556851 -0.4556917
26879.236000 1.5938499 -0.0124303 1.3239519 0.5408399 -0.5406995 0.4555603 -0.4556326
26879.336000 1.5934591 -0.0123346 1.3239746 0.5408058 -0.5406005 0.4556434 -0.4557076
26879.436000 1.5938850 -0.0124160 1.3239474 0.5408820 -0.5406736 0.4555230 -0.4556507
26879.536000 1.5934972 -0.0123215 1.3239699 0.5408494 -0.5405761 0.4556039 -0.4557242
26879.636000 1.5935102 -0.0123139 1.3239680 0.5408709 -0.5405632 0.4555850 -0.4557329
26879.736000 1.5935314 -0.0123082 1.3239655 0.5408936 -0.5405523 0.4555637 -0.4557401
26879.836000 1.5939801 -0.0123950 1.3239369 0.5409740 -0.5406314 0.4554362 -0.4556782
26879.936000 1.5935814 -0.0122986 1.3239602 0.5409407 -0.5405326 0.4555186 -0.4557526
26880.037000 1.5940215 -0.0123835 1.3239321 0.5410202 -0.5406102 0.4553929 -0.4556918
26880.136000 1.5936268 -0.0122872 1.3239550 0.5409880 -0.5405125 0.4554740 -0.4557648
26880.236000 1.5936196 -0.0122796 1.3239549 0.5410057 -0.5404958 0.4554596 -0.4557781
26880.336000 1.5936414 -0.0122738 1.3239524 0.5410293 -0.5404857 0.4554374 -0.4557842
26880.436000 1.5940924 -0.0123614 1.3239237 0.5411105 -0.5405656 0.4553086 -0.4557218
26880.536000 1.5936867 -0.0122643 1.3239475 0.5410761 -0.5404658 0.4553926 -0.4557970
26880.636000 1.5941188 -0.0123480 1.3239200 0.5411546 -0.5405417 0.4552685 -0.4557377
26880.736000 1.5941485 -0.0123450 1.3239171 0.5411789 -0.5405332 0.4552444 -0.4557431
26880.836000 1.5941648 -0.0123393 1.3239151 0.5412013 -0.5405219 0.4552236 -0.4557507
26880.936000 1.5937530 -0.0122414 1.3239394 0.5411659 -0.5404208 0.4553091 -0.4558271
26881.036000 1.5937597 -0.0122337 1.3239380 0.5411870 -0.5404075 0.4552907 -0.4558363
26881.136000 1.5941986 -0.0123192 1.3239101 0.5412662 -0.5404848 0.4551651 -0.4557762
26881.236000 1.5938031 -0.0122251 1.3239334 0.5412328 -0.5403872 0.4552467 -0.4558500
26881.337000 1.5938046 -0.0122165 1.3239324 0.5412531 -0.5403725 0.4552295 -0.4558603
26881.436000 1.5938189 -0.0122108 1.3239306 0.5412750 -0.5403607 0.4552093 -0.4558685
26881.536000 1.5938329 -0.0122050 1.3239288 0.5412968 -0.5403488 0.4551892 -0.4558768
26881.636000 1.5938466 -0.0121993 1.3239270 0.5413186 -0.5403369 0.4551692 -0.4558852
26881.736000 1.5942796 -0.0122837 1.3238995 0.5413966 -0.5404129 0.4550453 -0.4558261
26881.836000 1.5938822 -0.0121897 1.3239231 0.5413630 -0.5403146 0.4551272 -0.4559007
26881.936000 1.5938862 -0.0121821 1.3239219 0.5413833 -0.5403005 0.4551097 -0.4559108
26854.787000 0.0924221 -0.0123358 1.3240646 0.5406616 -0.5404952 0.4558120 -0.4558348
26854.787000 0.0924221 -0.0123358 1.3240646 0.5406616 -0.5404952 0.4558120 -0.4558348
26854.836000 0.0924221 -0.0123358 1.3240646 0.5406616 -0.5404952 0.4558120 -0.4558348
26854.936000 0.0924546 -0.0123300 1.3240615 0.5406796 -0.5404798 0.4557967 -0.4558470
26855.036000 0.0924846 -0.0123243 1.3240585 0.5406990 -0.5404656 0.4557795 -0.4558581
26855.136000 0.0925126 -0.0123187 1.3240557 0.5407194 -0.5404523 0.4557611 -0.4558680
26855.236000 0.0929625 -0.0124048 1.3240273 0.5407974 -0.5405290 0.4556367 -0.4558089
26855.336000 0.0925768 -0.0123102 1.3240494 0.5407640 -0.5404306 0.4557185 -0.4558834
26855.436000 0.0930153 -0.0123944 1.3240218 0.5408419 -0.5405061 0.4555951 -0.4558248
26855.536000 0.0930468 -0.0123906 1.3240187 0.5408655 -0.5404967 0.4555721 -0.4558310
26855.637000 0.0930686 -0.0123849 1.3240163 0.5408880 -0.5404856 0.4555512 -0.4558384
26855.736000 0.0926573 -0.0122858 1.3240400 0.5408524 -0.5403838 0.4556374 -0.4559151
26855.836000 0.0931012 -0.0123716 1.3240120 0.5409322 -0.5404618 0.4555110 -0.4558543
26855.936000 0.0927056 -0.0122763 1.3240349 0.5408990 -0.5403636 0.4555929 -0.4559282
26856.036000 0.0927109 -0.0122678 1.3240335 0.5409198 -0.5403498 0.4555752 -0.4559377
26856.136000 0.0927262 -0.0122622 1.3240316 0.5409417 -0.5403381 0.4555549 -0.4559458
26856.236000 0.0931894 -0.0123488 1.3240019 0.5410261 -0.5404209 0.4554228 -0.4558796
26856.336000 0.0932105 -0.0123450 1.3239998 0.5410486 -0.5404104 0.4554010 -0.4558870
26856.436000 0.0928072 -0.0122489 1.3240232 0.5410142 -0.5403112 0.4554846 -0.4559619
26856.537000 0.0932301 -0.0123308 1.3239966 0.5410914 -0.5403852 0.4553629 -0.4559042
26856.636000 0.0932599 -0.0123279 1.3239938 0.5411158 -0.5403766 0.4553386 -0.4559097
26856.736000 0.0928568 -0.0122318 1.3240172 0.5410815 -0.5402774 0.4554220 -0.4559845
26856.836000 0.0932834 -0.0123146 1.3239903 0.5411593 -0.5403521 0.4552992 -0.4559264
26856.936000 0.0928845 -0.0122195 1.3240136 0.5411257 -0.5402536 0.4553815 -0.4560007
26857.036000 0.0933149 -0.0123032 1.3239865 0.5412038 -0.5403292 0.4552580 -0.4559419
26857.136000 0.0933389 -0.0122994 1.3239840 0.5412271 -0.5403195 0.4552353 -0.4559483
26857.237000 0.0933538 -0.0122936 1.3239822 0.5412492 -0.5403078 0.4552149 -0.4559563
26857.337000 0.0933685 -0.0122879 1.3239804 0.5412711 -0.5402961 0.4551946 -0.4559644
26857.436000 0.0933828 -0.0122822 1.3239786 0.5412930 -0.5402843 0.4551744 -0.4559726
26857.536000 0.0933969 -0.0122765 1.3239768 0.5413148 -0.5402724 0.4551543 -0.4559808
26857.637000 0.0929873 -0.0121798 1.3240008 0.5412795 -0.5401717 0.4552394 -0.4560572
26857.736000 0.0934153 -0.0122632 1.3239738 0.5413570 -0.5402466 0.4551165 -0.4559990
26857.836000 0.0934374 -0.0122593 1.3239716 0.5413798 -0.5402364 0.4550945 -0.4560061
26857.936000 0.0934504 -0.0122536 1.3239699 0.5414013 -0.5402242 0.4550747 -0.4560147
26858.036000 0.0930394 -0.0121570 1.3239941 0.5413656 -0.5401231 0.4551602 -0.4560915
26858.136000 0.0934667 -0.0122403 1.3239672 0.5414429 -0.5401978 0.4550377 -0.4560336
26858.236000 0.0934877 -0.0122364 1.3239651 0.5414654 -0.5401872 0.4550160 -0.4560411
26858.336000 0.0930760 -0.0121399 1.3239893 0.5414295 -0.5400859 0.4551017 -0.4561181
26858.437000 0.0935024 -0.0122231 1.3239625 0.5415066 -0.5401604 0.4549794 -0.4560605
26858.536000 0.0935227 -0.0122193 1.3239605 0.5415288 -0.5401496 0.4549580 -0.4560682
26858.636000 0.0935339 -0.0122135 1.3239590 0.5415499 -0.5401369 0.4549388 -0.4560773
26858.737000 0.0935449 -0.0122079 1.3239575 0.5415706 -0.5401243 0.4549199 -0.4560865
26858.836000 0.0931234 -0.0121095 1.3239824 0.5415334 -0.5400208 0.4550079 -0.4561654
26858.936000 0.0935574 -0.0121945 1.3239552 0.5416113 -0.5400967 0.4548839 -0.4561068
26859.036000 0.0931527 -0.0121000 1.3239791 0.5415762 -0.5399968 0.4549680 -0.4561830
26859.137000 0.0931498 -0.0120915 1.3239785 0.5415951 -0.5399810 0.4549524 -0.4561946
26859.236000 0.0931596 -0.0120858 1.3239771 0.5416157 -0.5399680 0.4549337 -0.4562043
26859.336000 0.0935969 -0.0121715 1.3239497 0.5416940 -0.5400445 0.4548089 -0.4561452
26859.436000 0.0936152 -0.0121677 1.3239479 0.5417157 -0.5400332 0.4547881 -0.4561536
26859.536000 0.0936243 -0.0121620 1.3239466 0.5417361 -0.5400199 0.4547696 -0.4561634
26859.636000 0.0936333 -0.0121562 1.3239453 0.5417565 -0.5400066 0.4547512 -0.4561733
26859.736000 0.0936421 -0.0121505 1.3239440 0.5417768 -0.5399933 0.4547328 -0.4561833
26859.836000 0.0932271 -0.0120543 1.3239687 0.5417400 -0.5398911 0.4548196 -0.4562615
26859.936000 0.0932225 -0.0120459 1.3239682 0.5417585 -0.5398749 0.4548045 -0.4562737
26860.036000 0.0936584 -0.0121314 1.3239409 0.5418363 -0.5399510 0.4546803 -0.4562151
26860.136000 0.0936752 -0.0121276 1.3239392 0.5418576 -0.5399392 0.4546600 -0.4562239
26860.236000 0.0932595 -0.0120315 1.3239639 0.5418206 -0.5398369 0.4547470 -0.4563023
26860.336000 0.0936818 -0.0121142 1.3239375 0.5418965 -0.5399101 0.4546261 -0.4562460
26860.436000 0.0932660 -0.0120183 1.3239622 0.5418594 -0.5398076 0.4547132 -0.4563245
26860.536000 0.0936967 -0.0121028 1.3239352 0.5419364 -0.5398826 0.4545902 -0.4562669
26860.636000 0.0932803 -0.0120069 1.3239600 0.5418992 -0.5397800 0.4546774 -0.4563455
26860.736000 0.0932828 -0.0120002 1.3239592 0.5419184 -0.5397652 0.4546608 -0.4563569
26860.836000 0.0937173 -0.0120855 1.3239320 0.5419958 -0.5398409 0.4545370 -0.4562987
26860.936000 0.0933006 -0.0119897 1.3239569 0.5419585 -0.5397382 0.4546243 -0.4563775
26861.036000 0.0937305 -0.0120741 1.3239300 0.5420353 -0.5398129 0.4545017 -0.4563201
26861.136000 0.0937454 -0.0120702 1.3239284 0.5420560 -0.5398006 0.4544820 -0.4563296
26861.236000 0.0937515 -0.0120645 1.3239274 0.5420756 -0.5397865 0.4544645 -0.4563404
26861.336000 0.0933338 -0.0119687 1.3239524 0.5420380 -0.5396836 0.4545521 -0.4564195
26861.436000 0.0937502 -0.0120503 1.3239263 0.5421127 -0.5397555 0.4544331 -0.4563643
26861.536000 0.0937689 -0.0120473 1.3239246 0.5421341 -0.5397438 0.4544123 -0.4563733
26861.636000 0.0937743 -0.0120415 1.3239236 0.5421535 -0.5397295 0.4543950 -0.4563844
26861.736000 0.0937797 -0.0120358 1.3239227 0.5421729 -0.5397152 0.4543778 -0.4563955
26861.836000 0.0933527 -0.0119384 1.3239483 0.5421339 -0.5396103 0.4544677 -0.4564763
26861.936000 0.0937813 -0.0120225 1.3239215 0.5422104 -0.5396846 0.4543456 -0.4564193
26862.036000 0.0933627 -0.0119270 1.3239465 0.5421725 -0.5395814 0.4544335 -0.4564987
26862.136000 0.0937910 -0.0120110 1.3239198 0.5422488 -0.5396556 0.4543114 -0.4564419
26862.237000 0.0938042 -0.0120071 1.3239184 0.5422692 -0.5396429 0.4542923 -0.4564518
26862.336000 0.0938087 -0.0120014 1.3239176 0.5422883 -0.5396283 0.4542753 -0.4564632
26862.436000 0.0938131 -0.0119957 1.3239167 0.5423074 -0.5396136 0.4542584 -0.4564747
26862.536000 0.0933979 -0.0119012 1.3239416 0.5422697 -0.5395114 0.4543456 -0.4565536
26862.636000 0.0933849 -0.0118918 1.3239419 0.5422866 -0.5394929 0.4543329 -0.4565680
26862.736000 0.0938124 -0.0119757 1.3239152 0.5423625 -0.5395670 0.4542112 -0.4565112
26862.836000 0.0938293 -0.0119727 1.3239136 0.5423834 -0.5395548 0.4541911 -0.4565209
26862.936000 0.0934137 -0.0118784 1.3239385 0.5423456 -0.5394524 0.4542785 -0.4565999
26863.036000 0.0938278 -0.0119594 1.3239127 0.5424200 -0.5395233 0.4541599 -0.4565456
26863.136000 0.0938402 -0.0119555 1.3239114 0.5424401 -0.5395103 0.4541410 -0.4565559
26863.236000 0.0934158 -0.0118595 1.3239369 0.5424010 -0.5394060 0.4542306 -0.4566365
26863.336000 0.0938382 -0.0119422 1.3239105 0.5424765 -0.5394786 0.4541100 -0.4565809
26863.437000 0.0934265 -0.0118489 1.3239352 0.5424393 -0.5393768 0.4541963 -0.4566596
26863.536000 0.0938443 -0.0119307 1.3239091 0.5425140 -0.5394486 0.4540770 -0.4566046
26863.636000 0.0934325 -0.0118375 1.3239338 0.5424767 -0.5393468 0.4541633 -0.4566834
26863.736000 0.0934223 -0.0118291 1.3239340 0.5424936 -0.5393290 0.4541501 -0.4566974
26863.837000 0.0934251 -0.0118234 1.3239333 0.5425123 -0.5393139 0.4541337 -0.4567094
26863.936000 0.0938555 -0.0119078 1.3239065 0.5425886 -0.5393883 0.4540114 -0.4566525
26864.036000 0.0938669 -0.0119040 1.3239053 0.5426084 -0.5393750 0.4539929 -0.4566631
26864.136000 0.0938693 -0.0118982 1.3239047 0.5426270 -0.5393598 0.4539766 -0.4566752
26864.237000 0.0934438 -0.0118025 1.3239303 0.5425876 -0.5392553 0.4540665 -0.4567561
26864.336000 0.0938651 -0.0118849 1.3239040 0.5426628 -0.5393275 0.4539462 -0.4567009
26864.436000 0.0934524 -0.0117919 1.3239288 0.5426253 -0.5392255 0.4540328 -0.4567799
26864.536000 0.0938692 -0.0118735 1.3239028 0.5426997 -0.5392970 0.4539139 -0.4567253
26864.637000 0.0938800 -0.0118696 1.3239017 0.5427193 -0.5392835 0.4538956 -0.4567361
26864.736000 0.0938819 -0.0118639 1.3239011 0.5427376 -0.5392683 0.4538796 -0.4567482
26864.836000 0.0934515 -0.0117673 1.3239271 0.5426977 -0.5391624 0.4539704 -0.4568303
26864.937000 0.0938767 -0.0118506 1.3239006 0.5427733 -0.5392356 0.4538495 -0.4567744
26865.036000 0.0938870 -0.0118467 1.3238995 0.5427928 -0.5392219 0.4538313 -0.4567853
26865.137000 0.0938885 -0.0118410 1.3238990 0.5428111 -0.5392065 0.4538153 -0.4567977
26865.236000 0.0938899 -0.0118352 1.3238984 0.5428294 -0.5391910 0.4537993 -0.4568101
26865.336000 0.0934676 -0.0117406 1.3239239 0.5427904 -0.5390869 0.4538883 -0.4568909
26865.436000 0.0934559 -0.0117322 1.3239242 0.5428069 -0.5390687 0.4538756 -0.4569054
26865.536000 0.1030617 -0.0123532 1.3239930 0.5407234 -0.5406397 0.4557205 -0.4556816
26865.636000 0.1037393 -0.0124526 1.3239633 0.5407638 -0.5407502 0.4556287 -0.4555944
26865.736000 0.1037751 -0.0124477 1.3239599 0.5407832 -0.5407359 0.4556113 -0.4556058
26865.836000 0.1038042 -0.0124419 1.3239570 0.5408030 -0.5407220 0.4555936 -0.4556164
26865.936000 0.1038314 -0.0124362 1.3239541 0.5408237 -0.5407090 0.4555748 -0.4556260
26866.036000 0.1135624 -0.0125042 1.3239572 -0.5406873 0.5408038 -0.4556579 0.4555924
26866.136000 0.1221045 -0.0123438 1.3240671 0.5406476 -0.5405081 0.4558220 -0.4558262
26866.236000 0.1427784 -0.0124259 1.3240154 -0.5406145 0.5406458 -0.4558104 0.4557137
26866.336000 0.1530501 -0.0123701 1.3239964 -0.5406689 0.5406743 -0.4557685 0.4556572
26866.436000 0.1724325 -0.0124599 1.3240437 0.5406454 -0.5406165 0.4557573 -0.4557649
26866.536000 0.1826108 -0.0124377 1.3240447 0.5406879 -0.5405901 0.4557335 -0.4557696
26866.636000 0.1935883 -0.0124649 1.3239696 -0.5407256 0.5407683 -0.4556617 0.4555852
26866.736000 0.2030833 -0.0123673 1.3239924 0.5406862 -0.5406800 0.4557507 -0.4556477
26866.836000 0.2124312 -0.0124299 1.3240411 0.5407097 -0.5405910 0.4557145 -0.4557617
26866.936000 0.2232198 -0.0124588 1.3239658 -0.5407498 0.5407646 -0.4556394 0.4555832
26867.036000 0.2335107 -0.0124587 1.3239656 -0.5407479 0.5407666 -0.4556411 0.4555814
26867.136000 0.2430813 -0.0123672 1.3239924 0.5406864 -0.5406798 0.4557506 -0.4556478
26867.237000 0.2433073 -0.0123589 1.3239896 0.5407034 -0.5406615 0.4557379 -0.4556620
26867.336000 0.2433386 -0.0123531 1.3239865 0.5407222 -0.5406464 0.4557216 -0.4556740
26867.437000 0.2433677 -0.0123473 1.3239835 0.5407421 -0.5406325 0.4557038 -0.4556846
26867.536000 0.2433949 -0.0123417 1.3239807 0.5407628 -0.5406196 0.4556850 -0.4556942
26867.636000 0.2520884 -0.0123409 1.3240688 0.5406436 -0.5405014 0.4558279 -0.4558330
26867.737000 0.2620911 -0.0123410 1.3240679 0.5406436 -0.5405076 0.4558271 -0.4558264
26867.836000 0.2726182 -0.0124338 1.3240419 0.5407018 -0.5405978 0.4557203 -0.4557573
26867.936000 0.2830769 -0.0123681 1.3239930 0.5406858 -0.5406792 0.4557511 -0.4556488
26868.036000 0.2921028 -0.0123395 1.3240668 0.5406512 -0.5405041 0.4558204 -0.4558282
26868.136000 0.3026295 -0.0124319 1.3240406 0.5407082 -0.5405954 0.4557147 -0.4557581
26868.236000 0.3233491 -0.0126415 1.3239655 -0.5407103 0.5408142 -0.4556089 0.4556017
26868.336000 0.3330563 -0.0123457 1.3239850 0.5407002 -0.5406392 0.4557686 -0.4556616
26868.436000 0.3420746 -0.0123670 1.3240714 0.5405808 -0.5405333 0.4558727 -0.4558249
26868.536000 0.3526182 -0.0124338 1.3240419 0.5407017 -0.5405978 0.4557203 -0.4557572
26868.637000 0.3626433 -0.0124333 1.3240398 0.5407107 -0.5405962 0.4557115 -0.4557574
26868.736000 0.3828620 -0.0123712 1.3239955 -0.5406704 0.5406775 -0.4557660 0.4556542
26868.836000 0.3933866 -0.0124599 1.3239688 -0.5407330 0.5407698 -0.4556557 0.4555806
26868.937000 0.4034118 -0.0124597 1.3239661 -0.5407453 0.5407688 -0.4556432 0.4555797
26869.036000 0.4217944 -0.0123451 1.3240687 0.5406405 -0.5405050 0.4558288 -0.4558315
26869.137000 0.4333951 -0.0124575 1.3239673 -0.5407438 0.5407652 -0.4556462 0.4555828
26869.236000 0.4434117 -0.0124596 1.3239661 -0.5407455 0.5407686 -0.4556430 0.4555799
26869.336000 0.4534117 -0.0124596 1.3239661 -0.5407455 0.5407687 -0.4556431 0.4555798
26869.436000 0.4726222 -0.0127208 1.3240189 -0.5406793 0.5406891 -0.4556286 0.4557674
26869.536000 0.4826264 -0.0124424 1.3240420 0.5406973 -0.5405997 0.4557214 -0.4557592
26869.636000 0.4926262 -0.0124361 1.3240418 0.5407008 -0.5405993 0.4557202 -0.4557568
26869.736000 0.5026308 -0.0124354 1.3240412 0.5407041 -0.5405996 0.4557170 -0.4557556
26869.836000 0.5126342 -0.0124349 1.3240407 0.5407061 -0.5405991 0.4557152 -0.4557555
26869.936000 0.5234135 -0.0124598 1.3239663 -0.5407469 0.5407670 -0.4556418 0.4555814
26870.037000 0.5321167 -0.0123417 1.3240656 0.5406549 -0.5405056 0.4558155 -0.4558269
26870.136000 0.5523943 -0.0124588 1.3240459 -0.5406323 0.5406330 -0.4557761 0.4557420
26870.237000 0.5630610 -0.0123719 1.3239957 -0.5406681 0.5406782 -0.4557679 0.4556541
26870.336000 0.5720875 -0.0123418 1.3240691 0.5406400 -0.5405026 0.4558312 -0.4558325
26870.436000 0.5923735 -0.0124603 1.3240484 -0.5406156 0.5406347 -0.4557941 0.4557418
26870.537000 0.6021098 -0.0123435 1.3240667 0.5406470 -0.5405106 0.4558223 -0.4558236
26870.636000 0.6231119 -0.0124589 1.3239657 -0.5407326 0.5407787 -0.4556562 0.4555700
26870.736000 0.6323243 -0.0123649 1.3240525 0.5406134 -0.5405404 0.4558374 -0.4558129
26870.836000 0.6433689 -0.0124529 1.3239722 0.5407552 -0.5407169 0.4556352 -0.4556376
26870.936000 0.6530511 -0.0123743 1.3239978 -0.5406545 0.5406706 -0.4557803 0.4556670
26871.036000 0.6626057 -0.0124358 1.3240444 0.5406930 -0.5405890 0.4557288 -0.4557695
26871.136000 0.6726214 -0.0124367 1.3240427 0.5406964 -0.5405970 0.4557247 -0.4557600
26871.236000 0.6835960 -0.0124627 1.3239680 -0.5407369 0.5407704 -0.4556507 0.4555804
26871.336000 0.6924418 -0.0124354 1.3240413 0.5407063 -0.5405969 0.4557152 -0.4557581
26871.436000 0.7117886 -0.0123452 1.3240687 0.5406405 -0.5405050 0.4558288 -0.4558314
26871.536000 0.7219910 -0.0123416 1.3240685 0.5406403 -0.5405066 0.4558304 -0.4558282
26871.636000 0.7330597 -0.0123671 1.3239941 0.5406814 -0.5406783 0.4557561 -0.4556501
26871.736000 0.7435977 -0.0124605 1.3239673 -0.5407391 0.5407712 -0.4556490 0.4555784
26871.836000 0.7620156 -0.0123492 1.3240662 0.5406383 -0.5405205 0.4558286 -0.4558159
26871.936000 0.7729825 -0.0123766 1.3240042 0.5406564 -0.5406379 0.4557716 -0.4557120
26872.036000 0.7830645 -0.0123670 1.3239939 -0.5406797 0.5406806 -0.4557576 0.4556479
26872.136000 0.8032794 -0.0124638 1.3239704 -0.5407217 0.5407670 -0.4556661 0.4555870
26872.236000 0.8129871 -0.0123686 1.3239923 0.5406859 -0.5406815 0.4557505 -0.4556466
26872.337000 0.8323734 -0.0124603 1.3240484 -0.5406157 0.5406347 -0.4557941 0.4557418
26872.436000 0.8430576 -0.0123573 1.3239970 0.5407124 -0.5406216 0.4557289 -0.4557079
26872.536000 0.8526097 -0.0124353 1.3240437 0.5406960 -0.5405925 0.4557260 -0.4557646
26872.636000 0.8726880 -0.0123685 1.3240138 0.5406364 -0.5406237 0.4558084 -0.4557158
26872.736000 0.8834760 -0.0124458 1.3239719 0.5407672 -0.5407073 0.4556292 -0.4556408
26872.836000 0.8933915 -0.0124642 1.3239696 -0.5407247 0.5407692 -0.4556628 0.4555841
26872.936000 0.9030645 -0.0123703 1.3239944 -0.5406750 0.5406828 -0.4557609 0.4556475
26873.036000 0.9130607 -0.0123678 1.3239945 -0.5406766 0.5406810 -0.4557604 0.4556483
26873.136000 0.9220953 -0.0123408 1.3240677 0.5406466 -0.5405053 0.4558245 -0.4558282
26873.236000 0.9330661 -0.0123662 1.3239935 0.5406846 -0.5406773 0.4557532 -0.4556503
26873.336000 0.9433987 -0.0124574 1.3239672 -0.5407420 0.5407672 -0.4556477 0.4555811
26873.436000 0.9526378 -0.0124338 1.3240401 0.5407114 -0.5405951 0.4557107 -0.4557585
26873.536000 0.9626425 -0.0124334 1.3240398 0.5407105 -0.5405964 0.4557116 -0.4557573
26873.636000 0.9833159 -0.0124657 1.3239665 -0.5407348 0.5407776 -0.4556518 0.4555732
26873.736000 0.9925825 -0.0124628 1.3240490 0.5406230 -0.5406178 0.4557824 -0.4557649
26873.837000 1.0026291 -0.0124357 1.3240414 0.5407028 -0.5405998 0.4557182 -0.4557557
26873.936000 1.0134080 -0.0124609 1.3239669 -0.5407435 0.5407690 -0.4556446 0.4555802
26874.036000 1.0228930 -0.0123692 1.3239920 0.5406874 -0.5406816 0.4557486 -0.4556465
26874.137000 1.0323006 -0.0123390 1.3240664 0.5406528 -0.5405032 0.4558191 -0.4558287
26874.236000 1.0426366 -0.0124314 1.3240403 0.5407097 -0.5405942 0.4557135 -0.4557589
26874.336000 1.0628013 -0.0124110 1.3239887 -0.5406889 0.5407133 -0.4557285 0.4556272
26874.436000 1.0728679 -0.0123694 1.3239945 -0.5406787 0.5406793 -0.4557579 0.4556503
26874.536000 1.0928361 -0.0123723 1.3239984 -0.5406534 0.5406687 -0.4557824 0.4556685
26874.636000 1.1033773 -0.0124617 1.3239707 -0.5407211 0.5407661 -0.4556679 0.4555870
26874.736000 1.1123008 -0.0123409 1.3240667 0.5406506 -0.5405059 0.4558203 -0.4558270
26874.836000 1.1234043 -0.0124569 1.3239670 -0.5407457 0.5407639 -0.4556446 0.4555837
26874.936000 1.1424018 -0.0124607 1.3240451 -0.5406311 0.5406418 -0.4557775 0.4557318
26875.036000 1.1530599 -0.0123728 1.3239959 -0.5406653 0.5406788 -0.4557702 0.4556544
26875.136000 1.1626128 -0.0124347 1.3240433 0.5406975 -0.5405927 0.4557249 -0.4557637
26875.236000 1.1730697 -0.0123695 1.3239939 0.5406803 -0.5406803 0.4557561 -0.4556491
26875.336000 1.1826215 -0.0124335 1.3240418 0.5407048 -0.5405953 0.4557176 -0.4557592
26875.436000 1.1934096 -0.0124606 1.3239667 -0.5407447 0.5407684 -0.4556437 0.4555805
26875.537000 1.2021145 -0.0123421 1.3240658 0.5406538 -0.5405064 0.4558165 -0.4558264
26875.636000 1.2134011 -0.0124562 1.3239667 -0.5407473 0.5407625 -0.4556433 0.4555847
26875.736000 1.2235149 -0.0124587 1.3239656 -0.5407479 0.5407666 -0.4556411 0.4555813
26875.836000 1.2428591 -0.0123716 1.3239960 -0.5406653 0.5406789 -0.4557709 0.4556537
26875.937000 1.2520053 -0.0123400 1.3240671 0.5406496 -0.5405050 0.4558217 -0.4558277
26876.036000 1.2630688 -0.0123653 1.3239930 0.5406876 -0.5406756 0.4557507 -0.4556512
26876.136000 1.2828446 -0.0123608 1.3239981 0.5406981 -0.5406278 0.4557405 -0.4557058
26876.236000 1.2920844 -0.0123423 1.3240695 0.5406385 -0.5405024 0.4558323 -0.4558334
26876.336000 1.3030580 -0.0123678 1.3239946 -0.5406782 0.5406785 -0.4557591 0.4556507
26876.436000 1.3133913 -0.0124589 1.3239681 -0.5407370 0.5407694 -0.4556520 0.4555800
26876.536000 1.3226299 -0.0124352 1.3240410 0.5407071 -0.5405971 0.4557144 -0.4557576
26876.637000 1.3418023 -0.0123449 1.3240683 0.5406399 -0.5405090 0.4558291 -0.4558271
26876.736000 1.3526257 -0.0124326 1.3240410 0.5407061 -0.5405968 0.4557164 -0.4557572
26876.836000 1.3724155 -0.0124619 1.3240450 0.5406397 -0.5406252 0.4557640 -0.4557546
26876.936000 1.3830574 -0.0123734 1.3239966 -0.5406642 0.5406738 -0.4557704 0.4556615
26877.036000 1.3935883 -0.0124625 1.3239687 -0.5407310 0.5407720 -0.4556565 0.4555795
26877.137000 1.4029929 -0.0123679 1.3239920 0.5406876 -0.5406803 0.4557491 -0.4556474
26877.236000 1.4223972 -0.0124361 1.3240453 0.5406930 -0.5405812 0.4557279 -0.4557797
26877.336000 1.4335872 -0.0124658 1.3239698 -0.5407228 0.5407689 -0.4556640 0.4555856
26877.436000 1.4421952 -0.0123437 1.3240686 0.5406409 -0.5405047 0.4558293 -0.4558308
26877.536000 1.4528814 -0.0123651 1.3239929 0.5406881 -0.5406752 0.4557503 -0.4556515
26877.636000 1.4626298 -0.0124314 1.3240404 0.5407117 -0.5405920 0.4557117 -0.4557608
26877.736000 1.4820554 -0.0123579 1.3240645 0.5406456 -0.5405254 0.4558176 -0.4558124
26877.836000 1.4930174 -0.0123661 1.3240020 0.5406787 -0.5406177 0.4557561 -0.4557250
26877.936000 1.5028731 -0.0123668 1.3239938 0.5406805 -0.5406804 0.4557569 -0.4556480
26878.036000 1.5126181 -0.0124334 1.3240417 0.5407054 -0.5405953 0.4557171 -0.4557591
26878.136000 1.5234080 -0.0124609 1.3239669 -0.5407436 0.5407689 -0.4556445 0.4555803
26878.236000 1.5330786 -0.0123674 1.3239925 0.5406859 -0.5406802 0.4557510 -0.4556476
26878.336000 1.5430749 -0.0123649 1.3239927 0.5406864 -0.5406771 0.4557518 -0.4556498
26878.436000 1.5628863 -0.0122820 1.3239897 0.5406904 -0.5406747 0.4557786 -0.4556211
26878.536000 1.5732242 -0.0124080 1.3239839 -0.5406260 0.5407139 -0.4557694 0.4556603
26878.637000 1.5833904 -0.0124591 1.3239682 -0.5407361 0.5407698 -0.4556528 0.4555799
26878.736000 1.5929810 -0.0123692 1.3239927 0.5406839 -0.5406826 0.4557521 -0.4556460
26878.837000 1.5933033 -0.0123596 1.3239900 0.5407012 -0.5406635 0.4557398 -0.4556605
26878.936000 1.5933350 -0.0123537 1.3239869 0.5407199 -0.5406481 0.4557236 -0.4556727
26879.036000 1.5937881 -0.0124399 1.3239580 0.5407968 -0.5407231 0.4556007 -0.4556154
26879.136000 1.5934006 -0.0123442 1.3239805 0.5407615 -0.5406229 0.4556851 -0.4556917
26879.236000 1.5938499 -0.0124303 1.3239519 0.5408399 -0.5406995 0.4555603 -0.4556326
26879.336000 1.5934591 -0.0123346 1.3239746 0.5408058 -0.5406005 0.4556434 -0.4557076
26879.436000 1.5938850 -0.0124160 1.3239474 0.5408820 -0.5406736 0.4555230 -0.4556507
26879.536000 1.5934972 -0.0123215 1.3239699 0.5408494 -0.5405761 0.4556039 -0.4557242
26879.636000 1.5935102 -0.0123139 1.3239680 0.5408709 -0.5405632 0.4555850 -0.4557329
26879.736000 1.5935314 -0.0123082 1.3239655 0.5408936 -0.5405523 0.4555637 -0.4557401
26879.836000 1.5939801 -0.0123950 1.3239369 0.5409740 -0.5406314 0.4554362 -0.4556782
26879.936000 1.5935814 -0.0122986 1.3239602 0.5409407 -0.5405326 0.4555186 -0.4557526
26880.037000 1.5940215 -0.0123835 1.3239321 0.5410202 -0.5406102 0.4553929 -0.4556918
26880.136000 1.5936268 -0.0122872 1.3239550 0.5409880 -0.5405125 0.4554740 -0.4557648
26880.236000 1.5936196 -0.0122796 1.3239549 0.5410057 -0.5404958 0.4554596 -0.4557781
26880.336000 1.5936414 -0.0122738 1.3239524 0.5410293 -0.5404857 0.4554374 -0.4557842
26880.436000 1.5940924 -0.0123614 1.3239237 0.5411105 -0.5405656 0.4553086 -0.4557218
26880.536000 1.5936867 -0.0122643 1.3239475 0.5410761 -0.5404658 0.4553926 -0.4557970
26880.636000 1.5941188 -0.0123480 1.3239200 0.5411546 -0.5405417 0.4552685 -0.4557377
26880.736000 1.5941485 -0.0123450 1.3239171 0.5411789 -0.5405332 0.4552444 -0.4557431
26880.836000 1.5941648 -0.0123393 1.3239151 0.5412013 -0.5405219 0.4552236 -0.4557507
26880.936000 1.5937530 -0.0122414 1.3239394 0.5411659 -0.5404208 0.4553091 -0.4558271
26881.036000 1.5937597 -0.0122337 1.3239380 0.5411870 -0.5404075 0.4552907 -0.4558363
26881.136000 1.5941986 -0.0123192 1.3239101 0.5412662 -0.5404848 0.4551651 -0.4557762
26881.236000 1.5938031 -0.0122251 1.3239334 0.5412328 -0.5403872 0.4552467 -0.4558500
26881.337000 1.5938046 -0.0122165 1.3239324 0.5412531 -0.5403725 0.4552295 -0.4558603
26881.436000 1.5938189 -0.0122108 1.3239306 0.5412750 -0.5403607 0.4552093 -0.4558685
26881.536000 1.5938329 -0.0122050 1.3239288 0.5412968 -0.5403488 0.4551892 -0.4558768
26881.636000 1.5938466 -0.0121993 1.3239270 0.5413186 -0.5403369 0.4551692 -0.4558852
26881.736000 1.5942796 -0.0122837 1.3238995 0.5413966 -0.5404129 0.4550453 -0.4558261
26881.836000 1.5938822 -0.0121897 1.3239231 0.5413630 -0.5403146 0.4551272 -0.4559007
26881.936000 1.5938862 -0.0121821 1.3239219 0.5413833 -0.5403005 0.4551097 -0.4559108
26854.787000 0.0924221 -0.0123358 1.3240646 0.5406616 -0.5404952 0.4558120 -0.4558348
26854.787000 0.0924221 -0.0123358 1.3240646 0.5406616 -0.5404952 0.4558120 -0.4558348
26854.836000 0.0924221 -0.0123358 1.3240646 0.5406616 -0.5404952 0.4558120 -0.4558348
26854.936000 0.0924546 -0.0123300 1.3240615 0.5406796 -0.5404798 0.4557967 -0.4558470
26855.036000 0.0924846 -0.0123243 1.3240585 0.5406990 -0.5404656 0.4557795 -0.4558581
26855.136000 0.0925126 -0.0123187 1.3240557 0.5407194 -0.5404523 0.4557611 -0.4558680
26855.236000 0.0929625 -0.0124048 1.3240273 0.5407974 -0.5405290 0.4556367 -0.4558089
26855.336000 0.0925768 -0.0123102 1.3240494 0.5407640 -0.5404306 0.4557185 -0.4558834
26855.436000 0.0930153 -0.0123944 1.3240218 0.5408419 -0.5405061 0.4555951 -0.4558248
26855.536000 0.0930468 -0.0123906 1.3240187 0.5408655 -0.5404967 0.4555721 -0.4558310
26855.637000 0.0930686 -0.0123849 1.3240163 0.5408880 -0.5404856 0.4555512 -0.4558384
26855.736000 0.0926573 -0.0122858 1.3240400 0.5408524 -0.5403838 0.4556374 -0.4559151
26855.836000 0.0931012 -0.0123716 1.3240120 0.5409322 -0.5404618 0.4555110 -0.4558543
26855.936000 0.0927056 -0.0122763 1.3240349 0.5408990 -0.5403636 0.4555929 -0.4559282
26856.036000 0.0927109 -0.0122678 1.3240335 0.5409198 -0.5403498 0.4555752 -0.4559377
26856.136000 0.0927262 -0.0122622 1.3240316 0.5409417 -0.5403381 0.4555549 -0.4559458
26856.236000 0.0931894 -0.0123488 1.3240019 0.5410261 -0.5404209 0.4554228 -0.4558796
26856.336000 0.0932105 -0.0123450 1.3239998 0.5410486 -0.5404104 0.4554010 -0.4558870
26856.436000 0.0928072 -0.0122489 1.3240232 0.5410142 -0.5403112 0.4554846 -0.4559619
26856.537000 0.0932301 -0.0123308 1.3239966 0.5410914 -0.5403852 0.4553629 -0.4559042
26856.636000 0.0932599 -0.0123279 1.3239938 0.5411158 -0.5403766 0.4553386 -0.4559097
26856.736000 0.0928568 -0.0122318 1.3240172 0.5410815 -0.5402774 0.4554220 -0.4559845
26856.836000 0.0932834 -0.0123146 1.3239903 0.5411593 -0.5403521 0.4552992 -0.4559264
26856.936000 0.0928845 -0.0122195 1.3240136 0.5411257 -0.5402536 0.4553815 -0.4560007
26857.036000 0.0933149 -0.0123032 1.3239865 0.5412038 -0.5403292 0.4552580 -0.4559419
26857.136000 0.0933389 -0.0122994 1.3239840 0.5412271 -0.5403195 0.4552353 -0.4559483
26857.237000 0.0933538 -0.0122936 1.3239822 0.5412492 -0.5403078 0.4552149 -0.4559563
26857.337000 0.0933685 -0.0122879 1.3239804 0.5412711 -0.5402961 0.4551946 -0.4559644
26857.436000 0.0933828 -0.0122822 1.3239786 0.5412930 -0.5402843 0.4551744 -0.4559726
26857.536000 0.0933969 -0.0122765 1.3239768 0.5413148 -0.5402724 0.4551543 -0.4559808
26857.637000 0.0929873 -0.0121798 1.3240008 0.5412795 -0.5401717 0.4552394 -0.4560572
26857.736000 0.0934153 -0.0122632 1.3239738 0.5413570 -0.5402466 0.4551165 -0.4559990
26857.836000 0.0934374 -0.0122593 1.3239716 0.5413798 -0.5402364 0.4550945 -0.4560061
26857.936000 0.0934504 -0.0122536 1.3239699 0.5414013 -0.5402242 0.4550747 -0.4560147
26858.036000 0.0930394 -0.0121570 1.3239941 0.5413656 -0.5401231 0.4551602 -0.4560915
26858.136000 0.0934667 -0.0122403 1.3239672 0.5414429 -0.5401978 0.4550377 -0.4560336
26858.236000 0.0934877 -0.0122364 1.3239651 0.5414654 -0.5401872 0.4550160 -0.4560411
26858.336000 0.0930760 -0.0121399 1.3239893 0.5414295 -0.5400859 0.4551017 -0.4561181
26858.437000 0.0935024 -0.0122231 1.3239625 0.5415066 -0.5401604 0.4549794 -0.4560605
26858.536000 0.0935227 -0.0122193 1.3239605 0.5415288 -0.5401496 0.4549580 -0.4560682
26858.636000 0.0935339 -0.0122135 1.3239590 0.5415499 -0.5401369 0.4549388 -0.4560773
26858.737000 0.0935449 -0.0122079 1.3239575 0.5415706 -0.5401243 0.4549199 -0.4560865
26858.836000 0.0931234 -0.0121095 1.3239824 0.5415334 -0.5400208 0.4550079 -0.4561654
26858.936000 0.0935574 -0.0121945 1.3239552 0.5416113 -0.5400967 0.4548839 -0.4561068
26859.036000 0.0931527 -0.0121000 1.3239791 0.5415762 -0.5399968 0.4549680 -0.4561830
26859.137000 0.0931498 -0.0120915 1.3239785 0.5415951 -0.5399810 0.4549524 -0.4561946
26859.236000 0.0931596 -0.0120858 1.3239771 0.5416157 -0.5399680 0.4549337 -0.4562043
26859.336000 0.0935969 -0.0121715 1.3239497 0.5416940 -0.5400445 0.4548089 -0.4561452
26859.436000 0.0936152 -0.0121677 1.3239479 0.5417157 -0.5400332 0.4547881 -0.4561536
26859.536000 0.0936243 -0.0121620 1.3239466 0.5417361 -0.5400199 0.4547696 -0.4561634
26859.636000 0.0936333 -0.0121562 1.3239453 0.5417565 -0.5400066 0.4547512 -0.4561733
26859.736000 0.0936421 -0.0121505 1.3239440 0.5417768 -0.5399933 0.4547328 -0.4561833
26859.836000 0.0932271 -0.0120543 1.3239687 0.5417400 -0.5398911 0.4548196 -0.4562615
26859.936000 0.0932225 -0.0120459 1.3239682 0.5417585 -0.5398749 0.4548045 -0.4562737
26860.036000 0.0936584 -0.0121314 1.3239409 0.5418363 -0.5399510 0.4546803 -0.4562151
26860.136000 0.0936752 -0.0121276 1.3239392 0.5418576 -0.5399392 0.4546600 -0.4562239
26860.236000 0.0932595 -0.0120315 1.3239639 0.5418206 -0.5398369 0.4547470 -0.4563023
26860.336000 0.0936818 -0.0121142 1.3239375 0.5418965 -0.5399101 0.4546261 -0.4562460
26860.436000 0.0932660 -0.0120183 1.3239622 0.5418594 -0.5398076 0.4547132 -0.4563245
26860.536000 0.0936967 -0.0121028 1.3239352 0.5419364 -0.5398826 0.4545902 -0.4562669
26860.636000 0.0932803 -0.0120069 1.3239600 0.5418992 -0.5397800 0.4546774 -0.4563455
26860.736000 0.0932828 -0.0120002 1.3239592 0.5419184 -0.5397652 0.4546608 -0.4563569
26860.836000 0.0937173 -0.0120855 1.3239320 0.5419958 -0.5398409 0.4545370 -0.4562987
26860.936000 0.0933006 -0.0119897 1.3239569 0.5419585 -0.5397382 0.4546243 -0.4563775
26861.036000 0.0937305 -0.0120741 1.3239300 0.5420353 -0.5398129 0.4545017 -0.4563201
26861.136000 0.0937454 -0.0120702 1.3239284 0.5420560 -0.5398006 0.4544820 -0.4563296
26861.236000 0.0937515 -0.0120645 1.3239274 0.5420756 -0.5397865 0.4544645 -0.4563404
26861.336000 0.0933338 -0.0119687 1.3239524 0.5420380 -0.5396836 0.4545521 -0.4564195
26861.436000 0.0937502 -0.0120503 1.3239263 0.5421127 -0.5397555 0.4544331 -0.4563643
26861.536000 0.0937689 -0.0120473 1.3239246 0.5421341 -0.5397438 0.4544123 -0.4563733
26861.636000 0.0937743 -0.0120415 1.3239236 0.5421535 -0.5397295 0.4543950 -0.4563844
26861.736000 0.0937797 -0.0120358 1.3239227 0.5421729 -0.5397152 0.4543778 -0.4563955
26861.836000 0.0933527 -0.0119384 1.3239483 0.5421339 -0.5396103 0.4544677 -0.4564763
26861.936000 0.0937813 -0.0120225 1.3239215 0.5422104 -0.5396846 0.4543456 -0.4564193
26862.036000 0.0933627 -0.0119270 1.3239465 0.5421725 -0.5395814 0.4544335 -0.4564987
26862.136000 0.0937910 -0.0120110 1.3239198 0.5422488 -0.5396556 0.4543114 -0.4564419
26862.237000 0.0938042 -0.0120071 1.3239184 0.5422692 -0.5396429 0.4542923 -0.4564518
26862.336000 0.0938087 -0.0120014 1.3239176 0.5422883 -0.5396283 0.4542753 -0.4564632
26862.436000 0.0938131 -0.0119957 1.3239167 0.5423074 -0.5396136 0.4542584 -0.4564747
26862.536000 0.0933979 -0.0119012 1.3239416 0.5422697 -0.5395114 0.4543456 -0.4565536
26862.636000 0.0933849 -0.0118918 1.3239419 0.5422866 -0.5394929 0.4543329 -0.4565680
26862.736000 0.0938124 -0.0119757 1.3239152 0.5423625 -0.5395670 0.4542112 -0.4565112
26862.836000 0.0938293 -0.0119727 1.3239136 0.5423834 -0.5395548 0.4541911 -0.4565209
26862.936000 0.0934137 -0.0118784 1.3239385 0.5423456 -0.5394524 0.4542785 -0.4565999
26863.036000 0.0938278 -0.0119594 1.3239127 0.5424200 -0.5395233 0.4541599 -0.4565456
26863.136000 0.0938402 -0.0119555 1.3239114 0.5424401 -0.5395103 0.4541410 -0.4565559
26863.236000 0.0934158 -0.0118595 1.3239369 0.5424010 -0.5394060 0.4542306 -0.4566365
26863.336000 0.0938382 -0.0119422 1.3239105 0.5424765 -0.5394786 0.4541100 -0.4565809
26863.437000 0.0934265 -0.0118489 1.3239352 0.5424393 -0.5393768 0.4541963 -0.4566596
26863.536000 0.0938443 -0.0119307 1.3239091 0.5425140 -0.5394486 0.4540770 -0.4566046
26863.636000 0.0934325 -0.0118375 1.3239338 0.5424767 -0.5393468 0.4541633 -0.4566834
26863.736000 0.0934223 -0.0118291 1.3239340 0.5424936 -0.5393290 0.4541501 -0.4566974
26863.837000 0.0934251 -0.0118234 1.3239333 0.5425123 -0.5393139 0.4541337 -0.4567094
26863.936000 0.0938555 -0.0119078 1.3239065 0.5425886 -0.5393883 0.4540114 -0.4566525
26864.036000 0.0938669 -0.0119040 1.3239053 0.5426084 -0.5393750 0.4539929 -0.4566631
26864.136000 0.0938693 -0.0118982 1.3239047 0.5426270 -0.5393598 0.4539766 -0.4566752
26864.237000 0.0934438 -0.0118025 1.3239303 0.5425876 -0.5392553 0.4540665 -0.4567561
26864.336000 0.0938651 -0.0118849 1.3239040 0.5426628 -0.5393275 0.4539462 -0.4567009
26864.436000 0.0934524 -0.0117919 1.3239288 0.5426253 -0.5392255 0.4540328 -0.4567799
26864.536000 0.0938692 -0.0118735 1.3239028 0.5426997 -0.5392970 0.4539139 -0.4567253
26864.637000 0.0938800 -0.0118696 1.3239017 0.5427193 -0.5392835 0.4538956 -0.4567361
26864.736000 0.0938819 -0.0118639 1.3239011 0.5427376 -0.5392683 0.4538796 -0.4567482
26864.836000 0.0934515 -0.0117673 1.3239271 0.5426977 -0.5391624 0.4539704 -0.4568303
26864.937000 0.0938767 -0.0118506 1.3239006 0.5427733 -0.5392356 0.4538495 -0.4567744
26865.036000 0.0938870 -0.0118467 1.3238995 0.5427928 -0.5392219 0.4538313 -0.4567853
26865.137000 0.0938885 -0.0118410 1.3238990 0.5428111 -0.5392065 0.4538153 -0.4567977
26865.236000 0.0938899 -0.0118352 1.3238984 0.5428294 -0.5391910 0.4537993 -0.4568101
26865.336000 0.0934676 -0.0117406 1.3239239 0.5427904 -0.5390869 0.4538883 -0.4568909
26865.436000 0.0934559 -0.0117322 1.3239242 0.5428069 -0.5390687 0.4538756 -0.4569054
26865.536000 0.1030617 -0.0123532 1.3239930 0.5407234 -0.5406397 0.4557205 -0.4556816
26865.636000 0.1037393 -0.0124526 1.3239633 0.5407638 -0.5407502 0.4556287 -0.4555944
26865.736000 0.1037751 -0.0124477 1.3239599 0.5407832 -0.5407359 0.4556113 -0.4556058
26865.836000 0.1038042 -0.0124419 1.3239570 0.5408030 -0.5407220 0.4555936 -0.4556164
26865.936000 0.1038314 -0.0124362 1.3239541 0.5408237 -0.5407090 0.4555748 -0.4556260
26866.036000 0.1135624 -0.0125042 1.3239572 -0.5406873 0.5408038 -0.4556579 0.4555924
26866.136000 0.1221045 -0.0123438 1.3240671 0.5406476 -0.5405081 0.4558220 -0.4558262
26866.236000 0.1427784 -0.0124259 1.3240154 -0.5406145 0.5406458 -0.4558104 0.4557137
26866.336000 0.1530501 -0.0123701 1.3239964 -0.5406689 0.5406743 -0.4557685 0.4556572
26866.436000 0.1724325 -0.0124599 1.3240437 0.5406454 -0.5406165 0.4557573 -0.4557649
26866.536000 0.1826108 -0.0124377 1.3240447 0.5406879 -0.5405901 0.4557335 -0.4557696
26866.636000 0.1935883 -0.0124649 1.3239696 -0.5407256 0.5407683 -0.4556617 0.4555852
26866.736000 0.2030833 -0.0123673 1.3239924 0.5406862 -0.5406800 0.4557507 -0.4556477
26866.836000 0.2124312 -0.0124299 1.3240411 0.5407097 -0.5405910 0.4557145 -0.4557617
26866.936000 0.2232198 -0.0124588 1.3239658 -0.5407498 0.5407646 -0.4556394 0.4555832
26867.036000 0.2335107 -0.0124587 1.3239656 -0.5407479 0.5407666 -0.4556411 0.4555814
26867.136000 0.2430813 -0.0123672 1.3239924 0.5406864 -0.5406798 0.4557506 -0.4556478
26867.237000 0.2433073 -0.0123589 1.3239896 0.5407034 -0.5406615 0.4557379 -0.4556620
26867.336000 0.2433386 -0.0123531 1.3239865 0.5407222 -0.5406464 0.4557216 -0.4556740
26867.437000 0.2433677 -0.0123473 1.3239835 0.5407421 -0.5406325 0.4557038 -0.4556846
26867.536000 0.2433949 -0.0123417 1.3239807 0.5407628 -0.5406196 0.4556850 -0.4556942
26867.636000 0.2520884 -0.0123409 1.3240688 0.5406436 -0.5405014 0.4558279 -0.4558330
26867.737000 0.2620911 -0.0123410 1.3240679 0.5406436 -0.5405076 0.4558271 -0.4558264
26867.836000 0.2726182 -0.0124338 1.3240419 0.5407018 -0.5405978 0.4557203 -0.4557573
26867.936000 0.2830769 -0.0123681 1.3239930 0.5406858 -0.5406792 0.4557511 -0.4556488
26868.036000 0.2921028 -0.0123395 1.3240668 0.5406512 -0.5405041 0.4558204 -0.4558282
26868.136000 0.3026295 -0.0124319 1.3240406 0.5407082 -0.5405954 0.4557147 -0.4557581
26868.236000 0.3233491 -0.0126415 1.3239655 -0.5407103 0.5408142 -0.4556089 0.4556017
26868.336000 0.3330563 -0.0123457 1.3239850 0.5407002 -0.5406392 0.4557686 -0.4556616
26868.436000 0.3420746 -0.0123670 1.3240714 0.5405808 -0.5405333 0.4558727 -0.4558249
26868.536000 0.3526182 -0.0124338 1.3240419 0.5407017 -0.5405978 0.4557203 -0.4557572
26868.637000 0.3626433 -0.0124333 1.3240398 0.5407107 -0.5405962 0.4557115 -0.4557574
26868.736000 0.3828620 -0.0123712 1.3239955 -0.5406704 0.5406775 -0.4557660 0.4556542
26868.836000 0.3933866 -0.0124599 1.3239688 -0.5407330 0.5407698 -0.4556557 0.4555806
26868.937000 0.4034118 -0.0124597 1.3239661 -0.5407453 0.5407688 -0.4556432 0.4555797
26869.036000 0.4217944 -0.0123451 1.3240687 0.5406405 -0.5405050 0.4558288 -0.4558315
26869.137000 0.4333951 -0.0124575 1.3239673 -0.5407438 0.5407652 -0.4556462 0.4555828
26869.236000 0.4434117 -0.0124596 1.3239661 -0.5407455 0.5407686 -0.4556430 0.4555799
26869.336000 0.4534117 -0.0124596 1.3239661 -0.5407455 0.5407687 -0.4556431 0.4555798
26869.436000 0.4726222 -0.0127208 1.3240189 -0.5406793 0.5406891 -0.4556286 0.4557674
26869.536000 0.4826264 -0.0124424 1.3240420 0.5406973 -0.5405997 0.4557214 -0.4557592
26869.636000 0.4926262 -0.0124361 1.3240418 0.5407008 -0.5405993 0.4557202 -0.4557568
26869.736000 0.5026308 -0.0124354 1.3240412 0.5407041 -0.5405996 0.4557170 -0.4557556
26869.836000 0.5126342 -0.0124349 1.3240407 0.5407061 -0.5405991 0.4557152 -0.4557555
26869.936000 0.5234135 -0.0124598 1.3239663 -0.5407469 0.5407670 -0.4556418 0.4555814
26870.037000 0.5321167 -0.0123417 1.3240656 0.5406549 -0.5405056 0.4558155 -0.4558269
26870.136000 0.5523943 -0.0124588 1.3240459 -0.5406323 0.5406330 -0.4557761 0.4557420
26870.237000 0.5630610 -0.0123719 1.3239957 -0.5406681 0.5406782 -0.4557679 0.4556541
26870.336000 0.5720875 -0.0123418 1.3240691 0.5406400 -0.5405026 0.4558312 -0.4558325
26870.436000 0.5923735 -0.0124603 1.3240484 -0.5406156 0.5406347 -0.4557941 0.4557418
26870.537000 0.6021098 -0.0123435 1.3240667 0.5406470 -0.5405106 0.4558223 -0.4558236
26870.636000 0.6231119 -0.0124589 1.3239657 -0.5407326 0.5407787 -0.4556562 0.4555700
26870.736000 0.6323243 -0.0123649 1.3240525 0.5406134 -0.5405404 0.4558374 -0.4558129
26870.836000 0.6433689 -0.0124529 1.3239722 0.5407552 -0.5407169 0.4556352 -0.4556376
26870.936000 0.6530511 -0.0123743 1.3239978 -0.5406545 0.5406706 -0.4557803 0.4556670
26871.036000 0.6626057 -0.0124358 1.3240444 0.5406930 -0.5405890 0.4557288 -0.4557695
26871.136000 0.6726214 -0.0124367 1.3240427 0.5406964 -0.5405970 0.4557247 -0.4557600
26871.236000 0.6835960 -0.0124627 1.3239680 -0.5407369 0.5407704 -0.4556507 0.4555804
26871.336000 0.6924418 -0.0124354 1.3240413 0.5407063 -0.5405969 0.4557152 -0.4557581
26871.436000 0.7117886 -0.0123452 1.3240687 0.5406405 -0.5405050 0.4558288 -0.4558314
26871.536000 0.7219910 -0.0123416 1.3240685 0.5406403 -0.5405066 0.4558304 -0.4558282
26871.636000 0.7330597 -0.0123671 1.3239941 0.5406814 -0.5406783 0.4557561 -0.4556501
26871.736000 0.7435977 -0.0124605 1.3239673 -0.5407391 0.5407712 -0.4556490 0.4555784
26871.836000 0.7620156 -0.0123492 1.3240662 0.5406383 -0.5405205 0.4558286 -0.4558159
26871.936000 0.7729825 -0.0123766 1.3240042 0.5406564 -0.5406379 0.4557716 -0.4557120
26872.036000 0.7830645 -0.0123670 1.3239939 -0.5406797 0.5406806 -0.4557576 0.4556479
26872.136000 0.8032794 -0.0124638 1.3239704 -0.5407217 0.5407670 -0.4556661 0.4555870
26872.236000 0.8129871 -0.0123686 1.3239923 0.5406859 -0.5406815 0.4557505 -0.4556466
26872.337000 0.8323734 -0.0124603 1.3240484 -0.5406157 0.5406347 -0.4557941 0.4557418
26872.436000 0.8430576 -0.0123573 1.3239970 0.5407124 -0.5406216 0.4557289 -0.4557079
26872.536000 0.8526097 -0.0124353 1.3240437 0.5406960 -0.5405925 0.4557260 -0.4557646
26872.636000 0.8726880 -0.0123685 1.3240138 0.5406364 -0.5406237 0.4558084 -0.4557158
26872.736000 0.8834760 -0.0124458 1.3239719 0.5407672 -0.5407073 0.4556292 -0.4556408
26872.836000 0.8933915 -0.0124642 1.3239696 -0.5407247 0.5407692 -0.4556628 0.4555841
26872.936000 0.9030645 -0.0123703 1.3239944 -0.5406750 0.5406828 -0.4557609 0.4556475
26873.036000 0.9130607 -0.0123678 1.3239945 -0.5406766 0.5406810 -0.4557604 0.4556483
26873.136000 0.9220953 -0.0123408 1.3240677 0.5406466 -0.5405053 0.4558245 -0.4558282
26873.236000 0.9330661 -0.0123662 1.3239935 0.5406846 -0.5406773 0.4557532 -0.4556503
26873.336000 0.9433987 -0.0124574 1.3239672 -0.5407420 0.5407672 -0.4556477 0.4555811
26873.436000 0.9526378 -0.0124338 1.3240401 0.5407114 -0.5405951 0.4557107 -0.4557585
26873.536000 0.9626425 -0.0124334 1.3240398 0.5407105 -0.5405964 0.4557116 -0.4557573
26873.636000 0.9833159 -0.0124657 1.3239665 -0.5407348 0.5407776 -0.4556518 0.4555732
26873.736000 0.9925825 -0.0124628 1.3240490 0.5406230 -0.5406178 0.4557824 -0.4557649
26873.837000 1.0026291 -0.0124357 1.3240414 0.5407028 -0.5405998 0.4557182 -0.4557557
26873.936000 1.0134080 -0.0124609 1.3239669 -0.5407435 0.5407690 -0.4556446 0.4555802
26874.036000 1.0228930 -0.0123692 1.3239920 0.5406874 -0.5406816 0.4557486 -0.4556465
26874.137000 1.0323006 -0.0123390 1.3240664 0.5406528 -0.5405032 0.4558191 -0.4558287
26874.236000 1.0426366 -0.0124314 1.3240403 0.5407097 -0.5405942 0.4557135 -0.4557589
26874.336000 1.0628013 -0.0124110 1.3239887 -0.5406889 0.5407133 -0.4557285 0.4556272
26874.436000 1.0728679 -0.0123694 1.3239945 -0.5406787 0.5406793 -0.4557579 0.4556503
26874.536000 1.0928361 -0.0123723 1.3239984 -0.5406534 0.5406687 -0.4557824 0.4556685
26874.636000 1.1033773 -0.0124617 1.3239707 -0.5407211 0.5407661 -0.4556679 0.4555870
26874.736000 1.1123008 -0.0123409 1.3240667 0.5406506 -0.5405059 0.4558203 -0.4558270
26874.836000 1.1234043 -0.0124569 1.3239670 -0.5407457 0.5407639 -0.4556446 0.4555837
26874.936000 1.1424018 -0.0124607 1.3240451 -0.5406311 0.5406418 -0.4557775 0.4557318
26875.036000 1.1530599 -0.0123728 1.3239959 -0.5406653 0.5406788 -0.4557702 0.4556544
26875.136000 1.1626128 -0.0124347 1.3240433 0.5406975 -0.5405927 0.4557249 -0.4557637
26875.236000 1.1730697 -0.0123695 1.3239939 0.5406803 -0.5406803 0.4557561 -0.4556491
26875.336000 1.1826215 -0.0124335 1.3240418 0.5407048 -0.5405953 0.4557176 -0.4557592
26875.436000 1.1934096 -0.0124606 1.3239667 -0.5407447 0.5407684 -0.4556437 0.4555805
26875.537000 1.2021145 -0.0123421 1.3240658 0.5406538 -0.5405064 0.4558165 -0.4558264
26875.636000 1.2134011 -0.0124562 1.3239667 -0.5407473 0.5407625 -0.4556433 0.4555847
26875.736000 1.2235149 -0.0124587 1.3239656 -0.5407479 0.5407666 -0.4556411 0.4555813
26875.836000 1.2428591 -0.0123716 1.3239960 -0.5406653 0.5406789 -0.4557709 0.4556537
26875.937000 1.2520053 -0.0123400 1.3240671 0.5406496 -0.5405050 0.4558217 -0.4558277
26876.036000 1.2630688 -0.0123653 1.3239930 0.5406876 -0.5406756 0.4557507 -0.4556512
26876.136000 1.2828446 -0.0123608 1.3239981 0.5406981 -0.5406278 0.4557405 -0.4557058
26876.236000 1.2920844 -0.0123423 1.3240695 0.5406385 -0.5405024 0.4558323 -0.4558334
26876.336000 1.3030580 -0.0123678 1.3239946 -0.5406782 0.5406785 -0.4557591 0.4556507
26876.436000 1.3133913 -0.0124589 1.3239681 -0.5407370 0.5407694 -0.4556520 0.4555800
26876.536000 1.3226299 -0.0124352 1.3240410 0.5407071 -0.5405971 0.4557144 -0.4557576
26876.637000 1.3418023 -0.0123449 1.3240683 0.5406399 -0.5405090 0.4558291 -0.4558271
26876.736000 1.3526257 -0.0124326 1.3240410 0.5407061 -0.5405968 0.4557164 -0.4557572
26876.836000 1.3724155 -0.0124619 1.3240450 0.5406397 -0.5406252 0.4557640 -0.4557546
26876.936000 1.3830574 -0.0123734 1.3239966 -0.5406642 0.5406738 -0.4557704 0.4556615
26877.036000 1.3935883 -0.0124625 1.3239687 -0.5407310 0.5407720 -0.4556565 0.4555795
26877.137000 1.4029929 -0.0123679 1.3239920 0.5406876 -0.5406803 0.4557491 -0.4556474
26877.236000 1.4223972 -0.0124361 1.3240453 0.5406930 -0.5405812 0.4557279 -0.4557797
26877.336000 1.4335872 -0.0124658 1.3239698 -0.5407228 0.5407689 -0.4556640 0.4555856
26877.436000 1.4421952 -0.0123437 1.3240686 0.5406409 -0.5405047 0.4558293 -0.4558308
26877.536000 1.4528814 -0.0123651 1.3239929 0.5406881 -0.5406752 0.4557503 -0.4556515
26877.636000 1.4626298 -0.0124314 1.3240404 0.5407117 -0.5405920 0.4557117 -0.4557608
26877.736000 1.4820554 -0.0123579 1.3240645 0.5406456 -0.5405254 0.4558176 -0.4558124
26877.836000 1.4930174 -0.0123661 1.3240020 0.5406787 -0.5406177 0.4557561 -0.4557250
26877.936000 1.5028731 -0.0123668 1.3239938 0.5406805 -0.5406804 0.4557569 -0.4556480
26878.036000 1.5126181 -0.0124334 1.3240417 0.5407054 -0.5405953 0.4557171 -0.4557591
26878.136000 1.5234080 -0.0124609 1.3239669 -0.5407436 0.5407689 -0.4556445 0.4555803
26878.236000 1.5330786 -0.0123674 1.3239925 0.5406859 -0.5406802 0.4557510 -0.4556476
26878.336000 1.5430749 -0.0123649 1.3239927 0.5406864 -0.5406771 0.4557518 -0.4556498
26878.436000 1.5628863 -0.0122820 1.3239897 0.5406904 -0.5406747 0.4557786 -0.4556211
26878.536000 1.5732242 -0.0124080 1.3239839 -0.5406260 0.5407139 -0.4557694 0.4556603
26878.637000 1.5833904 -0.0124591 1.3239682 -0.5407361 0.5407698 -0.4556528 0.4555799
26878.736000 1.5929810 -0.0123692 1.3239927 0.5406839 -0.5406826 0.4557521 -0.4556460
26878.837000 1.5933033 -0.0123596 1.3239900 0.5407012 -0.5406635 0.4557398 -0.4556605
26878.936000 1.5933350 -0.0123537 1.3239869 0.5407199 -0.5406481 0.4557236 -0.4556727
26879.036000 1.5937881 -0.0124399 1.3239580 0.5407968 -0.5407231 0.4556007 -0.4556154
26879.136000 1.5934006 -0.0123442 1.3239805 0.5407615 -0.5406229 0.4556851 -0.4556917
26879.236000 1.5938499 -0.0124303 1.3239519 0.5408399 -0.5406995 0.4555603 -0.4556326
26879.336000 1.5934591 -0.0123346 1.3239746 0.5408058 -0.5406005 0.4556434 -0.4557076
26879.436000 1.5938850 -0.0124160 1.3239474 0.5408820 -0.5406736 0.4555230 -0.4556507
26879.536000 1.5934972 -0.0123215 1.3239699 0.5408494 -0.5405761 0.4556039 -0.4557242
26879.636000 1.5935102 -0.0123139 1.3239680 0.5408709 -0.5405632 0.4555850 -0.4557329
26879.736000 1.5935314 -0.0123082 1.3239655 0.5408936 -0.5405523 0.4555637 -0.4557401
26879.836000 1.5939801 -0.0123950 1.3239369 0.5409740 -0.5406314 0.4554362 -0.4556782
26879.936000 1.5935814 -0.0122986 1.3239602 0.5409407 -0.5405326 0.4555186 -0.4557526
26880.037000 1.5940215 -0.0123835 1.3239321 0.5410202 -0.5406102 0.4553929 -0.4556918
26880.136000 1.5936268 -0.0122872 1.3239550 0.5409880 -0.5405125 0.4554740 -0.4557648
26880.236000 1.5936196 -0.0122796 1.3239549 0.5410057 -0.5404958 0.4554596 -0.4557781
26880.336000 1.5936414 -0.0122738 1.3239524 0.5410293 -0.5404857 0.4554374 -0.4557842
26880.436000 1.5940924 -0.0123614 1.3239237 0.5411105 -0.5405656 0.4553086 -0.4557218
26880.536000 1.5936867 -0.0122643 1.3239475 0.5410761 -0.5404658 0.4553926 -0.4557970
26880.636000 1.5941188 -0.0123480 1.3239200 0.5411546 -0.5405417 0.4552685 -0.4557377
26880.736000 1.5941485 -0.0123450 1.3239171 0.5411789 -0.5405332 0.4552444 -0.4557431
26880.836000 1.5941648 -0.0123393 1.3239151 0.5412013 -0.5405219 0.4552236 -0.4557507
26880.936000 1.5937530 -0.0122414 1.3239394 0.5411659 -0.5404208 0.4553091 -0.4558271
26881.036000 1.5937597 -0.0122337 1.3239380 0.5411870 -0.5404075 0.4552907 -0.4558363
26881.136000 1.5941986 -0.0123192 1.3239101 0.5412662 -0.5404848 0.4551651 -0.4557762
26881.236000 1.5938031 -0.0122251 1.3239334 0.5412328 -0.5403872 0.4552467 -0.4558500
26881.337000 1.5938046 -0.0122165 1.3239324 0.5412531 -0.5403725 0.4552295 -0.4558603
26881.436000 1.5938189 -0.0122108 1.3239306 0.5412750 -0.5403607 0.4552093 -0.4558685
26881.536000 1.5938329 -0.0122050 1.3239288 0.5412968 -0.5403488 0.4551892 -0.4558768
26881.636000 1.5938466 -0.0121993 1.3239270 0.5413186 -0.5403369 0.4551692 -0.4558852
26881.736000 1.5942796 -0.0122837 1.3238995 0.5413966 -0.5404129 0.4550453 -0.4558261
26881.836000 1.5938822 -0.0121897 1.3239231 0.5413630 -0.5403146 0.4551272 -0.4559007
26881.936000 1.5938862 -0.0121821 1.3239219 0.5413833 -0.5403005 0.4551097 -0.4559108
26882.036000 1.5943221 -0.0122672 1.3238943 0.5414618 -0.5403770 0.4549850 -0.4558515
26854.787000 0.0924221 -0.0123358 1.3240646 0.5406616 -0.5404952 0.4558120 -0.4558348
26854.787000 0.0924221 -0.0123358 1.3240646 0.5406616 -0.5404952 0.4558120 -0.4558348
26854.836000 0.0924221 -0.0123358 1.3240646 0.5406616 -0.5404952 0.4558120 -0.4558348
26854.936000 0.0924546 -0.0123300 1.3240615 0.5406796 -0.5404798 0.4557967 -0.4558470
26855.036000 0.0924846 -0.0123243 1.3240585 0.5406990 -0.5404656 0.4557795 -0.4558581
26855.136000 0.0925126 -0.0123187 1.3240557 0.5407194 -0.5404523 0.4557611 -0.4558680
26855.236000 0.0929625 -0.0124048 1.3240273 0.5407974 -0.5405290 0.4556367 -0.4558089
26855.336000 0.0925768 -0.0123102 1.3240494 0.5407640 -0.5404306 0.4557185 -0.4558834
26855.436000 0.0930153 -0.0123944 1.3240218 0.5408419 -0.5405061 0.4555951 -0.4558248
26855.536000 0.0930468 -0.0123906 1.3240187 0.5408655 -0.5404967 0.4555721 -0.4558310
26855.637000 0.0930686 -0.0123849 1.3240163 0.5408880 -0.5404856 0.4555512 -0.4558384
26855.736000 0.0926573 -0.0122858 1.3240400 0.5408524 -0.5403838 0.4556374 -0.4559151
26855.836000 0.0931012 -0.0123716 1.3240120 0.5409322 -0.5404618 0.4555110 -0.4558543
26855.936000 0.0927056 -0.0122763 1.3240349 0.5408990 -0.5403636 0.4555929 -0.4559282
26856.036000 0.0927109 -0.0122678 1.3240335 0.5409198 -0.5403498 0.4555752 -0.4559377
26856.136000 0.0927262 -0.0122622 1.3240316 0.5409417 -0.5403381 0.4555549 -0.4559458
26856.236000 0.0931894 -0.0123488 1.3240019 0.5410261 -0.5404209 0.4554228 -0.4558796
26856.336000 0.0932105 -0.0123450 1.3239998 0.5410486 -0.5404104 0.4554010 -0.4558870
26856.436000 0.0928072 -0.0122489 1.3240232 0.5410142 -0.5403112 0.4554846 -0.4559619
26856.537000 0.0932301 -0.0123308 1.3239966 0.5410914 -0.5403852 0.4553629 -0.4559042
26856.636000 0.0932599 -0.0123279 1.3239938 0.5411158 -0.5403766 0.4553386 -0.4559097
26856.736000 0.0928568 -0.0122318 1.3240172 0.5410815 -0.5402774 0.4554220 -0.4559845
26856.836000 0.0932834 -0.0123146 1.3239903 0.5411593 -0.5403521 0.4552992 -0.4559264
26856.936000 0.0928845 -0.0122195 1.3240136 0.5411257 -0.5402536 0.4553815 -0.4560007
26857.036000 0.0933149 -0.0123032 1.3239865 0.5412038 -0.5403292 0.4552580 -0.4559419
26857.136000 0.0933389 -0.0122994 1.3239840 0.5412271 -0.5403195 0.4552353 -0.4559483
26857.237000 0.0933538 -0.0122936 1.3239822 0.5412492 -0.5403078 0.4552149 -0.4559563
26857.337000 0.0933685 -0.0122879 1.3239804 0.5412711 -0.5402961 0.4551946 -0.4559644
26857.436000 0.0933828 -0.0122822 1.3239786 0.5412930 -0.5402843 0.4551744 -0.4559726
26857.536000 0.0933969 -0.0122765 1.3239768 0.5413148 -0.5402724 0.4551543 -0.4559808
26857.637000 0.0929873 -0.0121798 1.3240008 0.5412795 -0.5401717 0.4552394 -0.4560572
26857.736000 0.0934153 -0.0122632 1.3239738 0.5413570 -0.5402466 0.4551165 -0.4559990
26857.836000 0.0934374 -0.0122593 1.3239716 0.5413798 -0.5402364 0.4550945 -0.4560061
26857.936000 0.0934504 -0.0122536 1.3239699 0.5414013 -0.5402242 0.4550747 -0.4560147
26858.036000 0.0930394 -0.0121570 1.3239941 0.5413656 -0.5401231 0.4551602 -0.4560915
26858.136000 0.0934667 -0.0122403 1.3239672 0.5414429 -0.5401978 0.4550377 -0.4560336
26858.236000 0.0934877 -0.0122364 1.3239651 0.5414654 -0.5401872 0.4550160 -0.4560411
26858.336000 0.0930760 -0.0121399 1.3239893 0.5414295 -0.5400859 0.4551017 -0.4561181
26858.437000 0.0935024 -0.0122231 1.3239625 0.5415066 -0.5401604 0.4549794 -0.4560605
26858.536000 0.0935227 -0.0122193 1.3239605 0.5415288 -0.5401496 0.4549580 -0.4560682
26858.636000 0.0935339 -0.0122135 1.3239590 0.5415499 -0.5401369 0.4549388 -0.4560773
26858.737000 0.0935449 -0.0122079 1.3239575 0.5415706 -0.5401243 0.4549199 -0.4560865
26858.836000 0.0931234 -0.0121095 1.3239824 0.5415334 -0.5400208 0.4550079 -0.4561654
26858.936000 0.0935574 -0.0121945 1.3239552 0.5416113 -0.5400967 0.4548839 -0.4561068
26859.036000 0.0931527 -0.0121000 1.3239791 0.5415762 -0.5399968 0.4549680 -0.4561830
26859.137000 0.0931498 -0.0120915 1.3239785 0.5415951 -0.5399810 0.4549524 -0.4561946
26859.236000 0.0931596 -0.0120858 1.3239771 0.5416157 -0.5399680 0.4549337 -0.4562043
26859.336000 0.0935969 -0.0121715 1.3239497 0.5416940 -0.5400445 0.4548089 -0.4561452
26859.436000 0.0936152 -0.0121677 1.3239479 0.5417157 -0.5400332 0.4547881 -0.4561536
26859.536000 0.0936243 -0.0121620 1.3239466 0.5417361 -0.5400199 0.4547696 -0.4561634
26859.636000 0.0936333 -0.0121562 1.3239453 0.5417565 -0.5400066 0.4547512 -0.4561733
26859.736000 0.0936421 -0.0121505 1.3239440 0.5417768 -0.5399933 0.4547328 -0.4561833
26859.836000 0.0932271 -0.0120543 1.3239687 0.5417400 -0.5398911 0.4548196 -0.4562615
26859.936000 0.0932225 -0.0120459 1.3239682 0.5417585 -0.5398749 0.4548045 -0.4562737
26860.036000 0.0936584 -0.0121314 1.3239409 0.5418363 -0.5399510 0.4546803 -0.4562151
26860.136000 0.0936752 -0.0121276 1.3239392 0.5418576 -0.5399392 0.4546600 -0.4562239
26860.236000 0.0932595 -0.0120315 1.3239639 0.5418206 -0.5398369 0.4547470 -0.4563023
26860.336000 0.0936818 -0.0121142 1.3239375 0.5418965 -0.5399101 0.4546261 -0.4562460
26860.436000 0.0932660 -0.0120183 1.3239622 0.5418594 -0.5398076 0.4547132 -0.4563245
26860.536000 0.0936967 -0.0121028 1.3239352 0.5419364 -0.5398826 0.4545902 -0.4562669
26860.636000 0.0932803 -0.0120069 1.3239600 0.5418992 -0.5397800 0.4546774 -0.4563455
26860.736000 0.0932828 -0.0120002 1.3239592 0.5419184 -0.5397652 0.4546608 -0.4563569
26860.836000 0.0937173 -0.0120855 1.3239320 0.5419958 -0.5398409 0.4545370 -0.4562987
26860.936000 0.0933006 -0.0119897 1.3239569 0.5419585 -0.5397382 0.4546243 -0.4563775
26861.036000 0.0937305 -0.0120741 1.3239300 0.5420353 -0.5398129 0.4545017 -0.4563201
26861.136000 0.0937454 -0.0120702 1.3239284 0.5420560 -0.5398006 0.4544820 -0.4563296
26861.236000 0.0937515 -0.0120645 1.3239274 0.5420756 -0.5397865 0.4544645 -0.4563404
26861.336000 0.0933338 -0.0119687 1.3239524 0.5420380 -0.5396836 0.4545521 -0.4564195
26861.436000 0.0937502 -0.0120503 1.3239263 0.5421127 -0.5397555 0.4544331 -0.4563643
26861.536000 0.0937689 -0.0120473 1.3239246 0.5421341 -0.5397438 0.4544123 -0.4563733
26861.636000 0.0937743 -0.0120415 1.3239236 0.5421535 -0.5397295 0.4543950 -0.4563844
26861.736000 0.0937797 -0.0120358 1.3239227 0.5421729 -0.5397152 0.4543778 -0.4563955
26861.836000 0.0933527 -0.0119384 1.3239483 0.5421339 -0.5396103 0.4544677 -0.4564763
26861.936000 0.0937813 -0.0120225 1.3239215 0.5422104 -0.5396846 0.4543456 -0.4564193
26862.036000 0.0933627 -0.0119270 1.3239465 0.5421725 -0.5395814 0.4544335 -0.4564987
26862.136000 0.0937910 -0.0120110 1.3239198 0.5422488 -0.5396556 0.4543114 -0.4564419
26862.237000 0.0938042 -0.0120071 1.3239184 0.5422692 -0.5396429 0.4542923 -0.4564518
26862.336000 0.0938087 -0.0120014 1.3239176 0.5422883 -0.5396283 0.4542753 -0.4564632
26862.436000 0.0938131 -0.0119957 1.3239167 0.5423074 -0.5396136 0.4542584 -0.4564747
26862.536000 0.0933979 -0.0119012 1.3239416 0.5422697 -0.5395114 0.4543456 -0.4565536
26862.636000 0.0933849 -0.0118918 1.3239419 0.5422866 -0.5394929 0.4543329 -0.4565680
26862.736000 0.0938124 -0.0119757 1.3239152 0.5423625 -0.5395670 0.4542112 -0.4565112
26862.836000 0.0938293 -0.0119727 1.3239136 0.5423834 -0.5395548 0.4541911 -0.4565209
26862.936000 0.0934137 -0.0118784 1.3239385 0.5423456 -0.5394524 0.4542785 -0.4565999
26863.036000 0.0938278 -0.0119594 1.3239127 0.5424200 -0.5395233 0.4541599 -0.4565456
26863.136000 0.0938402 -0.0119555 1.3239114 0.5424401 -0.5395103 0.4541410 -0.4565559
26863.236000 0.0934158 -0.0118595 1.3239369 0.5424010 -0.5394060 0.4542306 -0.4566365
26863.336000 0.0938382 -0.0119422 1.3239105 0.5424765 -0.5394786 0.4541100 -0.4565809
26863.437000 0.0934265 -0.0118489 1.3239352 0.5424393 -0.5393768 0.4541963 -0.4566596
26863.536000 0.0938443 -0.0119307 1.3239091 0.5425140 -0.5394486 0.4540770 -0.4566046
26863.636000 0.0934325 -0.0118375 1.3239338 0.5424767 -0.5393468 0.4541633 -0.4566834
26863.736000 0.0934223 -0.0118291 1.3239340 0.5424936 -0.5393290 0.4541501 -0.4566974
26863.837000 0.0934251 -0.0118234 1.3239333 0.5425123 -0.5393139 0.4541337 -0.4567094
26863.936000 0.0938555 -0.0119078 1.3239065 0.5425886 -0.5393883 0.4540114 -0.4566525
26864.036000 0.0938669 -0.0119040 1.3239053 0.5426084 -0.5393750 0.4539929 -0.4566631
26864.136000 0.0938693 -0.0118982 1.3239047 0.5426270 -0.5393598 0.4539766 -0.4566752
26864.237000 0.0934438 -0.0118025 1.3239303 0.5425876 -0.5392553 0.4540665 -0.4567561
26864.336000 0.0938651 -0.0118849 1.3239040 0.5426628 -0.5393275 0.4539462 -0.4567009
26864.436000 0.0934524 -0.0117919 1.3239288 0.5426253 -0.5392255 0.4540328 -0.4567799
26864.536000 0.0938692 -0.0118735 1.3239028 0.5426997 -0.5392970 0.4539139 -0.4567253
26864.637000 0.0938800 -0.0118696 1.3239017 0.5427193 -0.5392835 0.4538956 -0.4567361
26864.736000 0.0938819 -0.0118639 1.3239011 0.5427376 -0.5392683 0.4538796 -0.4567482
26864.836000 0.0934515 -0.0117673 1.3239271 0.5426977 -0.5391624 0.4539704 -0.4568303
26864.937000 0.0938767 -0.0118506 1.3239006 0.5427733 -0.5392356 0.4538495 -0.4567744
26865.036000 0.0938870 -0.0118467 1.3238995 0.5427928 -0.5392219 0.4538313 -0.4567853
26865.137000 0.0938885 -0.0118410 1.3238990 0.5428111 -0.5392065 0.4538153 -0.4567977
26865.236000 0.0938899 -0.0118352 1.3238984 0.5428294 -0.5391910 0.4537993 -0.4568101
26865.336000 0.0934676 -0.0117406 1.3239239 0.5427904 -0.5390869 0.4538883 -0.4568909
26865.436000 0.0934559 -0.0117322 1.3239242 0.5428069 -0.5390687 0.4538756 -0.4569054
26865.536000 0.1030617 -0.0123532 1.3239930 0.5407234 -0.5406397 0.4557205 -0.4556816
26865.636000 0.1037393 -0.0124526 1.3239633 0.5407638 -0.5407502 0.4556287 -0.4555944
26865.736000 0.1037751 -0.0124477 1.3239599 0.5407832 -0.5407359 0.4556113 -0.4556058
26865.836000 0.1038042 -0.0124419 1.3239570 0.5408030 -0.5407220 0.4555936 -0.4556164
26865.936000 0.1038314 -0.0124362 1.3239541 0.5408237 -0.5407090 0.4555748 -0.4556260
26866.036000 0.1135624 -0.0125042 1.3239572 -0.5406873 0.5408038 -0.4556579 0.4555924
26866.136000 0.1221045 -0.0123438 1.3240671 0.5406476 -0.5405081 0.4558220 -0.4558262
26866.236000 0.1427784 -0.0124259 1.3240154 -0.5406145 0.5406458 -0.4558104 0.4557137
26866.336000 0.1530501 -0.0123701 1.3239964 -0.5406689 0.5406743 -0.4557685 0.4556572
26866.436000 0.1724325 -0.0124599 1.3240437 0.5406454 -0.5406165 0.4557573 -0.4557649
26866.536000 0.1826108 -0.0124377 1.3240447 0.5406879 -0.5405901 0.4557335 -0.4557696
26866.636000 0.1935883 -0.0124649 1.3239696 -0.5407256 0.5407683 -0.4556617 0.4555852
26866.736000 0.2030833 -0.0123673 1.3239924 0.5406862 -0.5406800 0.4557507 -0.4556477
26866.836000 0.2124312 -0.0124299 1.3240411 0.5407097 -0.5405910 0.4557145 -0.4557617
26866.936000 0.2232198 -0.0124588 1.3239658 -0.5407498 0.5407646 -0.4556394 0.4555832
26867.036000 0.2335107 -0.0124587 1.3239656 -0.5407479 0.5407666 -0.4556411 0.4555814
26867.136000 0.2430813 -0.0123672 1.3239924 0.5406864 -0.5406798 0.4557506 -0.4556478
26867.237000 0.2433073 -0.0123589 1.3239896 0.5407034 -0.5406615 0.4557379 -0.4556620
26867.336000 0.2433386 -0.0123531 1.3239865 0.5407222 -0.5406464 0.4557216 -0.4556740
26867.437000 0.2433677 -0.0123473 1.3239835 0.5407421 -0.5406325 0.4557038 -0.4556846
26867.536000 0.2433949 -0.0123417 1.3239807 0.5407628 -0.5406196 0.4556850 -0.4556942
26867.636000 0.2520884 -0.0123409 1.3240688 0.5406436 -0.5405014 0.4558279 -0.4558330
26867.737000 0.2620911 -0.0123410 1.3240679 0.5406436 -0.5405076 0.4558271 -0.4558264
26867.836000 0.2726182 -0.0124338 1.3240419 0.5407018 -0.5405978 0.4557203 -0.4557573
26867.936000 0.2830769 -0.0123681 1.3239930 0.5406858 -0.5406792 0.4557511 -0.4556488
26868.036000 0.2921028 -0.0123395 1.3240668 0.5406512 -0.5405041 0.4558204 -0.4558282
26868.136000 0.3026295 -0.0124319 1.3240406 0.5407082 -0.5405954 0.4557147 -0.4557581
26868.236000 0.3233491 -0.0126415 1.3239655 -0.5407103 0.5408142 -0.4556089 0.4556017
26868.336000 0.3330563 -0.0123457 1.3239850 0.5407002 -0.5406392 0.4557686 -0.4556616
26868.436000 0.3420746 -0.0123670 1.3240714 0.5405808 -0.5405333 0.4558727 -0.4558249
26868.536000 0.3526182 -0.0124338 1.3240419 0.5407017 -0.5405978 0.4557203 -0.4557572
26868.637000 0.3626433 -0.0124333 1.3240398 0.5407107 -0.5405962 0.4557115 -0.4557574
26868.736000 0.3828620 -0.0123712 1.3239955 -0.5406704 0.5406775 -0.4557660 0.4556542
26868.836000 0.3933866 -0.0124599 1.3239688 -0.5407330 0.5407698 -0.4556557 0.4555806
26868.937000 0.4034118 -0.0124597 1.3239661 -0.5407453 0.5407688 -0.4556432 0.4555797
26869.036000 0.4217944 -0.0123451 1.3240687 0.5406405 -0.5405050 0.4558288 -0.4558315
26869.137000 0.4333951 -0.0124575 1.3239673 -0.5407438 0.5407652 -0.4556462 0.4555828
26869.236000 0.4434117 -0.0124596 1.3239661 -0.5407455 0.5407686 -0.4556430 0.4555799
26869.336000 0.4534117 -0.0124596 1.3239661 -0.5407455 0.5407687 -0.4556431 0.4555798
26869.436000 0.4726222 -0.0127208 1.3240189 -0.5406793 0.5406891 -0.4556286 0.4557674
26869.536000 0.4826264 -0.0124424 1.3240420 0.5406973 -0.5405997 0.4557214 -0.4557592
26869.636000 0.4926262 -0.0124361 1.3240418 0.5407008 -0.5405993 0.4557202 -0.4557568
26869.736000 0.5026308 -0.0124354 1.3240412 0.5407041 -0.5405996 0.4557170 -0.4557556
26869.836000 0.5126342 -0.0124349 1.3240407 0.5407061 -0.5405991 0.4557152 -0.4557555
26869.936000 0.5234135 -0.0124598 1.3239663 -0.5407469 0.5407670 -0.4556418 0.4555814
26870.037000 0.5321167 -0.0123417 1.3240656 0.5406549 -0.5405056 0.4558155 -0.4558269
26870.136000 0.5523943 -0.0124588 1.3240459 -0.5406323 0.5406330 -0.4557761 0.4557420
26870.237000 0.5630610 -0.0123719 1.3239957 -0.5406681 0.5406782 -0.4557679 0.4556541
26870.336000 0.5720875 -0.0123418 1.3240691 0.5406400 -0.5405026 0.4558312 -0.4558325
26870.436000 0.5923735 -0.0124603 1.3240484 -0.5406156 0.5406347 -0.4557941 0.4557418
26870.537000 0.6021098 -0.0123435 1.3240667 0.5406470 -0.5405106 0.4558223 -0.4558236
26870.636000 0.6231119 -0.0124589 1.3239657 -0.5407326 0.5407787 -0.4556562 0.4555700
26870.736000 0.6323243 -0.0123649 1.3240525 0.5406134 -0.5405404 0.4558374 -0.4558129
26870.836000 0.6433689 -0.0124529 1.3239722 0.5407552 -0.5407169 0.4556352 -0.4556376
26870.936000 0.6530511 -0.0123743 1.3239978 -0.5406545 0.5406706 -0.4557803 0.4556670
26871.036000 0.6626057 -0.0124358 1.3240444 0.5406930 -0.5405890 0.4557288 -0.4557695
26871.136000 0.6726214 -0.0124367 1.3240427 0.5406964 -0.5405970 0.4557247 -0.4557600
26871.236000 0.6835960 -0.0124627 1.3239680 -0.5407369 0.5407704 -0.4556507 0.4555804
26871.336000 0.6924418 -0.0124354 1.3240413 0.5407063 -0.5405969 0.4557152 -0.4557581
26871.436000 0.7117886 -0.0123452 1.3240687 0.5406405 -0.5405050 0.4558288 -0.4558314
26871.536000 0.7219910 -0.0123416 1.3240685 0.5406403 -0.5405066 0.4558304 -0.4558282
26871.636000 0.7330597 -0.0123671 1.3239941 0.5406814 -0.5406783 0.4557561 -0.4556501
26871.736000 0.7435977 -0.0124605 1.3239673 -0.5407391 0.5407712 -0.4556490 0.4555784
26871.836000 0.7620156 -0.0123492 1.3240662 0.5406383 -0.5405205 0.4558286 -0.4558159
26871.936000 0.7729825 -0.0123766 1.3240042 0.5406564 -0.5406379 0.4557716 -0.4557120
26872.036000 0.7830645 -0.0123670 1.3239939 -0.5406797 0.5406806 -0.4557576 0.4556479
26872.136000 0.8032794 -0.0124638 1.3239704 -0.5407217 0.5407670 -0.4556661 0.4555870
26872.236000 0.8129871 -0.0123686 1.3239923 0.5406859 -0.5406815 0.4557505 -0.4556466
26872.337000 0.8323734 -0.0124603 1.3240484 -0.5406157 0.5406347 -0.4557941 0.4557418
26872.436000 0.8430576 -0.0123573 1.3239970 0.5407124 -0.5406216 0.4557289 -0.4557079
26872.536000 0.8526097 -0.0124353 1.3240437 0.5406960 -0.5405925 0.4557260 -0.4557646
26872.636000 0.8726880 -0.0123685 1.3240138 0.5406364 -0.5406237 0.4558084 -0.4557158
26872.736000 0.8834760 -0.0124458 1.3239719 0.5407672 -0.5407073 0.4556292 -0.4556408
26872.836000 0.8933915 -0.0124642 1.3239696 -0.5407247 0.5407692 -0.4556628 0.4555841
26872.936000 0.9030645 -0.0123703 1.3239944 -0.5406750 0.5406828 -0.4557609 0.4556475
26873.036000 0.9130607 -0.0123678 1.3239945 -0.5406766 0.5406810 -0.4557604 0.4556483
26873.136000 0.9220953 -0.0123408 1.3240677 0.5406466 -0.5405053 0.4558245 -0.4558282
26873.236000 0.9330661 -0.0123662 1.3239935 0.5406846 -0.5406773 0.4557532 -0.4556503
26873.336000 0.9433987 -0.0124574 1.3239672 -0.5407420 0.5407672 -0.4556477 0.4555811
26873.436000 0.9526378 -0.0124338 1.3240401 0.5407114 -0.5405951 0.4557107 -0.4557585
26873.536000 0.9626425 -0.0124334 1.3240398 0.5407105 -0.5405964 0.4557116 -0.4557573
26873.636000 0.9833159 -0.0124657 1.3239665 -0.5407348 0.5407776 -0.4556518 0.4555732
26873.736000 0.9925825 -0.0124628 1.3240490 0.5406230 -0.5406178 0.4557824 -0.4557649
26873.837000 1.0026291 -0.0124357 1.3240414 0.5407028 -0.5405998 0.4557182 -0.4557557
26873.936000 1.0134080 -0.0124609 1.3239669 -0.5407435 0.5407690 -0.4556446 0.4555802
26874.036000 1.0228930 -0.0123692 1.3239920 0.5406874 -0.5406816 0.4557486 -0.4556465
26874.137000 1.0323006 -0.0123390 1.3240664 0.5406528 -0.5405032 0.4558191 -0.4558287
26874.236000 1.0426366 -0.0124314 1.3240403 0.5407097 -0.5405942 0.4557135 -0.4557589
26874.336000 1.0628013 -0.0124110 1.3239887 -0.5406889 0.5407133 -0.4557285 0.4556272
26874.436000 1.0728679 -0.0123694 1.3239945 -0.5406787 0.5406793 -0.4557579 0.4556503
26874.536000 1.0928361 -0.0123723 1.3239984 -0.5406534 0.5406687 -0.4557824 0.4556685
26874.636000 1.1033773 -0.0124617 1.3239707 -0.5407211 0.5407661 -0.4556679 0.4555870
26874.736000 1.1123008 -0.0123409 1.3240667 0.5406506 -0.5405059 0.4558203 -0.4558270
26874.836000 1.1234043 -0.0124569 1.3239670 -0.5407457 0.5407639 -0.4556446 0.4555837
26874.936000 1.1424018 -0.0124607 1.3240451 -0.5406311 0.5406418 -0.4557775 0.4557318
26875.036000 1.1530599 -0.0123728 1.3239959 -0.5406653 0.5406788 -0.4557702 0.4556544
26875.136000 1.1626128 -0.0124347 1.3240433 0.5406975 -0.5405927 0.4557249 -0.4557637
26875.236000 1.1730697 -0.0123695 1.3239939 0.5406803 -0.5406803 0.4557561 -0.4556491
26875.336000 1.1826215 -0.0124335 1.3240418 0.5407048 -0.5405953 0.4557176 -0.4557592
26875.436000 1.1934096 -0.0124606 1.3239667 -0.5407447 0.5407684 -0.4556437 0.4555805
26875.537000 1.2021145 -0.0123421 1.3240658 0.5406538 -0.5405064 0.4558165 -0.4558264
26875.636000 1.2134011 -0.0124562 1.3239667 -0.5407473 0.5407625 -0.4556433 0.4555847
26875.736000 1.2235149 -0.0124587 1.3239656 -0.5407479 0.5407666 -0.4556411 0.4555813
26875.836000 1.2428591 -0.0123716 1.3239960 -0.5406653 0.5406789 -0.4557709 0.4556537
26875.937000 1.2520053 -0.0123400 1.3240671 0.5406496 -0.5405050 0.4558217 -0.4558277
26876.036000 1.2630688 -0.0123653 1.3239930 0.5406876 -0.5406756 0.4557507 -0.4556512
26876.136000 1.2828446 -0.0123608 1.3239981 0.5406981 -0.5406278 0.4557405 -0.4557058
26876.236000 1.2920844 -0.0123423 1.3240695 0.5406385 -0.5405024 0.4558323 -0.4558334
26876.336000 1.3030580 -0.0123678 1.3239946 -0.5406782 0.5406785 -0.4557591 0.4556507
26876.436000 1.3133913 -0.0124589 1.3239681 -0.5407370 0.5407694 -0.4556520 0.4555800
26876.536000 1.3226299 -0.0124352 1.3240410 0.5407071 -0.5405971 0.4557144 -0.4557576
26876.637000 1.3418023 -0.0123449 1.3240683 0.5406399 -0.5405090 0.4558291 -0.4558271
26876.736000 1.3526257 -0.0124326 1.3240410 0.5407061 -0.5405968 0.4557164 -0.4557572
26876.836000 1.3724155 -0.0124619 1.3240450 0.5406397 -0.5406252 0.4557640 -0.4557546
26876.936000 1.3830574 -0.0123734 1.3239966 -0.5406642 0.5406738 -0.4557704 0.4556615
26877.036000 1.3935883 -0.0124625 1.3239687 -0.5407310 0.5407720 -0.4556565 0.4555795
26877.137000 1.4029929 -0.0123679 1.3239920 0.5406876 -0.5406803 0.4557491 -0.4556474
26877.236000 1.4223972 -0.0124361 1.3240453 0.5406930 -0.5405812 0.4557279 -0.4557797
26877.336000 1.4335872 -0.0124658 1.3239698 -0.5407228 0.5407689 -0.4556640 0.4555856
26877.436000 1.4421952 -0.0123437 1.3240686 0.5406409 -0.5405047 0.4558293 -0.4558308
26877.536000 1.4528814 -0.0123651 1.3239929 0.5406881 -0.5406752 0.4557503 -0.4556515
26877.636000 1.4626298 -0.0124314 1.3240404 0.5407117 -0.5405920 0.4557117 -0.4557608
26877.736000 1.4820554 -0.0123579 1.3240645 0.5406456 -0.5405254 0.4558176 -0.4558124
26877.836000 1.4930174 -0.0123661 1.3240020 0.5406787 -0.5406177 0.4557561 -0.4557250
26877.936000 1.5028731 -0.0123668 1.3239938 0.5406805 -0.5406804 0.4557569 -0.4556480
26878.036000 1.5126181 -0.0124334 1.3240417 0.5407054 -0.5405953 0.4557171 -0.4557591
26878.136000 1.5234080 -0.0124609 1.3239669 -0.5407436 0.5407689 -0.4556445 0.4555803
26878.236000 1.5330786 -0.0123674 1.3239925 0.5406859 -0.5406802 0.4557510 -0.4556476
26878.336000 1.5430749 -0.0123649 1.3239927 0.5406864 -0.5406771 0.4557518 -0.4556498
26878.436000 1.5628863 -0.0122820 1.3239897 0.5406904 -0.5406747 0.4557786 -0.4556211
26878.536000 1.5732242 -0.0124080 1.3239839 -0.5406260 0.5407139 -0.4557694 0.4556603
26878.637000 1.5833904 -0.0124591 1.3239682 -0.5407361 0.5407698 -0.4556528 0.4555799
26878.736000 1.5929810 -0.0123692 1.3239927 0.5406839 -0.5406826 0.4557521 -0.4556460
26878.837000 1.5933033 -0.0123596 1.3239900 0.5407012 -0.5406635 0.4557398 -0.4556605
26878.936000 1.5933350 -0.0123537 1.3239869 0.5407199 -0.5406481 0.4557236 -0.4556727
26879.036000 1.5937881 -0.0124399 1.3239580 0.5407968 -0.5407231 0.4556007 -0.4556154
26879.136000 1.5934006 -0.0123442 1.3239805 0.5407615 -0.5406229 0.4556851 -0.4556917
26879.236000 1.5938499 -0.0124303 1.3239519 0.5408399 -0.5406995 0.4555603 -0.4556326
26879.336000 1.5934591 -0.0123346 1.3239746 0.5408058 -0.5406005 0.4556434 -0.4557076
26879.436000 1.5938850 -0.0124160 1.3239474 0.5408820 -0.5406736 0.4555230 -0.4556507
26879.536000 1.5934972 -0.0123215 1.3239699 0.5408494 -0.5405761 0.4556039 -0.4557242
26879.636000 1.5935102 -0.0123139 1.3239680 0.5408709 -0.5405632 0.4555850 -0.4557329
26879.736000 1.5935314 -0.0123082 1.3239655 0.5408936 -0.5405523 0.4555637 -0.4557401
26879.836000 1.5939801 -0.0123950 1.3239369 0.5409740 -0.5406314 0.4554362 -0.4556782
26879.936000 1.5935814 -0.0122986 1.3239602 0.5409407 -0.5405326 0.4555186 -0.4557526
26880.037000 1.5940215 -0.0123835 1.3239321 0.5410202 -0.5406102 0.4553929 -0.4556918
26880.136000 1.5936268 -0.0122872 1.3239550 0.5409880 -0.5405125 0.4554740 -0.4557648
26880.236000 1.5936196 -0.0122796 1.3239549 0.5410057 -0.5404958 0.4554596 -0.4557781
26880.336000 1.5936414 -0.0122738 1.3239524 0.5410293 -0.5404857 0.4554374 -0.4557842
26880.436000 1.5940924 -0.0123614 1.3239237 0.5411105 -0.5405656 0.4553086 -0.4557218
26880.536000 1.5936867 -0.0122643 1.3239475 0.5410761 -0.5404658 0.4553926 -0.4557970
26880.636000 1.5941188 -0.0123480 1.3239200 0.5411546 -0.5405417 0.4552685 -0.4557377
26880.736000 1.5941485 -0.0123450 1.3239171 0.5411789 -0.5405332 0.4552444 -0.4557431
26880.836000 1.5941648 -0.0123393 1.3239151 0.5412013 -0.5405219 0.4552236 -0.4557507
26880.936000 1.5937530 -0.0122414 1.3239394 0.5411659 -0.5404208 0.4553091 -0.4558271
26881.036000 1.5937597 -0.0122337 1.3239380 0.5411870 -0.5404075 0.4552907 -0.4558363
26881.136000 1.5941986 -0.0123192 1.3239101 0.5412662 -0.5404848 0.4551651 -0.4557762
26881.236000 1.5938031 -0.0122251 1.3239334 0.5412328 -0.5403872 0.4552467 -0.4558500
26881.337000 1.5938046 -0.0122165 1.3239324 0.5412531 -0.5403725 0.4552295 -0.4558603
26881.436000 1.5938189 -0.0122108 1.3239306 0.5412750 -0.5403607 0.4552093 -0.4558685
26881.536000 1.5938329 -0.0122050 1.3239288 0.5412968 -0.5403488 0.4551892 -0.4558768
26881.636000 1.5938466 -0.0121993 1.3239270 0.5413186 -0.5403369 0.4551692 -0.4558852
26881.736000 1.5942796 -0.0122837 1.3238995 0.5413966 -0.5404129 0.4550453 -0.4558261
26881.836000 1.5938822 -0.0121897 1.3239231 0.5413630 -0.5403146 0.4551272 -0.4559007
26881.936000 1.5938862 -0.0121821 1.3239219 0.5413833 -0.5403005 0.4551097 -0.4559108
26882.036000 1.5943221 -0.0122672 1.3238943 0.5414618 -0.5403770 0.4549850 -0.4558515
26854.787000 0.0924221 -0.0123358 1.3240646 0.5406616 -0.5404952 0.4558120 -0.4558348
26854.787000 0.0924221 -0.0123358 1.3240646 0.5406616 -0.5404952 0.4558120 -0.4558348
26854.836000 0.0924221 -0.0123358 1.3240646 0.5406616 -0.5404952 0.4558120 -0.4558348
26854.936000 0.0924546 -0.0123300 1.3240615 0.5406796 -0.5404798 0.4557967 -0.4558470
26855.036000 0.0924846 -0.0123243 1.3240585 0.5406990 -0.5404656 0.4557795 -0.4558581
26855.136000 0.0925126 -0.0123187 1.3240557 0.5407194 -0.5404523 0.4557611 -0.4558680
26855.236000 0.0929625 -0.0124048 1.3240273 0.5407974 -0.5405290 0.4556367 -0.4558089
26855.336000 0.0925768 -0.0123102 1.3240494 0.5407640 -0.5404306 0.4557185 -0.4558834
26855.436000 0.0930153 -0.0123944 1.3240218 0.5408419 -0.5405061 0.4555951 -0.4558248
26855.536000 0.0930468 -0.0123906 1.3240187 0.5408655 -0.5404967 0.4555721 -0.4558310
26855.637000 0.0930686 -0.0123849 1.3240163 0.5408880 -0.5404856 0.4555512 -0.4558384
26855.736000 0.0926573 -0.0122858 1.3240400 0.5408524 -0.5403838 0.4556374 -0.4559151
26855.836000 0.0931012 -0.0123716 1.3240120 0.5409322 -0.5404618 0.4555110 -0.4558543
26855.936000 0.0927056 -0.0122763 1.3240349 0.5408990 -0.5403636 0.4555929 -0.4559282
26856.036000 0.0927109 -0.0122678 1.3240335 0.5409198 -0.5403498 0.4555752 -0.4559377
26856.136000 0.0927262 -0.0122622 1.3240316 0.5409417 -0.5403381 0.4555549 -0.4559458
26856.236000 0.0931894 -0.0123488 1.3240019 0.5410261 -0.5404209 0.4554228 -0.4558796
26856.336000 0.0932105 -0.0123450 1.3239998 0.5410486 -0.5404104 0.4554010 -0.4558870
26856.436000 0.0928072 -0.0122489 1.3240232 0.5410142 -0.5403112 0.4554846 -0.4559619
26856.537000 0.0932301 -0.0123308 1.3239966 0.5410914 -0.5403852 0.4553629 -0.4559042
26856.636000 0.0932599 -0.0123279 1.3239938 0.5411158 -0.5403766 0.4553386 -0.4559097
26856.736000 0.0928568 -0.0122318 1.3240172 0.5410815 -0.5402774 0.4554220 -0.4559845
26856.836000 0.0932834 -0.0123146 1.3239903 0.5411593 -0.5403521 0.4552992 -0.4559264
26856.936000 0.0928845 -0.0122195 1.3240136 0.5411257 -0.5402536 0.4553815 -0.4560007
26857.036000 0.0933149 -0.0123032 1.3239865 0.5412038 -0.5403292 0.4552580 -0.4559419
26857.136000 0.0933389 -0.0122994 1.3239840 0.5412271 -0.5403195 0.4552353 -0.4559483
26857.237000 0.0933538 -0.0122936 1.3239822 0.5412492 -0.5403078 0.4552149 -0.4559563
26857.337000 0.0933685 -0.0122879 1.3239804 0.5412711 -0.5402961 0.4551946 -0.4559644
26857.436000 0.0933828 -0.0122822 1.3239786 0.5412930 -0.5402843 0.4551744 -0.4559726
26857.536000 0.0933969 -0.0122765 1.3239768 0.5413148 -0.5402724 0.4551543 -0.4559808
26857.637000 0.0929873 -0.0121798 1.3240008 0.5412795 -0.5401717 0.4552394 -0.4560572
26857.736000 0.0934153 -0.0122632 1.3239738 0.5413570 -0.5402466 0.4551165 -0.4559990
26857.836000 0.0934374 -0.0122593 1.3239716 0.5413798 -0.5402364 0.4550945 -0.4560061
26857.936000 0.0934504 -0.0122536 1.3239699 0.5414013 -0.5402242 0.4550747 -0.4560147
26858.036000 0.0930394 -0.0121570 1.3239941 0.5413656 -0.5401231 0.4551602 -0.4560915
26858.136000 0.0934667 -0.0122403 1.3239672 0.5414429 -0.5401978 0.4550377 -0.4560336
26858.236000 0.0934877 -0.0122364 1.3239651 0.5414654 -0.5401872 0.4550160 -0.4560411
26858.336000 0.0930760 -0.0121399 1.3239893 0.5414295 -0.5400859 0.4551017 -0.4561181
26858.437000 0.0935024 -0.0122231 1.3239625 0.5415066 -0.5401604 0.4549794 -0.4560605
26858.536000 0.0935227 -0.0122193 1.3239605 0.5415288 -0.5401496 0.4549580 -0.4560682
26858.636000 0.0935339 -0.0122135 1.3239590 0.5415499 -0.5401369 0.4549388 -0.4560773
26858.737000 0.0935449 -0.0122079 1.3239575 0.5415706 -0.5401243 0.4549199 -0.4560865
26858.836000 0.0931234 -0.0121095 1.3239824 0.5415334 -0.5400208 0.4550079 -0.4561654
26858.936000 0.0935574 -0.0121945 1.3239552 0.5416113 -0.5400967 0.4548839 -0.4561068
26859.036000 0.0931527 -0.0121000 1.3239791 0.5415762 -0.5399968 0.4549680 -0.4561830
26859.137000 0.0931498 -0.0120915 1.3239785 0.5415951 -0.5399810 0.4549524 -0.4561946
26859.236000 0.0931596 -0.0120858 1.3239771 0.5416157 -0.5399680 0.4549337 -0.4562043
26859.336000 0.0935969 -0.0121715 1.3239497 0.5416940 -0.5400445 0.4548089 -0.4561452
26859.436000 0.0936152 -0.0121677 1.3239479 0.5417157 -0.5400332 0.4547881 -0.4561536
26859.536000 0.0936243 -0.0121620 1.3239466 0.5417361 -0.5400199 0.4547696 -0.4561634
26859.636000 0.0936333 -0.0121562 1.3239453 0.5417565 -0.5400066 0.4547512 -0.4561733
26859.736000 0.0936421 -0.0121505 1.3239440 0.5417768 -0.5399933 0.4547328 -0.4561833
26859.836000 0.0932271 -0.0120543 1.3239687 0.5417400 -0.5398911 0.4548196 -0.4562615
26859.936000 0.0932225 -0.0120459 1.3239682 0.5417585 -0.5398749 0.4548045 -0.4562737
26860.036000 0.0936584 -0.0121314 1.3239409 0.5418363 -0.5399510 0.4546803 -0.4562151
26860.136000 0.0936752 -0.0121276 1.3239392 0.5418576 -0.5399392 0.4546600 -0.4562239
26860.236000 0.0932595 -0.0120315 1.3239639 0.5418206 -0.5398369 0.4547470 -0.4563023
26860.336000 0.0936818 -0.0121142 1.3239375 0.5418965 -0.5399101 0.4546261 -0.4562460
26860.436000 0.0932660 -0.0120183 1.3239622 0.5418594 -0.5398076 0.4547132 -0.4563245
26860.536000 0.0936967 -0.0121028 1.3239352 0.5419364 -0.5398826 0.4545902 -0.4562669
26860.636000 0.0932803 -0.0120069 1.3239600 0.5418992 -0.5397800 0.4546774 -0.4563455
26860.736000 0.0932828 -0.0120002 1.3239592 0.5419184 -0.5397652 0.4546608 -0.4563569
26860.836000 0.0937173 -0.0120855 1.3239320 0.5419958 -0.5398409 0.4545370 -0.4562987
26860.936000 0.0933006 -0.0119897 1.3239569 0.5419585 -0.5397382 0.4546243 -0.4563775
26861.036000 0.0937305 -0.0120741 1.3239300 0.5420353 -0.5398129 0.4545017 -0.4563201
26861.136000 0.0937454 -0.0120702 1.3239284 0.5420560 -0.5398006 0.4544820 -0.4563296
26861.236000 0.0937515 -0.0120645 1.3239274 0.5420756 -0.5397865 0.4544645 -0.4563404
26861.336000 0.0933338 -0.0119687 1.3239524 0.5420380 -0.5396836 0.4545521 -0.4564195
26861.436000 0.0937502 -0.0120503 1.3239263 0.5421127 -0.5397555 0.4544331 -0.4563643
26861.536000 0.0937689 -0.0120473 1.3239246 0.5421341 -0.5397438 0.4544123 -0.4563733
26861.636000 0.0937743 -0.0120415 1.3239236 0.5421535 -0.5397295 0.4543950 -0.4563844
26861.736000 0.0937797 -0.0120358 1.3239227 0.5421729 -0.5397152 0.4543778 -0.4563955
26861.836000 0.0933527 -0.0119384 1.3239483 0.5421339 -0.5396103 0.4544677 -0.4564763
26861.936000 0.0937813 -0.0120225 1.3239215 0.5422104 -0.5396846 0.4543456 -0.4564193
26862.036000 0.0933627 -0.0119270 1.3239465 0.5421725 -0.5395814 0.4544335 -0.4564987
26862.136000 0.0937910 -0.0120110 1.3239198 0.5422488 -0.5396556 0.4543114 -0.4564419
26862.237000 0.0938042 -0.0120071 1.3239184 0.5422692 -0.5396429 0.4542923 -0.4564518
26862.336000 0.0938087 -0.0120014 1.3239176 0.5422883 -0.5396283 0.4542753 -0.4564632
26862.436000 0.0938131 -0.0119957 1.3239167 0.5423074 -0.5396136 0.4542584 -0.4564747
26862.536000 0.0933979 -0.0119012 1.3239416 0.5422697 -0.5395114 0.4543456 -0.4565536
26862.636000 0.0933849 -0.0118918 1.3239419 0.5422866 -0.5394929 0.4543329 -0.4565680
26862.736000 0.0938124 -0.0119757 1.3239152 0.5423625 -0.5395670 0.4542112 -0.4565112
26862.836000 0.0938293 -0.0119727 1.3239136 0.5423834 -0.5395548 0.4541911 -0.4565209
26862.936000 0.0934137 -0.0118784 1.3239385 0.5423456 -0.5394524 0.4542785 -0.4565999
26863.036000 0.0938278 -0.0119594 1.3239127 0.5424200 -0.5395233 0.4541599 -0.4565456
26863.136000 0.0938402 -0.0119555 1.3239114 0.5424401 -0.5395103 0.4541410 -0.4565559
26863.236000 0.0934158 -0.0118595 1.3239369 0.5424010 -0.5394060 0.4542306 -0.4566365
26863.336000 0.0938382 -0.0119422 1.3239105 0.5424765 -0.5394786 0.4541100 -0.4565809
26863.437000 0.0934265 -0.0118489 1.3239352 0.5424393 -0.5393768 0.4541963 -0.4566596
26863.536000 0.0938443 -0.0119307 1.3239091 0.5425140 -0.5394486 0.4540770 -0.4566046
26863.636000 0.0934325 -0.0118375 1.3239338 0.5424767 -0.5393468 0.4541633 -0.4566834
26863.736000 0.0934223 -0.0118291 1.3239340 0.5424936 -0.5393290 0.4541501 -0.4566974
26863.837000 0.0934251 -0.0118234 1.3239333 0.5425123 -0.5393139 0.4541337 -0.4567094
26863.936000 0.0938555 -0.0119078 1.3239065 0.5425886 -0.5393883 0.4540114 -0.4566525
26864.036000 0.0938669 -0.0119040 1.3239053 0.5426084 -0.5393750 0.4539929 -0.4566631
26864.136000 0.0938693 -0.0118982 1.3239047 0.5426270 -0.5393598 0.4539766 -0.4566752
26864.237000 0.0934438 -0.0118025 1.3239303 0.5425876 -0.5392553 0.4540665 -0.4567561
26864.336000 0.0938651 -0.0118849 1.3239040 0.5426628 -0.5393275 0.4539462 -0.4567009
26864.436000 0.0934524 -0.0117919 1.3239288 0.5426253 -0.5392255 0.4540328 -0.4567799
26864.536000 0.0938692 -0.0118735 1.3239028 0.5426997 -0.5392970 0.4539139 -0.4567253
26864.637000 0.0938800 -0.0118696 1.3239017 0.5427193 -0.5392835 0.4538956 -0.4567361
26864.736000 0.0938819 -0.0118639 1.3239011 0.5427376 -0.5392683 0.4538796 -0.4567482
26864.836000 0.0934515 -0.0117673 1.3239271 0.5426977 -0.5391624 0.4539704 -0.4568303
26864.937000 0.0938767 -0.0118506 1.3239006 0.5427733 -0.5392356 0.4538495 -0.4567744
26865.036000 0.0938870 -0.0118467 1.3238995 0.5427928 -0.5392219 0.4538313 -0.4567853
26865.137000 0.0938885 -0.0118410 1.3238990 0.5428111 -0.5392065 0.4538153 -0.4567977
26865.236000 0.0938899 -0.0118352 1.3238984 0.5428294 -0.5391910 0.4537993 -0.4568101
26865.336000 0.0934676 -0.0117406 1.3239239 0.5427904 -0.5390869 0.4538883 -0.4568909
26865.436000 0.0934559 -0.0117322 1.3239242 0.5428069 -0.5390687 0.4538756 -0.4569054
26865.536000 0.1030617 -0.0123532 1.3239930 0.5407234 -0.5406397 0.4557205 -0.4556816
26865.636000 0.1037393 -0.0124526 1.3239633 0.5407638 -0.5407502 0.4556287 -0.4555944
26865.736000 0.1037751 -0.0124477 1.3239599 0.5407832 -0.5407359 0.4556113 -0.4556058
26865.836000 0.1038042 -0.0124419 1.3239570 0.5408030 -0.5407220 0.4555936 -0.4556164
26865.936000 0.1038314 -0.0124362 1.3239541 0.5408237 -0.5407090 0.4555748 -0.4556260
26866.036000 0.1135624 -0.0125042 1.3239572 -0.5406873 0.5408038 -0.4556579 0.4555924
26866.136000 0.1221045 -0.0123438 1.3240671 0.5406476 -0.5405081 0.4558220 -0.4558262
26866.236000 0.1427784 -0.0124259 1.3240154 -0.5406145 0.5406458 -0.4558104 0.4557137
26866.336000 0.1530501 -0.0123701 1.3239964 -0.5406689 0.5406743 -0.4557685 0.4556572
26866.436000 0.1724325 -0.0124599 1.3240437 0.5406454 -0.5406165 0.4557573 -0.4557649
26866.536000 0.1826108 -0.0124377 1.3240447 0.5406879 -0.5405901 0.4557335 -0.4557696
26866.636000 0.1935883 -0.0124649 1.3239696 -0.5407256 0.5407683 -0.4556617 0.4555852
26866.736000 0.2030833 -0.0123673 1.3239924 0.5406862 -0.5406800 0.4557507 -0.4556477
26866.836000 0.2124312 -0.0124299 1.3240411 0.5407097 -0.5405910 0.4557145 -0.4557617
26866.936000 0.2232198 -0.0124588 1.3239658 -0.5407498 0.5407646 -0.4556394 0.4555832
26867.036000 0.2335107 -0.0124587 1.3239656 -0.5407479 0.5407666 -0.4556411 0.4555814
26867.136000 0.2430813 -0.0123672 1.3239924 0.5406864 -0.5406798 0.4557506 -0.4556478
26867.237000 0.2433073 -0.0123589 1.3239896 0.5407034 -0.5406615 0.4557379 -0.4556620
26867.336000 0.2433386 -0.0123531 1.3239865 0.5407222 -0.5406464 0.4557216 -0.4556740
26867.437000 0.2433677 -0.0123473 1.3239835 0.5407421 -0.5406325 0.4557038 -0.4556846
26867.536000 0.2433949 -0.0123417 1.3239807 0.5407628 -0.5406196 0.4556850 -0.4556942
26867.636000 0.2520884 -0.0123409 1.3240688 0.5406436 -0.5405014 0.4558279 -0.4558330
26867.737000 0.2620911 -0.0123410 1.3240679 0.5406436 -0.5405076 0.4558271 -0.4558264
26867.836000 0.2726182 -0.0124338 1.3240419 0.5407018 -0.5405978 0.4557203 -0.4557573
26867.936000 0.2830769 -0.0123681 1.3239930 0.5406858 -0.5406792 0.4557511 -0.4556488
26868.036000 0.2921028 -0.0123395 1.3240668 0.5406512 -0.5405041 0.4558204 -0.4558282
26868.136000 0.3026295 -0.0124319 1.3240406 0.5407082 -0.5405954 0.4557147 -0.4557581
26868.236000 0.3233491 -0.0126415 1.3239655 -0.5407103 0.5408142 -0.4556089 0.4556017
26868.336000 0.3330563 -0.0123457 1.3239850 0.5407002 -0.5406392 0.4557686 -0.4556616
26868.436000 0.3420746 -0.0123670 1.3240714 0.5405808 -0.5405333 0.4558727 -0.4558249
26868.536000 0.3526182 -0.0124338 1.3240419 0.5407017 -0.5405978 0.4557203 -0.4557572
26868.637000 0.3626433 -0.0124333 1.3240398 0.5407107 -0.5405962 0.4557115 -0.4557574
26868.736000 0.3828620 -0.0123712 1.3239955 -0.5406704 0.5406775 -0.4557660 0.4556542
26868.836000 0.3933866 -0.0124599 1.3239688 -0.5407330 0.5407698 -0.4556557 0.4555806
26868.937000 0.4034118 -0.0124597 1.3239661 -0.5407453 0.5407688 -0.4556432 0.4555797
26869.036000 0.4217944 -0.0123451 1.3240687 0.5406405 -0.5405050 0.4558288 -0.4558315
26869.137000 0.4333951 -0.0124575 1.3239673 -0.5407438 0.5407652 -0.4556462 0.4555828
26869.236000 0.4434117 -0.0124596 1.3239661 -0.5407455 0.5407686 -0.4556430 0.4555799
26869.336000 0.4534117 -0.0124596 1.3239661 -0.5407455 0.5407687 -0.4556431 0.4555798
26869.436000 0.4726222 -0.0127208 1.3240189 -0.5406793 0.5406891 -0.4556286 0.4557674
26869.536000 0.4826264 -0.0124424 1.3240420 0.5406973 -0.5405997 0.4557214 -0.4557592
26869.636000 0.4926262 -0.0124361 1.3240418 0.5407008 -0.5405993 0.4557202 -0.4557568
26869.736000 0.5026308 -0.0124354 1.3240412 0.5407041 -0.5405996 0.4557170 -0.4557556
26869.836000 0.5126342 -0.0124349 1.3240407 0.5407061 -0.5405991 0.4557152 -0.4557555
26869.936000 0.5234135 -0.0124598 1.3239663 -0.5407469 0.5407670 -0.4556418 0.4555814
26870.037000 0.5321167 -0.0123417 1.3240656 0.5406549 -0.5405056 0.4558155 -0.4558269
26870.136000 0.5523943 -0.0124588 1.3240459 -0.5406323 0.5406330 -0.4557761 0.4557420
26870.237000 0.5630610 -0.0123719 1.3239957 -0.5406681 0.5406782 -0.4557679 0.4556541
26870.336000 0.5720875 -0.0123418 1.3240691 0.5406400 -0.5405026 0.4558312 -0.4558325
26870.436000 0.5923735 -0.0124603 1.3240484 -0.5406156 0.5406347 -0.4557941 0.4557418
26870.537000 0.6021098 -0.0123435 1.3240667 0.5406470 -0.5405106 0.4558223 -0.4558236
26870.636000 0.6231119 -0.0124589 1.3239657 -0.5407326 0.5407787 -0.4556562 0.4555700
26870.736000 0.6323243 -0.0123649 1.3240525 0.5406134 -0.5405404 0.4558374 -0.4558129
26870.836000 0.6433689 -0.0124529 1.3239722 0.5407552 -0.5407169 0.4556352 -0.4556376
26870.936000 0.6530511 -0.0123743 1.3239978 -0.5406545 0.5406706 -0.4557803 0.4556670
26871.036000 0.6626057 -0.0124358 1.3240444 0.5406930 -0.5405890 0.4557288 -0.4557695
26871.136000 0.6726214 -0.0124367 1.3240427 0.5406964 -0.5405970 0.4557247 -0.4557600
26871.236000 0.6835960 -0.0124627 1.3239680 -0.5407369 0.5407704 -0.4556507 0.4555804
26871.336000 0.6924418 -0.0124354 1.3240413 0.5407063 -0.5405969 0.4557152 -0.4557581
26871.436000 0.7117886 -0.0123452 1.3240687 0.5406405 -0.5405050 0.4558288 -0.4558314
26871.536000 0.7219910 -0.0123416 1.3240685 0.5406403 -0.5405066 0.4558304 -0.4558282
26871.636000 0.7330597 -0.0123671 1.3239941 0.5406814 -0.5406783 0.4557561 -0.4556501
26871.736000 0.7435977 -0.0124605 1.3239673 -0.5407391 0.5407712 -0.4556490 0.4555784
26871.836000 0.7620156 -0.0123492 1.3240662 0.5406383 -0.5405205 0.4558286 -0.4558159
26871.936000 0.7729825 -0.0123766 1.3240042 0.5406564 -0.5406379 0.4557716 -0.4557120
26872.036000 0.7830645 -0.0123670 1.3239939 -0.5406797 0.5406806 -0.4557576 0.4556479
26872.136000 0.8032794 -0.0124638 1.3239704 -0.5407217 0.5407670 -0.4556661 0.4555870
26872.236000 0.8129871 -0.0123686 1.3239923 0.5406859 -0.5406815 0.4557505 -0.4556466
26872.337000 0.8323734 -0.0124603 1.3240484 -0.5406157 0.5406347 -0.4557941 0.4557418
26872.436000 0.8430576 -0.0123573 1.3239970 0.5407124 -0.5406216 0.4557289 -0.4557079
26872.536000 0.8526097 -0.0124353 1.3240437 0.5406960 -0.5405925 0.4557260 -0.4557646
26872.636000 0.8726880 -0.0123685 1.3240138 0.5406364 -0.5406237 0.4558084 -0.4557158
26872.736000 0.8834760 -0.0124458 1.3239719 0.5407672 -0.5407073 0.4556292 -0.4556408
26872.836000 0.8933915 -0.0124642 1.3239696 -0.5407247 0.5407692 -0.4556628 0.4555841
26872.936000 0.9030645 -0.0123703 1.3239944 -0.5406750 0.5406828 -0.4557609 0.4556475
26873.036000 0.9130607 -0.0123678 1.3239945 -0.5406766 0.5406810 -0.4557604 0.4556483
26873.136000 0.9220953 -0.0123408 1.3240677 0.5406466 -0.5405053 0.4558245 -0.4558282
26873.236000 0.9330661 -0.0123662 1.3239935 0.5406846 -0.5406773 0.4557532 -0.4556503
26873.336000 0.9433987 -0.0124574 1.3239672 -0.5407420 0.5407672 -0.4556477 0.4555811
26873.436000 0.9526378 -0.0124338 1.3240401 0.5407114 -0.5405951 0.4557107 -0.4557585
26873.536000 0.9626425 -0.0124334 1.3240398 0.5407105 -0.5405964 0.4557116 -0.4557573
26873.636000 0.9833159 -0.0124657 1.3239665 -0.5407348 0.5407776 -0.4556518 0.4555732
26873.736000 0.9925825 -0.0124628 1.3240490 0.5406230 -0.5406178 0.4557824 -0.4557649
26873.837000 1.0026291 -0.0124357 1.3240414 0.5407028 -0.5405998 0.4557182 -0.4557557
26873.936000 1.0134080 -0.0124609 1.3239669 -0.5407435 0.5407690 -0.4556446 0.4555802
26874.036000 1.0228930 -0.0123692 1.3239920 0.5406874 -0.5406816 0.4557486 -0.4556465
26874.137000 1.0323006 -0.0123390 1.3240664 0.5406528 -0.5405032 0.4558191 -0.4558287
26874.236000 1.0426366 -0.0124314 1.3240403 0.5407097 -0.5405942 0.4557135 -0.4557589
26874.336000 1.0628013 -0.0124110 1.3239887 -0.5406889 0.5407133 -0.4557285 0.4556272
26874.436000 1.0728679 -0.0123694 1.3239945 -0.5406787 0.5406793 -0.4557579 0.4556503
26874.536000 1.0928361 -0.0123723 1.3239984 -0.5406534 0.5406687 -0.4557824 0.4556685
26874.636000 1.1033773 -0.0124617 1.3239707 -0.5407211 0.5407661 -0.4556679 0.4555870
26874.736000 1.1123008 -0.0123409 1.3240667 0.5406506 -0.5405059 0.4558203 -0.4558270
26874.836000 1.1234043 -0.0124569 1.3239670 -0.5407457 0.5407639 -0.4556446 0.4555837
26874.936000 1.1424018 -0.0124607 1.3240451 -0.5406311 0.5406418 -0.4557775 0.4557318
26875.036000 1.1530599 -0.0123728 1.3239959 -0.5406653 0.5406788 -0.4557702 0.4556544
26875.136000 1.1626128 -0.0124347 1.3240433 0.5406975 -0.5405927 0.4557249 -0.4557637
26875.236000 1.1730697 -0.0123695 1.3239939 0.5406803 -0.5406803 0.4557561 -0.4556491
26875.336000 1.1826215 -0.0124335 1.3240418 0.5407048 -0.5405953 0.4557176 -0.4557592
26875.436000 1.1934096 -0.0124606 1.3239667 -0.5407447 0.5407684 -0.4556437 0.4555805
26875.537000 1.2021145 -0.0123421 1.3240658 0.5406538 -0.5405064 0.4558165 -0.4558264
26875.636000 1.2134011 -0.0124562 1.3239667 -0.5407473 0.5407625 -0.4556433 0.4555847
26875.736000 1.2235149 -0.0124587 1.3239656 -0.5407479 0.5407666 -0.4556411 0.4555813
26875.836000 1.2428591 -0.0123716 1.3239960 -0.5406653 0.5406789 -0.4557709 0.4556537
26875.937000 1.2520053 -0.0123400 1.3240671 0.5406496 -0.5405050 0.4558217 -0.4558277
26876.036000 1.2630688 -0.0123653 1.3239930 0.5406876 -0.5406756 0.4557507 -0.4556512
26876.136000 1.2828446 -0.0123608 1.3239981 0.5406981 -0.5406278 0.4557405 -0.4557058
26876.236000 1.2920844 -0.0123423 1.3240695 0.5406385 -0.5405024 0.4558323 -0.4558334
26876.336000 1.3030580 -0.0123678 1.3239946 -0.5406782 0.5406785 -0.4557591 0.4556507
26876.436000 1.3133913 -0.0124589 1.3239681 -0.5407370 0.5407694 -0.4556520 0.4555800
26876.536000 1.3226299 -0.0124352 1.3240410 0.5407071 -0.5405971 0.4557144 -0.4557576
26876.637000 1.3418023 -0.0123449 1.3240683 0.5406399 -0.5405090 0.4558291 -0.4558271
26876.736000 1.3526257 -0.0124326 1.3240410 0.5407061 -0.5405968 0.4557164 -0.4557572
26876.836000 1.3724155 -0.0124619 1.3240450 0.5406397 -0.5406252 0.4557640 -0.4557546
26876.936000 1.3830574 -0.0123734 1.3239966 -0.5406642 0.5406738 -0.4557704 0.4556615
26877.036000 1.3935883 -0.0124625 1.3239687 -0.5407310 0.5407720 -0.4556565 0.4555795
26877.137000 1.4029929 -0.0123679 1.3239920 0.5406876 -0.5406803 0.4557491 -0.4556474
26877.236000 1.4223972 -0.0124361 1.3240453 0.5406930 -0.5405812 0.4557279 -0.4557797
26877.336000 1.4335872 -0.0124658 1.3239698 -0.5407228 0.5407689 -0.4556640 0.4555856
26877.436000 1.4421952 -0.0123437 1.3240686 0.5406409 -0.5405047 0.4558293 -0.4558308
26877.536000 1.4528814 -0.0123651 1.3239929 0.5406881 -0.5406752 0.4557503 -0.4556515
26877.636000 1.4626298 -0.0124314 1.3240404 0.5407117 -0.5405920 0.4557117 -0.4557608
26877.736000 1.4820554 -0.0123579 1.3240645 0.5406456 -0.5405254 0.4558176 -0.4558124
26877.836000 1.4930174 -0.0123661 1.3240020 0.5406787 -0.5406177 0.4557561 -0.4557250
26877.936000 1.5028731 -0.0123668 1.3239938 0.5406805 -0.5406804 0.4557569 -0.4556480
26878.036000 1.5126181 -0.0124334 1.3240417 0.5407054 -0.5405953 0.4557171 -0.4557591
26878.136000 1.5234080 -0.0124609 1.3239669 -0.5407436 0.5407689 -0.4556445 0.4555803
26878.236000 1.5330786 -0.0123674 1.3239925 0.5406859 -0.5406802 0.4557510 -0.4556476
26878.336000 1.5430749 -0.0123649 1.3239927 0.5406864 -0.5406771 0.4557518 -0.4556498
26878.436000 1.5628863 -0.0122820 1.3239897 0.5406904 -0.5406747 0.4557786 -0.4556211
26878.536000 1.5732242 -0.0124080 1.3239839 -0.5406260 0.5407139 -0.4557694 0.4556603
26878.637000 1.5833904 -0.0124591 1.3239682 -0.5407361 0.5407698 -0.4556528 0.4555799
26878.736000 1.5929810 -0.0123692 1.3239927 0.5406839 -0.5406826 0.4557521 -0.4556460
26878.837000 1.5933033 -0.0123596 1.3239900 0.5407012 -0.5406635 0.4557398 -0.4556605
26878.936000 1.5933350 -0.0123537 1.3239869 0.5407199 -0.5406481 0.4557236 -0.4556727
26879.036000 1.5937881 -0.0124399 1.3239580 0.5407968 -0.5407231 0.4556007 -0.4556154
26879.136000 1.5934006 -0.0123442 1.3239805 0.5407615 -0.5406229 0.4556851 -0.4556917
26879.236000 1.5938499 -0.0124303 1.3239519 0.5408399 -0.5406995 0.4555603 -0.4556326
26879.336000 1.5934591 -0.0123346 1.3239746 0.5408058 -0.5406005 0.4556434 -0.4557076
26879.436000 1.5938850 -0.0124160 1.3239474 0.5408820 -0.5406736 0.4555230 -0.4556507
26879.536000 1.5934972 -0.0123215 1.3239699 0.5408494 -0.5405761 0.4556039 -0.4557242
26879.636000 1.5935102 -0.0123139 1.3239680 0.5408709 -0.5405632 0.4555850 -0.4557329
26879.736000 1.5935314 -0.0123082 1.3239655 0.5408936 -0.5405523 0.4555637 -0.4557401
26879.836000 1.5939801 -0.0123950 1.3239369 0.5409740 -0.5406314 0.4554362 -0.4556782
26879.936000 1.5935814 -0.0122986 1.3239602 0.5409407 -0.5405326 0.4555186 -0.4557526
26880.037000 1.5940215 -0.0123835 1.3239321 0.5410202 -0.5406102 0.4553929 -0.4556918
26880.136000 1.5936268 -0.0122872 1.3239550 0.5409880 -0.5405125 0.4554740 -0.4557648
26880.236000 1.5936196 -0.0122796 1.3239549 0.5410057 -0.5404958 0.4554596 -0.4557781
26880.336000 1.5936414 -0.0122738 1.3239524 0.5410293 -0.5404857 0.4554374 -0.4557842
26880.436000 1.5940924 -0.0123614 1.3239237 0.5411105 -0.5405656 0.4553086 -0.4557218
26880.536000 1.5936867 -0.0122643 1.3239475 0.5410761 -0.5404658 0.4553926 -0.4557970
26880.636000 1.5941188 -0.0123480 1.3239200 0.5411546 -0.5405417 0.4552685 -0.4557377
26880.736000 1.5941485 -0.0123450 1.3239171 0.5411789 -0.5405332 0.4552444 -0.4557431
26880.836000 1.5941648 -0.0123393 1.3239151 0.5412013 -0.5405219 0.4552236 -0.4557507
26880.936000 1.5937530 -0.0122414 1.3239394 0.5411659 -0.5404208 0.4553091 -0.4558271
26881.036000 1.5937597 -0.0122337 1.3239380 0.5411870 -0.5404075 0.4552907 -0.4558363
26881.136000 1.5941986 -0.0123192 1.3239101 0.5412662 -0.5404848 0.4551651 -0.4557762
26881.236000 1.5938031 -0.0122251 1.3239334 0.5412328 -0.5403872 0.4552467 -0.4558500
26881.337000 1.5938046 -0.0122165 1.3239324 0.5412531 -0.5403725 0.4552295 -0.4558603
26881.436000 1.5938189 -0.0122108 1.3239306 0.5412750 -0.5403607 0.4552093 -0.4558685
26881.536000 1.5938329 -0.0122050 1.3239288 0.5412968 -0.5403488 0.4551892 -0.4558768
26881.636000 1.5938466 -0.0121993 1.3239270 0.5413186 -0.5403369 0.4551692 -0.4558852
26881.736000 1.5942796 -0.0122837 1.3238995 0.5413966 -0.5404129 0.4550453 -0.4558261
26881.836000 1.5938822 -0.0121897 1.3239231 0.5413630 -0.5403146 0.4551272 -0.4559007
26881.936000 1.5938862 -0.0121821 1.3239219 0.5413833 -0.5403005 0.4551097 -0.4559108
26882.036000 1.5943221 -0.0122672 1.3238943 0.5414618 -0.5403770 0.4549850 -0.4558515
26882.136000 1.5943477 -0.0122642 1.3238918 0.5414849 -0.5403674 0.4549621 -0.4558581
26854.787000 0.0924221 -0.0123358 1.3240646 0.5406616 -0.5404952 0.4558120 -0.4558348
26854.787000 0.0924221 -0.0123358 1.3240646 0.5406616 -0.5404952 0.4558120 -0.4558348
26854.836000 0.0924221 -0.0123358 1.3240646 0.5406616 -0.5404952 0.4558120 -0.4558348
26854.936000 0.0924546 -0.0123300 1.3240615 0.5406796 -0.5404798 0.4557967 -0.4558470
26855.036000 0.0924846 -0.0123243 1.3240585 0.5406990 -0.5404656 0.4557795 -0.4558581
26855.136000 0.0925126 -0.0123187 1.3240557 0.5407194 -0.5404523 0.4557611 -0.4558680
26855.236000 0.0929625 -0.0124048 1.3240273 0.5407974 -0.5405290 0.4556367 -0.4558089
26855.336000 0.0925768 -0.0123102 1.3240494 0.5407640 -0.5404306 0.4557185 -0.4558834
26855.436000 0.0930153 -0.0123944 1.3240218 0.5408419 -0.5405061 0.4555951 -0.4558248
26855.536000 0.0930468 -0.0123906 1.3240187 0.5408655 -0.5404967 0.4555721 -0.4558310
26855.637000 0.0930686 -0.0123849 1.3240163 0.5408880 -0.5404856 0.4555512 -0.4558384
26855.736000 0.0926573 -0.0122858 1.3240400 0.5408524 -0.5403838 0.4556374 -0.4559151
26855.836000 0.0931012 -0.0123716 1.3240120 0.5409322 -0.5404618 0.4555110 -0.4558543
26855.936000 0.0927056 -0.0122763 1.3240349 0.5408990 -0.5403636 0.4555929 -0.4559282
26856.036000 0.0927109 -0.0122678 1.3240335 0.5409198 -0.5403498 0.4555752 -0.4559377
26856.136000 0.0927262 -0.0122622 1.3240316 0.5409417 -0.5403381 0.4555549 -0.4559458
26856.236000 0.0931894 -0.0123488 1.3240019 0.5410261 -0.5404209 0.4554228 -0.4558796
26856.336000 0.0932105 -0.0123450 1.3239998 0.5410486 -0.5404104 0.4554010 -0.4558870
26856.436000 0.0928072 -0.0122489 1.3240232 0.5410142 -0.5403112 0.4554846 -0.4559619
26856.537000 0.0932301 -0.0123308 1.3239966 0.5410914 -0.5403852 0.4553629 -0.4559042
26856.636000 0.0932599 -0.0123279 1.3239938 0.5411158 -0.5403766 0.4553386 -0.4559097
26856.736000 0.0928568 -0.0122318 1.3240172 0.5410815 -0.5402774 0.4554220 -0.4559845
26856.836000 0.0932834 -0.0123146 1.3239903 0.5411593 -0.5403521 0.4552992 -0.4559264
26856.936000 0.0928845 -0.0122195 1.3240136 0.5411257 -0.5402536 0.4553815 -0.4560007
26857.036000 0.0933149 -0.0123032 1.3239865 0.5412038 -0.5403292 0.4552580 -0.4559419
26857.136000 0.0933389 -0.0122994 1.3239840 0.5412271 -0.5403195 0.4552353 -0.4559483
26857.237000 0.0933538 -0.0122936 1.3239822 0.5412492 -0.5403078 0.4552149 -0.4559563
26857.337000 0.0933685 -0.0122879 1.3239804 0.5412711 -0.5402961 0.4551946 -0.4559644
26857.436000 0.0933828 -0.0122822 1.3239786 0.5412930 -0.5402843 0.4551744 -0.4559726
26857.536000 0.0933969 -0.0122765 1.3239768 0.5413148 -0.5402724 0.4551543 -0.4559808
26857.637000 0.0929873 -0.0121798 1.3240008 0.5412795 -0.5401717 0.4552394 -0.4560572
26857.736000 0.0934153 -0.0122632 1.3239738 0.5413570 -0.5402466 0.4551165 -0.4559990
26857.836000 0.0934374 -0.0122593 1.3239716 0.5413798 -0.5402364 0.4550945 -0.4560061
26857.936000 0.0934504 -0.0122536 1.3239699 0.5414013 -0.5402242 0.4550747 -0.4560147
26858.036000 0.0930394 -0.0121570 1.3239941 0.5413656 -0.5401231 0.4551602 -0.4560915
26858.136000 0.0934667 -0.0122403 1.3239672 0.5414429 -0.5401978 0.4550377 -0.4560336
26858.236000 0.0934877 -0.0122364 1.3239651 0.5414654 -0.5401872 0.4550160 -0.4560411
26858.336000 0.0930760 -0.0121399 1.3239893 0.5414295 -0.5400859 0.4551017 -0.4561181
26858.437000 0.0935024 -0.0122231 1.3239625 0.5415066 -0.5401604 0.4549794 -0.4560605
26858.536000 0.0935227 -0.0122193 1.3239605 0.5415288 -0.5401496 0.4549580 -0.4560682
26858.636000 0.0935339 -0.0122135 1.3239590 0.5415499 -0.5401369 0.4549388 -0.4560773
26858.737000 0.0935449 -0.0122079 1.3239575 0.5415706 -0.5401243 0.4549199 -0.4560865
26858.836000 0.0931234 -0.0121095 1.3239824 0.5415334 -0.5400208 0.4550079 -0.4561654
26858.936000 0.0935574 -0.0121945 1.3239552 0.5416113 -0.5400967 0.4548839 -0.4561068
26859.036000 0.0931527 -0.0121000 1.3239791 0.5415762 -0.5399968 0.4549680 -0.4561830
26859.137000 0.0931498 -0.0120915 1.3239785 0.5415951 -0.5399810 0.4549524 -0.4561946
26859.236000 0.0931596 -0.0120858 1.3239771 0.5416157 -0.5399680 0.4549337 -0.4562043
26859.336000 0.0935969 -0.0121715 1.3239497 0.5416940 -0.5400445 0.4548089 -0.4561452
26859.436000 0.0936152 -0.0121677 1.3239479 0.5417157 -0.5400332 0.4547881 -0.4561536
26859.536000 0.0936243 -0.0121620 1.3239466 0.5417361 -0.5400199 0.4547696 -0.4561634
26859.636000 0.0936333 -0.0121562 1.3239453 0.5417565 -0.5400066 0.4547512 -0.4561733
26859.736000 0.0936421 -0.0121505 1.3239440 0.5417768 -0.5399933 0.4547328 -0.4561833
26859.836000 0.0932271 -0.0120543 1.3239687 0.5417400 -0.5398911 0.4548196 -0.4562615
26859.936000 0.0932225 -0.0120459 1.3239682 0.5417585 -0.5398749 0.4548045 -0.4562737
26860.036000 0.0936584 -0.0121314 1.3239409 0.5418363 -0.5399510 0.4546803 -0.4562151
26860.136000 0.0936752 -0.0121276 1.3239392 0.5418576 -0.5399392 0.4546600 -0.4562239
26860.236000 0.0932595 -0.0120315 1.3239639 0.5418206 -0.5398369 0.4547470 -0.4563023
26860.336000 0.0936818 -0.0121142 1.3239375 0.5418965 -0.5399101 0.4546261 -0.4562460
26860.436000 0.0932660 -0.0120183 1.3239622 0.5418594 -0.5398076 0.4547132 -0.4563245
26860.536000 0.0936967 -0.0121028 1.3239352 0.5419364 -0.5398826 0.4545902 -0.4562669
26860.636000 0.0932803 -0.0120069 1.3239600 0.5418992 -0.5397800 0.4546774 -0.4563455
26860.736000 0.0932828 -0.0120002 1.3239592 0.5419184 -0.5397652 0.4546608 -0.4563569
26860.836000 0.0937173 -0.0120855 1.3239320 0.5419958 -0.5398409 0.4545370 -0.4562987
26860.936000 0.0933006 -0.0119897 1.3239569 0.5419585 -0.5397382 0.4546243 -0.4563775
26861.036000 0.0937305 -0.0120741 1.3239300 0.5420353 -0.5398129 0.4545017 -0.4563201
26861.136000 0.0937454 -0.0120702 1.3239284 0.5420560 -0.5398006 0.4544820 -0.4563296
26861.236000 0.0937515 -0.0120645 1.3239274 0.5420756 -0.5397865 0.4544645 -0.4563404
26861.336000 0.0933338 -0.0119687 1.3239524 0.5420380 -0.5396836 0.4545521 -0.4564195
26861.436000 0.0937502 -0.0120503 1.3239263 0.5421127 -0.5397555 0.4544331 -0.4563643
26861.536000 0.0937689 -0.0120473 1.3239246 0.5421341 -0.5397438 0.4544123 -0.4563733
26861.636000 0.0937743 -0.0120415 1.3239236 0.5421535 -0.5397295 0.4543950 -0.4563844
26861.736000 0.0937797 -0.0120358 1.3239227 0.5421729 -0.5397152 0.4543778 -0.4563955
26861.836000 0.0933527 -0.0119384 1.3239483 0.5421339 -0.5396103 0.4544677 -0.4564763
26861.936000 0.0937813 -0.0120225 1.3239215 0.5422104 -0.5396846 0.4543456 -0.4564193
26862.036000 0.0933627 -0.0119270 1.3239465 0.5421725 -0.5395814 0.4544335 -0.4564987
26862.136000 0.0937910 -0.0120110 1.3239198 0.5422488 -0.5396556 0.4543114 -0.4564419
26862.237000 0.0938042 -0.0120071 1.3239184 0.5422692 -0.5396429 0.4542923 -0.4564518
26862.336000 0.0938087 -0.0120014 1.3239176 0.5422883 -0.5396283 0.4542753 -0.4564632
26862.436000 0.0938131 -0.0119957 1.3239167 0.5423074 -0.5396136 0.4542584 -0.4564747
26862.536000 0.0933979 -0.0119012 1.3239416 0.5422697 -0.5395114 0.4543456 -0.4565536
26862.636000 0.0933849 -0.0118918 1.3239419 0.5422866 -0.5394929 0.4543329 -0.4565680
26862.736000 0.0938124 -0.0119757 1.3239152 0.5423625 -0.5395670 0.4542112 -0.4565112
26862.836000 0.0938293 -0.0119727 1.3239136 0.5423834 -0.5395548 0.4541911 -0.4565209
26862.936000 0.0934137 -0.0118784 1.3239385 0.5423456 -0.5394524 0.4542785 -0.4565999
26863.036000 0.0938278 -0.0119594 1.3239127 0.5424200 -0.5395233 0.4541599 -0.4565456
26863.136000 0.0938402 -0.0119555 1.3239114 0.5424401 -0.5395103 0.4541410 -0.4565559
26863.236000 0.0934158 -0.0118595 1.3239369 0.5424010 -0.5394060 0.4542306 -0.4566365
26863.336000 0.0938382 -0.0119422 1.3239105 0.5424765 -0.5394786 0.4541100 -0.4565809
26863.437000 0.0934265 -0.0118489 1.3239352 0.5424393 -0.5393768 0.4541963 -0.4566596
26863.536000 0.0938443 -0.0119307 1.3239091 0.5425140 -0.5394486 0.4540770 -0.4566046
26863.636000 0.0934325 -0.0118375 1.3239338 0.5424767 -0.5393468 0.4541633 -0.4566834
26863.736000 0.0934223 -0.0118291 1.3239340 0.5424936 -0.5393290 0.4541501 -0.4566974
26863.837000 0.0934251 -0.0118234 1.3239333 0.5425123 -0.5393139 0.4541337 -0.4567094
26863.936000 0.0938555 -0.0119078 1.3239065 0.5425886 -0.5393883 0.4540114 -0.4566525
26864.036000 0.0938669 -0.0119040 1.3239053 0.5426084 -0.5393750 0.4539929 -0.4566631
26864.136000 0.0938693 -0.0118982 1.3239047 0.5426270 -0.5393598 0.4539766 -0.4566752
26864.237000 0.0934438 -0.0118025 1.3239303 0.5425876 -0.5392553 0.4540665 -0.4567561
26864.336000 0.0938651 -0.0118849 1.3239040 0.5426628 -0.5393275 0.4539462 -0.4567009
26864.436000 0.0934524 -0.0117919 1.3239288 0.5426253 -0.5392255 0.4540328 -0.4567799
26864.536000 0.0938692 -0.0118735 1.3239028 0.5426997 -0.5392970 0.4539139 -0.4567253
26864.637000 0.0938800 -0.0118696 1.3239017 0.5427193 -0.5392835 0.4538956 -0.4567361
26864.736000 0.0938819 -0.0118639 1.3239011 0.5427376 -0.5392683 0.4538796 -0.4567482
26864.836000 0.0934515 -0.0117673 1.3239271 0.5426977 -0.5391624 0.4539704 -0.4568303
26864.937000 0.0938767 -0.0118506 1.3239006 0.5427733 -0.5392356 0.4538495 -0.4567744
26865.036000 0.0938870 -0.0118467 1.3238995 0.5427928 -0.5392219 0.4538313 -0.4567853
26865.137000 0.0938885 -0.0118410 1.3238990 0.5428111 -0.5392065 0.4538153 -0.4567977
26865.236000 0.0938899 -0.0118352 1.3238984 0.5428294 -0.5391910 0.4537993 -0.4568101
26865.336000 0.0934676 -0.0117406 1.3239239 0.5427904 -0.5390869 0.4538883 -0.4568909
26865.436000 0.0934559 -0.0117322 1.3239242 0.5428069 -0.5390687 0.4538756 -0.4569054
26865.536000 0.1030617 -0.0123532 1.3239930 0.5407234 -0.5406397 0.4557205 -0.4556816
26865.636000 0.1037393 -0.0124526 1.3239633 0.5407638 -0.5407502 0.4556287 -0.4555944
26865.736000 0.1037751 -0.0124477 1.3239599 0.5407832 -0.5407359 0.4556113 -0.4556058
26865.836000 0.1038042 -0.0124419 1.3239570 0.5408030 -0.5407220 0.4555936 -0.4556164
26865.936000 0.1038314 -0.0124362 1.3239541 0.5408237 -0.5407090 0.4555748 -0.4556260
26866.036000 0.1135624 -0.0125042 1.3239572 -0.5406873 0.5408038 -0.4556579 0.4555924
26866.136000 0.1221045 -0.0123438 1.3240671 0.5406476 -0.5405081 0.4558220 -0.4558262
26866.236000 0.1427784 -0.0124259 1.3240154 -0.5406145 0.5406458 -0.4558104 0.4557137
26866.336000 0.1530501 -0.0123701 1.3239964 -0.5406689 0.5406743 -0.4557685 0.4556572
26866.436000 0.1724325 -0.0124599 1.3240437 0.5406454 -0.5406165 0.4557573 -0.4557649
26866.536000 0.1826108 -0.0124377 1.3240447 0.5406879 -0.5405901 0.4557335 -0.4557696
26866.636000 0.1935883 -0.0124649 1.3239696 -0.5407256 0.5407683 -0.4556617 0.4555852
26866.736000 0.2030833 -0.0123673 1.3239924 0.5406862 -0.5406800 0.4557507 -0.4556477
26866.836000 0.2124312 -0.0124299 1.3240411 0.5407097 -0.5405910 0.4557145 -0.4557617
26866.936000 0.2232198 -0.0124588 1.3239658 -0.5407498 0.5407646 -0.4556394 0.4555832
26867.036000 0.2335107 -0.0124587 1.3239656 -0.5407479 0.5407666 -0.4556411 0.4555814
26867.136000 0.2430813 -0.0123672 1.3239924 0.5406864 -0.5406798 0.4557506 -0.4556478
26867.237000 0.2433073 -0.0123589 1.3239896 0.5407034 -0.5406615 0.4557379 -0.4556620
26867.336000 0.2433386 -0.0123531 1.3239865 0.5407222 -0.5406464 0.4557216 -0.4556740
26867.437000 0.2433677 -0.0123473 1.3239835 0.5407421 -0.5406325 0.4557038 -0.4556846
26867.536000 0.2433949 -0.0123417 1.3239807 0.5407628 -0.5406196 0.4556850 -0.4556942
26867.636000 0.2520884 -0.0123409 1.3240688 0.5406436 -0.5405014 0.4558279 -0.4558330
26867.737000 0.2620911 -0.0123410 1.3240679 0.5406436 -0.5405076 0.4558271 -0.4558264
26867.836000 0.2726182 -0.0124338 1.3240419 0.5407018 -0.5405978 0.4557203 -0.4557573
26867.936000 0.2830769 -0.0123681 1.3239930 0.5406858 -0.5406792 0.4557511 -0.4556488
26868.036000 0.2921028 -0.0123395 1.3240668 0.5406512 -0.5405041 0.4558204 -0.4558282
26868.136000 0.3026295 -0.0124319 1.3240406 0.5407082 -0.5405954 0.4557147 -0.4557581
26868.236000 0.3233491 -0.0126415 1.3239655 -0.5407103 0.5408142 -0.4556089 0.4556017
26868.336000 0.3330563 -0.0123457 1.3239850 0.5407002 -0.5406392 0.4557686 -0.4556616
26868.436000 0.3420746 -0.0123670 1.3240714 0.5405808 -0.5405333 0.4558727 -0.4558249
26868.536000 0.3526182 -0.0124338 1.3240419 0.5407017 -0.5405978 0.4557203 -0.4557572
26868.637000 0.3626433 -0.0124333 1.3240398 0.5407107 -0.5405962 0.4557115 -0.4557574
26868.736000 0.3828620 -0.0123712 1.3239955 -0.5406704 0.5406775 -0.4557660 0.4556542
26868.836000 0.3933866 -0.0124599 1.3239688 -0.5407330 0.5407698 -0.4556557 0.4555806
26868.937000 0.4034118 -0.0124597 1.3239661 -0.5407453 0.5407688 -0.4556432 0.4555797
26869.036000 0.4217944 -0.0123451 1.3240687 0.5406405 -0.5405050 0.4558288 -0.4558315
26869.137000 0.4333951 -0.0124575 1.3239673 -0.5407438 0.5407652 -0.4556462 0.4555828
26869.236000 0.4434117 -0.0124596 1.3239661 -0.5407455 0.5407686 -0.4556430 0.4555799
26869.336000 0.4534117 -0.0124596 1.3239661 -0.5407455 0.5407687 -0.4556431 0.4555798
26869.436000 0.4726222 -0.0127208 1.3240189 -0.5406793 0.5406891 -0.4556286 0.4557674
26869.536000 0.4826264 -0.0124424 1.3240420 0.5406973 -0.5405997 0.4557214 -0.4557592
26869.636000 0.4926262 -0.0124361 1.3240418 0.5407008 -0.5405993 0.4557202 -0.4557568
26869.736000 0.5026308 -0.0124354 1.3240412 0.5407041 -0.5405996 0.4557170 -0.4557556
26869.836000 0.5126342 -0.0124349 1.3240407 0.5407061 -0.5405991 0.4557152 -0.4557555
26869.936000 0.5234135 -0.0124598 1.3239663 -0.5407469 0.5407670 -0.4556418 0.4555814
26870.037000 0.5321167 -0.0123417 1.3240656 0.5406549 -0.5405056 0.4558155 -0.4558269
26870.136000 0.5523943 -0.0124588 1.3240459 -0.5406323 0.5406330 -0.4557761 0.4557420
26870.237000 0.5630610 -0.0123719 1.3239957 -0.5406681 0.5406782 -0.4557679 0.4556541
26870.336000 0.5720875 -0.0123418 1.3240691 0.5406400 -0.5405026 0.4558312 -0.4558325
26870.436000 0.5923735 -0.0124603 1.3240484 -0.5406156 0.5406347 -0.4557941 0.4557418
26870.537000 0.6021098 -0.0123435 1.3240667 0.5406470 -0.5405106 0.4558223 -0.4558236
26870.636000 0.6231119 -0.0124589 1.3239657 -0.5407326 0.5407787 -0.4556562 0.4555700
26870.736000 0.6323243 -0.0123649 1.3240525 0.5406134 -0.5405404 0.4558374 -0.4558129
26870.836000 0.6433689 -0.0124529 1.3239722 0.5407552 -0.5407169 0.4556352 -0.4556376
26870.936000 0.6530511 -0.0123743 1.3239978 -0.5406545 0.5406706 -0.4557803 0.4556670
26871.036000 0.6626057 -0.0124358 1.3240444 0.5406930 -0.5405890 0.4557288 -0.4557695
26871.136000 0.6726214 -0.0124367 1.3240427 0.5406964 -0.5405970 0.4557247 -0.4557600
26871.236000 0.6835960 -0.0124627 1.3239680 -0.5407369 0.5407704 -0.4556507 0.4555804
26871.336000 0.6924418 -0.0124354 1.3240413 0.5407063 -0.5405969 0.4557152 -0.4557581
26871.436000 0.7117886 -0.0123452 1.3240687 0.5406405 -0.5405050 0.4558288 -0.4558314
26871.536000 0.7219910 -0.0123416 1.3240685 0.5406403 -0.5405066 0.4558304 -0.4558282
26871.636000 0.7330597 -0.0123671 1.3239941 0.5406814 -0.5406783 0.4557561 -0.4556501
26871.736000 0.7435977 -0.0124605 1.3239673 -0.5407391 0.5407712 -0.4556490 0.4555784
26871.836000 0.7620156 -0.0123492 1.3240662 0.5406383 -0.5405205 0.4558286 -0.4558159
26871.936000 0.7729825 -0.0123766 1.3240042 0.5406564 -0.5406379 0.4557716 -0.4557120
26872.036000 0.7830645 -0.0123670 1.3239939 -0.5406797 0.5406806 -0.4557576 0.4556479
26872.136000 0.8032794 -0.0124638 1.3239704 -0.5407217 0.5407670 -0.4556661 0.4555870
26872.236000 0.8129871 -0.0123686 1.3239923 0.5406859 -0.5406815 0.4557505 -0.4556466
26872.337000 0.8323734 -0.0124603 1.3240484 -0.5406157 0.5406347 -0.4557941 0.4557418
26872.436000 0.8430576 -0.0123573 1.3239970 0.5407124 -0.5406216 0.4557289 -0.4557079
26872.536000 0.8526097 -0.0124353 1.3240437 0.5406960 -0.5405925 0.4557260 -0.4557646
26872.636000 0.8726880 -0.0123685 1.3240138 0.5406364 -0.5406237 0.4558084 -0.4557158
26872.736000 0.8834760 -0.0124458 1.3239719 0.5407672 -0.5407073 0.4556292 -0.4556408
26872.836000 0.8933915 -0.0124642 1.3239696 -0.5407247 0.5407692 -0.4556628 0.4555841
26872.936000 0.9030645 -0.0123703 1.3239944 -0.5406750 0.5406828 -0.4557609 0.4556475
26873.036000 0.9130607 -0.0123678 1.3239945 -0.5406766 0.5406810 -0.4557604 0.4556483
26873.136000 0.9220953 -0.0123408 1.3240677 0.5406466 -0.5405053 0.4558245 -0.4558282
26873.236000 0.9330661 -0.0123662 1.3239935 0.5406846 -0.5406773 0.4557532 -0.4556503
26873.336000 0.9433987 -0.0124574 1.3239672 -0.5407420 0.5407672 -0.4556477 0.4555811
26873.436000 0.9526378 -0.0124338 1.3240401 0.5407114 -0.5405951 0.4557107 -0.4557585
26873.536000 0.9626425 -0.0124334 1.3240398 0.5407105 -0.5405964 0.4557116 -0.4557573
26873.636000 0.9833159 -0.0124657 1.3239665 -0.5407348 0.5407776 -0.4556518 0.4555732
26873.736000 0.9925825 -0.0124628 1.3240490 0.5406230 -0.5406178 0.4557824 -0.4557649
26873.837000 1.0026291 -0.0124357 1.3240414 0.5407028 -0.5405998 0.4557182 -0.4557557
26873.936000 1.0134080 -0.0124609 1.3239669 -0.5407435 0.5407690 -0.4556446 0.4555802
26874.036000 1.0228930 -0.0123692 1.3239920 0.5406874 -0.5406816 0.4557486 -0.4556465
26874.137000 1.0323006 -0.0123390 1.3240664 0.5406528 -0.5405032 0.4558191 -0.4558287
26874.236000 1.0426366 -0.0124314 1.3240403 0.5407097 -0.5405942 0.4557135 -0.4557589
26874.336000 1.0628013 -0.0124110 1.3239887 -0.5406889 0.5407133 -0.4557285 0.4556272
26874.436000 1.0728679 -0.0123694 1.3239945 -0.5406787 0.5406793 -0.4557579 0.4556503
26874.536000 1.0928361 -0.0123723 1.3239984 -0.5406534 0.5406687 -0.4557824 0.4556685
26874.636000 1.1033773 -0.0124617 1.3239707 -0.5407211 0.5407661 -0.4556679 0.4555870
26874.736000 1.1123008 -0.0123409 1.3240667 0.5406506 -0.5405059 0.4558203 -0.4558270
26874.836000 1.1234043 -0.0124569 1.3239670 -0.5407457 0.5407639 -0.4556446 0.4555837
26874.936000 1.1424018 -0.0124607 1.3240451 -0.5406311 0.5406418 -0.4557775 0.4557318
26875.036000 1.1530599 -0.0123728 1.3239959 -0.5406653 0.5406788 -0.4557702 0.4556544
26875.136000 1.1626128 -0.0124347 1.3240433 0.5406975 -0.5405927 0.4557249 -0.4557637
26875.236000 1.1730697 -0.0123695 1.3239939 0.5406803 -0.5406803 0.4557561 -0.4556491
26875.336000 1.1826215 -0.0124335 1.3240418 0.5407048 -0.5405953 0.4557176 -0.4557592
26875.436000 1.1934096 -0.0124606 1.3239667 -0.5407447 0.5407684 -0.4556437 0.4555805
26875.537000 1.2021145 -0.0123421 1.3240658 0.5406538 -0.5405064 0.4558165 -0.4558264
26875.636000 1.2134011 -0.0124562 1.3239667 -0.5407473 0.5407625 -0.4556433 0.4555847
26875.736000 1.2235149 -0.0124587 1.3239656 -0.5407479 0.5407666 -0.4556411 0.4555813
26875.836000 1.2428591 -0.0123716 1.3239960 -0.5406653 0.5406789 -0.4557709 0.4556537
26875.937000 1.2520053 -0.0123400 1.3240671 0.5406496 -0.5405050 0.4558217 -0.4558277
26876.036000 1.2630688 -0.0123653 1.3239930 0.5406876 -0.5406756 0.4557507 -0.4556512
26876.136000 1.2828446 -0.0123608 1.3239981 0.5406981 -0.5406278 0.4557405 -0.4557058
26876.236000 1.2920844 -0.0123423 1.3240695 0.5406385 -0.5405024 0.4558323 -0.4558334
26876.336000 1.3030580 -0.0123678 1.3239946 -0.5406782 0.5406785 -0.4557591 0.4556507
26876.436000 1.3133913 -0.0124589 1.3239681 -0.5407370 0.5407694 -0.4556520 0.4555800
26876.536000 1.3226299 -0.0124352 1.3240410 0.5407071 -0.5405971 0.4557144 -0.4557576
26876.637000 1.3418023 -0.0123449 1.3240683 0.5406399 -0.5405090 0.4558291 -0.4558271
26876.736000 1.3526257 -0.0124326 1.3240410 0.5407061 -0.5405968 0.4557164 -0.4557572
26876.836000 1.3724155 -0.0124619 1.3240450 0.5406397 -0.5406252 0.4557640 -0.4557546
26876.936000 1.3830574 -0.0123734 1.3239966 -0.5406642 0.5406738 -0.4557704 0.4556615
26877.036000 1.3935883 -0.0124625 1.3239687 -0.5407310 0.5407720 -0.4556565 0.4555795
26877.137000 1.4029929 -0.0123679 1.3239920 0.5406876 -0.5406803 0.4557491 -0.4556474
26877.236000 1.4223972 -0.0124361 1.3240453 0.5406930 -0.5405812 0.4557279 -0.4557797
26877.336000 1.4335872 -0.0124658 1.3239698 -0.5407228 0.5407689 -0.4556640 0.4555856
26877.436000 1.4421952 -0.0123437 1.3240686 0.5406409 -0.5405047 0.4558293 -0.4558308
26877.536000 1.4528814 -0.0123651 1.3239929 0.5406881 -0.5406752 0.4557503 -0.4556515
26877.636000 1.4626298 -0.0124314 1.3240404 0.5407117 -0.5405920 0.4557117 -0.4557608
26877.736000 1.4820554 -0.0123579 1.3240645 0.5406456 -0.5405254 0.4558176 -0.4558124
26877.836000 1.4930174 -0.0123661 1.3240020 0.5406787 -0.5406177 0.4557561 -0.4557250
26877.936000 1.5028731 -0.0123668 1.3239938 0.5406805 -0.5406804 0.4557569 -0.4556480
26878.036000 1.5126181 -0.0124334 1.3240417 0.5407054 -0.5405953 0.4557171 -0.4557591
26878.136000 1.5234080 -0.0124609 1.3239669 -0.5407436 0.5407689 -0.4556445 0.4555803
26878.236000 1.5330786 -0.0123674 1.3239925 0.5406859 -0.5406802 0.4557510 -0.4556476
26878.336000 1.5430749 -0.0123649 1.3239927 0.5406864 -0.5406771 0.4557518 -0.4556498
26878.436000 1.5628863 -0.0122820 1.3239897 0.5406904 -0.5406747 0.4557786 -0.4556211
26878.536000 1.5732242 -0.0124080 1.3239839 -0.5406260 0.5407139 -0.4557694 0.4556603
26878.637000 1.5833904 -0.0124591 1.3239682 -0.5407361 0.5407698 -0.4556528 0.4555799
26878.736000 1.5929810 -0.0123692 1.3239927 0.5406839 -0.5406826 0.4557521 -0.4556460
26878.837000 1.5933033 -0.0123596 1.3239900 0.5407012 -0.5406635 0.4557398 -0.4556605
26878.936000 1.5933350 -0.0123537 1.3239869 0.5407199 -0.5406481 0.4557236 -0.4556727
26879.036000 1.5937881 -0.0124399 1.3239580 0.5407968 -0.5407231 0.4556007 -0.4556154
26879.136000 1.5934006 -0.0123442 1.3239805 0.5407615 -0.5406229 0.4556851 -0.4556917
26879.236000 1.5938499 -0.0124303 1.3239519 0.5408399 -0.5406995 0.4555603 -0.4556326
26879.336000 1.5934591 -0.0123346 1.3239746 0.5408058 -0.5406005 0.4556434 -0.4557076
26879.436000 1.5938850 -0.0124160 1.3239474 0.5408820 -0.5406736 0.4555230 -0.4556507
26879.536000 1.5934972 -0.0123215 1.3239699 0.5408494 -0.5405761 0.4556039 -0.4557242
26879.636000 1.5935102 -0.0123139 1.3239680 0.5408709 -0.5405632 0.4555850 -0.4557329
26879.736000 1.5935314 -0.0123082 1.3239655 0.5408936 -0.5405523 0.4555637 -0.4557401
26879.836000 1.5939801 -0.0123950 1.3239369 0.5409740 -0.5406314 0.4554362 -0.4556782
26879.936000 1.5935814 -0.0122986 1.3239602 0.5409407 -0.5405326 0.4555186 -0.4557526
26880.037000 1.5940215 -0.0123835 1.3239321 0.5410202 -0.5406102 0.4553929 -0.4556918
26880.136000 1.5936268 -0.0122872 1.3239550 0.5409880 -0.5405125 0.4554740 -0.4557648
26880.236000 1.5936196 -0.0122796 1.3239549 0.5410057 -0.5404958 0.4554596 -0.4557781
26880.336000 1.5936414 -0.0122738 1.3239524 0.5410293 -0.5404857 0.4554374 -0.4557842
26880.436000 1.5940924 -0.0123614 1.3239237 0.5411105 -0.5405656 0.4553086 -0.4557218
26880.536000 1.5936867 -0.0122643 1.3239475 0.5410761 -0.5404658 0.4553926 -0.4557970
26880.636000 1.5941188 -0.0123480 1.3239200 0.5411546 -0.5405417 0.4552685 -0.4557377
26880.736000 1.5941485 -0.0123450 1.3239171 0.5411789 -0.5405332 0.4552444 -0.4557431
26880.836000 1.5941648 -0.0123393 1.3239151 0.5412013 -0.5405219 0.4552236 -0.4557507
26880.936000 1.5937530 -0.0122414 1.3239394 0.5411659 -0.5404208 0.4553091 -0.4558271
26881.036000 1.5937597 -0.0122337 1.3239380 0.5411870 -0.5404075 0.4552907 -0.4558363
26881.136000 1.5941986 -0.0123192 1.3239101 0.5412662 -0.5404848 0.4551651 -0.4557762
26881.236000 1.5938031 -0.0122251 1.3239334 0.5412328 -0.5403872 0.4552467 -0.4558500
26881.337000 1.5938046 -0.0122165 1.3239324 0.5412531 -0.5403725 0.4552295 -0.4558603
26881.436000 1.5938189 -0.0122108 1.3239306 0.5412750 -0.5403607 0.4552093 -0.4558685
26881.536000 1.5938329 -0.0122050 1.3239288 0.5412968 -0.5403488 0.4551892 -0.4558768
26881.636000 1.5938466 -0.0121993 1.3239270 0.5413186 -0.5403369 0.4551692 -0.4558852
26881.736000 1.5942796 -0.0122837 1.3238995 0.5413966 -0.5404129 0.4550453 -0.4558261
26881.836000 1.5938822 -0.0121897 1.3239231 0.5413630 -0.5403146 0.4551272 -0.4559007
26881.936000 1.5938862 -0.0121821 1.3239219 0.5413833 -0.5403005 0.4551097 -0.4559108
26882.036000 1.5943221 -0.0122672 1.3238943 0.5414618 -0.5403770 0.4549850 -0.4558515
26882.136000 1.5943477 -0.0122642 1.3238918 0.5414849 -0.5403674 0.4549621 -0.4558581
26882.236000 1.5943598 -0.0122585 1.3238902 0.5415062 -0.5403550 0.4549426 -0.4558670
26854.787000 0.0924221 -0.0123358 1.3240646 0.5406616 -0.5404952 0.4558120 -0.4558348
26854.787000 0.0924221 -0.0123358 1.3240646 0.5406616 -0.5404952 0.4558120 -0.4558348
26854.836000 0.0924221 -0.0123358 1.3240646 0.5406616 -0.5404952 0.4558120 -0.4558348
26854.936000 0.0924546 -0.0123300 1.3240615 0.5406796 -0.5404798 0.4557967 -0.4558470
26855.036000 0.0924846 -0.0123243 1.3240585 0.5406990 -0.5404656 0.4557795 -0.4558581
26855.136000 0.0925126 -0.0123187 1.3240557 0.5407194 -0.5404523 0.4557611 -0.4558680
26855.236000 0.0929625 -0.0124048 1.3240273 0.5407974 -0.5405290 0.4556367 -0.4558089
26855.336000 0.0925768 -0.0123102 1.3240494 0.5407640 -0.5404306 0.4557185 -0.4558834
26855.436000 0.0930153 -0.0123944 1.3240218 0.5408419 -0.5405061 0.4555951 -0.4558248
26855.536000 0.0930468 -0.0123906 1.3240187 0.5408655 -0.5404967 0.4555721 -0.4558310
26855.637000 0.0930686 -0.0123849 1.3240163 0.5408880 -0.5404856 0.4555512 -0.4558384
26855.736000 0.0926573 -0.0122858 1.3240400 0.5408524 -0.5403838 0.4556374 -0.4559151
26855.836000 0.0931012 -0.0123716 1.3240120 0.5409322 -0.5404618 0.4555110 -0.4558543
26855.936000 0.0927056 -0.0122763 1.3240349 0.5408990 -0.5403636 0.4555929 -0.4559282
26856.036000 0.0927109 -0.0122678 1.3240335 0.5409198 -0.5403498 0.4555752 -0.4559377
26856.136000 0.0927262 -0.0122622 1.3240316 0.5409417 -0.5403381 0.4555549 -0.4559458
26856.236000 0.0931894 -0.0123488 1.3240019 0.5410261 -0.5404209 0.4554228 -0.4558796
26856.336000 0.0932105 -0.0123450 1.3239998 0.5410486 -0.5404104 0.4554010 -0.4558870
26856.436000 0.0928072 -0.0122489 1.3240232 0.5410142 -0.5403112 0.4554846 -0.4559619
26856.537000 0.0932301 -0.0123308 1.3239966 0.5410914 -0.5403852 0.4553629 -0.4559042
26856.636000 0.0932599 -0.0123279 1.3239938 0.5411158 -0.5403766 0.4553386 -0.4559097
26856.736000 0.0928568 -0.0122318 1.3240172 0.5410815 -0.5402774 0.4554220 -0.4559845
26856.836000 0.0932834 -0.0123146 1.3239903 0.5411593 -0.5403521 0.4552992 -0.4559264
26856.936000 0.0928845 -0.0122195 1.3240136 0.5411257 -0.5402536 0.4553815 -0.4560007
26857.036000 0.0933149 -0.0123032 1.3239865 0.5412038 -0.5403292 0.4552580 -0.4559419
26857.136000 0.0933389 -0.0122994 1.3239840 0.5412271 -0.5403195 0.4552353 -0.4559483
26857.237000 0.0933538 -0.0122936 1.3239822 0.5412492 -0.5403078 0.4552149 -0.4559563
26857.337000 0.0933685 -0.0122879 1.3239804 0.5412711 -0.5402961 0.4551946 -0.4559644
26857.436000 0.0933828 -0.0122822 1.3239786 0.5412930 -0.5402843 0.4551744 -0.4559726
26857.536000 0.0933969 -0.0122765 1.3239768 0.5413148 -0.5402724 0.4551543 -0.4559808
26857.637000 0.0929873 -0.0121798 1.3240008 0.5412795 -0.5401717 0.4552394 -0.4560572
26857.736000 0.0934153 -0.0122632 1.3239738 0.5413570 -0.5402466 0.4551165 -0.4559990
26857.836000 0.0934374 -0.0122593 1.3239716 0.5413798 -0.5402364 0.4550945 -0.4560061
26857.936000 0.0934504 -0.0122536 1.3239699 0.5414013 -0.5402242 0.4550747 -0.4560147
26858.036000 0.0930394 -0.0121570 1.3239941 0.5413656 -0.5401231 0.4551602 -0.4560915
26858.136000 0.0934667 -0.0122403 1.3239672 0.5414429 -0.5401978 0.4550377 -0.4560336
26858.236000 0.0934877 -0.0122364 1.3239651 0.5414654 -0.5401872 0.4550160 -0.4560411
26858.336000 0.0930760 -0.0121399 1.3239893 0.5414295 -0.5400859 0.4551017 -0.4561181
26858.437000 0.0935024 -0.0122231 1.3239625 0.5415066 -0.5401604 0.4549794 -0.4560605
26858.536000 0.0935227 -0.0122193 1.3239605 0.5415288 -0.5401496 0.4549580 -0.4560682
26858.636000 0.0935339 -0.0122135 1.3239590 0.5415499 -0.5401369 0.4549388 -0.4560773
26858.737000 0.0935449 -0.0122079 1.3239575 0.5415706 -0.5401243 0.4549199 -0.4560865
26858.836000 0.0931234 -0.0121095 1.3239824 0.5415334 -0.5400208 0.4550079 -0.4561654
26858.936000 0.0935574 -0.0121945 1.3239552 0.5416113 -0.5400967 0.4548839 -0.4561068
26859.036000 0.0931527 -0.0121000 1.3239791 0.5415762 -0.5399968 0.4549680 -0.4561830
26859.137000 0.0931498 -0.0120915 1.3239785 0.5415951 -0.5399810 0.4549524 -0.4561946
26859.236000 0.0931596 -0.0120858 1.3239771 0.5416157 -0.5399680 0.4549337 -0.4562043
26859.336000 0.0935969 -0.0121715 1.3239497 0.5416940 -0.5400445 0.4548089 -0.4561452
26859.436000 0.0936152 -0.0121677 1.3239479 0.5417157 -0.5400332 0.4547881 -0.4561536
26859.536000 0.0936243 -0.0121620 1.3239466 0.5417361 -0.5400199 0.4547696 -0.4561634
26859.636000 0.0936333 -0.0121562 1.3239453 0.5417565 -0.5400066 0.4547512 -0.4561733
26859.736000 0.0936421 -0.0121505 1.3239440 0.5417768 -0.5399933 0.4547328 -0.4561833
26859.836000 0.0932271 -0.0120543 1.3239687 0.5417400 -0.5398911 0.4548196 -0.4562615
26859.936000 0.0932225 -0.0120459 1.3239682 0.5417585 -0.5398749 0.4548045 -0.4562737
26860.036000 0.0936584 -0.0121314 1.3239409 0.5418363 -0.5399510 0.4546803 -0.4562151
26860.136000 0.0936752 -0.0121276 1.3239392 0.5418576 -0.5399392 0.4546600 -0.4562239
26860.236000 0.0932595 -0.0120315 1.3239639 0.5418206 -0.5398369 0.4547470 -0.4563023
26860.336000 0.0936818 -0.0121142 1.3239375 0.5418965 -0.5399101 0.4546261 -0.4562460
26860.436000 0.0932660 -0.0120183 1.3239622 0.5418594 -0.5398076 0.4547132 -0.4563245
26860.536000 0.0936967 -0.0121028 1.3239352 0.5419364 -0.5398826 0.4545902 -0.4562669
26860.636000 0.0932803 -0.0120069 1.3239600 0.5418992 -0.5397800 0.4546774 -0.4563455
26860.736000 0.0932828 -0.0120002 1.3239592 0.5419184 -0.5397652 0.4546608 -0.4563569
26860.836000 0.0937173 -0.0120855 1.3239320 0.5419958 -0.5398409 0.4545370 -0.4562987
26860.936000 0.0933006 -0.0119897 1.3239569 0.5419585 -0.5397382 0.4546243 -0.4563775
26861.036000 0.0937305 -0.0120741 1.3239300 0.5420353 -0.5398129 0.4545017 -0.4563201
26861.136000 0.0937454 -0.0120702 1.3239284 0.5420560 -0.5398006 0.4544820 -0.4563296
26861.236000 0.0937515 -0.0120645 1.3239274 0.5420756 -0.5397865 0.4544645 -0.4563404
26861.336000 0.0933338 -0.0119687 1.3239524 0.5420380 -0.5396836 0.4545521 -0.4564195
26861.436000 0.0937502 -0.0120503 1.3239263 0.5421127 -0.5397555 0.4544331 -0.4563643
26861.536000 0.0937689 -0.0120473 1.3239246 0.5421341 -0.5397438 0.4544123 -0.4563733
26861.636000 0.0937743 -0.0120415 1.3239236 0.5421535 -0.5397295 0.4543950 -0.4563844
26861.736000 0.0937797 -0.0120358 1.3239227 0.5421729 -0.5397152 0.4543778 -0.4563955
26861.836000 0.0933527 -0.0119384 1.3239483 0.5421339 -0.5396103 0.4544677 -0.4564763
26861.936000 0.0937813 -0.0120225 1.3239215 0.5422104 -0.5396846 0.4543456 -0.4564193
26862.036000 0.0933627 -0.0119270 1.3239465 0.5421725 -0.5395814 0.4544335 -0.4564987
26862.136000 0.0937910 -0.0120110 1.3239198 0.5422488 -0.5396556 0.4543114 -0.4564419
26862.237000 0.0938042 -0.0120071 1.3239184 0.5422692 -0.5396429 0.4542923 -0.4564518
26862.336000 0.0938087 -0.0120014 1.3239176 0.5422883 -0.5396283 0.4542753 -0.4564632
26862.436000 0.0938131 -0.0119957 1.3239167 0.5423074 -0.5396136 0.4542584 -0.4564747
26862.536000 0.0933979 -0.0119012 1.3239416 0.5422697 -0.5395114 0.4543456 -0.4565536
26862.636000 0.0933849 -0.0118918 1.3239419 0.5422866 -0.5394929 0.4543329 -0.4565680
26862.736000 0.0938124 -0.0119757 1.3239152 0.5423625 -0.5395670 0.4542112 -0.4565112
26862.836000 0.0938293 -0.0119727 1.3239136 0.5423834 -0.5395548 0.4541911 -0.4565209
26862.936000 0.0934137 -0.0118784 1.3239385 0.5423456 -0.5394524 0.4542785 -0.4565999
26863.036000 0.0938278 -0.0119594 1.3239127 0.5424200 -0.5395233 0.4541599 -0.4565456
26863.136000 0.0938402 -0.0119555 1.3239114 0.5424401 -0.5395103 0.4541410 -0.4565559
26863.236000 0.0934158 -0.0118595 1.3239369 0.5424010 -0.5394060 0.4542306 -0.4566365
26863.336000 0.0938382 -0.0119422 1.3239105 0.5424765 -0.5394786 0.4541100 -0.4565809
26863.437000 0.0934265 -0.0118489 1.3239352 0.5424393 -0.5393768 0.4541963 -0.4566596
26863.536000 0.0938443 -0.0119307 1.3239091 0.5425140 -0.5394486 0.4540770 -0.4566046
26863.636000 0.0934325 -0.0118375 1.3239338 0.5424767 -0.5393468 0.4541633 -0.4566834
26863.736000 0.0934223 -0.0118291 1.3239340 0.5424936 -0.5393290 0.4541501 -0.4566974
26863.837000 0.0934251 -0.0118234 1.3239333 0.5425123 -0.5393139 0.4541337 -0.4567094
26863.936000 0.0938555 -0.0119078 1.3239065 0.5425886 -0.5393883 0.4540114 -0.4566525
26864.036000 0.0938669 -0.0119040 1.3239053 0.5426084 -0.5393750 0.4539929 -0.4566631
26864.136000 0.0938693 -0.0118982 1.3239047 0.5426270 -0.5393598 0.4539766 -0.4566752
26864.237000 0.0934438 -0.0118025 1.3239303 0.5425876 -0.5392553 0.4540665 -0.4567561
26864.336000 0.0938651 -0.0118849 1.3239040 0.5426628 -0.5393275 0.4539462 -0.4567009
26864.436000 0.0934524 -0.0117919 1.3239288 0.5426253 -0.5392255 0.4540328 -0.4567799
26864.536000 0.0938692 -0.0118735 1.3239028 0.5426997 -0.5392970 0.4539139 -0.4567253
26864.637000 0.0938800 -0.0118696 1.3239017 0.5427193 -0.5392835 0.4538956 -0.4567361
26864.736000 0.0938819 -0.0118639 1.3239011 0.5427376 -0.5392683 0.4538796 -0.4567482
26864.836000 0.0934515 -0.0117673 1.3239271 0.5426977 -0.5391624 0.4539704 -0.4568303
26864.937000 0.0938767 -0.0118506 1.3239006 0.5427733 -0.5392356 0.4538495 -0.4567744
26865.036000 0.0938870 -0.0118467 1.3238995 0.5427928 -0.5392219 0.4538313 -0.4567853
26865.137000 0.0938885 -0.0118410 1.3238990 0.5428111 -0.5392065 0.4538153 -0.4567977
26865.236000 0.0938899 -0.0118352 1.3238984 0.5428294 -0.5391910 0.4537993 -0.4568101
26865.336000 0.0934676 -0.0117406 1.3239239 0.5427904 -0.5390869 0.4538883 -0.4568909
26865.436000 0.0934559 -0.0117322 1.3239242 0.5428069 -0.5390687 0.4538756 -0.4569054
26865.536000 0.1030617 -0.0123532 1.3239930 0.5407234 -0.5406397 0.4557205 -0.4556816
26865.636000 0.1037393 -0.0124526 1.3239633 0.5407638 -0.5407502 0.4556287 -0.4555944
26865.736000 0.1037751 -0.0124477 1.3239599 0.5407832 -0.5407359 0.4556113 -0.4556058
26865.836000 0.1038042 -0.0124419 1.3239570 0.5408030 -0.5407220 0.4555936 -0.4556164
26865.936000 0.1038314 -0.0124362 1.3239541 0.5408237 -0.5407090 0.4555748 -0.4556260
26866.036000 0.1135624 -0.0125042 1.3239572 -0.5406873 0.5408038 -0.4556579 0.4555924
26866.136000 0.1221045 -0.0123438 1.3240671 0.5406476 -0.5405081 0.4558220 -0.4558262
26866.236000 0.1427784 -0.0124259 1.3240154 -0.5406145 0.5406458 -0.4558104 0.4557137
26866.336000 0.1530501 -0.0123701 1.3239964 -0.5406689 0.5406743 -0.4557685 0.4556572
26866.436000 0.1724325 -0.0124599 1.3240437 0.5406454 -0.5406165 0.4557573 -0.4557649
26866.536000 0.1826108 -0.0124377 1.3240447 0.5406879 -0.5405901 0.4557335 -0.4557696
26866.636000 0.1935883 -0.0124649 1.3239696 -0.5407256 0.5407683 -0.4556617 0.4555852
26866.736000 0.2030833 -0.0123673 1.3239924 0.5406862 -0.5406800 0.4557507 -0.4556477
26866.836000 0.2124312 -0.0124299 1.3240411 0.5407097 -0.5405910 0.4557145 -0.4557617
26866.936000 0.2232198 -0.0124588 1.3239658 -0.5407498 0.5407646 -0.4556394 0.4555832
26867.036000 0.2335107 -0.0124587 1.3239656 -0.5407479 0.5407666 -0.4556411 0.4555814
26867.136000 0.2430813 -0.0123672 1.3239924 0.5406864 -0.5406798 0.4557506 -0.4556478
26867.237000 0.2433073 -0.0123589 1.3239896 0.5407034 -0.5406615 0.4557379 -0.4556620
26867.336000 0.2433386 -0.0123531 1.3239865 0.5407222 -0.5406464 0.4557216 -0.4556740
26867.437000 0.2433677 -0.0123473 1.3239835 0.5407421 -0.5406325 0.4557038 -0.4556846
26867.536000 0.2433949 -0.0123417 1.3239807 0.5407628 -0.5406196 0.4556850 -0.4556942
26867.636000 0.2520884 -0.0123409 1.3240688 0.5406436 -0.5405014 0.4558279 -0.4558330
26867.737000 0.2620911 -0.0123410 1.3240679 0.5406436 -0.5405076 0.4558271 -0.4558264
26867.836000 0.2726182 -0.0124338 1.3240419 0.5407018 -0.5405978 0.4557203 -0.4557573
26867.936000 0.2830769 -0.0123681 1.3239930 0.5406858 -0.5406792 0.4557511 -0.4556488
26868.036000 0.2921028 -0.0123395 1.3240668 0.5406512 -0.5405041 0.4558204 -0.4558282
26868.136000 0.3026295 -0.0124319 1.3240406 0.5407082 -0.5405954 0.4557147 -0.4557581
26868.236000 0.3233491 -0.0126415 1.3239655 -0.5407103 0.5408142 -0.4556089 0.4556017
26868.336000 0.3330563 -0.0123457 1.3239850 0.5407002 -0.5406392 0.4557686 -0.4556616
26868.436000 0.3420746 -0.0123670 1.3240714 0.5405808 -0.5405333 0.4558727 -0.4558249
26868.536000 0.3526182 -0.0124338 1.3240419 0.5407017 -0.5405978 0.4557203 -0.4557572
26868.637000 0.3626433 -0.0124333 1.3240398 0.5407107 -0.5405962 0.4557115 -0.4557574
26868.736000 0.3828620 -0.0123712 1.3239955 -0.5406704 0.5406775 -0.4557660 0.4556542
26868.836000 0.3933866 -0.0124599 1.3239688 -0.5407330 0.5407698 -0.4556557 0.4555806
26868.937000 0.4034118 -0.0124597 1.3239661 -0.5407453 0.5407688 -0.4556432 0.4555797
26869.036000 0.4217944 -0.0123451 1.3240687 0.5406405 -0.5405050 0.4558288 -0.4558315
26869.137000 0.4333951 -0.0124575 1.3239673 -0.5407438 0.5407652 -0.4556462 0.4555828
26869.236000 0.4434117 -0.0124596 1.3239661 -0.5407455 0.5407686 -0.4556430 0.4555799
26869.336000 0.4534117 -0.0124596 1.3239661 -0.5407455 0.5407687 -0.4556431 0.4555798
26869.436000 0.4726222 -0.0127208 1.3240189 -0.5406793 0.5406891 -0.4556286 0.4557674
26869.536000 0.4826264 -0.0124424 1.3240420 0.5406973 -0.5405997 0.4557214 -0.4557592
26869.636000 0.4926262 -0.0124361 1.3240418 0.5407008 -0.5405993 0.4557202 -0.4557568
26869.736000 0.5026308 -0.0124354 1.3240412 0.5407041 -0.5405996 0.4557170 -0.4557556
26869.836000 0.5126342 -0.0124349 1.3240407 0.5407061 -0.5405991 0.4557152 -0.4557555
26869.936000 0.5234135 -0.0124598 1.3239663 -0.5407469 0.5407670 -0.4556418 0.4555814
26870.037000 0.5321167 -0.0123417 1.3240656 0.5406549 -0.5405056 0.4558155 -0.4558269
26870.136000 0.5523943 -0.0124588 1.3240459 -0.5406323 0.5406330 -0.4557761 0.4557420
26870.237000 0.5630610 -0.0123719 1.3239957 -0.5406681 0.5406782 -0.4557679 0.4556541
26870.336000 0.5720875 -0.0123418 1.3240691 0.5406400 -0.5405026 0.4558312 -0.4558325
26870.436000 0.5923735 -0.0124603 1.3240484 -0.5406156 0.5406347 -0.4557941 0.4557418
26870.537000 0.6021098 -0.0123435 1.3240667 0.5406470 -0.5405106 0.4558223 -0.4558236
26870.636000 0.6231119 -0.0124589 1.3239657 -0.5407326 0.5407787 -0.4556562 0.4555700
26870.736000 0.6323243 -0.0123649 1.3240525 0.5406134 -0.5405404 0.4558374 -0.4558129
26870.836000 0.6433689 -0.0124529 1.3239722 0.5407552 -0.5407169 0.4556352 -0.4556376
26870.936000 0.6530511 -0.0123743 1.3239978 -0.5406545 0.5406706 -0.4557803 0.4556670
26871.036000 0.6626057 -0.0124358 1.3240444 0.5406930 -0.5405890 0.4557288 -0.4557695
26871.136000 0.6726214 -0.0124367 1.3240427 0.5406964 -0.5405970 0.4557247 -0.4557600
26871.236000 0.6835960 -0.0124627 1.3239680 -0.5407369 0.5407704 -0.4556507 0.4555804
26871.336000 0.6924418 -0.0124354 1.3240413 0.5407063 -0.5405969 0.4557152 -0.4557581
26871.436000 0.7117886 -0.0123452 1.3240687 0.5406405 -0.5405050 0.4558288 -0.4558314
26871.536000 0.7219910 -0.0123416 1.3240685 0.5406403 -0.5405066 0.4558304 -0.4558282
26871.636000 0.7330597 -0.0123671 1.3239941 0.5406814 -0.5406783 0.4557561 -0.4556501
26871.736000 0.7435977 -0.0124605 1.3239673 -0.5407391 0.5407712 -0.4556490 0.4555784
26871.836000 0.7620156 -0.0123492 1.3240662 0.5406383 -0.5405205 0.4558286 -0.4558159
26871.936000 0.7729825 -0.0123766 1.3240042 0.5406564 -0.5406379 0.4557716 -0.4557120
26872.036000 0.7830645 -0.0123670 1.3239939 -0.5406797 0.5406806 -0.4557576 0.4556479
26872.136000 0.8032794 -0.0124638 1.3239704 -0.5407217 0.5407670 -0.4556661 0.4555870
26872.236000 0.8129871 -0.0123686 1.3239923 0.5406859 -0.5406815 0.4557505 -0.4556466
26872.337000 0.8323734 -0.0124603 1.3240484 -0.5406157 0.5406347 -0.4557941 0.4557418
26872.436000 0.8430576 -0.0123573 1.3239970 0.5407124 -0.5406216 0.4557289 -0.4557079
26872.536000 0.8526097 -0.0124353 1.3240437 0.5406960 -0.5405925 0.4557260 -0.4557646
26872.636000 0.8726880 -0.0123685 1.3240138 0.5406364 -0.5406237 0.4558084 -0.4557158
26872.736000 0.8834760 -0.0124458 1.3239719 0.5407672 -0.5407073 0.4556292 -0.4556408
26872.836000 0.8933915 -0.0124642 1.3239696 -0.5407247 0.5407692 -0.4556628 0.4555841
26872.936000 0.9030645 -0.0123703 1.3239944 -0.5406750 0.5406828 -0.4557609 0.4556475
26873.036000 0.9130607 -0.0123678 1.3239945 -0.5406766 0.5406810 -0.4557604 0.4556483
26873.136000 0.9220953 -0.0123408 1.3240677 0.5406466 -0.5405053 0.4558245 -0.4558282
26873.236000 0.9330661 -0.0123662 1.3239935 0.5406846 -0.5406773 0.4557532 -0.4556503
26873.336000 0.9433987 -0.0124574 1.3239672 -0.5407420 0.5407672 -0.4556477 0.4555811
26873.436000 0.9526378 -0.0124338 1.3240401 0.5407114 -0.5405951 0.4557107 -0.4557585
26873.536000 0.9626425 -0.0124334 1.3240398 0.5407105 -0.5405964 0.4557116 -0.4557573
26873.636000 0.9833159 -0.0124657 1.3239665 -0.5407348 0.5407776 -0.4556518 0.4555732
26873.736000 0.9925825 -0.0124628 1.3240490 0.5406230 -0.5406178 0.4557824 -0.4557649
26873.837000 1.0026291 -0.0124357 1.3240414 0.5407028 -0.5405998 0.4557182 -0.4557557
26873.936000 1.0134080 -0.0124609 1.3239669 -0.5407435 0.5407690 -0.4556446 0.4555802
26874.036000 1.0228930 -0.0123692 1.3239920 0.5406874 -0.5406816 0.4557486 -0.4556465
26874.137000 1.0323006 -0.0123390 1.3240664 0.5406528 -0.5405032 0.4558191 -0.4558287
26874.236000 1.0426366 -0.0124314 1.3240403 0.5407097 -0.5405942 0.4557135 -0.4557589
26874.336000 1.0628013 -0.0124110 1.3239887 -0.5406889 0.5407133 -0.4557285 0.4556272
26874.436000 1.0728679 -0.0123694 1.3239945 -0.5406787 0.5406793 -0.4557579 0.4556503
26874.536000 1.0928361 -0.0123723 1.3239984 -0.5406534 0.5406687 -0.4557824 0.4556685
26874.636000 1.1033773 -0.0124617 1.3239707 -0.5407211 0.5407661 -0.4556679 0.4555870
26874.736000 1.1123008 -0.0123409 1.3240667 0.5406506 -0.5405059 0.4558203 -0.4558270
26874.836000 1.1234043 -0.0124569 1.3239670 -0.5407457 0.5407639 -0.4556446 0.4555837
26874.936000 1.1424018 -0.0124607 1.3240451 -0.5406311 0.5406418 -0.4557775 0.4557318
26875.036000 1.1530599 -0.0123728 1.3239959 -0.5406653 0.5406788 -0.4557702 0.4556544
26875.136000 1.1626128 -0.0124347 1.3240433 0.5406975 -0.5405927 0.4557249 -0.4557637
26875.236000 1.1730697 -0.0123695 1.3239939 0.5406803 -0.5406803 0.4557561 -0.4556491
26875.336000 1.1826215 -0.0124335 1.3240418 0.5407048 -0.5405953 0.4557176 -0.4557592
26875.436000 1.1934096 -0.0124606 1.3239667 -0.5407447 0.5407684 -0.4556437 0.4555805
26875.537000 1.2021145 -0.0123421 1.3240658 0.5406538 -0.5405064 0.4558165 -0.4558264
26875.636000 1.2134011 -0.0124562 1.3239667 -0.5407473 0.5407625 -0.4556433 0.4555847
26875.736000 1.2235149 -0.0124587 1.3239656 -0.5407479 0.5407666 -0.4556411 0.4555813
26875.836000 1.2428591 -0.0123716 1.3239960 -0.5406653 0.5406789 -0.4557709 0.4556537
26875.937000 1.2520053 -0.0123400 1.3240671 0.5406496 -0.5405050 0.4558217 -0.4558277
26876.036000 1.2630688 -0.0123653 1.3239930 0.5406876 -0.5406756 0.4557507 -0.4556512
26876.136000 1.2828446 -0.0123608 1.3239981 0.5406981 -0.5406278 0.4557405 -0.4557058
26876.236000 1.2920844 -0.0123423 1.3240695 0.5406385 -0.5405024 0.4558323 -0.4558334
26876.336000 1.3030580 -0.0123678 1.3239946 -0.5406782 0.5406785 -0.4557591 0.4556507
26876.436000 1.3133913 -0.0124589 1.3239681 -0.5407370 0.5407694 -0.4556520 0.4555800
26876.536000 1.3226299 -0.0124352 1.3240410 0.5407071 -0.5405971 0.4557144 -0.4557576
26876.637000 1.3418023 -0.0123449 1.3240683 0.5406399 -0.5405090 0.4558291 -0.4558271
26876.736000 1.3526257 -0.0124326 1.3240410 0.5407061 -0.5405968 0.4557164 -0.4557572
26876.836000 1.3724155 -0.0124619 1.3240450 0.5406397 -0.5406252 0.4557640 -0.4557546
26876.936000 1.3830574 -0.0123734 1.3239966 -0.5406642 0.5406738 -0.4557704 0.4556615
26877.036000 1.3935883 -0.0124625 1.3239687 -0.5407310 0.5407720 -0.4556565 0.4555795
26877.137000 1.4029929 -0.0123679 1.3239920 0.5406876 -0.5406803 0.4557491 -0.4556474
26877.236000 1.4223972 -0.0124361 1.3240453 0.5406930 -0.5405812 0.4557279 -0.4557797
26877.336000 1.4335872 -0.0124658 1.3239698 -0.5407228 0.5407689 -0.4556640 0.4555856
26877.436000 1.4421952 -0.0123437 1.3240686 0.5406409 -0.5405047 0.4558293 -0.4558308
26877.536000 1.4528814 -0.0123651 1.3239929 0.5406881 -0.5406752 0.4557503 -0.4556515
26877.636000 1.4626298 -0.0124314 1.3240404 0.5407117 -0.5405920 0.4557117 -0.4557608
26877.736000 1.4820554 -0.0123579 1.3240645 0.5406456 -0.5405254 0.4558176 -0.4558124
26877.836000 1.4930174 -0.0123661 1.3240020 0.5406787 -0.5406177 0.4557561 -0.4557250
26877.936000 1.5028731 -0.0123668 1.3239938 0.5406805 -0.5406804 0.4557569 -0.4556480
26878.036000 1.5126181 -0.0124334 1.3240417 0.5407054 -0.5405953 0.4557171 -0.4557591
26878.136000 1.5234080 -0.0124609 1.3239669 -0.5407436 0.5407689 -0.4556445 0.4555803
26878.236000 1.5330786 -0.0123674 1.3239925 0.5406859 -0.5406802 0.4557510 -0.4556476
26878.336000 1.5430749 -0.0123649 1.3239927 0.5406864 -0.5406771 0.4557518 -0.4556498
26878.436000 1.5628863 -0.0122820 1.3239897 0.5406904 -0.5406747 0.4557786 -0.4556211
26878.536000 1.5732242 -0.0124080 1.3239839 -0.5406260 0.5407139 -0.4557694 0.4556603
26878.637000 1.5833904 -0.0124591 1.3239682 -0.5407361 0.5407698 -0.4556528 0.4555799
26878.736000 1.5929810 -0.0123692 1.3239927 0.5406839 -0.5406826 0.4557521 -0.4556460
26878.837000 1.5933033 -0.0123596 1.3239900 0.5407012 -0.5406635 0.4557398 -0.4556605
26878.936000 1.5933350 -0.0123537 1.3239869 0.5407199 -0.5406481 0.4557236 -0.4556727
26879.036000 1.5937881 -0.0124399 1.3239580 0.5407968 -0.5407231 0.4556007 -0.4556154
26879.136000 1.5934006 -0.0123442 1.3239805 0.5407615 -0.5406229 0.4556851 -0.4556917
26879.236000 1.5938499 -0.0124303 1.3239519 0.5408399 -0.5406995 0.4555603 -0.4556326
26879.336000 1.5934591 -0.0123346 1.3239746 0.5408058 -0.5406005 0.4556434 -0.4557076
26879.436000 1.5938850 -0.0124160 1.3239474 0.5408820 -0.5406736 0.4555230 -0.4556507
26879.536000 1.5934972 -0.0123215 1.3239699 0.5408494 -0.5405761 0.4556039 -0.4557242
26879.636000 1.5935102 -0.0123139 1.3239680 0.5408709 -0.5405632 0.4555850 -0.4557329
26879.736000 1.5935314 -0.0123082 1.3239655 0.5408936 -0.5405523 0.4555637 -0.4557401
26879.836000 1.5939801 -0.0123950 1.3239369 0.5409740 -0.5406314 0.4554362 -0.4556782
26879.936000 1.5935814 -0.0122986 1.3239602 0.5409407 -0.5405326 0.4555186 -0.4557526
26880.037000 1.5940215 -0.0123835 1.3239321 0.5410202 -0.5406102 0.4553929 -0.4556918
26880.136000 1.5936268 -0.0122872 1.3239550 0.5409880 -0.5405125 0.4554740 -0.4557648
26880.236000 1.5936196 -0.0122796 1.3239549 0.5410057 -0.5404958 0.4554596 -0.4557781
26880.336000 1.5936414 -0.0122738 1.3239524 0.5410293 -0.5404857 0.4554374 -0.4557842
26880.436000 1.5940924 -0.0123614 1.3239237 0.5411105 -0.5405656 0.4553086 -0.4557218
26880.536000 1.5936867 -0.0122643 1.3239475 0.5410761 -0.5404658 0.4553926 -0.4557970
26880.636000 1.5941188 -0.0123480 1.3239200 0.5411546 -0.5405417 0.4552685 -0.4557377
26880.736000 1.5941485 -0.0123450 1.3239171 0.5411789 -0.5405332 0.4552444 -0.4557431
26880.836000 1.5941648 -0.0123393 1.3239151 0.5412013 -0.5405219 0.4552236 -0.4557507
26880.936000 1.5937530 -0.0122414 1.3239394 0.5411659 -0.5404208 0.4553091 -0.4558271
26881.036000 1.5937597 -0.0122337 1.3239380 0.5411870 -0.5404075 0.4552907 -0.4558363
26881.136000 1.5941986 -0.0123192 1.3239101 0.5412662 -0.5404848 0.4551651 -0.4557762
26881.236000 1.5938031 -0.0122251 1.3239334 0.5412328 -0.5403872 0.4552467 -0.4558500
26881.337000 1.5938046 -0.0122165 1.3239324 0.5412531 -0.5403725 0.4552295 -0.4558603
26881.436000 1.5938189 -0.0122108 1.3239306 0.5412750 -0.5403607 0.4552093 -0.4558685
26881.536000 1.5938329 -0.0122050 1.3239288 0.5412968 -0.5403488 0.4551892 -0.4558768
26881.636000 1.5938466 -0.0121993 1.3239270 0.5413186 -0.5403369 0.4551692 -0.4558852
26881.736000 1.5942796 -0.0122837 1.3238995 0.5413966 -0.5404129 0.4550453 -0.4558261
26881.836000 1.5938822 -0.0121897 1.3239231 0.5413630 -0.5403146 0.4551272 -0.4559007
26881.936000 1.5938862 -0.0121821 1.3239219 0.5413833 -0.5403005 0.4551097 -0.4559108
26882.036000 1.5943221 -0.0122672 1.3238943 0.5414618 -0.5403770 0.4549850 -0.4558515
26882.136000 1.5943477 -0.0122642 1.3238918 0.5414849 -0.5403674 0.4549621 -0.4558581
26882.236000 1.5943598 -0.0122585 1.3238902 0.5415062 -0.5403550 0.4549426 -0.4558670
26882.336000 1.5939440 -0.0121610 1.3239150 0.5414698 -0.5402528 0.4550294 -0.4559448
26854.787000 0.0924221 -0.0123358 1.3240646 0.5406616 -0.5404952 0.4558120 -0.4558348
26854.787000 0.0924221 -0.0123358 1.3240646 0.5406616 -0.5404952 0.4558120 -0.4558348
26854.836000 0.0924221 -0.0123358 1.3240646 0.5406616 -0.5404952 0.4558120 -0.4558348
26854.936000 0.0924546 -0.0123300 1.3240615 0.5406796 -0.5404798 0.4557967 -0.4558470
26855.036000 0.0924846 -0.0123243 1.3240585 0.5406990 -0.5404656 0.4557795 -0.4558581
26855.136000 0.0925126 -0.0123187 1.3240557 0.5407194 -0.5404523 0.4557611 -0.4558680
26855.236000 0.0929625 -0.0124048 1.3240273 0.5407974 -0.5405290 0.4556367 -0.4558089
26855.336000 0.0925768 -0.0123102 1.3240494 0.5407640 -0.5404306 0.4557185 -0.4558834
26855.436000 0.0930153 -0.0123944 1.3240218 0.5408419 -0.5405061 0.4555951 -0.4558248
26855.536000 0.0930468 -0.0123906 1.3240187 0.5408655 -0.5404967 0.4555721 -0.4558310
26855.637000 0.0930686 -0.0123849 1.3240163 0.5408880 -0.5404856 0.4555512 -0.4558384
26855.736000 0.0926573 -0.0122858 1.3240400 0.5408524 -0.5403838 0.4556374 -0.4559151
26855.836000 0.0931012 -0.0123716 1.3240120 0.5409322 -0.5404618 0.4555110 -0.4558543
26855.936000 0.0927056 -0.0122763 1.3240349 0.5408990 -0.5403636 0.4555929 -0.4559282
26856.036000 0.0927109 -0.0122678 1.3240335 0.5409198 -0.5403498 0.4555752 -0.4559377
26856.136000 0.0927262 -0.0122622 1.3240316 0.5409417 -0.5403381 0.4555549 -0.4559458
26856.236000 0.0931894 -0.0123488 1.3240019 0.5410261 -0.5404209 0.4554228 -0.4558796
26856.336000 0.0932105 -0.0123450 1.3239998 0.5410486 -0.5404104 0.4554010 -0.4558870
26856.436000 0.0928072 -0.0122489 1.3240232 0.5410142 -0.5403112 0.4554846 -0.4559619
26856.537000 0.0932301 -0.0123308 1.3239966 0.5410914 -0.5403852 0.4553629 -0.4559042
26856.636000 0.0932599 -0.0123279 1.3239938 0.5411158 -0.5403766 0.4553386 -0.4559097
26856.736000 0.0928568 -0.0122318 1.3240172 0.5410815 -0.5402774 0.4554220 -0.4559845
26856.836000 0.0932834 -0.0123146 1.3239903 0.5411593 -0.5403521 0.4552992 -0.4559264
26856.936000 0.0928845 -0.0122195 1.3240136 0.5411257 -0.5402536 0.4553815 -0.4560007
26857.036000 0.0933149 -0.0123032 1.3239865 0.5412038 -0.5403292 0.4552580 -0.4559419
26857.136000 0.0933389 -0.0122994 1.3239840 0.5412271 -0.5403195 0.4552353 -0.4559483
26857.237000 0.0933538 -0.0122936 1.3239822 0.5412492 -0.5403078 0.4552149 -0.4559563
26857.337000 0.0933685 -0.0122879 1.3239804 0.5412711 -0.5402961 0.4551946 -0.4559644
26857.436000 0.0933828 -0.0122822 1.3239786 0.5412930 -0.5402843 0.4551744 -0.4559726
26857.536000 0.0933969 -0.0122765 1.3239768 0.5413148 -0.5402724 0.4551543 -0.4559808
26857.637000 0.0929873 -0.0121798 1.3240008 0.5412795 -0.5401717 0.4552394 -0.4560572
26857.736000 0.0934153 -0.0122632 1.3239738 0.5413570 -0.5402466 0.4551165 -0.4559990
26857.836000 0.0934374 -0.0122593 1.3239716 0.5413798 -0.5402364 0.4550945 -0.4560061
26857.936000 0.0934504 -0.0122536 1.3239699 0.5414013 -0.5402242 0.4550747 -0.4560147
26858.036000 0.0930394 -0.0121570 1.3239941 0.5413656 -0.5401231 0.4551602 -0.4560915
26858.136000 0.0934667 -0.0122403 1.3239672 0.5414429 -0.5401978 0.4550377 -0.4560336
26858.236000 0.0934877 -0.0122364 1.3239651 0.5414654 -0.5401872 0.4550160 -0.4560411
26858.336000 0.0930760 -0.0121399 1.3239893 0.5414295 -0.5400859 0.4551017 -0.4561181
26858.437000 0.0935024 -0.0122231 1.3239625 0.5415066 -0.5401604 0.4549794 -0.4560605
26858.536000 0.0935227 -0.0122193 1.3239605 0.5415288 -0.5401496 0.4549580 -0.4560682
26858.636000 0.0935339 -0.0122135 1.3239590 0.5415499 -0.5401369 0.4549388 -0.4560773
26858.737000 0.0935449 -0.0122079 1.3239575 0.5415706 -0.5401243 0.4549199 -0.4560865
26858.836000 0.0931234 -0.0121095 1.3239824 0.5415334 -0.5400208 0.4550079 -0.4561654
26858.936000 0.0935574 -0.0121945 1.3239552 0.5416113 -0.5400967 0.4548839 -0.4561068
26859.036000 0.0931527 -0.0121000 1.3239791 0.5415762 -0.5399968 0.4549680 -0.4561830
26859.137000 0.0931498 -0.0120915 1.3239785 0.5415951 -0.5399810 0.4549524 -0.4561946
26859.236000 0.0931596 -0.0120858 1.3239771 0.5416157 -0.5399680 0.4549337 -0.4562043
26859.336000 0.0935969 -0.0121715 1.3239497 0.5416940 -0.5400445 0.4548089 -0.4561452
26859.436000 0.0936152 -0.0121677 1.3239479 0.5417157 -0.5400332 0.4547881 -0.4561536
26859.536000 0.0936243 -0.0121620 1.3239466 0.5417361 -0.5400199 0.4547696 -0.4561634
26859.636000 0.0936333 -0.0121562 1.3239453 0.5417565 -0.5400066 0.4547512 -0.4561733
26859.736000 0.0936421 -0.0121505 1.3239440 0.5417768 -0.5399933 0.4547328 -0.4561833
26859.836000 0.0932271 -0.0120543 1.3239687 0.5417400 -0.5398911 0.4548196 -0.4562615
26859.936000 0.0932225 -0.0120459 1.3239682 0.5417585 -0.5398749 0.4548045 -0.4562737
26860.036000 0.0936584 -0.0121314 1.3239409 0.5418363 -0.5399510 0.4546803 -0.4562151
26860.136000 0.0936752 -0.0121276 1.3239392 0.5418576 -0.5399392 0.4546600 -0.4562239
26860.236000 0.0932595 -0.0120315 1.3239639 0.5418206 -0.5398369 0.4547470 -0.4563023
26860.336000 0.0936818 -0.0121142 1.3239375 0.5418965 -0.5399101 0.4546261 -0.4562460
26860.436000 0.0932660 -0.0120183 1.3239622 0.5418594 -0.5398076 0.4547132 -0.4563245
26860.536000 0.0936967 -0.0121028 1.3239352 0.5419364 -0.5398826 0.4545902 -0.4562669
26860.636000 0.0932803 -0.0120069 1.3239600 0.5418992 -0.5397800 0.4546774 -0.4563455
26860.736000 0.0932828 -0.0120002 1.3239592 0.5419184 -0.5397652 0.4546608 -0.4563569
26860.836000 0.0937173 -0.0120855 1.3239320 0.5419958 -0.5398409 0.4545370 -0.4562987
26860.936000 0.0933006 -0.0119897 1.3239569 0.5419585 -0.5397382 0.4546243 -0.4563775
26861.036000 0.0937305 -0.0120741 1.3239300 0.5420353 -0.5398129 0.4545017 -0.4563201
26861.136000 0.0937454 -0.0120702 1.3239284 0.5420560 -0.5398006 0.4544820 -0.4563296
26861.236000 0.0937515 -0.0120645 1.3239274 0.5420756 -0.5397865 0.4544645 -0.4563404
26861.336000 0.0933338 -0.0119687 1.3239524 0.5420380 -0.5396836 0.4545521 -0.4564195
26861.436000 0.0937502 -0.0120503 1.3239263 0.5421127 -0.5397555 0.4544331 -0.4563643
26861.536000 0.0937689 -0.0120473 1.3239246 0.5421341 -0.5397438 0.4544123 -0.4563733
26861.636000 0.0937743 -0.0120415 1.3239236 0.5421535 -0.5397295 0.4543950 -0.4563844
26861.736000 0.0937797 -0.0120358 1.3239227 0.5421729 -0.5397152 0.4543778 -0.4563955
26861.836000 0.0933527 -0.0119384 1.3239483 0.5421339 -0.5396103 0.4544677 -0.4564763
26861.936000 0.0937813 -0.0120225 1.3239215 0.5422104 -0.5396846 0.4543456 -0.4564193
26862.036000 0.0933627 -0.0119270 1.3239465 0.5421725 -0.5395814 0.4544335 -0.4564987
26862.136000 0.0937910 -0.0120110 1.3239198 0.5422488 -0.5396556 0.4543114 -0.4564419
26862.237000 0.0938042 -0.0120071 1.3239184 0.5422692 -0.5396429 0.4542923 -0.4564518
26862.336000 0.0938087 -0.0120014 1.3239176 0.5422883 -0.5396283 0.4542753 -0.4564632
26862.436000 0.0938131 -0.0119957 1.3239167 0.5423074 -0.5396136 0.4542584 -0.4564747
26862.536000 0.0933979 -0.0119012 1.3239416 0.5422697 -0.5395114 0.4543456 -0.4565536
26862.636000 0.0933849 -0.0118918 1.3239419 0.5422866 -0.5394929 0.4543329 -0.4565680
26862.736000 0.0938124 -0.0119757 1.3239152 0.5423625 -0.5395670 0.4542112 -0.4565112
26862.836000 0.0938293 -0.0119727 1.3239136 0.5423834 -0.5395548 0.4541911 -0.4565209
26862.936000 0.0934137 -0.0118784 1.3239385 0.5423456 -0.5394524 0.4542785 -0.4565999
26863.036000 0.0938278 -0.0119594 1.3239127 0.5424200 -0.5395233 0.4541599 -0.4565456
26863.136000 0.0938402 -0.0119555 1.3239114 0.5424401 -0.5395103 0.4541410 -0.4565559
26863.236000 0.0934158 -0.0118595 1.3239369 0.5424010 -0.5394060 0.4542306 -0.4566365
26863.336000 0.0938382 -0.0119422 1.3239105 0.5424765 -0.5394786 0.4541100 -0.4565809
26863.437000 0.0934265 -0.0118489 1.3239352 0.5424393 -0.5393768 0.4541963 -0.4566596
26863.536000 0.0938443 -0.0119307 1.3239091 0.5425140 -0.5394486 0.4540770 -0.4566046
26863.636000 0.0934325 -0.0118375 1.3239338 0.5424767 -0.5393468 0.4541633 -0.4566834
26863.736000 0.0934223 -0.0118291 1.3239340 0.5424936 -0.5393290 0.4541501 -0.4566974
26863.837000 0.0934251 -0.0118234 1.3239333 0.5425123 -0.5393139 0.4541337 -0.4567094
26863.936000 0.0938555 -0.0119078 1.3239065 0.5425886 -0.5393883 0.4540114 -0.4566525
26864.036000 0.0938669 -0.0119040 1.3239053 0.5426084 -0.5393750 0.4539929 -0.4566631
26864.136000 0.0938693 -0.0118982 1.3239047 0.5426270 -0.5393598 0.4539766 -0.4566752
26864.237000 0.0934438 -0.0118025 1.3239303 0.5425876 -0.5392553 0.4540665 -0.4567561
26864.336000 0.0938651 -0.0118849 1.3239040 0.5426628 -0.5393275 0.4539462 -0.4567009
26864.436000 0.0934524 -0.0117919 1.3239288 0.5426253 -0.5392255 0.4540328 -0.4567799
26864.536000 0.0938692 -0.0118735 1.3239028 0.5426997 -0.5392970 0.4539139 -0.4567253
26864.637000 0.0938800 -0.0118696 1.3239017 0.5427193 -0.5392835 0.4538956 -0.4567361
26864.736000 0.0938819 -0.0118639 1.3239011 0.5427376 -0.5392683 0.4538796 -0.4567482
26864.836000 0.0934515 -0.0117673 1.3239271 0.5426977 -0.5391624 0.4539704 -0.4568303
26864.937000 0.0938767 -0.0118506 1.3239006 0.5427733 -0.5392356 0.4538495 -0.4567744
26865.036000 0.0938870 -0.0118467 1.3238995 0.5427928 -0.5392219 0.4538313 -0.4567853
26865.137000 0.0938885 -0.0118410 1.3238990 0.5428111 -0.5392065 0.4538153 -0.4567977
26865.236000 0.0938899 -0.0118352 1.3238984 0.5428294 -0.5391910 0.4537993 -0.4568101
26865.336000 0.0934676 -0.0117406 1.3239239 0.5427904 -0.5390869 0.4538883 -0.4568909
26865.436000 0.0934559 -0.0117322 1.3239242 0.5428069 -0.5390687 0.4538756 -0.4569054
26865.536000 0.1030617 -0.0123532 1.3239930 0.5407234 -0.5406397 0.4557205 -0.4556816
26865.636000 0.1037393 -0.0124526 1.3239633 0.5407638 -0.5407502 0.4556287 -0.4555944
26865.736000 0.1037751 -0.0124477 1.3239599 0.5407832 -0.5407359 0.4556113 -0.4556058
26865.836000 0.1038042 -0.0124419 1.3239570 0.5408030 -0.5407220 0.4555936 -0.4556164
26865.936000 0.1038314 -0.0124362 1.3239541 0.5408237 -0.5407090 0.4555748 -0.4556260
26866.036000 0.1135624 -0.0125042 1.3239572 -0.5406873 0.5408038 -0.4556579 0.4555924
26866.136000 0.1221045 -0.0123438 1.3240671 0.5406476 -0.5405081 0.4558220 -0.4558262
26866.236000 0.1427784 -0.0124259 1.3240154 -0.5406145 0.5406458 -0.4558104 0.4557137
26866.336000 0.1530501 -0.0123701 1.3239964 -0.5406689 0.5406743 -0.4557685 0.4556572
26866.436000 0.1724325 -0.0124599 1.3240437 0.5406454 -0.5406165 0.4557573 -0.4557649
26866.536000 0.1826108 -0.0124377 1.3240447 0.5406879 -0.5405901 0.4557335 -0.4557696
26866.636000 0.1935883 -0.0124649 1.3239696 -0.5407256 0.5407683 -0.4556617 0.4555852
26866.736000 0.2030833 -0.0123673 1.3239924 0.5406862 -0.5406800 0.4557507 -0.4556477
26866.836000 0.2124312 -0.0124299 1.3240411 0.5407097 -0.5405910 0.4557145 -0.4557617
26866.936000 0.2232198 -0.0124588 1.3239658 -0.5407498 0.5407646 -0.4556394 0.4555832
26867.036000 0.2335107 -0.0124587 1.3239656 -0.5407479 0.5407666 -0.4556411 0.4555814
26867.136000 0.2430813 -0.0123672 1.3239924 0.5406864 -0.5406798 0.4557506 -0.4556478
26867.237000 0.2433073 -0.0123589 1.3239896 0.5407034 -0.5406615 0.4557379 -0.4556620
26867.336000 0.2433386 -0.0123531 1.3239865 0.5407222 -0.5406464 0.4557216 -0.4556740
26867.437000 0.2433677 -0.0123473 1.3239835 0.5407421 -0.5406325 0.4557038 -0.4556846
26867.536000 0.2433949 -0.0123417 1.3239807 0.5407628 -0.5406196 0.4556850 -0.4556942
26867.636000 0.2520884 -0.0123409 1.3240688 0.5406436 -0.5405014 0.4558279 -0.4558330
26867.737000 0.2620911 -0.0123410 1.3240679 0.5406436 -0.5405076 0.4558271 -0.4558264
26867.836000 0.2726182 -0.0124338 1.3240419 0.5407018 -0.5405978 0.4557203 -0.4557573
26867.936000 0.2830769 -0.0123681 1.3239930 0.5406858 -0.5406792 0.4557511 -0.4556488
26868.036000 0.2921028 -0.0123395 1.3240668 0.5406512 -0.5405041 0.4558204 -0.4558282
26868.136000 0.3026295 -0.0124319 1.3240406 0.5407082 -0.5405954 0.4557147 -0.4557581
26868.236000 0.3233491 -0.0126415 1.3239655 -0.5407103 0.5408142 -0.4556089 0.4556017
26868.336000 0.3330563 -0.0123457 1.3239850 0.5407002 -0.5406392 0.4557686 -0.4556616
26868.436000 0.3420746 -0.0123670 1.3240714 0.5405808 -0.5405333 0.4558727 -0.4558249
26868.536000 0.3526182 -0.0124338 1.3240419 0.5407017 -0.5405978 0.4557203 -0.4557572
26868.637000 0.3626433 -0.0124333 1.3240398 0.5407107 -0.5405962 0.4557115 -0.4557574
26868.736000 0.3828620 -0.0123712 1.3239955 -0.5406704 0.5406775 -0.4557660 0.4556542
26868.836000 0.3933866 -0.0124599 1.3239688 -0.5407330 0.5407698 -0.4556557 0.4555806
26868.937000 0.4034118 -0.0124597 1.3239661 -0.5407453 0.5407688 -0.4556432 0.4555797
26869.036000 0.4217944 -0.0123451 1.3240687 0.5406405 -0.5405050 0.4558288 -0.4558315
26869.137000 0.4333951 -0.0124575 1.3239673 -0.5407438 0.5407652 -0.4556462 0.4555828
26869.236000 0.4434117 -0.0124596 1.3239661 -0.5407455 0.5407686 -0.4556430 0.4555799
26869.336000 0.4534117 -0.0124596 1.3239661 -0.5407455 0.5407687 -0.4556431 0.4555798
26869.436000 0.4726222 -0.0127208 1.3240189 -0.5406793 0.5406891 -0.4556286 0.4557674
26869.536000 0.4826264 -0.0124424 1.3240420 0.5406973 -0.5405997 0.4557214 -0.4557592
26869.636000 0.4926262 -0.0124361 1.3240418 0.5407008 -0.5405993 0.4557202 -0.4557568
26869.736000 0.5026308 -0.0124354 1.3240412 0.5407041 -0.5405996 0.4557170 -0.4557556
26869.836000 0.5126342 -0.0124349 1.3240407 0.5407061 -0.5405991 0.4557152 -0.4557555
26869.936000 0.5234135 -0.0124598 1.3239663 -0.5407469 0.5407670 -0.4556418 0.4555814
26870.037000 0.5321167 -0.0123417 1.3240656 0.5406549 -0.5405056 0.4558155 -0.4558269
26870.136000 0.5523943 -0.0124588 1.3240459 -0.5406323 0.5406330 -0.4557761 0.4557420
26870.237000 0.5630610 -0.0123719 1.3239957 -0.5406681 0.5406782 -0.4557679 0.4556541
26870.336000 0.5720875 -0.0123418 1.3240691 0.5406400 -0.5405026 0.4558312 -0.4558325
26870.436000 0.5923735 -0.0124603 1.3240484 -0.5406156 0.5406347 -0.4557941 0.4557418
26870.537000 0.6021098 -0.0123435 1.3240667 0.5406470 -0.5405106 0.4558223 -0.4558236
26870.636000 0.6231119 -0.0124589 1.3239657 -0.5407326 0.5407787 -0.4556562 0.4555700
26870.736000 0.6323243 -0.0123649 1.3240525 0.5406134 -0.5405404 0.4558374 -0.4558129
26870.836000 0.6433689 -0.0124529 1.3239722 0.5407552 -0.5407169 0.4556352 -0.4556376
26870.936000 0.6530511 -0.0123743 1.3239978 -0.5406545 0.5406706 -0.4557803 0.4556670
26871.036000 0.6626057 -0.0124358 1.3240444 0.5406930 -0.5405890 0.4557288 -0.4557695
26871.136000 0.6726214 -0.0124367 1.3240427 0.5406964 -0.5405970 0.4557247 -0.4557600
26871.236000 0.6835960 -0.0124627 1.3239680 -0.5407369 0.5407704 -0.4556507 0.4555804
26871.336000 0.6924418 -0.0124354 1.3240413 0.5407063 -0.5405969 0.4557152 -0.4557581
26871.436000 0.7117886 -0.0123452 1.3240687 0.5406405 -0.5405050 0.4558288 -0.4558314
26871.536000 0.7219910 -0.0123416 1.3240685 0.5406403 -0.5405066 0.4558304 -0.4558282
26871.636000 0.7330597 -0.0123671 1.3239941 0.5406814 -0.5406783 0.4557561 -0.4556501
26871.736000 0.7435977 -0.0124605 1.3239673 -0.5407391 0.5407712 -0.4556490 0.4555784
26871.836000 0.7620156 -0.0123492 1.3240662 0.5406383 -0.5405205 0.4558286 -0.4558159
26871.936000 0.7729825 -0.0123766 1.3240042 0.5406564 -0.5406379 0.4557716 -0.4557120
26872.036000 0.7830645 -0.0123670 1.3239939 -0.5406797 0.5406806 -0.4557576 0.4556479
26872.136000 0.8032794 -0.0124638 1.3239704 -0.5407217 0.5407670 -0.4556661 0.4555870
26872.236000 0.8129871 -0.0123686 1.3239923 0.5406859 -0.5406815 0.4557505 -0.4556466
26872.337000 0.8323734 -0.0124603 1.3240484 -0.5406157 0.5406347 -0.4557941 0.4557418
26872.436000 0.8430576 -0.0123573 1.3239970 0.5407124 -0.5406216 0.4557289 -0.4557079
26872.536000 0.8526097 -0.0124353 1.3240437 0.5406960 -0.5405925 0.4557260 -0.4557646
26872.636000 0.8726880 -0.0123685 1.3240138 0.5406364 -0.5406237 0.4558084 -0.4557158
26872.736000 0.8834760 -0.0124458 1.3239719 0.5407672 -0.5407073 0.4556292 -0.4556408
26872.836000 0.8933915 -0.0124642 1.3239696 -0.5407247 0.5407692 -0.4556628 0.4555841
26872.936000 0.9030645 -0.0123703 1.3239944 -0.5406750 0.5406828 -0.4557609 0.4556475
26873.036000 0.9130607 -0.0123678 1.3239945 -0.5406766 0.5406810 -0.4557604 0.4556483
26873.136000 0.9220953 -0.0123408 1.3240677 0.5406466 -0.5405053 0.4558245 -0.4558282
26873.236000 0.9330661 -0.0123662 1.3239935 0.5406846 -0.5406773 0.4557532 -0.4556503
26873.336000 0.9433987 -0.0124574 1.3239672 -0.5407420 0.5407672 -0.4556477 0.4555811
26873.436000 0.9526378 -0.0124338 1.3240401 0.5407114 -0.5405951 0.4557107 -0.4557585
26873.536000 0.9626425 -0.0124334 1.3240398 0.5407105 -0.5405964 0.4557116 -0.4557573
26873.636000 0.9833159 -0.0124657 1.3239665 -0.5407348 0.5407776 -0.4556518 0.4555732
26873.736000 0.9925825 -0.0124628 1.3240490 0.5406230 -0.5406178 0.4557824 -0.4557649
26873.837000 1.0026291 -0.0124357 1.3240414 0.5407028 -0.5405998 0.4557182 -0.4557557
26873.936000 1.0134080 -0.0124609 1.3239669 -0.5407435 0.5407690 -0.4556446 0.4555802
26874.036000 1.0228930 -0.0123692 1.3239920 0.5406874 -0.5406816 0.4557486 -0.4556465
26874.137000 1.0323006 -0.0123390 1.3240664 0.5406528 -0.5405032 0.4558191 -0.4558287
26874.236000 1.0426366 -0.0124314 1.3240403 0.5407097 -0.5405942 0.4557135 -0.4557589
26874.336000 1.0628013 -0.0124110 1.3239887 -0.5406889 0.5407133 -0.4557285 0.4556272
26874.436000 1.0728679 -0.0123694 1.3239945 -0.5406787 0.5406793 -0.4557579 0.4556503
26874.536000 1.0928361 -0.0123723 1.3239984 -0.5406534 0.5406687 -0.4557824 0.4556685
26874.636000 1.1033773 -0.0124617 1.3239707 -0.5407211 0.5407661 -0.4556679 0.4555870
26874.736000 1.1123008 -0.0123409 1.3240667 0.5406506 -0.5405059 0.4558203 -0.4558270
26874.836000 1.1234043 -0.0124569 1.3239670 -0.5407457 0.5407639 -0.4556446 0.4555837
26874.936000 1.1424018 -0.0124607 1.3240451 -0.5406311 0.5406418 -0.4557775 0.4557318
26875.036000 1.1530599 -0.0123728 1.3239959 -0.5406653 0.5406788 -0.4557702 0.4556544
26875.136000 1.1626128 -0.0124347 1.3240433 0.5406975 -0.5405927 0.4557249 -0.4557637
26875.236000 1.1730697 -0.0123695 1.3239939 0.5406803 -0.5406803 0.4557561 -0.4556491
26875.336000 1.1826215 -0.0124335 1.3240418 0.5407048 -0.5405953 0.4557176 -0.4557592
26875.436000 1.1934096 -0.0124606 1.3239667 -0.5407447 0.5407684 -0.4556437 0.4555805
26875.537000 1.2021145 -0.0123421 1.3240658 0.5406538 -0.5405064 0.4558165 -0.4558264
26875.636000 1.2134011 -0.0124562 1.3239667 -0.5407473 0.5407625 -0.4556433 0.4555847
26875.736000 1.2235149 -0.0124587 1.3239656 -0.5407479 0.5407666 -0.4556411 0.4555813
26875.836000 1.2428591 -0.0123716 1.3239960 -0.5406653 0.5406789 -0.4557709 0.4556537
26875.937000 1.2520053 -0.0123400 1.3240671 0.5406496 -0.5405050 0.4558217 -0.4558277
26876.036000 1.2630688 -0.0123653 1.3239930 0.5406876 -0.5406756 0.4557507 -0.4556512
26876.136000 1.2828446 -0.0123608 1.3239981 0.5406981 -0.5406278 0.4557405 -0.4557058
26876.236000 1.2920844 -0.0123423 1.3240695 0.5406385 -0.5405024 0.4558323 -0.4558334
26876.336000 1.3030580 -0.0123678 1.3239946 -0.5406782 0.5406785 -0.4557591 0.4556507
26876.436000 1.3133913 -0.0124589 1.3239681 -0.5407370 0.5407694 -0.4556520 0.4555800
26876.536000 1.3226299 -0.0124352 1.3240410 0.5407071 -0.5405971 0.4557144 -0.4557576
26876.637000 1.3418023 -0.0123449 1.3240683 0.5406399 -0.5405090 0.4558291 -0.4558271
26876.736000 1.3526257 -0.0124326 1.3240410 0.5407061 -0.5405968 0.4557164 -0.4557572
26876.836000 1.3724155 -0.0124619 1.3240450 0.5406397 -0.5406252 0.4557640 -0.4557546
26876.936000 1.3830574 -0.0123734 1.3239966 -0.5406642 0.5406738 -0.4557704 0.4556615
26877.036000 1.3935883 -0.0124625 1.3239687 -0.5407310 0.5407720 -0.4556565 0.4555795
26877.137000 1.4029929 -0.0123679 1.3239920 0.5406876 -0.5406803 0.4557491 -0.4556474
26877.236000 1.4223972 -0.0124361 1.3240453 0.5406930 -0.5405812 0.4557279 -0.4557797
26877.336000 1.4335872 -0.0124658 1.3239698 -0.5407228 0.5407689 -0.4556640 0.4555856
26877.436000 1.4421952 -0.0123437 1.3240686 0.5406409 -0.5405047 0.4558293 -0.4558308
26877.536000 1.4528814 -0.0123651 1.3239929 0.5406881 -0.5406752 0.4557503 -0.4556515
26877.636000 1.4626298 -0.0124314 1.3240404 0.5407117 -0.5405920 0.4557117 -0.4557608
26877.736000 1.4820554 -0.0123579 1.3240645 0.5406456 -0.5405254 0.4558176 -0.4558124
26877.836000 1.4930174 -0.0123661 1.3240020 0.5406787 -0.5406177 0.4557561 -0.4557250
26877.936000 1.5028731 -0.0123668 1.3239938 0.5406805 -0.5406804 0.4557569 -0.4556480
26878.036000 1.5126181 -0.0124334 1.3240417 0.5407054 -0.5405953 0.4557171 -0.4557591
26878.136000 1.5234080 -0.0124609 1.3239669 -0.5407436 0.5407689 -0.4556445 0.4555803
26878.236000 1.5330786 -0.0123674 1.3239925 0.5406859 -0.5406802 0.4557510 -0.4556476
26878.336000 1.5430749 -0.0123649 1.3239927 0.5406864 -0.5406771 0.4557518 -0.4556498
26878.436000 1.5628863 -0.0122820 1.3239897 0.5406904 -0.5406747 0.4557786 -0.4556211
26878.536000 1.5732242 -0.0124080 1.3239839 -0.5406260 0.5407139 -0.4557694 0.4556603
26878.637000 1.5833904 -0.0124591 1.3239682 -0.5407361 0.5407698 -0.4556528 0.4555799
26878.736000 1.5929810 -0.0123692 1.3239927 0.5406839 -0.5406826 0.4557521 -0.4556460
26878.837000 1.5933033 -0.0123596 1.3239900 0.5407012 -0.5406635 0.4557398 -0.4556605
26878.936000 1.5933350 -0.0123537 1.3239869 0.5407199 -0.5406481 0.4557236 -0.4556727
26879.036000 1.5937881 -0.0124399 1.3239580 0.5407968 -0.5407231 0.4556007 -0.4556154
26879.136000 1.5934006 -0.0123442 1.3239805 0.5407615 -0.5406229 0.4556851 -0.4556917
26879.236000 1.5938499 -0.0124303 1.3239519 0.5408399 -0.5406995 0.4555603 -0.4556326
26879.336000 1.5934591 -0.0123346 1.3239746 0.5408058 -0.5406005 0.4556434 -0.4557076
26879.436000 1.5938850 -0.0124160 1.3239474 0.5408820 -0.5406736 0.4555230 -0.4556507
26879.536000 1.5934972 -0.0123215 1.3239699 0.5408494 -0.5405761 0.4556039 -0.4557242
26879.636000 1.5935102 -0.0123139 1.3239680 0.5408709 -0.5405632 0.4555850 -0.4557329
26879.736000 1.5935314 -0.0123082 1.3239655 0.5408936 -0.5405523 0.4555637 -0.4557401
26879.836000 1.5939801 -0.0123950 1.3239369 0.5409740 -0.5406314 0.4554362 -0.4556782
26879.936000 1.5935814 -0.0122986 1.3239602 0.5409407 -0.5405326 0.4555186 -0.4557526
26880.037000 1.5940215 -0.0123835 1.3239321 0.5410202 -0.5406102 0.4553929 -0.4556918
26880.136000 1.5936268 -0.0122872 1.3239550 0.5409880 -0.5405125 0.4554740 -0.4557648
26880.236000 1.5936196 -0.0122796 1.3239549 0.5410057 -0.5404958 0.4554596 -0.4557781
26880.336000 1.5936414 -0.0122738 1.3239524 0.5410293 -0.5404857 0.4554374 -0.4557842
26880.436000 1.5940924 -0.0123614 1.3239237 0.5411105 -0.5405656 0.4553086 -0.4557218
26880.536000 1.5936867 -0.0122643 1.3239475 0.5410761 -0.5404658 0.4553926 -0.4557970
26880.636000 1.5941188 -0.0123480 1.3239200 0.5411546 -0.5405417 0.4552685 -0.4557377
26880.736000 1.5941485 -0.0123450 1.3239171 0.5411789 -0.5405332 0.4552444 -0.4557431
26880.836000 1.5941648 -0.0123393 1.3239151 0.5412013 -0.5405219 0.4552236 -0.4557507
26880.936000 1.5937530 -0.0122414 1.3239394 0.5411659 -0.5404208 0.4553091 -0.4558271
26881.036000 1.5937597 -0.0122337 1.3239380 0.5411870 -0.5404075 0.4552907 -0.4558363
26881.136000 1.5941986 -0.0123192 1.3239101 0.5412662 -0.5404848 0.4551651 -0.4557762
26881.236000 1.5938031 -0.0122251 1.3239334 0.5412328 -0.5403872 0.4552467 -0.4558500
26881.337000 1.5938046 -0.0122165 1.3239324 0.5412531 -0.5403725 0.4552295 -0.4558603
26881.436000 1.5938189 -0.0122108 1.3239306 0.5412750 -0.5403607 0.4552093 -0.4558685
26881.536000 1.5938329 -0.0122050 1.3239288 0.5412968 -0.5403488 0.4551892 -0.4558768
26881.636000 1.5938466 -0.0121993 1.3239270 0.5413186 -0.5403369 0.4551692 -0.4558852
26881.736000 1.5942796 -0.0122837 1.3238995 0.5413966 -0.5404129 0.4550453 -0.4558261
26881.836000 1.5938822 -0.0121897 1.3239231 0.5413630 -0.5403146 0.4551272 -0.4559007
26881.936000 1.5938862 -0.0121821 1.3239219 0.5413833 -0.5403005 0.4551097 -0.4559108
26882.036000 1.5943221 -0.0122672 1.3238943 0.5414618 -0.5403770 0.4549850 -0.4558515
26882.136000 1.5943477 -0.0122642 1.3238918 0.5414849 -0.5403674 0.4549621 -0.4558581
26882.236000 1.5943598 -0.0122585 1.3238902 0.5415062 -0.5403550 0.4549426 -0.4558670
26882.336000 1.5939440 -0.0121610 1.3239150 0.5414698 -0.5402528 0.4550294 -0.4559448
26882.436000 1.5939468 -0.0121533 1.3239140 0.5414897 -0.5402384 0.4550123 -0.4559553
26854.787000 0.0924221 -0.0123358 1.3240646 0.5406616 -0.5404952 0.4558120 -0.4558348
26854.787000 0.0924221 -0.0123358 1.3240646 0.5406616 -0.5404952 0.4558120 -0.4558348
26854.836000 0.0924221 -0.0123358 1.3240646 0.5406616 -0.5404952 0.4558120 -0.4558348
26854.936000 0.0924546 -0.0123300 1.3240615 0.5406796 -0.5404798 0.4557967 -0.4558470
26855.036000 0.0924846 -0.0123243 1.3240585 0.5406990 -0.5404656 0.4557795 -0.4558581
26855.136000 0.0925126 -0.0123187 1.3240557 0.5407194 -0.5404523 0.4557611 -0.4558680
26855.236000 0.0929625 -0.0124048 1.3240273 0.5407974 -0.5405290 0.4556367 -0.4558089
26855.336000 0.0925768 -0.0123102 1.3240494 0.5407640 -0.5404306 0.4557185 -0.4558834
26855.436000 0.0930153 -0.0123944 1.3240218 0.5408419 -0.5405061 0.4555951 -0.4558248
26855.536000 0.0930468 -0.0123906 1.3240187 0.5408655 -0.5404967 0.4555721 -0.4558310
26855.637000 0.0930686 -0.0123849 1.3240163 0.5408880 -0.5404856 0.4555512 -0.4558384
26855.736000 0.0926573 -0.0122858 1.3240400 0.5408524 -0.5403838 0.4556374 -0.4559151
26855.836000 0.0931012 -0.0123716 1.3240120 0.5409322 -0.5404618 0.4555110 -0.4558543
26855.936000 0.0927056 -0.0122763 1.3240349 0.5408990 -0.5403636 0.4555929 -0.4559282
26856.036000 0.0927109 -0.0122678 1.3240335 0.5409198 -0.5403498 0.4555752 -0.4559377
26856.136000 0.0927262 -0.0122622 1.3240316 0.5409417 -0.5403381 0.4555549 -0.4559458
26856.236000 0.0931894 -0.0123488 1.3240019 0.5410261 -0.5404209 0.4554228 -0.4558796
26856.336000 0.0932105 -0.0123450 1.3239998 0.5410486 -0.5404104 0.4554010 -0.4558870
26856.436000 0.0928072 -0.0122489 1.3240232 0.5410142 -0.5403112 0.4554846 -0.4559619
26856.537000 0.0932301 -0.0123308 1.3239966 0.5410914 -0.5403852 0.4553629 -0.4559042
26856.636000 0.0932599 -0.0123279 1.3239938 0.5411158 -0.5403766 0.4553386 -0.4559097
26856.736000 0.0928568 -0.0122318 1.3240172 0.5410815 -0.5402774 0.4554220 -0.4559845
26856.836000 0.0932834 -0.0123146 1.3239903 0.5411593 -0.5403521 0.4552992 -0.4559264
26856.936000 0.0928845 -0.0122195 1.3240136 0.5411257 -0.5402536 0.4553815 -0.4560007
26857.036000 0.0933149 -0.0123032 1.3239865 0.5412038 -0.5403292 0.4552580 -0.4559419
26857.136000 0.0933389 -0.0122994 1.3239840 0.5412271 -0.5403195 0.4552353 -0.4559483
26857.237000 0.0933538 -0.0122936 1.3239822 0.5412492 -0.5403078 0.4552149 -0.4559563
26857.337000 0.0933685 -0.0122879 1.3239804 0.5412711 -0.5402961 0.4551946 -0.4559644
26857.436000 0.0933828 -0.0122822 1.3239786 0.5412930 -0.5402843 0.4551744 -0.4559726
26857.536000 0.0933969 -0.0122765 1.3239768 0.5413148 -0.5402724 0.4551543 -0.4559808
26857.637000 0.0929873 -0.0121798 1.3240008 0.5412795 -0.5401717 0.4552394 -0.4560572
26857.736000 0.0934153 -0.0122632 1.3239738 0.5413570 -0.5402466 0.4551165 -0.4559990
26857.836000 0.0934374 -0.0122593 1.3239716 0.5413798 -0.5402364 0.4550945 -0.4560061
26857.936000 0.0934504 -0.0122536 1.3239699 0.5414013 -0.5402242 0.4550747 -0.4560147
26858.036000 0.0930394 -0.0121570 1.3239941 0.5413656 -0.5401231 0.4551602 -0.4560915
26858.136000 0.0934667 -0.0122403 1.3239672 0.5414429 -0.5401978 0.4550377 -0.4560336
26858.236000 0.0934877 -0.0122364 1.3239651 0.5414654 -0.5401872 0.4550160 -0.4560411
26858.336000 0.0930760 -0.0121399 1.3239893 0.5414295 -0.5400859 0.4551017 -0.4561181
26858.437000 0.0935024 -0.0122231 1.3239625 0.5415066 -0.5401604 0.4549794 -0.4560605
26858.536000 0.0935227 -0.0122193 1.3239605 0.5415288 -0.5401496 0.4549580 -0.4560682
26858.636000 0.0935339 -0.0122135 1.3239590 0.5415499 -0.5401369 0.4549388 -0.4560773
26858.737000 0.0935449 -0.0122079 1.3239575 0.5415706 -0.5401243 0.4549199 -0.4560865
26858.836000 0.0931234 -0.0121095 1.3239824 0.5415334 -0.5400208 0.4550079 -0.4561654
26858.936000 0.0935574 -0.0121945 1.3239552 0.5416113 -0.5400967 0.4548839 -0.4561068
26859.036000 0.0931527 -0.0121000 1.3239791 0.5415762 -0.5399968 0.4549680 -0.4561830
26859.137000 0.0931498 -0.0120915 1.3239785 0.5415951 -0.5399810 0.4549524 -0.4561946
26859.236000 0.0931596 -0.0120858 1.3239771 0.5416157 -0.5399680 0.4549337 -0.4562043
26859.336000 0.0935969 -0.0121715 1.3239497 0.5416940 -0.5400445 0.4548089 -0.4561452
26859.436000 0.0936152 -0.0121677 1.3239479 0.5417157 -0.5400332 0.4547881 -0.4561536
26859.536000 0.0936243 -0.0121620 1.3239466 0.5417361 -0.5400199 0.4547696 -0.4561634
26859.636000 0.0936333 -0.0121562 1.3239453 0.5417565 -0.5400066 0.4547512 -0.4561733
26859.736000 0.0936421 -0.0121505 1.3239440 0.5417768 -0.5399933 0.4547328 -0.4561833
26859.836000 0.0932271 -0.0120543 1.3239687 0.5417400 -0.5398911 0.4548196 -0.4562615
26859.936000 0.0932225 -0.0120459 1.3239682 0.5417585 -0.5398749 0.4548045 -0.4562737
26860.036000 0.0936584 -0.0121314 1.3239409 0.5418363 -0.5399510 0.4546803 -0.4562151
26860.136000 0.0936752 -0.0121276 1.3239392 0.5418576 -0.5399392 0.4546600 -0.4562239
26860.236000 0.0932595 -0.0120315 1.3239639 0.5418206 -0.5398369 0.4547470 -0.4563023
26860.336000 0.0936818 -0.0121142 1.3239375 0.5418965 -0.5399101 0.4546261 -0.4562460
26860.436000 0.0932660 -0.0120183 1.3239622 0.5418594 -0.5398076 0.4547132 -0.4563245
26860.536000 0.0936967 -0.0121028 1.3239352 0.5419364 -0.5398826 0.4545902 -0.4562669
26860.636000 0.0932803 -0.0120069 1.3239600 0.5418992 -0.5397800 0.4546774 -0.4563455
26860.736000 0.0932828 -0.0120002 1.3239592 0.5419184 -0.5397652 0.4546608 -0.4563569
26860.836000 0.0937173 -0.0120855 1.3239320 0.5419958 -0.5398409 0.4545370 -0.4562987
26860.936000 0.0933006 -0.0119897 1.3239569 0.5419585 -0.5397382 0.4546243 -0.4563775
26861.036000 0.0937305 -0.0120741 1.3239300 0.5420353 -0.5398129 0.4545017 -0.4563201
26861.136000 0.0937454 -0.0120702 1.3239284 0.5420560 -0.5398006 0.4544820 -0.4563296
26861.236000 0.0937515 -0.0120645 1.3239274 0.5420756 -0.5397865 0.4544645 -0.4563404
26861.336000 0.0933338 -0.0119687 1.3239524 0.5420380 -0.5396836 0.4545521 -0.4564195
26861.436000 0.0937502 -0.0120503 1.3239263 0.5421127 -0.5397555 0.4544331 -0.4563643
26861.536000 0.0937689 -0.0120473 1.3239246 0.5421341 -0.5397438 0.4544123 -0.4563733
26861.636000 0.0937743 -0.0120415 1.3239236 0.5421535 -0.5397295 0.4543950 -0.4563844
26861.736000 0.0937797 -0.0120358 1.3239227 0.5421729 -0.5397152 0.4543778 -0.4563955
26861.836000 0.0933527 -0.0119384 1.3239483 0.5421339 -0.5396103 0.4544677 -0.4564763
26861.936000 0.0937813 -0.0120225 1.3239215 0.5422104 -0.5396846 0.4543456 -0.4564193
26862.036000 0.0933627 -0.0119270 1.3239465 0.5421725 -0.5395814 0.4544335 -0.4564987
26862.136000 0.0937910 -0.0120110 1.3239198 0.5422488 -0.5396556 0.4543114 -0.4564419
26862.237000 0.0938042 -0.0120071 1.3239184 0.5422692 -0.5396429 0.4542923 -0.4564518
26862.336000 0.0938087 -0.0120014 1.3239176 0.5422883 -0.5396283 0.4542753 -0.4564632
26862.436000 0.0938131 -0.0119957 1.3239167 0.5423074 -0.5396136 0.4542584 -0.4564747
26862.536000 0.0933979 -0.0119012 1.3239416 0.5422697 -0.5395114 0.4543456 -0.4565536
26862.636000 0.0933849 -0.0118918 1.3239419 0.5422866 -0.5394929 0.4543329 -0.4565680
26862.736000 0.0938124 -0.0119757 1.3239152 0.5423625 -0.5395670 0.4542112 -0.4565112
26862.836000 0.0938293 -0.0119727 1.3239136 0.5423834 -0.5395548 0.4541911 -0.4565209
26862.936000 0.0934137 -0.0118784 1.3239385 0.5423456 -0.5394524 0.4542785 -0.4565999
26863.036000 0.0938278 -0.0119594 1.3239127 0.5424200 -0.5395233 0.4541599 -0.4565456
26863.136000 0.0938402 -0.0119555 1.3239114 0.5424401 -0.5395103 0.4541410 -0.4565559
26863.236000 0.0934158 -0.0118595 1.3239369 0.5424010 -0.5394060 0.4542306 -0.4566365
26863.336000 0.0938382 -0.0119422 1.3239105 0.5424765 -0.5394786 0.4541100 -0.4565809
26863.437000 0.0934265 -0.0118489 1.3239352 0.5424393 -0.5393768 0.4541963 -0.4566596
26863.536000 0.0938443 -0.0119307 1.3239091 0.5425140 -0.5394486 0.4540770 -0.4566046
26863.636000 0.0934325 -0.0118375 1.3239338 0.5424767 -0.5393468 0.4541633 -0.4566834
26863.736000 0.0934223 -0.0118291 1.3239340 0.5424936 -0.5393290 0.4541501 -0.4566974
26863.837000 0.0934251 -0.0118234 1.3239333 0.5425123 -0.5393139 0.4541337 -0.4567094
26863.936000 0.0938555 -0.0119078 1.3239065 0.5425886 -0.5393883 0.4540114 -0.4566525
26864.036000 0.0938669 -0.0119040 1.3239053 0.5426084 -0.5393750 0.4539929 -0.4566631
26864.136000 0.0938693 -0.0118982 1.3239047 0.5426270 -0.5393598 0.4539766 -0.4566752
26864.237000 0.0934438 -0.0118025 1.3239303 0.5425876 -0.5392553 0.4540665 -0.4567561
26864.336000 0.0938651 -0.0118849 1.3239040 0.5426628 -0.5393275 0.4539462 -0.4567009
26864.436000 0.0934524 -0.0117919 1.3239288 0.5426253 -0.5392255 0.4540328 -0.4567799
26864.536000 0.0938692 -0.0118735 1.3239028 0.5426997 -0.5392970 0.4539139 -0.4567253
26864.637000 0.0938800 -0.0118696 1.3239017 0.5427193 -0.5392835 0.4538956 -0.4567361
26864.736000 0.0938819 -0.0118639 1.3239011 0.5427376 -0.5392683 0.4538796 -0.4567482
26864.836000 0.0934515 -0.0117673 1.3239271 0.5426977 -0.5391624 0.4539704 -0.4568303
26864.937000 0.0938767 -0.0118506 1.3239006 0.5427733 -0.5392356 0.4538495 -0.4567744
26865.036000 0.0938870 -0.0118467 1.3238995 0.5427928 -0.5392219 0.4538313 -0.4567853
26865.137000 0.0938885 -0.0118410 1.3238990 0.5428111 -0.5392065 0.4538153 -0.4567977
26865.236000 0.0938899 -0.0118352 1.3238984 0.5428294 -0.5391910 0.4537993 -0.4568101
26865.336000 0.0934676 -0.0117406 1.3239239 0.5427904 -0.5390869 0.4538883 -0.4568909
26865.436000 0.0934559 -0.0117322 1.3239242 0.5428069 -0.5390687 0.4538756 -0.4569054
26865.536000 0.1030617 -0.0123532 1.3239930 0.5407234 -0.5406397 0.4557205 -0.4556816
26865.636000 0.1037393 -0.0124526 1.3239633 0.5407638 -0.5407502 0.4556287 -0.4555944
26865.736000 0.1037751 -0.0124477 1.3239599 0.5407832 -0.5407359 0.4556113 -0.4556058
26865.836000 0.1038042 -0.0124419 1.3239570 0.5408030 -0.5407220 0.4555936 -0.4556164
26865.936000 0.1038314 -0.0124362 1.3239541 0.5408237 -0.5407090 0.4555748 -0.4556260
26866.036000 0.1135624 -0.0125042 1.3239572 -0.5406873 0.5408038 -0.4556579 0.4555924
26866.136000 0.1221045 -0.0123438 1.3240671 0.5406476 -0.5405081 0.4558220 -0.4558262
26866.236000 0.1427784 -0.0124259 1.3240154 -0.5406145 0.5406458 -0.4558104 0.4557137
26866.336000 0.1530501 -0.0123701 1.3239964 -0.5406689 0.5406743 -0.4557685 0.4556572
26866.436000 0.1724325 -0.0124599 1.3240437 0.5406454 -0.5406165 0.4557573 -0.4557649
26866.536000 0.1826108 -0.0124377 1.3240447 0.5406879 -0.5405901 0.4557335 -0.4557696
26866.636000 0.1935883 -0.0124649 1.3239696 -0.5407256 0.5407683 -0.4556617 0.4555852
26866.736000 0.2030833 -0.0123673 1.3239924 0.5406862 -0.5406800 0.4557507 -0.4556477
26866.836000 0.2124312 -0.0124299 1.3240411 0.5407097 -0.5405910 0.4557145 -0.4557617
26866.936000 0.2232198 -0.0124588 1.3239658 -0.5407498 0.5407646 -0.4556394 0.4555832
26867.036000 0.2335107 -0.0124587 1.3239656 -0.5407479 0.5407666 -0.4556411 0.4555814
26867.136000 0.2430813 -0.0123672 1.3239924 0.5406864 -0.5406798 0.4557506 -0.4556478
26867.237000 0.2433073 -0.0123589 1.3239896 0.5407034 -0.5406615 0.4557379 -0.4556620
26867.336000 0.2433386 -0.0123531 1.3239865 0.5407222 -0.5406464 0.4557216 -0.4556740
26867.437000 0.2433677 -0.0123473 1.3239835 0.5407421 -0.5406325 0.4557038 -0.4556846
26867.536000 0.2433949 -0.0123417 1.3239807 0.5407628 -0.5406196 0.4556850 -0.4556942
26867.636000 0.2520884 -0.0123409 1.3240688 0.5406436 -0.5405014 0.4558279 -0.4558330
26867.737000 0.2620911 -0.0123410 1.3240679 0.5406436 -0.5405076 0.4558271 -0.4558264
26867.836000 0.2726182 -0.0124338 1.3240419 0.5407018 -0.5405978 0.4557203 -0.4557573
26867.936000 0.2830769 -0.0123681 1.3239930 0.5406858 -0.5406792 0.4557511 -0.4556488
26868.036000 0.2921028 -0.0123395 1.3240668 0.5406512 -0.5405041 0.4558204 -0.4558282
26868.136000 0.3026295 -0.0124319 1.3240406 0.5407082 -0.5405954 0.4557147 -0.4557581
26868.236000 0.3233491 -0.0126415 1.3239655 -0.5407103 0.5408142 -0.4556089 0.4556017
26868.336000 0.3330563 -0.0123457 1.3239850 0.5407002 -0.5406392 0.4557686 -0.4556616
26868.436000 0.3420746 -0.0123670 1.3240714 0.5405808 -0.5405333 0.4558727 -0.4558249
26868.536000 0.3526182 -0.0124338 1.3240419 0.5407017 -0.5405978 0.4557203 -0.4557572
26868.637000 0.3626433 -0.0124333 1.3240398 0.5407107 -0.5405962 0.4557115 -0.4557574
26868.736000 0.3828620 -0.0123712 1.3239955 -0.5406704 0.5406775 -0.4557660 0.4556542
26868.836000 0.3933866 -0.0124599 1.3239688 -0.5407330 0.5407698 -0.4556557 0.4555806
26868.937000 0.4034118 -0.0124597 1.3239661 -0.5407453 0.5407688 -0.4556432 0.4555797
26869.036000 0.4217944 -0.0123451 1.3240687 0.5406405 -0.5405050 0.4558288 -0.4558315
26869.137000 0.4333951 -0.0124575 1.3239673 -0.5407438 0.5407652 -0.4556462 0.4555828
26869.236000 0.4434117 -0.0124596 1.3239661 -0.5407455 0.5407686 -0.4556430 0.4555799
26869.336000 0.4534117 -0.0124596 1.3239661 -0.5407455 0.5407687 -0.4556431 0.4555798
26869.436000 0.4726222 -0.0127208 1.3240189 -0.5406793 0.5406891 -0.4556286 0.4557674
26869.536000 0.4826264 -0.0124424 1.3240420 0.5406973 -0.5405997 0.4557214 -0.4557592
26869.636000 0.4926262 -0.0124361 1.3240418 0.5407008 -0.5405993 0.4557202 -0.4557568
26869.736000 0.5026308 -0.0124354 1.3240412 0.5407041 -0.5405996 0.4557170 -0.4557556
26869.836000 0.5126342 -0.0124349 1.3240407 0.5407061 -0.5405991 0.4557152 -0.4557555
26869.936000 0.5234135 -0.0124598 1.3239663 -0.5407469 0.5407670 -0.4556418 0.4555814
26870.037000 0.5321167 -0.0123417 1.3240656 0.5406549 -0.5405056 0.4558155 -0.4558269
26870.136000 0.5523943 -0.0124588 1.3240459 -0.5406323 0.5406330 -0.4557761 0.4557420
26870.237000 0.5630610 -0.0123719 1.3239957 -0.5406681 0.5406782 -0.4557679 0.4556541
26870.336000 0.5720875 -0.0123418 1.3240691 0.5406400 -0.5405026 0.4558312 -0.4558325
26870.436000 0.5923735 -0.0124603 1.3240484 -0.5406156 0.5406347 -0.4557941 0.4557418
26870.537000 0.6021098 -0.0123435 1.3240667 0.5406470 -0.5405106 0.4558223 -0.4558236
26870.636000 0.6231119 -0.0124589 1.3239657 -0.5407326 0.5407787 -0.4556562 0.4555700
26870.736000 0.6323243 -0.0123649 1.3240525 0.5406134 -0.5405404 0.4558374 -0.4558129
26870.836000 0.6433689 -0.0124529 1.3239722 0.5407552 -0.5407169 0.4556352 -0.4556376
26870.936000 0.6530511 -0.0123743 1.3239978 -0.5406545 0.5406706 -0.4557803 0.4556670
26871.036000 0.6626057 -0.0124358 1.3240444 0.5406930 -0.5405890 0.4557288 -0.4557695
26871.136000 0.6726214 -0.0124367 1.3240427 0.5406964 -0.5405970 0.4557247 -0.4557600
26871.236000 0.6835960 -0.0124627 1.3239680 -0.5407369 0.5407704 -0.4556507 0.4555804
26871.336000 0.6924418 -0.0124354 1.3240413 0.5407063 -0.5405969 0.4557152 -0.4557581
26871.436000 0.7117886 -0.0123452 1.3240687 0.5406405 -0.5405050 0.4558288 -0.4558314
26871.536000 0.7219910 -0.0123416 1.3240685 0.5406403 -0.5405066 0.4558304 -0.4558282
26871.636000 0.7330597 -0.0123671 1.3239941 0.5406814 -0.5406783 0.4557561 -0.4556501
26871.736000 0.7435977 -0.0124605 1.3239673 -0.5407391 0.5407712 -0.4556490 0.4555784
26871.836000 0.7620156 -0.0123492 1.3240662 0.5406383 -0.5405205 0.4558286 -0.4558159
26871.936000 0.7729825 -0.0123766 1.3240042 0.5406564 -0.5406379 0.4557716 -0.4557120
26872.036000 0.7830645 -0.0123670 1.3239939 -0.5406797 0.5406806 -0.4557576 0.4556479
26872.136000 0.8032794 -0.0124638 1.3239704 -0.5407217 0.5407670 -0.4556661 0.4555870
26872.236000 0.8129871 -0.0123686 1.3239923 0.5406859 -0.5406815 0.4557505 -0.4556466
26872.337000 0.8323734 -0.0124603 1.3240484 -0.5406157 0.5406347 -0.4557941 0.4557418
26872.436000 0.8430576 -0.0123573 1.3239970 0.5407124 -0.5406216 0.4557289 -0.4557079
26872.536000 0.8526097 -0.0124353 1.3240437 0.5406960 -0.5405925 0.4557260 -0.4557646
26872.636000 0.8726880 -0.0123685 1.3240138 0.5406364 -0.5406237 0.4558084 -0.4557158
26872.736000 0.8834760 -0.0124458 1.3239719 0.5407672 -0.5407073 0.4556292 -0.4556408
26872.836000 0.8933915 -0.0124642 1.3239696 -0.5407247 0.5407692 -0.4556628 0.4555841
26872.936000 0.9030645 -0.0123703 1.3239944 -0.5406750 0.5406828 -0.4557609 0.4556475
26873.036000 0.9130607 -0.0123678 1.3239945 -0.5406766 0.5406810 -0.4557604 0.4556483
26873.136000 0.9220953 -0.0123408 1.3240677 0.5406466 -0.5405053 0.4558245 -0.4558282
26873.236000 0.9330661 -0.0123662 1.3239935 0.5406846 -0.5406773 0.4557532 -0.4556503
26873.336000 0.9433987 -0.0124574 1.3239672 -0.5407420 0.5407672 -0.4556477 0.4555811
26873.436000 0.9526378 -0.0124338 1.3240401 0.5407114 -0.5405951 0.4557107 -0.4557585
26873.536000 0.9626425 -0.0124334 1.3240398 0.5407105 -0.5405964 0.4557116 -0.4557573
26873.636000 0.9833159 -0.0124657 1.3239665 -0.5407348 0.5407776 -0.4556518 0.4555732
26873.736000 0.9925825 -0.0124628 1.3240490 0.5406230 -0.5406178 0.4557824 -0.4557649
26873.837000 1.0026291 -0.0124357 1.3240414 0.5407028 -0.5405998 0.4557182 -0.4557557
26873.936000 1.0134080 -0.0124609 1.3239669 -0.5407435 0.5407690 -0.4556446 0.4555802
26874.036000 1.0228930 -0.0123692 1.3239920 0.5406874 -0.5406816 0.4557486 -0.4556465
26874.137000 1.0323006 -0.0123390 1.3240664 0.5406528 -0.5405032 0.4558191 -0.4558287
26874.236000 1.0426366 -0.0124314 1.3240403 0.5407097 -0.5405942 0.4557135 -0.4557589
26874.336000 1.0628013 -0.0124110 1.3239887 -0.5406889 0.5407133 -0.4557285 0.4556272
26874.436000 1.0728679 -0.0123694 1.3239945 -0.5406787 0.5406793 -0.4557579 0.4556503
26874.536000 1.0928361 -0.0123723 1.3239984 -0.5406534 0.5406687 -0.4557824 0.4556685
26874.636000 1.1033773 -0.0124617 1.3239707 -0.5407211 0.5407661 -0.4556679 0.4555870
26874.736000 1.1123008 -0.0123409 1.3240667 0.5406506 -0.5405059 0.4558203 -0.4558270
26874.836000 1.1234043 -0.0124569 1.3239670 -0.5407457 0.5407639 -0.4556446 0.4555837
26874.936000 1.1424018 -0.0124607 1.3240451 -0.5406311 0.5406418 -0.4557775 0.4557318
26875.036000 1.1530599 -0.0123728 1.3239959 -0.5406653 0.5406788 -0.4557702 0.4556544
26875.136000 1.1626128 -0.0124347 1.3240433 0.5406975 -0.5405927 0.4557249 -0.4557637
26875.236000 1.1730697 -0.0123695 1.3239939 0.5406803 -0.5406803 0.4557561 -0.4556491
26875.336000 1.1826215 -0.0124335 1.3240418 0.5407048 -0.5405953 0.4557176 -0.4557592
26875.436000 1.1934096 -0.0124606 1.3239667 -0.5407447 0.5407684 -0.4556437 0.4555805
26875.537000 1.2021145 -0.0123421 1.3240658 0.5406538 -0.5405064 0.4558165 -0.4558264
26875.636000 1.2134011 -0.0124562 1.3239667 -0.5407473 0.5407625 -0.4556433 0.4555847
26875.736000 1.2235149 -0.0124587 1.3239656 -0.5407479 0.5407666 -0.4556411 0.4555813
26875.836000 1.2428591 -0.0123716 1.3239960 -0.5406653 0.5406789 -0.4557709 0.4556537
26875.937000 1.2520053 -0.0123400 1.3240671 0.5406496 -0.5405050 0.4558217 -0.4558277
26876.036000 1.2630688 -0.0123653 1.3239930 0.5406876 -0.5406756 0.4557507 -0.4556512
26876.136000 1.2828446 -0.0123608 1.3239981 0.5406981 -0.5406278 0.4557405 -0.4557058
26876.236000 1.2920844 -0.0123423 1.3240695 0.5406385 -0.5405024 0.4558323 -0.4558334
26876.336000 1.3030580 -0.0123678 1.3239946 -0.5406782 0.5406785 -0.4557591 0.4556507
26876.436000 1.3133913 -0.0124589 1.3239681 -0.5407370 0.5407694 -0.4556520 0.4555800
26876.536000 1.3226299 -0.0124352 1.3240410 0.5407071 -0.5405971 0.4557144 -0.4557576
26876.637000 1.3418023 -0.0123449 1.3240683 0.5406399 -0.5405090 0.4558291 -0.4558271
26876.736000 1.3526257 -0.0124326 1.3240410 0.5407061 -0.5405968 0.4557164 -0.4557572
26876.836000 1.3724155 -0.0124619 1.3240450 0.5406397 -0.5406252 0.4557640 -0.4557546
26876.936000 1.3830574 -0.0123734 1.3239966 -0.5406642 0.5406738 -0.4557704 0.4556615
26877.036000 1.3935883 -0.0124625 1.3239687 -0.5407310 0.5407720 -0.4556565 0.4555795
26877.137000 1.4029929 -0.0123679 1.3239920 0.5406876 -0.5406803 0.4557491 -0.4556474
26877.236000 1.4223972 -0.0124361 1.3240453 0.5406930 -0.5405812 0.4557279 -0.4557797
26877.336000 1.4335872 -0.0124658 1.3239698 -0.5407228 0.5407689 -0.4556640 0.4555856
26877.436000 1.4421952 -0.0123437 1.3240686 0.5406409 -0.5405047 0.4558293 -0.4558308
26877.536000 1.4528814 -0.0123651 1.3239929 0.5406881 -0.5406752 0.4557503 -0.4556515
26877.636000 1.4626298 -0.0124314 1.3240404 0.5407117 -0.5405920 0.4557117 -0.4557608
26877.736000 1.4820554 -0.0123579 1.3240645 0.5406456 -0.5405254 0.4558176 -0.4558124
26877.836000 1.4930174 -0.0123661 1.3240020 0.5406787 -0.5406177 0.4557561 -0.4557250
26877.936000 1.5028731 -0.0123668 1.3239938 0.5406805 -0.5406804 0.4557569 -0.4556480
26878.036000 1.5126181 -0.0124334 1.3240417 0.5407054 -0.5405953 0.4557171 -0.4557591
26878.136000 1.5234080 -0.0124609 1.3239669 -0.5407436 0.5407689 -0.4556445 0.4555803
26878.236000 1.5330786 -0.0123674 1.3239925 0.5406859 -0.5406802 0.4557510 -0.4556476
26878.336000 1.5430749 -0.0123649 1.3239927 0.5406864 -0.5406771 0.4557518 -0.4556498
26878.436000 1.5628863 -0.0122820 1.3239897 0.5406904 -0.5406747 0.4557786 -0.4556211
26878.536000 1.5732242 -0.0124080 1.3239839 -0.5406260 0.5407139 -0.4557694 0.4556603
26878.637000 1.5833904 -0.0124591 1.3239682 -0.5407361 0.5407698 -0.4556528 0.4555799
26878.736000 1.5929810 -0.0123692 1.3239927 0.5406839 -0.5406826 0.4557521 -0.4556460
26878.837000 1.5933033 -0.0123596 1.3239900 0.5407012 -0.5406635 0.4557398 -0.4556605
26878.936000 1.5933350 -0.0123537 1.3239869 0.5407199 -0.5406481 0.4557236 -0.4556727
26879.036000 1.5937881 -0.0124399 1.3239580 0.5407968 -0.5407231 0.4556007 -0.4556154
26879.136000 1.5934006 -0.0123442 1.3239805 0.5407615 -0.5406229 0.4556851 -0.4556917
26879.236000 1.5938499 -0.0124303 1.3239519 0.5408399 -0.5406995 0.4555603 -0.4556326
26879.336000 1.5934591 -0.0123346 1.3239746 0.5408058 -0.5406005 0.4556434 -0.4557076
26879.436000 1.5938850 -0.0124160 1.3239474 0.5408820 -0.5406736 0.4555230 -0.4556507
26879.536000 1.5934972 -0.0123215 1.3239699 0.5408494 -0.5405761 0.4556039 -0.4557242
26879.636000 1.5935102 -0.0123139 1.3239680 0.5408709 -0.5405632 0.4555850 -0.4557329
26879.736000 1.5935314 -0.0123082 1.3239655 0.5408936 -0.5405523 0.4555637 -0.4557401
26879.836000 1.5939801 -0.0123950 1.3239369 0.5409740 -0.5406314 0.4554362 -0.4556782
26879.936000 1.5935814 -0.0122986 1.3239602 0.5409407 -0.5405326 0.4555186 -0.4557526
26880.037000 1.5940215 -0.0123835 1.3239321 0.5410202 -0.5406102 0.4553929 -0.4556918
26880.136000 1.5936268 -0.0122872 1.3239550 0.5409880 -0.5405125 0.4554740 -0.4557648
26880.236000 1.5936196 -0.0122796 1.3239549 0.5410057 -0.5404958 0.4554596 -0.4557781
26880.336000 1.5936414 -0.0122738 1.3239524 0.5410293 -0.5404857 0.4554374 -0.4557842
26880.436000 1.5940924 -0.0123614 1.3239237 0.5411105 -0.5405656 0.4553086 -0.4557218
26880.536000 1.5936867 -0.0122643 1.3239475 0.5410761 -0.5404658 0.4553926 -0.4557970
26880.636000 1.5941188 -0.0123480 1.3239200 0.5411546 -0.5405417 0.4552685 -0.4557377
26880.736000 1.5941485 -0.0123450 1.3239171 0.5411789 -0.5405332 0.4552444 -0.4557431
26880.836000 1.5941648 -0.0123393 1.3239151 0.5412013 -0.5405219 0.4552236 -0.4557507
26880.936000 1.5937530 -0.0122414 1.3239394 0.5411659 -0.5404208 0.4553091 -0.4558271
26881.036000 1.5937597 -0.0122337 1.3239380 0.5411870 -0.5404075 0.4552907 -0.4558363
26881.136000 1.5941986 -0.0123192 1.3239101 0.5412662 -0.5404848 0.4551651 -0.4557762
26881.236000 1.5938031 -0.0122251 1.3239334 0.5412328 -0.5403872 0.4552467 -0.4558500
26881.337000 1.5938046 -0.0122165 1.3239324 0.5412531 -0.5403725 0.4552295 -0.4558603
26881.436000 1.5938189 -0.0122108 1.3239306 0.5412750 -0.5403607 0.4552093 -0.4558685
26881.536000 1.5938329 -0.0122050 1.3239288 0.5412968 -0.5403488 0.4551892 -0.4558768
26881.636000 1.5938466 -0.0121993 1.3239270 0.5413186 -0.5403369 0.4551692 -0.4558852
26881.736000 1.5942796 -0.0122837 1.3238995 0.5413966 -0.5404129 0.4550453 -0.4558261
26881.836000 1.5938822 -0.0121897 1.3239231 0.5413630 -0.5403146 0.4551272 -0.4559007
26881.936000 1.5938862 -0.0121821 1.3239219 0.5413833 -0.5403005 0.4551097 -0.4559108
26882.036000 1.5943221 -0.0122672 1.3238943 0.5414618 -0.5403770 0.4549850 -0.4558515
26882.136000 1.5943477 -0.0122642 1.3238918 0.5414849 -0.5403674 0.4549621 -0.4558581
26882.236000 1.5943598 -0.0122585 1.3238902 0.5415062 -0.5403550 0.4549426 -0.4558670
26882.336000 1.5939440 -0.0121610 1.3239150 0.5414698 -0.5402528 0.4550294 -0.4559448
26882.436000 1.5939468 -0.0121533 1.3239140 0.5414897 -0.5402384 0.4550123 -0.4559553
26854.787000 0.0924221 -0.0123358 1.3240646 0.5406616 -0.5404952 0.4558120 -0.4558348
26854.787000 0.0924221 -0.0123358 1.3240646 0.5406616 -0.5404952 0.4558120 -0.4558348
26854.836000 0.0924221 -0.0123358 1.3240646 0.5406616 -0.5404952 0.4558120 -0.4558348
26854.936000 0.0924546 -0.0123300 1.3240615 0.5406796 -0.5404798 0.4557967 -0.4558470
26855.036000 0.0924846 -0.0123243 1.3240585 0.5406990 -0.5404656 0.4557795 -0.4558581
26855.136000 0.0925126 -0.0123187 1.3240557 0.5407194 -0.5404523 0.4557611 -0.4558680
26855.236000 0.0929625 -0.0124048 1.3240273 0.5407974 -0.5405290 0.4556367 -0.4558089
26855.336000 0.0925768 -0.0123102 1.3240494 0.5407640 -0.5404306 0.4557185 -0.4558834
26855.436000 0.0930153 -0.0123944 1.3240218 0.5408419 -0.5405061 0.4555951 -0.4558248
26855.536000 0.0930468 -0.0123906 1.3240187 0.5408655 -0.5404967 0.4555721 -0.4558310
26855.637000 0.0930686 -0.0123849 1.3240163 0.5408880 -0.5404856 0.4555512 -0.4558384
26855.736000 0.0926573 -0.0122858 1.3240400 0.5408524 -0.5403838 0.4556374 -0.4559151
26855.836000 0.0931012 -0.0123716 1.3240120 0.5409322 -0.5404618 0.4555110 -0.4558543
26855.936000 0.0927056 -0.0122763 1.3240349 0.5408990 -0.5403636 0.4555929 -0.4559282
26856.036000 0.0927109 -0.0122678 1.3240335 0.5409198 -0.5403498 0.4555752 -0.4559377
26856.136000 0.0927262 -0.0122622 1.3240316 0.5409417 -0.5403381 0.4555549 -0.4559458
26856.236000 0.0931894 -0.0123488 1.3240019 0.5410261 -0.5404209 0.4554228 -0.4558796
26856.336000 0.0932105 -0.0123450 1.3239998 0.5410486 -0.5404104 0.4554010 -0.4558870
26856.436000 0.0928072 -0.0122489 1.3240232 0.5410142 -0.5403112 0.4554846 -0.4559619
26856.537000 0.0932301 -0.0123308 1.3239966 0.5410914 -0.5403852 0.4553629 -0.4559042
26856.636000 0.0932599 -0.0123279 1.3239938 0.5411158 -0.5403766 0.4553386 -0.4559097
26856.736000 0.0928568 -0.0122318 1.3240172 0.5410815 -0.5402774 0.4554220 -0.4559845
26856.836000 0.0932834 -0.0123146 1.3239903 0.5411593 -0.5403521 0.4552992 -0.4559264
26856.936000 0.0928845 -0.0122195 1.3240136 0.5411257 -0.5402536 0.4553815 -0.4560007
26857.036000 0.0933149 -0.0123032 1.3239865 0.5412038 -0.5403292 0.4552580 -0.4559419
26857.136000 0.0933389 -0.0122994 1.3239840 0.5412271 -0.5403195 0.4552353 -0.4559483
26857.237000 0.0933538 -0.0122936 1.3239822 0.5412492 -0.5403078 0.4552149 -0.4559563
26857.337000 0.0933685 -0.0122879 1.3239804 0.5412711 -0.5402961 0.4551946 -0.4559644
26857.436000 0.0933828 -0.0122822 1.3239786 0.5412930 -0.5402843 0.4551744 -0.4559726
26857.536000 0.0933969 -0.0122765 1.3239768 0.5413148 -0.5402724 0.4551543 -0.4559808
26857.637000 0.0929873 -0.0121798 1.3240008 0.5412795 -0.5401717 0.4552394 -0.4560572
26857.736000 0.0934153 -0.0122632 1.3239738 0.5413570 -0.5402466 0.4551165 -0.4559990
26857.836000 0.0934374 -0.0122593 1.3239716 0.5413798 -0.5402364 0.4550945 -0.4560061
26857.936000 0.0934504 -0.0122536 1.3239699 0.5414013 -0.5402242 0.4550747 -0.4560147
26858.036000 0.0930394 -0.0121570 1.3239941 0.5413656 -0.5401231 0.4551602 -0.4560915
26858.136000 0.0934667 -0.0122403 1.3239672 0.5414429 -0.5401978 0.4550377 -0.4560336
26858.236000 0.0934877 -0.0122364 1.3239651 0.5414654 -0.5401872 0.4550160 -0.4560411
26858.336000 0.0930760 -0.0121399 1.3239893 0.5414295 -0.5400859 0.4551017 -0.4561181
26858.437000 0.0935024 -0.0122231 1.3239625 0.5415066 -0.5401604 0.4549794 -0.4560605
26858.536000 0.0935227 -0.0122193 1.3239605 0.5415288 -0.5401496 0.4549580 -0.4560682
26858.636000 0.0935339 -0.0122135 1.3239590 0.5415499 -0.5401369 0.4549388 -0.4560773
26858.737000 0.0935449 -0.0122079 1.3239575 0.5415706 -0.5401243 0.4549199 -0.4560865
26858.836000 0.0931234 -0.0121095 1.3239824 0.5415334 -0.5400208 0.4550079 -0.4561654
26858.936000 0.0935574 -0.0121945 1.3239552 0.5416113 -0.5400967 0.4548839 -0.4561068
26859.036000 0.0931527 -0.0121000 1.3239791 0.5415762 -0.5399968 0.4549680 -0.4561830
26859.137000 0.0931498 -0.0120915 1.3239785 0.5415951 -0.5399810 0.4549524 -0.4561946
26859.236000 0.0931596 -0.0120858 1.3239771 0.5416157 -0.5399680 0.4549337 -0.4562043
26859.336000 0.0935969 -0.0121715 1.3239497 0.5416940 -0.5400445 0.4548089 -0.4561452
26859.436000 0.0936152 -0.0121677 1.3239479 0.5417157 -0.5400332 0.4547881 -0.4561536
26859.536000 0.0936243 -0.0121620 1.3239466 0.5417361 -0.5400199 0.4547696 -0.4561634
26859.636000 0.0936333 -0.0121562 1.3239453 0.5417565 -0.5400066 0.4547512 -0.4561733
26859.736000 0.0936421 -0.0121505 1.3239440 0.5417768 -0.5399933 0.4547328 -0.4561833
26859.836000 0.0932271 -0.0120543 1.3239687 0.5417400 -0.5398911 0.4548196 -0.4562615
26859.936000 0.0932225 -0.0120459 1.3239682 0.5417585 -0.5398749 0.4548045 -0.4562737
26860.036000 0.0936584 -0.0121314 1.3239409 0.5418363 -0.5399510 0.4546803 -0.4562151
26860.136000 0.0936752 -0.0121276 1.3239392 0.5418576 -0.5399392 0.4546600 -0.4562239
26860.236000 0.0932595 -0.0120315 1.3239639 0.5418206 -0.5398369 0.4547470 -0.4563023
26860.336000 0.0936818 -0.0121142 1.3239375 0.5418965 -0.5399101 0.4546261 -0.4562460
26860.436000 0.0932660 -0.0120183 1.3239622 0.5418594 -0.5398076 0.4547132 -0.4563245
26860.536000 0.0936967 -0.0121028 1.3239352 0.5419364 -0.5398826 0.4545902 -0.4562669
26860.636000 0.0932803 -0.0120069 1.3239600 0.5418992 -0.5397800 0.4546774 -0.4563455
26860.736000 0.0932828 -0.0120002 1.3239592 0.5419184 -0.5397652 0.4546608 -0.4563569
26860.836000 0.0937173 -0.0120855 1.3239320 0.5419958 -0.5398409 0.4545370 -0.4562987
26860.936000 0.0933006 -0.0119897 1.3239569 0.5419585 -0.5397382 0.4546243 -0.4563775
26861.036000 0.0937305 -0.0120741 1.3239300 0.5420353 -0.5398129 0.4545017 -0.4563201
26861.136000 0.0937454 -0.0120702 1.3239284 0.5420560 -0.5398006 0.4544820 -0.4563296
26861.236000 0.0937515 -0.0120645 1.3239274 0.5420756 -0.5397865 0.4544645 -0.4563404
26861.336000 0.0933338 -0.0119687 1.3239524 0.5420380 -0.5396836 0.4545521 -0.4564195
26861.436000 0.0937502 -0.0120503 1.3239263 0.5421127 -0.5397555 0.4544331 -0.4563643
26861.536000 0.0937689 -0.0120473 1.3239246 0.5421341 -0.5397438 0.4544123 -0.4563733
26861.636000 0.0937743 -0.0120415 1.3239236 0.5421535 -0.5397295 0.4543950 -0.4563844
26861.736000 0.0937797 -0.0120358 1.3239227 0.5421729 -0.5397152 0.4543778 -0.4563955
26861.836000 0.0933527 -0.0119384 1.3239483 0.5421339 -0.5396103 0.4544677 -0.4564763
26861.936000 0.0937813 -0.0120225 1.3239215 0.5422104 -0.5396846 0.4543456 -0.4564193
26862.036000 0.0933627 -0.0119270 1.3239465 0.5421725 -0.5395814 0.4544335 -0.4564987
26862.136000 0.0937910 -0.0120110 1.3239198 0.5422488 -0.5396556 0.4543114 -0.4564419
26862.237000 0.0938042 -0.0120071 1.3239184 0.5422692 -0.5396429 0.4542923 -0.4564518
26862.336000 0.0938087 -0.0120014 1.3239176 0.5422883 -0.5396283 0.4542753 -0.4564632
26862.436000 0.0938131 -0.0119957 1.3239167 0.5423074 -0.5396136 0.4542584 -0.4564747
26862.536000 0.0933979 -0.0119012 1.3239416 0.5422697 -0.5395114 0.4543456 -0.4565536
26862.636000 0.0933849 -0.0118918 1.3239419 0.5422866 -0.5394929 0.4543329 -0.4565680
26862.736000 0.0938124 -0.0119757 1.3239152 0.5423625 -0.5395670 0.4542112 -0.4565112
26862.836000 0.0938293 -0.0119727 1.3239136 0.5423834 -0.5395548 0.4541911 -0.4565209
26862.936000 0.0934137 -0.0118784 1.3239385 0.5423456 -0.5394524 0.4542785 -0.4565999
26863.036000 0.0938278 -0.0119594 1.3239127 0.5424200 -0.5395233 0.4541599 -0.4565456
26863.136000 0.0938402 -0.0119555 1.3239114 0.5424401 -0.5395103 0.4541410 -0.4565559
26863.236000 0.0934158 -0.0118595 1.3239369 0.5424010 -0.5394060 0.4542306 -0.4566365
26863.336000 0.0938382 -0.0119422 1.3239105 0.5424765 -0.5394786 0.4541100 -0.4565809
26863.437000 0.0934265 -0.0118489 1.3239352 0.5424393 -0.5393768 0.4541963 -0.4566596
26863.536000 0.0938443 -0.0119307 1.3239091 0.5425140 -0.5394486 0.4540770 -0.4566046
26863.636000 0.0934325 -0.0118375 1.3239338 0.5424767 -0.5393468 0.4541633 -0.4566834
26863.736000 0.0934223 -0.0118291 1.3239340 0.5424936 -0.5393290 0.4541501 -0.4566974
26863.837000 0.0934251 -0.0118234 1.3239333 0.5425123 -0.5393139 0.4541337 -0.4567094
26863.936000 0.0938555 -0.0119078 1.3239065 0.5425886 -0.5393883 0.4540114 -0.4566525
26864.036000 0.0938669 -0.0119040 1.3239053 0.5426084 -0.5393750 0.4539929 -0.4566631
26864.136000 0.0938693 -0.0118982 1.3239047 0.5426270 -0.5393598 0.4539766 -0.4566752
26864.237000 0.0934438 -0.0118025 1.3239303 0.5425876 -0.5392553 0.4540665 -0.4567561
26864.336000 0.0938651 -0.0118849 1.3239040 0.5426628 -0.5393275 0.4539462 -0.4567009
26864.436000 0.0934524 -0.0117919 1.3239288 0.5426253 -0.5392255 0.4540328 -0.4567799
26864.536000 0.0938692 -0.0118735 1.3239028 0.5426997 -0.5392970 0.4539139 -0.4567253
26864.637000 0.0938800 -0.0118696 1.3239017 0.5427193 -0.5392835 0.4538956 -0.4567361
26864.736000 0.0938819 -0.0118639 1.3239011 0.5427376 -0.5392683 0.4538796 -0.4567482
26864.836000 0.0934515 -0.0117673 1.3239271 0.5426977 -0.5391624 0.4539704 -0.4568303
26864.937000 0.0938767 -0.0118506 1.3239006 0.5427733 -0.5392356 0.4538495 -0.4567744
26865.036000 0.0938870 -0.0118467 1.3238995 0.5427928 -0.5392219 0.4538313 -0.4567853
26865.137000 0.0938885 -0.0118410 1.3238990 0.5428111 -0.5392065 0.4538153 -0.4567977
26865.236000 0.0938899 -0.0118352 1.3238984 0.5428294 -0.5391910 0.4537993 -0.4568101
26865.336000 0.0934676 -0.0117406 1.3239239 0.5427904 -0.5390869 0.4538883 -0.4568909
26865.436000 0.0934559 -0.0117322 1.3239242 0.5428069 -0.5390687 0.4538756 -0.4569054
26865.536000 0.1030617 -0.0123532 1.3239930 0.5407234 -0.5406397 0.4557205 -0.4556816
26865.636000 0.1037393 -0.0124526 1.3239633 0.5407638 -0.5407502 0.4556287 -0.4555944
26865.736000 0.1037751 -0.0124477 1.3239599 0.5407832 -0.5407359 0.4556113 -0.4556058
26865.836000 0.1038042 -0.0124419 1.3239570 0.5408030 -0.5407220 0.4555936 -0.4556164
26865.936000 0.1038314 -0.0124362 1.3239541 0.5408237 -0.5407090 0.4555748 -0.4556260
26866.036000 0.1135624 -0.0125042 1.3239572 -0.5406873 0.5408038 -0.4556579 0.4555924
26866.136000 0.1221045 -0.0123438 1.3240671 0.5406476 -0.5405081 0.4558220 -0.4558262
26866.236000 0.1427784 -0.0124259 1.3240154 -0.5406145 0.5406458 -0.4558104 0.4557137
26866.336000 0.1530501 -0.0123701 1.3239964 -0.5406689 0.5406743 -0.4557685 0.4556572
26866.436000 0.1724325 -0.0124599 1.3240437 0.5406454 -0.5406165 0.4557573 -0.4557649
26866.536000 0.1826108 -0.0124377 1.3240447 0.5406879 -0.5405901 0.4557335 -0.4557696
26866.636000 0.1935883 -0.0124649 1.3239696 -0.5407256 0.5407683 -0.4556617 0.4555852
26866.736000 0.2030833 -0.0123673 1.3239924 0.5406862 -0.5406800 0.4557507 -0.4556477
26866.836000 0.2124312 -0.0124299 1.3240411 0.5407097 -0.5405910 0.4557145 -0.4557617
26866.936000 0.2232198 -0.0124588 1.3239658 -0.5407498 0.5407646 -0.4556394 0.4555832
26867.036000 0.2335107 -0.0124587 1.3239656 -0.5407479 0.5407666 -0.4556411 0.4555814
26867.136000 0.2430813 -0.0123672 1.3239924 0.5406864 -0.5406798 0.4557506 -0.4556478
26867.237000 0.2433073 -0.0123589 1.3239896 0.5407034 -0.5406615 0.4557379 -0.4556620
26867.336000 0.2433386 -0.0123531 1.3239865 0.5407222 -0.5406464 0.4557216 -0.4556740
26867.437000 0.2433677 -0.0123473 1.3239835 0.5407421 -0.5406325 0.4557038 -0.4556846
26867.536000 0.2433949 -0.0123417 1.3239807 0.5407628 -0.5406196 0.4556850 -0.4556942
26867.636000 0.2520884 -0.0123409 1.3240688 0.5406436 -0.5405014 0.4558279 -0.4558330
26867.737000 0.2620911 -0.0123410 1.3240679 0.5406436 -0.5405076 0.4558271 -0.4558264
26867.836000 0.2726182 -0.0124338 1.3240419 0.5407018 -0.5405978 0.4557203 -0.4557573
26867.936000 0.2830769 -0.0123681 1.3239930 0.5406858 -0.5406792 0.4557511 -0.4556488
26868.036000 0.2921028 -0.0123395 1.3240668 0.5406512 -0.5405041 0.4558204 -0.4558282
26868.136000 0.3026295 -0.0124319 1.3240406 0.5407082 -0.5405954 0.4557147 -0.4557581
26868.236000 0.3233491 -0.0126415 1.3239655 -0.5407103 0.5408142 -0.4556089 0.4556017
26868.336000 0.3330563 -0.0123457 1.3239850 0.5407002 -0.5406392 0.4557686 -0.4556616
26868.436000 0.3420746 -0.0123670 1.3240714 0.5405808 -0.5405333 0.4558727 -0.4558249
26868.536000 0.3526182 -0.0124338 1.3240419 0.5407017 -0.5405978 0.4557203 -0.4557572
26868.637000 0.3626433 -0.0124333 1.3240398 0.5407107 -0.5405962 0.4557115 -0.4557574
26868.736000 0.3828620 -0.0123712 1.3239955 -0.5406704 0.5406775 -0.4557660 0.4556542
26868.836000 0.3933866 -0.0124599 1.3239688 -0.5407330 0.5407698 -0.4556557 0.4555806
26868.937000 0.4034118 -0.0124597 1.3239661 -0.5407453 0.5407688 -0.4556432 0.4555797
26869.036000 0.4217944 -0.0123451 1.3240687 0.5406405 -0.5405050 0.4558288 -0.4558315
26869.137000 0.4333951 -0.0124575 1.3239673 -0.5407438 0.5407652 -0.4556462 0.4555828
26869.236000 0.4434117 -0.0124596 1.3239661 -0.5407455 0.5407686 -0.4556430 0.4555799
26869.336000 0.4534117 -0.0124596 1.3239661 -0.5407455 0.5407687 -0.4556431 0.4555798
26869.436000 0.4726222 -0.0127208 1.3240189 -0.5406793 0.5406891 -0.4556286 0.4557674
26869.536000 0.4826264 -0.0124424 1.3240420 0.5406973 -0.5405997 0.4557214 -0.4557592
26869.636000 0.4926262 -0.0124361 1.3240418 0.5407008 -0.5405993 0.4557202 -0.4557568
26869.736000 0.5026308 -0.0124354 1.3240412 0.5407041 -0.5405996 0.4557170 -0.4557556
26869.836000 0.5126342 -0.0124349 1.3240407 0.5407061 -0.5405991 0.4557152 -0.4557555
26869.936000 0.5234135 -0.0124598 1.3239663 -0.5407469 0.5407670 -0.4556418 0.4555814
26870.037000 0.5321167 -0.0123417 1.3240656 0.5406549 -0.5405056 0.4558155 -0.4558269
26870.136000 0.5523943 -0.0124588 1.3240459 -0.5406323 0.5406330 -0.4557761 0.4557420
26870.237000 0.5630610 -0.0123719 1.3239957 -0.5406681 0.5406782 -0.4557679 0.4556541
26870.336000 0.5720875 -0.0123418 1.3240691 0.5406400 -0.5405026 0.4558312 -0.4558325
26870.436000 0.5923735 -0.0124603 1.3240484 -0.5406156 0.5406347 -0.4557941 0.4557418
26870.537000 0.6021098 -0.0123435 1.3240667 0.5406470 -0.5405106 0.4558223 -0.4558236
26870.636000 0.6231119 -0.0124589 1.3239657 -0.5407326 0.5407787 -0.4556562 0.4555700
26870.736000 0.6323243 -0.0123649 1.3240525 0.5406134 -0.5405404 0.4558374 -0.4558129
26870.836000 0.6433689 -0.0124529 1.3239722 0.5407552 -0.5407169 0.4556352 -0.4556376
26870.936000 0.6530511 -0.0123743 1.3239978 -0.5406545 0.5406706 -0.4557803 0.4556670
26871.036000 0.6626057 -0.0124358 1.3240444 0.5406930 -0.5405890 0.4557288 -0.4557695
26871.136000 0.6726214 -0.0124367 1.3240427 0.5406964 -0.5405970 0.4557247 -0.4557600
26871.236000 0.6835960 -0.0124627 1.3239680 -0.5407369 0.5407704 -0.4556507 0.4555804
26871.336000 0.6924418 -0.0124354 1.3240413 0.5407063 -0.5405969 0.4557152 -0.4557581
26871.436000 0.7117886 -0.0123452 1.3240687 0.5406405 -0.5405050 0.4558288 -0.4558314
26871.536000 0.7219910 -0.0123416 1.3240685 0.5406403 -0.5405066 0.4558304 -0.4558282
26871.636000 0.7330597 -0.0123671 1.3239941 0.5406814 -0.5406783 0.4557561 -0.4556501
26871.736000 0.7435977 -0.0124605 1.3239673 -0.5407391 0.5407712 -0.4556490 0.4555784
26871.836000 0.7620156 -0.0123492 1.3240662 0.5406383 -0.5405205 0.4558286 -0.4558159
26871.936000 0.7729825 -0.0123766 1.3240042 0.5406564 -0.5406379 0.4557716 -0.4557120
26872.036000 0.7830645 -0.0123670 1.3239939 -0.5406797 0.5406806 -0.4557576 0.4556479
26872.136000 0.8032794 -0.0124638 1.3239704 -0.5407217 0.5407670 -0.4556661 0.4555870
26872.236000 0.8129871 -0.0123686 1.3239923 0.5406859 -0.5406815 0.4557505 -0.4556466
26872.337000 0.8323734 -0.0124603 1.3240484 -0.5406157 0.5406347 -0.4557941 0.4557418
26872.436000 0.8430576 -0.0123573 1.3239970 0.5407124 -0.5406216 0.4557289 -0.4557079
26872.536000 0.8526097 -0.0124353 1.3240437 0.5406960 -0.5405925 0.4557260 -0.4557646
26872.636000 0.8726880 -0.0123685 1.3240138 0.5406364 -0.5406237 0.4558084 -0.4557158
26872.736000 0.8834760 -0.0124458 1.3239719 0.5407672 -0.5407073 0.4556292 -0.4556408
26872.836000 0.8933915 -0.0124642 1.3239696 -0.5407247 0.5407692 -0.4556628 0.4555841
26872.936000 0.9030645 -0.0123703 1.3239944 -0.5406750 0.5406828 -0.4557609 0.4556475
26873.036000 0.9130607 -0.0123678 1.3239945 -0.5406766 0.5406810 -0.4557604 0.4556483
26873.136000 0.9220953 -0.0123408 1.3240677 0.5406466 -0.5405053 0.4558245 -0.4558282
26873.236000 0.9330661 -0.0123662 1.3239935 0.5406846 -0.5406773 0.4557532 -0.4556503
26873.336000 0.9433987 -0.0124574 1.3239672 -0.5407420 0.5407672 -0.4556477 0.4555811
26873.436000 0.9526378 -0.0124338 1.3240401 0.5407114 -0.5405951 0.4557107 -0.4557585
26873.536000 0.9626425 -0.0124334 1.3240398 0.5407105 -0.5405964 0.4557116 -0.4557573
26873.636000 0.9833159 -0.0124657 1.3239665 -0.5407348 0.5407776 -0.4556518 0.4555732
26873.736000 0.9925825 -0.0124628 1.3240490 0.5406230 -0.5406178 0.4557824 -0.4557649
26873.837000 1.0026291 -0.0124357 1.3240414 0.5407028 -0.5405998 0.4557182 -0.4557557
26873.936000 1.0134080 -0.0124609 1.3239669 -0.5407435 0.5407690 -0.4556446 0.4555802
26874.036000 1.0228930 -0.0123692 1.3239920 0.5406874 -0.5406816 0.4557486 -0.4556465
26874.137000 1.0323006 -0.0123390 1.3240664 0.5406528 -0.5405032 0.4558191 -0.4558287
26874.236000 1.0426366 -0.0124314 1.3240403 0.5407097 -0.5405942 0.4557135 -0.4557589
26874.336000 1.0628013 -0.0124110 1.3239887 -0.5406889 0.5407133 -0.4557285 0.4556272
26874.436000 1.0728679 -0.0123694 1.3239945 -0.5406787 0.5406793 -0.4557579 0.4556503
26874.536000 1.0928361 -0.0123723 1.3239984 -0.5406534 0.5406687 -0.4557824 0.4556685
26874.636000 1.1033773 -0.0124617 1.3239707 -0.5407211 0.5407661 -0.4556679 0.4555870
26874.736000 1.1123008 -0.0123409 1.3240667 0.5406506 -0.5405059 0.4558203 -0.4558270
26874.836000 1.1234043 -0.0124569 1.3239670 -0.5407457 0.5407639 -0.4556446 0.4555837
26874.936000 1.1424018 -0.0124607 1.3240451 -0.5406311 0.5406418 -0.4557775 0.4557318
26875.036000 1.1530599 -0.0123728 1.3239959 -0.5406653 0.5406788 -0.4557702 0.4556544
26875.136000 1.1626128 -0.0124347 1.3240433 0.5406975 -0.5405927 0.4557249 -0.4557637
26875.236000 1.1730697 -0.0123695 1.3239939 0.5406803 -0.5406803 0.4557561 -0.4556491
26875.336000 1.1826215 -0.0124335 1.3240418 0.5407048 -0.5405953 0.4557176 -0.4557592
26875.436000 1.1934096 -0.0124606 1.3239667 -0.5407447 0.5407684 -0.4556437 0.4555805
26875.537000 1.2021145 -0.0123421 1.3240658 0.5406538 -0.5405064 0.4558165 -0.4558264
26875.636000 1.2134011 -0.0124562 1.3239667 -0.5407473 0.5407625 -0.4556433 0.4555847
26875.736000 1.2235149 -0.0124587 1.3239656 -0.5407479 0.5407666 -0.4556411 0.4555813
26875.836000 1.2428591 -0.0123716 1.3239960 -0.5406653 0.5406789 -0.4557709 0.4556537
26875.937000 1.2520053 -0.0123400 1.3240671 0.5406496 -0.5405050 0.4558217 -0.4558277
26876.036000 1.2630688 -0.0123653 1.3239930 0.5406876 -0.5406756 0.4557507 -0.4556512
26876.136000 1.2828446 -0.0123608 1.3239981 0.5406981 -0.5406278 0.4557405 -0.4557058
26876.236000 1.2920844 -0.0123423 1.3240695 0.5406385 -0.5405024 0.4558323 -0.4558334
26876.336000 1.3030580 -0.0123678 1.3239946 -0.5406782 0.5406785 -0.4557591 0.4556507
26876.436000 1.3133913 -0.0124589 1.3239681 -0.5407370 0.5407694 -0.4556520 0.4555800
26876.536000 1.3226299 -0.0124352 1.3240410 0.5407071 -0.5405971 0.4557144 -0.4557576
26876.637000 1.3418023 -0.0123449 1.3240683 0.5406399 -0.5405090 0.4558291 -0.4558271
26876.736000 1.3526257 -0.0124326 1.3240410 0.5407061 -0.5405968 0.4557164 -0.4557572
26876.836000 1.3724155 -0.0124619 1.3240450 0.5406397 -0.5406252 0.4557640 -0.4557546
26876.936000 1.3830574 -0.0123734 1.3239966 -0.5406642 0.5406738 -0.4557704 0.4556615
26877.036000 1.3935883 -0.0124625 1.3239687 -0.5407310 0.5407720 -0.4556565 0.4555795
26877.137000 1.4029929 -0.0123679 1.3239920 0.5406876 -0.5406803 0.4557491 -0.4556474
26877.236000 1.4223972 -0.0124361 1.3240453 0.5406930 -0.5405812 0.4557279 -0.4557797
26877.336000 1.4335872 -0.0124658 1.3239698 -0.5407228 0.5407689 -0.4556640 0.4555856
26877.436000 1.4421952 -0.0123437 1.3240686 0.5406409 -0.5405047 0.4558293 -0.4558308
26877.536000 1.4528814 -0.0123651 1.3239929 0.5406881 -0.5406752 0.4557503 -0.4556515
26877.636000 1.4626298 -0.0124314 1.3240404 0.5407117 -0.5405920 0.4557117 -0.4557608
26877.736000 1.4820554 -0.0123579 1.3240645 0.5406456 -0.5405254 0.4558176 -0.4558124
26877.836000 1.4930174 -0.0123661 1.3240020 0.5406787 -0.5406177 0.4557561 -0.4557250
26877.936000 1.5028731 -0.0123668 1.3239938 0.5406805 -0.5406804 0.4557569 -0.4556480
26878.036000 1.5126181 -0.0124334 1.3240417 0.5407054 -0.5405953 0.4557171 -0.4557591
26878.136000 1.5234080 -0.0124609 1.3239669 -0.5407436 0.5407689 -0.4556445 0.4555803
26878.236000 1.5330786 -0.0123674 1.3239925 0.5406859 -0.5406802 0.4557510 -0.4556476
26878.336000 1.5430749 -0.0123649 1.3239927 0.5406864 -0.5406771 0.4557518 -0.4556498
26878.436000 1.5628863 -0.0122820 1.3239897 0.5406904 -0.5406747 0.4557786 -0.4556211
26878.536000 1.5732242 -0.0124080 1.3239839 -0.5406260 0.5407139 -0.4557694 0.4556603
26878.637000 1.5833904 -0.0124591 1.3239682 -0.5407361 0.5407698 -0.4556528 0.4555799
26878.736000 1.5929810 -0.0123692 1.3239927 0.5406839 -0.5406826 0.4557521 -0.4556460
26878.837000 1.5933033 -0.0123596 1.3239900 0.5407012 -0.5406635 0.4557398 -0.4556605
26878.936000 1.5933350 -0.0123537 1.3239869 0.5407199 -0.5406481 0.4557236 -0.4556727
26879.036000 1.5937881 -0.0124399 1.3239580 0.5407968 -0.5407231 0.4556007 -0.4556154
26879.136000 1.5934006 -0.0123442 1.3239805 0.5407615 -0.5406229 0.4556851 -0.4556917
26879.236000 1.5938499 -0.0124303 1.3239519 0.5408399 -0.5406995 0.4555603 -0.4556326
26879.336000 1.5934591 -0.0123346 1.3239746 0.5408058 -0.5406005 0.4556434 -0.4557076
26879.436000 1.5938850 -0.0124160 1.3239474 0.5408820 -0.5406736 0.4555230 -0.4556507
26879.536000 1.5934972 -0.0123215 1.3239699 0.5408494 -0.5405761 0.4556039 -0.4557242
26879.636000 1.5935102 -0.0123139 1.3239680 0.5408709 -0.5405632 0.4555850 -0.4557329
26879.736000 1.5935314 -0.0123082 1.3239655 0.5408936 -0.5405523 0.4555637 -0.4557401
26879.836000 1.5939801 -0.0123950 1.3239369 0.5409740 -0.5406314 0.4554362 -0.4556782
26879.936000 1.5935814 -0.0122986 1.3239602 0.5409407 -0.5405326 0.4555186 -0.4557526
26880.037000 1.5940215 -0.0123835 1.3239321 0.5410202 -0.5406102 0.4553929 -0.4556918
26880.136000 1.5936268 -0.0122872 1.3239550 0.5409880 -0.5405125 0.4554740 -0.4557648
26880.236000 1.5936196 -0.0122796 1.3239549 0.5410057 -0.5404958 0.4554596 -0.4557781
26880.336000 1.5936414 -0.0122738 1.3239524 0.5410293 -0.5404857 0.4554374 -0.4557842
26880.436000 1.5940924 -0.0123614 1.3239237 0.5411105 -0.5405656 0.4553086 -0.4557218
26880.536000 1.5936867 -0.0122643 1.3239475 0.5410761 -0.5404658 0.4553926 -0.4557970
26880.636000 1.5941188 -0.0123480 1.3239200 0.5411546 -0.5405417 0.4552685 -0.4557377
26880.736000 1.5941485 -0.0123450 1.3239171 0.5411789 -0.5405332 0.4552444 -0.4557431
26880.836000 1.5941648 -0.0123393 1.3239151 0.5412013 -0.5405219 0.4552236 -0.4557507
26880.936000 1.5937530 -0.0122414 1.3239394 0.5411659 -0.5404208 0.4553091 -0.4558271
26881.036000 1.5937597 -0.0122337 1.3239380 0.5411870 -0.5404075 0.4552907 -0.4558363
26881.136000 1.5941986 -0.0123192 1.3239101 0.5412662 -0.5404848 0.4551651 -0.4557762
26881.236000 1.5938031 -0.0122251 1.3239334 0.5412328 -0.5403872 0.4552467 -0.4558500
26881.337000 1.5938046 -0.0122165 1.3239324 0.5412531 -0.5403725 0.4552295 -0.4558603
26881.436000 1.5938189 -0.0122108 1.3239306 0.5412750 -0.5403607 0.4552093 -0.4558685
26881.536000 1.5938329 -0.0122050 1.3239288 0.5412968 -0.5403488 0.4551892 -0.4558768
26881.636000 1.5938466 -0.0121993 1.3239270 0.5413186 -0.5403369 0.4551692 -0.4558852
26881.736000 1.5942796 -0.0122837 1.3238995 0.5413966 -0.5404129 0.4550453 -0.4558261
26881.836000 1.5938822 -0.0121897 1.3239231 0.5413630 -0.5403146 0.4551272 -0.4559007
26881.936000 1.5938862 -0.0121821 1.3239219 0.5413833 -0.5403005 0.4551097 -0.4559108
26882.036000 1.5943221 -0.0122672 1.3238943 0.5414618 -0.5403770 0.4549850 -0.4558515
26882.136000 1.5943477 -0.0122642 1.3238918 0.5414849 -0.5403674 0.4549621 -0.4558581
26882.236000 1.5943598 -0.0122585 1.3238902 0.5415062 -0.5403550 0.4549426 -0.4558670
26882.336000 1.5939440 -0.0121610 1.3239150 0.5414698 -0.5402528 0.4550294 -0.4559448
26882.436000 1.5939468 -0.0121533 1.3239140 0.5414897 -0.5402384 0.4550123 -0.4559553
26882.537000 1.5943860 -0.0122393 1.3238861 0.5415683 -0.5403156 0.4548870 -0.4558955
26854.787000 0.0924221 -0.0123358 1.3240646 0.5406616 -0.5404952 0.4558120 -0.4558348
26854.787000 0.0924221 -0.0123358 1.3240646 0.5406616 -0.5404952 0.4558120 -0.4558348
26854.836000 0.0924221 -0.0123358 1.3240646 0.5406616 -0.5404952 0.4558120 -0.4558348
26854.936000 0.0924546 -0.0123300 1.3240615 0.5406796 -0.5404798 0.4557967 -0.4558470
26855.036000 0.0924846 -0.0123243 1.3240585 0.5406990 -0.5404656 0.4557795 -0.4558581
26855.136000 0.0925126 -0.0123187 1.3240557 0.5407194 -0.5404523 0.4557611 -0.4558680
26855.236000 0.0929625 -0.0124048 1.3240273 0.5407974 -0.5405290 0.4556367 -0.4558089
26855.336000 0.0925768 -0.0123102 1.3240494 0.5407640 -0.5404306 0.4557185 -0.4558834
26855.436000 0.0930153 -0.0123944 1.3240218 0.5408419 -0.5405061 0.4555951 -0.4558248
26855.536000 0.0930468 -0.0123906 1.3240187 0.5408655 -0.5404967 0.4555721 -0.4558310
26855.637000 0.0930686 -0.0123849 1.3240163 0.5408880 -0.5404856 0.4555512 -0.4558384
26855.736000 0.0926573 -0.0122858 1.3240400 0.5408524 -0.5403838 0.4556374 -0.4559151
26855.836000 0.0931012 -0.0123716 1.3240120 0.5409322 -0.5404618 0.4555110 -0.4558543
26855.936000 0.0927056 -0.0122763 1.3240349 0.5408990 -0.5403636 0.4555929 -0.4559282
26856.036000 0.0927109 -0.0122678 1.3240335 0.5409198 -0.5403498 0.4555752 -0.4559377
26856.136000 0.0927262 -0.0122622 1.3240316 0.5409417 -0.5403381 0.4555549 -0.4559458
26856.236000 0.0931894 -0.0123488 1.3240019 0.5410261 -0.5404209 0.4554228 -0.4558796
26856.336000 0.0932105 -0.0123450 1.3239998 0.5410486 -0.5404104 0.4554010 -0.4558870
26856.436000 0.0928072 -0.0122489 1.3240232 0.5410142 -0.5403112 0.4554846 -0.4559619
26856.537000 0.0932301 -0.0123308 1.3239966 0.5410914 -0.5403852 0.4553629 -0.4559042
26856.636000 0.0932599 -0.0123279 1.3239938 0.5411158 -0.5403766 0.4553386 -0.4559097
26856.736000 0.0928568 -0.0122318 1.3240172 0.5410815 -0.5402774 0.4554220 -0.4559845
26856.836000 0.0932834 -0.0123146 1.3239903 0.5411593 -0.5403521 0.4552992 -0.4559264
26856.936000 0.0928845 -0.0122195 1.3240136 0.5411257 -0.5402536 0.4553815 -0.4560007
26857.036000 0.0933149 -0.0123032 1.3239865 0.5412038 -0.5403292 0.4552580 -0.4559419
26857.136000 0.0933389 -0.0122994 1.3239840 0.5412271 -0.5403195 0.4552353 -0.4559483
26857.237000 0.0933538 -0.0122936 1.3239822 0.5412492 -0.5403078 0.4552149 -0.4559563
26857.337000 0.0933685 -0.0122879 1.3239804 0.5412711 -0.5402961 0.4551946 -0.4559644
26857.436000 0.0933828 -0.0122822 1.3239786 0.5412930 -0.5402843 0.4551744 -0.4559726
26857.536000 0.0933969 -0.0122765 1.3239768 0.5413148 -0.5402724 0.4551543 -0.4559808
26857.637000 0.0929873 -0.0121798 1.3240008 0.5412795 -0.5401717 0.4552394 -0.4560572
26857.736000 0.0934153 -0.0122632 1.3239738 0.5413570 -0.5402466 0.4551165 -0.4559990
26857.836000 0.0934374 -0.0122593 1.3239716 0.5413798 -0.5402364 0.4550945 -0.4560061
26857.936000 0.0934504 -0.0122536 1.3239699 0.5414013 -0.5402242 0.4550747 -0.4560147
26858.036000 0.0930394 -0.0121570 1.3239941 0.5413656 -0.5401231 0.4551602 -0.4560915
26858.136000 0.0934667 -0.0122403 1.3239672 0.5414429 -0.5401978 0.4550377 -0.4560336
26858.236000 0.0934877 -0.0122364 1.3239651 0.5414654 -0.5401872 0.4550160 -0.4560411
26858.336000 0.0930760 -0.0121399 1.3239893 0.5414295 -0.5400859 0.4551017 -0.4561181
26858.437000 0.0935024 -0.0122231 1.3239625 0.5415066 -0.5401604 0.4549794 -0.4560605
26858.536000 0.0935227 -0.0122193 1.3239605 0.5415288 -0.5401496 0.4549580 -0.4560682
26858.636000 0.0935339 -0.0122135 1.3239590 0.5415499 -0.5401369 0.4549388 -0.4560773
26858.737000 0.0935449 -0.0122079 1.3239575 0.5415706 -0.5401243 0.4549199 -0.4560865
26858.836000 0.0931234 -0.0121095 1.3239824 0.5415334 -0.5400208 0.4550079 -0.4561654
26858.936000 0.0935574 -0.0121945 1.3239552 0.5416113 -0.5400967 0.4548839 -0.4561068
26859.036000 0.0931527 -0.0121000 1.3239791 0.5415762 -0.5399968 0.4549680 -0.4561830
26859.137000 0.0931498 -0.0120915 1.3239785 0.5415951 -0.5399810 0.4549524 -0.4561946
26859.236000 0.0931596 -0.0120858 1.3239771 0.5416157 -0.5399680 0.4549337 -0.4562043
26859.336000 0.0935969 -0.0121715 1.3239497 0.5416940 -0.5400445 0.4548089 -0.4561452
26859.436000 0.0936152 -0.0121677 1.3239479 0.5417157 -0.5400332 0.4547881 -0.4561536
26859.536000 0.0936243 -0.0121620 1.3239466 0.5417361 -0.5400199 0.4547696 -0.4561634
26859.636000 0.0936333 -0.0121562 1.3239453 0.5417565 -0.5400066 0.4547512 -0.4561733
26859.736000 0.0936421 -0.0121505 1.3239440 0.5417768 -0.5399933 0.4547328 -0.4561833
26859.836000 0.0932271 -0.0120543 1.3239687 0.5417400 -0.5398911 0.4548196 -0.4562615
26859.936000 0.0932225 -0.0120459 1.3239682 0.5417585 -0.5398749 0.4548045 -0.4562737
26860.036000 0.0936584 -0.0121314 1.3239409 0.5418363 -0.5399510 0.4546803 -0.4562151
26860.136000 0.0936752 -0.0121276 1.3239392 0.5418576 -0.5399392 0.4546600 -0.4562239
26860.236000 0.0932595 -0.0120315 1.3239639 0.5418206 -0.5398369 0.4547470 -0.4563023
26860.336000 0.0936818 -0.0121142 1.3239375 0.5418965 -0.5399101 0.4546261 -0.4562460
26860.436000 0.0932660 -0.0120183 1.3239622 0.5418594 -0.5398076 0.4547132 -0.4563245
26860.536000 0.0936967 -0.0121028 1.3239352 0.5419364 -0.5398826 0.4545902 -0.4562669
26860.636000 0.0932803 -0.0120069 1.3239600 0.5418992 -0.5397800 0.4546774 -0.4563455
26860.736000 0.0932828 -0.0120002 1.3239592 0.5419184 -0.5397652 0.4546608 -0.4563569
26860.836000 0.0937173 -0.0120855 1.3239320 0.5419958 -0.5398409 0.4545370 -0.4562987
26860.936000 0.0933006 -0.0119897 1.3239569 0.5419585 -0.5397382 0.4546243 -0.4563775
26861.036000 0.0937305 -0.0120741 1.3239300 0.5420353 -0.5398129 0.4545017 -0.4563201
26861.136000 0.0937454 -0.0120702 1.3239284 0.5420560 -0.5398006 0.4544820 -0.4563296
26861.236000 0.0937515 -0.0120645 1.3239274 0.5420756 -0.5397865 0.4544645 -0.4563404
26861.336000 0.0933338 -0.0119687 1.3239524 0.5420380 -0.5396836 0.4545521 -0.4564195
26861.436000 0.0937502 -0.0120503 1.3239263 0.5421127 -0.5397555 0.4544331 -0.4563643
26861.536000 0.0937689 -0.0120473 1.3239246 0.5421341 -0.5397438 0.4544123 -0.4563733
26861.636000 0.0937743 -0.0120415 1.3239236 0.5421535 -0.5397295 0.4543950 -0.4563844
26861.736000 0.0937797 -0.0120358 1.3239227 0.5421729 -0.5397152 0.4543778 -0.4563955
26861.836000 0.0933527 -0.0119384 1.3239483 0.5421339 -0.5396103 0.4544677 -0.4564763
26861.936000 0.0937813 -0.0120225 1.3239215 0.5422104 -0.5396846 0.4543456 -0.4564193
26862.036000 0.0933627 -0.0119270 1.3239465 0.5421725 -0.5395814 0.4544335 -0.4564987
26862.136000 0.0937910 -0.0120110 1.3239198 0.5422488 -0.5396556 0.4543114 -0.4564419
26862.237000 0.0938042 -0.0120071 1.3239184 0.5422692 -0.5396429 0.4542923 -0.4564518
26862.336000 0.0938087 -0.0120014 1.3239176 0.5422883 -0.5396283 0.4542753 -0.4564632
26862.436000 0.0938131 -0.0119957 1.3239167 0.5423074 -0.5396136 0.4542584 -0.4564747
26862.536000 0.0933979 -0.0119012 1.3239416 0.5422697 -0.5395114 0.4543456 -0.4565536
26862.636000 0.0933849 -0.0118918 1.3239419 0.5422866 -0.5394929 0.4543329 -0.4565680
26862.736000 0.0938124 -0.0119757 1.3239152 0.5423625 -0.5395670 0.4542112 -0.4565112
26862.836000 0.0938293 -0.0119727 1.3239136 0.5423834 -0.5395548 0.4541911 -0.4565209
26862.936000 0.0934137 -0.0118784 1.3239385 0.5423456 -0.5394524 0.4542785 -0.4565999
26863.036000 0.0938278 -0.0119594 1.3239127 0.5424200 -0.5395233 0.4541599 -0.4565456
26863.136000 0.0938402 -0.0119555 1.3239114 0.5424401 -0.5395103 0.4541410 -0.4565559
26863.236000 0.0934158 -0.0118595 1.3239369 0.5424010 -0.5394060 0.4542306 -0.4566365
26863.336000 0.0938382 -0.0119422 1.3239105 0.5424765 -0.5394786 0.4541100 -0.4565809
26863.437000 0.0934265 -0.0118489 1.3239352 0.5424393 -0.5393768 0.4541963 -0.4566596
26863.536000 0.0938443 -0.0119307 1.3239091 0.5425140 -0.5394486 0.4540770 -0.4566046
26863.636000 0.0934325 -0.0118375 1.3239338 0.5424767 -0.5393468 0.4541633 -0.4566834
26863.736000 0.0934223 -0.0118291 1.3239340 0.5424936 -0.5393290 0.4541501 -0.4566974
26863.837000 0.0934251 -0.0118234 1.3239333 0.5425123 -0.5393139 0.4541337 -0.4567094
26863.936000 0.0938555 -0.0119078 1.3239065 0.5425886 -0.5393883 0.4540114 -0.4566525
26864.036000 0.0938669 -0.0119040 1.3239053 0.5426084 -0.5393750 0.4539929 -0.4566631
26864.136000 0.0938693 -0.0118982 1.3239047 0.5426270 -0.5393598 0.4539766 -0.4566752
26864.237000 0.0934438 -0.0118025 1.3239303 0.5425876 -0.5392553 0.4540665 -0.4567561
26864.336000 0.0938651 -0.0118849 1.3239040 0.5426628 -0.5393275 0.4539462 -0.4567009
26864.436000 0.0934524 -0.0117919 1.3239288 0.5426253 -0.5392255 0.4540328 -0.4567799
26864.536000 0.0938692 -0.0118735 1.3239028 0.5426997 -0.5392970 0.4539139 -0.4567253
26864.637000 0.0938800 -0.0118696 1.3239017 0.5427193 -0.5392835 0.4538956 -0.4567361
26864.736000 0.0938819 -0.0118639 1.3239011 0.5427376 -0.5392683 0.4538796 -0.4567482
26864.836000 0.0934515 -0.0117673 1.3239271 0.5426977 -0.5391624 0.4539704 -0.4568303
26864.937000 0.0938767 -0.0118506 1.3239006 0.5427733 -0.5392356 0.4538495 -0.4567744
26865.036000 0.0938870 -0.0118467 1.3238995 0.5427928 -0.5392219 0.4538313 -0.4567853
26865.137000 0.0938885 -0.0118410 1.3238990 0.5428111 -0.5392065 0.4538153 -0.4567977
26865.236000 0.0938899 -0.0118352 1.3238984 0.5428294 -0.5391910 0.4537993 -0.4568101
26865.336000 0.0934676 -0.0117406 1.3239239 0.5427904 -0.5390869 0.4538883 -0.4568909
26865.436000 0.0934559 -0.0117322 1.3239242 0.5428069 -0.5390687 0.4538756 -0.4569054
26865.536000 0.1030617 -0.0123532 1.3239930 0.5407234 -0.5406397 0.4557205 -0.4556816
26865.636000 0.1037393 -0.0124526 1.3239633 0.5407638 -0.5407502 0.4556287 -0.4555944
26865.736000 0.1037751 -0.0124477 1.3239599 0.5407832 -0.5407359 0.4556113 -0.4556058
26865.836000 0.1038042 -0.0124419 1.3239570 0.5408030 -0.5407220 0.4555936 -0.4556164
26865.936000 0.1038314 -0.0124362 1.3239541 0.5408237 -0.5407090 0.4555748 -0.4556260
26866.036000 0.1135624 -0.0125042 1.3239572 -0.5406873 0.5408038 -0.4556579 0.4555924
26866.136000 0.1221045 -0.0123438 1.3240671 0.5406476 -0.5405081 0.4558220 -0.4558262
26866.236000 0.1427784 -0.0124259 1.3240154 -0.5406145 0.5406458 -0.4558104 0.4557137
26866.336000 0.1530501 -0.0123701 1.3239964 -0.5406689 0.5406743 -0.4557685 0.4556572
26866.436000 0.1724325 -0.0124599 1.3240437 0.5406454 -0.5406165 0.4557573 -0.4557649
26866.536000 0.1826108 -0.0124377 1.3240447 0.5406879 -0.5405901 0.4557335 -0.4557696
26866.636000 0.1935883 -0.0124649 1.3239696 -0.5407256 0.5407683 -0.4556617 0.4555852
26866.736000 0.2030833 -0.0123673 1.3239924 0.5406862 -0.5406800 0.4557507 -0.4556477
26866.836000 0.2124312 -0.0124299 1.3240411 0.5407097 -0.5405910 0.4557145 -0.4557617
26866.936000 0.2232198 -0.0124588 1.3239658 -0.5407498 0.5407646 -0.4556394 0.4555832
26867.036000 0.2335107 -0.0124587 1.3239656 -0.5407479 0.5407666 -0.4556411 0.4555814
26867.136000 0.2430813 -0.0123672 1.3239924 0.5406864 -0.5406798 0.4557506 -0.4556478
26867.237000 0.2433073 -0.0123589 1.3239896 0.5407034 -0.5406615 0.4557379 -0.4556620
26867.336000 0.2433386 -0.0123531 1.3239865 0.5407222 -0.5406464 0.4557216 -0.4556740
26867.437000 0.2433677 -0.0123473 1.3239835 0.5407421 -0.5406325 0.4557038 -0.4556846
26867.536000 0.2433949 -0.0123417 1.3239807 0.5407628 -0.5406196 0.4556850 -0.4556942
26867.636000 0.2520884 -0.0123409 1.3240688 0.5406436 -0.5405014 0.4558279 -0.4558330
26867.737000 0.2620911 -0.0123410 1.3240679 0.5406436 -0.5405076 0.4558271 -0.4558264
26867.836000 0.2726182 -0.0124338 1.3240419 0.5407018 -0.5405978 0.4557203 -0.4557573
26867.936000 0.2830769 -0.0123681 1.3239930 0.5406858 -0.5406792 0.4557511 -0.4556488
26868.036000 0.2921028 -0.0123395 1.3240668 0.5406512 -0.5405041 0.4558204 -0.4558282
26868.136000 0.3026295 -0.0124319 1.3240406 0.5407082 -0.5405954 0.4557147 -0.4557581
26868.236000 0.3233491 -0.0126415 1.3239655 -0.5407103 0.5408142 -0.4556089 0.4556017
26868.336000 0.3330563 -0.0123457 1.3239850 0.5407002 -0.5406392 0.4557686 -0.4556616
26868.436000 0.3420746 -0.0123670 1.3240714 0.5405808 -0.5405333 0.4558727 -0.4558249
26868.536000 0.3526182 -0.0124338 1.3240419 0.5407017 -0.5405978 0.4557203 -0.4557572
26868.637000 0.3626433 -0.0124333 1.3240398 0.5407107 -0.5405962 0.4557115 -0.4557574
26868.736000 0.3828620 -0.0123712 1.3239955 -0.5406704 0.5406775 -0.4557660 0.4556542
26868.836000 0.3933866 -0.0124599 1.3239688 -0.5407330 0.5407698 -0.4556557 0.4555806
26868.937000 0.4034118 -0.0124597 1.3239661 -0.5407453 0.5407688 -0.4556432 0.4555797
26869.036000 0.4217944 -0.0123451 1.3240687 0.5406405 -0.5405050 0.4558288 -0.4558315
26869.137000 0.4333951 -0.0124575 1.3239673 -0.5407438 0.5407652 -0.4556462 0.4555828
26869.236000 0.4434117 -0.0124596 1.3239661 -0.5407455 0.5407686 -0.4556430 0.4555799
26869.336000 0.4534117 -0.0124596 1.3239661 -0.5407455 0.5407687 -0.4556431 0.4555798
26869.436000 0.4726222 -0.0127208 1.3240189 -0.5406793 0.5406891 -0.4556286 0.4557674
26869.536000 0.4826264 -0.0124424 1.3240420 0.5406973 -0.5405997 0.4557214 -0.4557592
26869.636000 0.4926262 -0.0124361 1.3240418 0.5407008 -0.5405993 0.4557202 -0.4557568
26869.736000 0.5026308 -0.0124354 1.3240412 0.5407041 -0.5405996 0.4557170 -0.4557556
26869.836000 0.5126342 -0.0124349 1.3240407 0.5407061 -0.5405991 0.4557152 -0.4557555
26869.936000 0.5234135 -0.0124598 1.3239663 -0.5407469 0.5407670 -0.4556418 0.4555814
26870.037000 0.5321167 -0.0123417 1.3240656 0.5406549 -0.5405056 0.4558155 -0.4558269
26870.136000 0.5523943 -0.0124588 1.3240459 -0.5406323 0.5406330 -0.4557761 0.4557420
26870.237000 0.5630610 -0.0123719 1.3239957 -0.5406681 0.5406782 -0.4557679 0.4556541
26870.336000 0.5720875 -0.0123418 1.3240691 0.5406400 -0.5405026 0.4558312 -0.4558325
26870.436000 0.5923735 -0.0124603 1.3240484 -0.5406156 0.5406347 -0.4557941 0.4557418
26870.537000 0.6021098 -0.0123435 1.3240667 0.5406470 -0.5405106 0.4558223 -0.4558236
26870.636000 0.6231119 -0.0124589 1.3239657 -0.5407326 0.5407787 -0.4556562 0.4555700
26870.736000 0.6323243 -0.0123649 1.3240525 0.5406134 -0.5405404 0.4558374 -0.4558129
26870.836000 0.6433689 -0.0124529 1.3239722 0.5407552 -0.5407169 0.4556352 -0.4556376
26870.936000 0.6530511 -0.0123743 1.3239978 -0.5406545 0.5406706 -0.4557803 0.4556670
26871.036000 0.6626057 -0.0124358 1.3240444 0.5406930 -0.5405890 0.4557288 -0.4557695
26871.136000 0.6726214 -0.0124367 1.3240427 0.5406964 -0.5405970 0.4557247 -0.4557600
26871.236000 0.6835960 -0.0124627 1.3239680 -0.5407369 0.5407704 -0.4556507 0.4555804
26871.336000 0.6924418 -0.0124354 1.3240413 0.5407063 -0.5405969 0.4557152 -0.4557581
26871.436000 0.7117886 -0.0123452 1.3240687 0.5406405 -0.5405050 0.4558288 -0.4558314
26871.536000 0.7219910 -0.0123416 1.3240685 0.5406403 -0.5405066 0.4558304 -0.4558282
26871.636000 0.7330597 -0.0123671 1.3239941 0.5406814 -0.5406783 0.4557561 -0.4556501
26871.736000 0.7435977 -0.0124605 1.3239673 -0.5407391 0.5407712 -0.4556490 0.4555784
26871.836000 0.7620156 -0.0123492 1.3240662 0.5406383 -0.5405205 0.4558286 -0.4558159
26871.936000 0.7729825 -0.0123766 1.3240042 0.5406564 -0.5406379 0.4557716 -0.4557120
26872.036000 0.7830645 -0.0123670 1.3239939 -0.5406797 0.5406806 -0.4557576 0.4556479
26872.136000 0.8032794 -0.0124638 1.3239704 -0.5407217 0.5407670 -0.4556661 0.4555870
26872.236000 0.8129871 -0.0123686 1.3239923 0.5406859 -0.5406815 0.4557505 -0.4556466
26872.337000 0.8323734 -0.0124603 1.3240484 -0.5406157 0.5406347 -0.4557941 0.4557418
26872.436000 0.8430576 -0.0123573 1.3239970 0.5407124 -0.5406216 0.4557289 -0.4557079
26872.536000 0.8526097 -0.0124353 1.3240437 0.5406960 -0.5405925 0.4557260 -0.4557646
26872.636000 0.8726880 -0.0123685 1.3240138 0.5406364 -0.5406237 0.4558084 -0.4557158
26872.736000 0.8834760 -0.0124458 1.3239719 0.5407672 -0.5407073 0.4556292 -0.4556408
26872.836000 0.8933915 -0.0124642 1.3239696 -0.5407247 0.5407692 -0.4556628 0.4555841
26872.936000 0.9030645 -0.0123703 1.3239944 -0.5406750 0.5406828 -0.4557609 0.4556475
26873.036000 0.9130607 -0.0123678 1.3239945 -0.5406766 0.5406810 -0.4557604 0.4556483
26873.136000 0.9220953 -0.0123408 1.3240677 0.5406466 -0.5405053 0.4558245 -0.4558282
26873.236000 0.9330661 -0.0123662 1.3239935 0.5406846 -0.5406773 0.4557532 -0.4556503
26873.336000 0.9433987 -0.0124574 1.3239672 -0.5407420 0.5407672 -0.4556477 0.4555811
26873.436000 0.9526378 -0.0124338 1.3240401 0.5407114 -0.5405951 0.4557107 -0.4557585
26873.536000 0.9626425 -0.0124334 1.3240398 0.5407105 -0.5405964 0.4557116 -0.4557573
26873.636000 0.9833159 -0.0124657 1.3239665 -0.5407348 0.5407776 -0.4556518 0.4555732
26873.736000 0.9925825 -0.0124628 1.3240490 0.5406230 -0.5406178 0.4557824 -0.4557649
26873.837000 1.0026291 -0.0124357 1.3240414 0.5407028 -0.5405998 0.4557182 -0.4557557
26873.936000 1.0134080 -0.0124609 1.3239669 -0.5407435 0.5407690 -0.4556446 0.4555802
26874.036000 1.0228930 -0.0123692 1.3239920 0.5406874 -0.5406816 0.4557486 -0.4556465
26874.137000 1.0323006 -0.0123390 1.3240664 0.5406528 -0.5405032 0.4558191 -0.4558287
26874.236000 1.0426366 -0.0124314 1.3240403 0.5407097 -0.5405942 0.4557135 -0.4557589
26874.336000 1.0628013 -0.0124110 1.3239887 -0.5406889 0.5407133 -0.4557285 0.4556272
26874.436000 1.0728679 -0.0123694 1.3239945 -0.5406787 0.5406793 -0.4557579 0.4556503
26874.536000 1.0928361 -0.0123723 1.3239984 -0.5406534 0.5406687 -0.4557824 0.4556685
26874.636000 1.1033773 -0.0124617 1.3239707 -0.5407211 0.5407661 -0.4556679 0.4555870
26874.736000 1.1123008 -0.0123409 1.3240667 0.5406506 -0.5405059 0.4558203 -0.4558270
26874.836000 1.1234043 -0.0124569 1.3239670 -0.5407457 0.5407639 -0.4556446 0.4555837
26874.936000 1.1424018 -0.0124607 1.3240451 -0.5406311 0.5406418 -0.4557775 0.4557318
26875.036000 1.1530599 -0.0123728 1.3239959 -0.5406653 0.5406788 -0.4557702 0.4556544
26875.136000 1.1626128 -0.0124347 1.3240433 0.5406975 -0.5405927 0.4557249 -0.4557637
26875.236000 1.1730697 -0.0123695 1.3239939 0.5406803 -0.5406803 0.4557561 -0.4556491
26875.336000 1.1826215 -0.0124335 1.3240418 0.5407048 -0.5405953 0.4557176 -0.4557592
26875.436000 1.1934096 -0.0124606 1.3239667 -0.5407447 0.5407684 -0.4556437 0.4555805
26875.537000 1.2021145 -0.0123421 1.3240658 0.5406538 -0.5405064 0.4558165 -0.4558264
26875.636000 1.2134011 -0.0124562 1.3239667 -0.5407473 0.5407625 -0.4556433 0.4555847
26875.736000 1.2235149 -0.0124587 1.3239656 -0.5407479 0.5407666 -0.4556411 0.4555813
26875.836000 1.2428591 -0.0123716 1.3239960 -0.5406653 0.5406789 -0.4557709 0.4556537
26875.937000 1.2520053 -0.0123400 1.3240671 0.5406496 -0.5405050 0.4558217 -0.4558277
26876.036000 1.2630688 -0.0123653 1.3239930 0.5406876 -0.5406756 0.4557507 -0.4556512
26876.136000 1.2828446 -0.0123608 1.3239981 0.5406981 -0.5406278 0.4557405 -0.4557058
26876.236000 1.2920844 -0.0123423 1.3240695 0.5406385 -0.5405024 0.4558323 -0.4558334
26876.336000 1.3030580 -0.0123678 1.3239946 -0.5406782 0.5406785 -0.4557591 0.4556507
26876.436000 1.3133913 -0.0124589 1.3239681 -0.5407370 0.5407694 -0.4556520 0.4555800
26876.536000 1.3226299 -0.0124352 1.3240410 0.5407071 -0.5405971 0.4557144 -0.4557576
26876.637000 1.3418023 -0.0123449 1.3240683 0.5406399 -0.5405090 0.4558291 -0.4558271
26876.736000 1.3526257 -0.0124326 1.3240410 0.5407061 -0.5405968 0.4557164 -0.4557572
26876.836000 1.3724155 -0.0124619 1.3240450 0.5406397 -0.5406252 0.4557640 -0.4557546
26876.936000 1.3830574 -0.0123734 1.3239966 -0.5406642 0.5406738 -0.4557704 0.4556615
26877.036000 1.3935883 -0.0124625 1.3239687 -0.5407310 0.5407720 -0.4556565 0.4555795
26877.137000 1.4029929 -0.0123679 1.3239920 0.5406876 -0.5406803 0.4557491 -0.4556474
26877.236000 1.4223972 -0.0124361 1.3240453 0.5406930 -0.5405812 0.4557279 -0.4557797
26877.336000 1.4335872 -0.0124658 1.3239698 -0.5407228 0.5407689 -0.4556640 0.4555856
26877.436000 1.4421952 -0.0123437 1.3240686 0.5406409 -0.5405047 0.4558293 -0.4558308
26877.536000 1.4528814 -0.0123651 1.3239929 0.5406881 -0.5406752 0.4557503 -0.4556515
26877.636000 1.4626298 -0.0124314 1.3240404 0.5407117 -0.5405920 0.4557117 -0.4557608
26877.736000 1.4820554 -0.0123579 1.3240645 0.5406456 -0.5405254 0.4558176 -0.4558124
26877.836000 1.4930174 -0.0123661 1.3240020 0.5406787 -0.5406177 0.4557561 -0.4557250
26877.936000 1.5028731 -0.0123668 1.3239938 0.5406805 -0.5406804 0.4557569 -0.4556480
26878.036000 1.5126181 -0.0124334 1.3240417 0.5407054 -0.5405953 0.4557171 -0.4557591
26878.136000 1.5234080 -0.0124609 1.3239669 -0.5407436 0.5407689 -0.4556445 0.4555803
26878.236000 1.5330786 -0.0123674 1.3239925 0.5406859 -0.5406802 0.4557510 -0.4556476
26878.336000 1.5430749 -0.0123649 1.3239927 0.5406864 -0.5406771 0.4557518 -0.4556498
26878.436000 1.5628863 -0.0122820 1.3239897 0.5406904 -0.5406747 0.4557786 -0.4556211
26878.536000 1.5732242 -0.0124080 1.3239839 -0.5406260 0.5407139 -0.4557694 0.4556603
26878.637000 1.5833904 -0.0124591 1.3239682 -0.5407361 0.5407698 -0.4556528 0.4555799
26878.736000 1.5929810 -0.0123692 1.3239927 0.5406839 -0.5406826 0.4557521 -0.4556460
26878.837000 1.5933033 -0.0123596 1.3239900 0.5407012 -0.5406635 0.4557398 -0.4556605
26878.936000 1.5933350 -0.0123537 1.3239869 0.5407199 -0.5406481 0.4557236 -0.4556727
26879.036000 1.5937881 -0.0124399 1.3239580 0.5407968 -0.5407231 0.4556007 -0.4556154
26879.136000 1.5934006 -0.0123442 1.3239805 0.5407615 -0.5406229 0.4556851 -0.4556917
26879.236000 1.5938499 -0.0124303 1.3239519 0.5408399 -0.5406995 0.4555603 -0.4556326
26879.336000 1.5934591 -0.0123346 1.3239746 0.5408058 -0.5406005 0.4556434 -0.4557076
26879.436000 1.5938850 -0.0124160 1.3239474 0.5408820 -0.5406736 0.4555230 -0.4556507
26879.536000 1.5934972 -0.0123215 1.3239699 0.5408494 -0.5405761 0.4556039 -0.4557242
26879.636000 1.5935102 -0.0123139 1.3239680 0.5408709 -0.5405632 0.4555850 -0.4557329
26879.736000 1.5935314 -0.0123082 1.3239655 0.5408936 -0.5405523 0.4555637 -0.4557401
26879.836000 1.5939801 -0.0123950 1.3239369 0.5409740 -0.5406314 0.4554362 -0.4556782
26879.936000 1.5935814 -0.0122986 1.3239602 0.5409407 -0.5405326 0.4555186 -0.4557526
26880.037000 1.5940215 -0.0123835 1.3239321 0.5410202 -0.5406102 0.4553929 -0.4556918
26880.136000 1.5936268 -0.0122872 1.3239550 0.5409880 -0.5405125 0.4554740 -0.4557648
26880.236000 1.5936196 -0.0122796 1.3239549 0.5410057 -0.5404958 0.4554596 -0.4557781
26880.336000 1.5936414 -0.0122738 1.3239524 0.5410293 -0.5404857 0.4554374 -0.4557842
26880.436000 1.5940924 -0.0123614 1.3239237 0.5411105 -0.5405656 0.4553086 -0.4557218
26880.536000 1.5936867 -0.0122643 1.3239475 0.5410761 -0.5404658 0.4553926 -0.4557970
26880.636000 1.5941188 -0.0123480 1.3239200 0.5411546 -0.5405417 0.4552685 -0.4557377
26880.736000 1.5941485 -0.0123450 1.3239171 0.5411789 -0.5405332 0.4552444 -0.4557431
26880.836000 1.5941648 -0.0123393 1.3239151 0.5412013 -0.5405219 0.4552236 -0.4557507
26880.936000 1.5937530 -0.0122414 1.3239394 0.5411659 -0.5404208 0.4553091 -0.4558271
26881.036000 1.5937597 -0.0122337 1.3239380 0.5411870 -0.5404075 0.4552907 -0.4558363
26881.136000 1.5941986 -0.0123192 1.3239101 0.5412662 -0.5404848 0.4551651 -0.4557762
26881.236000 1.5938031 -0.0122251 1.3239334 0.5412328 -0.5403872 0.4552467 -0.4558500
26881.337000 1.5938046 -0.0122165 1.3239324 0.5412531 -0.5403725 0.4552295 -0.4558603
26881.436000 1.5938189 -0.0122108 1.3239306 0.5412750 -0.5403607 0.4552093 -0.4558685
26881.536000 1.5938329 -0.0122050 1.3239288 0.5412968 -0.5403488 0.4551892 -0.4558768
26881.636000 1.5938466 -0.0121993 1.3239270 0.5413186 -0.5403369 0.4551692 -0.4558852
26881.736000 1.5942796 -0.0122837 1.3238995 0.5413966 -0.5404129 0.4550453 -0.4558261
26881.836000 1.5938822 -0.0121897 1.3239231 0.5413630 -0.5403146 0.4551272 -0.4559007
26881.936000 1.5938862 -0.0121821 1.3239219 0.5413833 -0.5403005 0.4551097 -0.4559108
26882.036000 1.5943221 -0.0122672 1.3238943 0.5414618 -0.5403770 0.4549850 -0.4558515
26882.136000 1.5943477 -0.0122642 1.3238918 0.5414849 -0.5403674 0.4549621 -0.4558581
26882.236000 1.5943598 -0.0122585 1.3238902 0.5415062 -0.5403550 0.4549426 -0.4558670
26882.336000 1.5939440 -0.0121610 1.3239150 0.5414698 -0.5402528 0.4550294 -0.4559448
26882.436000 1.5939468 -0.0121533 1.3239140 0.5414897 -0.5402384 0.4550123 -0.4559553
26882.537000 1.5943860 -0.0122393 1.3238861 0.5415683 -0.5403156 0.4548870 -0.4558955
26882.636000 1.5939780 -0.0121437 1.3239104 0.5415330 -0.5402149 0.4549717 -0.4559722
