27544.172000 0.0954566 -0.0124529 1.3237906 0.5412450 -0.5412074 0.4550558 -0.4550523
27544.172000 0.0954566 -0.0124529 1.3237906 0.5412450 -0.5412074 0.4550558 -0.4550523
27544.252000 0.0929414 -0.0124196 1.3240268 0.5408106 -0.5405913 0.4556061 -0.4557499
27544.352000 0.0929749 -0.0124131 1.3240236 0.5408294 -0.5405743 0.4555905 -0.4557634
27544.452000 0.0930056 -0.0124072 1.3240206 0.5408489 -0.5405592 0.4555734 -0.4557752
27544.552000 0.0930342 -0.0124015 1.3240177 0.5408691 -0.5405456 0.4555553 -0.4557855
27544.652000 0.0930609 -0.0123959 1.3240149 0.5408899 -0.5405331 0.4555363 -0.4557947
27544.752000 0.0930861 -0.0123901 1.3240122 0.5409115 -0.5405208 0.4555164 -0.4558035
27544.852000 0.0931101 -0.0123845 1.3240095 0.5409335 -0.5405091 0.4554962 -0.4558116
27544.952000 0.0931329 -0.0123788 1.3240070 0.5409557 -0.5404976 0.4554755 -0.4558193
27545.052000 0.0931547 -0.0123731 1.3240046 0.5409782 -0.5404864 0.4554547 -0.4558269
27545.152000 0.0931752 -0.0123674 1.3240022 0.5410006 -0.5404752 0.4554338 -0.4558344
27545.252000 0.0931933 -0.0123617 1.3240001 0.5410228 -0.5404637 0.4554133 -0.4558422
27545.352000 0.0932308 -0.0123560 1.3239961 0.5410496 -0.5404568 0.4553872 -0.4558446
27545.452000 0.0932427 -0.0123503 1.3239945 0.5410707 -0.5404442 0.4553680 -0.4558538
27545.553000 0.0932601 -0.0123446 1.3239924 0.5410931 -0.5404329 0.4553472 -0.4558613
27545.652000 0.0932782 -0.0123389 1.3239903 0.5411157 -0.5404218 0.4553261 -0.4558686
27545.752000 0.0932961 -0.0123331 1.3239881 0.5411384 -0.5404108 0.4553049 -0.4558759
27545.852000 0.0928903 -0.0122361 1.3240117 0.5411040 -0.5403109 0.4553890 -0.4559512
27545.953000 0.0933138 -0.0123180 1.3239850 0.5411813 -0.5403850 0.4552671 -0.4558933
27546.052000 0.0933481 -0.0123160 1.3239819 0.5412062 -0.5403775 0.4552418 -0.4558979
27546.152000 0.0933647 -0.0123103 1.3239798 0.5412286 -0.5403663 0.4552209 -0.4559054
27546.252000 0.0933811 -0.0123046 1.3239778 0.5412511 -0.5403550 0.4552001 -0.4559130
27546.352000 0.0933971 -0.0122988 1.3239759 0.5412734 -0.5403436 0.4551794 -0.4559207
27546.452000 0.0934128 -0.0122931 1.3239739 0.5412956 -0.5403322 0.4551587 -0.4559284
27546.552000 0.0934282 -0.0122874 1.3239720 0.5413178 -0.5403206 0.4551382 -0.4559363
27546.652000 0.0930242 -0.0121915 1.3239956 0.5412833 -0.5402213 0.4552220 -0.4560114
27546.752000 0.0934406 -0.0122722 1.3239694 0.5413595 -0.5402937 0.4551017 -0.4559550
27546.852000 0.0934726 -0.0122702 1.3239665 0.5413838 -0.5402856 0.4550771 -0.4559603
27546.952000 0.0934868 -0.0122645 1.3239647 0.5414057 -0.5402737 0.4550570 -0.4559685
27547.052000 0.0935007 -0.0122588 1.3239629 0.5414273 -0.5402620 0.4550370 -0.4559767
27547.152000 0.0935143 -0.0122530 1.3239612 0.5414492 -0.5402498 0.4550169 -0.4559852
27547.252000 0.0935277 -0.0122473 1.3239595 0.5414706 -0.5402379 0.4549972 -0.4559936
27547.352000 0.0935408 -0.0122416 1.3239578 0.5414923 -0.5402256 0.4549772 -0.4560023
27547.453000 0.0935536 -0.0122358 1.3239561 0.5415138 -0.5402133 0.4549575 -0.4560110
27547.552000 0.0935661 -0.0122301 1.3239545 0.5415352 -0.5402010 0.4549379 -0.4560197
27547.652000 0.0931635 -0.0121353 1.3239782 0.5415006 -0.5401017 0.4550213 -0.4560952
27547.753000 0.0931539 -0.0121250 1.3239779 0.5415190 -0.5400847 0.4550072 -0.4561076
27547.852000 0.0935805 -0.0122083 1.3239511 0.5415959 -0.5401593 0.4548851 -0.4560498
27547.952000 0.0936138 -0.0122072 1.3239483 0.5416201 -0.5401511 0.4548602 -0.4560555
27548.052000 0.0936251 -0.0122014 1.3239467 0.5416411 -0.5401385 0.4548410 -0.4560647
27548.152000 0.0936362 -0.0121957 1.3239453 0.5416621 -0.5401257 0.4548219 -0.4560739
27548.252000 0.0936470 -0.0121899 1.3239438 0.5416830 -0.5401129 0.4548028 -0.4560832
27548.352000 0.0936576 -0.0121842 1.3239424 0.5417039 -0.5401001 0.4547838 -0.4560926
27548.452000 0.0936679 -0.0121785 1.3239410 0.5417247 -0.5400872 0.4547649 -0.4561020
27548.552000 0.0936781 -0.0121727 1.3239396 0.5417454 -0.5400742 0.4547461 -0.4561116
27548.652000 0.0932646 -0.0120764 1.3239640 0.5417090 -0.5399724 0.4548324 -0.4561893
27548.752000 0.0936804 -0.0121575 1.3239379 0.5417843 -0.5400444 0.4547129 -0.4561337
27548.852000 0.0937072 -0.0121556 1.3239355 0.5418070 -0.5400350 0.4546902 -0.4561405
27548.952000 0.0937164 -0.0121498 1.3239342 0.5418277 -0.5400216 0.4546715 -0.4561504
27549.052000 0.0937255 -0.0121440 1.3239329 0.5418481 -0.5400083 0.4546530 -0.4561603
27549.152000 0.0937344 -0.0121383 1.3239317 0.5418685 -0.5399950 0.4546346 -0.4561703
27549.252000 0.0933281 -0.0120439 1.3239558 0.5418328 -0.5398947 0.4547192 -0.4562470
27549.352000 0.0937339 -0.0121230 1.3239303 0.5419067 -0.5399644 0.4546024 -0.4561932
27549.452000 0.0937598 -0.0121210 1.3239280 0.5419292 -0.5399546 0.4545798 -0.4562005
27549.552000 0.0937678 -0.0121153 1.3239268 0.5419494 -0.5399411 0.4545616 -0.4562108
27549.652000 0.0933567 -0.0120203 1.3239513 0.5419128 -0.5398398 0.4546477 -0.4562883
27549.752000 0.0937660 -0.0121001 1.3239256 0.5419871 -0.5399101 0.4545299 -0.4562342
27549.852000 0.0937910 -0.0120981 1.3239234 0.5420095 -0.5399000 0.4545076 -0.4562418
27549.952000 0.0937983 -0.0120923 1.3239223 0.5420294 -0.5398863 0.4544896 -0.4562522
27550.052000 0.0933864 -0.0119974 1.3239468 0.5419926 -0.5397848 0.4545759 -0.4563300
27550.152000 0.0938035 -0.0120788 1.3239206 0.5420683 -0.5398564 0.4544559 -0.4562750
27550.252000 0.0933957 -0.0119849 1.3239449 0.5420318 -0.5397559 0.4545413 -0.4563521
27550.352000 0.0938150 -0.0120665 1.3239186 0.5421077 -0.5398283 0.4544210 -0.4562962
27550.452000 0.0938324 -0.0120636 1.3239170 0.5421284 -0.5398166 0.4544010 -0.4563054
27550.552000 0.0934238 -0.0119696 1.3239413 0.5420921 -0.5397157 0.4544863 -0.4563829
27550.652000 0.0938231 -0.0120475 1.3239163 0.5421645 -0.5397840 0.4543714 -0.4563304
27550.752000 0.0934362 -0.0119583 1.3239393 0.5421313 -0.5396875 0.4544513 -0.4564046
27550.852000 0.0934202 -0.0119479 1.3239397 0.5421478 -0.5396687 0.4544393 -0.4564191
27550.952000 0.0938448 -0.0120311 1.3239131 0.5422238 -0.5397421 0.4543180 -0.4563627
27551.052000 0.0938680 -0.0120292 1.3239111 0.5422456 -0.5397315 0.4542963 -0.4563709
27551.152000 0.0938734 -0.0120234 1.3239102 0.5422650 -0.5397172 0.4542790 -0.4563820
27551.252000 0.0938787 -0.0120177 1.3239093 0.5422844 -0.5397028 0.4542618 -0.4563931
27551.352000 0.0934688 -0.0119239 1.3239338 0.5422477 -0.5396016 0.4543475 -0.4564711
27551.453000 0.0938711 -0.0120024 1.3239086 0.5423206 -0.5396703 0.4542319 -0.4564184
27551.552000 0.0938936 -0.0120005 1.3239067 0.5423420 -0.5396596 0.4542106 -0.4564267
27551.652000 0.0938983 -0.0119947 1.3239058 0.5423614 -0.5396449 0.4541934 -0.4564382
27551.752000 0.0939029 -0.0119890 1.3239050 0.5423804 -0.5396305 0.4541766 -0.4564494
27551.852000 0.0939073 -0.0119832 1.3239042 0.5423996 -0.5396158 0.4541595 -0.4564610
27551.952000 0.0939116 -0.0119775 1.3239033 0.5424186 -0.5396013 0.4541427 -0.4564723
27552.052000 0.0939158 -0.0119717 1.3239025 0.5424378 -0.5395864 0.4541257 -0.4564840
27552.152000 0.0939198 -0.0119660 1.3239018 0.5424568 -0.5395717 0.4541089 -0.4564955
27552.253000 0.0939237 -0.0119602 1.3239010 0.5424758 -0.5395569 0.4540921 -0.4565071
27552.352000 0.0939275 -0.0119545 1.3239002 0.5424947 -0.5395421 0.4540754 -0.4565187
27552.452000 0.0939312 -0.0119488 1.3238995 0.5425136 -0.5395273 0.4540587 -0.4565304
27552.552000 0.0935198 -0.0118553 1.3239242 0.5424765 -0.5394256 0.4541449 -0.4566089
27552.652000 0.0939206 -0.0119336 1.3238991 0.5425489 -0.5394939 0.4540297 -0.4565567
27552.755000 0.0939415 -0.0119316 1.3238973 0.5425701 -0.5394826 0.4540088 -0.4565656
27552.852000 0.0939448 -0.0119259 1.3238966 0.5425888 -0.5394678 0.4539924 -0.4565773
27552.952000 0.0939479 -0.0119201 1.3238959 0.5426077 -0.5394527 0.4539757 -0.4565893
27553.052000 0.0935275 -0.0118250 1.3239212 0.5425692 -0.5393491 0.4540642 -0.4566694
27553.152000 0.0939365 -0.0119050 1.3238956 0.5426427 -0.5394190 0.4539471 -0.4566159
27553.252000 0.0939565 -0.0119029 1.3238939 0.5426637 -0.5394075 0.4539264 -0.4566251
27553.352000 0.0939593 -0.0118972 1.3238933 0.5426822 -0.5393925 0.4539101 -0.4566370
27553.452000 0.0939618 -0.0118914 1.3238926 0.5427009 -0.5393772 0.4538937 -0.4566491
27553.552000 0.0939643 -0.0118857 1.3238920 0.5427195 -0.5393621 0.4538773 -0.4566612
27553.652000 0.0939667 -0.0118799 1.3238914 0.5427381 -0.5393469 0.4538611 -0.4566733
27553.752000 0.0939689 -0.0118742 1.3238908 0.5427566 -0.5393316 0.4538448 -0.4566854
27553.852000 0.0939711 -0.0118684 1.3238902 0.5427751 -0.5393164 0.4538286 -0.4566976
27553.952000 0.0939732 -0.0118627 1.3238896 0.5427935 -0.5393011 0.4538124 -0.4567098
27554.052000 0.0939753 -0.0118570 1.3238890 0.5428118 -0.5392859 0.4537964 -0.4567219
27554.152000 0.0939772 -0.0118513 1.3238884 0.5428302 -0.5392706 0.4537803 -0.4567341
27554.252000 0.0939789 -0.0118455 1.3238879 0.5428487 -0.5392551 0.4537641 -0.4567466
27554.352000 0.0939807 -0.0118398 1.3238873 0.5428671 -0.5392396 0.4537480 -0.4567589
27554.453000 0.0935589 -0.0117451 1.3239128 0.5428283 -0.5391357 0.4538368 -0.4568395
27554.552000 0.0935472 -0.0117366 1.3239130 0.5428448 -0.5391175 0.4538241 -0.4568540
27554.652000 0.0935487 -0.0117309 1.3239125 0.5428631 -0.5391020 0.4538081 -0.4568664
27554.752000 0.0939691 -0.0118132 1.3238863 0.5429379 -0.5391741 0.4536884 -0.4568113
27554.852000 0.0939880 -0.0118111 1.3238847 0.5429585 -0.5391623 0.4536681 -0.4568209
27554.952000 0.0939893 -0.0118054 1.3238842 0.5429768 -0.5391468 0.4536522 -0.4568334
27555.052000 0.0939905 -0.0117997 1.3238837 0.5429948 -0.5391314 0.4536364 -0.4568458
27555.152000 0.0939915 -0.0117939 1.3238832 0.5430131 -0.5391156 0.4536204 -0.4568584
27555.252000 0.0939925 -0.0117882 1.3238827 0.5430313 -0.5391000 0.4536046 -0.4568710
27555.352000 0.0939934 -0.0117825 1.3238823 0.5430494 -0.5390844 0.4535888 -0.4568836
27555.452000 0.0939942 -0.0117768 1.3238818 0.5430675 -0.5390687 0.4535730 -0.4568962
27555.552000 0.0939950 -0.0117711 1.3238813 0.5430854 -0.5390532 0.4535574 -0.4569087
27555.652000 0.0939957 -0.0117653 1.3238809 0.5431037 -0.5390373 0.4535415 -0.4569215
27555.752000 0.0939963 -0.0117596 1.3238804 0.5431217 -0.5390216 0.4535258 -0.4569342
27555.852000 0.0939969 -0.0117539 1.3238800 0.5431398 -0.5390059 0.4535101 -0.4569469
27555.952000 0.0935823 -0.0116613 1.3239051 0.5431017 -0.5389034 0.4535972 -0.4570265
27556.052000 0.0939760 -0.0117379 1.3238805 0.5431726 -0.5389699 0.4534844 -0.4569757
27556.153000 0.0939982 -0.0117367 1.3238787 0.5431937 -0.5389586 0.4534632 -0.4569851
27556.252000 0.0935793 -0.0116434 1.3239041 0.5431549 -0.5388553 0.4535515 -0.4570654
27556.352000 0.0939771 -0.0117208 1.3238793 0.5432265 -0.5389225 0.4534375 -0.4570141
27556.453000 0.0935840 -0.0116329 1.3239030 0.5431915 -0.5388244 0.4535192 -0.4570905
27556.552000 0.0939813 -0.0117101 1.3238782 0.5432631 -0.5388915 0.4534053 -0.4570393
27556.652000 0.0935839 -0.0116215 1.3239023 0.5432272 -0.5387925 0.4534881 -0.4571163
27556.752000 0.0935622 -0.0116113 1.3239032 0.5432422 -0.5387721 0.4534780 -0.4571326
27556.852000 0.0935622 -0.0116056 1.3239029 0.5432599 -0.5387564 0.4534626 -0.4571454
27556.953000 0.0935621 -0.0116000 1.3239025 0.5432777 -0.5387404 0.4534472 -0.4571584
27557.052000 0.0939807 -0.0116815 1.3238764 0.5433523 -0.5388118 0.4533279 -0.4571039
27557.153000 0.0939983 -0.0116795 1.3238749 0.5433725 -0.5387995 0.4533080 -0.4571140
27557.252000 0.0935788 -0.0115865 1.3239004 0.5433335 -0.5386961 0.4533965 -0.4571945
27557.352000 0.0939761 -0.0116636 1.3238756 0.5434050 -0.5387632 0.4532827 -0.4571433
27557.453000 0.0939972 -0.0116624 1.3238739 0.5434258 -0.5387515 0.4532619 -0.4571530
27557.552000 0.0939968 -0.0116566 1.3238736 0.5434436 -0.5387355 0.4532465 -0.4571661
27557.652000 0.0939963 -0.0116509 1.3238733 0.5434613 -0.5387194 0.4532311 -0.4571791
27557.752000 0.0935764 -0.0115581 1.3238987 0.5434222 -0.5386159 0.4533197 -0.4572597
27557.852000 0.0939776 -0.0116359 1.3238737 0.5434943 -0.5386836 0.4532048 -0.4572081
27557.952000 0.0935709 -0.0115458 1.3238983 0.5434571 -0.5385827 0.4532900 -0.4572868
27558.052000 0.0939764 -0.0116245 1.3238731 0.5435297 -0.5386514 0.4531742 -0.4572344
27558.152000 0.0939929 -0.0116224 1.3238717 0.5435497 -0.5386389 0.4531547 -0.4572447
27558.252000 0.0935691 -0.0115289 1.3238974 0.5435102 -0.5385344 0.4532441 -0.4573262
27558.352000 0.0939739 -0.0116074 1.3238722 0.5435826 -0.5386029 0.4531285 -0.4572739
27558.452000 0.0939904 -0.0116053 1.3238708 0.5436024 -0.5385905 0.4531091 -0.4572841
27558.552000 0.0939899 -0.0115995 1.3238705 0.5436205 -0.5385742 0.4530934 -0.4572974
27558.652000 0.0939884 -0.0115939 1.3238703 0.5436376 -0.5385581 0.4530787 -0.4573106
27558.752000 0.0935682 -0.0115013 1.3238958 0.5435985 -0.5384544 0.4531672 -0.4573915
27558.852000 0.0939647 -0.0115780 1.3238711 0.5436699 -0.5385212 0.4530537 -0.4573405
27558.952000 0.0939852 -0.0115767 1.3238695 0.5436905 -0.5385093 0.4530330 -0.4573505
27559.052000 0.0935688 -0.0114850 1.3238947 0.5436519 -0.5384063 0.4531206 -0.4574308
27559.152000 0.0935460 -0.0114749 1.3238958 0.5436664 -0.5383857 0.4531110 -0.4574474
27559.252000 0.0939637 -0.0115559 1.3238698 0.5437407 -0.5384568 0.4529921 -0.4573932
27559.352000 0.0939803 -0.0115540 1.3238684 0.5437605 -0.5384443 0.4529727 -0.4574035
27559.452000 0.0935597 -0.0114615 1.3238940 0.5437216 -0.5383402 0.4530610 -0.4574848
27559.552000 0.0935407 -0.0114522 1.3238948 0.5437365 -0.5383204 0.4530504 -0.4575009
27559.652000 0.0939585 -0.0115331 1.3238688 0.5438107 -0.5383915 0.4529317 -0.4574466
27559.752000 0.0935511 -0.0114436 1.3238935 0.5437733 -0.5382905 0.4530170 -0.4575255
27559.852000 0.0935364 -0.0114352 1.3238941 0.5437888 -0.5382715 0.4530054 -0.4575409
27559.952000 0.0939543 -0.0115161 1.3238681 0.5438631 -0.5383425 0.4528865 -0.4574867
27560.053000 0.0939702 -0.0115140 1.3238668 0.5438829 -0.5383298 0.4528672 -0.4574973
27560.152000 0.0939686 -0.0115083 1.3238666 0.5439003 -0.5383134 0.4528521 -0.4575107
27560.252000 0.0939670 -0.0115026 1.3238664 0.5439178 -0.5382970 0.4528371 -0.4575241
27560.352000 0.0939654 -0.0114969 1.3238662 0.5439352 -0.5382806 0.4528221 -0.4575376
27560.452000 0.0939637 -0.0114912 1.3238660 0.5439526 -0.5382642 0.4528072 -0.4575510
27560.552000 0.0939620 -0.0114855 1.3238658 0.5439700 -0.5382477 0.4527922 -0.4575645
27560.653000 0.0939602 -0.0114798 1.3238656 0.5439873 -0.5382313 0.4527772 -0.4575780
27560.752000 0.0939585 -0.0114742 1.3238654 0.5440046 -0.5382150 0.4527624 -0.4575913
27560.852000 0.0939566 -0.0114684 1.3238652 0.5440221 -0.5381984 0.4527473 -0.4576050
27560.952000 0.0939548 -0.0114628 1.3238650 0.5440394 -0.5381819 0.4527324 -0.4576185
27561.052000 0.0939529 -0.0114571 1.3238648 0.5440568 -0.5381654 0.4527175 -0.4576320
27561.152000 0.0935357 -0.0113660 1.3238901 0.5440179 -0.5380623 0.4528052 -0.4577126
27561.252000 0.0935122 -0.0113558 1.3238913 0.5440323 -0.5380413 0.4527957 -0.4577297
27561.352000 0.0939253 -0.0114356 1.3238656 0.5441057 -0.5381115 0.4526783 -0.4576760
27561.452000 0.0939452 -0.0114344 1.3238640 0.5441259 -0.5380996 0.4526580 -0.4576860
27561.552000 0.0939431 -0.0114286 1.3238639 0.5441434 -0.5380829 0.4526430 -0.4576997
27561.652000 0.0939411 -0.0114229 1.3238637 0.5441607 -0.5380664 0.4526281 -0.4577133
27561.752000 0.0939391 -0.0114173 1.3238635 0.5441778 -0.5380500 0.4526134 -0.4577268
27561.852000 0.0939369 -0.0114116 1.3238634 0.5441953 -0.5380333 0.4525984 -0.4577405
27561.953000 0.0935195 -0.0113207 1.3238887 0.5441563 -0.5379301 0.4526862 -0.4578212
27562.052000 0.0939150 -0.0113966 1.3238641 0.5442275 -0.5379965 0.4525731 -0.4577706
27562.152000 0.0939305 -0.0113945 1.3238629 0.5442471 -0.5379836 0.4525539 -0.4577814
27562.252000 0.0935130 -0.0113037 1.3238883 0.5442081 -0.5378804 0.4526417 -0.4578621
27562.353000 0.0939043 -0.0113787 1.3238639 0.5442785 -0.5379460 0.4525298 -0.4578120
27562.452000 0.0939239 -0.0113775 1.3238624 0.5442989 -0.5379338 0.4525094 -0.4578223
27562.552000 0.0939216 -0.0113718 1.3238623 0.5443159 -0.5379173 0.4524947 -0.4578358
27562.652000 0.0939193 -0.0113661 1.3238621 0.5443333 -0.5379006 0.4524798 -0.4578496
27562.752000 0.0939170 -0.0113605 1.3238620 0.5443504 -0.5378841 0.4524651 -0.4578631
27562.852000 0.0939146 -0.0113547 1.3238618 0.5443678 -0.5378673 0.4524502 -0.4578769
27562.952000 0.0934928 -0.0112633 1.3238875 0.5443280 -0.5377634 0.4525392 -0.4579583
27563.052000 0.0938924 -0.0113398 1.3238626 0.5443998 -0.5378304 0.4524250 -0.4579071
27563.152000 0.0939075 -0.0113377 1.3238614 0.5444194 -0.5378174 0.4524059 -0.4579180
27563.252000 0.0939051 -0.0113321 1.3238613 0.5444364 -0.5378009 0.4523913 -0.4579316
27563.352000 0.0939026 -0.0113264 1.3238612 0.5444538 -0.5377840 0.4523764 -0.4579454
27563.452000 0.0939002 -0.0113207 1.3238610 0.5444710 -0.5377674 0.4523616 -0.4579592
27563.552000 0.0938977 -0.0113150 1.3238609 0.5444881 -0.5377507 0.4523469 -0.4579729
27563.652000 0.0938952 -0.0113093 1.3238608 0.5445053 -0.5377340 0.4523322 -0.4579866
27563.752000 0.0934773 -0.0112189 1.3238862 0.5444662 -0.5376307 0.4524200 -0.4580675
27563.852000 0.0938725 -0.0112944 1.3238616 0.5445372 -0.5376969 0.4523071 -0.4580170
27563.952000 0.0938876 -0.0112924 1.3238604 0.5445566 -0.5376840 0.4522881 -0.4580277
27564.052000 0.0934656 -0.0112012 1.3238861 0.5445170 -0.5375799 0.4523770 -0.4581093
27564.152000 0.0938649 -0.0112774 1.3238613 0.5445887 -0.5376468 0.4522629 -0.4580582
27564.252000 0.0938798 -0.0112754 1.3238601 0.5446081 -0.5376339 0.4522440 -0.4580690
27564.352000 0.0938772 -0.0112696 1.3238600 0.5446254 -0.5376170 0.4522291 -0.4580830
27564.452000 0.0938745 -0.0112640 1.3238598 0.5446425 -0.5376002 0.4522144 -0.4580967
27564.552000 0.0938718 -0.0112583 1.3238597 0.5446596 -0.5375835 0.4521998 -0.4581105
27564.652000 0.0938692 -0.0112526 1.3238596 0.5446767 -0.5375668 0.4521851 -0.4581243
27564.752000 0.0938665 -0.0112470 1.3238595 0.5446937 -0.5375502 0.4521705 -0.4581380
27564.852000 0.0938637 -0.0112413 1.3238594 0.5447110 -0.5375332 0.4521557 -0.4581519
27564.952000 0.0938610 -0.0112357 1.3238593 0.5447279 -0.5375166 0.4521412 -0.4581656
27565.052000 0.0938583 -0.0112300 1.3238592 0.5447450 -0.5374999 0.4521265 -0.4581794
27565.152000 0.0934402 -0.0111400 1.3238847 0.5447060 -0.5373964 0.4522142 -0.4582606
27565.253000 0.0938351 -0.0112151 1.3238601 0.5447770 -0.5374624 0.4521014 -0.4582101
27565.352000 0.0934303 -0.0111279 1.3238847 0.5447394 -0.5373621 0.4521861 -0.4582888
27565.452000 0.0938255 -0.0112030 1.3238602 0.5448105 -0.5374282 0.4520732 -0.4582383
27565.552000 0.0934290 -0.0111175 1.3238843 0.5447743 -0.5373292 0.4521556 -0.4583160
27565.652000 0.0934043 -0.0111074 1.3238855 0.5447885 -0.5373079 0.4521463 -0.4583334
27565.752000 0.0938172 -0.0111861 1.3238599 0.5448617 -0.5373778 0.4520292 -0.4582798
27565.852000 0.0934204 -0.0111006 1.3238840 0.5448256 -0.5372788 0.4521117 -0.4583575
27565.952000 0.0933957 -0.0110906 1.3238853 0.5448395 -0.5372576 0.4521026 -0.4583748
27566.052000 0.0938125 -0.0111698 1.3238594 0.5449136 -0.5373280 0.4519842 -0.4583209
27566.152000 0.0938271 -0.0111678 1.3238582 0.5449329 -0.5373150 0.4519654 -0.4583318
27566.252000 0.0938241 -0.0111621 1.3238581 0.5449501 -0.5372980 0.4519506 -0.4583458
27566.353000 0.0938212 -0.0111564 1.3238581 0.5449672 -0.5372811 0.4519360 -0.4583597
27566.452000 0.0938183 -0.0111508 1.3238580 0.5449842 -0.5372643 0.4519214 -0.4583736
27566.552000 0.0938153 -0.0111451 1.3238579 0.5450013 -0.5372474 0.4519068 -0.4583875
27566.652000 0.0938123 -0.0111395 1.3238578 0.5450183 -0.5372306 0.4518922 -0.4584014
27566.752000 0.0933938 -0.0110499 1.3238833 0.5449790 -0.5371272 0.4519801 -0.4584826
27566.852000 0.0937887 -0.0111246 1.3238588 0.5450500 -0.5371932 0.4518673 -0.4584321
27566.952000 0.0938034 -0.0111225 1.3238576 0.5450694 -0.5371800 0.4518483 -0.4584431
27567.052000 0.0938003 -0.0111168 1.3238575 0.5450865 -0.5371631 0.4518337 -0.4584570
27567.152000 0.0937973 -0.0111112 1.3238575 0.5451033 -0.5371464 0.4518193 -0.4584708
27567.253000 0.0937943 -0.0111055 1.3238574 0.5451205 -0.5371293 0.4518046 -0.4584848
27567.352000 0.0937913 -0.0111000 1.3238573 0.5451374 -0.5371126 0.4517901 -0.4584986
27567.452000 0.0937882 -0.0110943 1.3238572 0.5451545 -0.5370955 0.4517754 -0.4585127
27567.552000 0.0937851 -0.0110887 1.3238572 0.5451714 -0.5370788 0.4517609 -0.4585265
27567.652000 0.0937820 -0.0110830 1.3238571 0.5451886 -0.5370617 0.4517462 -0.4585406
27567.752000 0.0933633 -0.0109936 1.3238826 0.5451492 -0.5369583 0.4518341 -0.4586218
27567.852000 0.0933386 -0.0109836 1.3238839 0.5451633 -0.5369369 0.4518249 -0.4586393
27567.952000 0.0937594 -0.0110634 1.3238577 0.5452376 -0.5370084 0.4517059 -0.4585844
27568.052000 0.0937696 -0.0110604 1.3238569 0.5452566 -0.5369941 0.4516879 -0.4585964
27568.152000 0.0937665 -0.0110547 1.3238568 0.5452736 -0.5369772 0.4516733 -0.4586103
27568.252000 0.0937633 -0.0110491 1.3238567 0.5452906 -0.5369602 0.4516587 -0.4586243
27568.352000 0.0937602 -0.0110435 1.3238567 0.5453074 -0.5369435 0.4516443 -0.4586381
27568.452000 0.0933416 -0.0109543 1.3238822 0.5452682 -0.5368399 0.4517321 -0.4587195
27568.552000 0.0937362 -0.0110286 1.3238576 0.5453392 -0.5369058 0.4516194 -0.4586690
27568.652000 0.0937507 -0.0110266 1.3238565 0.5453584 -0.5368927 0.4516006 -0.4586800
27568.753000 0.0933320 -0.0109375 1.3238820 0.5453192 -0.5367891 0.4516884 -0.4587614
27568.852000 0.0933070 -0.0109275 1.3238833 0.5453332 -0.5367676 0.4516792 -0.4587789
27568.952000 0.0937193 -0.0110053 1.3238577 0.5454064 -0.5368373 0.4515623 -0.4587255
27569.052000 0.0937379 -0.0110040 1.3238563 0.5454265 -0.5368247 0.4515422 -0.4587360
27569.152000 0.0937347 -0.0109983 1.3238562 0.5454435 -0.5368077 0.4515277 -0.4587500
27569.253000 0.0937314 -0.0109927 1.3238562 0.5454605 -0.5367908 0.4515131 -0.4587640
27569.352000 0.0937282 -0.0109871 1.3238561 0.5454774 -0.5367738 0.4514986 -0.4587780
27569.452000 0.0933009 -0.0108965 1.3238822 0.5454369 -0.5366686 0.4515886 -0.4588607
27569.552000 0.0937044 -0.0109723 1.3238571 0.5455090 -0.5367363 0.4514738 -0.4588088
27569.653000 0.0937184 -0.0109702 1.3238560 0.5455284 -0.5367229 0.4514549 -0.4588200
27569.752000 0.0937152 -0.0109645 1.3238559 0.5455453 -0.5367059 0.4514404 -0.4588340
27569.852000 0.0937119 -0.0109589 1.3238559 0.5455623 -0.5366889 0.4514258 -0.4588480
27569.952000 0.0932929 -0.0108702 1.3238814 0.5455228 -0.5365855 0.4515138 -0.4589294
27570.052000 0.0932680 -0.0108602 1.3238827 0.5455368 -0.5365640 0.4515046 -0.4589469
27570.152000 0.0936844 -0.0109385 1.3238568 0.5456108 -0.5366343 0.4513866 -0.4588929
27570.252000 0.0936988 -0.0109364 1.3238557 0.5456301 -0.5366210 0.4513677 -0.4589041
27570.352000 0.0936954 -0.0109307 1.3238557 0.5456471 -0.5366040 0.4513531 -0.4589181
27570.452000 0.0932720 -0.0108412 1.3238815 0.5456072 -0.5364994 0.4514420 -0.4590003
27570.552000 0.0936711 -0.0109160 1.3238567 0.5456786 -0.5365663 0.4513284 -0.4589490
27570.652000 0.0936855 -0.0109139 1.3238555 0.5456979 -0.5365529 0.4513095 -0.4589601
27570.752000 0.0936822 -0.0109082 1.3238555 0.5457149 -0.5365359 0.4512950 -0.4589742
27570.852000 0.0936789 -0.0109027 1.3238555 0.5457317 -0.5365191 0.4512806 -0.4589881
27570.952000 0.0936755 -0.0108970 1.3238554 0.5457488 -0.5365019 0.4512659 -0.4590022
27571.052000 0.0932564 -0.0108085 1.3238810 0.5457093 -0.5363984 0.4513539 -0.4590837
27571.152000 0.0932313 -0.0107986 1.3238822 0.5457233 -0.5363769 0.4513447 -0.4591012
27571.252000 0.0932280 -0.0107931 1.3238822 0.5457400 -0.5363600 0.4513303 -0.4591151
27571.352000 0.0932246 -0.0107874 1.3238822 0.5457571 -0.5363429 0.4513156 -0.4591293
27571.452000 0.0936368 -0.0108646 1.3238566 0.5458304 -0.5364124 0.4511988 -0.4590758
27571.552000 0.0932312 -0.0107789 1.3238813 0.5457928 -0.5363116 0.4512832 -0.4591552
27571.652000 0.0932144 -0.0107706 1.3238821 0.5458079 -0.5362917 0.4512720 -0.4591715
27571.752000 0.0932110 -0.0107651 1.3238820 0.5458249 -0.5362747 0.4512575 -0.4591855
27571.852000 0.0936274 -0.0108429 1.3238562 0.5458988 -0.5363449 0.4511395 -0.4591315
27571.952000 0.0936417 -0.0108408 1.3238551 0.5459182 -0.5363315 0.4511207 -0.4591427
27572.053000 0.0936383 -0.0108351 1.3238550 0.5459351 -0.5363145 0.4511061 -0.4591567
27572.152000 0.0932191 -0.0107470 1.3238806 0.5458955 -0.5362110 0.4511940 -0.4592382
27572.252000 0.0936138 -0.0108204 1.3238561 0.5459666 -0.5362767 0.4510814 -0.4591877
27572.352000 0.0936281 -0.0108183 1.3238549 0.5459859 -0.5362633 0.4510626 -0.4591989
27572.452000 0.0932088 -0.0107302 1.3238805 0.5459463 -0.5361598 0.4511505 -0.4592804
27572.553000 0.0931837 -0.0107203 1.3238818 0.5459605 -0.5361381 0.4511411 -0.4592982
27572.653000 0.0936001 -0.0107979 1.3238559 0.5460343 -0.5362084 0.4510234 -0.4592440
27572.752000 0.0936144 -0.0107959 1.3238548 0.5460534 -0.5361952 0.4510046 -0.4592550
27572.852000 0.0936109 -0.0107902 1.3238548 0.5460705 -0.5361780 0.4509900 -0.4592692
27572.952000 0.0931874 -0.0107015 1.3238806 0.5460302 -0.5360738 0.4510790 -0.4593513
27573.052000 0.0935865 -0.0107755 1.3238558 0.5461020 -0.5361402 0.4509652 -0.4593002
27573.152000 0.0936005 -0.0107734 1.3238547 0.5461213 -0.5361267 0.4509464 -0.4593115
27573.252000 0.0931812 -0.0106855 1.3238802 0.5460817 -0.5360233 0.4510343 -0.4593930
27573.352000 0.0931561 -0.0106757 1.3238815 0.5460955 -0.5360018 0.4510252 -0.4594105
27573.452000 0.0935644 -0.0107515 1.3238562 0.5461685 -0.5360701 0.4509092 -0.4593579
27573.552000 0.0935866 -0.0107509 1.3238546 0.5461889 -0.5360584 0.4508883 -0.4593678
27573.652000 0.0935832 -0.0107453 1.3238546 0.5462058 -0.5360413 0.4508738 -0.4593819
27573.752000 0.0935797 -0.0107397 1.3238546 0.5462228 -0.5360242 0.4508593 -0.4593959
27573.852000 0.0935762 -0.0107341 1.3238545 0.5462397 -0.5360071 0.4508448 -0.4594100
27573.952000 0.0935727 -0.0107285 1.3238545 0.5462566 -0.5359900 0.4508303 -0.4594241
27574.053000 0.0935692 -0.0107229 1.3238545 0.5462735 -0.5359729 0.4508157 -0.4594382
27574.152000 0.0935657 -0.0107173 1.3238545 0.5462904 -0.5359558 0.4508012 -0.4594523
27574.252000 0.0935622 -0.0107117 1.3238544 0.5463073 -0.5359387 0.4507867 -0.4594664
27574.352000 0.0931428 -0.0106241 1.3238800 0.5462677 -0.5358352 0.4508746 -0.4595480
27574.452000 0.0931176 -0.0106143 1.3238813 0.5462816 -0.5358136 0.4508654 -0.4595656
27574.552000 0.0931141 -0.0106087 1.3238813 0.5462985 -0.5357965 0.4508509 -0.4595797
27574.652000 0.0935263 -0.0106850 1.3238557 0.5463718 -0.5358659 0.4507342 -0.4595262
27574.752000 0.0935447 -0.0106837 1.3238543 0.5463917 -0.5358533 0.4507143 -0.4595367
27574.852000 0.0935411 -0.0106781 1.3238543 0.5464088 -0.5358360 0.4506996 -0.4595510
27574.952000 0.0931217 -0.0105907 1.3238798 0.5463691 -0.5357325 0.4507875 -0.4596326
27575.052000 0.0930965 -0.0105808 1.3238812 0.5463831 -0.5357109 0.4507783 -0.4596502
27575.152000 0.0935087 -0.0106570 1.3238556 0.5464564 -0.5357802 0.4506616 -0.4595967
27575.252000 0.0935270 -0.0106557 1.3238542 0.5464764 -0.5357675 0.4506416 -0.4596074
27575.352000 0.0931079 -0.0105685 1.3238797 0.5464368 -0.5356641 0.4507293 -0.4596890
27575.452000 0.0930823 -0.0105586 1.3238811 0.5464507 -0.5356424 0.4507202 -0.4597067
27575.553000 0.0934987 -0.0106354 1.3238553 0.5465247 -0.5357124 0.4506023 -0.4596526
27575.652000 0.0930927 -0.0105509 1.3238800 0.5464867 -0.5356119 0.4506870 -0.4597319
27575.752000 0.0930716 -0.0105419 1.3238810 0.5465014 -0.5355909 0.4506766 -0.4597490
27575.852000 0.0930681 -0.0105363 1.3238810 0.5465183 -0.5355738 0.4506621 -0.4597631
27575.952000 0.0934845 -0.0106130 1.3238552 0.5465923 -0.5356438 0.4505443 -0.4597090
27576.052000 0.0934986 -0.0106109 1.3238541 0.5466116 -0.5356304 0.4505254 -0.4597203
27576.152000 0.0930790 -0.0105238 1.3238796 0.5465719 -0.5355269 0.4506132 -0.4598020
27576.252000 0.0934738 -0.0105963 1.3238551 0.5466430 -0.5355924 0.4505007 -0.4597514
27576.352000 0.0930678 -0.0105119 1.3238798 0.5466050 -0.5354919 0.4505853 -0.4598308
27576.452000 0.0934669 -0.0105851 1.3238551 0.5466768 -0.5355581 0.4504716 -0.4597796
27576.553000 0.0930648 -0.0105016 1.3238796 0.5466395 -0.5354582 0.4505551 -0.4598585
27576.652000 0.0934595 -0.0105739 1.3238551 0.5467106 -0.5355237 0.4504426 -0.4598079
27576.752000 0.0934736 -0.0105718 1.3238540 0.5467299 -0.5355103 0.4504237 -0.4598191
27576.852000 0.0934701 -0.0105662 1.3238539 0.5467468 -0.5354931 0.4504092 -0.4598333
27576.952000 0.0934665 -0.0105606 1.3238539 0.5467637 -0.5354759 0.4503947 -0.4598474
27577.052000 0.0934629 -0.0105551 1.3238539 0.5467804 -0.5354589 0.4503803 -0.4598614
27577.152000 0.0934593 -0.0105494 1.3238539 0.5467975 -0.5354416 0.4503657 -0.4598756
27577.252000 0.0930397 -0.0104626 1.3238795 0.5467577 -0.5353381 0.4504535 -0.4599574
27577.352000 0.0934345 -0.0105348 1.3238550 0.5468289 -0.5354036 0.4503410 -0.4599068
27577.452000 0.0930325 -0.0104515 1.3238794 0.5467915 -0.5353037 0.4504244 -0.4599857
27577.552000 0.0930072 -0.0104417 1.3238807 0.5468055 -0.5352821 0.4504152 -0.4600033
27577.652000 0.0930036 -0.0104362 1.3238807 0.5468224 -0.5352649 0.4504007 -0.4600174
27577.752000 0.0934204 -0.0105125 1.3238549 0.5468965 -0.5353349 0.4502828 -0.4599633
27577.852000 0.0930180 -0.0104293 1.3238794 0.5468591 -0.5352350 0.4503663 -0.4600422
27577.952000 0.0929928 -0.0104195 1.3238807 0.5468730 -0.5352133 0.4503571 -0.4600599
27578.052000 0.0934051 -0.0104949 1.3238551 0.5469464 -0.5352826 0.4502404 -0.4600063
27578.152000 0.0934234 -0.0104936 1.3238538 0.5469664 -0.5352698 0.4502204 -0.4600170
27578.252000 0.0934197 -0.0104880 1.3238538 0.5469833 -0.5352526 0.4502059 -0.4600311
27578.352000 0.0934161 -0.0104824 1.3238537 0.5470002 -0.5352354 0.4501913 -0.4600453
27578.453000 0.0934125 -0.0104768 1.3238537 0.5470171 -0.5352182 0.4501768 -0.4600594
27578.552000 0.0934089 -0.0104713 1.3238537 0.5470338 -0.5352011 0.4501624 -0.4600734
27578.652000 0.0929846 -0.0103839 1.3238796 0.5469938 -0.5350964 0.4502510 -0.4601562
27578.753000 0.0933840 -0.0104567 1.3238548 0.5470654 -0.5351629 0.4501376 -0.4601047
27578.852000 0.0933980 -0.0104545 1.3238537 0.5470847 -0.5351494 0.4501187 -0.4601160
27578.952000 0.0929782 -0.0103682 1.3238792 0.5470449 -0.5350458 0.4502064 -0.4601978
27579.052000 0.0933689 -0.0104392 1.3238550 0.5471153 -0.5351106 0.4500951 -0.4601477
27579.152000 0.0929712 -0.0103571 1.3238792 0.5470787 -0.5350115 0.4501773 -0.4602260
27579.252000 0.0933658 -0.0104288 1.3238547 0.5471498 -0.5350768 0.4500649 -0.4601754
27579.352000 0.0933799 -0.0104266 1.3238536 0.5471691 -0.5350633 0.4500460 -0.4601867
27579.453000 0.0929687 -0.0103421 1.3238787 0.5471305 -0.5349616 0.4501316 -0.4602671
27579.552000 0.0933546 -0.0104120 1.3238547 0.5472004 -0.5350251 0.4500214 -0.4602179
27579.652000 0.0933690 -0.0104099 1.3238536 0.5472198 -0.5350116 0.4500024 -0.4602292
27579.752000 0.0933653 -0.0104044 1.3238536 0.5472367 -0.5349944 0.4499879 -0.4602433
27579.852000 0.0933617 -0.0103988 1.3238536 0.5472536 -0.5349772 0.4499733 -0.4602575
27579.952000 0.1019528 -0.0122341 1.3240531 0.5410447 -0.5402128 0.4554645 -0.4560625
27580.052000 0.1025273 -0.0123205 1.3240510 0.5407623 -0.5404900 0.4557061 -0.4558274
27580.152000 0.1029781 -0.0124054 1.3240226 0.5408378 -0.5405626 0.4555855 -0.4557724
27580.252000 0.1026057 -0.0123127 1.3240439 0.5408034 -0.5404644 0.4556676 -0.4558474
27580.352000 0.1030348 -0.0123940 1.3240168 0.5408784 -0.5405357 0.4555488 -0.4557927
27580.452000 0.1113765 -0.0123629 1.3240590 0.5406660 -0.5405471 0.4557820 -0.4557981
27580.552000 0.1224689 -0.0124192 1.3240299 0.5407951 -0.5405966 0.4556216 -0.4557465
27580.652000 0.1320164 -0.0123323 1.3240533 0.5407449 -0.5405122 0.4557173 -0.4558106
27580.752000 0.1521184 -0.0124500 1.3240159 0.5407307 -0.5406563 0.4556643 -0.4557096
27580.852000 0.1629549 -0.0123649 1.3239835 0.5407554 -0.5406809 0.4556704 -0.4556448
27580.953000 0.1724929 -0.0124212 1.3240319 0.5407881 -0.5405901 0.4556283 -0.4557558
27581.052000 0.1828773 -0.0123633 1.3239811 0.5407640 -0.5406923 0.4556634 -0.4556282
27581.152000 0.1928545 -0.0123581 1.3239818 0.5407622 -0.5406907 0.4556674 -0.4556282
27581.252000 0.2028598 -0.0123572 1.3239811 0.5407656 -0.5406903 0.4556641 -0.4556278
27581.353000 0.2125070 -0.0124182 1.3240292 0.5408015 -0.5405930 0.4556159 -0.4557489
27581.452000 0.2316118 -0.0123899 1.3240757 0.5406740 -0.5404798 0.4557762 -0.4558741
27581.552000 0.2432818 -0.0124543 1.3239562 0.5408102 -0.5407851 0.4555702 -0.4555563
27581.652000 0.2429385 -0.0124202 1.3240271 0.5408090 -0.5405928 0.4556074 -0.4557488
27581.752000 0.2425529 -0.0123227 1.3240492 0.5407714 -0.5404875 0.4556960 -0.4558297
27581.852000 0.2429858 -0.0124039 1.3240219 0.5408450 -0.5405567 0.4555792 -0.4557772
27581.952000 0.2430320 -0.0124020 1.3240179 0.5408673 -0.5405468 0.4555569 -0.4557846
27582.052000 0.2430588 -0.0123963 1.3240151 0.5408883 -0.5405339 0.4555378 -0.4557941
27582.153000 0.2430842 -0.0123908 1.3240124 0.5409093 -0.5405222 0.4555184 -0.4558024
27582.252000 0.2524013 -0.0123713 1.3240325 0.5407719 -0.5405588 0.4556697 -0.4557708
27582.352000 0.2533749 -0.0123571 1.3239798 0.5407735 -0.5406859 0.4556568 -0.4556311
27582.452000 0.2534048 -0.0123497 1.3239766 0.5407896 -0.5406699 0.4556443 -0.4556434
27582.552000 0.2534359 -0.0123441 1.3239736 0.5408081 -0.5406556 0.4556281 -0.4556546
27582.652000 0.2538797 -0.0124283 1.3239453 0.5408841 -0.5407290 0.4555070 -0.4555985
27582.752000 0.2535094 -0.0123365 1.3239667 0.5408515 -0.5406328 0.4555866 -0.4556717
27582.852000 0.2535174 -0.0123270 1.3239650 0.5408705 -0.5406171 0.4555714 -0.4556830
27582.953000 0.2535418 -0.0123213 1.3239623 0.5408926 -0.5406052 0.4555509 -0.4556912
27583.052000 0.2628609 -0.0123559 1.3239814 0.5407695 -0.5406853 0.4556610 -0.4556324
27583.152000 0.2725062 -0.0124183 1.3240292 0.5408010 -0.5405933 0.4556163 -0.4557487
27583.252000 0.2925320 -0.0124937 1.3239703 0.5407931 -0.5407815 0.4555744 -0.4555768
27583.352000 0.3033779 -0.0124639 1.3239574 0.5408106 -0.5407900 0.4555657 -0.4555546
27583.452000 0.3125399 -0.0124257 1.3240273 0.5407913 -0.5406103 0.4556223 -0.4557341
27583.552000 0.3231248 -0.0124542 1.3239737 0.5408107 -0.5406993 0.4555657 -0.4556622
27583.652000 0.3329531 -0.0123467 1.3239847 0.5408014 -0.5406220 0.4556331 -0.4556975
27583.752000 0.3424890 -0.0124216 1.3240327 0.5407834 -0.5405890 0.4556336 -0.4557574
27583.852000 0.3525146 -0.0124246 1.3240301 0.5407913 -0.5405992 0.4556230 -0.4557466
27583.952000 0.3620094 -0.0123336 1.3240542 0.5407399 -0.5405132 0.4557217 -0.4558108
27584.052000 0.3724017 -0.0124183 1.3240300 0.5407955 -0.5405958 0.4556216 -0.4557471
27584.152000 0.3825244 -0.0124221 1.3240281 0.5408016 -0.5405990 0.4556135 -0.4557441
27584.252000 0.4015338 -0.0122516 1.3240503 0.5407494 -0.5405100 0.4557427 -0.4557823
27584.352000 0.4132566 -0.0124467 1.3239591 0.5408096 -0.5407638 0.4555727 -0.4555799
27584.452000 0.4225094 -0.0124247 1.3240303 0.5407923 -0.5405963 0.4556222 -0.4557496
27584.552000 0.4325189 -0.0124239 1.3240293 0.5407950 -0.5406004 0.4556193 -0.4557444
27584.652000 0.4429722 -0.0123617 1.3239807 0.5407670 -0.5406919 0.4556609 -0.4556276
27584.752000 0.4520885 -0.0123280 1.3240548 0.5407429 -0.5405061 0.4557219 -0.4558156
27584.852000 0.4619979 -0.0123270 1.3240543 0.5407440 -0.5405064 0.4557210 -0.4558148
27584.952000 0.4817229 -0.0123439 1.3240533 0.5407369 -0.5405251 0.4557206 -0.4558014
27585.052000 0.4924944 -0.0124219 1.3240319 0.5407880 -0.5405907 0.4556281 -0.4557555
27585.152000 0.5025168 -0.0124242 1.3240297 0.5407933 -0.5406000 0.4556210 -0.4557453
27585.252000 0.5220506 -0.0124466 1.3240342 0.5407734 -0.5405984 0.4556353 -0.4557566
27585.352000 0.5325369 -0.0124261 1.3240274 0.5407897 -0.5406115 0.4556237 -0.4557333
27585.452000 0.5425416 -0.0124253 1.3240271 0.5407915 -0.5406104 0.4556222 -0.4557339
27585.552000 0.5429404 -0.0124199 1.3240269 0.5408078 -0.5405941 0.4556085 -0.4557475
27585.652000 0.5429740 -0.0124133 1.3240237 0.5408267 -0.5405769 0.4555928 -0.4557612
27585.752000 0.5425895 -0.0123175 1.3240457 0.5407901 -0.5404748 0.4556790 -0.4558396
27585.852000 0.5430157 -0.0123979 1.3240188 0.5408638 -0.5405447 0.4555621 -0.4557861
27585.952000 0.5426408 -0.0123053 1.3240403 0.5408305 -0.5404477 0.4556430 -0.4558597
27586.052000 0.5426486 -0.0122959 1.3240386 0.5408498 -0.5404318 0.4556274 -0.4558713
27586.153000 0.5430875 -0.0123801 1.3240109 0.5409275 -0.5405073 0.4555042 -0.4558127
27586.252000 0.5431322 -0.0123791 1.3240071 0.5409526 -0.5405005 0.4554782 -0.4558169
27586.352000 0.5431540 -0.0123734 1.3240046 0.5409751 -0.5404893 0.4554573 -0.4558245
27586.452000 0.5431746 -0.0123677 1.3240022 0.5409977 -0.5404779 0.4554363 -0.4558321
27586.552000 0.5427735 -0.0122714 1.3240255 0.5409632 -0.5403785 0.4555200 -0.4559071
27586.652000 0.5427938 -0.0122619 1.3240225 0.5409878 -0.5403681 0.4554982 -0.4559122
27586.752000 0.5432246 -0.0123468 1.3239956 0.5410654 -0.5404432 0.4553748 -0.4558543
27586.852000 0.5432595 -0.0123448 1.3239925 0.5410901 -0.5404356 0.4553497 -0.4558591
27586.952000 0.5432775 -0.0123391 1.3239903 0.5411128 -0.5404245 0.4553286 -0.4558664
27587.052000 0.5432955 -0.0123335 1.3239882 0.5411353 -0.5404137 0.4553076 -0.4558735
27587.152000 0.5433131 -0.0123278 1.3239860 0.5411579 -0.5404026 0.4552865 -0.4558808
27587.252000 0.5433304 -0.0123220 1.3239840 0.5411807 -0.5403914 0.4552653 -0.4558883
27587.352000 0.5429324 -0.0122268 1.3240071 0.5411473 -0.5402931 0.4553474 -0.4559623
27587.452000 0.5433302 -0.0123032 1.3239819 0.5412211 -0.5403619 0.4552318 -0.4559086
27587.552000 0.5433805 -0.0123048 1.3239779 0.5412481 -0.5403577 0.4552026 -0.4559108
27587.652000 0.5429815 -0.0122097 1.3240011 0.5412145 -0.5402593 0.4552849 -0.4559851
27587.752000 0.5433946 -0.0122896 1.3239750 0.5412903 -0.5403312 0.4551656 -0.4559290
27587.853000 0.5434276 -0.0122877 1.3239721 0.5413149 -0.5403234 0.4551407 -0.4559340
27587.952000 0.5434428 -0.0122820 1.3239702 0.5413368 -0.5403119 0.4551204 -0.4559418
27588.053000 0.5434575 -0.0122762 1.3239683 0.5413590 -0.5403001 0.4550999 -0.4559500
27588.152000 0.5434720 -0.0122705 1.3239665 0.5413809 -0.5402883 0.4550796 -0.4559581
27588.252000 0.5434862 -0.0122648 1.3239647 0.5414028 -0.5402765 0.4550595 -0.4559663
27588.352000 0.5627170 -0.0124551 1.3239651 0.5408220 -0.5407180 0.4555518 -0.4556404
27588.452000 0.5723981 -0.0124486 1.3240328 0.5407242 -0.5406425 0.4556778 -0.4557201
27588.552000 0.5825066 -0.0124250 1.3240308 0.5407877 -0.5405969 0.4556268 -0.4557499
27588.652000 0.5925157 -0.0124244 1.3240299 0.5407922 -0.5405997 0.4556220 -0.4557458
27588.752000 0.5929542 -0.0124171 1.3240256 0.5408154 -0.5405869 0.4556023 -0.4557532
27588.852000 0.5925672 -0.0123201 1.3240478 0.5407777 -0.5404828 0.4556905 -0.4558333
27588.952000 0.5929949 -0.0124006 1.3240208 0.5408509 -0.5405520 0.4555743 -0.4557805
27589.052000 0.5930442 -0.0123995 1.3240166 0.5408745 -0.5405432 0.4555502 -0.4557871
27589.152000 0.5930704 -0.0123938 1.3240138 0.5408956 -0.5405307 0.4555309 -0.4557961
27589.252000 0.6028293 -0.0124451 1.3240179 0.5407942 -0.5406116 0.4556126 -0.4557388
27589.352000 0.6125440 -0.0124264 1.3240275 0.5407901 -0.5406107 0.4556233 -0.4557342
27589.452000 0.6222630 -0.0124249 1.3240270 0.5407928 -0.5406091 0.4556211 -0.4557350
27589.552000 0.6319014 -0.0123351 1.3240543 0.5407387 -0.5405142 0.4557223 -0.4558105
27589.652000 0.6429466 -0.0123579 1.3239818 0.5407646 -0.5406882 0.4556652 -0.4556304
27589.752000 0.6528631 -0.0123575 1.3239813 0.5407648 -0.5406905 0.4556649 -0.4556279
27589.852000 0.6632185 -0.0124892 1.3239690 0.5407893 -0.5407789 0.4555809 -0.4555778
27589.952000 0.6629290 -0.0124232 1.3240284 0.5408052 -0.5405946 0.4556101 -0.4557485
27590.052000 0.6629685 -0.0124144 1.3240243 0.5408256 -0.5405775 0.4555937 -0.4557608
27590.152000 0.6629997 -0.0124084 1.3240212 0.5408448 -0.5405622 0.4555770 -0.4557729
27590.252000 0.6630286 -0.0124026 1.3240182 0.5408650 -0.5405483 0.4555590 -0.4557836
27590.352000 0.6630557 -0.0123970 1.3240154 0.5408858 -0.5405354 0.4555401 -0.4557931
27590.452000 0.6729580 -0.0123490 1.3239839 0.5408011 -0.5406310 0.4556319 -0.4556883
27590.552000 0.6738023 -0.0124445 1.3239532 0.5408348 -0.5407681 0.4555495 -0.4555680
27590.652000 0.6734331 -0.0123516 1.3239745 0.5407981 -0.5406686 0.4556346 -0.4556446
27590.752000 0.6734459 -0.0123421 1.3239725 0.5408149 -0.5406507 0.4556220 -0.4556584
27590.852000 0.6734741 -0.0123364 1.3239696 0.5408352 -0.5406374 0.4556037 -0.4556684
27590.952000 0.6823909 -0.0124198 1.3240326 0.5407852 -0.5405890 0.4556331 -0.4557559
27591.052000 0.6825442 -0.0123294 1.3240505 0.5407612 -0.5405008 0.4557029 -0.4558192
27591.153000 0.6825469 -0.0123167 1.3240491 0.5407761 -0.5404780 0.4556943 -0.4558371
27591.252000 0.6829962 -0.0124018 1.3240208 0.5408521 -0.5405516 0.4555728 -0.4557811
27591.352000 0.6830418 -0.0123999 1.3240169 0.5408749 -0.5405420 0.4555500 -0.4557882
27591.452000 0.6826488 -0.0123035 1.3240395 0.5408394 -0.5404416 0.4556350 -0.4558645
27591.552000 0.6925110 -0.0124171 1.3240291 0.5408030 -0.5405918 0.4556146 -0.4557498
27591.652000 0.7128201 -0.0124547 1.3239532 0.5408149 -0.5407941 0.4555637 -0.4555465
27591.752000 0.7138084 -0.0124502 1.3239532 0.5408297 -0.5407789 0.4555513 -0.4555595
27591.852000 0.7231313 -0.0124042 1.3239704 -0.5407152 0.5407259 -0.4556697 0.4556400
27591.953000 0.7329555 -0.0123580 1.3239817 0.5407626 -0.5406910 0.4556670 -0.4556278
27592.052000 0.7433801 -0.0124481 1.3239554 0.5408225 -0.5407784 0.4555596 -0.4555604
27592.152000 0.7614798 -0.0123613 1.3240606 0.5406508 -0.5405475 0.4557976 -0.4558000
27592.252000 0.7729332 -0.0123515 1.3239856 0.5407837 -0.5406373 0.4556471 -0.4556864
27592.352000 0.7824929 -0.0124213 1.3240319 0.5407881 -0.5405901 0.4556284 -0.4557558
27592.452000 0.7924218 -0.0124242 1.3240297 0.5407933 -0.5406000 0.4556210 -0.4557453
27592.552000 0.7929549 -0.0124170 1.3240255 0.5408158 -0.5405865 0.4556020 -0.4557535
27592.653000 0.7929872 -0.0124108 1.3240224 0.5408347 -0.5405704 0.4555858 -0.4557663
27592.753000 0.7930170 -0.0124051 1.3240194 0.5408544 -0.5405561 0.4555684 -0.4557774
27592.852000 0.7926255 -0.0123086 1.3240419 0.5408183 -0.5404550 0.4556541 -0.4558544
27592.952000 0.7930534 -0.0123899 1.3240148 0.5408937 -0.5405268 0.4555348 -0.4557991
27593.052000 0.7930956 -0.0123880 1.3240111 0.5409178 -0.5405185 0.4555105 -0.4558047
27593.152000 0.7927039 -0.0122925 1.3240336 0.5408840 -0.5404198 0.4555931 -0.4558792
27593.252000 0.7927048 -0.0122822 1.3240324 0.5409034 -0.5404039 0.4555778 -0.4558904
27593.352000 0.8019579 -0.0123537 1.3240593 0.5406531 -0.5405633 0.4558016 -0.4557745
27593.453000 0.8124874 -0.0124214 1.3240322 0.5407839 -0.5405920 0.4556326 -0.4557544
27593.552000 0.8225157 -0.0124244 1.3240299 0.5407922 -0.5405997 0.4556221 -0.4557458
27593.653000 0.8419031 -0.0123763 1.3240485 0.5407599 -0.5405608 0.4556795 -0.4557729
27593.752000 0.8534020 -0.0124530 1.3239541 0.5408161 -0.5407894 0.4555639 -0.4555505
27593.852000 0.8620329 -0.0123346 1.3240520 0.5407392 -0.5405194 0.4557224 -0.4558037
27593.952000 0.8725115 -0.0124460 1.3240320 0.5407369 -0.5406160 0.4556604 -0.4557538
27594.052000 0.8825029 -0.0124255 1.3240324 0.5407788 -0.5405928 0.4556369 -0.4557552
27594.152000 0.8825294 -0.0123273 1.3240514 0.5407558 -0.5405018 0.4557091 -0.4558181
27594.252000 0.8925957 -0.0124218 1.3240313 0.5407876 -0.5405946 0.4556283 -0.4557511
27594.352000 0.8929522 -0.0124175 1.3240258 0.5408143 -0.5405879 0.4556032 -0.4557524
27594.452000 0.8929848 -0.0124114 1.3240226 0.5408331 -0.5405718 0.4555873 -0.4557653
27594.552000 0.8930147 -0.0124055 1.3240196 0.5408528 -0.5405572 0.4555698 -0.4557766
27594.652000 0.8926274 -0.0123099 1.3240419 0.5408173 -0.5404568 0.4556545 -0.4558531
27594.752000 0.8930470 -0.0123895 1.3240153 0.5408913 -0.5405270 0.4555376 -0.4557990
27594.852000 0.8926787 -0.0122987 1.3240364 0.5408602 -0.5404324 0.4556152 -0.4558706
27594.952000 0.8930913 -0.0123772 1.3240103 0.5409346 -0.5405024 0.4554981 -0.4558161
27595.052000 0.8931449 -0.0123771 1.3240057 0.5409615 -0.5404976 0.4554696 -0.4558183
27595.152000 0.8931611 -0.0123714 1.3240038 0.5409829 -0.5404853 0.4554501 -0.4558272
27595.252000 0.9019969 -0.0123325 1.3240562 0.5407380 -0.5405008 0.4557249 -0.4558247
27595.352000 0.9029332 -0.0124139 1.3240270 0.5408112 -0.5405849 0.4556082 -0.4557547
27595.452000 0.9029835 -0.0124116 1.3240228 0.5408324 -0.5405722 0.4555878 -0.4557649
27595.552000 0.9025899 -0.0123140 1.3240453 0.5407950 -0.5404688 0.4556758 -0.4558441
27595.652000 0.9026047 -0.0123054 1.3240433 0.5408136 -0.5404527 0.4556606 -0.4558562
27595.752000 0.9026310 -0.0122998 1.3240405 0.5408347 -0.5404402 0.4556413 -0.4558653
27595.852000 0.9119920 -0.0123256 1.3240543 0.5407478 -0.5405026 0.4557178 -0.4558180
27595.952000 0.9328148 -0.0126232 1.3239547 -0.5407889 0.5408216 -0.4555265 0.4555819
27596.052000 0.9424411 -0.0124344 1.3240273 0.5407924 -0.5406100 0.4556181 -0.4557374
27596.152000 0.9521413 -0.0124025 1.3240665 0.5407099 -0.5405348 0.4557511 -0.4557916
27596.252000 0.9624876 -0.0124506 1.3240344 0.5407052 -0.5406500 0.4556984 -0.4557132
27596.353000 0.9625273 -0.0123277 1.3240516 0.5407547 -0.5405029 0.4557100 -0.4558173
27596.452000 0.9629622 -0.0124085 1.3240242 0.5408278 -0.5405704 0.4555942 -0.4557662
27596.552000 0.9630101 -0.0124064 1.3240201 0.5408496 -0.5405594 0.4555727 -0.4557749
27596.652000 0.9630383 -0.0124008 1.3240172 0.5408697 -0.5405462 0.4555545 -0.4557849
27596.752000 0.9630647 -0.0123951 1.3240144 0.5408909 -0.5405334 0.4555352 -0.4557942
27596.852000 0.9630897 -0.0123894 1.3240117 0.5409125 -0.5405214 0.4555153 -0.4558027
27596.952000 0.9631135 -0.0123837 1.3240091 0.5409345 -0.5405097 0.4554950 -0.4558107
27597.052000 0.9627211 -0.0122882 1.3240317 0.5409009 -0.5404112 0.4555774 -0.4558851
27597.152000 0.9631401 -0.0123685 1.3240052 0.5409769 -0.5404834 0.4554578 -0.4558288
27597.252000 0.9728194 -0.0124219 1.3240016 0.5408371 -0.5406411 0.4555714 -0.4556942
27597.352000 0.9825420 -0.0124251 1.3240271 0.5407922 -0.5406097 0.4556216 -0.4557345
27597.452000 0.9924854 -0.0124516 1.3240355 0.5407061 -0.5406354 0.4556949 -0.4557329
27597.552000 0.9929453 -0.0124189 1.3240264 0.5408105 -0.5405915 0.4556063 -0.4557495
27597.652000 0.9929785 -0.0124125 1.3240233 0.5408294 -0.5405747 0.4555905 -0.4557630
27597.752000 0.9930089 -0.0124067 1.3240202 0.5408488 -0.5405600 0.4555734 -0.4557744
27597.852000 0.9930372 -0.0124010 1.3240173 0.5408691 -0.5405465 0.4555551 -0.4557846
27597.952000 0.9926485 -0.0123054 1.3240396 0.5408342 -0.5404467 0.4556391 -0.4558605
27598.052000 0.9930711 -0.0123858 1.3240129 0.5409093 -0.5405181 0.4555205 -0.4558052
27598.152000 0.9931126 -0.0123839 1.3240092 0.5409337 -0.5405102 0.4554958 -0.4558104
27598.252000 0.9931353 -0.0123782 1.3240067 0.5409559 -0.5404988 0.4554751 -0.4558181
27598.352000 0.9931570 -0.0123725 1.3240043 0.5409784 -0.5404875 0.4554543 -0.4558257
27598.452000 0.9927622 -0.0122771 1.3240271 0.5409449 -0.5403892 0.4555365 -0.4558998
27598.552000 0.9931730 -0.0123565 1.3240012 0.5410198 -0.5404602 0.4554186 -0.4558446
27598.652000 0.9932311 -0.0123554 1.3239960 0.5410494 -0.5404576 0.4553872 -0.4558438
27598.752000 0.9932444 -0.0123497 1.3239943 0.5410708 -0.5404453 0.4553676 -0.4558526
27598.852000 0.9932620 -0.0123440 1.3239922 0.5410933 -0.5404340 0.4553467 -0.4558601
27598.952000 0.9932800 -0.0123383 1.3239900 0.5411160 -0.5404230 0.4553256 -0.4558674
27599.053000 0.9932979 -0.0123326 1.3239879 0.5411386 -0.5404120 0.4553045 -0.4558747
27599.152000 0.9928964 -0.0122365 1.3240112 0.5411046 -0.5403131 0.4553876 -0.4559491
27599.252000 0.9933154 -0.0123174 1.3239847 0.5411815 -0.5403861 0.4552667 -0.4558921
27599.352000 0.9933498 -0.0123155 1.3239816 0.5412062 -0.5403788 0.4552415 -0.4558966
27599.452000 0.9933664 -0.0123097 1.3239796 0.5412289 -0.5403674 0.4552205 -0.4559042
27599.552000 0.9933828 -0.0123040 1.3239776 0.5412513 -0.5403561 0.4551997 -0.4559118
27599.653000 0.9933988 -0.0122984 1.3239756 0.5412734 -0.5403449 0.4551791 -0.4559194
27599.752000 0.9934144 -0.0122926 1.3239737 0.5412958 -0.5403333 0.4551584 -0.4559272
27599.852000 0.9934298 -0.0122869 1.3239718 0.5413180 -0.5403217 0.4551378 -0.4559351
27599.952000 0.9934448 -0.0122811 1.3239699 0.5413401 -0.5403101 0.4551174 -0.4559431
27600.052000 0.9934596 -0.0122754 1.3239681 0.5413621 -0.5402984 0.4550971 -0.4559511
27600.152000 0.9359841 -0.0124661 1.3239662 0.5409526 -0.5407186 0.4554406 -0.4555959
27600.252000 0.9329485 -0.0124699 1.3240267 0.5408141 -0.5405879 0.4556032 -0.4557527
27600.352000 0.9329552 -0.0139776 1.3240016 -0.5361120 0.5451685 -0.4595871 0.4518350
27600.452000 0.9329646 -0.0140329 1.3239988 -0.5359382 0.5453398 -0.4597335 0.4516855
27600.552000 0.9335073 -0.0136392 1.3239681 -0.5374312 0.5440244 -0.4584349 0.4528163
27600.652000 0.9331275 -0.0139862 1.3239870 -0.5361014 0.5452188 -0.4595937 0.4517803
27600.753000 0.9329944 -0.0140210 1.3239967 -0.5359554 0.5453435 -0.4597213 0.4516731
27600.852000 0.9331580 -0.0135543 1.3239871 -0.5373473 0.5440089 -0.4585544 0.4528136
27600.953000 0.9332626 -0.0139255 1.3239721 -0.5363243 0.5450942 -0.4593769 0.4518864
27601.052000 0.9335905 -0.0141166 1.3239527 -0.5361491 0.5454051 -0.4594578 0.4516371
27601.152000 0.9332900 -0.0135401 1.3239737 -0.5374557 0.5439890 -0.4584369 0.4528276
27601.252000 0.9336101 -0.0140923 1.3239522 -0.5362237 0.5453413 -0.4594044 0.4516797
27601.352000 0.9326674 -0.0141404 1.3240295 -0.5359146 0.5454432 -0.4597062 0.4516165
27601.452000 0.9323502 -0.0135282 1.3240521 -0.5373018 0.5439323 -0.4586226 0.4528903
27601.552000 0.9323697 -0.0139838 1.3240525 -0.5360824 0.5451448 -0.4596201 0.4518652
27601.652000 0.9330641 -0.0140139 1.3239868 -0.5359962 0.5453970 -0.4596672 0.4516152
27601.752000 0.9331383 -0.0135225 1.3239869 -0.5374043 0.5439819 -0.4585060 0.4528273
27601.852000 0.9334906 -0.0141018 1.3239683 -0.5361353 0.5453053 -0.4595007 0.4517302
27601.952000 0.9325512 -0.0141474 1.3240449 -0.5358269 0.5454069 -0.4598048 0.4516640
27602.053000 0.9322547 -0.0135299 1.3240636 -0.5371940 0.5439468 -0.4587398 0.4528822
27602.153000 0.9326801 -0.0140168 1.3240300 -0.5362213 0.5451052 -0.4594706 0.4519002
27602.252000 0.9326119 -0.0141186 1.3240344 -0.5359460 0.5453805 -0.4596940 0.4516674
27602.352000 0.9326663 -0.0136489 1.3240358 -0.5373128 0.5440009 -0.4585628 0.4528555
27602.452000 0.9322879 -0.0139550 1.3240659 -0.5361259 0.5449886 -0.4596014 0.4520210
27602.552000 0.9329438 -0.0139734 1.3240013 -0.5360012 0.5452658 -0.4596852 0.4517493
27602.653000 0.9330419 -0.0134954 1.3239978 -0.5373792 0.5439084 -0.4585406 0.4529104
27602.752000 0.9331290 -0.0138985 1.3239911 -0.5363046 0.5449893 -0.4594174 0.4519951
27602.852000 0.9329941 -0.0139646 1.3239983 -0.5360160 0.5452546 -0.4596674 0.4517633
27602.952000 0.9330180 -0.0139526 1.3239951 -0.5360255 0.5452460 -0.4596605 0.4517696
27603.053000 0.9331411 -0.0134862 1.3239881 -0.5373731 0.5439520 -0.4585387 0.4528672
27603.152000 0.9332957 -0.0140260 1.3239765 -0.5360865 0.5453250 -0.4595721 0.4516917
27603.252000 0.9330573 -0.0140103 1.3239888 -0.5358873 0.5454720 -0.4597688 0.4515504
27603.352000 0.9334887 -0.0141767 1.3239592 -0.5358976 0.5456043 -0.4596792 0.4514695
27603.452000 0.9331945 -0.0135540 1.3239807 -0.5371606 0.5442159 -0.4587153 0.4526233
27603.552000 0.9335622 -0.0140775 1.3239652 -0.5361756 0.5452643 -0.4594737 0.4517592
27603.652000 0.9330821 -0.0139801 1.3239904 -0.5359164 0.5453876 -0.4597667 0.4516200
27603.752000 0.9335507 -0.0136901 1.3239625 -0.5372648 0.5441966 -0.4585636 0.4526765
27603.852000 0.9334681 -0.0141324 1.3239698 -0.5360852 0.5453418 -0.4595339 0.4517118
27603.952000 0.9321010 -0.0139425 1.3240735 -0.5358325 0.5452425 -0.4598904 0.4517688
27604.052000 0.9322249 -0.0134787 1.3240655 -0.5371536 0.5439647 -0.4587933 0.4528544
27604.153000 0.9323433 -0.0138654 1.3240517 -0.5360865 0.5450777 -0.4596736 0.4518869
27604.252000 0.9326506 -0.0141145 1.3240322 -0.5359045 0.5453922 -0.4597365 0.4516593
27604.352000 0.9323052 -0.0134953 1.3240576 -0.5371558 0.5440095 -0.4587819 0.4528095
27604.452000 0.9325748 -0.0140519 1.3240426 -0.5360899 0.5451354 -0.4595921 0.4518962
27604.552000 0.9324945 -0.0141194 1.3240472 -0.5358768 0.5453463 -0.4597671 0.4517164
27604.652000 0.9325935 -0.0136522 1.3240435 -0.5372170 0.5440240 -0.4586572 0.4528458
27604.752000 0.9325854 -0.0140810 1.3240494 -0.5360192 0.5451774 -0.4596597 0.4518606
27604.852000 0.9330021 -0.0139990 1.3239976 -0.5358128 0.5454610 -0.4598586 0.4515607
27604.952000 0.9330974 -0.0135575 1.3239922 -0.5370636 0.5442442 -0.4588200 0.4525983
27605.052000 0.9333540 -0.0141484 1.3239730 -0.5360815 0.5453140 -0.4595313 0.4517524
27605.152000 0.9322837 -0.0139278 1.3240581 -0.5358860 0.5452556 -0.4598384 0.4517424
27605.252000 0.9327202 -0.0136942 1.3240321 -0.5371173 0.5441720 -0.4587311 0.4527113
27605.352000 0.9323917 -0.0140955 1.3240533 -0.5360415 0.5451319 -0.4596279 0.4519212
27605.453000 0.9329629 -0.0139752 1.3239979 -0.5359093 0.5453979 -0.4597624 0.4516203
27605.552000 0.9329753 -0.0139741 1.3239949 -0.5358569 0.5454487 -0.4598103 0.4515725
27605.652000 0.9330969 -0.0135183 1.3239881 -0.5371741 0.5441816 -0.4587139 0.4526499
27605.752000 0.9332901 -0.0139379 1.3239736 -0.5361765 0.5452518 -0.4595162 0.4517301
27605.852000 0.9331246 -0.0139566 1.3239832 -0.5359764 0.5454231 -0.4596979 0.4515759
27605.952000 0.9331607 -0.0135020 1.3239859 -0.5372515 0.5441213 -0.4586466 0.4526987
27606.052000 0.9333890 -0.0140960 1.3239781 -0.5361496 0.5452047 -0.4594840 0.4518517
27606.152000 0.9329421 -0.0139689 1.3240060 -0.5358802 0.5453444 -0.4597973 0.4516839
27606.252000 0.9330595 -0.0134967 1.3239987 -0.5372245 0.5440533 -0.4586803 0.4527783
27606.354000 0.9331450 -0.0139061 1.3239873 -0.5361373 0.5452085 -0.4595695 0.4517747
27606.452000 0.9333976 -0.0141648 1.3239708 -0.5359671 0.5454921 -0.4596188 0.4515841
27606.552000 0.9331681 -0.0135253 1.3239874 -0.5371995 0.5441625 -0.4586874 0.4526695
27606.652000 0.9332387 -0.0139500 1.3239806 -0.5361356 0.5452152 -0.4595557 0.4517826
27606.753000 0.9330907 -0.0139520 1.3239907 -0.5359399 0.5453849 -0.4597402 0.4516223
27606.852000 0.9332030 -0.0134998 1.3239848 -0.5372395 0.5441268 -0.4586592 0.4526936
27606.952000 0.9335737 -0.0140976 1.3239579 -0.5362022 0.5453117 -0.4594189 0.4517264
27607.052000 0.9331497 -0.0139690 1.3239840 -0.5359458 0.5454465 -0.4597197 0.4515617
27607.152000 0.9332321 -0.0135039 1.3239818 -0.5372423 0.5441550 -0.4586503 0.4526654
27607.252000 0.9333744 -0.0140251 1.3239784 -0.5361424 0.5452604 -0.4595137 0.4517628
27607.352000 0.9331274 -0.0139572 1.3239893 -0.5359467 0.5453943 -0.4597278 0.4516154
27607.452000 0.9331467 -0.0139569 1.3239861 -0.5359019 0.5454367 -0.4597686 0.4515759
27607.552000 0.9335833 -0.0137201 1.3239609 -0.5372283 0.5442469 -0.4585729 0.4526500
27607.652000 0.9332795 -0.0139473 1.3239807 -0.5361091 0.5452323 -0.4595845 0.4517641
27607.752000 0.9334355 -0.0141751 1.3239704 -0.5359363 0.5454877 -0.4596513 0.4515930
27607.852000 0.9332321 -0.0135177 1.3239857 -0.5371894 0.5441584 -0.4587058 0.4526678
27607.952000 0.9332980 -0.0139642 1.3239813 -0.5361310 0.5452479 -0.4595582 0.4517461
27608.053000 0.9331364 -0.0139425 1.3239893 -0.5359455 0.5454007 -0.4597430 0.4515937
27608.152000 0.9331661 -0.0139439 1.3239860 -0.5359088 0.5454368 -0.4597750 0.4515612
27608.252000 0.9332542 -0.0134859 1.3239830 -0.5372298 0.5441457 -0.4586764 0.4526650
27608.352000 0.9332101 -0.0138906 1.3239837 -0.5361914 0.5451840 -0.4595246 0.4517857
27608.452000 0.9330615 -0.0139542 1.3239938 -0.5359093 0.5454427 -0.4597688 0.4515597
27608.552000 0.9332144 -0.0134827 1.3239857 -0.5372766 0.5441187 -0.4586300 0.4526889
27608.652000 0.9333020 -0.0139296 1.3239744 -0.5361325 0.5452979 -0.4595580 0.4516841
27608.752000 0.9331905 -0.0139572 1.3239813 -0.5359422 0.5454713 -0.4597269 0.4515286
27608.852000 0.9335841 -0.0137839 1.3239594 -0.5370986 0.5444290 -0.4586746 0.4524818
27608.952000 0.9333863 -0.0141562 1.3239812 -0.5360547 0.5453745 -0.4595564 0.4516857
27609.052000 0.9330878 -0.0139532 1.3239922 -0.5359135 0.5454340 -0.4597694 0.4515647
27609.152000 0.9331171 -0.0139459 1.3239890 -0.5358769 0.5454679 -0.4598060 0.4515298
27609.252000 0.9332004 -0.0134686 1.3239877 -0.5372513 0.5441103 -0.4586638 0.4526946
27609.352000 0.9333966 -0.0141114 1.3239730 -0.5361457 0.5452794 -0.4594815 0.4517687
27609.452000 0.9332960 -0.0141949 1.3239809 -0.5359115 0.5455056 -0.4596696 0.4515822
27609.552000 0.9331289 -0.0135099 1.3239939 -0.5371960 0.5441561 -0.4586975 0.4526712
27609.652000 0.9332276 -0.0139818 1.3239852 -0.5361545 0.5452484 -0.4595103 0.4517663
27609.752000 0.9330718 -0.0139430 1.3239928 -0.5359839 0.5453876 -0.4596862 0.4516219
27609.852000 0.9331908 -0.0134846 1.3239886 -0.5372693 0.5441112 -0.4586281 0.4527085
27609.952000 0.9332114 -0.0139427 1.3239864 -0.5360605 0.5452795 -0.4596332 0.4517153
27610.052000 0.9330940 -0.0139532 1.3239935 -0.5358783 0.5454426 -0.4598006 0.4515643
27610.152000 0.9331726 -0.0134783 1.3239932 -0.5372325 0.5440900 -0.4586768 0.4527283
27610.252000 0.9330603 -0.0138597 1.3240009 -0.5361815 0.5450717 -0.4595473 0.4519098
27610.352000 0.9329636 -0.0139353 1.3240077 -0.5359080 0.5453336 -0.4597766 0.4516851
27610.452000 0.9333668 -0.0137047 1.3239839 -0.5372811 0.5440995 -0.4585332 0.4528047
27610.552000 0.9331006 -0.0139092 1.3239962 -0.5361895 0.5451303 -0.4595177 0.4518597
27610.653000 0.9329678 -0.0139238 1.3240040 -0.5359553 0.5453414 -0.4597330 0.4516639
27610.752000 0.9334119 -0.0137099 1.3239763 -0.5372884 0.5441617 -0.4585194 0.4527353
27610.852000 0.9332740 -0.0139327 1.3239774 -0.5361712 0.5452636 -0.4595166 0.4517217
27610.952000 0.9331481 -0.0139327 1.3239850 -0.5359828 0.5454311 -0.4596927 0.4515639
27611.052000 0.9332323 -0.0134964 1.3239841 -0.5372085 0.5442058 -0.4586778 0.4526165
27611.152000 0.9333840 -0.0141195 1.3239769 -0.5362054 0.5452188 -0.4594104 0.4518432
27611.253000 0.9330613 -0.0139460 1.3239975 -0.5359434 0.5453910 -0.4597278 0.4516234
27611.352000 0.9331560 -0.0134755 1.3239936 -0.5372502 0.5441156 -0.4586457 0.4527080
27611.452000 0.9331434 -0.0139479 1.3239887 -0.5361427 0.5452473 -0.4595371 0.4517545
27611.552000 0.9330193 -0.0139336 1.3239973 -0.5359582 0.5454122 -0.4597134 0.4515948
27611.652000 0.9334250 -0.0137218 1.3239739 -0.5372721 0.5442142 -0.4585195 0.4526914
27611.752000 0.9334962 -0.0141314 1.3239647 -0.5362166 0.5452646 -0.4593892 0.4517963
27611.853000 0.9334012 -0.0141980 1.3239718 -0.5359728 0.5454982 -0.4595913 0.4515979
27611.952000 0.9332409 -0.0134924 1.3239850 -0.5372281 0.5441823 -0.4586558 0.4526437
27612.052000 0.9331568 -0.0138199 1.3239852 -0.5362175 0.5451820 -0.4595189 0.4517630
27612.152000 0.9330827 -0.0139204 1.3239921 -0.5359767 0.5454216 -0.4597044 0.4515708
27612.252000 0.9331172 -0.0139231 1.3239886 -0.5359212 0.5454772 -0.4597504 0.4515226
27612.352000 0.9334615 -0.0137295 1.3239706 -0.5371951 0.5442909 -0.4585886 0.4526205
27612.452000 0.9331647 -0.0138698 1.3239906 -0.5361671 0.5451551 -0.4595528 0.4518207
27612.552000 0.9330255 -0.0139293 1.3240014 -0.5359200 0.5453831 -0.4597612 0.4516268
27612.652000 0.9331538 -0.0135020 1.3239936 -0.5371354 0.5442193 -0.4587480 0.4526160
27612.752000 0.9334590 -0.0141471 1.3239630 -0.5361652 0.5453423 -0.4594345 0.4517174
27612.852000 0.9331174 -0.0139564 1.3239881 -0.5359252 0.5454893 -0.4597367 0.4515173
27612.952000 0.9331389 -0.0139488 1.3239854 -0.5358631 0.5455473 -0.4597933 0.4514631
27613.052000 0.9332053 -0.0134888 1.3239860 -0.5371562 0.5442505 -0.4587206 0.4525815
27613.152000 0.9331178 -0.0139288 1.3239952 -0.5360972 0.5452269 -0.4595906 0.4517787
27613.252000 0.9332060 -0.0142155 1.3239897 -0.5358788 0.5455053 -0.4596798 0.4516110
27613.352000 0.9333738 -0.0137669 1.3239801 -0.5371908 0.5442440 -0.4585817 0.4526890
27613.452000 0.9332838 -0.0139186 1.3239813 -0.5362723 0.5451399 -0.4594175 0.4518518
27613.552000 0.9333722 -0.0142038 1.3239741 -0.5359780 0.5454890 -0.4595806 0.4516138
27613.652000 0.9334536 -0.0137418 1.3239732 -0.5372958 0.5441764 -0.4584866 0.4527419
27613.753000 0.9331330 -0.0139614 1.3239961 -0.5360898 0.5452428 -0.4595838 0.4517751
27613.852000 0.9332304 -0.0142067 1.3239886 -0.5359224 0.5454678 -0.4596401 0.4516449
27613.952000 0.9331780 -0.0135143 1.3239925 -0.5371839 0.5441925 -0.4586899 0.4526495
27614.052000 0.9332816 -0.0138591 1.3239746 -0.5361743 0.5452807 -0.4595350 0.4516787
27614.152000 0.9331889 -0.0139357 1.3239829 -0.5359767 0.5454691 -0.4596894 0.4515286
27614.252000 0.9332360 -0.0134753 1.3239853 -0.5372581 0.5441661 -0.4586320 0.4526518
27614.352000 0.9332648 -0.0140807 1.3239865 -0.5362748 0.5450928 -0.4593638 0.4519603
27614.452000 0.9329682 -0.0139437 1.3240064 -0.5359054 0.5453821 -0.4597685 0.4516378
27614.552000 0.9330909 -0.0134745 1.3239999 -0.5372156 0.5441202 -0.4586767 0.4527122
27614.652000 0.9331122 -0.0138604 1.3239900 -0.5361649 0.5452215 -0.4595392 0.4517571
27614.752000 0.9330322 -0.0139378 1.3239970 -0.5359589 0.5454243 -0.4596993 0.4515938
27614.852000 0.9331528 -0.0134661 1.3239935 -0.5372726 0.5441200 -0.4586136 0.4527087
27614.952000 0.9331683 -0.0139745 1.3239928 -0.5361174 0.5452318 -0.4595547 0.4517852
27615.052000 0.9330583 -0.0139406 1.3239997 -0.5359225 0.5454111 -0.4597468 0.4516047
27615.153000 0.9333518 -0.0137483 1.3239825 -0.5372004 0.5442357 -0.4585809 0.4526884
27615.252000 0.9332057 -0.0142346 1.3239889 -0.5360447 0.5453732 -0.4595246 0.4517314
27615.352000 0.9331967 -0.0142451 1.3239874 -0.5358597 0.5455790 -0.4596871 0.4515370
27615.452000 0.9330435 -0.0139646 1.3239964 -0.5358188 0.5455531 -0.4598299 0.4514715
27615.552000 0.9333957 -0.0137611 1.3239747 -0.5371361 0.5443578 -0.4586276 0.4525706
27615.652000 0.9333156 -0.0139726 1.3239740 -0.5361576 0.5453315 -0.4595085 0.4516641
27615.752000 0.9331855 -0.0140093 1.3239835 -0.5360016 0.5454715 -0.4596408 0.4515457
27615.852000 0.9332573 -0.0135406 1.3239849 -0.5373341 0.5441171 -0.4585386 0.4527151
27615.952000 0.9331712 -0.0140013 1.3239940 -0.5361055 0.5452401 -0.4595531 0.4517909
27616.052000 0.9330694 -0.0140136 1.3239996 -0.5359478 0.5453854 -0.4596959 0.4516573
27616.152000 0.9333306 -0.0137544 1.3239863 -0.5372811 0.5441245 -0.4585089 0.4527991
27616.254000 0.9332599 -0.0141704 1.3239893 -0.5361165 0.5452572 -0.4594824 0.4518292
27616.352000 0.9328301 -0.0141722 1.3240252 -0.5359355 0.5453504 -0.4596881 0.4517222
27616.452000 0.9328218 -0.0134758 1.3240273 -0.5372642 0.5440220 -0.4586722 0.4527770
27616.552000 0.9330101 -0.0141017 1.3240065 -0.5361847 0.5452176 -0.4594718 0.4518068
27616.652000 0.9327818 -0.0139278 1.3240214 -0.5360038 0.5453412 -0.4597077 0.4516323
27616.752000 0.9328904 -0.0134360 1.3240192 -0.5373442 0.5440053 -0.4586041 0.4527712
27616.852000 0.9330369 -0.0140755 1.3240069 -0.5362486 0.5451115 -0.4594264 0.4519052
27616.952000 0.9328048 -0.0139271 1.3240233 -0.5359708 0.5453295 -0.4597438 0.4516488
27617.052000 0.9328257 -0.0139089 1.3240216 -0.5359210 0.5453697 -0.4597918 0.4516105
27617.152000 0.9330811 -0.0136223 1.3240096 -0.5373802 0.5439785 -0.4584901 0.4528762
27617.252000 0.9329782 -0.0141086 1.3240135 -0.5361515 0.5451514 -0.4595123 0.4518849
27617.352000 0.9328586 -0.0141591 1.3240233 -0.5359322 0.5453533 -0.4596960 0.4517146
27617.452000 0.9329457 -0.0136951 1.3240203 -0.5372411 0.5440750 -0.4586072 0.4528067
27617.552000 0.9328893 -0.0141228 1.3240170 -0.5361256 0.5452030 -0.4595309 0.4518345
27617.652000 0.9328119 -0.0141823 1.3240225 -0.5358825 0.5454422 -0.4597317 0.4516297
27617.752000 0.9329554 -0.0137065 1.3240173 -0.5372047 0.5441385 -0.4586356 0.4527447
27617.852000 0.9329734 -0.0141122 1.3240164 -0.5361166 0.5451946 -0.4595469 0.4518389
27617.952000 0.9331074 -0.0139773 1.3239976 -0.5359329 0.5454118 -0.4597249 0.4516136
27618.052000 0.9333233 -0.0137477 1.3239869 -0.5372015 0.5442025 -0.4585848 0.4527230
27618.152000 0.9331803 -0.0140707 1.3239957 -0.5360349 0.5453249 -0.4596052 0.4517194
27618.252000 0.9328856 -0.0141880 1.3240185 -0.5358506 0.5454632 -0.4597669 0.4516066
27618.352000 0.9329227 -0.0141828 1.3240156 -0.5358017 0.5455076 -0.4598065 0.4515705
27618.452000 0.9330426 -0.0137038 1.3240109 -0.5371398 0.5442026 -0.4586914 0.4526882
27618.552000 0.9329850 -0.0141301 1.3240104 -0.5361081 0.5452215 -0.4595423 0.4518213
27618.652000 0.9328755 -0.0141826 1.3240181 -0.5359084 0.5454108 -0.4597048 0.4516644
27618.752000 0.9327863 -0.0139193 1.3240240 -0.5358814 0.5453892 -0.4598236 0.4516015
27618.852000 0.9328757 -0.0134282 1.3240231 -0.5372021 0.5440759 -0.4587343 0.4527231
27618.952000 0.9328861 -0.0140980 1.3240222 -0.5361385 0.5451150 -0.4595323 0.4519239
27619.052000 0.9326517 -0.0139034 1.3240388 -0.5359697 0.5452285 -0.4597614 0.4517541
27619.152000 0.9328134 -0.0141328 1.3240273 -0.5359122 0.5453261 -0.4597181 0.4517486
27619.252000 0.9329758 -0.0136021 1.3240198 -0.5374377 0.5438551 -0.4584426 0.4530041
27619.352000 0.9330270 -0.0141352 1.3240063 -0.5361363 0.5452094 -0.4595104 0.4518349
27619.452000 0.9327890 -0.0139281 1.3240244 -0.5359446 0.5453453 -0.4597662 0.4516380
27619.553000 0.9328750 -0.0134372 1.3240231 -0.5372646 0.5440353 -0.4586785 0.4527543
27619.652000 0.9328301 -0.0139366 1.3240235 -0.5361158 0.5451665 -0.4596123 0.4518073
27619.752000 0.9329888 -0.0139746 1.3240057 -0.5359160 0.5454143 -0.4597386 0.4516167
27619.852000 0.9330354 -0.0139562 1.3240020 -0.5358835 0.5454469 -0.4597668 0.4515873
27619.952000 0.9332547 -0.0137144 1.3239919 -0.5372324 0.5441564 -0.4585523 0.4527746
27620.052000 0.9331361 -0.0139444 1.3239954 -0.5361642 0.5451808 -0.4595207 0.4518258
27620.152000 0.9330158 -0.0139503 1.3240044 -0.5359801 0.5453523 -0.4596849 0.4516703
27620.253000 0.9331361 -0.0134591 1.3240008 -0.5373242 0.5440271 -0.4585719 0.4528013
27620.352000 0.9331703 -0.0141720 1.3239957 -0.5360905 0.5452592 -0.4595123 0.4518273
27620.452000 0.9329999 -0.0139789 1.3240074 -0.5358917 0.5454225 -0.4597659 0.4516080
27620.552000 0.9331171 -0.0134668 1.3240033 -0.5372806 0.5440611 -0.4586126 0.4527710
27620.652000 0.9331014 -0.0140031 1.3240026 -0.5361603 0.5451870 -0.4595011 0.4518430
27620.752000 0.9329915 -0.0139556 1.3240076 -0.5359718 0.5453599 -0.4596887 0.4516670
27620.852000 0.9331362 -0.0141800 1.3239971 -0.5359471 0.5454196 -0.4596147 0.4516997
27620.952000 0.9331439 -0.0134239 1.3240020 -0.5373620 0.5439798 -0.4585355 0.4528502
27621.052000 0.9331136 -0.0139438 1.3240000 -0.5360959 0.5452132 -0.4595960 0.4517912
27621.152000 0.9329985 -0.0139518 1.3240087 -0.5359323 0.5453663 -0.4597389 0.4516551
27621.252000 0.9331425 -0.0134542 1.3240011 -0.5373082 0.5440402 -0.4585904 0.4527858
27621.352000 0.9331290 -0.0139734 1.3239959 -0.5361498 0.5452313 -0.4595224 0.4517802
27621.452000 0.9330458 -0.0139432 1.3240004 -0.5360105 0.5453664 -0.4596548 0.4516478
27621.552000 0.9330744 -0.0139056 1.3239983 -0.5360114 0.5453580 -0.4596569 0.4516547
27621.652000 0.9331907 -0.0133421 1.3239955 -0.5375606 0.5438256 -0.4583706 0.4529666
27621.752000 0.9331001 -0.0139209 1.3239973 -0.5361262 0.5452103 -0.4595679 0.4517873
27621.852000 0.9329875 -0.0139524 1.3240065 -0.5359446 0.5453821 -0.4597187 0.4516419
27621.952000 0.9331318 -0.0134707 1.3240006 -0.5372643 0.5440930 -0.4586218 0.4527426
27622.052000 0.9332007 -0.0139820 1.3239928 -0.5361207 0.5452562 -0.4595484 0.4517583
27622.152000 0.9331273 -0.0139708 1.3239962 -0.5359376 0.5454405 -0.4597157 0.4515828
27622.252000 0.9331782 -0.0134710 1.3239973 -0.5372915 0.5440838 -0.4585948 0.4527487
27622.352000 0.9330945 -0.0142104 1.3240000 -0.5360133 0.5453272 -0.4595650 0.4517831
27622.453000 0.9329543 -0.0139633 1.3240093 -0.5359590 0.5453569 -0.4596987 0.4516757
27622.552000 0.9329997 -0.0139132 1.3240055 -0.5359834 0.5453340 -0.4596825 0.4516909
27622.652000 0.9331140 -0.0133457 1.3240036 -0.5375378 0.5437922 -0.4583969 0.4530070
27622.752000 0.9331415 -0.0141960 1.3239981 -0.5360297 0.5452869 -0.4595660 0.4518113
27622.853000 0.9328466 -0.0141713 1.3240243 -0.5358962 0.5453669 -0.4597336 0.4517026
27622.952000 0.9329897 -0.0136683 1.3240171 -0.5372973 0.5440086 -0.4585623 0.4528652
27623.052000 0.9329214 -0.0138360 1.3240148 -0.5363049 0.5449941 -0.4594646 0.4519411
27623.152000 0.9329876 -0.0139534 1.3240063 -0.5359659 0.5453640 -0.4596932 0.4516645
27623.252000 0.9330895 -0.0141786 1.3239990 -0.5359542 0.5453958 -0.4596072 0.4517274
27623.352000 0.9331642 -0.0134037 1.3239984 -0.5374081 0.5439454 -0.4584956 0.4528772
27623.452000 0.9332411 -0.0141518 1.3239908 -0.5361552 0.5452012 -0.4594580 0.4518756
27623.552000 0.9330652 -0.0139431 1.3240032 -0.5359996 0.5453260 -0.4596751 0.4516887
27623.652000 0.9331092 -0.0138891 1.3239995 -0.5360270 0.5452996 -0.4596567 0.4517068
27623.752000 0.9332927 -0.0136337 1.3239894 -0.5374299 0.5439697 -0.4583874 0.4529316
27623.852000 0.9332636 -0.0142026 1.3239827 -0.5361343 0.5453073 -0.4594411 0.4517896
27623.952000 0.9329503 -0.0139019 1.3240091 -0.5360518 0.5453281 -0.4596626 0.4516371
27624.052000 0.9331221 -0.0136617 1.3240023 -0.5373493 0.5440594 -0.4584975 0.4528080
27624.152000 0.9330643 -0.0139050 1.3240046 -0.5361554 0.5451936 -0.4595826 0.4517579
27624.252000 0.9331068 -0.0139424 1.3239983 -0.5360074 0.5453658 -0.4596568 0.4516502
27624.352000 0.9332025 -0.0134384 1.3239951 -0.5373765 0.5440246 -0.4585197 0.4527951
27624.452000 0.9331276 -0.0139961 1.3239961 -0.5360987 0.5452983 -0.4595588 0.4517229
27624.552000 0.9330521 -0.0139598 1.3239999 -0.5359755 0.5454217 -0.4596761 0.4516008
27624.652000 0.9331365 -0.0134519 1.3239983 -0.5373447 0.5440589 -0.4585406 0.4527705
27624.752000 0.9330565 -0.0139871 1.3240019 -0.5361220 0.5452358 -0.4595379 0.4517920
27624.852000 0.9329798 -0.0139512 1.3240059 -0.5359933 0.5453634 -0.4596601 0.4516664
27624.952000 0.9331651 -0.0137096 1.3239968 -0.5373192 0.5440865 -0.4584656 0.4528436
27625.052000 0.9331947 -0.0141896 1.3239925 -0.5360992 0.5453168 -0.4594843 0.4517758
27625.152000 0.9330335 -0.0141709 1.3240040 -0.5359908 0.5454054 -0.4596207 0.4516587
27625.253000 0.9331151 -0.0136492 1.3240041 -0.5373881 0.5440040 -0.4584654 0.4528611
27625.352000 0.9329907 -0.0141403 1.3240130 -0.5361085 0.5452003 -0.4595454 0.4518432
27625.453000 0.9329732 -0.0139518 1.3240106 -0.5359653 0.5453518 -0.4596977 0.4516753
27625.552000 0.9330048 -0.0138939 1.3240080 -0.5359796 0.5453328 -0.4596911 0.4516881
27625.652000 0.9331494 -0.0133154 1.3240020 -0.5375549 0.5437951 -0.4583818 0.4529986
27625.752000 0.9331829 -0.0142109 1.3239933 -0.5360428 0.5453187 -0.4595400 0.4517839
27625.852000 0.9330335 -0.0139537 1.3240051 -0.5359568 0.5453825 -0.4597039 0.4516420
27625.952000 0.9331608 -0.0136834 1.3240007 -0.5373245 0.5440413 -0.4584783 0.4528787
27626.052000 0.9330589 -0.0139393 1.3240041 -0.5361681 0.5451530 -0.4595223 0.4518530
27626.153000 0.9329020 -0.0141632 1.3240181 -0.5359210 0.5453778 -0.4597011 0.4516930
27626.252000 0.9330354 -0.0136603 1.3240124 -0.5373051 0.5440206 -0.4585443 0.4528598
27626.352000 0.9329984 -0.0138628 1.3240104 -0.5362474 0.5450489 -0.4595085 0.4518985
27626.452000 0.9329602 -0.0139407 1.3240110 -0.5359787 0.5453225 -0.4596824 0.4517104
27626.552000 0.9331246 -0.0134349 1.3240010 -0.5373455 0.5440235 -0.4585426 0.4528101
27626.652000 0.9332161 -0.0139662 1.3239848 -0.5361390 0.5453227 -0.4595239 0.4516812
27626.752000 0.9331476 -0.0142186 1.3239898 -0.5359574 0.5455073 -0.4595875 0.4516091
27626.852000 0.9331946 -0.0134697 1.3239931 -0.5372983 0.5441289 -0.4585701 0.4527116
27626.953000 0.9330622 -0.0142105 1.3240048 -0.5360549 0.5452261 -0.4595291 0.4518923
27627.052000 0.9329555 -0.0142351 1.3240141 -0.5358666 0.5454016 -0.4596852 0.4517450
27627.152000 0.9330440 -0.0134613 1.3240122 -0.5372811 0.5439993 -0.4586004 0.4528571
27627.252000 0.9329813 -0.0139141 1.3240124 -0.5361122 0.5451371 -0.4595815 0.4518784
27627.352000 0.9328961 -0.0139424 1.3240198 -0.5359624 0.5452835 -0.4596980 0.4517610
27627.452000 0.9330526 -0.0134366 1.3240110 -0.5373165 0.5439877 -0.4585732 0.4528565
27627.552000 0.9331557 -0.0141925 1.3239950 -0.5360879 0.5453013 -0.4595033 0.4517886
27627.652000 0.9330691 -0.0139701 1.3240009 -0.5359387 0.5454456 -0.4597124 0.4515787
27627.752000 0.9331743 -0.0134478 1.3239979 -0.5373020 0.5440896 -0.4585844 0.4527399
27627.852000 0.9331172 -0.0139798 1.3240004 -0.5361268 0.5452075 -0.4595453 0.4518129
27627.953000 0.9330359 -0.0142032 1.3240053 -0.5359488 0.5453832 -0.4596166 0.4517395
27628.052000 0.9331263 -0.0134580 1.3240025 -0.5373073 0.5440456 -0.4585768 0.4527941
27628.152000 0.9330243 -0.0139766 1.3240074 -0.5361175 0.5452131 -0.4595599 0.4518023
27628.252000 0.9329424 -0.0139401 1.3240121 -0.5359843 0.5453430 -0.4596847 0.4516767
27628.352000 0.9330753 -0.0134313 1.3240069 -0.5373406 0.5440094 -0.4585576 0.4528176
27628.452000 0.9330816 -0.0139539 1.3240028 -0.5360857 0.5452434 -0.4595963 0.4517666
27628.552000 0.9329947 -0.0139603 1.3240094 -0.5359357 0.5453884 -0.4597217 0.4516419
27628.652000 0.9330987 -0.0137224 1.3240051 -0.5372141 0.5441475 -0.4585687 0.4527906
27628.752000 0.9331113 -0.0137474 1.3239915 -0.5361973 0.5452067 -0.4595593 0.4517160
27628.852000 0.9330134 -0.0139502 1.3240027 -0.5359801 0.5454172 -0.4596773 0.4515997
27628.952000 0.9330565 -0.0139109 1.3239993 -0.5359863 0.5454110 -0.4596696 0.4516075
27629.052000 0.9331659 -0.0134497 1.3239962 -0.5372015 0.5442072 -0.4586627 0.4526384
27629.152000 0.9331805 -0.0137472 1.3239897 -0.5361342 0.5452329 -0.4596262 0.4516912
27629.252000 0.9330481 -0.0139468 1.3240044 -0.5359696 0.5453839 -0.4596963 0.4516329
27629.352000 0.9330907 -0.0139086 1.3240010 -0.5359755 0.5453778 -0.4596890 0.4516407
27629.452000 0.9337548 -0.0138542 1.3239271 -0.5363656 0.5456544 -0.4592404 0.4512998
27629.552000 0.9394594 -0.0137326 1.3232418 -0.5398270 0.5481990 -0.4552199 0.4481512
27629.652000 0.9516008 -0.0134576 1.3215272 -0.5471678 0.5535567 -0.4465707 0.4413127
27629.752000 0.9668571 -0.0129904 1.3188740 -0.5563180 0.5601352 -0.4355530 0.4324956
27629.853000 0.9801024 -0.0127126 1.3161111 -0.5641646 0.5657511 -0.4257808 0.4246819
27629.952000 0.9874106 -0.0123544 1.3144031 -0.5684845 0.5687630 -0.4203686 0.4202669
27630.052000 0.9894718 -0.0751118 1.3141413 0.5761349 -0.5621542 0.4143077 -0.4247356
27630.152000 0.9896174 -0.0781114 1.3141245 0.5765845 -0.5617594 0.4140404 -0.4249085
27630.252000 0.9896790 -0.0780424 1.3141157 0.5766076 -0.5617592 0.4140232 -0.4248941
27630.352000 0.9922892 -0.1411691 1.3141466 0.5836305 -0.5543576 0.4086472 -0.4301983
27630.452000 0.9924680 -0.1437445 1.3141370 0.5839457 -0.5540565 0.4083982 -0.4303949
27630.552000 0.9965782 -0.2015778 1.3141254 0.5902551 -0.5473910 0.4034372 -0.4349718
27630.652000 0.9971889 -0.2093503 1.3141156 0.5911352 -0.5464734 0.4027339 -0.4355816
27630.752000 1.0030995 -0.2722335 1.3141438 0.5979312 -0.5389253 0.3972539 -0.4407121
27630.852000 1.0034176 -0.2747933 1.3141335 0.5982416 -0.5386161 0.3969968 -0.4409005
27630.952000 1.0111326 -0.3371052 1.3141273 0.6048892 -0.5311745 0.3913842 -0.4458487
27631.052000 1.0115815 -0.3400353 1.3141144 0.6053002 -0.5307461 0.3911226 -0.4460307
27631.152000 1.0207913 -0.4025375 1.3141438 0.6118087 -0.5231031 0.3856191 -0.4509447
27631.252000 1.0212613 -0.4053306 1.3141370 0.6120708 -0.5228257 0.3853022 -0.4511815
27631.352000 1.0319941 -0.4660478 1.3141393 0.6184539 -0.5152373 0.3798296 -0.4558232
27631.452000 1.0327581 -0.4700705 1.3141323 0.6188453 -0.5147966 0.3793989 -0.4561485
27631.552000 1.0327933 -0.4697690 1.3141205 0.6189055 -0.5147571 0.3794307 -0.4560849
27631.652000 1.0452002 -0.5317507 1.3141532 0.6252740 -0.5069004 0.3736966 -0.4609070
27631.752000 1.0458193 -0.5345253 1.3141470 0.6255234 -0.5066168 0.3733773 -0.4611391
27631.852000 1.0597263 -0.5946741 1.3141441 0.6317399 -0.4988830 0.3677488 -0.4655977
27631.952000 1.0606494 -0.5983316 1.3141336 0.6321491 -0.4984034 0.3673750 -0.4658511
27632.052000 1.0764728 -0.6594681 1.3141414 0.6383723 -0.4903419 0.3614599 -0.4705234
27632.152000 1.0771944 -0.6619546 1.3141312 0.6386542 -0.4900141 0.3611920 -0.4706881
27632.252000 1.0944646 -0.7227221 1.3141592 0.6446865 -0.4819390 0.3553209 -0.4752485
27632.352000 1.0953049 -0.7254383 1.3141523 0.6449249 -0.4816512 0.3549938 -0.4754613
27632.452000 1.1141476 -0.7847961 1.3141332 0.6509101 -0.4736150 0.3490996 -0.4797232
27632.552000 1.1151949 -0.7878606 1.3141235 0.6512424 -0.4731935 0.3487722 -0.4799263
27632.652000 1.1355452 -0.8476295 1.3141659 0.6570428 -0.4649242 0.3427989 -0.4843853
27632.752000 1.1364804 -0.8500798 1.3141548 0.6573118 -0.4645866 0.3425243 -0.4845385
27632.852000 1.1586530 -0.9092012 1.3141416 0.6631575 -0.4562887 0.3363566 -0.4887606
27632.952000 1.1597086 -0.9118483 1.3141341 0.6633843 -0.4559975 0.3360221 -0.4889547
27633.053000 1.1830381 -0.9698426 1.3141585 0.6689727 -0.4476371 0.3298986 -0.4932175
27633.152000 1.1842563 -0.9725868 1.3141449 0.6693230 -0.4471650 0.3296229 -0.4933548
27633.252000 1.2095393 -1.0307234 1.3141477 0.6748230 -0.4387977 0.3234046 -0.4974736
27633.352000 1.2105740 -1.0328500 1.3141344 0.6751058 -0.4384146 0.3231895 -0.4975675
27633.452000 1.2368236 -1.0894836 1.3141565 -0.6804888 0.4299533 -0.3169512 0.5016144
27633.552000 1.2384003 -1.0927006 1.3141491 -0.6807593 0.4295591 -0.3165429 0.5018430
27633.652000 1.2665555 -1.1489311 1.3141372 -0.6861304 0.4209461 -0.3102876 0.5057183
27633.752000 1.2678005 -1.1512389 1.3141268 -0.6863735 0.4205970 -0.3100132 0.5058472
27633.852000 1.2970886 -1.2067734 1.3141653 -0.6914455 0.4120634 -0.3036982 0.5097787
27633.952000 1.2985848 -1.2093662 1.3141522 -0.6917588 0.4115881 -0.3034226 0.5099016
27634.052000 1.3290896 -1.2632047 1.3141501 -0.6968018 0.4029868 -0.2970883 0.5136218
27634.152000 1.3310569 -1.2665149 1.3141405 -0.6971257 0.4024688 -0.2966883 0.5138197
27634.252000 1.3634699 -1.3206937 1.3141644 -0.7020833 0.3936334 -0.2902477 0.5175790
27634.352000 1.3648881 -1.3228895 1.3141544 -0.7023042 0.3932856 -0.2899734 0.5176974
27634.452000 1.3984754 -1.3756460 1.3141536 -0.7071426 0.3845550 -0.2835000 0.5212432
27634.552000 1.4002868 -1.3783330 1.3141439 -0.7074049 0.3841159 -0.2831605 0.5213957
27634.652000 1.4352076 -1.4301783 1.3141556 -0.7120991 0.3752494 -0.2766708 0.5249343
27634.752000 1.4370898 -1.4328174 1.3141452 -0.7123594 0.3748077 -0.2763259 0.5250784
27634.852000 1.4371486 -1.4327622 1.3141366 -0.7123675 0.3748271 -0.2763257 0.5250536
27634.952000 1.4737028 -1.4842216 1.3141537 -0.7170108 0.3658015 -0.2696864 0.5285395
27635.052000 1.4753032 -1.4863255 1.3141440 -0.7172195 0.3654377 -0.2694036 0.5286523
27635.156000 1.5130887 -1.5364635 1.3141475 -0.7216539 0.3565648 -0.2627717 0.5320039
27635.252000 1.5151100 -1.5390141 1.3141374 -0.7219039 0.3561144 -0.2624159 0.5321421
27635.352000 1.5150256 -1.5387398 1.3141253 -0.7219450 0.3560794 -0.2624805 0.5320778
27635.452000 1.5539147 -1.5880003 1.3141572 -0.7262543 0.3471046 -0.2558179 0.5353787
27635.552000 1.5559898 -1.5905064 1.3141496 -0.7264934 0.3466446 -0.2554627 0.5355218
27635.652000 1.5963598 -1.6386376 1.3141593 -0.7308407 0.3373141 -0.2487011 0.5387382
27635.752000 1.5981120 -1.6406001 1.3141487 -0.7310422 0.3369344 -0.2484093 0.5388370
27635.852000 1.6396489 -1.6877040 1.3141754 -0.7350355 0.3279268 -0.2417416 0.5419852
27635.952000 1.6417075 -1.6898820 1.3141618 -0.7352977 0.3274096 -0.2414465 0.5420736
27636.053000 1.6845815 -1.7356960 1.3141384 -0.7393912 0.3182675 -0.2345086 0.5449883
27636.152000 1.6866943 -1.7378229 1.3141254 -0.7396438 0.3177463 -0.2342130 0.5450767
27636.252000 1.7309073 -1.7829196 1.3141428 -0.7435108 0.3084756 -0.2274130 0.5480125
27636.352000 1.7329575 -1.7849276 1.3141364 -0.7436672 0.3081427 -0.2270473 0.5481393
27636.453000 1.7778860 -1.8283357 1.3141447 -0.7474399 0.2987994 -0.2201621 0.5509820
27636.552000 1.7801213 -1.8303612 1.3141310 -0.7476856 0.2982627 -0.2198615 0.5510594
27636.653000 1.8266058 -1.8730507 1.3141404 -0.7513925 0.2887875 -0.2128650 0.5538046
27636.752000 1.8285835 -1.8747608 1.3141303 -0.7515675 0.2883970 -0.2125644 0.5538862
27636.853000 1.8287939 -1.8748856 1.3141251 -0.7515586 0.2884512 -0.2124850 0.5539004
27636.953000 1.8759464 -1.9159621 1.3141474 -0.7549639 0.2791868 -0.2057428 0.5565557
27637.052000 1.8782829 -1.9178681 1.3141339 -0.7551956 0.2786417 -0.2054402 0.5566261
27637.152000 1.9269565 -1.9580309 1.3141389 -0.7586617 0.2690693 -0.1983779 0.5591782
27637.253000 1.9290207 -1.9596354 1.3141290 -0.7588266 0.2686730 -0.1980745 0.5592527
27637.352000 1.9786750 -1.9986559 1.3141586 -0.7620990 0.2590864 -0.1910013 0.5617810
27637.452000 1.9807744 -2.0002138 1.3141507 -0.7622540 0.2586839 -0.1906982 0.5618592
27637.552000 2.0315954 -2.0376497 1.3141343 -0.7654655 0.2490897 -0.1836417 0.5641743
27637.652000 2.0339341 -2.0393110 1.3141279 -0.7655981 0.2487380 -0.1832628 0.5642728
27637.752000 2.0848067 -2.0751946 1.3141684 -0.7685571 0.2391488 -0.1763398 0.5665970
27637.852000 2.0875161 -2.0770086 1.3141596 -0.7687371 0.2386383 -0.1759627 0.5666853
27637.952000 2.1402346 -2.1117608 1.3141462 -0.7716706 0.2290398 -0.1688599 0.5688159
27638.052000 2.1424801 -2.1131582 1.3141362 -0.7718165 0.2286284 -0.1685479 0.5688760
27638.152000 2.1959988 -2.1465878 1.3141334 -0.7746698 0.2188504 -0.1613330 0.5709316
27638.252000 2.1982573 -2.1479121 1.3141229 -0.7748118 0.2184419 -0.1610238 0.5709826
27638.352000 2.2526065 -2.1800693 1.3141467 -0.7774242 0.2087443 -0.1539162 0.5730160
27638.452000 2.2551132 -2.1814856 1.3141400 -0.7775380 0.2083904 -0.1535320 0.5730934
27638.552000 2.3097792 -2.2118578 1.3141594 -0.7800182 0.1986341 -0.1463529 0.5750625
27638.652000 2.3124104 -2.2132071 1.3141447 -0.7801932 0.1980775 -0.1460498 0.5750942
27638.756000 2.3680880 -2.2422164 1.3141538 -0.7825423 0.1885312 -0.1389313 0.5768723
27638.852000 2.3710079 -2.2436606 1.3141434 -0.7826907 0.1880264 -0.1385457 0.5769284
27638.953000 2.4274471 -2.2712646 1.3141573 -0.7850095 0.1779934 -0.1312210 0.5786704
27639.052000 2.4300544 -2.2725012 1.3141528 -0.7851055 0.1776279 -0.1308395 0.5787389
27639.152000 2.4875341 -2.2986116 1.3141499 -0.7872488 0.1678035 -0.1236099 0.5803464
27639.252000 2.4897373 -2.2995258 1.3141365 -0.7873788 0.1673308 -0.1233724 0.5803570
27639.352000 2.5472566 -2.3239949 1.3141443 -0.7893989 0.1575313 -0.1161401 0.5818459
27639.452000 2.5502606 -2.3252002 1.3141340 -0.7895237 0.1570187 -0.1157578 0.5818914
27639.552000 2.6090303 -2.3482343 1.3141252 -0.7914501 0.1470503 -0.1084090 0.5832927
27639.652000 2.6114790 -2.3491351 1.3141150 -0.7915516 0.1466351 -0.1080991 0.5833171
27639.752000 2.6701479 -2.3706728 1.3141471 -0.7932424 0.1368301 -0.1009055 0.5846898
27639.852000 2.6732376 -2.3717266 1.3141360 -0.7933567 0.1363104 -0.1005197 0.5847225
27639.952000 2.6732342 -2.3716695 1.3141274 -0.7933733 0.1363109 -0.1005161 0.5847005
27640.052000 2.7328010 -2.3915762 1.3141313 -0.7949864 0.1265266 -0.0931877 0.5859213
27640.152000 2.7358947 -2.3925504 1.3141210 -0.7950937 0.1260136 -0.0928020 0.5859475
27640.252000 2.7959750 -2.4110222 1.3141446 -0.7965784 0.1158825 -0.0854289 0.5871423
27640.352000 2.7984961 -2.4117302 1.3141339 -0.7966655 0.1154589 -0.0851208 0.5871523
27640.452000 2.8593423 -2.4287017 1.3141556 -0.7979999 0.1054999 -0.0777931 0.5882297
27640.552000 2.8621002 -2.4294392 1.3141508 -0.7980611 0.1051389 -0.0774097 0.5882618
27640.652000 2.9231244 -2.4446175 1.3141557 -0.7992892 0.0950466 -0.0700940 0.5892282
27640.752000 2.9259151 -2.4452814 1.3141495 -0.7993524 0.0946791 -0.0697105 0.5892471
27640.852000 2.9259118 -2.4452277 1.3141408 -0.7993682 0.0946857 -0.0697068 0.5892249
27640.952000 2.9873313 -2.4587077 1.3141286 -0.8005234 0.0845813 -0.0623970 0.5900126
27641.053000 2.9901418 -2.4592929 1.3141220 -0.8005795 0.0842143 -0.0620130 0.5900295
27641.152000 3.0515226 -2.4713500 1.3141492 -0.8015077 0.0742641 -0.0546631 0.5908318
27641.252000 3.0544592 -2.4718410 1.3141357 -0.8015886 0.0736912 -0.0543570 0.5908219
27641.352000 3.1162323 -2.4821391 1.3141361 -0.8024419 0.0637856 -0.0469415 0.5914515
27641.452000 3.1193152 -2.4825775 1.3141230 -0.8025167 0.0631911 -0.0466175 0.5914394
27641.552000 3.1821044 -2.4915577 1.3141520 -0.8031954 0.0531649 -0.0391237 0.5920473
27641.653000 3.1846617 -2.4918762 1.3141447 -0.8032404 0.0527502 -0.0388159 0.5920436
27641.752000 3.2467516 -2.4989652 1.3141585 -0.8037852 0.0427035 -0.0313948 0.5925539
27641.852000 3.2497352 -2.4992143 1.3141434 -0.8038478 0.0421180 -0.0310865 0.5925271
27641.952000 3.3120173 -2.5046799 1.3141495 -0.8043061 0.0320985 -0.0236995 0.5928741
27642.053000 3.3154712 -2.5049504 1.3141445 -0.8043388 0.0316302 -0.0232404 0.5928731
27642.152000 3.3791575 -2.5088523 1.3141560 -0.8046369 0.0214320 -0.0157042 0.5931724
27642.252000 3.3811256 -2.5089052 1.3141451 -0.8046705 0.0211050 -0.0154684 0.5931447
27642.352000 3.4440412 -2.5110020 1.3141311 -0.8049206 0.0109602 -0.0081050 0.5932259
27642.452000 3.4468432 -2.5110529 1.3141232 -0.8049497 0.0105924 -0.0077256 0.5931982
27642.552000 3.5091247 -2.5116219 1.3141400 -0.8049603 0.0005026 -0.0004053 0.5933283
27642.652000 3.5123211 -2.5115837 1.3141297 -0.8049842 -0.0000272 -0.0000276 0.5932963
27642.752000 3.5122755 -2.5115235 1.3141211 -0.8050004 -0.0000292 -0.0000280 0.5932742
27642.852000 3.5754960 -2.5105150 1.3141357 -0.8049232 -0.0101010 0.0074136 0.5932467
27642.952000 3.5780803 -2.5104034 1.3141257 -0.8049409 -0.0105275 0.0077221 0.5932114
27643.052000 3.5780325 -2.5103428 1.3141170 -0.8049571 -0.0105303 0.0077220 0.5931893
27643.152000 3.6411951 -2.5077390 1.3141413 -0.8047204 -0.0206177 0.0151685 0.5931019
27643.252000 3.6437748 -2.5075665 1.3141329 -0.8047271 -0.0210458 0.0154774 0.5930698
27643.353000 3.7067873 -2.5030877 1.3141376 -0.8043483 -0.0311179 0.0228764 0.5929015
27643.452000 3.7096098 -2.5028389 1.3141302 -0.8043560 -0.0314925 0.0232624 0.5928562
27643.552000 3.7722338 -2.4969140 1.3141484 -0.8038662 -0.0416260 0.0306232 0.5925611
27643.652000 3.7750664 -2.4965986 1.3141429 -0.8038627 -0.0420076 0.0310114 0.5925187
27643.752000 3.7747689 -2.4965408 1.3141310 -0.8038806 -0.0420713 0.0309403 0.5924936
27643.852000 3.8368727 -2.4889893 1.3141451 -0.8032619 -0.0521474 0.0384089 0.5920944
27643.952000 3.8400493 -2.4885240 1.3141348 -0.8032497 -0.0526811 0.0387943 0.5920386
27644.052000 3.8399920 -2.4884627 1.3141261 -0.8032653 -0.0526929 0.0387991 0.5920159
27644.152000 3.9025452 -2.4791823 1.3141373 -0.8025312 -0.0627147 0.0462038 0.5915030
27644.252000 3.9050895 -2.4787288 1.3141276 -0.8025181 -0.0631509 0.0465159 0.5914499
27644.352000 3.9672894 -2.4679289 1.3141615 -0.8015729 -0.0733145 0.0540181 0.5909212
27644.453000 3.9698224 -2.4674162 1.3141529 -0.8015532 -0.0737507 0.0543307 0.5908650
27644.552000 4.0317591 -2.4547959 1.3141493 -0.8005896 -0.0836812 0.0616361 0.5901311
27644.652000 4.0342775 -2.4542153 1.3141408 -0.8005638 -0.0841183 0.0619476 0.5900713
27644.752000 4.0957943 -2.4398912 1.3141314 -0.7994306 -0.0942578 0.0694310 0.5892414
27644.852000 4.0982708 -2.4392406 1.3141214 -0.7994032 -0.0946901 0.0697374 0.5891732
27644.952000 4.1594920 -2.4235398 1.3141399 -0.7981475 -0.1045919 0.0770366 0.5882911
27645.052000 4.1622269 -2.4227696 1.3141332 -0.7981147 -0.1049694 0.0774232 0.5882176
27645.152000 4.1619281 -2.4227508 1.3141213 -0.7981270 -0.1050387 0.0773532 0.5881978
27645.252000 4.2220627 -2.4055688 1.3141330 -0.7967195 -0.1150463 0.0847677 0.5872110
27645.352000 4.2251345 -2.4046076 1.3141232 -0.7966650 -0.1155776 0.0851477 0.5871257
27645.452000 4.2848174 -2.3858265 1.3141375 -0.7951325 -0.1253425 0.0923420 0.5861113
27645.552000 4.2881095 -2.3847265 1.3141309 -0.7950759 -0.1258158 0.0927982 0.5860146
27645.652000 4.2880637 -2.3846628 1.3141224 -0.7950906 -0.1258256 0.0928048 0.5859916
27645.752000 4.3476306 -2.3643884 1.3141516 -0.7933943 -0.1359075 0.1001485 0.5848290
27645.852000 4.3502858 -2.3634155 1.3141451 -0.7933500 -0.1362863 0.1005222 0.5847368
27645.952000 4.4063759 -2.3424044 1.3141481 -0.7916412 -0.1457053 0.1074980 0.5835395
27646.052000 4.4118595 -2.3402654 1.3141369 -0.7914958 -0.1466536 0.1081786 0.5833734
27646.152000 4.4115563 -2.3402747 1.3141249 -0.7915049 -0.1467217 0.1081007 0.5833584
27646.252000 4.4701017 -2.3166239 1.3141188 -0.7896327 -0.1566525 0.1154092 0.5819114
27646.352000 4.4727525 -2.3154871 1.3141122 -0.7895774 -0.1570253 0.1157903 0.5818103
27646.452000 4.5299301 -2.2907283 1.3141322 -0.7875046 -0.1668917 0.1229726 0.5803976
27646.552000 4.5328136 -2.2893834 1.3141222 -0.7874168 -0.1674107 0.1233348 0.5802904
27646.652000 4.5900720 -2.2626899 1.3141289 -0.7852370 -0.1771917 0.1305438 0.5787610
27646.752000 4.5926363 -2.2614240 1.3141221 -0.7851742 -0.1775559 0.1309168 0.5786503
27646.852000 4.6486668 -2.2336835 1.3141563 -0.7828194 -0.1873305 0.1381767 0.5770687
27646.952000 4.6515139 -2.2321549 1.3141443 -0.7827227 -0.1878472 0.1385400 0.5769447
27647.052000 4.7066496 -2.2027689 1.3141324 -0.7803532 -0.1976268 0.1457454 0.5751093
27647.152000 4.7092579 -2.2012635 1.3141192 -0.7802351 -0.1982023 0.1460333 0.5749985
27647.252000 4.7642523 -2.1703332 1.3141457 -0.7776465 -0.2079589 0.1532143 0.5731880
27647.352000 4.7665086 -2.1689696 1.3141373 -0.7775542 -0.2083757 0.1535069 0.5730834
27647.452000 4.8206601 -2.1364493 1.3141431 -0.7748687 -0.2180795 0.1606808 0.5711405
27647.552000 4.8228581 -2.1350395 1.3141345 -0.7747732 -0.2184908 0.1609682 0.5710319
27647.653000 4.8761036 -2.1011113 1.3141393 -0.7719578 -0.2281559 0.1681164 0.5690016
27647.752000 4.8782818 -2.0996220 1.3141290 -0.7718600 -0.2285719 0.1684037 0.5688824
27647.852000 4.9302661 -2.0645043 1.3141192 -0.7690073 -0.2381103 0.1755314 0.5666745
27647.952000 4.9329414 -2.0626008 1.3141098 -0.7688718 -0.2386184 0.1758945 0.5665321
27648.053000 4.9841593 -2.0261551 1.3141283 -0.7657496 -0.2482766 0.1829341 0.5643769
27648.152000 4.9862487 -2.0245611 1.3141181 -0.7656386 -0.2486944 0.1832174 0.5642518
27648.252000 5.0361883 -1.9869846 1.3141246 -0.7624409 -0.2582948 0.1903486 0.5619032
27648.352000 5.0389359 -1.9848361 1.3141180 -0.7623063 -0.2587467 0.1907772 0.5617325
27648.452000 5.0881882 -1.9457993 1.3141469 -0.7589136 -0.2682804 0.1977332 0.5594438
27648.552000 5.0902113 -1.9440831 1.3141364 -0.7587892 -0.2687043 0.1980181 0.5593083
27648.652000 5.1386385 -1.9036031 1.3141597 -0.7552692 -0.2782751 0.2051349 0.5568223
27648.752000 5.1405897 -1.9018706 1.3141507 -0.7551395 -0.2786881 0.2054181 0.5566872
27648.852000 5.1876110 -1.8602346 1.3141387 -0.7517440 -0.2879033 0.2122522 0.5540232
27648.952000 5.1897902 -1.8581848 1.3141267 -0.7515568 -0.2884606 0.2125320 0.5538799
27649.052000 5.1897154 -1.8581460 1.3141177 -0.7515685 -0.2884776 0.2125255 0.5538577
27649.152000 5.2355508 -1.8156434 1.3141527 -0.7477993 -0.2978261 0.2195101 0.5512814
27649.253000 5.2378763 -1.8133919 1.3141453 -0.7476195 -0.2983272 0.2198605 0.5511146
27649.352000 5.2829103 -1.7691220 1.3141452 -0.7438359 -0.3076800 0.2267488 0.5482938
27649.452000 5.2847241 -1.7672434 1.3141369 -0.7436878 -0.3080875 0.2270295 0.5481497
27649.552000 5.3286340 -1.7218645 1.3141535 -0.7397319 -0.3173409 0.2338717 0.5453398
27649.652000 5.3303960 -1.7199370 1.3141446 -0.7395799 -0.3177477 0.2341499 0.5451897
27649.752000 5.3303280 -1.7198971 1.3141358 -0.7395910 -0.3177643 0.2341469 0.5451663
27649.853000 5.3730750 -1.6733856 1.3141438 -0.7355543 -0.3270118 0.2409892 0.5421691
27649.952000 5.3749787 -1.6712414 1.3141396 -0.7354112 -0.3273598 0.2413432 0.5419957
27650.052000 5.4161898 -1.6237480 1.3141446 -0.7311826 -0.3365787 0.2480846 0.5390184
27650.152000 5.4178512 -1.6217133 1.3141334 -0.7310235 -0.3369924 0.2483548 0.5388513
27650.252000 5.4578628 -1.5734160 1.3141564 -0.7267678 -0.3460143 0.2551278 0.5357168
27650.352000 5.4598998 -1.5708415 1.3141483 -0.7265534 -0.3465080 0.2554762 0.5355224
27650.452000 5.4596479 -1.5709916 1.3141354 -0.7265436 -0.3465821 0.2553986 0.5355248
27650.552000 5.4985309 -1.5212495 1.3141386 -0.7221334 -0.3556803 0.2620968 0.5322783
27650.652000 5.5000796 -1.5191441 1.3141291 -0.7219586 -0.3560801 0.2623682 0.5321143
27650.752000 5.5000118 -1.5191121 1.3141205 -0.7219673 -0.3560994 0.2623658 0.5320907
27650.852000 5.5375251 -1.4687459 1.3141557 -0.7174377 -0.3649223 0.2690934 0.5288701
27650.952000 5.5392348 -1.4662859 1.3141430 -0.7171949 -0.3654621 0.2693553 0.5286934
27651.052000 5.5391592 -1.4662621 1.3141341 -0.7172028 -0.3654838 0.2693490 0.5286709
27651.152000 5.5745308 -1.4158683 1.3141423 -0.7127523 -0.3740879 0.2757788 0.5253460
27651.252000 5.5768660 -1.4123580 1.3141279 -0.7124149 -0.3747955 0.2761650 0.5250963
27651.352000 5.6117501 -1.3597506 1.3141465 -0.7075755 -0.3837268 0.2828377 0.5216258
27651.453000 5.6132881 -1.3573265 1.3141399 -0.7074107 -0.3840676 0.2831719 0.5214171
27651.552000 5.6466639 -1.3040610 1.3141524 -0.7025052 -0.3929577 0.2896198 0.5178716
27651.652000 5.6480016 -1.3017925 1.3141435 -0.7023077 -0.3933519 0.2898811 0.5176940
27651.752000 5.6480871 -1.3015590 1.3141381 -0.7023404 -0.3933172 0.2899476 0.5176388
27651.852000 5.6801197 -1.2474267 1.3141637 -0.6972835 -0.4020581 0.2963881 0.5141003
27651.952000 5.6813819 -1.2451146 1.3141517 -0.6970867 -0.4024530 0.2966424 0.5139115
27652.052000 5.7115579 -1.1903723 1.3141221 -0.6921282 -0.4111171 0.3029084 0.5100860
27652.152000 5.7132055 -1.1872899 1.3141155 -0.6918992 -0.4115371 0.3032971 0.5098270
27652.252000 5.7420572 -1.1321389 1.3141444 -0.6866386 -0.4201049 0.3096148 0.5061403
27652.358000 5.7435037 -1.1292195 1.3141355 -0.6863721 -0.4205795 0.3099316 0.5059137
27652.452000 5.7711866 -1.0725257 1.3141418 -0.6810088 -0.4291981 0.3162962 0.5019687
27652.552000 5.7722873 -1.0701281 1.3141331 -0.6807916 -0.4295811 0.3165513 0.5017749
27652.653000 5.7984944 -1.0126624 1.3141467 0.6753187 0.4380253 -0.3228541 -0.4978391
27652.752000 5.7995052 -1.0102587 1.3141353 0.6751026 0.4384064 -0.3230998 -0.4976373
27652.852000 5.8241090 -0.9525154 1.3141525 0.6695981 0.4467247 -0.3293748 -0.4935460
27652.952000 5.8252047 -0.9497367 1.3141408 0.6692893 0.4472304 -0.3296190 -0.4933438
27653.052000 5.8482948 -0.8909678 1.3141424 0.6636428 0.4555333 -0.3357341 -0.4892343
27653.153000 5.8491874 -0.8885230 1.3141324 0.6634144 0.4559066 -0.3359777 -0.4890291
27653.252000 5.8707759 -0.8291887 1.3141247 0.6576668 0.4642523 -0.3420747 -0.4846948
27653.353000 5.8716184 -0.8267277 1.3141175 0.6574270 0.4646167 -0.3423227 -0.4844958
27653.452000 5.8917705 -0.7666094 1.3141325 0.6515362 0.4727666 -0.3484909 -0.4801524
27653.552000 5.8924375 -0.7643531 1.3141191 0.6512697 0.4731819 -0.3486630 -0.4799799
27653.652000 5.8924671 -0.7641405 1.3141137 0.6513030 0.4731557 -0.3487209 -0.4799186
27653.752000 5.9107020 -0.7045838 1.3141204 0.6453476 0.4812330 -0.3546020 -0.4756035
27653.853000 5.9115888 -0.7014652 1.3141103 0.6450403 0.4816830 -0.3548949 -0.4753463
27653.952000 5.9116171 -0.7012439 1.3141050 0.6450756 0.4816546 -0.3549544 -0.4752828
27654.052000 5.9285457 -0.6406814 1.3141383 0.6388102 0.4897761 -0.3609932 -0.4708767
27654.152000 5.9292688 -0.6379094 1.3141312 0.6385917 0.4900937 -0.3612875 -0.4706169
27654.252000 5.9445987 -0.5768766 1.3141538 0.6324061 0.4979714 -0.3670570 -0.4662147
27654.352000 5.9451769 -0.5743309 1.3141448 0.6321500 0.4983304 -0.3672864 -0.4659977
27654.452000 5.9588520 -0.5126875 1.3141536 0.6257927 0.5062435 -0.3731611 -0.4613587
27654.552000 5.9593605 -0.5101456 1.3141447 0.6255363 0.5065940 -0.3733864 -0.4611392
27654.652000 5.9593704 -0.5099277 1.3141392 0.6255749 0.5065651 -0.3734410 -0.4610744
27654.753000 5.9713966 -0.4481620 1.3141464 0.6191373 0.5143997 -0.3791432 -0.4564124
27654.852000 5.9718228 -0.4455883 1.3141348 0.6188762 0.5147533 -0.3793624 -0.4561858
27654.952000 5.9717604 -0.4456161 1.3141261 0.6188828 0.5147711 -0.3793523 -0.4561651
27655.052000 5.9820449 -0.3838933 1.3141240 0.6124513 0.5224184 -0.3849845 -0.4514082
27655.153000 5.9825160 -0.3807114 1.3141142 0.6121226 0.5228375 -0.3852595 -0.4511340
27655.253000 5.9914088 -0.3185658 1.3141436 0.6055538 0.5303542 -0.3909692 -0.4462870
27655.352000 5.9917945 -0.3153626 1.3141334 0.6052218 0.5307680 -0.3912432 -0.4460052
27655.452000 5.9989520 -0.2528590 1.3141427 0.5985030 0.5383145 -0.3967477 -0.4411382
27655.552000 5.9991720 -0.2502670 1.3141309 0.5982271 0.5386598 -0.3969575 -0.4409022
27655.652000 6.0047623 -0.1873557 1.3141527 0.5914254 0.5460356 -0.4024672 -0.4359831
27655.752000 6.0049361 -0.1847519 1.3141441 0.5911417 0.5463722 -0.4026821 -0.4357476
27655.852000 6.0086589 -0.1217074 1.3141333 0.5842192 0.5537761 -0.4081303 -0.4306386
27655.952000 6.0087537 -0.1191273 1.3141234 0.5839358 0.5541076 -0.4083376 -0.4304001
27656.052000 6.0110983 -0.0563996 1.3141527 0.5769299 0.5613126 -0.4138470 -0.4252184
27656.152000 6.0111366 -0.0534308 1.3141424 0.5765341 0.5617495 -0.4140527 -0.4249780
27656.252000 6.0116419 0.0097124 1.3141427 0.5694563 0.5689099 -0.4193425 -0.4197771
27656.353000 6.0116214 0.0125765 1.3141359 0.5692004 0.5691929 -0.4196050 -0.4194782
27656.452000 6.0105002 0.0751527 1.3141306 0.5621104 0.5762483 -0.4247569 -0.4141876
27656.552000 6.0103793 0.0783248 1.3141209 0.5617459 0.5766334 -0.4250052 -0.4138913
27656.652000 6.0076924 0.1411508 1.3141402 0.5544100 0.5836176 -0.4301224 -0.4086743
27656.752000 6.0075105 0.1437392 1.3141297 0.5541054 0.5839411 -0.4303149 -0.4084227
27656.852000 6.0031234 0.2063853 1.3141352 0.5467974 0.5907494 -0.4354850 -0.4029647
27656.953000 6.0028284 0.2093349 1.3141213 0.5463844 0.5911740 -0.4356685 -0.4027038
27657.052000 5.9969014 0.2722163 1.3141465 0.5389139 0.5979221 -0.4407075 -0.3972882
27657.152000 5.9965846 0.2747762 1.3141366 0.5386035 0.5982311 -0.4408979 -0.3970326
27657.253000 5.9965252 0.2747173 1.3141279 0.5386035 0.5982531 -0.4408877 -0.3970108
27657.352000 5.9888457 0.3384000 1.3141516 0.5310619 0.6049071 -0.4459348 -0.3914113
27657.452000 5.9885385 0.3403265 1.3141420 0.5308242 0.6051431 -0.4460750 -0.3912092
27657.552000 5.9884796 0.3402664 1.3141334 0.5308233 0.6051656 -0.4460647 -0.3911873
27657.653000 5.9793981 0.4021362 1.3141671 0.5231211 0.6117174 -0.4510566 -0.3856087
27657.752000 5.9788574 0.4053319 1.3141584 0.5227217 0.6120861 -0.4512910 -0.3852910
27657.852000 5.9679262 0.4669170 1.3141514 0.5151584 0.6184980 -0.4559825 -0.3796736
27657.952000 5.9672925 0.4700945 1.3141415 0.5147555 0.6188626 -0.4562110 -0.3793514
27658.052000 5.9672579 0.4697876 1.3141296 0.5147151 0.6189237 -0.4561460 -0.3793846
27658.152000 5.9548665 0.5312813 1.3141419 0.5070396 0.6252241 -0.4608782 -0.3736268
27658.252000 5.9541310 0.5345251 1.3141316 0.5066295 0.6255877 -0.4611072 -0.3732917
27658.352000 5.9402012 0.5945772 1.3141271 0.4988969 0.6317796 -0.4655704 -0.3676965
27658.452000 5.9392244 0.5985579 1.3141199 0.4984493 0.6321581 -0.4658816 -0.3672585
27658.552000 5.9241141 0.6570838 1.3141326 0.4907241 0.6381189 -0.4702686 -0.3617202
27658.652000 5.9227760 0.6619511 1.3141222 0.4900787 0.6386456 -0.4706070 -0.3612253
27658.752000 5.9056852 0.7223747 1.3141672 0.4820718 0.6445730 -0.4752459 -0.3553502
27658.852000 5.9047705 0.7252060 1.3141537 0.4816196 0.6449454 -0.4754020 -0.3550788
27658.952000 5.8861887 0.7838809 1.3141458 0.4737041 0.6507958 -0.4797832 -0.3491093
27659.053000 5.8847785 0.7881025 1.3141360 0.4731358 0.6512375 -0.4800710 -0.3486604
27659.152000 5.8847766 0.7877975 1.3141240 0.4730982 0.6512911 -0.4800031 -0.3487047
27659.253000 5.8643657 0.8475765 1.3141436 0.4649493 0.6571127 -0.4843025 -0.3427478
27659.352000 5.8633753 0.8502759 1.3141375 0.4646525 0.6573411 -0.4845110 -0.3424178
27659.453000 5.8415089 0.9088256 1.3141476 0.4563875 0.6630737 -0.4887921 -0.3363421
27659.552000 5.8403646 0.9116028 1.3141344 0.4559184 0.6634289 -0.4889363 -0.3360680
27659.652000 5.8170516 0.9696143 1.3141554 0.4476689 0.6689715 -0.4931053 -0.3300256
27659.752000 5.8157554 0.9726032 1.3141451 0.4472427 0.6692850 -0.4932923 -0.3296882
27659.852000 5.7904835 1.0304727 1.3141329 0.4387847 0.6748824 -0.4973915 -0.3234245
27659.952000 5.7892897 1.0330660 1.3141265 0.4384886 0.6750951 -0.4975811 -0.3230906
27660.052000 5.7627309 1.0900739 1.3141340 0.4299052 0.6805614 -0.5016097 -0.3168682
27660.152000 5.7614602 1.0926497 1.3141272 0.4296022 0.6807746 -0.5017917 -0.3165326
27660.252000 5.7336567 1.1486102 1.3141446 0.4211061 0.6860270 -0.5056939 -0.3103391
27660.352000 5.7322226 1.1512557 1.3141310 0.4206266 0.6863556 -0.5058168 -0.3100624
27660.452000 5.7030285 1.2065573 1.3141710 0.4119751 0.6914468 -0.5098108 -0.3037609
27660.552000 5.7013333 1.2096028 1.3141637 0.4115916 0.6916985 -0.5100184 -0.3033592
27660.652000 5.6709120 1.2634553 1.3141747 0.4031071 0.6966504 -0.5136868 -0.2971679
27660.752000 5.6689027 1.2668300 1.3141638 0.4025808 0.6969860 -0.5138823 -0.2967562
27660.852000 5.6366054 1.3203120 1.3141385 0.3938567 0.7020344 -0.5174901 -0.2902216
27660.953000 5.6349641 1.3228421 1.3141253 0.3933682 0.7023388 -0.5176035 -0.2899452
27661.052000 5.6016990 1.3753011 1.3141459 0.3846313 0.7071271 -0.5212528 -0.2834177
27661.152000 5.5996710 1.3782922 1.3141324 0.3840623 0.7074692 -0.5213949 -0.2830739
27661.252000 5.5646592 1.4303853 1.3141544 0.3752776 0.7120977 -0.5249709 -0.2765668
27661.352000 5.5628953 1.4328142 1.3141405 0.3747906 0.7123885 -0.5250733 -0.2762835
27661.452000 5.5261918 1.4841141 1.3141282 0.3657966 0.7170813 -0.5284662 -0.2696492
27661.552000 5.5244622 1.4864317 1.3141214 0.3654828 0.7172626 -0.5286157 -0.2692994
27661.652000 5.4869551 1.5363689 1.3141392 0.3565715 0.7216975 -0.5319570 -0.2627378
27661.752000 5.4850201 1.5387707 1.3141260 0.3560531 0.7219832 -0.5320610 -0.2624451
27661.852000 5.4458486 1.5882653 1.3141522 0.3469274 0.7263616 -0.5353690 -0.2557738
27661.953000 5.4441560 1.5902600 1.3141418 0.3465587 0.7265629 -0.5354722 -0.2554858
27662.052000 5.4039180 1.6384438 1.3141809 0.3375095 0.7306693 -0.5387914 -0.2488245
27662.152000 5.4019206 1.6406722 1.3141671 0.3369959 0.7309408 -0.5388800 -0.2485310
27662.252000 5.3604453 1.6874093 1.3141521 0.3278967 0.7351139 -0.5418867 -0.2417645
27662.352000 5.3582208 1.6898089 1.3141424 0.3274219 0.7353492 -0.5420164 -0.2414015
27662.452000 5.3152455 1.7359800 1.3141482 0.3181343 0.7394209 -0.5450121 -0.2345401
27662.552000 5.3132117 1.7380753 1.3141411 0.3177962 0.7395881 -0.5451413 -0.2341709
27662.652000 5.2693871 1.7826133 1.3141419 0.3086369 0.7434495 -0.5480036 -0.2274164
27662.752000 5.2671824 1.7847196 1.3141284 0.3080985 0.7437037 -0.5480867 -0.2271147
27662.854000 5.2671480 1.7846511 1.3141197 0.3081015 0.7437203 -0.5480645 -0.2271101
27662.952000 5.2230391 1.8274092 1.3141402 0.2989506 0.7473884 -0.5509207 -0.2202850
27663.052000 5.2197079 1.8305256 1.3141303 0.2982808 0.7476814 -0.5510920 -0.2197696
27663.152000 5.2196688 1.8304647 1.3141217 0.2982847 0.7476973 -0.5510716 -0.2197613
27663.252000 5.1741943 1.8724442 1.3141647 0.2890854 0.7511994 -0.5538355 -0.2130619
27663.352000 5.1712757 1.8750182 1.3141548 0.2885040 0.7514468 -0.5539724 -0.2126210
27663.452000 5.1241462 1.9160358 1.3141594 0.2791108 0.7549906 -0.5565831 -0.2056738
27663.552000 5.1216357 1.9181333 1.3141512 0.2786168 0.7551929 -0.5566935 -0.2053016
27663.652000 5.1216005 1.9180694 1.3141424 0.2786186 0.7552099 -0.5566728 -0.2052926
27663.752000 5.0730380 1.9580353 1.3141380 0.2690992 0.7586514 -0.5591818 -0.1983668
27663.852000 5.0709612 1.9596504 1.3141282 0.2686964 0.7588170 -0.5592581 -0.1980640
27663.952000 5.0216706 1.9983679 1.3141651 0.2592199 0.7620091 -0.5618316 -0.1910299
27664.052000 5.0191954 2.0001809 1.3141518 0.2586658 0.7622269 -0.5618989 -0.1907139
27664.152000 4.9695250 2.0370098 1.3141560 0.2493612 0.7653446 -0.5641476 -0.1838592
27664.253000 4.9663267 2.0392932 1.3141470 0.2487560 0.7655654 -0.5642629 -0.1834049
27664.352000 4.9146273 2.0755087 1.3141545 0.2390712 0.7686110 -0.5665738 -0.1762844
27664.452000 4.9124462 2.0769534 1.3141456 0.2386641 0.7687595 -0.5666394 -0.1759774
27664.552000 4.8601595 2.1116542 1.3141682 0.2291364 0.7715825 -0.5689016 -0.1688428
27664.652000 4.8575749 2.1132470 1.3141540 0.2285785 0.7717795 -0.5689523 -0.1685275
27664.753000 4.8573550 2.1133309 1.3141486 0.2286256 0.7717775 -0.5689597 -0.1684478
27664.852000 4.8043381 2.1464501 1.3141416 0.2191028 0.7745851 -0.5709268 -0.1614141
27664.952000 4.8015210 2.1481241 1.3141318 0.2185925 0.7747509 -0.5710054 -0.1610315
27665.052000 4.7479791 2.1797722 1.3141529 0.2088026 0.7773878 -0.5730334 -0.1539557
27665.152000 4.7449253 2.1815186 1.3141469 0.2083429 0.7775299 -0.5731295 -0.1535024
27665.252000 4.6898767 2.2119407 1.3141415 0.1985938 0.7800850 -0.5749695 -0.1464174
27665.352000 4.6873262 2.2132975 1.3141349 0.1982305 0.7801956 -0.5750420 -0.1460351
27665.452000 4.6315571 2.2422698 1.3141294 0.1882970 0.7826609 -0.5768209 -0.1387944
27665.552000 4.6291899 2.2434255 1.3141191 0.1878788 0.7827857 -0.5768620 -0.1384858
27665.652000 4.5725005 2.2712526 1.3141545 0.1780420 0.7849807 -0.5786851 -0.1312627
27665.752000 4.5701277 2.2723539 1.3141465 0.1776281 0.7850950 -0.5787270 -0.1309548
27665.852000 4.5130329 2.2982570 1.3141334 0.1679503 0.7872632 -0.5802646 -0.1237026
27665.952000 4.5102136 2.2994516 1.3141199 0.1673757 0.7874155 -0.5802916 -0.1233850
27666.052000 4.4530572 2.3238348 1.3141467 0.1577326 0.7893354 -0.5818650 -0.1162028
27666.152000 4.4497017 2.3251723 1.3141333 0.1570722 0.7894964 -0.5819017 -0.1158195
27666.252000 4.3910346 2.3484122 1.3141551 0.1471648 0.7913694 -0.5833474 -0.1085487
27666.352000 4.3885648 2.3493297 1.3141462 0.1467440 0.7914691 -0.5833762 -0.1082368
27666.452000 4.3301870 2.3706549 1.3141705 0.1369740 0.7931429 -0.5847900 -0.1009112
27666.552000 4.3265423 2.3719283 1.3141615 0.1363659 0.7932705 -0.5848379 -0.1004530
27666.652000 4.2666506 2.3918298 1.3141480 0.1263242 0.7949590 -0.5860318 -0.0930006
27666.752000 4.2643738 2.3925092 1.3141344 0.1258471 0.7950647 -0.5860284 -0.0927652
27666.852000 4.2044301 2.4108639 1.3141428 0.1160097 0.7965624 -0.5871218 -0.0855458
27666.952000 4.2012442 2.4118423 1.3141378 0.1155804 0.7966400 -0.5871654 -0.0851038
27667.052000 4.1412620 2.4284525 1.3141511 0.1055920 0.7979630 -0.5882536 -0.0778655
27667.152000 4.1381193 2.4292633 1.3141406 0.1050673 0.7980574 -0.5882698 -0.0774849
27667.252000 4.0792217 2.4439963 1.3141525 0.0954102 0.7992536 -0.5891841 -0.0703749
27667.352000 4.0743272 2.4451564 1.3141422 0.0946073 0.7993729 -0.5892223 -0.0697824
27667.452000 4.0130554 2.4587612 1.3141544 0.0846618 0.8004569 -0.5900981 -0.0623327
27667.552000 4.0098838 2.4594072 1.3141445 0.0841475 0.8005345 -0.5901068 -0.0619488
27667.652000 3.9493420 2.4710768 1.3141304 0.0743023 0.8015557 -0.5907506 -0.0547850
27667.752000 3.9453016 2.4718238 1.3141238 0.0737325 0.8016254 -0.5907762 -0.0542567
27667.852000 3.8836703 2.4822209 1.3141486 0.0637208 0.8024147 -0.5915011 -0.0468697
27667.952000 3.8804531 2.4827002 1.3141384 0.0631964 0.8024803 -0.5914987 -0.0464845
27668.052000 3.8181887 2.4915070 1.3141516 0.0530801 0.8031955 -0.5920531 -0.0391479
27668.152000 3.8155978 2.4918092 1.3141413 0.0526528 0.8032462 -0.5920429 -0.0388399
27668.252000 3.7541338 2.4987537 1.3141429 0.0427674 0.8038027 -0.5925178 -0.0315409
27668.352000 3.7502461 2.4991345 1.3141319 0.0421341 0.8038644 -0.5925040 -0.0310769
27668.452000 3.7500325 2.4991246 1.3141266 0.0421909 0.8038727 -0.5924927 -0.0310003
27668.552000 3.6883603 2.5045822 1.3141435 0.0322611 0.8043091 -0.5928618 -0.0236866
27668.652000 3.6847472 2.5048167 1.3141299 0.0315764 0.8043656 -0.5928371 -0.0233028
27668.752000 3.6230692 2.5087406 1.3141601 0.0217600 0.8046170 -0.5931766 -0.0161089
27668.853000 3.6188803 2.5089615 1.3141543 0.0211744 0.8046506 -0.5931668 -0.0155628
27668.953000 3.5560218 2.5112047 1.3141734 0.0109679 0.8047957 -0.5933950 -0.0081185
27669.052000 3.5531697 2.5112679 1.3141678 0.0105918 0.8048170 -0.5933782 -0.0077333
27669.152000 3.4906452 2.5116321 1.3141386 0.0005868 0.8049678 -0.5933182 -0.0003373
27669.252000 3.4876562 2.5115736 1.3141255 -0.0000023 0.8049947 -0.5932820 -0.0000296
27669.352000 3.4244899 2.5105919 1.3141467 -0.0100324 0.8049013 -0.5932786 0.0073316
27669.452000 3.4219072 2.5104867 1.3141375 -0.0104591 0.8049179 -0.5932448 0.0076401
27669.552000 3.4217049 2.5104408 1.3141321 -0.0104055 0.8049301 -0.5932282 0.0077166
27669.652000 3.3588577 2.5076161 1.3141270 -0.0205765 0.8047399 -0.5930786 0.0151029
27669.752000 3.3562363 2.5074328 1.3141168 -0.0210164 0.8047522 -0.5930385 0.0154140
27669.852000 3.2936640 2.5032317 1.3141534 -0.0310150 0.8043271 -0.5929336 0.0229284
27669.952000 3.2906435 2.5029448 1.3141417 -0.0316103 0.8043310 -0.5928846 0.0232453
27670.052000 3.2277565 2.4968776 1.3141428 -0.0416646 0.8038847 -0.5925310 0.0306681
27670.152000 3.2249404 2.4965554 1.3141364 -0.0420392 0.8038817 -0.5924883 0.0310566
27670.252000 3.1628892 2.4889295 1.3141475 -0.0520944 0.8032375 -0.5921250 0.0385198
27670.352000 3.1596831 2.4884615 1.3141367 -0.0526356 0.8032295 -0.5920626 0.0389077
27670.452000 3.0978328 2.4793531 1.3141572 -0.0626176 0.8025017 -0.5915514 0.0462275
27670.552000 3.0949208 2.4788352 1.3141458 -0.0632098 0.8024785 -0.5914957 0.0465364
27670.652000 3.0331313 2.4677822 1.3141204 -0.0730886 0.8017023 -0.5907815 0.0539317
27670.752000 3.0299396 2.4671450 1.3141106 -0.0736279 0.8016762 -0.5907140 0.0543244
27670.853000 2.9682878 2.4548118 1.3141554 -0.0837430 0.8005528 -0.5901685 0.0616731
27670.952000 2.9657549 2.4542238 1.3141455 -0.0841877 0.8005316 -0.5901014 0.0619830
27671.052000 2.9045450 2.4401322 1.3141614 -0.0940555 0.7993842 -0.5893380 0.0694202
27671.152000 2.9014195 2.4393320 1.3141514 -0.0945873 0.7993447 -0.5892607 0.0698076
27671.252000 2.8417532 2.4238633 1.3141486 -0.1044785 0.7981210 -0.5883536 0.0769882
27671.352000 2.8377961 2.4227783 1.3141413 -0.1050620 0.7980652 -0.5882558 0.0775183
27671.452000 2.7764436 2.4051410 1.3141342 -0.1151733 0.7967036 -0.5871773 0.0849784
27671.552000 2.7746019 2.4045466 1.3141270 -0.1154996 0.7966707 -0.5871241 0.0852114
27671.652000 2.7157798 2.3860962 1.3141401 -0.1253283 0.7951592 -0.5860745 0.0923651
27671.752000 2.7121269 2.3848690 1.3141309 -0.1259661 0.7950810 -0.5859730 0.0928139
27671.852000 2.6546467 2.3652202 1.3141643 -0.1354394 0.7934295 -0.5849514 0.0997884
27671.952000 2.6496708 2.3634522 1.3141586 -0.1361945 0.7933172 -0.5848145 0.1004530
27672.053000 2.5907494 2.3413971 1.3141569 -0.1462374 0.7915242 -0.5835143 0.1077733
27672.152000 2.5881104 2.3403517 1.3141512 -0.1466118 0.7914717 -0.5834219 0.1081497
27672.252000 2.5304672 2.3168911 1.3141309 -0.1565512 0.7896009 -0.5819938 0.1153485
27672.352000 2.5274924 2.3156002 1.3141208 -0.1570842 0.7895183 -0.5818886 0.1157198
27672.453000 2.4706277 2.2910788 1.3141521 -0.1667429 0.7874781 -0.5804998 0.1228621
27672.552000 2.4671364 2.2894803 1.3141432 -0.1673600 0.7873691 -0.5803766 0.1233025
27672.653000 2.4109764 2.2634048 1.3141661 -0.1770268 0.7851893 -0.5788932 0.1304681
27672.752000 2.4075256 2.2617145 1.3141576 -0.1776401 0.7850701 -0.5787680 0.1309069
27672.854000 2.3513593 2.2337044 1.3141546 -0.1872646 0.7828571 -0.5770611 0.1380843
27672.952000 2.3484613 2.2321767 1.3141462 -0.1877831 0.7827530 -0.5769444 0.1384571
27673.052000 2.3487563 2.2322101 1.3141340 -0.1878454 0.7827604 -0.5769342 0.1383737
27673.152000 2.2930240 2.2025869 1.3141356 -0.1977147 0.7803169 -0.5751480 0.1456680
27673.252000 2.2905007 2.2011742 1.3141294 -0.1980772 0.7802417 -0.5750310 0.1460401
27673.352000 2.2356967 2.1703137 1.3141533 -0.2079216 0.7776049 -0.5732540 0.1532290
27673.454000 2.2334747 2.1689657 1.3141439 -0.2083383 0.7775173 -0.5731453 0.1535137
27673.552000 2.2333036 2.1687944 1.3141383 -0.2082849 0.7775441 -0.5731100 0.1535826
27673.652000 2.1799541 2.1366946 1.3141311 -0.2180359 0.7748937 -0.5711233 0.1606808
27673.752000 2.1772067 2.1349465 1.3141216 -0.2185514 0.7747690 -0.5709944 0.1610393
27673.852000 2.1252097 2.1019617 1.3141395 -0.2278366 0.7720577 -0.5690291 0.1679979
27673.952000 2.1214859 2.0994906 1.3141296 -0.2285268 0.7718776 -0.5688492 0.1684965
27674.052000 2.0693096 2.0644429 1.3141527 -0.2382377 0.7688773 -0.5667871 0.1755645
27674.152000 2.0669554 2.0627884 1.3141473 -0.2385995 0.7687819 -0.5666527 0.1759245
27674.252000 2.0670028 2.0627172 1.3141380 -0.2386000 0.7688003 -0.5666286 0.1759207
27674.352000 2.0163501 2.0265760 1.3141447 -0.2482571 0.7656881 -0.5644552 0.1829765
27674.452000 2.0137479 2.0246183 1.3141348 -0.2487716 0.7655442 -0.5643091 0.1833300
27674.552000 2.0135894 2.0244319 1.3141296 -0.2487214 0.7655723 -0.5642708 0.1833989
27674.652000 1.9638513 1.9870285 1.3141303 -0.2583532 0.7623962 -0.5619205 0.1903968
27674.752000 1.9613008 1.9850033 1.3141201 -0.2588671 0.7622458 -0.5617683 0.1907498
27674.852000 1.9106065 1.9447330 1.3141313 -0.2684461 0.7588907 -0.5593197 0.1979474
27674.952000 1.9098449 1.9439970 1.3141180 -0.2687179 0.7588238 -0.5592577 0.1980101
27675.052000 1.9097046 1.9438108 1.3141127 -0.2686752 0.7588509 -0.5592172 0.1980782
27675.152000 1.8614250 1.9035330 1.3141419 -0.2782113 0.7553434 -0.5567926 0.2050290
27675.252000 1.8594667 1.9017829 1.3141316 -0.2786308 0.7552136 -0.5566550 0.2053108
27675.352000 1.8143813 1.8620413 1.3141510 -0.2875474 0.7518299 -0.5542288 0.2118934
27675.452000 1.8101806 1.8582308 1.3141422 -0.2884159 0.7515193 -0.5539612 0.2125135
27675.552000 1.7644932 1.8155754 1.3141406 -0.2977693 0.7478484 -0.5512797 0.2194238
27675.652000 1.7621852 1.8133087 1.3141296 -0.2982753 0.7476757 -0.5511027 0.2197697
27675.753000 1.7170907 1.7691175 1.3141483 -0.3076878 0.7438099 -0.5483084 0.2267885
27675.852000 1.7150894 1.7670652 1.3141417 -0.3080412 0.7436820 -0.5481367 0.2271427
27675.952000 1.7151458 1.7670155 1.3141332 -0.3080541 0.7436941 -0.5481126 0.2271438
27676.052000 1.6722909 1.7226416 1.3141247 -0.3172897 0.7398505 -0.5452345 0.2338113
27676.152000 1.6697111 1.7198552 1.3141145 -0.3178761 0.7396231 -0.5450287 0.2342140
27676.252000 1.6276444 1.6740667 1.3141352 -0.3267852 0.7356674 -0.5421852 0.2409152
27676.353000 1.6252803 1.6713417 1.3141218 -0.3274245 0.7354139 -0.5419930 0.2412534
27676.452000 1.5838046 1.6237606 1.3141372 -0.3366252 0.7312180 -0.5389595 0.2480449
27676.552000 1.5821417 1.6217471 1.3141291 -0.3370280 0.7310531 -0.5388044 0.2483211
27676.652000 1.5422211 1.5733660 1.3141401 -0.3460824 0.7267716 -0.5356516 0.2551615
27676.752000 1.5403757 1.5709695 1.3141260 -0.3466344 0.7265423 -0.5354774 0.2554307
27676.852000 1.5022369 1.5221970 1.3141311 -0.3554634 0.7222653 -0.5323348 0.2619128
27676.953000 1.4997549 1.5189259 1.3141245 -0.3559880 0.7220259 -0.5320751 0.2623877
27677.052000 1.4623181 1.4683924 1.3141364 -0.3650297 0.7174508 -0.5288182 0.2690150
27677.152000 1.4606343 1.4660493 1.3141322 -0.3653790 0.7172874 -0.5286235 0.2693588
27677.252000 1.4248462 1.4148360 1.3141290 -0.3742980 0.7126760 -0.5252135 0.2759433
27677.352000 1.4231958 1.4123107 1.3141153 -0.3748411 0.7124235 -0.5250323 0.2762028
27677.452000 1.3883422 1.3596858 1.3141208 -0.3837710 0.7076435 -0.5215204 0.2828019
27677.552000 1.3868025 1.3572616 1.3141145 -0.3841102 0.7074780 -0.5213132 0.2831376
27677.652000 1.3533426 1.3040240 1.3141511 -0.3928792 0.7025335 -0.5179202 0.2895710
27677.752000 1.3520178 1.3017494 1.3141397 -0.3932780 0.7023409 -0.5177352 0.2898275
27677.852000 1.3203203 1.2478903 1.3141331 -0.4020294 0.6974072 -0.5140360 0.2962475
27677.952000 1.3187422 1.2450576 1.3141225 -0.4025038 0.6971608 -0.5138140 0.2965682
27678.052000 1.3186585 1.2448184 1.3141173 -0.4024683 0.6971942 -0.5137575 0.2966355
27678.152000 1.2887185 1.1912553 1.3141579 -0.4109179 0.6921420 -0.5101705 0.3030049
27678.252000 1.2867739 1.1875754 1.3141460 -0.4115987 0.6917661 -0.5099122 0.3033739
27678.352000 1.2576691 1.1316027 1.3141479 -0.4201584 0.6865767 -0.5061390 0.3096815
27678.452000 1.2563732 1.1289844 1.3141399 -0.4205004 0.6863929 -0.5059051 0.3100069
27678.552000 1.2290434 1.0730975 1.3141539 -0.4290759 0.6810355 -0.5020634 0.3162545
27678.653000 1.2276715 1.0701448 1.3141450 -0.4295473 0.6807635 -0.5018312 0.3165685
27678.752000 1.2015885 1.0126756 1.3141377 -0.4380874 0.6752966 -0.4977894 0.3228926
27678.852000 1.2005590 1.0102512 1.3141276 -0.4384705 0.6750761 -0.4975889 0.3231427
27678.952000 1.2006259 1.0102443 1.3141190 -0.4384908 0.6750822 -0.4975659 0.3231376
27679.052000 1.1760128 0.9524474 1.3141244 -0.4466988 0.6697127 -0.4935062 0.3292366
27679.152000 1.1749232 0.9496623 1.3141114 -0.4472050 0.6694067 -0.4933010 0.3294791
27679.252000 1.1516431 0.8910328 1.3141465 -0.4555969 0.6636222 -0.4891722 0.3357792
27679.352000 1.1506224 0.8883379 1.3141410 -0.4559233 0.6634175 -0.4889291 0.3360943
27679.452000 1.1292823 0.8295654 1.3141382 -0.4640908 0.6577325 -0.4847206 0.3421310
27679.552000 1.1282174 0.8264870 1.3141302 -0.4645452 0.6574347 -0.4844724 0.3424381
27679.652000 1.1084133 0.7672275 1.3141342 -0.4726959 0.6515864 -0.4801736 0.3484639
27679.752000 1.1075407 0.7643529 1.3141207 -0.4731969 0.6512577 -0.4799567 0.3486972
27679.853000 1.0890446 0.7044333 1.3141582 -0.4811800 0.6452582 -0.4756448 0.3547811
27679.952000 1.0882345 0.7015319 1.3141461 -0.4816739 0.6449229 -0.4754255 0.3550146
27680.052000 1.0883075 0.7015558 1.3141367 -0.4816970 0.6449278 -0.4754034 0.3550037
27680.152000 1.0715131 0.6410046 1.3141415 -0.4895739 0.6389678 -0.4709279 0.3609217
27680.252000 1.0707070 0.6378703 1.3141319 -0.4900082 0.6386615 -0.4706661 0.3612158
27680.352000 1.0555404 0.5768345 1.3141317 -0.4979974 0.6324377 -0.4661610 0.3670355
27680.452000 1.0549700 0.5742880 1.3141215 -0.4983590 0.6321831 -0.4659415 0.3672621
27680.552000 1.0410971 0.5120142 1.3141398 -0.5062602 0.6258254 -0.4613355 0.3731122
27680.652000 1.0406599 0.5098504 1.3141329 -0.5064854 0.6256677 -0.4611164 0.3733418
27680.752000 1.0407935 0.5101073 1.3141211 -0.5065488 0.6256434 -0.4611374 0.3732706
27680.852000 1.0287954 0.4484684 1.3141202 -0.5143068 0.6193185 -0.4563348 0.3790667
27680.952000 1.0282373 0.4452848 1.3141106 -0.5147278 0.6189971 -0.4560621 0.3793486
27681.052000 1.0177319 0.3837186 1.3141527 -0.5223370 0.6124594 -0.4513990 0.3850927
27681.152000 1.0173064 0.3807222 1.3141400 -0.5228123 0.6120907 -0.4511644 0.3853089
27681.252000 1.0086234 0.3194173 1.3141628 -0.5302594 0.6055505 -0.4464575 0.3909083
27681.352000 1.0081428 0.3156212 1.3141542 -0.5307474 0.6051499 -0.4461335 0.3912360
27681.452000 1.0011311 0.2532205 1.3141425 -0.5382071 0.5985779 -0.4411483 0.3967693
27681.552000 1.0008759 0.2502613 1.3141291 -0.5386638 0.5982057 -0.4409092 0.3969766
27681.653000 0.9953633 0.1879704 1.3141378 -0.5460436 0.5914786 -0.4359526 0.4024112
27681.752000 0.9951113 0.1845196 1.3141303 -0.5464080 0.5911680 -0.4356177 0.4027356
27681.853000 0.9912892 0.1217123 1.3141438 -0.5537435 0.5842113 -0.4306615 0.4081617
27681.952000 0.9911957 0.1191156 1.3141332 -0.5540816 0.5839257 -0.4304197 0.4083665
27682.052000 0.9889697 0.0560141 1.3141381 -0.5614097 0.5768830 -0.4252332 0.4137654
27682.153000 0.9889442 0.0534324 1.3141280 -0.5617374 0.5765964 -0.4249908 0.4139692
27682.252000 0.9883109 -0.0091114 1.3141501 -0.5688082 0.5695357 -0.4198780 0.4192717
27682.353000 0.9883329 -0.0123177 1.3141424 0.5691995 -0.5691707 0.4195854 -0.4195291
27682.452000 0.9877868 -0.0122674 1.3142833 0.5689149 -0.5688688 0.4199777 -0.4199321
27682.552000 0.9823251 -0.0122175 1.3155927 0.5661551 -0.5660881 0.4236960 -0.4236678
27682.652000 0.9704827 -0.0124202 1.3181648 0.5600945 -0.5600830 0.4315736 -0.4316774
27682.753000 0.9554564 -0.0121303 1.3209298 0.5523715 -0.5522502 0.4415210 -0.4415481
27682.852000 0.9422286 -0.0120654 1.3229076 0.5454399 -0.5452833 0.4500680 -0.4501113
27682.952000 0.9349228 -0.0120160 1.3238201 0.5415628 -0.5413821 0.4547311 -0.4547909
27683.052000 0.9334727 -0.0107825 1.3240015 0.5452680 -0.5361370 0.4518320 -0.4594429
27683.152000 0.9335308 -0.0106792 1.3239960 0.5454732 -0.5359454 0.4516580 -0.4595940
27683.252000 0.9334992 -0.0113545 1.3239945 0.5440827 -0.5373577 0.4527617 -0.4585058
27683.352000 0.9335965 -0.0108147 1.3239893 0.5452859 -0.5361596 0.4518218 -0.4594053
27683.452000 0.9334986 -0.0109473 1.3239987 0.5454050 -0.5360288 0.4516406 -0.4595947
27683.552000 0.9334807 -0.0110786 1.3239964 0.5442418 -0.5371827 0.4527197 -0.4585635
27683.652000 0.9334569 -0.0110377 1.3240095 0.5451870 -0.5361172 0.4518345 -0.4595597
27683.752000 0.9334015 -0.0107159 1.3240116 0.5454027 -0.5359015 0.4517267 -0.4596613
27683.852000 0.9334458 -0.0106555 1.3240077 0.5454129 -0.5358915 0.4517220 -0.4596653
27683.952000 0.9334230 -0.0110720 1.3240046 0.5440818 -0.5372483 0.4528619 -0.4585360
27684.052000 0.9334792 -0.0110614 1.3240042 0.5451615 -0.5361558 0.4518527 -0.4595269
27684.152000 0.9333722 -0.0107083 1.3240132 0.5454067 -0.5358992 0.4517299 -0.4596561
27684.252000 0.9333578 -0.0113669 1.3240096 0.5440526 -0.5372853 0.4527993 -0.4585893
27684.352000 0.9334299 -0.0108159 1.3240050 0.5452718 -0.5360786 0.4518330 -0.4595056
27684.452000 0.9333773 -0.0106957 1.3240091 0.5454377 -0.5359172 0.4516979 -0.4596297
27684.552000 0.9333498 -0.0111204 1.3240076 0.5440675 -0.5372881 0.4528741 -0.4584944
27684.652000 0.9334423 -0.0107918 1.3240060 0.5452580 -0.5360519 0.4518593 -0.4595271
27684.752000 0.9333647 -0.0106908 1.3240131 0.5454200 -0.5358820 0.4517224 -0.4596677
27684.852000 0.9334025 -0.0113376 1.3240051 0.5441424 -0.5372171 0.4527185 -0.4586423
27684.952000 0.9335719 -0.0108098 1.3239910 0.5453242 -0.5361093 0.4517754 -0.4594641
27685.058000 0.9334981 -0.0106908 1.3239971 0.5454786 -0.5359506 0.4516524 -0.4595869
27685.152000 0.9335489 -0.0106380 1.3239927 0.5454895 -0.5359401 0.4516438 -0.4595948
27685.252000 0.9335390 -0.0113074 1.3239901 0.5441356 -0.5373133 0.4527112 -0.4585449
27685.352000 0.9336093 -0.0107894 1.3239889 0.5453491 -0.5360625 0.4517621 -0.4595022
27685.452000 0.9334997 -0.0106705 1.3239983 0.5455100 -0.5358900 0.4516343 -0.4596382
27685.552000 0.9334606 -0.0110859 1.3239981 0.5441756 -0.5372224 0.4527779 -0.4585382
27685.652000 0.9334591 -0.0108137 1.3240048 0.5451627 -0.5361601 0.4519401 -0.4594346
27685.752000 0.9333920 -0.0106991 1.3240116 0.5454043 -0.5359131 0.4517304 -0.4596421
27685.852000 0.9333772 -0.0111126 1.3240085 0.5440722 -0.5372573 0.4528745 -0.4585246
27685.952000 0.9334867 -0.0110469 1.3240065 0.5451746 -0.5361309 0.4518504 -0.4595428
27686.052000 0.9333849 -0.0107120 1.3240137 0.5453692 -0.5359197 0.4517703 -0.4596369
27686.152000 0.9333952 -0.0113605 1.3240086 0.5440497 -0.5372705 0.4528111 -0.4585983
27686.252000 0.9334065 -0.0108433 1.3240113 0.5452141 -0.5360748 0.4518932 -0.4595191
27686.352000 0.9333415 -0.0106946 1.3240153 0.5453813 -0.5359063 0.4517692 -0.4596392
27686.452000 0.9333781 -0.0113610 1.3240091 0.5440538 -0.5372678 0.4528069 -0.4586008
27686.552000 0.9335189 -0.0110494 1.3240032 0.5452276 -0.5360954 0.4517856 -0.4595850
27686.652000 0.9334727 -0.0109529 1.3240068 0.5454351 -0.5358922 0.4516021 -0.4597561
27686.753000 0.9334962 -0.0109063 1.3240050 0.5454407 -0.5358774 0.4515991 -0.4597696
27686.853000 0.9334245 -0.0110734 1.3240050 0.5440948 -0.5372261 0.4528538 -0.4585546
27686.952000 0.9334721 -0.0110292 1.3240080 0.5452009 -0.5360841 0.4518391 -0.4595773
27687.052000 0.9332491 -0.0106528 1.3240267 0.5453858 -0.5358580 0.4518275 -0.4596329
27687.152000 0.9332993 -0.0113294 1.3240179 0.5440164 -0.5372838 0.4529021 -0.4585324
27687.253000 0.9333606 -0.0107297 1.3240139 0.5453205 -0.5359846 0.4518626 -0.4595282
27687.352000 0.9334241 -0.0109379 1.3240090 0.5454253 -0.5359110 0.4516250 -0.4597232
27687.452000 0.9334392 -0.0113705 1.3240025 0.5440981 -0.5372755 0.4527588 -0.4585867
27687.552000 0.9335930 -0.0110412 1.3239928 0.5452322 -0.5361700 0.4517951 -0.4594831
27687.652000 0.9334321 -0.0109101 1.3240075 0.5454215 -0.5359557 0.4516860 -0.4596158
27687.752000 0.9333797 -0.0110651 1.3240062 0.5441503 -0.5372298 0.4528657 -0.4584728
27687.852000 0.9334644 -0.0107921 1.3240062 0.5452601 -0.5360970 0.4518960 -0.4594359
27687.952000 0.9335556 -0.0109557 1.3239972 0.5454049 -0.5359892 0.4516362 -0.4596453
27688.052000 0.9335409 -0.0113896 1.3239934 0.5440799 -0.5373329 0.4527665 -0.4585334
27688.152000 0.9335900 -0.0110577 1.3239935 0.5452026 -0.5361796 0.4518095 -0.4594929
27688.252000 0.9333530 -0.0106648 1.3240130 0.5454323 -0.5359010 0.4517616 -0.4595924
27688.352000 0.9333965 -0.0113039 1.3240058 0.5441828 -0.5372000 0.4527382 -0.4585950
27688.452000 0.9334071 -0.0107859 1.3240079 0.5453279 -0.5360529 0.4518299 -0.4594721
27688.552000 0.9334689 -0.0106907 1.3239995 0.5454694 -0.5359401 0.4516721 -0.4595908
27688.652000 0.9334638 -0.0111200 1.3239962 0.5441135 -0.5373000 0.4528380 -0.4584615
27688.752000 0.9335796 -0.0108027 1.3239937 0.5452361 -0.5361279 0.4518791 -0.4594451
27688.852000 0.9335718 -0.0109579 1.3239961 0.5453757 -0.5360023 0.4516697 -0.4596318
27688.952000 0.9335586 -0.0113900 1.3239929 0.5440650 -0.5373323 0.4527890 -0.4585297
27689.052000 0.9336039 -0.0110167 1.3239952 0.5452765 -0.5360891 0.4517636 -0.4595560
27689.153000 0.9335480 -0.0109526 1.3239995 0.5454064 -0.5359605 0.4516477 -0.4596657
27689.252000 0.9334298 -0.0111283 1.3240033 0.5440751 -0.5372694 0.4528859 -0.4584956
27689.352000 0.9335134 -0.0110347 1.3240030 0.5451911 -0.5361222 0.4518444 -0.4595392
27689.453000 0.9332099 -0.0106490 1.3240288 0.5454206 -0.5358239 0.4517970 -0.4596613
27689.552000 0.9332770 -0.0113149 1.3240203 0.5440913 -0.5372005 0.4528422 -0.4586003
27689.652000 0.9333201 -0.0107526 1.3240191 0.5452615 -0.5360094 0.4519205 -0.4595124
27689.752000 0.9334199 -0.0106927 1.3240093 0.5454064 -0.5358995 0.4517470 -0.4596392
27689.852000 0.9335232 -0.0109099 1.3240029 0.5453912 -0.5359314 0.4516670 -0.4596988
27689.953000 0.9334971 -0.0110727 1.3239981 0.5441649 -0.5371882 0.4528027 -0.4585664
27690.052000 0.9336869 -0.0108223 1.3239861 0.5452836 -0.5361206 0.4518191 -0.4594562
27690.152000 0.9336593 -0.0109522 1.3239892 0.5454167 -0.5360020 0.4516271 -0.4596252
27690.252000 0.9335417 -0.0111125 1.3239919 0.5441853 -0.5372277 0.4527712 -0.4585270
27690.352000 0.9335230 -0.0108190 1.3239975 0.5453310 -0.5360620 0.4517705 -0.4595160
27690.452000 0.9333446 -0.0108963 1.3240143 0.5454766 -0.5358936 0.4516274 -0.4596803
27690.552000 0.9333307 -0.0113336 1.3240121 0.5441408 -0.5372331 0.4527709 -0.4585738
27690.652000 0.9333083 -0.0107865 1.3240206 0.5452973 -0.5359898 0.4518657 -0.4595467
27690.753000 0.9335261 -0.0109502 1.3240013 0.5454010 -0.5359567 0.4516455 -0.4596787
27690.852000 0.9334377 -0.0111314 1.3240025 0.5440882 -0.5372575 0.4528665 -0.4585132
27690.952000 0.9335113 -0.0108493 1.3240028 0.5451688 -0.5361417 0.4519372 -0.4594517
27691.052000 0.9332236 -0.0106516 1.3240271 0.5453886 -0.5358616 0.4518274 -0.4596255
27691.152000 0.9333489 -0.0113246 1.3240132 0.5440834 -0.5372464 0.4528411 -0.4585570
27691.252000 0.9333810 -0.0107942 1.3240098 0.5452000 -0.5361381 0.4519532 -0.4594031
27691.352000 0.9336443 -0.0109618 1.3239885 0.5453869 -0.5360355 0.4516490 -0.4596002
27691.452000 0.9335131 -0.0111446 1.3239935 0.5440811 -0.5373176 0.4528619 -0.4584557
27691.552000 0.9336565 -0.0110192 1.3239888 0.5452558 -0.5361471 0.4517717 -0.4595049
27691.652000 0.9332651 -0.0106562 1.3240209 0.5454518 -0.5358583 0.4517508 -0.4596297
27691.752000 0.9332188 -0.0110729 1.3240202 0.5441237 -0.5371959 0.4528927 -0.4585174
27691.852000 0.9332337 -0.0107918 1.3240239 0.5452657 -0.5360289 0.4518940 -0.4595109
27691.952000 0.9334073 -0.0107212 1.3240059 0.5453674 -0.5359821 0.4517666 -0.4595699
27692.052000 0.9334062 -0.0111597 1.3240027 0.5439935 -0.5373632 0.4529498 -0.4584195
27692.152000 0.9334911 -0.0107906 1.3240018 0.5451883 -0.5361126 0.4519404 -0.4594592
27692.252000 0.9332924 -0.0109103 1.3240233 0.5453495 -0.5359247 0.4517665 -0.4596582
27692.352000 0.9332908 -0.0113800 1.3240180 0.5439554 -0.5373608 0.4529509 -0.4584664
27692.452000 0.9332446 -0.0107574 1.3240217 0.5452756 -0.5360239 0.4519014 -0.4594976
27692.552000 0.9335646 -0.0109632 1.3239955 0.5453641 -0.5360378 0.4516801 -0.4595939
27692.652000 0.9335250 -0.0117279 1.3239910 0.5431279 -0.5383090 0.4535827 -0.4577098
27692.752000 0.9335088 -0.0108921 1.3239982 0.5451374 -0.5362396 0.4519374 -0.4593744
27692.853000 0.9334184 -0.0107328 1.3240045 0.5453522 -0.5360094 0.4517783 -0.4595447
27692.952000 0.9334645 -0.0107160 1.3240008 0.5453176 -0.5360448 0.4518094 -0.4595139
27693.053000 0.9335092 -0.0107020 1.3239974 0.5452843 -0.5360828 0.4518374 -0.4594815
27693.152000 0.9334841 -0.0111552 1.3239952 0.5439048 -0.5374840 0.4530182 -0.4583153
27693.252000 0.9335494 -0.0108020 1.3239926 0.5451984 -0.5361810 0.4519143 -0.4593932
27693.352000 0.9332660 -0.0109224 1.3240216 0.5453586 -0.5359786 0.4517441 -0.4596066
27693.452000 0.9332755 -0.0113804 1.3240166 0.5439999 -0.5373617 0.4528992 -0.4584635
27693.552000 0.9333332 -0.0109781 1.3240188 0.5452484 -0.5360836 0.4518338 -0.4595267
27693.652000 0.9332951 -0.0109209 1.3240199 0.5454100 -0.5359271 0.4516864 -0.4596623
27693.752000 0.9332919 -0.0113860 1.3240158 0.5439810 -0.5373714 0.4529151 -0.4584588
27693.853000 0.9333887 -0.0109853 1.3240138 0.5452115 -0.5361058 0.4518791 -0.4595001
27693.952000 0.9331902 -0.0106884 1.3240272 0.5453397 -0.5359279 0.4518601 -0.4595741
27694.052000 0.9333138 -0.0113738 1.3240151 0.5439576 -0.5373768 0.4529488 -0.4584471
27694.152000 0.9334440 -0.0110438 1.3240084 0.5450867 -0.5362565 0.4519681 -0.4593848
27694.252000 0.9335552 -0.0107138 1.3239958 0.5454247 -0.5359371 0.4517127 -0.4596074
27694.352000 0.9335751 -0.0106922 1.3239942 0.5453772 -0.5359757 0.4517593 -0.4595729
27694.452000 0.9335581 -0.0111530 1.3239909 0.5439769 -0.5373965 0.4529581 -0.4583919
27694.552000 0.9335954 -0.0108091 1.3239928 0.5452131 -0.5361192 0.4519007 -0.4594613
27694.652000 0.9334839 -0.0107289 1.3240019 0.5453255 -0.5359937 0.4518132 -0.4595604
27694.752000 0.9336171 -0.0114196 1.3239886 0.5439374 -0.5374560 0.4529075 -0.4584189
27694.852000 0.9336397 -0.0110313 1.3239916 0.5451985 -0.5361662 0.4518286 -0.4594946
27694.952000 0.9332431 -0.0109325 1.3240256 0.5453290 -0.5359529 0.4517730 -0.4596433
27695.053000 0.9332773 -0.0113839 1.3240171 0.5439731 -0.5373615 0.4529291 -0.4584660
27695.152000 0.9333169 -0.0107582 1.3240139 0.5453043 -0.5360372 0.4518681 -0.4594808
27695.253000 0.9335744 -0.0107172 1.3239902 0.5454068 -0.5360068 0.4517324 -0.4595280
27695.352000 0.9335961 -0.0107100 1.3239885 0.5453573 -0.5360484 0.4517770 -0.4594944
27695.452000 0.9336012 -0.0111685 1.3239833 0.5439870 -0.5374506 0.4529461 -0.4583282
27695.552000 0.9338465 -0.0110199 1.3239714 0.5452452 -0.5362297 0.4517751 -0.4594176
27695.652000 0.9334110 -0.0109413 1.3240090 0.5453589 -0.5360286 0.4517298 -0.4595619
27695.752000 0.9334617 -0.0109383 1.3240045 0.5453153 -0.5360778 0.4517669 -0.4595199
27695.852000 0.9332735 -0.0112276 1.3240107 0.5437738 -0.5376034 0.4531723 -0.4581785
27695.952000 0.9333466 -0.0107493 1.3240068 0.5453420 -0.5360396 0.4518193 -0.4594812
27696.052000 0.9335993 -0.0107268 1.3239852 0.5454766 -0.5359784 0.4516500 -0.4595592
27696.153000 0.9336937 -0.0114282 1.3239778 0.5440254 -0.5374610 0.4528124 -0.4584026
27696.252000 0.9336619 -0.0110261 1.3239903 0.5452275 -0.5361319 0.4517983 -0.4595300
27696.352000 0.9332338 -0.0109257 1.3240281 0.5453861 -0.5358812 0.4517160 -0.4597152
27696.452000 0.9330816 -0.0111839 1.3240310 0.5440233 -0.5372452 0.4529649 -0.4585074
27696.552000 0.9333672 -0.0109898 1.3240105 0.5452050 -0.5361802 0.4518749 -0.4594250
27696.653000 0.9331432 -0.0107210 1.3240265 0.5454103 -0.5359162 0.4517762 -0.4595864
27696.752000 0.9332723 -0.0113533 1.3240157 0.5441177 -0.5372576 0.4528057 -0.4585381
27696.852000 0.9330864 -0.0106746 1.3240338 0.5452421 -0.5359777 0.4519732 -0.4595206
27696.953000 0.9332187 -0.0108926 1.3240285 0.5453582 -0.5359257 0.4517622 -0.4596509
27697.052000 0.9332632 -0.0109018 1.3240246 0.5453024 -0.5359858 0.4518059 -0.4596042
27697.152000 0.9332451 -0.0113635 1.3240196 0.5439108 -0.5374203 0.4529970 -0.4584040
27697.252000 0.9333768 -0.0109439 1.3240102 0.5453075 -0.5360590 0.4518014 -0.4595172
27697.352000 0.9330485 -0.0106578 1.3240339 0.5453162 -0.5359685 0.4519012 -0.4595142
27697.452000 0.9330057 -0.0110812 1.3240327 0.5439954 -0.5372926 0.4530338 -0.4584168
27697.552000 0.9331096 -0.0108036 1.3240336 0.5452424 -0.5360089 0.4519143 -0.4595417
27697.652000 0.9332113 -0.0109005 1.3240260 0.5453847 -0.5359206 0.4517243 -0.4596627
27697.752000 0.9332521 -0.0109046 1.3240221 0.5453285 -0.5359803 0.4517707 -0.4596141
27697.852000 0.9330442 -0.0111720 1.3240282 0.5437468 -0.5375460 0.4532296 -0.4582211
27697.952000 0.9334596 -0.0109763 1.3240012 0.5451881 -0.5362306 0.4518962 -0.4593653
27698.053000 0.9333548 -0.0109178 1.3240110 0.5453508 -0.5360543 0.4517527 -0.4595192
27698.153000 0.9330488 -0.0111177 1.3240286 0.5439470 -0.5373589 0.4530673 -0.4583634
27698.252000 0.9331711 -0.0109598 1.3240336 0.5451718 -0.5360656 0.4519381 -0.4595359
27698.352000 0.9329067 -0.0106594 1.3240498 0.5452822 -0.5358856 0.4519429 -0.4596102
27698.453000 0.9331526 -0.0113782 1.3240265 0.5438929 -0.5374153 0.4530222 -0.4584062
27698.552000 0.9331747 -0.0107140 1.3240223 0.5453112 -0.5360129 0.4518769 -0.4594922
27698.652000 0.9333205 -0.0108781 1.3240139 0.5454590 -0.5359349 0.4516554 -0.4596255
27698.752000 0.9332721 -0.0113550 1.3240131 0.5440537 -0.5373471 0.4528577 -0.4584578
27698.852000 0.9332977 -0.0109499 1.3240176 0.5452852 -0.5360557 0.4518108 -0.4595382
27698.953000 0.9332178 -0.0109064 1.3240238 0.5453727 -0.5359622 0.4517347 -0.4596182
27699.052000 0.9331953 -0.0113703 1.3240204 0.5439797 -0.5373715 0.4529279 -0.4584478
27699.152000 0.9330592 -0.0107047 1.3240321 0.5452343 -0.5360034 0.4519612 -0.4595117
27699.254000 0.9332220 -0.0108896 1.3240238 0.5453724 -0.5359400 0.4517408 -0.4596384
27699.352000 0.9332141 -0.0113643 1.3240189 0.5439851 -0.5373688 0.4529256 -0.4584467
27699.452000 0.9333292 -0.0109745 1.3240135 0.5451923 -0.5361874 0.4518988 -0.4594082
27699.552000 0.9332549 -0.0109141 1.3240196 0.5453295 -0.5360447 0.4517801 -0.4595287
27699.652000 0.9332234 -0.0113699 1.3240174 0.5439603 -0.5374199 0.4529513 -0.4583909
27699.752000 0.9332813 -0.0109516 1.3240199 0.5452857 -0.5360310 0.4518122 -0.4595650
27699.852000 0.9332358 -0.0108914 1.3240233 0.5453987 -0.5359218 0.4517161 -0.4596528
27699.952000 0.9331799 -0.0113495 1.3240243 0.5440043 -0.5373078 0.4529173 -0.4585037
27700.052000 0.9331652 -0.0109612 1.3240346 0.5451958 -0.5360156 0.4519116 -0.4595920
27700.152000 0.9328598 -0.0106524 1.3240544 0.5453075 -0.5358182 0.4519200 -0.4596813
27700.252000 0.9331421 -0.0113416 1.3240303 0.5439727 -0.5372942 0.4529578 -0.4585171
27700.352000 0.9331138 -0.0107039 1.3240296 0.5452423 -0.5360088 0.4519535 -0.4595035
27700.452000 0.9333064 -0.0108804 1.3240196 0.5453997 -0.5359356 0.4517169 -0.4596346
27700.552000 0.9329837 -0.0111012 1.3240363 0.5440180 -0.5372371 0.4530039 -0.4584847
27700.652000 0.9329560 -0.0107377 1.3240439 0.5451760 -0.5360277 0.4520190 -0.4594957
27700.752000 0.9331399 -0.0108895 1.3240333 0.5453423 -0.5359411 0.4517840 -0.4596304
27700.852000 0.9331352 -0.0113524 1.3240290 0.5439955 -0.5373153 0.4529313 -0.4584914
27700.952000 0.9329727 -0.0107156 1.3240419 0.5452467 -0.5359634 0.4519504 -0.4595544
27701.052000 0.9331628 -0.0108710 1.3240316 0.5454147 -0.5358768 0.4517125 -0.4596898
27701.152000 0.9331758 -0.0113521 1.3240250 0.5440254 -0.5373101 0.4528954 -0.4584975
27701.252000 0.9333155 -0.0110013 1.3240154 0.5451179 -0.5362469 0.4519530 -0.4593736
27701.352000 0.9332576 -0.0108916 1.3240212 0.5454142 -0.5359439 0.4516980 -0.4596264
27701.452000 0.9332303 -0.0113689 1.3240181 0.5439969 -0.5373865 0.4529152 -0.4584222
27701.554000 0.9333013 -0.0109769 1.3240160 0.5451667 -0.5362070 0.4519217 -0.4593933
27701.652000 0.9329549 -0.0106636 1.3240390 0.5453285 -0.5359406 0.4518867 -0.4595463
27701.752000 0.9332664 -0.0108968 1.3240188 0.5453052 -0.5360615 0.4518084 -0.4595101
27701.852000 0.9329292 -0.0111266 1.3240373 0.5439422 -0.5373249 0.4530730 -0.4584034
27701.952000 0.9331908 -0.0109294 1.3240286 0.5452411 -0.5360305 0.4518705 -0.4595612
27702.052000 0.9331082 -0.0108897 1.3240362 0.5453627 -0.5359036 0.4517622 -0.4596713
27702.152000 0.9331338 -0.0113606 1.3240286 0.5439752 -0.5373368 0.4529504 -0.4584714
27702.252000 0.9330416 -0.0107288 1.3240336 0.5451882 -0.5360646 0.4520087 -0.4594483
27702.352000 0.9329559 -0.0106447 1.3240406 0.5453578 -0.5358822 0.4518705 -0.4595957
27702.452000 0.9328853 -0.0111026 1.3240422 0.5440061 -0.5372312 0.4530265 -0.4584834
27702.552000 0.9331331 -0.0109372 1.3240343 0.5452656 -0.5359932 0.4518386 -0.4596071
27702.652000 0.9327941 -0.0106562 1.3240559 0.5453786 -0.5357818 0.4518392 -0.4597188
27702.753000 0.9327702 -0.0111095 1.3240524 0.5439991 -0.5371850 0.4530281 -0.4585442
27702.852000 0.9331834 -0.0109301 1.3240309 0.5452245 -0.5360611 0.4518847 -0.4595312
27702.952000 0.9331503 -0.0108969 1.3240319 0.5453450 -0.5359476 0.4517739 -0.4596294
27703.052000 0.9331881 -0.0108997 1.3240284 0.5453108 -0.5359837 0.4518039 -0.4595986
27703.152000 0.9331922 -0.0114161 1.3240210 0.5438069 -0.5375471 0.4530874 -0.4582892
27703.252000 0.9333689 -0.0109434 1.3240085 0.5452568 -0.5361526 0.4518409 -0.4594292
27703.352000 0.9332707 -0.0108904 1.3240172 0.5453929 -0.5360059 0.4517243 -0.4595535
27703.452000 0.9332167 -0.0113529 1.3240170 0.5440252 -0.5373789 0.4528985 -0.4584141
27703.552000 0.9329194 -0.0107465 1.3240412 0.5451648 -0.5360767 0.4520242 -0.4594467
27703.652000 0.9331476 -0.0108884 1.3240285 0.5453391 -0.5359984 0.4517851 -0.4595663
27703.752000 0.9328718 -0.0106814 1.3240443 0.5452858 -0.5359477 0.4519240 -0.4595521
27703.852000 0.9331433 -0.0113225 1.3240241 0.5440255 -0.5373164 0.4529087 -0.4584769
27703.952000 0.9332340 -0.0109302 1.3240277 0.5452748 -0.5360054 0.4518250 -0.4595952
27704.052000 0.9331473 -0.0108879 1.3240328 0.5453790 -0.5358964 0.4517350 -0.4596871
27704.152000 0.9331231 -0.0113496 1.3240295 0.5440139 -0.5372756 0.4529063 -0.4585408
27704.252000 0.9329714 -0.0107872 1.3240462 0.5452402 -0.5359225 0.4519264 -0.4596333
27704.352000 0.9331490 -0.0108794 1.3240332 0.5453649 -0.5358788 0.4517562 -0.4597035
27704.452000 0.9331262 -0.0113635 1.3240280 0.5439580 -0.5373333 0.4529604 -0.4584862
27704.552000 0.9328977 -0.0107821 1.3240424 0.5450651 -0.5361514 0.4521080 -0.4593954
27704.652000 0.9331560 -0.0108884 1.3240276 0.5453296 -0.5359899 0.4517923 -0.4595804
27704.752000 0.9331843 -0.0109014 1.3240243 0.5452843 -0.5360406 0.4518287 -0.4595392
27704.852000 0.9331676 -0.0113757 1.3240197 0.5439007 -0.5374591 0.4530078 -0.4583599
27704.952000 0.9333468 -0.0109191 1.3240125 0.5453104 -0.5360597 0.4517916 -0.4595226
27705.052000 0.9332376 -0.0108733 1.3240213 0.5454205 -0.5359386 0.4516976 -0.4596254
27705.153000 0.9331966 -0.0113529 1.3240178 0.5440190 -0.5373693 0.4528937 -0.4584374
27705.252000 0.9332567 -0.0109206 1.3240220 0.5453453 -0.5360252 0.4517501 -0.4595621
27705.352000 0.9328666 -0.0106665 1.3240424 0.5454375 -0.5358218 0.4517625 -0.4596776
27705.452000 0.9332286 -0.0108669 1.3240176 0.5454124 -0.5359653 0.4516965 -0.4596050
27705.553000 0.9331879 -0.0113550 1.3240152 0.5440019 -0.5373974 0.4529023 -0.4584163
27705.652000 0.9332770 -0.0109469 1.3240174 0.5452053 -0.5361568 0.4518849 -0.4594422
27705.752000 0.9328068 -0.0106955 1.3240473 0.5453209 -0.5359059 0.4518761 -0.4596064
27705.852000 0.9328086 -0.0106924 1.3240451 0.5452685 -0.5359537 0.4519265 -0.4595632
27705.952000 0.9328261 -0.0107001 1.3240420 0.5452187 -0.5360081 0.4519688 -0.4595172
27706.052000 0.9331476 -0.0114188 1.3240156 0.5437319 -0.5376618 0.4531479 -0.4581839
27706.152000 0.9329754 -0.0107539 1.3240317 0.5451757 -0.5361148 0.4520034 -0.4594098
27706.252000 0.9331864 -0.0108772 1.3240214 0.5453686 -0.5360219 0.4517522 -0.4595361
27706.352000 0.9330950 -0.0113540 1.3240250 0.5439617 -0.5374015 0.4529626 -0.4583996
27706.452000 0.9330293 -0.0109542 1.3240438 0.5451396 -0.5360640 0.4519744 -0.4595405
27706.552000 0.9329609 -0.0109002 1.3240476 0.5452395 -0.5359627 0.4518920 -0.4596210
27706.652000 0.9329804 -0.0109069 1.3240443 0.5451874 -0.5360171 0.4519378 -0.4595744
27706.752000 0.9325716 -0.0111816 1.3240641 0.5437815 -0.5373213 0.4532268 -0.4584462
27706.852000 0.9328139 -0.0109901 1.3240571 0.5451202 -0.5359990 0.4519801 -0.4596336
27706.952000 0.9333994 -0.0109041 1.3240047 0.5453926 -0.5358654 0.4517133 -0.4597285
27707.053000 0.9334221 -0.0111300 1.3239920 0.5440768 -0.5372443 0.4528919 -0.4585171
27707.153000 0.9340512 -0.0109725 1.3239494 0.5452080 -0.5363386 0.4518309 -0.4592798
27707.252000 0.9336098 -0.0107132 1.3239785 0.5454067 -0.5360091 0.4517433 -0.4595146
27707.352000 0.9335310 -0.0111667 1.3239781 0.5440560 -0.5373674 0.4529013 -0.4583882
27707.452000 0.9335700 -0.0107530 1.3239829 0.5453470 -0.5360347 0.4517887 -0.4595109
27707.552000 0.9334575 -0.0106945 1.3239902 0.5454494 -0.5359165 0.4517076 -0.4596072
27707.652000 0.9334432 -0.0111694 1.3239847 0.5440474 -0.5373451 0.4529114 -0.4584145
27707.752000 0.9338985 -0.0109537 1.3239702 0.5453080 -0.5361747 0.4517545 -0.4594275
27707.852000 0.9330662 -0.0108713 1.3240334 0.5453773 -0.5359310 0.4517511 -0.4596331
27707.952000 0.9330118 -0.0113480 1.3240322 0.5439632 -0.5373487 0.4529638 -0.4584585
27708.052000 0.9327459 -0.0109977 1.3240617 0.5451635 -0.5359652 0.4519340 -0.4596670
27708.153000 0.9333949 -0.0107161 1.3240000 0.5453678 -0.5359158 0.4517990 -0.4596149
27708.252000 0.9333879 -0.0111730 1.3239938 0.5440066 -0.5373051 0.4529642 -0.4584578
27708.352000 0.9337199 -0.0108478 1.3239791 0.5452230 -0.5361308 0.4518802 -0.4594561
27708.452000 0.9330819 -0.0108651 1.3240362 0.5453738 -0.5358714 0.4517500 -0.4597078
27708.552000 0.9326963 -0.0107010 1.3240579 0.5452969 -0.5358117 0.4518988 -0.4597223
27708.652000 0.9330361 -0.0113834 1.3240308 0.5437954 -0.5374737 0.4531079 -0.4583688
27708.752000 0.9331204 -0.0109361 1.3240333 0.5451504 -0.5360871 0.4519615 -0.4595132
27708.853000 0.9325955 -0.0107213 1.3240680 0.5452390 -0.5358443 0.4519665 -0.4596864
27708.952000 0.9325621 -0.0111399 1.3240638 0.5439725 -0.5371407 0.4530490 -0.4586070
27709.052000 0.9326168 -0.0109087 1.3240691 0.5451575 -0.5359381 0.4519709 -0.4596694
27709.152000 0.9335670 -0.0107432 1.3239839 0.5453443 -0.5360091 0.4517996 -0.4595333
27709.252000 0.9335932 -0.0107345 1.3239798 0.5453117 -0.5360461 0.4518302 -0.4594990
27709.352000 0.9335479 -0.0112196 1.3239762 0.5438848 -0.5375062 0.4530507 -0.4582810
27709.452000 0.9340482 -0.0109717 1.3239498 0.5451882 -0.5363393 0.4518631 -0.4592708
27709.552000 0.9339632 -0.0109093 1.3239572 0.5453656 -0.5361554 0.4517081 -0.4594275
27709.652000 0.9339082 -0.0113763 1.3239558 0.5439951 -0.5375393 0.4528805 -0.4582795
27709.752000 0.9338898 -0.0109709 1.3239668 0.5452167 -0.5362584 0.4518390 -0.4593553
27709.852000 0.9325371 -0.0107336 1.3240700 0.5453166 -0.5358041 0.4518773 -0.4597289
27709.952000 0.9329178 -0.0112801 1.3240420 0.5441480 -0.5371189 0.4528078 -0.4586625
27710.052000 0.9329472 -0.0109548 1.3240531 0.5451376 -0.5360592 0.4519641 -0.4595584
27710.152000 0.9338182 -0.0108801 1.3239737 0.5454292 -0.5359888 0.4516665 -0.4595873
27710.252000 0.9334011 -0.0112125 1.3239935 0.5440308 -0.5372815 0.4529325 -0.4584880
27710.352000 0.9336422 -0.0108191 1.3239816 0.5452750 -0.5360787 0.4518444 -0.4594904
27710.452000 0.9330580 -0.0108680 1.3240382 0.5454015 -0.5358617 0.4517206 -0.4597150
27710.552000 0.9330729 -0.0113309 1.3240304 0.5440894 -0.5372219 0.4528381 -0.4585815
27710.652000 0.9328823 -0.0108651 1.3240465 0.5452221 -0.5360046 0.4519057 -0.4595793
27710.752000 0.9339818 -0.0108669 1.3239558 0.5455154 -0.5360118 0.4515717 -0.4595512
27710.852000 0.9335349 -0.0111863 1.3239788 0.5442059 -0.5372035 0.4527595 -0.4585425
27710.953000 0.9340411 -0.0110860 1.3239524 0.5453611 -0.5361872 0.4516442 -0.4594584
27711.052000 0.9326565 -0.0107849 1.3240581 0.5453175 -0.5358695 0.4518472 -0.4596812
27711.152000 0.9330909 -0.0108778 1.3240302 0.5453865 -0.5359402 0.4517292 -0.4596328
27711.252000 0.9330765 -0.0113519 1.3240275 0.5440315 -0.5373123 0.4528858 -0.4584972
27711.352000 0.9331953 -0.0109570 1.3240263 0.5451623 -0.5361391 0.4519182 -0.4594811
27711.452000 0.9330954 -0.0109003 1.3240351 0.5453270 -0.5359598 0.4517776 -0.4596331
27711.552000 0.9326172 -0.0112430 1.3240591 0.5439712 -0.5371921 0.4530016 -0.4585951
27711.652000 0.9330582 -0.0108821 1.3240364 0.5452818 -0.5360068 0.4518314 -0.4595790
27711.752000 0.9330106 -0.0108584 1.3240390 0.5454431 -0.5358452 0.4516804 -0.4597244
27711.852000 0.9325975 -0.0112108 1.3240586 0.5440963 -0.5370875 0.4528896 -0.4586799
27711.952000 0.9329723 -0.0124485 1.3240235 0.5408578 -0.5405357 0.4555712 -0.4557947
27712.052000 0.9330189 -0.0124610 1.3240193 0.5408395 -0.5405671 0.4555828 -0.4557677
27712.152000 0.9326201 -0.0123552 1.3240423 0.5408045 -0.5404636 0.4556710 -0.4558438
27712.252000 0.9326318 -0.0123462 1.3240404 0.5408243 -0.5404485 0.4556545 -0.4558547
27712.352000 0.9326554 -0.0123403 1.3240378 0.5408462 -0.5404367 0.4556342 -0.4558629
27712.452000 0.9326779 -0.0123345 1.3240352 0.5408685 -0.5404252 0.4556136 -0.4558708
27712.552000 0.9326993 -0.0123286 1.3240328 0.5408910 -0.5404139 0.4555926 -0.4558784
27712.652000 0.9331401 -0.0124213 1.3240048 0.5409689 -0.5404922 0.4554657 -0.4558200
27712.752000 0.9331772 -0.0124196 1.3240014 0.5409939 -0.5404848 0.4554401 -0.4558247
27712.852000 0.9331928 -0.0124137 1.3239995 0.5410156 -0.5404730 0.4554201 -0.4558329
27712.953000 0.9332284 -0.0124077 1.3239956 0.5410425 -0.5404658 0.4553940 -0.4558356
27713.052000 0.9332419 -0.0124018 1.3239938 0.5410642 -0.5404536 0.4553740 -0.4558441
27713.152000 0.9332587 -0.0123958 1.3239918 0.5410868 -0.5404423 0.4553531 -0.4558517
27713.252000 0.9332759 -0.0123899 1.3239896 0.5411095 -0.5404312 0.4553320 -0.4558591
27713.352000 0.9328763 -0.0122864 1.3240129 0.5410774 -0.5403313 0.4554158 -0.4559318
27713.452000 0.9332920 -0.0123739 1.3239865 0.5411525 -0.5404051 0.4552942 -0.4558767
27713.553000 0.9329095 -0.0122746 1.3240088 0.5411226 -0.5403089 0.4553737 -0.4559467
27713.652000 0.9333246 -0.0123620 1.3239824 0.5411976 -0.5403826 0.4552522 -0.4558917
27713.752000 0.9329374 -0.0122618 1.3240050 0.5411669 -0.5402855 0.4553330 -0.4559624
27713.852000 0.9333561 -0.0123501 1.3239784 0.5412425 -0.5403598 0.4552105 -0.4559070
27713.953000 0.9333888 -0.0123483 1.3239754 0.5412670 -0.5403522 0.4551855 -0.4559119
27714.052000 0.9334037 -0.0123424 1.3239735 0.5412893 -0.5403406 0.4551649 -0.4559198
27714.152000 0.9329934 -0.0122371 1.3239976 0.5412557 -0.5402383 0.4552513 -0.4559946
27714.252000 0.9329943 -0.0122281 1.3239966 0.5412759 -0.5402239 0.4552344 -0.4560046
27714.352000 0.9334286 -0.0123202 1.3239691 0.5413534 -0.5403014 0.4551080 -0.4559470
27714.452000 0.9334602 -0.0123185 1.3239662 0.5413777 -0.5402933 0.4550833 -0.4559524
27714.552000 0.9334736 -0.0123125 1.3239644 0.5413995 -0.5402813 0.4550631 -0.4559608
27714.652000 0.9334867 -0.0123065 1.3239627 0.5414213 -0.5402693 0.4550431 -0.4559692
27714.752000 0.9334996 -0.0123006 1.3239610 0.5414430 -0.5402571 0.4550231 -0.4559777
27714.852000 0.9335122 -0.0122946 1.3239593 0.5414646 -0.5402449 0.4550032 -0.4559864
27714.952000 0.9335245 -0.0122887 1.3239576 0.5414860 -0.5402328 0.4549836 -0.4559949
27715.052000 0.9335366 -0.0122827 1.3239560 0.5415075 -0.5402204 0.4549639 -0.4560037
27715.152000 0.9335483 -0.0122767 1.3239544 0.5415290 -0.5402078 0.4549441 -0.4560127
27715.252000 0.9335599 -0.0122707 1.3239528 0.5415504 -0.5401953 0.4549246 -0.4560217
27715.352000 0.9335711 -0.0122648 1.3239513 0.5415716 -0.5401828 0.4549052 -0.4560307
27715.452000 0.9335822 -0.0122588 1.3239497 0.5415928 -0.5401701 0.4548858 -0.4560399
27715.552000 0.9331764 -0.0121559 1.3239737 0.5415591 -0.5400688 0.4549715 -0.4561145
27715.653000 0.9335858 -0.0122427 1.3239478 0.5416327 -0.5401408 0.4548518 -0.4560611
27715.752000 0.9336139 -0.0122410 1.3239453 0.5416559 -0.5401319 0.4548283 -0.4560676
27715.852000 0.9336239 -0.0122349 1.3239438 0.5416769 -0.5401189 0.4548092 -0.4560771
27715.953000 0.9332172 -0.0121321 1.3239679 0.5416430 -0.5400173 0.4548951 -0.4561520
27716.052000 0.9336257 -0.0122189 1.3239421 0.5417163 -0.5400891 0.4547758 -0.4560990
27716.152000 0.9336528 -0.0122170 1.3239397 0.5417393 -0.5400797 0.4547525 -0.4561059
27716.252000 0.9336620 -0.0122110 1.3239383 0.5417600 -0.5400666 0.4547337 -0.4561156
27716.352000 0.9336710 -0.0122051 1.3239370 0.5417806 -0.5400533 0.4547150 -0.4561254
27716.452000 0.9336798 -0.0121991 1.3239357 0.5418010 -0.5400402 0.4546966 -0.4561351
27716.552000 0.9336884 -0.0121932 1.3239344 0.5418215 -0.5400269 0.4546780 -0.4561451
27716.652000 0.9336967 -0.0121871 1.3239331 0.5418421 -0.5400133 0.4546594 -0.4561552
27716.752000 0.9337049 -0.0121812 1.3239319 0.5418625 -0.5399999 0.4546410 -0.4561653
27716.853000 0.9337129 -0.0121752 1.3239306 0.5418828 -0.5399863 0.4546227 -0.4561754
27716.952000 0.9333041 -0.0120727 1.3239550 0.5418482 -0.5398842 0.4547093 -0.4562510
27717.052000 0.9337105 -0.0121591 1.3239293 0.5419210 -0.5399554 0.4545907 -0.4561986
27717.152000 0.9337356 -0.0121573 1.3239271 0.5419435 -0.5399455 0.4545680 -0.4562062
27717.252000 0.9337428 -0.0121513 1.3239259 0.5419636 -0.5399317 0.4545500 -0.4562166
27717.352000 0.9333333 -0.0120489 1.3239504 0.5419288 -0.5398294 0.4546368 -0.4562925
27717.452000 0.9337390 -0.0121352 1.3239248 0.5420013 -0.5399004 0.4545184 -0.4562403
27717.552000 0.9337634 -0.0121334 1.3239226 0.5420234 -0.5398904 0.4544962 -0.4562479
27717.652000 0.9337698 -0.0121274 1.3239215 0.5420435 -0.5398763 0.4544782 -0.4562587
27717.752000 0.9337762 -0.0121214 1.3239204 0.5420634 -0.5398623 0.4544604 -0.4562694
27717.852000 0.9337823 -0.0121154 1.3239194 0.5420832 -0.5398483 0.4544427 -0.4562801
27717.952000 0.9337883 -0.0121094 1.3239184 0.5421029 -0.5398342 0.4544250 -0.4562909
27718.052000 0.9333734 -0.0120063 1.3239432 0.5420671 -0.5397308 0.4545134 -0.4563677
27718.152000 0.9337782 -0.0120925 1.3239177 0.5421393 -0.5398015 0.4543954 -0.4563159
27718.252000 0.9338053 -0.0120915 1.3239154 0.5421619 -0.5397917 0.4543723 -0.4563235
27718.352000 0.9338107 -0.0120855 1.3239144 0.5421815 -0.5397775 0.4543548 -0.4563345
27718.452000 0.9338159 -0.0120796 1.3239134 0.5422011 -0.5397632 0.4543374 -0.4563456
27718.552000 0.9338210 -0.0120736 1.3239125 0.5422206 -0.5397488 0.4543200 -0.4563567
27718.652000 0.9338259 -0.0120676 1.3239116 0.5422400 -0.5397344 0.4543027 -0.4563678
27718.753000 0.9334140 -0.0119656 1.3239363 0.5422046 -0.5396315 0.4543903 -0.4564445
27718.852000 0.9338175 -0.0120516 1.3239109 0.5422765 -0.5397018 0.4542726 -0.4563930
27718.953000 0.9338397 -0.0120497 1.3239089 0.5422981 -0.5396910 0.4542510 -0.4564015
27719.052000 0.9338441 -0.0120438 1.3239080 0.5423173 -0.5396766 0.4542340 -0.4564127
27719.152000 0.9338483 -0.0120377 1.3239072 0.5423367 -0.5396619 0.4542168 -0.4564242
27719.252000 0.9338524 -0.0120318 1.3239064 0.5423559 -0.5396473 0.4541997 -0.4564356
27719.352000 0.9338563 -0.0120258 1.3239055 0.5423749 -0.5396328 0.4541829 -0.4564470
27719.452000 0.9334395 -0.0119231 1.3239306 0.5423387 -0.5395287 0.4542718 -0.4565246
27719.552000 0.9334255 -0.0119130 1.3239309 0.5423556 -0.5395101 0.4542592 -0.4565391
27719.652000 0.9334290 -0.0119071 1.3239301 0.5423747 -0.5394953 0.4542423 -0.4565507
27719.752000 0.9334325 -0.0119011 1.3239293 0.5423937 -0.5394805 0.4542254 -0.4565623
27719.852000 0.9338564 -0.0119918 1.3239027 0.5424681 -0.5395550 0.4541028 -0.4565078
27719.952000 0.9334607 -0.0118942 1.3239265 0.5424345 -0.5394554 0.4541864 -0.4565823
27720.052000 0.9338626 -0.0119799 1.3239012 0.5425060 -0.5395252 0.4540693 -0.4565313
27720.152000 0.9338833 -0.0119780 1.3238994 0.5425272 -0.5395140 0.4540482 -0.4565403
27720.253000 0.9338862 -0.0119720 1.3238987 0.5425461 -0.5394990 0.4540316 -0.4565521
27720.352000 0.9338889 -0.0119661 1.3238980 0.5425650 -0.5394840 0.4540150 -0.4565640
27720.452000 0.9338915 -0.0119601 1.3238973 0.5425838 -0.5394690 0.4539984 -0.4565759
27720.552000 0.9338940 -0.0119541 1.3238966 0.5426025 -0.5394539 0.4539819 -0.4565878
27720.652000 0.9334757 -0.0118517 1.3239218 0.5425656 -0.5393496 0.4540714 -0.4566658
27720.752000 0.9338812 -0.0119382 1.3238964 0.5426377 -0.5394200 0.4539534 -0.4566145
27720.852000 0.9334843 -0.0118407 1.3239203 0.5426037 -0.5393200 0.4540373 -0.4566894
27720.952000 0.9334647 -0.0118298 1.3239210 0.5426195 -0.5393002 0.4540264 -0.4567049
27721.052000 0.9338831 -0.0119193 1.3238947 0.5426929 -0.5393736 0.4539054 -0.4566513
27721.152000 0.9339069 -0.0119183 1.3238927 0.5427145 -0.5393629 0.4538834 -0.4566601
27721.252000 0.9334871 -0.0118157 1.3239181 0.5426780 -0.5392576 0.4539727 -0.4567391
27721.352000 0.9334721 -0.0118061 1.3239185 0.5426938 -0.5392392 0.4539611 -0.4567535
27721.453000 0.9334737 -0.0118002 1.3239179 0.5427122 -0.5392240 0.4539450 -0.4567656
27721.552000 0.9334752 -0.0117942 1.3239174 0.5427307 -0.5392087 0.4539288 -0.4567779
27721.653000 0.9334766 -0.0117882 1.3239168 0.5427493 -0.5391931 0.4539125 -0.4567903
27721.752000 0.9338986 -0.0118784 1.3238903 0.5428232 -0.5392670 0.4537906 -0.4567364
27721.852000 0.9335009 -0.0117813 1.3239144 0.5427890 -0.5391669 0.4538748 -0.4568116
27721.952000 0.9339010 -0.0118665 1.3238892 0.5428600 -0.5392361 0.4537584 -0.4567611
27722.052000 0.9339198 -0.0118646 1.3238876 0.5428807 -0.5392244 0.4537379 -0.4567708
27722.152000 0.9339208 -0.0118586 1.3238871 0.5428990 -0.5392089 0.4537219 -0.4567832
27722.253000 0.9339218 -0.0118527 1.3238865 0.5429172 -0.5391935 0.4537060 -0.4567955
27722.352000 0.9339226 -0.0118468 1.3238860 0.5429355 -0.5391779 0.4536901 -0.4568080
27722.453000 0.9339233 -0.0118408 1.3238855 0.5429539 -0.5391622 0.4536740 -0.4568207
27722.553000 0.9339240 -0.0118348 1.3238850 0.5429721 -0.5391466 0.4536580 -0.4568332
27722.652000 0.9335079 -0.0117338 1.3239102 0.5429354 -0.5390425 0.4537469 -0.4569114
27722.753000 0.9334867 -0.0117230 1.3239111 0.5429507 -0.5390223 0.4537365 -0.4569274
27722.852000 0.9339037 -0.0118120 1.3238850 0.5430237 -0.5390951 0.4536161 -0.4568743
27722.952000 0.9339260 -0.0118110 1.3238831 0.5430447 -0.5390841 0.4535948 -0.4568835
27723.052000 0.9339263 -0.0118051 1.3238827 0.5430629 -0.5390684 0.4535790 -0.4568962
27723.152000 0.9339265 -0.0117990 1.3238822 0.5430811 -0.5390525 0.4535631 -0.4569090
27723.252000 0.9335058 -0.0116974 1.3239077 0.5430435 -0.5389476 0.4536532 -0.4569879
27723.352000 0.9339092 -0.0117831 1.3238824 0.5431150 -0.5390172 0.4535360 -0.4569372
27723.452000 0.9339267 -0.0117811 1.3238809 0.5431355 -0.5390050 0.4535157 -0.4569474
27723.552000 0.9339267 -0.0117752 1.3238805 0.5431534 -0.5389893 0.4535002 -0.4569600
27723.652000 0.9335098 -0.0116745 1.3239058 0.5431164 -0.5388851 0.4535893 -0.4570385
27723.752000 0.9339087 -0.0117593 1.3238808 0.5431871 -0.5389539 0.4534733 -0.4569884
27723.852000 0.9339262 -0.0117573 1.3238793 0.5432074 -0.5389418 0.4534533 -0.4569985
27723.952000 0.9339259 -0.0117514 1.3238789 0.5432254 -0.5389259 0.4534377 -0.4570113
27724.052000 0.9335087 -0.0116508 1.3239042 0.5431883 -0.5388216 0.4535268 -0.4570899
27724.152000 0.9339074 -0.0117355 1.3238792 0.5432589 -0.5388903 0.4534110 -0.4570399
27724.252000 0.9339246 -0.0117335 1.3238777 0.5432791 -0.5388781 0.4533910 -0.4570501
27724.352000 0.9339240 -0.0117276 1.3238774 0.5432970 -0.5388621 0.4533755 -0.4570630
27724.452000 0.9339235 -0.0117217 1.3238770 0.5433147 -0.5388463 0.4533601 -0.4570758
27724.552000 0.9339228 -0.0117157 1.3238766 0.5433327 -0.5388302 0.4533445 -0.4570890
27724.652000 0.9339221 -0.0117097 1.3238763 0.5433506 -0.5388142 0.4533290 -0.4571020
27724.752000 0.9335204 -0.0116130 1.3239007 0.5433155 -0.5387131 0.4534143 -0.4571782
27724.852000 0.9334820 -0.0115985 1.3239026 0.5433284 -0.5386891 0.4534083 -0.4571971
27724.952000 0.9334811 -0.0115926 1.3239023 0.5433461 -0.5386730 0.4533929 -0.4572102
27725.052000 0.9334802 -0.0115867 1.3239020 0.5433639 -0.5386570 0.4533775 -0.4572233
27725.152000 0.9338958 -0.0116751 1.3238759 0.5434365 -0.5387294 0.4532576 -0.4571706
27725.252000 0.9335001 -0.0115798 1.3239000 0.5434023 -0.5386294 0.4533413 -0.4572460
27725.352000 0.9338937 -0.0116632 1.3238753 0.5434720 -0.5386971 0.4532269 -0.4571968
27725.452000 0.9339145 -0.0116622 1.3238736 0.5434926 -0.5386857 0.4532061 -0.4572065
27725.552000 0.9339134 -0.0116563 1.3238733 0.5435103 -0.5386695 0.4531908 -0.4572197
27725.652000 0.9339121 -0.0116504 1.3238730 0.5435280 -0.5386533 0.4531755 -0.4572328
27725.752000 0.9339108 -0.0116444 1.3238727 0.5435458 -0.5386370 0.4531601 -0.4572462
27725.852000 0.9917661 -0.0116281 1.3238985 0.5431391 -0.5389028 0.4535640 -0.4570157
27725.952000 0.9934534 -0.0116491 1.3239806 0.5427905 -0.5386533 0.4539551 -0.4573356
27726.052000 0.9934867 -0.0116425 1.3239774 0.5428084 -0.5386370 0.4539402 -0.4573484
27726.152000 0.9935171 -0.0116363 1.3239743 0.5428274 -0.5386222 0.4539234 -0.4573599
27726.252000 0.9939628 -0.0117250 1.3239458 0.5429027 -0.5386971 0.4538003 -0.4573044
27726.352000 0.9940109 -0.0117238 1.3239416 0.5429267 -0.5386886 0.4537755 -0.4573105
27726.452000 0.9936186 -0.0116230 1.3239644 0.5428929 -0.5385881 0.4538607 -0.4573845
27726.552000 0.9936207 -0.0116120 1.3239631 0.5429123 -0.5385715 0.4538456 -0.4573961
27726.652000 0.9936437 -0.0116059 1.3239605 0.5429345 -0.5385602 0.4538248 -0.4574036
27726.752000 0.9936658 -0.0115998 1.3239580 0.5429575 -0.5385486 0.4538034 -0.4574112
27726.852000 0.9941051 -0.0116884 1.3239298 0.5430354 -0.5386263 0.4536773 -0.4573524
27726.952000 0.9941485 -0.0116872 1.3239259 0.5430614 -0.5386201 0.4536501 -0.4573557
27727.052000 0.9937521 -0.0115856 1.3239490 0.5430298 -0.5385209 0.4537331 -0.4574278
27727.152000 0.9941608 -0.0116702 1.3239231 0.5431032 -0.5385924 0.4536140 -0.4573746
27727.252000 0.9941992 -0.0116690 1.3239197 0.5431283 -0.5385854 0.4535878 -0.4573789
27727.352000 0.9942188 -0.0116629 1.3239173 0.5431515 -0.5385746 0.4535661 -0.4573857
27727.452000 0.9938202 -0.0115625 1.3239407 0.5431192 -0.5384753 0.4536495 -0.4574583
27727.552000 0.9942331 -0.0116458 1.3239142 0.5431943 -0.5385479 0.4535288 -0.4574033
27727.652000 0.9938553 -0.0115504 1.3239364 0.5431647 -0.5384531 0.4536069 -0.4574726
27727.752000 0.9938501 -0.0115393 1.3239356 0.5431846 -0.5384370 0.4535911 -0.4574835
27727.852000 0.9938666 -0.0115332 1.3239336 0.5432072 -0.5384256 0.4535701 -0.4574910
27727.952000 0.9938827 -0.0115272 1.3239315 0.5432297 -0.5384142 0.4535491 -0.4574985
27728.052000 0.9938985 -0.0115212 1.3239296 0.5432519 -0.5384028 0.4535284 -0.4575060
27728.152000 0.9939138 -0.0115151 1.3239276 0.5432744 -0.5383911 0.4535075 -0.4575139
27728.252000 0.9939289 -0.0115091 1.3239257 0.5432966 -0.5383794 0.4534868 -0.4575217
27728.352000 0.9939437 -0.0115031 1.3239238 0.5433186 -0.5383678 0.4534664 -0.4575295
27728.452000 0.9943752 -0.0115911 1.3238962 0.5433959 -0.5384442 0.4533411 -0.4574719
27728.552000 0.9939942 -0.0114959 1.3239187 0.5433656 -0.5383487 0.4534201 -0.4575421
27728.652000 0.9944116 -0.0115809 1.3238920 0.5434409 -0.5384221 0.4532983 -0.4574868
27728.752000 0.9924511 -0.0125339 1.3240566 -0.5401310 0.5411079 -0.4562401 0.4553084
27728.852000 0.9928848 -0.0126841 1.3240280 -0.5400215 0.5413669 -0.4562755 0.4550949
27728.952000 0.9929345 -0.0126823 1.3240238 -0.5400421 0.5413551 -0.4562554 0.4551045
27729.052000 0.9929638 -0.0126764 1.3240208 -0.5400617 0.5413408 -0.4562382 0.4551157
27729.152000 0.9929910 -0.0126705 1.3240179 -0.5400822 0.5413275 -0.4562196 0.4551257
27729.252000 0.9930166 -0.0126646 1.3240152 -0.5401035 0.5413149 -0.4562003 0.4551348
27729.352000 0.9930407 -0.0126588 1.3240125 -0.5401253 0.5413029 -0.4561802 0.4551433
27729.452000 0.9926431 -0.0125531 1.3240355 -0.5400921 0.5412017 -0.4562661 0.4552171
27729.552000 0.9930681 -0.0126429 1.3240084 -0.5401676 0.5412761 -0.4561434 0.4551619
27729.653000 0.9927378 -0.0135840 1.3240311 -0.5374009 0.5439641 -0.4584657 0.4528935
27729.752000 0.9930779 -0.0144016 1.3239810 -0.5348043 0.5465881 -0.4606328 0.4506033
27729.852000 0.9929059 -0.0153253 1.3239822 -0.5320582 0.5492545 -0.4628890 0.4482938
27729.952000 0.9929341 -0.0153574 1.3239786 -0.5319655 0.5493479 -0.4629650 0.4482109
27730.053000 0.9929644 -0.0153522 1.3239754 -0.5319843 0.5493329 -0.4629491 0.4482234
27730.152000 0.9929923 -0.0153471 1.3239724 -0.5320043 0.5493192 -0.4629317 0.4482344
27730.252000 0.9934315 -0.0154534 1.3239440 -0.5320785 0.5493961 -0.4628070 0.4481808
27730.352000 0.9934774 -0.0154540 1.3239399 -0.5321028 0.5493888 -0.4627821 0.4481867
27730.452000 0.9935005 -0.0154487 1.3239372 -0.5321249 0.5493772 -0.4627620 0.4481953
27730.552000 0.9931054 -0.0153310 1.3239604 -0.5320935 0.5492756 -0.4628486 0.4482677
27730.652000 0.9935307 -0.0154345 1.3239328 -0.5321684 0.5493524 -0.4627241 0.4482133
27730.752000 0.9927664 -0.0162569 1.3239807 -0.5293118 0.5519090 -0.4651166 0.4459731
27730.853000 0.9927326 -0.0182455 1.3239725 -0.5238428 0.5572051 -0.4694237 0.4413078
27730.952000 0.9917396 -0.0191225 1.3240341 -0.5208371 0.5598253 -0.4718500 0.4389556
27731.052000 0.9920378 -0.0199508 1.3239823 -0.5181804 0.5623650 -0.4739342 0.4366018
27731.152000 0.9918183 -0.0208529 1.3239828 -0.5153909 0.5649207 -0.4760916 0.4342506
27731.252000 0.9907241 -0.0216928 1.3240570 -0.5124149 0.5674231 -0.4784264 0.4319378
27731.352000 0.9913816 -0.0227190 1.3239817 -0.5096189 0.5701380 -0.4804824 0.4293809
27731.452000 0.9914031 -0.0227544 1.3239782 -0.5095211 0.5702282 -0.4805562 0.4292946
27731.552000 0.9914295 -0.0227533 1.3239751 -0.5095378 0.5702164 -0.4805429 0.4293053
27731.652000 0.9918566 -0.0228962 1.3239465 -0.5096054 0.5702976 -0.4804193 0.4292554
27731.753000 0.9918997 -0.0229023 1.3239423 -0.5096267 0.5702929 -0.4803975 0.4292608
27731.852000 0.9919204 -0.0229008 1.3239395 -0.5096459 0.5702843 -0.4803806 0.4292684
27731.952000 0.9915332 -0.0227537 1.3239626 -0.5096158 0.5701835 -0.4804723 0.4293355
27732.052000 0.9915343 -0.0227457 1.3239611 -0.5096339 0.5701717 -0.4804588 0.4293447
27732.152000 0.9915518 -0.0227438 1.3239585 -0.5096543 0.5701642 -0.4804402 0.4293511
27732.252000 0.9919716 -0.0228856 1.3239304 -0.5097248 0.5702485 -0.4803129 0.4292980
27732.353000 0.9916025 -0.0227458 1.3239524 -0.5096981 0.5701537 -0.4803978 0.4293607
27732.452000 0.9902438 -0.0235161 1.3240606 -0.5066614 0.5725408 -0.4827662 0.4271160
27732.552000 0.9912990 -0.0246855 1.3239584 -0.5039591 0.5752688 -0.4846325 0.4245261
27732.652000 0.9910752 -0.0255992 1.3239560 -0.5011010 0.5777750 -0.4867254 0.4221045
27732.752000 0.9906941 -0.0254792 1.3239776 -0.5009543 0.5777745 -0.4869062 0.4220708
27732.852000 0.9907030 -0.0254742 1.3239755 -0.5009668 0.5777607 -0.4868996 0.4220825
27732.953000 0.9911245 -0.0256317 1.3239470 -0.5010307 0.5778446 -0.4867772 0.4220329
27733.052000 0.9911665 -0.0256410 1.3239427 -0.5010497 0.5778421 -0.4867573 0.4220368
27733.152000 0.9907840 -0.0254844 1.3239657 -0.5010180 0.5777423 -0.4868526 0.4221011
27733.253000 0.9907854 -0.0254785 1.3239641 -0.5010336 0.5777323 -0.4868414 0.4221092
27733.352000 0.9908027 -0.0254791 1.3239615 -0.5010516 0.5777267 -0.4868251 0.4221143
27733.453000 0.9908192 -0.0254796 1.3239589 -0.5010697 0.5777215 -0.4868085 0.4221190
27733.552000 0.9908348 -0.0254799 1.3239564 -0.5010883 0.5777163 -0.4867914 0.4221237
27733.652000 0.9911086 -0.0265467 1.3239276 -0.4982455 0.5803170 -0.4887790 0.4196173
27733.752000 0.9905718 -0.0274201 1.3239535 -0.4952995 0.5827636 -0.4909195 0.4172086
27733.852000 0.9892709 -0.0271668 1.3240540 -0.4949694 0.5827123 -0.4913031 0.4172206
27733.952000 0.9896794 -0.0273291 1.3240264 -0.4950279 0.5827931 -0.4911876 0.4171742
27734.052000 0.9893243 -0.0271755 1.3240475 -0.4949960 0.5826968 -0.4912820 0.4172355
27734.152000 0.9893249 -0.0271702 1.3240459 -0.4950080 0.5826858 -0.4912752 0.4172445
27734.252000 0.9893443 -0.0271731 1.3240431 -0.4950233 0.5826804 -0.4912617 0.4172498
27734.352000 0.9893622 -0.0271758 1.3240405 -0.4950391 0.5826757 -0.4912475 0.4172544
27734.452000 0.9893789 -0.0271783 1.3240378 -0.4950553 0.5826715 -0.4912327 0.4172585
27734.552000 0.9893769 -0.0281833 1.3240303 -0.4922113 0.5851717 -0.4931940 0.4148034
27734.652000 0.9886010 -0.0289877 1.3240794 -0.4891797 0.5875297 -0.4953962 0.4124253
27734.752000 0.9887707 -0.0299652 1.3240371 -0.4863178 0.5900346 -0.4973374 0.4098900
27734.852000 0.9884299 -0.0298115 1.3240533 -0.4862538 0.5900059 -0.4974494 0.4098712
27734.952000 0.9888279 -0.0299862 1.3240260 -0.4863084 0.5900886 -0.4973358 0.4098252
27735.052000 0.9884729 -0.0298225 1.3240474 -0.4862753 0.5899931 -0.4974334 0.4098835
27735.152000 0.9880921 -0.0306713 1.3240569 -0.4833238 0.5923989 -0.4994790 0.4074094
27735.252000 0.9885005 -0.0308952 1.3240279 -0.4832608 0.5925855 -0.4994416 0.4072585
27735.352000 0.9881520 -0.0307305 1.3240489 -0.4832276 0.5924903 -0.4995398 0.4073160
27735.452000 0.9881528 -0.0307281 1.3240473 -0.4832367 0.5924813 -0.4995358 0.4073232
27735.552000 0.9885634 -0.0309158 1.3240190 -0.4832951 0.5925727 -0.4994126 0.4072721
27735.652000 0.9879694 -0.0315923 1.3240407 -0.4803663 0.5948309 -0.5014906 0.4048847
27735.752000 0.9888853 -0.0327925 1.3239495 -0.4776162 0.5973032 -0.5032401 0.4023196
27735.852000 0.9883528 -0.0326671 1.3239785 -0.4773884 0.5973942 -0.5034351 0.4022109
27735.952000 0.9883606 -0.0326680 1.3239764 -0.4773956 0.5973847 -0.5034335 0.4022185
27736.052000 0.9883821 -0.0326766 1.3239733 -0.4774056 0.5973808 -0.5034251 0.4022227
27736.152000 0.9875322 -0.0334711 1.3240308 -0.4745166 0.5996086 -0.5053616 0.3998914
27736.252000 0.9871797 -0.0333327 1.3240516 -0.4743619 0.5996090 -0.5055437 0.3998442
27736.352000 0.9871821 -0.0333322 1.3240499 -0.4743687 0.5996002 -0.5055422 0.3998512
27736.453000 0.9875880 -0.0335340 1.3240215 -0.4744236 0.5996926 -0.5054203 0.3998015
27736.552000 0.9872397 -0.0333598 1.3240428 -0.4743923 0.5996007 -0.5055172 0.3998541
27736.652000 0.9867579 -0.0341506 1.3240648 -0.4714139 0.6018615 -0.5075161 0.3974407
27736.752000 0.9876727 -0.0354559 1.3239610 -0.4685121 0.6044661 -0.5092458 0.3946972
27736.853000 0.9877243 -0.0354909 1.3239524 -0.4684690 0.6045438 -0.5092645 0.3946052
27736.952000 0.9877477 -0.0355018 1.3239492 -0.4684770 0.6045395 -0.5092588 0.3946096
27737.052000 0.9874009 -0.0353197 1.3239709 -0.4684440 0.6044450 -0.5093601 0.3946627
27737.152000 0.9873891 -0.0353137 1.3239700 -0.4684503 0.6044360 -0.5093602 0.3946690
27737.252000 0.9874060 -0.0353234 1.3239672 -0.4684609 0.6044354 -0.5093500 0.3946705
27737.352000 0.9874218 -0.0353327 1.3239645 -0.4684719 0.6044355 -0.5093392 0.3946712
27737.452000 0.9874366 -0.0353417 1.3239619 -0.4684832 0.6044362 -0.5093278 0.3946715
27737.553000 0.9874501 -0.0353505 1.3239593 -0.4684950 0.6044370 -0.5093158 0.3946717
27737.653000 0.9874630 -0.0353591 1.3239567 -0.4685069 0.6044382 -0.5093036 0.3946715
27737.752000 0.9869004 -0.0361073 1.3239909 -0.4654684 0.6066599 -0.5113175 0.3922466
27737.855000 0.9865832 -0.0369742 1.3239857 -0.4624546 0.6089911 -0.5132516 0.3896644
27737.955000 0.9869715 -0.0372428 1.3239536 -0.4623429 0.6092353 -0.5132262 0.3894488
27738.052000 0.9866363 -0.0370579 1.3239748 -0.4623095 0.6091409 -0.5133290 0.3895005
27738.152000 0.9866410 -0.0370608 1.3239729 -0.4623158 0.6091351 -0.5133267 0.3895051
27738.252000 0.9870336 -0.0372778 1.3239445 -0.4623671 0.6092294 -0.5132054 0.3894565
27738.352000 0.9866923 -0.0370916 1.3239661 -0.4623363 0.6091387 -0.5133038 0.3895053
27738.452000 0.9870624 -0.0372971 1.3239392 -0.4623867 0.6092295 -0.5131865 0.3894580
27738.552000 0.9862229 -0.0378470 1.3239846 -0.4594110 0.6112960 -0.5151852 0.3870955
27738.652000 0.9853363 -0.0386652 1.3240353 -0.4562536 0.6135949 -0.5171781 0.3845268
27738.752000 0.9846255 -0.0392928 1.3240559 -0.4532281 0.6157344 -0.5191407 0.3820319
27738.853000 0.9845564 -0.0403800 1.3240326 -0.4500610 0.6181695 -0.5210114 0.3792870
27738.952000 0.9842187 -0.0402179 1.3240526 -0.4499054 0.6181699 -0.5211897 0.3792260
27739.052000 0.9845913 -0.0404433 1.3240254 -0.4499497 0.6182601 -0.5210765 0.3791821
27739.152000 0.9846272 -0.0404663 1.3240214 -0.4499579 0.6182642 -0.5210654 0.3791809
27739.252000 0.9846455 -0.0404794 1.3240185 -0.4499651 0.6182653 -0.5210579 0.3791808
27739.353000 0.9846623 -0.0404920 1.3240157 -0.4499730 0.6182672 -0.5210493 0.3791801
27739.452000 0.9843124 -0.0402839 1.3240383 -0.4499408 0.6181741 -0.5211537 0.3792266
27739.552000 0.9846692 -0.0405022 1.3240121 -0.4499873 0.6182668 -0.5210375 0.3791801
27739.652000 0.9843404 -0.0403075 1.3240332 -0.4499583 0.6181804 -0.5211337 0.3792230
27739.752000 0.9846352 -0.0412519 1.3239832 -0.4471354 0.6203456 -0.5227944 0.3767325
27739.852000 0.9837307 -0.0420624 1.3240330 -0.4438595 0.6226348 -0.5247777 0.3740628
27739.952000 0.9838108 -0.0429718 1.3239807 -0.4408228 0.6248608 -0.5265795 0.3714005
27740.052000 0.9828816 -0.0437237 1.3240318 -0.4376398 0.6270277 -0.5284729 0.3688145
27740.152000 0.9829064 -0.0437935 1.3240270 -0.4374901 0.6271412 -0.5285556 0.3686805
27740.252000 0.9829300 -0.0438096 1.3240239 -0.4374935 0.6271417 -0.5285523 0.3686804
27740.352000 0.9822110 -0.0443597 1.3240461 -0.4344657 0.6291251 -0.5304132 0.3662008
27740.452000 0.9820778 -0.0443599 1.3240553 -0.4343044 0.6292216 -0.5305157 0.3660776
27740.552000 0.9821038 -0.0443768 1.3240521 -0.4343067 0.6292216 -0.5305140 0.3660775
27740.652000 0.9824837 -0.0446333 1.3240237 -0.4343483 0.6293207 -0.5303944 0.3660311
27740.753000 0.9825200 -0.0446590 1.3240197 -0.4343540 0.6293278 -0.5303841 0.3660272
27740.853000 0.9825392 -0.0446740 1.3240169 -0.4343587 0.6293316 -0.5303776 0.3660244
27740.952000 0.9819971 -0.0453898 1.3240316 -0.4313141 0.6313975 -0.5321512 0.3634838
27741.053000 0.9823877 -0.0465237 1.3239550 -0.4283261 0.6336157 -0.5337565 0.3607933
27741.152000 0.9810891 -0.0470176 1.3240303 -0.4250126 0.6356613 -0.5357378 0.3581676
27741.252000 0.9807497 -0.0468277 1.3240520 -0.4248198 0.6356707 -0.5359406 0.3580761
27741.352000 0.9805653 -0.0478333 1.3240418 -0.4218115 0.6377597 -0.5375410 0.3555098
27741.452000 0.9805915 -0.0478679 1.3240305 -0.4216681 0.6378842 -0.5376116 0.3553498
27741.552000 0.9806267 -0.0478866 1.3240264 -0.4216694 0.6378862 -0.5376103 0.3553466
27741.654000 0.9806534 -0.0479044 1.3240233 -0.4216704 0.6378889 -0.5376080 0.3553442
27741.752000 0.9806780 -0.0479213 1.3240204 -0.4216723 0.6378929 -0.5376040 0.3553409
27741.852000 0.9807008 -0.0479374 1.3240176 -0.4216748 0.6378979 -0.5375987 0.3553367
27741.953000 0.9805872 -0.0487162 1.3239847 -0.4187109 0.6398605 -0.5392497 0.3528024
27742.052000 0.9801008 -0.0495003 1.3239834 -0.4155403 0.6419374 -0.5409878 0.3501068
27742.152000 0.9787938 -0.0499253 1.3240582 -0.4122413 0.6438849 -0.5428851 0.3474840
27742.252000 0.9786157 -0.0510034 1.3240323 -0.4089532 0.6461021 -0.5445488 0.3446389
27742.352000 0.9786449 -0.0510653 1.3240274 -0.4088267 0.6461917 -0.5446103 0.3445237
27742.452000 0.9786759 -0.0510836 1.3240243 -0.4088269 0.6461941 -0.5446088 0.3445213
27742.552000 0.9783715 -0.0508360 1.3240464 -0.4087939 0.6461003 -0.5447217 0.3445581
27742.652000 0.9783811 -0.0508388 1.3240449 -0.4087939 0.6461003 -0.5447230 0.3445560
27742.752000 0.9784065 -0.0508547 1.3240421 -0.4087962 0.6461062 -0.5447173 0.3445512
27742.852000 0.9787635 -0.0511347 1.3240144 -0.4088330 0.6462105 -0.5445947 0.3445057
27742.952000 0.9788040 -0.0511634 1.3240105 -0.4088378 0.6462226 -0.5445816 0.3444980
27743.053000 0.9788262 -0.0511778 1.3240080 -0.4088409 0.6462299 -0.5445743 0.3444922
27743.152000 0.9788474 -0.0511917 1.3240056 -0.4088441 0.6462373 -0.5445668 0.3444862
27743.252000 0.9783906 -0.0519298 1.3240032 -0.4057517 0.6481930 -0.5462007 0.3418716
27743.352000 0.9781323 -0.0518169 1.3240289 -0.4056878 0.6481665 -0.5462749 0.3418790
27743.452000 0.9781651 -0.0518356 1.3240257 -0.4056872 0.6481685 -0.5462746 0.3418765
27743.552000 0.9778649 -0.0515852 1.3240477 -0.4056538 0.6480741 -0.5463886 0.3419128
27743.652000 0.9782028 -0.0518535 1.3240213 -0.4056864 0.6481708 -0.5462756 0.3418715
27743.752000 0.9782500 -0.0518864 1.3240169 -0.4056902 0.6481828 -0.5462632 0.3418641
27743.852000 0.9782752 -0.0519019 1.3240142 -0.4056922 0.6481894 -0.5462572 0.3418587
27743.952000 0.9779691 -0.0516488 1.3240367 -0.4056610 0.6480986 -0.5463670 0.3418925
27744.052000 0.9783018 -0.0519146 1.3240107 -0.4056952 0.6481978 -0.5462509 0.3418493
27744.152000 0.9783447 -0.0519454 1.3240066 -0.4057000 0.6482116 -0.5462364 0.3418406
27744.252000 0.9783661 -0.0519590 1.3240042 -0.4057029 0.6482194 -0.5462290 0.3418343
27744.352000 0.9783864 -0.0519721 1.3240020 -0.4057057 0.6482271 -0.5462217 0.3418280
27744.452000 0.9780741 -0.0517160 1.3240251 -0.4056746 0.6481364 -0.5463313 0.3418617
27744.552000 0.9783943 -0.0529743 1.3239549 -0.4025607 0.6502892 -0.5478034 0.3390876
27744.653000 0.9773026 -0.0546692 1.3239536 -0.3961671 0.6542157 -0.5510477 0.3337663
27744.752000 0.9760001 -0.0548881 1.3240295 -0.3927094 0.6561113 -0.5529672 0.3309449
27744.852000 0.9767746 -0.0553376 1.3239530 -0.3926641 0.6563172 -0.5528733 0.3307473
27744.952000 0.9768080 -0.0553557 1.3239498 -0.3926649 0.6563181 -0.5528724 0.3307461
27745.052000 0.9765167 -0.0550891 1.3239723 -0.3926346 0.6562212 -0.5529876 0.3307817
27745.152000 0.9765319 -0.0550933 1.3239704 -0.3926356 0.6562210 -0.5529879 0.3307804
27745.252000 0.9765592 -0.0551086 1.3239676 -0.3926386 0.6562260 -0.5529820 0.3307769
27745.352000 0.9765851 -0.0551232 1.3239648 -0.3926420 0.6562317 -0.5529751 0.3307729
27745.452000 0.9764016 -0.0561327 1.3239370 -0.3895845 0.6581760 -0.5544017 0.3281265
27745.552000 0.9748943 -0.0563893 1.3240291 -0.3861320 0.6600033 -0.5562499 0.3253979
27745.652000 0.9748849 -0.0564048 1.3240290 -0.3860662 0.6600418 -0.5562824 0.3253423
27745.752000 0.9739926 -0.0568309 1.3240573 -0.3827972 0.6618173 -0.5579930 0.3226579
27745.852000 0.9741925 -0.0579964 1.3239821 -0.3796321 0.6638126 -0.5594065 0.3198384
27745.952000 0.9745099 -0.0583421 1.3239528 -0.3795155 0.6640015 -0.5593559 0.3196733
27746.052000 0.9745477 -0.0583862 1.3239483 -0.3794650 0.6640387 -0.5593733 0.3196253
27746.152000 0.9745893 -0.0583860 1.3239453 -0.3795395 0.6640006 -0.5593344 0.3196841
27746.252000 0.9743068 -0.0581115 1.3239677 -0.3794971 0.6639150 -0.5594541 0.3197029
27746.352000 0.9743068 -0.0581218 1.3239662 -0.3794453 0.6639456 -0.5594796 0.3196562
27746.452000 0.9743441 -0.0581191 1.3239635 -0.3795214 0.6639102 -0.5594374 0.3197132
27746.552000 0.9743651 -0.0581354 1.3239609 -0.3795098 0.6639255 -0.5594370 0.3196959
27746.652000 0.9746891 -0.0584560 1.3239327 -0.3794903 0.6640630 -0.5593356 0.3196110
27746.753000 0.9736037 -0.0587612 1.3239810 -0.3762241 0.6657551 -0.5610350 0.3169625
27746.852000 0.9730465 -0.0594608 1.3239800 -0.3730468 0.6675412 -0.5625398 0.3142830
27746.952000 0.9724248 -0.0602083 1.3239805 -0.3695975 0.6694567 -0.5641541 0.3113768
27747.052000 0.9717461 -0.0609118 1.3239904 -0.3661762 0.6712778 -0.5657668 0.3085595
27747.152000 0.9721096 -0.0612626 1.3239538 -0.3661750 0.6714503 -0.5656304 0.3084357
27747.252000 0.9721538 -0.0612985 1.3239493 -0.3661624 0.6714648 -0.5656298 0.3084203
27747.352000 0.9721733 -0.0613254 1.3239462 -0.3661111 0.6714965 -0.5656507 0.3083737
27747.452000 0.9719188 -0.0610191 1.3239686 -0.3661596 0.6713610 -0.5657301 0.3084656
27747.552000 0.9707588 -0.0614529 1.3240312 -0.3628718 0.6730666 -0.5672681 0.3057979
27747.652000 0.9707617 -0.0615327 1.3240268 -0.3626416 0.6731970 -0.5673676 0.3055992
27747.752000 0.9707909 -0.0615495 1.3240237 -0.3626391 0.6732013 -0.5673667 0.3055945
27747.852000 0.9708381 -0.0615420 1.3240208 -0.3627469 0.6731480 -0.5673142 0.3056811
27747.952000 0.9708468 -0.0615760 1.3240179 -0.3626535 0.6732046 -0.5673521 0.3055972
27748.052000 0.9704283 -0.0622779 1.3239996 -0.3594576 0.6748800 -0.5688295 0.3029194
27748.152000 0.9708575 -0.0627067 1.3239538 -0.3593730 0.6751153 -0.5687176 0.3027056
27748.253000 0.9692127 -0.0625592 1.3240578 -0.3560278 0.6765912 -0.5704505 0.3000914
27748.352000 0.9696100 -0.0640478 1.3239568 -0.3528422 0.6785456 -0.5716155 0.2972103
27748.452000 0.9686950 -0.0644425 1.3239805 -0.3493877 0.6802250 -0.5732212 0.2943463
27748.552000 0.9683210 -0.0654302 1.3239558 -0.3460378 0.6820447 -0.5745568 0.2914744
27748.652000 0.9680487 -0.0651938 1.3239760 -0.3457763 0.6820738 -0.5747694 0.2912976
27748.753000 0.9683517 -0.0654969 1.3239492 -0.3458761 0.6821316 -0.5746229 0.2913327
27748.854000 0.9681146 -0.0652097 1.3239701 -0.3458400 0.6820477 -0.5747378 0.2913455
27748.952000 0.9681159 -0.0652171 1.3239686 -0.3457881 0.6820740 -0.5747610 0.2912995
27749.052000 0.9684343 -0.0655404 1.3239402 -0.3458917 0.6821427 -0.5746013 0.2913307
27749.152000 0.9684668 -0.0655691 1.3239365 -0.3458812 0.6821607 -0.5745951 0.2913133
27749.252000 0.9682058 -0.0652723 1.3239589 -0.3458071 0.6820952 -0.5747278 0.2912930
27749.352000 0.9682251 -0.0652482 1.3239579 -0.3458849 0.6820577 -0.5746944 0.2913544
27749.452000 0.9682439 -0.0652618 1.3239554 -0.3458740 0.6820725 -0.5746918 0.2913376
27749.552000 0.9685312 -0.0656047 1.3239276 -0.3458493 0.6822074 -0.5745863 0.2912593
27749.652000 0.9685819 -0.0656173 1.3239237 -0.3459305 0.6821823 -0.5745380 0.2913168
27749.752000 0.9683283 -0.0653119 1.3239461 -0.3458960 0.6820992 -0.5746520 0.2913275
27749.853000 0.9676649 -0.0660254 1.3239468 -0.3425321 0.6837916 -0.5760836 0.2884935
27749.952000 0.9661576 -0.0660761 1.3240430 -0.3389781 0.6852937 -0.5777767 0.2857280
27750.053000 0.9655597 -0.0669022 1.3240388 -0.3355597 0.6870485 -0.5791161 0.2828224
27750.152000 0.9649239 -0.0675762 1.3240341 -0.3321488 0.6887313 -0.5804921 0.2799202
27750.252000 0.9639916 -0.0678908 1.3240575 -0.3286834 0.6902906 -0.5819946 0.2770350
27750.357000 0.9639782 -0.0679269 1.3240542 -0.3285151 0.6903754 -0.5820603 0.2768853
27750.452000 0.9640067 -0.0679446 1.3240511 -0.3285180 0.6903761 -0.5820576 0.2768857
27750.552000 0.9640331 -0.0679608 1.3240481 -0.3285216 0.6903785 -0.5820528 0.2768855
27750.652000 0.9643203 -0.0683145 1.3240200 -0.3285482 0.6904840 -0.5819255 0.2768584
27750.753000 0.9640949 -0.0680073 1.3240412 -0.3285316 0.6903920 -0.5820329 0.2768818
27750.853000 0.9641037 -0.0680029 1.3240398 -0.3285354 0.6903920 -0.5820310 0.2768814
27750.952000 0.9643877 -0.0683541 1.3240120 -0.3285630 0.6904997 -0.5819011 0.2768531
27751.052000 0.9641593 -0.0680444 1.3240334 -0.3285471 0.6904091 -0.5820068 0.2768757
27751.152000 0.9641657 -0.0680380 1.3240323 -0.3285514 0.6904102 -0.5820036 0.2768746
27751.252000 0.9644472 -0.0683871 1.3240046 -0.3285793 0.6905184 -0.5818730 0.2768460
27751.352000 0.9644764 -0.0684110 1.3240013 -0.3285857 0.6905290 -0.5818585 0.2768425
27751.452000 0.9635598 -0.0688692 1.3240325 -0.3252185 0.6920411 -0.5832646 0.2740702
27751.552000 0.9633388 -0.0697189 1.3239806 -0.3219711 0.6936222 -0.5845080 0.2712439
27751.652000 0.9626189 -0.0703347 1.3239816 -0.3184667 0.6952338 -0.5858744 0.2682912
27751.753000 0.9628641 -0.0707301 1.3239526 -0.3183162 0.6954169 -0.5858177 0.2681188
27751.852000 0.9626520 -0.0704196 1.3239736 -0.3182998 0.6953209 -0.5859297 0.2681426
27751.952000 0.9626665 -0.0704218 1.3239717 -0.3183028 0.6953192 -0.5859297 0.2681435
27752.052000 0.9629425 -0.0707842 1.3239433 -0.3183281 0.6954253 -0.5858015 0.2681184
27752.152000 0.9627230 -0.0704663 1.3239650 -0.3183130 0.6953320 -0.5859103 0.2681406
27752.252000 0.9627339 -0.0704655 1.3239634 -0.3183173 0.6953331 -0.5859069 0.2681400
27752.352000 0.9630044 -0.0708218 1.3239354 -0.3183433 0.6954403 -0.5857775 0.2681140
27752.452000 0.9627876 -0.0705090 1.3239568 -0.3183293 0.6953506 -0.5858820 0.2681348
27752.552000 0.9630436 -0.0708459 1.3239303 -0.3183545 0.6954530 -0.5857582 0.2681097
27752.652000 0.9614656 -0.0707455 1.3240325 -0.3148041 0.6968401 -0.5873090 0.2652930
27752.752000 0.9605219 -0.0710078 1.3240565 -0.3113254 0.6982962 -0.5887336 0.2623960
27752.852000 0.9607499 -0.0713932 1.3240286 -0.3111752 0.6984742 -0.5886776 0.2622259
27752.952000 0.9604962 -0.0722016 1.3239798 -0.3080051 0.6999383 -0.5898249 0.2594721
27753.052000 0.9593230 -0.0725446 1.3240315 -0.3043521 0.7014719 -0.5912074 0.2564777
27753.152000 0.9590912 -0.0722602 1.3240518 -0.3041621 0.7014519 -0.5913840 0.2563506
27753.252000 0.9591039 -0.0722601 1.3240500 -0.3041644 0.7014479 -0.5913868 0.2563523
27753.352000 0.9593654 -0.0726336 1.3240218 -0.3041871 0.7015535 -0.5912594 0.2563302
27753.452000 0.9591613 -0.0723111 1.3240430 -0.3041738 0.7014602 -0.5913683 0.2563503
27753.553000 0.9591697 -0.0723073 1.3240415 -0.3041776 0.7014598 -0.5913668 0.2563503
27753.652000 0.9583578 -0.0727751 1.3240568 -0.3008190 0.7028840 -0.5926052 0.2535370
27753.752000 0.9585841 -0.0731857 1.3240281 -0.3006636 0.7030633 -0.5925444 0.2533664
27753.852000 0.9586188 -0.0732194 1.3240239 -0.3006674 0.7030690 -0.5925359 0.2533659
27753.953000 0.9584139 -0.0728879 1.3240455 -0.3006534 0.7029720 -0.5926493 0.2533865
27754.052000 0.9584188 -0.0728782 1.3240445 -0.3006563 0.7029688 -0.5926513 0.2533872
27754.152000 0.9579944 -0.0738229 1.3240182 -0.2972977 0.7045128 -0.5937379 0.2505017
27754.252000 0.9569117 -0.0739577 1.3240546 -0.2937732 0.7058648 -0.5951051 0.2475925
27754.352000 0.9570897 -0.0743260 1.3240303 -0.2936157 0.7060341 -0.5950506 0.2474277
27754.452000 0.9571271 -0.0743647 1.3240258 -0.2936187 0.7060399 -0.5950426 0.2474267
27754.553000 0.9569251 -0.0740226 1.3240478 -0.2936043 0.7059402 -0.5951598 0.2474464
27754.652000 0.9571578 -0.0743766 1.3240214 -0.2936235 0.7060395 -0.5950407 0.2474268
27754.752000 0.9568069 -0.0751384 1.3239794 -0.2903816 0.7074316 -0.5961376 0.2446202
27754.852000 0.9567930 -0.0751674 1.3239771 -0.2902386 0.7074869 -0.5961912 0.2444993
27754.952000 0.9568164 -0.0751858 1.3239740 -0.2902408 0.7074889 -0.5961879 0.2444989
27755.052000 0.9568380 -0.0752026 1.3239711 -0.2902435 0.7074925 -0.5961828 0.2444978
27755.152000 0.9570796 -0.0755798 1.3239430 -0.2902632 0.7075991 -0.5960552 0.2444769
27755.252000 0.9571109 -0.0756139 1.3239388 -0.2902676 0.7076102 -0.5960411 0.2444739
27755.352000 0.9556294 -0.0754320 1.3240308 -0.2867217 0.7088651 -0.5974291 0.2416183
27755.452000 0.9556189 -0.0754830 1.3240272 -0.2865458 0.7089392 -0.5974869 0.2414666
27755.552000 0.9554244 -0.0751370 1.3240491 -0.2865313 0.7088388 -0.5976058 0.2414845
27755.652000 0.9546256 -0.0755760 1.3240636 -0.2831778 0.7101312 -0.5987847 0.2387068
27755.752000 0.9548318 -0.0759966 1.3240306 -0.2829906 0.7103566 -0.5986989 0.2384734
27755.852000 0.9546597 -0.0756800 1.3240503 -0.2829768 0.7102642 -0.5988088 0.2384887
27755.952000 0.9548867 -0.0760483 1.3240234 -0.2829927 0.7103651 -0.5986892 0.2384697
27756.052000 0.9547022 -0.0757133 1.3240445 -0.2829794 0.7102717 -0.5988003 0.2384847
27756.153000 0.9549269 -0.0760796 1.3240177 -0.2829962 0.7103753 -0.5986775 0.2384646
27756.252000 0.9545258 -0.0767914 1.3239825 -0.2797869 0.7116745 -0.5997347 0.2357053
27756.353000 0.9537327 -0.0773231 1.3239830 -0.2761643 0.7130882 -0.6009270 0.2326482
27756.452000 0.9539373 -0.0777398 1.3239532 -0.2760364 0.7132554 -0.6008436 0.2325029
27756.553000 0.9539715 -0.0777783 1.3239487 -0.2760359 0.7132633 -0.6008360 0.2324991
27756.652000 0.9537883 -0.0774285 1.3239707 -0.2760208 0.7131662 -0.6009530 0.2325124
27756.752000 0.9540023 -0.0777921 1.3239441 -0.2760340 0.7132677 -0.6008340 0.2324926
27756.852000 0.9540324 -0.0778267 1.3239399 -0.2760348 0.7132798 -0.6008215 0.2324872
27756.952000 0.9538438 -0.0774698 1.3239625 -0.2760207 0.7131847 -0.6009361 0.2324993
27757.052000 0.9540572 -0.0778341 1.3239359 -0.2760349 0.7132896 -0.6008133 0.2324783
27757.152000 0.9540850 -0.0778661 1.3239320 -0.2760363 0.7133032 -0.6007988 0.2324721
27757.252000 0.9538945 -0.0775073 1.3239548 -0.2760227 0.7132094 -0.6009120 0.2324837
27757.352000 0.9538997 -0.0774993 1.3239537 -0.2760228 0.7132128 -0.6009097 0.2324791
27757.452000 0.9541282 -0.0778890 1.3239250 -0.2760390 0.7133270 -0.6007757 0.2324556
27757.552000 0.9529757 -0.0778684 1.3239813 -0.2726280 0.7144556 -0.6020642 0.2296649
27757.652000 0.9531582 -0.0782756 1.3239530 -0.2724650 0.7146273 -0.6019993 0.2294942
27757.752000 0.9529889 -0.0779415 1.3239739 -0.2724493 0.7145332 -0.6021136 0.2295058
27757.852000 0.9531970 -0.0783014 1.3239476 -0.2724600 0.7146322 -0.6019987 0.2294863
27757.952000 0.9532337 -0.0783480 1.3239426 -0.2724597 0.7146467 -0.6019840 0.2294800
27758.052000 0.9532528 -0.0783629 1.3239398 -0.2724585 0.7146538 -0.6019782 0.2294746
27758.152000 0.9515845 -0.0777364 1.3240571 -0.2688954 0.7157034 -0.6034107 0.2266262
27758.252000 0.9515632 -0.0777687 1.3240540 -0.2687131 0.7157752 -0.6034669 0.2264659
27758.352000 0.9517880 -0.0781671 1.3240256 -0.2687227 0.7158824 -0.6033433 0.2264450
27758.453000 0.9516184 -0.0778253 1.3240466 -0.2687064 0.7157894 -0.6034574 0.2264544
27758.552000 0.9516281 -0.0778219 1.3240451 -0.2687028 0.7157906 -0.6034595 0.2264491
27758.652000 0.9516471 -0.0778368 1.3240423 -0.2687002 0.7157981 -0.6034542 0.2264426
27758.752000 0.9514034 -0.0789093 1.3239805 -0.2654398 0.7171580 -0.6043405 0.2236036
27758.852000 0.9513967 -0.0789526 1.3239772 -0.2652910 0.7172144 -0.6043861 0.2234764
27758.952000 0.9516148 -0.0793483 1.3239488 -0.2652989 0.7173217 -0.6042631 0.2234550
27759.052000 0.9516461 -0.0793855 1.3239445 -0.2652951 0.7173335 -0.6042537 0.2234473
27759.152000 0.9514814 -0.0790460 1.3239655 -0.2652787 0.7172443 -0.6043642 0.2234541
27759.252000 0.9516714 -0.0793908 1.3239405 -0.2652862 0.7173425 -0.6042521 0.2234331
27759.352000 0.9517023 -0.0794295 1.3239362 -0.2652834 0.7173584 -0.6042379 0.2234240
27759.452000 0.9515239 -0.0790655 1.3239589 -0.2652671 0.7172652 -0.6043531 0.2234308
27759.552000 0.9517259 -0.0794348 1.3239323 -0.2652760 0.7173723 -0.6042305 0.2234081
27759.652000 0.9517524 -0.0794665 1.3239285 -0.2652734 0.7173878 -0.6042167 0.2233987
27759.753000 0.9500097 -0.0787415 1.3240602 -0.2617392 0.7183298 -0.6056583 0.2206193
27759.852000 0.9493985 -0.0796178 1.3240339 -0.2580996 0.7197653 -0.6066419 0.2175044
27759.952000 0.9492151 -0.0792985 1.3240529 -0.2579373 0.7197342 -0.6067925 0.2173797
27760.052000 0.9494131 -0.0796722 1.3240265 -0.2579402 0.7198345 -0.6066799 0.2173583
27760.152000 0.9494482 -0.0797176 1.3240217 -0.2579332 0.7198486 -0.6066698 0.2173481
27760.252000 0.9492856 -0.0793639 1.3240432 -0.2579144 0.7197566 -0.6067855 0.2173520
27760.352000 0.9494792 -0.0797325 1.3240172 -0.2579185 0.7198610 -0.6066682 0.2173291
27760.452000 0.9493174 -0.0793821 1.3240385 -0.2579003 0.7197724 -0.6067800 0.2173320
27760.552000 0.9493250 -0.0793754 1.3240372 -0.2578932 0.7197772 -0.6067808 0.2173221
27760.652000 0.9495317 -0.0797725 1.3240094 -0.2578988 0.7198916 -0.6066515 0.2172975
27760.752000 0.9487915 -0.0803381 1.3240069 -0.2545532 0.7210928 -0.6076420 0.2144738
27760.852000 0.9484074 -0.0813136 1.3239534 -0.2510918 0.7224192 -0.6085521 0.2114894
27760.952000 0.9481873 -0.0809439 1.3239786 -0.2508887 0.7223820 -0.6087318 0.2113400
27761.052000 0.9474224 -0.0813501 1.3239821 -0.2475849 0.7235119 -0.6097005 0.2085609
27761.152000 0.9473794 -0.0814149 1.3239782 -0.2472660 0.7236258 -0.6097880 0.2082875
27761.252000 0.9474066 -0.0814403 1.3239744 -0.2472538 0.7236330 -0.6097888 0.2082751
27761.352000 0.9476020 -0.0818431 1.3239465 -0.2472519 0.7237446 -0.6096655 0.2082504
27761.452000 0.9476296 -0.0818764 1.3239425 -0.2472408 0.7237585 -0.6096582 0.2082367
27761.552000 0.9474702 -0.0815012 1.3239653 -0.2472189 0.7236650 -0.6097786 0.2082352
27761.652000 0.9474809 -0.0814990 1.3239637 -0.2472074 0.7236718 -0.6097797 0.2082217
27761.752000 0.9474984 -0.0815124 1.3239611 -0.2471965 0.7236836 -0.6097751 0.2082076
27761.852000 0.9475154 -0.0815251 1.3239585 -0.2471856 0.7236957 -0.6097699 0.2081933
27761.952000 0.9475320 -0.0815373 1.3239560 -0.2471749 0.7237081 -0.6097645 0.2081788
27762.052000 0.9477285 -0.0819436 1.3239276 -0.2471746 0.7238259 -0.6096339 0.2081519
27762.152000 0.9477506 -0.0819682 1.3239242 -0.2471647 0.7238422 -0.6096238 0.2081370
27762.253000 0.9477520 -0.0819940 1.3239213 -0.2470758 0.7238837 -0.6096384 0.2080551
27762.352000 0.9475961 -0.0815904 1.3239462 -0.2471307 0.7237606 -0.6097400 0.2081203
27762.452000 0.9460232 -0.0811403 1.3240563 -0.2436667 0.7246835 -0.6109758 0.2053507
27762.552000 0.9460075 -0.0811907 1.3240529 -0.2434825 0.7247469 -0.6110269 0.2051935
27762.652000 0.9462045 -0.0816026 1.3240245 -0.2434786 0.7248584 -0.6109046 0.2051683
27762.752000 0.9462328 -0.0816368 1.3240205 -0.2434655 0.7248718 -0.6108988 0.2051537
27762.852000 0.9460779 -0.0812604 1.3240430 -0.2434422 0.7247779 -0.6110206 0.2051505
27762.953000 0.9460894 -0.0812591 1.3240414 -0.2434292 0.7247846 -0.6110226 0.2051361
27763.053000 0.9462818 -0.0816653 1.3240134 -0.2434266 0.7249004 -0.6108952 0.2051095
27763.152000 0.9461608 -0.0813004 1.3240344 -0.2435103 0.7247805 -0.6109759 0.2051936
27763.252000 0.9463107 -0.0816831 1.3240089 -0.2433953 0.7249250 -0.6108906 0.2050735
27763.353000 0.9463630 -0.0817051 1.3240049 -0.2434953 0.7249067 -0.6108463 0.2051513
27763.452000 0.9461818 -0.0813407 1.3240277 -0.2433676 0.7248517 -0.6109937 0.2050582
27763.552000 0.9461857 -0.0813302 1.3240268 -0.2433484 0.7248608 -0.6109973 0.2050382
27763.652000 0.9463925 -0.0817065 1.3240004 -0.2434568 0.7249361 -0.6108418 0.2051065
27763.752000 0.9462320 -0.0813778 1.3240200 -0.2433317 0.7248932 -0.6109750 0.2050100
27763.852000 0.9462348 -0.0813659 1.3240194 -0.2433126 0.7249021 -0.6109787 0.2049900
27763.952000 0.9464481 -0.0817524 1.3239919 -0.2434218 0.7249814 -0.6108186 0.2050569
27764.052000 0.9462745 -0.0814063 1.3240136 -0.2432947 0.7249319 -0.6109595 0.2049632
27764.152000 0.9462762 -0.0813914 1.3240131 -0.2432757 0.7249403 -0.6109638 0.2049432
27764.253000 0.9463149 -0.0813852 1.3240110 -0.2433747 0.7249156 -0.6109275 0.2050214
27764.352000 0.9464751 -0.0817910 1.3239841 -0.2432666 0.7250655 -0.6108314 0.2049057
27764.452000 0.9463253 -0.0814355 1.3240057 -0.2432389 0.7249835 -0.6109431 0.2048957
27764.552000 0.9463543 -0.0814081 1.3240050 -0.2433373 0.7249531 -0.6109136 0.2049746
27764.652000 0.9463432 -0.0814287 1.3240031 -0.2432194 0.7250007 -0.6109389 0.2048704
27764.752000 0.9463544 -0.0814363 1.3240012 -0.2432008 0.7250150 -0.6109364 0.2048497
27764.852000 0.9463919 -0.0814287 1.3239993 -0.2432997 0.7249897 -0.6109007 0.2049282
27764.952000 0.9465523 -0.0818362 1.3239723 -0.2431914 0.7251398 -0.6108043 0.2048127
27765.052000 0.9464017 -0.0814798 1.3239941 -0.2431635 0.7250573 -0.6109166 0.2048030
27765.152000 0.9518149 -0.0892981 1.3240309 -0.2434859 0.7248519 -0.6109061 0.2051782
27765.252000 0.9520868 -0.0896756 1.3240265 -0.2434883 0.7248570 -0.6108993 0.2051776
27765.352000 0.9519362 -0.0893064 1.3240485 -0.2434645 0.7247613 -0.6110231 0.2051753
27765.452000 0.9521227 -0.0896962 1.3240215 -0.2434605 0.7248691 -0.6109052 0.2051503
27765.552000 0.9521497 -0.0897289 1.3240176 -0.2434479 0.7248837 -0.6108980 0.2051352
27765.652000 0.9574727 -0.0969097 1.3240622 -0.2435252 0.7246930 -0.6110480 0.2052703
27765.753000 0.9635350 -0.1053617 1.3240357 -0.2435055 0.7248222 -0.6109225 0.2052110
27765.852000 0.9693914 -0.1133872 1.3240328 -0.2435053 0.7248375 -0.6109072 0.2052028
27765.952000 0.9697704 -0.1138936 1.3240278 -0.2434944 0.7248544 -0.6108980 0.2051832
27766.052000 0.9758028 -0.1219357 1.3239802 -0.2436575 0.7248513 -0.6108148 0.2052483
27766.153000 0.9818117 -0.1303091 1.3239556 -0.2436627 0.7249523 -0.6106980 0.2052331
27766.252000 0.9876009 -0.1380889 1.3239794 -0.2436517 0.7248546 -0.6108153 0.2052422
27766.353000 0.9931498 -0.1459155 1.3240278 -0.2435480 0.7248086 -0.6109015 0.2052711
27766.452000 0.9989904 -0.1539164 1.3240344 -0.2435062 0.7248276 -0.6109160 0.2052106
27766.552000 1.0048932 -0.1619976 1.3240328 -0.2435056 0.7248374 -0.6109071 0.2052030
27766.652000 1.0106288 -0.1698499 1.3240321 -0.2435054 0.7248419 -0.6109029 0.2051998
27766.752000 1.0110570 -0.1704241 1.3240276 -0.2434936 0.7248547 -0.6108982 0.2051826
27766.853000 1.0227056 -0.1860270 1.3239766 -0.2436848 0.7248458 -0.6108163 0.2052310
27766.952000 1.0289998 -0.1949196 1.3239547 -0.2436748 0.7249490 -0.6106946 0.2052404
27767.052000 1.0347335 -0.2026312 1.3239785 -0.2436672 0.7248506 -0.6108096 0.2052545
27767.152000 1.0405007 -0.2105719 1.3239887 -0.2435810 0.7248334 -0.6108732 0.2052286
27767.252000 1.0466098 -0.2190387 1.3239591 -0.2436608 0.7249368 -0.6107140 0.2052425
27767.352000 1.0518449 -0.2261316 1.3240571 -0.2434996 0.7247374 -0.6110242 0.2052149
27767.452000 1.0579700 -0.2346636 1.3240324 -0.2435050 0.7248412 -0.6109046 0.2051977
27767.552000 1.0642698 -0.2430687 1.3239804 -0.2436583 0.7248504 -0.6108152 0.2052494
27767.652000 1.0701318 -0.2510989 1.3239776 -0.2436688 0.7248479 -0.6108116 0.2052565
27767.752000 1.0753900 -0.2583638 1.3240555 -0.2435069 0.7247377 -0.6110208 0.2052153
27767.852000 1.0820768 -0.2676005 1.3239545 -0.2436726 0.7249497 -0.6106947 0.2052404
27767.953000 1.0877815 -0.2752872 1.3239853 -0.2436321 0.7248239 -0.6108534 0.2052603
27768.052000 1.0937479 -0.2834265 1.3239816 -0.2436540 0.7248471 -0.6108217 0.2052468
27768.152000 1.0990333 -0.2907319 1.3240566 -0.2434968 0.7247400 -0.6110244 0.2052081
27768.252000 1.1111991 -0.3075340 1.3239651 -0.2435683 0.7249327 -0.6107686 0.2052042
27768.352000 1.1168883 -0.3153446 1.3240349 -0.2435233 0.7248178 -0.6109131 0.2052333
27768.452000 1.1228024 -0.3234389 1.3240304 -0.2435041 0.7248494 -0.6108966 0.2051936
27768.552000 1.1287255 -0.3315506 1.3240268 -0.2435169 0.7248473 -0.6108913 0.2052017
27768.652000 1.1347308 -0.3397658 1.3240164 -0.2435583 0.7248281 -0.6108785 0.2052583
27768.752000 1.1410289 -0.3483538 1.3239593 -0.2436270 0.7249425 -0.6107253 0.2052289
27768.852000 1.1469447 -0.3564297 1.3239572 -0.2436623 0.7249450 -0.6107041 0.2052411
27768.952000 1.1522308 -0.3637345 1.3240317 -0.2435092 0.7248427 -0.6108999 0.2052017
27769.052000 1.1524354 -0.3638505 1.3240525 -0.2434873 0.7247505 -0.6110195 0.2051969
27769.152000 1.1580089 -0.3714838 1.3240565 -0.2434921 0.7247418 -0.6110256 0.2052039
27769.253000 1.1695964 -0.3875736 1.3240478 -0.2435008 0.7248206 -0.6109220 0.2052238
27769.352000 1.1759419 -0.3962075 1.3240300 -0.2435137 0.7248466 -0.6108934 0.2052015
27769.452000 1.1817933 -0.4042143 1.3240290 -0.2435168 0.7248467 -0.6108918 0.2052027
27769.552000 1.1883209 -0.4131293 1.3239434 -0.2436490 0.7249538 -0.6106888 0.2052716
27769.652000 1.1941165 -0.4210323 1.3239595 -0.2436407 0.7249355 -0.6107253 0.2052374
27769.752000 1.1994083 -0.4283330 1.3240332 -0.2435114 0.7248332 -0.6109073 0.2052102
27769.852000 1.2059253 -0.4371847 1.3239562 -0.2436679 0.7249489 -0.6106970 0.2052420
27769.953000 1.2118275 -0.4452664 1.3239557 -0.2436644 0.7249529 -0.6106953 0.2052368
27770.053000 1.2169941 -0.4522572 1.3240558 -0.2434985 0.7247436 -0.6110190 0.2052096
27770.152000 1.2236211 -0.4614023 1.3239559 -0.2436673 0.7249501 -0.6106972 0.2052376
27770.253000 1.2348266 -0.4768241 1.3239705 -0.2436621 0.7249335 -0.6107103 0.2052635
27770.352000 1.2406250 -0.4847865 1.3240338 -0.2435148 0.7248405 -0.6108975 0.2052096
27770.452000 1.2414501 -0.4856668 1.3239793 -0.2436557 0.7248533 -0.6108141 0.2052456
27770.552000 1.2464117 -0.4925314 1.3240599 -0.2435026 0.7247218 -0.6110378 0.2052257
27770.652000 1.2523612 -0.5006790 1.3240589 -0.2434952 0.7247305 -0.6110343 0.2052139
27770.752000 1.2583907 -0.5090798 1.3240314 -0.2435015 0.7248446 -0.6109040 0.2051917
27770.852000 1.2704054 -0.5254751 1.3239535 -0.2436745 0.7249549 -0.6106875 0.2052408
27770.952000 1.2765412 -0.5337247 1.3239787 -0.2436640 0.7248517 -0.6108105 0.2052519
27771.052000 1.2826849 -0.5423034 1.3239474 -0.2435954 0.7249515 -0.6107410 0.2051877
27771.152000 1.2883068 -0.5498548 1.3239851 -0.2436256 0.7248301 -0.6108520 0.2052506
27771.253000 1.2938766 -0.5576759 1.3240351 -0.2435162 0.7248221 -0.6109153 0.2052202
27771.352000 1.2997605 -0.5657383 1.3240275 -0.2435154 0.7248481 -0.6108915 0.2051999
27771.453000 1.3055262 -0.5734801 1.3240545 -0.2435072 0.7247419 -0.6110158 0.2052146
27771.552000 1.3111057 -0.5810450 1.3240953 -0.2435603 0.7245994 -0.6111379 0.2052914
27771.652000 1.3172279 -0.5894987 1.3240619 -0.2434992 0.7247104 -0.6110505 0.2052323
27771.753000 1.3233096 -0.5979766 1.3240344 -0.2435050 0.7248301 -0.6109154 0.2052049
27771.852000 1.3297818 -0.6067746 1.3239567 -0.2436665 0.7249468 -0.6106998 0.2052426
27771.952000 1.3350578 -0.6139128 1.3240574 -0.2434995 0.7247363 -0.6110257 0.2052143
27772.052000 1.3408441 -0.6218307 1.3240574 -0.2434946 0.7247384 -0.6110273 0.2052080
27772.152000 1.3467393 -0.6299012 1.3240568 -0.2434933 0.7247407 -0.6110259 0.2052054
27772.252000 1.3579196 -0.6452279 1.3241073 -0.2434544 0.7246006 -0.6111878 0.2052640
27772.352000 1.3644138 -0.6541074 1.3240619 -0.2434989 0.7247105 -0.6110506 0.2052321
27772.452000 1.3709349 -0.6629708 1.3239844 -0.2436445 0.7248345 -0.6108388 0.2052517
27772.552000 1.3768410 -0.6710509 1.3239833 -0.2436530 0.7248394 -0.6108296 0.2052517
27772.653000 1.3822416 -0.6786635 1.3240330 -0.2435084 0.7248372 -0.6109067 0.2052017
27772.752000 1.3886473 -0.6872182 1.3239807 -0.2436586 0.7248497 -0.6108157 0.2052503
27772.852000 1.3944886 -0.6952096 1.3239812 -0.2436535 0.7248484 -0.6108208 0.2052455
27772.952000 1.4005587 -0.7036717 1.3239555 -0.2436622 0.7249525 -0.6106981 0.2052326
27773.052000 1.4061704 -0.7112765 1.3239889 -0.2435585 0.7248362 -0.6108836 0.2052144
27773.152000 1.4121003 -0.7193383 1.3239857 -0.2436382 0.7248280 -0.6108489 0.2052520
27773.252000 1.4182350 -0.7278817 1.3239586 -0.2436615 0.7249396 -0.6107107 0.2052415
27773.352000 1.4240316 -0.7356711 1.3239816 -0.2436540 0.7248472 -0.6108208 0.2052493
27773.452000 1.4300444 -0.7440479 1.3239567 -0.2436637 0.7249489 -0.6107005 0.2052364
27773.552000 1.4357787 -0.7517541 1.3239801 -0.2436541 0.7248533 -0.6108148 0.2052454
27773.654000 1.4416699 -0.7598113 1.3239810 -0.2436529 0.7248490 -0.6108207 0.2052447
27773.752000 1.4530620 -0.7754241 1.3239801 -0.2436636 0.7248474 -0.6108150 0.2052543
27773.852000 1.4593691 -0.7840585 1.3239799 -0.2436684 0.7248474 -0.6108121 0.2052573
27773.952000 1.4648791 -0.7918177 1.3240304 -0.2435165 0.7248413 -0.6108980 0.2052035
27774.052000 1.4714757 -0.8008348 1.3239434 -0.2436492 0.7249537 -0.6106887 0.2052718
27774.152000 1.4771328 -0.8083777 1.3239784 -0.2436652 0.7248493 -0.6108127 0.2052527
27774.252000 1.4829093 -0.8162823 1.3239800 -0.2436623 0.7248467 -0.6108173 0.2052516
27774.352000 1.4885336 -0.8241951 1.3240180 -0.2435571 0.7248218 -0.6108864 0.2052585
27774.452000 1.4943944 -0.8322424 1.3240375 -0.2435168 0.7248056 -0.6109286 0.2052380
27774.552000 1.5007003 -0.8406533 1.3239831 -0.2436501 0.7248395 -0.6108302 0.2052532
27774.652000 1.5065944 -0.8487136 1.3239833 -0.2436530 0.7248394 -0.6108296 0.2052517
27774.752000 1.5118779 -0.8560159 1.3240580 -0.2434989 0.7247341 -0.6110287 0.2052138
27774.852000 1.5183943 -0.8648665 1.3239820 -0.2436583 0.7248442 -0.6108218 0.2052516
27774.952000 1.5236796 -0.8721727 1.3240568 -0.2434975 0.7247393 -0.6110247 0.2052091
27775.052000 1.5301968 -0.8810235 1.3239808 -0.2436568 0.7248479 -0.6108193 0.2052478
27775.152000 1.5410846 -0.8960193 1.3240555 -0.2435033 0.7247402 -0.6110197 0.2052139
27775.252000 1.5472748 -0.9044856 1.3240557 -0.2435073 0.7247376 -0.6110206 0.2052157
27775.352000 1.5539098 -0.9136509 1.3239545 -0.2436729 0.7249497 -0.6106945 0.2052407
27775.452000 1.5592945 -0.9211072 1.3240268 -0.2435488 0.7248128 -0.6108962 0.2052710
27775.552000 1.5649532 -0.9287005 1.3240599 -0.2434973 0.7247207 -0.6110413 0.2052257
27775.652000 1.5707398 -0.9366139 1.3240589 -0.2434948 0.7247307 -0.6110345 0.2052136
27775.752000 1.5713419 -0.9375748 1.3240296 -0.2434935 0.7248469 -0.6109071 0.2051839
27775.852000 1.5767587 -0.9448600 1.3240557 -0.2434936 0.7247457 -0.6110199 0.2052051
27775.952000 1.5826562 -0.9529260 1.3240565 -0.2434926 0.7247416 -0.6110255 0.2052043
27776.052000 1.5948869 -0.9700563 1.3239550 -0.2436398 0.7249681 -0.6106689 0.2052913
27776.153000 1.6005334 -0.9775852 1.3240293 -0.2435118 0.7248486 -0.6108915 0.2052027
27776.252000 1.6064386 -0.9856532 1.3240289 -0.2435165 0.7248468 -0.6108918 0.2052024
27776.352000 1.6121797 -0.9933561 1.3240411 -0.2435482 0.7247272 -0.6109987 0.2052691
27776.452000 1.6182399 -1.0018093 1.3240386 -0.2435163 0.7248011 -0.6109340 0.2052385
27776.552000 1.6245501 -1.0102405 1.3239838 -0.2436375 0.7248386 -0.6108379 0.2052481
27776.652000 1.6304441 -1.0182968 1.3239849 -0.2436476 0.7248311 -0.6108407 0.2052544
27776.752000 1.6357267 -1.0255953 1.3240599 -0.2435029 0.7247217 -0.6110377 0.2052260
27776.853000 1.6417996 -1.0340626 1.3240332 -0.2435053 0.7248375 -0.6109082 0.2052000
27776.952000 1.6481550 -1.0425458 1.3239809 -0.2436585 0.7248486 -0.6108167 0.2052510
27777.052000 1.6534317 -1.0498343 1.3240570 -0.2434980 0.7247385 -0.6110251 0.2052099
27777.152000 1.6599485 -1.0586848 1.3239811 -0.2436574 0.7248473 -0.6108195 0.2052487
27777.252000 1.6652332 -1.0659906 1.3240561 -0.2434955 0.7247413 -0.6110241 0.2052062
27777.352000 1.6715071 -1.0745238 1.3239844 -0.2436435 0.7248349 -0.6108391 0.2052508
27777.453000 1.6770050 -1.0821141 1.3240584 -0.2434993 0.7247318 -0.6110306 0.2052157
27777.552000 1.6830855 -1.0905924 1.3240330 -0.2435052 0.7248385 -0.6109073 0.2051992
27777.652000 1.6944244 -1.1059866 1.3240557 -0.2435030 0.7247425 -0.6110165 0.2052154
27777.752000 1.7008504 -1.1149211 1.3240303 -0.2435128 0.7248434 -0.6108980 0.2052004
27777.852000 1.7067059 -1.1229424 1.3240289 -0.2435162 0.7248469 -0.6108919 0.2052021
27777.952000 1.7075630 -1.1240347 1.3239529 -0.2436631 0.7249586 -0.6106909 0.2052313
27778.052000 1.7131495 -1.1316924 1.3239552 -0.2436639 0.7249549 -0.6106937 0.2052352
27778.152000 1.7188232 -1.1393097 1.3239798 -0.2436539 0.7248544 -0.6108137 0.2052450
27778.252000 1.7249385 -1.1478238 1.3239556 -0.2436624 0.7249523 -0.6106982 0.2052329
27778.352000 1.7357174 -1.1625253 1.3240543 -0.2435036 0.7247456 -0.6110134 0.2052132
27778.452000 1.7420784 -1.1713690 1.3240305 -0.2435169 0.7248411 -0.6108980 0.2052039
27778.552000 1.7485495 -1.1801660 1.3239531 -0.2436731 0.7249552 -0.6106881 0.2052398
27778.652000 1.7542941 -1.1878992 1.3239854 -0.2436255 0.7248290 -0.6108533 0.2052507
27778.752000 1.7545655 -1.1882326 1.3239792 -0.2436471 0.7248521 -0.6108214 0.2052383
27778.853000 1.7650314 -1.2032460 1.3240126 -0.2434641 0.7248978 -0.6108326 0.2052608
27778.952000 1.7716216 -1.2118499 1.3240285 -0.2435117 0.7248501 -0.6108896 0.2052030
27779.052000 1.7774796 -1.2198484 1.3240290 -0.2435165 0.7248468 -0.6108918 0.2052024
27779.152000 1.7781624 -1.2205488 1.3239785 -0.2436534 0.7248544 -0.6108146 0.2052430
27779.252000 1.7836274 -1.2280939 1.3239904 -0.2435579 0.7248298 -0.6108912 0.2052151
27779.352000 1.7898116 -1.2366523 1.3239562 -0.2436637 0.7249505 -0.6106990 0.2052351
27779.452000 1.7956061 -1.2444397 1.3239800 -0.2436535 0.7248531 -0.6108156 0.2052445
27779.552000 1.8008833 -1.2517280 1.3240563 -0.2434958 0.7247410 -0.6110242 0.2052067
27779.652000 1.8073256 -1.2604864 1.3239838 -0.2436527 0.7248361 -0.6108327 0.2052544
27779.752000 1.8132278 -1.2685654 1.3239827 -0.2436539 0.7248427 -0.6108259 0.2052499
27779.852000 1.8135501 -1.2689935 1.3239784 -0.2436436 0.7248534 -0.6108223 0.2052351
27779.952000 1.8187992 -1.2764112 1.3240308 -0.2435047 0.7248456 -0.6109007 0.2051940
27780.052000 1.8243517 -1.2838773 1.3240507 -0.2435070 0.7247471 -0.6110105 0.2052124
27780.152000 1.8310641 -1.2930113 1.3239727 -0.2435858 0.7248483 -0.6108634 0.2051993
27780.252000 1.8312359 -1.2932134 1.3239795 -0.2436481 0.7248517 -0.6108212 0.2052393
27780.352000 1.8370018 -1.3012689 1.3239571 -0.2436630 0.7249471 -0.6107026 0.2052373
27780.452000 1.8371495 -1.3013128 1.3239773 -0.2436437 0.7248579 -0.6108172 0.2052343
27780.552000 1.8427824 -1.3090292 1.3239814 -0.2436530 0.7248481 -0.6108214 0.2052455
27780.652000 1.8487332 -1.3173451 1.3239608 -0.2436737 0.7249378 -0.6107047 0.2052513
27780.752000 1.8545623 -1.3253420 1.3239592 -0.2436366 0.7249424 -0.6107205 0.2052320
27780.852000 1.8548412 -1.3255397 1.3239776 -0.2436511 0.7248565 -0.6108138 0.2052406
27780.952000 1.8597494 -1.3323289 1.3240563 -0.2434952 0.7247412 -0.6110244 0.2052061
27781.052000 1.8659829 -1.3410188 1.3240309 -0.2435018 0.7248465 -0.6109017 0.2051916
27781.152000 1.8718725 -1.3490970 1.3240355 -0.2435092 0.7248191 -0.6109218 0.2052199
27781.252000 1.8782283 -1.3577310 1.3239575 -0.2436599 0.7249437 -0.6107065 0.2052415
27781.352000 1.8842081 -1.3659124 1.3239516 -0.2436764 0.7249552 -0.6106865 0.2052409
27781.452000 1.8898164 -1.3734449 1.3239783 -0.2436648 0.7248532 -0.6108084 0.2052522
27781.552000 1.8960410 -1.3821088 1.3239543 -0.2436775 0.7249492 -0.6106921 0.2052443
27781.652000 1.8955583 -1.3813646 1.3240539 -0.2434930 0.7247482 -0.6110182 0.2052023
27781.752000 1.9073520 -1.3978912 1.3239568 -0.2436376 0.7249635 -0.6106748 0.2052923
27781.853000 1.9073435 -1.3975190 1.3240544 -0.2434933 0.7247483 -0.6110164 0.2052070
27781.952000 1.9128150 -1.4049951 1.3240595 -0.2434943 0.7247273 -0.6110381 0.2052156
27782.052000 1.9195564 -1.4143050 1.3239576 -0.2436672 0.7249434 -0.6107036 0.2052424
27782.152000 1.9247365 -1.4213238 1.3240565 -0.2434995 0.7247403 -0.6110215 0.2052126
27782.252000 1.9312466 -1.4301577 1.3239819 -0.2436582 0.7248447 -0.6108213 0.2052512
27782.352000 1.9363360 -1.4371317 1.3240953 -0.2435599 0.7245996 -0.6111379 0.2052911
27782.452000 1.9428411 -1.4460689 1.3239869 -0.2436131 0.7248299 -0.6108586 0.2052463
27782.552000 1.9483066 -1.4535906 1.3240596 -0.2435013 0.7247245 -0.6110361 0.2052225
27782.652000 1.9488083 -1.4544154 1.3240295 -0.2434983 0.7248464 -0.6109044 0.2051879
27782.752000 1.9549107 -1.4627156 1.3239542 -0.2436665 0.7249567 -0.6106906 0.2052352
27782.852000 1.9665647 -1.4786916 1.3239569 -0.2436760 0.7249492 -0.6106912 0.2052486
27782.952000 1.9665020 -1.4786572 1.3240294 -0.2435046 0.7248505 -0.6108955 0.2051928
27783.052000 1.9723950 -1.4866589 1.3239554 -0.2436674 0.7249531 -0.6106933 0.2052386
27783.152000 1.9785411 -1.4950748 1.3239547 -0.2436641 0.7249564 -0.6106923 0.2052341
27783.252000 1.9843901 -1.5030011 1.3239705 -0.2436754 0.7248985 -0.6107510 0.2052502
27783.352000 1.9898500 -1.5106320 1.3240301 -0.2435139 0.7248452 -0.6108953 0.2052007
27783.452000 1.9900948 -1.5109613 1.3240290 -0.2434995 0.7248524 -0.6108967 0.2051882
27783.552000 1.9956742 -1.5186102 1.3240349 -0.2435066 0.7248240 -0.6109190 0.2052138
27783.652000 2.0014040 -1.5263024 1.3240576 -0.2434956 0.7247360 -0.6110279 0.2052132
27783.759000 2.0078033 -1.5349835 1.3239827 -0.2436574 0.7248415 -0.6108249 0.2052531
27783.852000 2.0138128 -1.5432119 1.3239820 -0.2436541 0.7248457 -0.6108230 0.2052480
27783.952000 2.0198363 -1.5516094 1.3239560 -0.2436632 0.7249514 -0.6106985 0.2052342
27784.052000 2.0250084 -1.5586160 1.3240550 -0.2434966 0.7247462 -0.6110178 0.2052064
27784.152000 2.0308596 -1.5666305 1.3240654 -0.2435234 0.7246804 -0.6110598 0.2052816
27784.252000 2.0373874 -1.5755117 1.3239853 -0.2436265 0.7248346 -0.6108486 0.2052435
27784.352000 2.0434174 -1.5839026 1.3239582 -0.2436624 0.7249412 -0.6107086 0.2052410
27784.453000 2.0485912 -1.5909103 1.3240567 -0.2434994 0.7247395 -0.6110223 0.2052132
27784.552000 2.0544825 -1.5989687 1.3240573 -0.2434944 0.7247390 -0.6110269 0.2052075
27784.652000 2.0606122 -1.6075149 1.3240319 -0.2435041 0.7248437 -0.6109029 0.2051954
27784.752000 2.0669101 -1.6161105 1.3239737 -0.2435811 0.7249141 -0.6107853 0.2052050
27784.852000 2.0721720 -1.6232016 1.3240601 -0.2435211 0.7247088 -0.6110348 0.2052587
27784.952000 2.0786829 -1.6320406 1.3239841 -0.2436498 0.7248351 -0.6108353 0.2052538
27785.052000 2.0840284 -1.6394242 1.3240580 -0.2434994 0.7247339 -0.6110286 0.2052142
27785.152000 2.0904904 -1.6482005 1.3239822 -0.2436583 0.7248436 -0.6108224 0.2052521
27785.252000 2.0909260 -1.6489358 1.3239529 -0.2436569 0.7249555 -0.6106987 0.2052265
27785.352000 2.0959513 -1.6559070 1.3240308 -0.2435080 0.7248468 -0.6108967 0.2051979
27785.452000 2.1025292 -1.6648415 1.3239545 -0.2436679 0.7249557 -0.6106906 0.2052369
27785.553000 2.1134450 -1.6798811 1.3240380 -0.2435132 0.7248360 -0.6109030 0.2052111
27785.652000 2.1201147 -1.6889271 1.3239539 -0.2436730 0.7249545 -0.6106887 0.2052406
27785.752000 2.1252473 -1.6959558 1.3240691 -0.2435706 0.7247081 -0.6110089 0.2052794
27785.852000 2.1257506 -1.6967028 1.3240286 -0.2435018 0.7248518 -0.6108960 0.2051899
27785.952000 2.1317753 -1.7047404 1.3239828 -0.2436530 0.7248405 -0.6108276 0.2052538
27786.053000 2.1376141 -1.7127264 1.3239827 -0.2436539 0.7248427 -0.6108259 0.2052499
27786.152000 2.1436849 -1.7211890 1.3239567 -0.2436637 0.7249488 -0.6107006 0.2052364
27786.252000 2.1495945 -1.7292873 1.3239549 -0.2436640 0.7249561 -0.6106926 0.2052343
27786.352000 2.1553225 -1.7369770 1.3239797 -0.2436534 0.7248544 -0.6108142 0.2052441
27786.452000 2.1613870 -1.7454230 1.3239553 -0.2436616 0.7249530 -0.6106980 0.2052317
27786.552000 2.1671576 -1.7531884 1.3239834 -0.2436496 0.7248375 -0.6108326 0.2052533
27786.654000 2.1724380 -1.7604785 1.3240587 -0.2434993 0.7247305 -0.6110319 0.2052166
27786.752000 2.1785672 -1.7690240 1.3240324 -0.2435050 0.7248412 -0.6109046 0.2051978
27786.853000 2.1848664 -1.7774285 1.3239806 -0.2436584 0.7248501 -0.6108155 0.2052498
27786.952000 2.1901400 -1.7847133 1.3240568 -0.2434975 0.7247393 -0.6110247 0.2052091
27787.056000 2.1960369 -1.7927874 1.3240563 -0.2434923 0.7247420 -0.6110253 0.2052037
27787.152000 2.2025327 -1.8016276 1.3239848 -0.2436368 0.7248344 -0.6108431 0.2052483
27787.252000 2.2078244 -1.8089309 1.3240589 -0.2434998 0.7247288 -0.6110331 0.2052181
27787.352000 2.2139531 -1.8174761 1.3240327 -0.2435053 0.7248395 -0.6109060 0.2051991
27787.452000 2.2198067 -1.8254968 1.3240312 -0.2435051 0.7248463 -0.6108989 0.2051965
27787.552000 2.2260950 -1.8338814 1.3239802 -0.2436583 0.7248515 -0.6108139 0.2052493
27787.652000 2.2320626 -1.8420461 1.3239780 -0.2436650 0.7248453 -0.6108175 0.2052527
27787.752000 2.2380659 -1.8504212 1.3239547 -0.2436729 0.7249496 -0.6106945 0.2052408
27787.853000 2.2439389 -1.8584896 1.3239600 -0.2436419 0.7249271 -0.6107310 0.2052488
27787.952000 2.2497872 -1.8664846 1.3239586 -0.2436543 0.7249379 -0.6107155 0.2052418
27788.052000 2.2550241 -1.8737181 1.3240312 -0.2435114 0.7248442 -0.6108971 0.2052019
27788.152000 2.2609028 -1.8816169 1.3240573 -0.2434958 0.7247376 -0.6110263 0.2052123
27788.253000 2.2671976 -1.8901912 1.3240003 -0.2435705 0.7248056 -0.6109143 0.2052169
27788.352000 2.2732469 -1.8984500 1.3239857 -0.2436387 0.7248279 -0.6108488 0.2052524
27788.452000 2.2791002 -1.9064562 1.3239838 -0.2436515 0.7248366 -0.6108331 0.2052527
27788.552000 2.2852301 -1.9148476 1.3239827 -0.2436539 0.7248427 -0.6108259 0.2052500
27788.652000 2.2911434 -1.9230932 1.3239562 -0.2436635 0.7249508 -0.6106988 0.2052349
27788.755000 2.2964826 -1.9304804 1.3240302 -0.2435072 0.7248488 -0.6108954 0.2051959
27788.852000 2.3027214 -1.9390073 1.3239620 -0.2435907 0.7249422 -0.6107445 0.2052160
27788.953000 2.3083133 -1.9466840 1.3240336 -0.2435137 0.7248301 -0.6109087 0.2052144
27789.052000 2.3139936 -1.9543109 1.3240579 -0.2434957 0.7247343 -0.6110296 0.2052144
27789.152000 2.3204479 -1.9630668 1.3239823 -0.2436581 0.7248430 -0.6108231 0.2052524
27789.252000 2.3209427 -1.9638828 1.3239530 -0.2436572 0.7249553 -0.6106987 0.2052268
27789.352000 2.3209747 -1.9639232 1.3239485 -0.2436438 0.7249676 -0.6106942 0.2052128
27789.452000 2.3208214 -1.9635490 1.3239710 -0.2436202 0.7248721 -0.6108178 0.2052103
27789.552000 2.3210019 -1.9639266 1.3239446 -0.2436164 0.7249777 -0.6107023 0.2051854
27789.652000 2.3208642 -1.9635896 1.3239648 -0.2435945 0.7248952 -0.6108105 0.2051808
27789.753000 2.3208713 -1.9635790 1.3239637 -0.2435814 0.7249002 -0.6108147 0.2051665
27789.852000 2.3208889 -1.9635925 1.3239611 -0.2435689 0.7249123 -0.6108104 0.2051512
27789.953000 2.3210784 -1.9639936 1.3239332 -0.2435653 0.7250283 -0.6106835 0.2051233
27790.052000 2.3209257 -1.9636364 1.3239550 -0.2435256 0.7249485 -0.6108007 0.2051034
27790.152000 2.3210939 -1.9640280 1.3239281 -0.2434629 0.7250804 -0.6106951 0.2050262
27790.252000 2.3211370 -1.9640504 1.3239243 -0.2435294 0.7250731 -0.6106607 0.2050755
27790.352000 2.3211520 -1.9640681 1.3239213 -0.2434999 0.7250941 -0.6106582 0.2050438
27790.452000 2.3211435 -1.9640728 1.3239206 -0.2434259 0.7251222 -0.6106759 0.2049794
27790.552000 2.3210034 -1.9636829 1.3239437 -0.2434821 0.7250060 -0.6107709 0.2050406
27790.652000 2.3211779 -1.9640635 1.3239173 -0.2434615 0.7251229 -0.6106543 0.2049990
27790.752000 2.3211894 -1.9641045 1.3239135 -0.2433896 0.7251626 -0.6106585 0.2049316
27790.852000 2.3210486 -1.9637153 1.3239368 -0.2434457 0.7250463 -0.6107535 0.2049932
27790.952000 2.3212217 -1.9640938 1.3239105 -0.2434247 0.7251627 -0.6106377 0.2049516
27791.052000 2.3212307 -1.9641302 1.3239071 -0.2433527 0.7252010 -0.6106434 0.2048846
27791.153000 2.3210873 -1.9637356 1.3239308 -0.2434084 0.7250833 -0.6107402 0.2049463
27791.252000 2.3212616 -1.9641176 1.3239044 -0.2433874 0.7252004 -0.6106234 0.2049048
27791.352000 2.3210956 -1.9637606 1.3239268 -0.2433051 0.7251344 -0.6107532 0.2048492
27791.452000 2.3211186 -1.9637411 1.3239260 -0.2433704 0.7251160 -0.6107319 0.2049003
27791.552000 2.3211269 -1.9637503 1.3239240 -0.2433401 0.7251342 -0.6107327 0.2048698
27791.652000 2.3211255 -1.9637644 1.3239222 -0.2432668 0.7251665 -0.6107457 0.2048033
27791.752000 2.3213277 -1.9641491 1.3238948 -0.2433424 0.7252552 -0.6105972 0.2048427
27791.852000 2.3211704 -1.9637855 1.3239174 -0.2433023 0.7251744 -0.6107156 0.2048231
27791.952000 2.3211611 -1.9637825 1.3239167 -0.2432286 0.7252020 -0.6107343 0.2047573
27792.052000 2.3211903 -1.9637781 1.3239150 -0.2432942 0.7251874 -0.6107085 0.2048081
27792.152000 2.3213699 -1.9641741 1.3238877 -0.2432733 0.7253078 -0.6105877 0.2047665
27792.253000 2.3213764 -1.9642072 1.3238847 -0.2432003 0.7253449 -0.6105951 0.2046997
27792.352000 2.3212312 -1.9638099 1.3239088 -0.2432559 0.7252260 -0.6106933 0.2047621
27792.452000 2.3212306 -1.9638003 1.3239082 -0.2432246 0.7252388 -0.6107005 0.2047324
27792.552000 2.3212276 -1.9638126 1.3239066 -0.2431511 0.7252702 -0.6107146 0.2046662
27792.652000 2.3212559 -1.9638068 1.3239050 -0.2432164 0.7252550 -0.6106896 0.2047173
27792.752000 2.3212622 -1.9638132 1.3239034 -0.2431856 0.7252719 -0.6106919 0.2046873
27792.852000 2.3212587 -1.9638248 1.3239019 -0.2431118 0.7253031 -0.6107064 0.2046211
27792.952000 2.3212865 -1.9638184 1.3239003 -0.2431770 0.7252876 -0.6106817 0.2046723
27793.052000 2.3212924 -1.9638242 1.3238988 -0.2431461 0.7253042 -0.6106843 0.2046424
27793.152000 2.3212884 -1.9638352 1.3238974 -0.2430720 0.7253352 -0.6106992 0.2045762
27793.252000 2.3213158 -1.9638282 1.3238959 -0.2431372 0.7253193 -0.6106748 0.2046276
27793.352000 2.3213213 -1.9638334 1.3238945 -0.2431061 0.7253357 -0.6106778 0.2045977
27793.452000 2.3214890 -1.9642323 1.3238675 -0.2430418 0.7254694 -0.6105705 0.2045203
27793.552000 2.3215249 -1.9642451 1.3238648 -0.2431075 0.7254586 -0.6105400 0.2045713
27793.652000 2.3213564 -1.9638579 1.3238892 -0.2430663 0.7253709 -0.6106668 0.2045528
27793.752000 2.3213441 -1.9638510 1.3238890 -0.2429916 0.7253969 -0.6106876 0.2044872
27793.852000 2.3215410 -1.9642278 1.3238623 -0.2430666 0.7254825 -0.6105425 0.2045279
27793.953000 2.3215563 -1.9642559 1.3238594 -0.2430357 0.7255048 -0.6105385 0.2044973
27794.053000 2.3213809 -1.9638809 1.3238835 -0.2429516 0.7254332 -0.6106754 0.2044424
27794.152000 2.3215682 -1.9642362 1.3238582 -0.2430259 0.7255130 -0.6105372 0.2044837
27794.252000 2.3214152 -1.9638720 1.3238810 -0.2430034 0.7254262 -0.6106508 0.2044794
27794.352000 2.3213951 -1.9638608 1.3238814 -0.2429102 0.7254558 -0.6106794 0.2043994
27794.452000 2.3214210 -1.9638518 1.3238801 -0.2429751 0.7254391 -0.6106561 0.2044511
27794.553000 2.3215968 -1.9642435 1.3238533 -0.2429533 0.7255575 -0.6105378 0.2044103
27794.652000 2.3214281 -1.9638840 1.3238765 -0.2428695 0.7254898 -0.6106701 0.2043551
27794.753000 2.3216163 -1.9642424 1.3238510 -0.2429436 0.7255703 -0.6105312 0.2043963
27794.852000 2.3214589 -1.9638811 1.3238739 -0.2429028 0.7254891 -0.6106502 0.2043773
27794.952000 2.3216136 -1.9642530 1.3238488 -0.2428372 0.7256151 -0.6105521 0.2043009
27795.052000 2.3216479 -1.9642638 1.3238464 -0.2429026 0.7256034 -0.6105228 0.2043524
27795.152000 2.3214812 -1.9638817 1.3238707 -0.2428612 0.7255166 -0.6106485 0.2043340
27795.252000 2.3214639 -1.9638652 1.3238712 -0.2427858 0.7255396 -0.6106730 0.2042690
27795.352000 2.3216622 -1.9642470 1.3238443 -0.2428602 0.7256262 -0.6105269 0.2043095
27795.452000 2.3214990 -1.9638731 1.3238681 -0.2428191 0.7255415 -0.6106501 0.2042911
27795.552000 2.3214849 -1.9638640 1.3238681 -0.2427437 0.7255665 -0.6106723 0.2042258
27795.652000 2.3208464 -1.9652098 1.3238416 -0.2403321 0.7264781 -0.6112244 0.2021751
27795.753000 2.3195597 -1.9636519 1.3240289 -0.2398748 0.7260601 -0.6119142 0.2021332
27795.852000 2.3195836 -1.9636730 1.3240257 -0.2398592 0.7260665 -0.6119176 0.2021186
27795.952000 2.3196055 -1.9636921 1.3240227 -0.2398439 0.7260747 -0.6119187 0.2021036
27796.052000 2.3194557 -1.9633200 1.3240449 -0.2398132 0.7259835 -0.6120423 0.2020935
27796.152000 2.3194917 -1.9633014 1.3240434 -0.2399102 0.7259519 -0.6120157 0.2021724
27796.252000 2.3196568 -1.9637232 1.3240154 -0.2397997 0.7261027 -0.6119185 0.2020564
27796.352000 2.3195115 -1.9633642 1.3240368 -0.2397705 0.7260182 -0.6120339 0.2020450
27796.452000 2.3197157 -1.9637368 1.3240102 -0.2398773 0.7260928 -0.6118813 0.2021122
27796.552000 2.3195466 -1.9633883 1.3240318 -0.2397489 0.7260418 -0.6120236 0.2020169
27796.653000 2.3195524 -1.9633801 1.3240307 -0.2397285 0.7260516 -0.6120271 0.2019955
27796.752000 2.3195930 -1.9633764 1.3240284 -0.2398263 0.7260278 -0.6119915 0.2020728
27796.853000 2.3195827 -1.9633979 1.3240263 -0.2397067 0.7260751 -0.6120170 0.2019673
27796.952000 2.3197752 -1.9638125 1.3239973 -0.2396982 0.7261988 -0.6118850 0.2019326
27797.052000 2.3248786 -1.9709421 1.3240626 -0.2398695 0.7259146 -0.6120727 0.2021824
27797.152000 2.3309267 -1.9795518 1.3240349 -0.2398776 0.7260350 -0.6119371 0.2021507
27797.252000 2.3367591 -1.9877124 1.3240320 -0.2398779 0.7260505 -0.6119213 0.2021425
27797.352000 2.3424694 -1.9956963 1.3240313 -0.2398771 0.7260545 -0.6119180 0.2021392
27797.452000 2.3428378 -1.9961989 1.3240274 -0.2398630 0.7260643 -0.6119173 0.2021225
27797.552000 2.3487329 -2.0042248 1.3239799 -0.2400288 0.7260622 -0.6118325 0.2021902
27797.652000 2.3547067 -2.0127257 1.3239558 -0.2400343 0.7261613 -0.6117171 0.2021768
27797.752000 2.3600345 -2.0202549 1.3240301 -0.2398786 0.7260579 -0.6119139 0.2021375
27797.852000 2.3711341 -2.0356984 1.3240487 -0.2398871 0.7259998 -0.6119745 0.2021528
27797.952000 2.3779807 -2.0452805 1.3239547 -0.2400507 0.7261595 -0.6117088 0.2021893
27798.052000 2.3775585 -2.0446027 1.3240541 -0.2398657 0.7259568 -0.6120367 0.2021443
27798.153000 2.3836078 -2.0529953 1.3239841 -0.2400215 0.7260446 -0.6118543 0.2021961
27798.252000 2.3896005 -2.0615243 1.3239572 -0.2400354 0.7261561 -0.6117213 0.2021814
27798.352000 2.3954290 -2.0696815 1.3239552 -0.2400356 0.7261643 -0.6117124 0.2021787
27798.452000 2.4011341 -2.0775023 1.3239802 -0.2400256 0.7260620 -0.6118347 0.2021878
27798.553000 2.4063400 -2.0848447 1.3240562 -0.2398677 0.7259500 -0.6120429 0.2021477
27798.652000 2.4120021 -2.0929382 1.3240824 -0.2398377 0.7259123 -0.6120838 0.2021945
27798.752000 2.4126310 -2.0938011 1.3240285 -0.2398689 0.7260621 -0.6119159 0.2021280
27798.852000 2.4124857 -2.0934316 1.3240504 -0.2398436 0.7259657 -0.6120416 0.2021239
27798.953000 2.4124986 -2.0934299 1.3240487 -0.2398278 0.7259687 -0.6120489 0.2021094
27799.052000 2.4125190 -2.0934471 1.3240458 -0.2398130 0.7259786 -0.6120480 0.2020938
27799.152000 2.4127089 -2.0938570 1.3240177 -0.2398080 0.7260938 -0.6119222 0.2020671
27799.252000 2.4127331 -2.0938890 1.3240140 -0.2397880 0.7261120 -0.6119157 0.2020452
27799.353000 2.4126072 -2.0934982 1.3240365 -0.2398763 0.7259842 -0.6120035 0.2021335
27799.452000 2.4127621 -2.0938979 1.3240099 -0.2397658 0.7261306 -0.6119114 0.2020177
27799.552000 2.4127843 -2.0939273 1.3240063 -0.2397463 0.7261500 -0.6119034 0.2019954
27799.652000 2.4128255 -2.0939245 1.3240040 -0.2398441 0.7261262 -0.6118678 0.2020727
27799.752000 2.4128167 -2.0939480 1.3240017 -0.2397249 0.7261740 -0.6118926 0.2019671
27799.852000 2.4235058 -2.1088591 1.3240546 -0.2398682 0.7259551 -0.6120370 0.2021466
27799.952000 2.4298344 -2.1178621 1.3240301 -0.2398846 0.7260522 -0.6119167 0.2021423
27800.053000 2.4354759 -2.1256004 1.3240570 -0.2398685 0.7259483 -0.6120431 0.2021520
27800.152000 2.4357283 -2.1259337 1.3240539 -0.2398537 0.7259555 -0.6120461 0.2021344
27800.252000 2.4469577 -2.1418747 1.3240476 -0.2398733 0.7260301 -0.6119394 0.2021662
27800.352000 2.4536058 -2.1510417 1.3239543 -0.2400469 0.7261629 -0.6117070 0.2021867
27800.452000 2.4593097 -2.1588587 1.3239790 -0.2400365 0.7260598 -0.6118305 0.2021954
27800.552000 2.4641018 -2.1655550 1.3240953 -0.2399337 0.7258085 -0.6121568 0.2022326
27800.652000 2.4649760 -2.1669911 1.3240297 -0.2398725 0.7260562 -0.6119201 0.2021319
27800.752000 2.4705492 -2.1748007 1.3240313 -0.2398771 0.7260545 -0.6119180 0.2021392
27800.852000 2.4761459 -2.1824714 1.3240555 -0.2398662 0.7259548 -0.6120381 0.2021464
27800.952000 2.4826790 -2.1916781 1.3239556 -0.2400377 0.7261605 -0.6117158 0.2021795
27801.052000 2.4938355 -2.2073606 1.3239705 -0.2400344 0.7261426 -0.6117291 0.2022075
27801.152000 2.4999886 -2.2158149 1.3239774 -0.2400396 0.7260829 -0.6117992 0.2022039
27801.252000 2.4997022 -2.2154028 1.3240555 -0.2398664 0.7259521 -0.6120413 0.2021462
27801.352000 2.5052104 -2.2231095 1.3240586 -0.2398676 0.7259408 -0.6120516 0.2021543
27801.452000 2.5110867 -2.2313260 1.3240577 -0.2398676 0.7259457 -0.6120469 0.2021509
27801.553000 2.5169654 -2.2395453 1.3240570 -0.2398665 0.7259486 -0.6120448 0.2021481
27801.652000 2.5226763 -2.2475298 1.3240565 -0.2398649 0.7259504 -0.6120441 0.2021457
27801.752000 2.5290463 -2.2563626 1.3239807 -0.2400277 0.7260579 -0.6118383 0.2021894
27801.852000 2.5349396 -2.2646078 1.3239774 -0.2400378 0.7260548 -0.6118359 0.2021959
27801.952000 2.5409130 -2.2731187 1.3239544 -0.2400493 0.7261586 -0.6117107 0.2021880
27802.052000 2.5459202 -2.2800495 1.3240626 -0.2398800 0.7259110 -0.6120698 0.2021913
27802.152000 2.5517382 -2.2881755 1.3240607 -0.2398684 0.7259277 -0.6120635 0.2021642
27802.252000 2.5581727 -2.2970999 1.3239833 -0.2400284 0.7260476 -0.6118475 0.2021975
27802.352000 2.5633847 -2.3044578 1.3240580 -0.2398717 0.7259427 -0.6120473 0.2021556
27802.452000 2.5636995 -2.3048851 1.3240539 -0.2398579 0.7259541 -0.6120450 0.2021380
27802.552000 2.5692042 -2.3125936 1.3240567 -0.2398649 0.7259500 -0.6120445 0.2021461
27802.652000 2.5695201 -2.3130235 1.3240532 -0.2398507 0.7259567 -0.6120468 0.2021316
27802.752000 2.5697116 -2.3134334 1.3240251 -0.2398447 0.7260675 -0.6119262 0.2021061
27802.852000 2.5697416 -2.3134720 1.3240208 -0.2398300 0.7260823 -0.6119197 0.2020901
27802.952000 2.5696129 -2.3130769 1.3240436 -0.2399113 0.7259527 -0.6120138 0.2021742
27803.052000 2.5697718 -2.3134880 1.3240163 -0.2397944 0.7261020 -0.6119224 0.2020534
27803.152000 2.5754013 -2.3213715 1.3240122 -0.2399979 0.7260471 -0.6118530 0.2022190
27803.252000 2.5810812 -2.3293700 1.3240291 -0.2398857 0.7260564 -0.6119112 0.2021424
27803.352000 2.5872731 -2.3379906 1.3239737 -0.2399535 0.7261228 -0.6118038 0.2021487
27803.452000 2.5930099 -2.3458448 1.3239852 -0.2399983 0.7260391 -0.6118707 0.2021937
27803.552000 2.5989987 -2.3543475 1.3239592 -0.2400312 0.7261455 -0.6117340 0.2021862
27803.652000 2.5991603 -2.3544117 1.3239775 -0.2400171 0.7260677 -0.6118344 0.2021783
27803.752000 2.5991747 -2.3544117 1.3239757 -0.2400012 0.7260692 -0.6118435 0.2021643
27803.852000 2.5991961 -2.3544303 1.3239727 -0.2399861 0.7260780 -0.6118441 0.2021493
27803.952000 2.5993850 -2.3548375 1.3239444 -0.2399795 0.7261916 -0.6117208 0.2021219
27804.052000 2.5992401 -2.3544858 1.3239656 -0.2399384 0.7261110 -0.6118395 0.2021011
27804.152000 2.5992360 -2.3544873 1.3239642 -0.2398636 0.7261374 -0.6118595 0.2020346
27804.252000 2.5992715 -2.3544912 1.3239616 -0.2399277 0.7261241 -0.6118338 0.2020840
27804.352000 2.5994534 -2.3548967 1.3239336 -0.2399052 0.7262460 -0.6117119 0.2020414
27804.452000 2.6041096 -2.3614106 1.3240565 -0.2398653 0.7259512 -0.6120419 0.2021487
27804.552000 2.6101461 -2.3700032 1.3240318 -0.2398763 0.7260523 -0.6119213 0.2021378
27804.652000 2.6157510 -2.3776921 1.3240553 -0.2398656 0.7259555 -0.6120378 0.2021456
27804.752000 2.6215590 -2.3858044 1.3240562 -0.2398637 0.7259513 -0.6120440 0.2021442
27804.853000 2.6220417 -2.3866197 1.3240281 -0.2398580 0.7260597 -0.6119259 0.2021191
27804.952000 2.6220746 -2.3866637 1.3240234 -0.2398432 0.7260740 -0.6119198 0.2021036
27805.052000 2.6275914 -2.3944086 1.3240349 -0.2398780 0.7260330 -0.6119378 0.2021554
27805.152000 2.6278567 -2.3947674 1.3240281 -0.2398670 0.7260628 -0.6119164 0.2021262
27805.253000 2.6278801 -2.3947880 1.3240250 -0.2398513 0.7260697 -0.6119192 0.2021115
27805.352000 2.6277327 -2.3944163 1.3240470 -0.2398265 0.7259753 -0.6120424 0.2021070
27805.452000 2.6279386 -2.3947937 1.3240202 -0.2399263 0.7260492 -0.6118947 0.2021700
27805.552000 2.6277721 -2.3944488 1.3240414 -0.2397973 0.7259964 -0.6120392 0.2020754
27805.653000 2.6277803 -2.3944437 1.3240400 -0.2397764 0.7260049 -0.6120442 0.2020545
27805.752000 2.6278233 -2.3944432 1.3240374 -0.2398742 0.7259804 -0.6120094 0.2021321
27805.852000 2.6279851 -2.3948593 1.3240098 -0.2397642 0.7261310 -0.6119121 0.2020160
27805.952000 2.6278452 -2.3945138 1.3240304 -0.2397357 0.7260514 -0.6120217 0.2020039
27806.052000 2.6280410 -2.3948684 1.3240050 -0.2398421 0.7261221 -0.6118738 0.2020714
27806.152000 2.6278725 -2.3945227 1.3240265 -0.2397137 0.7260725 -0.6120146 0.2019757
27806.252000 2.6278750 -2.3945099 1.3240260 -0.2396930 0.7260812 -0.6120193 0.2019548
27806.352000 2.6334058 -2.4025274 1.3240339 -0.2398695 0.7260443 -0.6119330 0.2021392
27806.452000 2.6335069 -2.4025132 1.3240529 -0.2398558 0.7259603 -0.6120394 0.2021353
27806.552000 2.6336919 -2.4029074 1.3240258 -0.2398492 0.7260661 -0.6119246 0.2021103
27806.652000 2.6337206 -2.4029425 1.3240217 -0.2398345 0.7260794 -0.6119199 0.2020947
27806.752000 2.6335703 -2.4025697 1.3240439 -0.2398041 0.7259884 -0.6120430 0.2020846
27806.852000 2.6337512 -2.4029590 1.3240171 -0.2397987 0.7260984 -0.6119234 0.2020583
27806.952000 2.6390209 -2.4102287 1.3240550 -0.2398607 0.7259577 -0.6120387 0.2021408
27807.052000 2.6393244 -2.4106355 1.3240529 -0.2398491 0.7259574 -0.6120471 0.2021302
27807.152000 2.6395174 -2.4110490 1.3240245 -0.2398431 0.7260694 -0.6119251 0.2021043
27807.252000 2.6395456 -2.4110835 1.3240205 -0.2398285 0.7260833 -0.6119196 0.2020885
27807.352000 2.6395639 -2.4111006 1.3240177 -0.2398077 0.7260960 -0.6119197 0.2020675
27807.452000 2.6396079 -2.4111016 1.3240150 -0.2399052 0.7260705 -0.6118859 0.2021455
27807.552000 2.6394331 -2.4107384 1.3240374 -0.2397761 0.7260144 -0.6120343 0.2020509
27807.652000 2.6396107 -2.4111260 1.3240108 -0.2397650 0.7261277 -0.6119147 0.2020189
27807.752000 2.6396599 -2.4111409 1.3240073 -0.2398632 0.7261081 -0.6118741 0.2020958
27807.852000 2.6394832 -2.4107753 1.3240300 -0.2397344 0.7260529 -0.6120214 0.2020009
27807.952000 2.6394885 -2.4107665 1.3240290 -0.2397142 0.7260626 -0.6120249 0.2019797
27808.052000 2.6395281 -2.4107615 1.3240268 -0.2398117 0.7260385 -0.6119897 0.2020569
27808.152000 2.6396837 -2.4111707 1.3240001 -0.2397009 0.7261877 -0.6118942 0.2019415
27808.254000 2.6395475 -2.4108237 1.3240201 -0.2396742 0.7261107 -0.6120008 0.2019273
27808.352000 2.6395774 -2.4107972 1.3240194 -0.2397713 0.7260812 -0.6119720 0.2020051
27808.456000 2.6397360 -2.4112091 1.3239921 -0.2396614 0.7262322 -0.6118743 0.2018888
27808.552000 2.6397574 -2.4112388 1.3239887 -0.2396420 0.7262528 -0.6118649 0.2018663
27808.652000 2.6397964 -2.4112333 1.3239866 -0.2397396 0.7262291 -0.6118293 0.2019434
27808.752000 2.6397860 -2.4112547 1.3239845 -0.2396203 0.7262770 -0.6118541 0.2018377
27808.852000 2.6396295 -2.4108731 1.3240077 -0.2395909 0.7261889 -0.6119738 0.2018265
27808.953000 2.5834722 -2.4509093 1.3240008 -0.2399347 0.7260144 -0.6119295 0.2021799
27809.052000 2.5806606 -2.4531484 1.3239793 -0.2400262 0.7260590 -0.6118382 0.2021872
27809.152000 2.5802447 -2.4533752 1.3239797 -0.2381618 0.7266562 -0.6123716 0.2006258
27809.252000 2.5777892 -2.4546508 1.3239868 -0.2276000 0.7299942 -0.6152541 0.1917526
27809.353000 2.5772981 -2.4542584 1.3240445 -0.2271184 0.7300788 -0.6154354 0.1914198
27809.454000 2.5771670 -2.4539051 1.3240651 -0.2270907 0.7299873 -0.6155563 0.1914128
27809.552000 2.5775788 -2.4536912 1.3240652 -0.2288293 0.7294233 -0.6151210 0.1928860
27809.652000 2.5772252 -2.4539731 1.3240687 -0.2272898 0.7298751 -0.6155520 0.1916178
27809.752000 2.5776212 -2.4545290 1.3240053 -0.2271945 0.7300318 -0.6154533 0.1914507
27809.852000 2.5782491 -2.4547629 1.3239719 -0.2290216 0.7295889 -0.6148301 0.1929588
27809.952000 2.5779589 -2.4551225 1.3239571 -0.2274355 0.7301446 -0.6151877 0.1915884
27810.052000 2.5773787 -2.4543529 1.3240364 -0.2271526 0.7300724 -0.6154257 0.1914345
27810.152000 2.5777873 -2.4541485 1.3240342 -0.2288813 0.7295386 -0.6149638 0.1928891
27810.252000 2.5772318 -2.4539239 1.3240632 -0.2273106 0.7299349 -0.6154857 0.1915786
27810.352000 2.5776570 -2.4545582 1.3239954 -0.2272073 0.7301112 -0.6153679 0.1914074
27810.452000 2.5780952 -2.4544171 1.3239871 -0.2288808 0.7296107 -0.6149040 0.1928078
27810.552000 2.5779768 -2.4551391 1.3239512 -0.2275180 0.7301955 -0.6150807 0.1916399
27810.652000 2.5772824 -2.4539908 1.3240503 -0.2272566 0.7300209 -0.6154273 0.1915022
27810.752000 2.5774121 -2.4544173 1.3240223 -0.2271179 0.7301667 -0.6153438 0.1913794
27810.854000 2.5778628 -2.4542109 1.3240212 -0.2289887 0.7295706 -0.6148629 0.1929624
27810.952000 2.5774148 -2.4543478 1.3240349 -0.2273937 0.7300053 -0.6153487 0.1916518
27811.052000 2.5777156 -2.4546143 1.3239894 -0.2272615 0.7300987 -0.6153471 0.1914577
27811.152000 2.5781377 -2.4544243 1.3239863 -0.2289481 0.7295697 -0.6149068 0.1928740
27811.252000 2.5778229 -2.4547463 1.3239788 -0.2273862 0.7300741 -0.6153007 0.1915525
27811.352000 2.5778518 -2.4550874 1.3239601 -0.2271268 0.7302485 -0.6152570 0.1913357
27811.452000 2.5781890 -2.4544832 1.3239811 -0.2289705 0.7295799 -0.6148852 0.1928780
27811.552000 2.5778231 -2.4547183 1.3239798 -0.2274409 0.7300782 -0.6152663 0.1915824
27811.652000 2.5778526 -2.4550470 1.3239616 -0.2272248 0.7302371 -0.6152127 0.1914053
27811.752000 2.5778841 -2.4550857 1.3239571 -0.2272038 0.7302498 -0.6152114 0.1913862
27811.852000 2.5783262 -2.4549274 1.3239504 -0.2289132 0.7297298 -0.6147475 0.1928174
27811.952000 2.5779619 -2.4551981 1.3239476 -0.2273455 0.7302333 -0.6151460 0.1914910
27812.053000 2.5773922 -2.4543684 1.3240308 -0.2272028 0.7301087 -0.6153592 0.1914503
27812.152000 2.5778204 -2.4541620 1.3240289 -0.2289807 0.7295489 -0.6148961 0.1929481
27812.252000 2.5773178 -2.4539383 1.3240592 -0.2274246 0.7299171 -0.6154467 0.1916363
27812.352000 2.5773152 -2.4542609 1.3240419 -0.2271513 0.7300884 -0.6154123 0.1914183
27812.453000 2.5776678 -2.4536591 1.3240624 -0.2289966 0.7294162 -0.6150437 0.1929604
27812.552000 2.5774306 -2.4543344 1.3240338 -0.2274609 0.7300074 -0.6153105 0.1916867
27812.652000 2.5773529 -2.4543231 1.3240360 -0.2272001 0.7300937 -0.6153728 0.1914670
27812.752000 2.5777942 -2.4541452 1.3240316 -0.2289583 0.7295456 -0.6149090 0.1929460
27812.852000 2.5774709 -2.4544216 1.3240278 -0.2274237 0.7300246 -0.6153142 0.1916533
27812.952000 2.5772966 -2.4539501 1.3240571 -0.2271678 0.7299995 -0.6155128 0.1914147
27813.052000 2.5777991 -2.4541752 1.3240287 -0.2288531 0.7295784 -0.6149402 0.1928475
27813.152000 2.5774400 -2.4540413 1.3240463 -0.2275213 0.7299219 -0.6153890 0.1916885
27813.252000 2.5773200 -2.4539484 1.3240545 -0.2271756 0.7300133 -0.6155004 0.1913926
27813.352000 2.5774243 -2.4544014 1.3240253 -0.2271387 0.7301300 -0.6153778 0.1913854
27813.452000 2.5778472 -2.4542304 1.3240197 -0.2288615 0.7296131 -0.6149020 0.1928281
27813.552000 2.5775453 -2.4544881 1.3240129 -0.2274986 0.7300753 -0.6152251 0.1916574
27813.652000 2.5774247 -2.4544189 1.3240219 -0.2271884 0.7301643 -0.6153147 0.1913981
27813.752000 2.5773558 -2.4539893 1.3240448 -0.2271458 0.7300726 -0.6154593 0.1913338
27813.853000 2.5778957 -2.4541685 1.3240203 -0.2291179 0.7295363 -0.6148320 0.1930372
27813.952000 2.5774212 -2.4540528 1.3240470 -0.2274626 0.7299217 -0.6154202 0.1916588
27814.052000 2.5778474 -2.4551005 1.3239561 -0.2271263 0.7302686 -0.6152342 0.1913328
27814.152000 2.5778058 -2.4546900 1.3239774 -0.2271545 0.7301623 -0.6153520 0.1913263
27814.252000 2.5783528 -2.4548666 1.3239504 -0.2291453 0.7296507 -0.6146900 0.1930247
27814.352000 2.5779490 -2.4551617 1.3239478 -0.2274475 0.7302083 -0.6151066 0.1915916
27814.452000 2.5772944 -2.4539193 1.3240563 -0.2271848 0.7300204 -0.6154847 0.1914050
27814.552000 2.5777989 -2.4541519 1.3240292 -0.2289300 0.7295619 -0.6149126 0.1929066
27814.652000 2.5774296 -2.4539903 1.3240534 -0.2275005 0.7298835 -0.6154447 0.1916808
27814.752000 2.5773768 -2.4543329 1.3240372 -0.2271876 0.7300659 -0.6154153 0.1914514
27814.852000 2.5777333 -2.4537023 1.3240586 -0.2289833 0.7294134 -0.6150616 0.1929301
27814.952000 2.5774226 -2.4543135 1.3240348 -0.2274620 0.7299915 -0.6153288 0.1916873
27815.052000 2.5773346 -2.4542878 1.3240391 -0.2272150 0.7300705 -0.6153903 0.1914819
27815.152000 2.5773497 -2.4543056 1.3240358 -0.2271733 0.7300844 -0.6154006 0.1914449
27815.253000 2.5778014 -2.4541333 1.3240302 -0.2289656 0.7295351 -0.6149188 0.1929460
27815.352000 2.5774831 -2.4540869 1.3240426 -0.2274954 0.7299314 -0.6153974 0.1916557
27815.453000 2.5773564 -2.4539616 1.3240535 -0.2271973 0.7300038 -0.6155008 0.1914016
27815.552000 2.5778131 -2.4541782 1.3240283 -0.2289139 0.7295601 -0.6149265 0.1928884
27815.652000 2.5774425 -2.4544055 1.3240307 -0.2273332 0.7300477 -0.6153476 0.1915652
27815.752000 2.5773707 -2.4543657 1.3240336 -0.2271605 0.7301026 -0.6153910 0.1914218
27815.852000 2.5777925 -2.4541458 1.3240324 -0.2289598 0.7295344 -0.6149246 0.1929368
27815.952000 2.5774333 -2.4543395 1.3240343 -0.2274463 0.7299921 -0.6153402 0.1916668
27816.053000 2.5773303 -2.4543038 1.3240396 -0.2271515 0.7300818 -0.6154196 0.1914197
27816.152000 2.5777772 -2.4541255 1.3240343 -0.2289599 0.7295264 -0.6149331 0.1929399
27816.252000 2.5774731 -2.4540150 1.3240475 -0.2275457 0.7299053 -0.6153967 0.1916979
27816.352000 2.5773904 -2.4543626 1.3240323 -0.2272258 0.7300866 -0.6153689 0.1914761
27816.452000 2.5778052 -2.4541563 1.3240321 -0.2290189 0.7295071 -0.6149140 0.1930040
27816.552000 2.5773924 -2.4539356 1.3240602 -0.2274118 0.7298643 -0.6155139 0.1916369
27816.653000 2.5773112 -2.4538629 1.3240674 -0.2272429 0.7299090 -0.6155671 0.1914956
27816.752000 2.5777993 -2.4541050 1.3240383 -0.2290707 0.7294481 -0.6149442 0.1930691
27816.852000 2.5775043 -2.4544635 1.3240243 -0.2274279 0.7300167 -0.6153235 0.1916485
27816.952000 2.5774111 -2.4544208 1.3240301 -0.2271901 0.7300885 -0.6153879 0.1914502
27817.052000 2.5777928 -2.4538025 1.3240503 -0.2289230 0.7294583 -0.6150541 0.1928556
27817.152000 2.5774139 -2.4543673 1.3240329 -0.2273737 0.7300194 -0.6153505 0.1916158
27817.253000 2.5773381 -2.4539371 1.3240573 -0.2271912 0.7299948 -0.6155136 0.1914018
27817.352000 2.5773566 -2.4539364 1.3240550 -0.2271718 0.7299974 -0.6155246 0.1913801
27817.452000 2.5777861 -2.4541646 1.3240303 -0.2288924 0.7295482 -0.6149482 0.1928897
27817.552000 2.5774889 -2.4544452 1.3240265 -0.2274653 0.7299966 -0.6153172 0.1917010
27817.652000 2.5773727 -2.4543839 1.3240346 -0.2271897 0.7300768 -0.6153953 0.1914715
27817.752000 2.5778032 -2.4538051 1.3240512 -0.2289658 0.7294374 -0.6150479 0.1929038
27817.853000 2.5775510 -2.4540475 1.3240455 -0.2276280 0.7298552 -0.6154047 0.1917655
27817.953000 2.5774210 -2.4540116 1.3240519 -0.2272331 0.7299728 -0.6155148 0.1914326
27818.052000 2.5774322 -2.4544365 1.3240277 -0.2271819 0.7300733 -0.6154090 0.1914500
27818.152000 2.5779319 -2.4538309 1.3240429 -0.2292763 0.7293568 -0.6149531 0.1931417
27818.252000 2.5775520 -2.4545023 1.3240166 -0.2274677 0.7300372 -0.6152838 0.1916507
27818.352000 2.5774323 -2.4544535 1.3240248 -0.2272085 0.7301143 -0.6153535 0.1914405
27818.452000 2.5778615 -2.4542471 1.3240222 -0.2290257 0.7295483 -0.6148739 0.1929680
27818.553000 2.5775189 -2.4540787 1.3240398 -0.2274498 0.7299672 -0.6153981 0.1915717
27818.652000 2.5774085 -2.4540179 1.3240473 -0.2271546 0.7300510 -0.6154854 0.1913219
27818.752000 2.5778154 -2.4542081 1.3240269 -0.2289375 0.7295550 -0.6149181 0.1929063
27818.852000 2.5774534 -2.4544100 1.3240328 -0.2274662 0.7299629 -0.6153508 0.1917201
27818.952000 2.5774073 -2.4539901 1.3240554 -0.2272805 0.7299452 -0.6155125 0.1914889
27819.052000 2.5778186 -2.4542064 1.3240301 -0.2289854 0.7295074 -0.6149337 0.1929798
27819.152000 2.5775312 -2.4545185 1.3240183 -0.2274683 0.7300344 -0.6152774 0.1916814
27819.252000 2.5774438 -2.4544832 1.3240233 -0.2272455 0.7301038 -0.6153356 0.1914943
27819.352000 2.5774593 -2.4545085 1.3240199 -0.2272179 0.7301130 -0.6153425 0.1914696
27819.452000 2.5778693 -2.4542895 1.3240195 -0.2290000 0.7295524 -0.6148781 0.1929692
27819.552000 2.5774872 -2.4544652 1.3240234 -0.2274160 0.7300343 -0.6153119 0.1916329
27819.652000 2.5773761 -2.4544035 1.3240315 -0.2271776 0.7301033 -0.6153794 0.1914360
27819.752000 2.5778093 -2.4542198 1.3240282 -0.2289644 0.7295381 -0.6149159 0.1929450
27819.852000 2.5774791 -2.4544610 1.3240261 -0.2274039 0.7300071 -0.6153450 0.1916445
27819.952000 2.5773879 -2.4544275 1.3240310 -0.2271676 0.7300800 -0.6154074 0.1914469
27820.052000 2.5778629 -2.4538438 1.3240464 -0.2290470 0.7294289 -0.6150137 0.1929485
27820.152000 2.5774817 -2.4543980 1.3240274 -0.2275143 0.7299996 -0.6152907 0.1917165
27820.252000 2.5773721 -2.4543903 1.3240317 -0.2272092 0.7300980 -0.6153651 0.1914646
27820.352000 2.5778204 -2.4542303 1.3240267 -0.2289826 0.7295409 -0.6149025 0.1929557
27820.452000 2.5775269 -2.4545297 1.3240202 -0.2273955 0.7300282 -0.6153318 0.1916163
27820.552000 2.5774887 -2.4541223 1.3240429 -0.2271966 0.7300185 -0.6154933 0.1913706
27820.652000 2.5778454 -2.4542614 1.3240252 -0.2289352 0.7295419 -0.6149335 0.1929094
27820.752000 2.5774577 -2.4544221 1.3240287 -0.2274105 0.7300161 -0.6153360 0.1916315
27820.853000 2.5774227 -2.4540182 1.3240511 -0.2272094 0.7300089 -0.6154968 0.1913808
27820.953000 2.5778555 -2.4538345 1.3240465 -0.2289498 0.7294698 -0.6150360 0.1928380
27821.052000 2.5775712 -2.4541215 1.3240371 -0.2274941 0.7299491 -0.6153920 0.1916078
27821.152000 2.5774666 -2.4540735 1.3240433 -0.2271953 0.7300375 -0.6154762 0.1913543
27821.252000 2.5774818 -2.4540982 1.3240400 -0.2271594 0.7300490 -0.6154859 0.1913222
27821.353000 2.5778239 -2.4542720 1.3240222 -0.2288362 0.7295843 -0.6149459 0.1928269
27821.452000 2.5775776 -2.4541212 1.3240404 -0.2275024 0.7299112 -0.6154227 0.1916433
27821.552000 2.5773840 -2.4543976 1.3240345 -0.2271754 0.7300681 -0.6154160 0.1914551
27821.652000 2.5774636 -2.4540778 1.3240469 -0.2271780 0.7300046 -0.6155153 0.1913749
27821.753000 2.5778703 -2.4541959 1.3240280 -0.2291235 0.7294674 -0.6148972 0.1930836
27821.852000 2.5775704 -2.4541020 1.3240395 -0.2275021 0.7299288 -0.6154114 0.1916128
27821.952000 2.5774386 -2.4540234 1.3240495 -0.2271720 0.7300212 -0.6155101 0.1913356
27822.052000 2.5777849 -2.4541976 1.3240313 -0.2288693 0.7295438 -0.6149702 0.1928633
27822.152000 2.5775425 -2.4541009 1.3240465 -0.2274806 0.7298892 -0.6154570 0.1916428
27822.252000 2.5774407 -2.4540311 1.3240538 -0.2271821 0.7299739 -0.6155470 0.1913853
27822.352000 2.5774554 -2.4540534 1.3240505 -0.2271386 0.7299877 -0.6155586 0.1913470
27822.452000 2.5778730 -2.4541876 1.3240303 -0.2291602 0.7294339 -0.6149080 0.1931322
27822.553000 2.5775274 -2.4544761 1.3240239 -0.2275637 0.7299645 -0.6152949 0.1917778
27822.652000 2.5774734 -2.4540665 1.3240485 -0.2272716 0.7299874 -0.6154788 0.1914467
27822.752000 2.5774915 -2.4540706 1.3240459 -0.2272257 0.7299989 -0.6154961 0.1914020
27822.852000 2.5778410 -2.4542332 1.3240258 -0.2289638 0.7295292 -0.6149248 0.1929513
27822.955000 2.5776243 -2.4541707 1.3240335 -0.2276302 0.7299166 -0.6153414 0.1917322
27823.053000 2.5774026 -2.4544260 1.3240286 -0.2272131 0.7300946 -0.6153667 0.1914676
27823.152000 2.5778260 -2.4542531 1.3240244 -0.2289635 0.7295498 -0.6149019 0.1929467
27823.252000 2.5775049 -2.4545053 1.3240191 -0.2274592 0.7300220 -0.6152949 0.1916830
27823.352000 2.5774922 -2.4541123 1.3240413 -0.2272419 0.7300266 -0.6154547 0.1914103
27823.452000 2.5775095 -2.4541174 1.3240388 -0.2271846 0.7300415 -0.6154750 0.1913560
27823.552000 2.5778415 -2.4542681 1.3240210 -0.2288822 0.7295757 -0.6149250 0.1928715
27823.652000 2.5775161 -2.4545372 1.3240166 -0.2273897 0.7300581 -0.6153045 0.1915969
27823.752000 2.5774893 -2.4541203 1.3240414 -0.2271692 0.7300611 -0.6154681 0.1913219
27823.852000 2.5775067 -2.4541257 1.3240388 -0.2271061 0.7300779 -0.6154898 0.1912627
27823.952000 2.5780251 -2.4539421 1.3240310 -0.2291513 0.7294572 -0.6149318 0.1929786
27824.052000 2.5777102 -2.4543305 1.3240164 -0.2274666 0.7300271 -0.6153293 0.1915443
27824.152000 2.5774906 -2.4545761 1.3240129 -0.2271756 0.7301612 -0.6153216 0.1914034
27824.253000 2.5778885 -2.4543506 1.3240149 -0.2289311 0.7295851 -0.6148863 0.1929013
27824.355000 2.5774675 -2.4544303 1.3240337 -0.2274602 0.7299594 -0.6153613 0.1917073
27824.453000 2.5773842 -2.4544261 1.3240332 -0.2271739 0.7300576 -0.6154259 0.1914653
27824.552000 2.5779112 -2.4539488 1.3240399 -0.2288558 0.7294941 -0.6150627 0.1927724
27824.652000 2.5776876 -2.4541780 1.3240288 -0.2274426 0.7299653 -0.6154188 0.1915211
27824.752000 2.5775738 -2.4541819 1.3240350 -0.2272261 0.7300390 -0.6154601 0.1913642
27824.852000 2.5775842 -2.4542049 1.3240318 -0.2271444 0.7300644 -0.6154814 0.1912956
27824.952000 2.5779673 -2.4539862 1.3240317 -0.2287992 0.7295430 -0.6150505 0.1926933
27825.052000 2.5775416 -2.4542191 1.3240356 -0.2274411 0.7299601 -0.6154015 0.1915980
27825.152000 2.5774696 -2.4540869 1.3240451 -0.2271282 0.7300459 -0.6155074 0.1913021
27825.252000 2.5777912 -2.4542469 1.3240257 -0.2287693 0.7296006 -0.6149681 0.1927741
27825.352000 2.5775207 -2.4545573 1.3240136 -0.2273989 0.7300737 -0.6152825 0.1915976
27825.452000 2.5774213 -2.4545041 1.3240209 -0.2271239 0.7301557 -0.6153580 0.1913685
27825.552000 2.5775541 -2.4542052 1.3240303 -0.2270892 0.7301164 -0.6154590 0.1912347
27825.652000 2.5780506 -2.4539904 1.3240253 -0.2290501 0.7295122 -0.6149355 0.1928793
27825.752000 2.5777269 -2.4543413 1.3240153 -0.2276057 0.7299937 -0.6152777 0.1916721
27825.852000 2.5774816 -2.4545646 1.3240128 -0.2271926 0.7301591 -0.6153117 0.1914230
27825.952000 2.5779058 -2.4543642 1.3240115 -0.2289440 0.7296023 -0.6148614 0.1929007
27826.052000 2.5776427 -2.4543314 1.3240232 -0.2275213 0.7299821 -0.6153336 0.1916369
27826.152000 2.5777109 -2.4546325 1.3239957 -0.2271262 0.7301784 -0.6153503 0.1913041
27826.252000 2.5780495 -2.4546660 1.3239849 -0.2289075 0.7296501 -0.6148198 0.1928956
27826.353000 2.5777821 -2.4546185 1.3239981 -0.2275057 0.7300250 -0.6152775 0.1916724
27826.452000 2.5776599 -2.4545614 1.3240054 -0.2271561 0.7301260 -0.6153786 0.1913773
27826.552000 2.5780959 -2.4543648 1.3240016 -0.2289299 0.7295726 -0.6149133 0.1928643
27826.652000 2.5777437 -2.4545866 1.3239999 -0.2273563 0.7300636 -0.6153330 0.1915244
27826.752000 2.5776582 -2.4545214 1.3240065 -0.2271358 0.7301267 -0.6153977 0.1913375
27826.852000 2.5781389 -2.4543522 1.3239992 -0.2289778 0.7295686 -0.6148956 0.1928790
27826.952000 2.5778061 -2.4546646 1.3239899 -0.2273575 0.7301119 -0.6152825 0.1915008
27827.052000 2.5777208 -2.4546084 1.3239966 -0.2271146 0.7301834 -0.6153511 0.1912959
27827.152000 2.5780810 -2.4546898 1.3239814 -0.2289224 0.7296574 -0.6148005 0.1929118
27827.252000 2.5778733 -2.4547057 1.3239857 -0.2275250 0.7300551 -0.6152410 0.1916519
27827.352000 2.5776070 -2.4543103 1.3240263 -0.2272745 0.7300520 -0.6154072 0.1914271
27827.452000 2.5779077 -2.4543630 1.3240160 -0.2289770 0.7295415 -0.6149004 0.1929670
27827.552000 2.5775919 -2.4543127 1.3240310 -0.2273953 0.7299613 -0.6154244 0.1915742
27827.652000 2.5775690 -2.4548256 1.3239949 -0.2270523 0.7301750 -0.6153588 0.1913773
27827.752000 2.5781484 -2.4544255 1.3239965 -0.2288582 0.7295944 -0.6149342 0.1928000
27827.853000 2.5777684 -2.4549412 1.3239788 -0.2275079 0.7300878 -0.6151818 0.1917378
27827.952000 2.5775002 -2.4546096 1.3240143 -0.2272686 0.7300927 -0.6153274 0.1915353
27828.052000 2.5780697 -2.4541765 1.3240192 -0.2290574 0.7295021 -0.6149264 0.1929379
27828.152000 2.5775300 -2.4545787 1.3240175 -0.2273920 0.7300285 -0.6153308 0.1916227
27828.253000 2.5777344 -2.4546158 1.3239996 -0.2271471 0.7301458 -0.6153722 0.1913332
27828.352000 2.5780560 -2.4546447 1.3239889 -0.2289453 0.7296174 -0.6148287 0.1929458
27828.452000 2.5777815 -2.4546268 1.3239968 -0.2274545 0.7300578 -0.6152763 0.1916118
27828.552000 2.5775597 -2.4542504 1.3240337 -0.2272623 0.7300421 -0.6154242 0.1914245
27828.652000 2.5778558 -2.4543234 1.3240209 -0.2289275 0.7295599 -0.6149101 0.1929251
27828.752000 2.5775764 -2.4543608 1.3240264 -0.2273975 0.7300232 -0.6153550 0.1915587
27828.852000 2.5775567 -2.4547978 1.3239941 -0.2271403 0.7301959 -0.6152847 0.1914314
27828.952000 2.5780026 -2.4546289 1.3239907 -0.2289303 0.7296292 -0.6148187 0.1929511
27829.052000 2.5778064 -2.4546354 1.3239969 -0.2275470 0.7300118 -0.6152648 0.1917142
27829.152000 2.5774396 -2.4545214 1.3240250 -0.2272631 0.7300565 -0.6153675 0.1915511
27829.252000 2.5780289 -2.4541413 1.3240251 -0.2290634 0.7294846 -0.6149390 0.1929564
27829.352000 2.5775518 -2.4546423 1.3240084 -0.2273784 0.7300829 -0.6152793 0.1915972
27829.452000 2.5774487 -2.4546139 1.3240147 -0.2271292 0.7301579 -0.6153447 0.1913964
27829.552000 2.5780346 -2.4541927 1.3240194 -0.2289519 0.7295524 -0.6149402 0.1928286
27829.653000 2.5775446 -2.4546175 1.3240128 -0.2273677 0.7300572 -0.6153149 0.1915935
27829.752000 2.5774441 -2.4545990 1.3240176 -0.2271309 0.7301305 -0.6153741 0.1914046
27829.852000 2.5778683 -2.4543961 1.3240167 -0.2289144 0.7295661 -0.6149117 0.1929121
27829.952000 2.5776277 -2.4543243 1.3240269 -0.2274897 0.7299699 -0.6153627 0.1916276
27830.052000 2.5776707 -2.4545354 1.3240069 -0.2271501 0.7301332 -0.6153811 0.1913490
27830.153000 2.5775428 -2.4548022 1.3239968 -0.2270673 0.7301851 -0.6153389 0.1913849
27830.252000 2.5781683 -2.4544518 1.3239940 -0.2289136 0.7296061 -0.6148925 0.1928231
27830.352000 2.5779021 -2.4547262 1.3239820 -0.2275134 0.7300776 -0.6152293 0.1916175
27830.453000 2.5777763 -2.4546786 1.3239905 -0.2271799 0.7301786 -0.6153200 0.1913370
27830.552000 2.5780101 -2.4546943 1.3239868 -0.2288158 0.7296619 -0.6148572 0.1928405
27830.652000 2.5776135 -2.4547661 1.3240018 -0.2274302 0.7300146 -0.6153016 0.1917240
27830.752000 2.5773938 -2.4545047 1.3240307 -0.2271810 0.7300365 -0.6154391 0.1914945
27830.852000 2.5775848 -2.4543116 1.3240333 -0.2272439 0.7299924 -0.6154854 0.1914391
27830.952000 2.5780645 -2.4541517 1.3240247 -0.2290951 0.7294450 -0.6149668 0.1929798
27831.052000 2.5777310 -2.4544569 1.3240098 -0.2274653 0.7300236 -0.6153224 0.1915814
27831.152000 2.5777368 -2.4546332 1.3239949 -0.2272012 0.7301577 -0.6153221 0.1913847
27831.252000 2.5781840 -2.4544510 1.3239917 -0.2290224 0.7295895 -0.6148421 0.1929173
27831.352000 2.5777984 -2.4547189 1.3239894 -0.2274193 0.7301013 -0.6152460 0.1915851
27831.452000 2.5777577 -2.4546463 1.3239940 -0.2272536 0.7301512 -0.6152981 0.1914243
27831.552000 2.5782049 -2.4544503 1.3239914 -0.2291001 0.7295721 -0.6148138 0.1929808
27831.652000 2.5776764 -2.4548424 1.3239874 -0.2275011 0.7300896 -0.6151799 0.1917447
27831.752000 2.5774747 -2.4546053 1.3240142 -0.2273078 0.7300982 -0.6152970 0.1915657
27831.852000 2.5779448 -2.4544568 1.3240070 -0.2291216 0.7295453 -0.6148070 0.1930783
27831.952000 2.5777659 -2.4545126 1.3240046 -0.2274703 0.7300642 -0.6152839 0.1915444
27832.052000 2.5775021 -2.4546657 1.3240078 -0.2271637 0.7301712 -0.6153167 0.1913950
27832.152000 2.5777107 -2.4545087 1.3240075 -0.2272399 0.7301341 -0.6153470 0.1913486
27832.252000 2.5781403 -2.4542691 1.3240095 -0.2290786 0.7295380 -0.6148863 0.1929045
27832.353000 2.5775407 -2.4545697 1.3240153 -0.2274993 0.7299952 -0.6152999 0.1917213
27832.452000 2.5776769 -2.4545169 1.3240086 -0.2272492 0.7300982 -0.6153585 0.1914373
27832.552000 2.5779806 -2.4545450 1.3239988 -0.2290776 0.7295582 -0.6148074 0.1930807
27832.652000 2.5777938 -2.4546126 1.3239947 -0.2274960 0.7300724 -0.6152385 0.1916285
27832.752000 2.5774379 -2.4545613 1.3240186 -0.2272171 0.7301198 -0.6153325 0.1914767
27832.852000 2.5780753 -2.4542180 1.3240165 -0.2290675 0.7295277 -0.6148973 0.1929213
27832.952000 2.5775982 -2.4546871 1.3240047 -0.2274062 0.7300712 -0.6152796 0.1916077
27833.052000 2.5776728 -2.4544898 1.3240124 -0.2271970 0.7301249 -0.6153798 0.1913292
27833.152000 2.5778811 -2.4544955 1.3240092 -0.2287113 0.7296480 -0.6149497 0.1927223
27833.252000 2.5774726 -2.4545441 1.3240251 -0.2273869 0.7299926 -0.6153653 0.1916547
27833.352000 2.5776890 -2.4545425 1.3240096 -0.2272051 0.7300938 -0.6153889 0.1914089
27833.452000 2.5777417 -2.4545768 1.3240052 -0.2272223 0.7300909 -0.6153834 0.1914172
27833.552000 2.5781866 -2.4543743 1.3240042 -0.2290712 0.7295057 -0.6149018 0.1929859
27833.653000 2.5777602 -2.4545766 1.3240057 -0.2274677 0.7299933 -0.6153315 0.1916648
27833.752000 2.5776806 -2.4544997 1.3240145 -0.2272776 0.7300471 -0.6153890 0.1915005
27833.852000 2.5781704 -2.4543643 1.3240051 -0.2290982 0.7295042 -0.6148847 0.1930139
27833.952000 2.5777134 -2.4548893 1.3239835 -0.2274989 0.7300909 -0.6151858 0.1917237
27834.052000 2.5777863 -2.4546867 1.3239926 -0.2272341 0.7301602 -0.6153044 0.1913929
27834.152000 2.5780388 -2.4546582 1.3239906 -0.2290024 0.7295968 -0.6148109 0.1930128
27834.252000 2.5777558 -2.4546122 1.3240035 -0.2273936 0.7300285 -0.6153406 0.1915891
27834.352000 2.5776507 -2.4543931 1.3240255 -0.2272545 0.7300289 -0.6154425 0.1914254
27834.453000 2.5779279 -2.4544489 1.3240132 -0.2289681 0.7295386 -0.6149061 0.1929704
27834.552000 2.5775527 -2.4546808 1.3240054 -0.2273976 0.7300897 -0.6152580 0.1916166
27834.652000 2.5775225 -2.4547032 1.3240039 -0.2272227 0.7301634 -0.6152838 0.1914606
27834.752000 2.5775691 -2.4547369 1.3240003 -0.2272385 0.7301581 -0.6152802 0.1914733
27834.852000 2.5780385 -2.4545362 1.3239985 -0.2291395 0.7295543 -0.6147882 0.1930830
27834.952000 2.5778401 -2.4545434 1.3240009 -0.2276941 0.7299725 -0.6152394 0.1917707
27835.052000 2.5777168 -2.4544868 1.3240105 -0.2273055 0.7300877 -0.6153500 0.1914381
27835.152000 2.5779161 -2.4544978 1.3240081 -0.2288390 0.7295995 -0.6149172 0.1928580
27835.252000 2.5775713 -2.4545595 1.3240164 -0.2273257 0.7300098 -0.6153950 0.1915665
27835.353000 2.5776443 -2.4544205 1.3240239 -0.2272082 0.7300431 -0.6154532 0.1913918
27835.452000 2.5775064 -2.4546384 1.3240173 -0.2271680 0.7300685 -0.6154132 0.1914715
27835.552000 2.5779577 -2.4545093 1.3240100 -0.2289048 0.7295474 -0.6149320 0.1929296
27835.652000 2.5778097 -2.4546446 1.3240000 -0.2275253 0.7300245 -0.6152804 0.1916418
27835.752000 2.5777457 -2.4545603 1.3240072 -0.2272315 0.7301127 -0.6153696 0.1913679
27835.852000 2.5775872 -2.4547657 1.3240025 -0.2271803 0.7301342 -0.6153384 0.1914465
27835.952000 2.5780427 -2.4545607 1.3240015 -0.2290782 0.7295308 -0.6148467 0.1930583
27836.052000 2.5775848 -2.4547296 1.3240040 -0.2274159 0.7300223 -0.6153115 0.1916799
27836.152000 2.5776997 -2.4544960 1.3240146 -0.2272651 0.7300586 -0.6154009 0.1914335
27836.252000 2.5779786 -2.4544956 1.3240085 -0.2290057 0.7295283 -0.6148938 0.1930038
27836.353000 2.5776259 -2.4547547 1.3240014 -0.2274496 0.7300384 -0.6152821 0.1916730
27836.452000 2.5777496 -2.4545634 1.3240080 -0.2272510 0.7300959 -0.6153770 0.1913847
27836.552000 2.5781870 -2.4543428 1.3240086 -0.2290345 0.7295239 -0.6149232 0.1928924
27836.652000 2.5775273 -2.4545966 1.3240181 -0.2274346 0.7299878 -0.6153403 0.1916969
27836.752000 2.5774399 -2.4545679 1.3240241 -0.2272366 0.7300472 -0.6153911 0.1915423
27836.852000 2.5779355 -2.4544435 1.3240144 -0.2290526 0.7295055 -0.6148862 0.1930584
27836.952000 2.5776065 -2.4547739 1.3239982 -0.2274181 0.7300754 -0.6152560 0.1916534
27837.053000 2.5777520 -2.4545807 1.3240047 -0.2272772 0.7301170 -0.6153341 0.1914110
27837.152000 2.5782085 -2.4543890 1.3240026 -0.2290542 0.7295492 -0.6148800 0.1929111
27837.252000 2.5778305 -2.4545556 1.3240035 -0.2275911 0.7299758 -0.6152947 0.1917028
27837.352000 2.5775279 -2.4546714 1.3240114 -0.2272779 0.7300711 -0.6153401 0.1915661
27837.452000 2.5779645 -2.4545380 1.3240047 -0.2289674 0.7295645 -0.6148726 0.1929796
27837.552000 2.5776221 -2.4548279 1.3239871 -0.2274639 0.7301014 -0.6152007 0.1916775
27837.652000 2.5775678 -2.4547474 1.3239996 -0.2272933 0.7301471 -0.6152574 0.1915239
27837.752000 2.5778352 -2.4546382 1.3239952 -0.2273591 0.7301270 -0.6152786 0.1914541
27837.852000 2.5780683 -2.4545673 1.3239973 -0.2291073 0.7295594 -0.6148033 0.1930541
27837.952000 2.5775643 -2.4547109 1.3240057 -0.2273609 0.7300525 -0.6153174 0.1916110
27838.052000 2.5776961 -2.4545102 1.3240133 -0.2272075 0.7300986 -0.6153979 0.1913590
27838.152000 2.5781956 -2.4543194 1.3240101 -0.2291367 0.7294917 -0.6148958 0.1929801
27838.252000 2.5775717 -2.4546773 1.3240100 -0.2274124 0.7300207 -0.6153229 0.1916537
27838.352000 2.5774923 -2.4546540 1.3240163 -0.2271925 0.7300893 -0.6153787 0.1914740
27838.452000 2.5779737 -2.4545048 1.3240086 -0.2290192 0.7295414 -0.6148737 0.1930023
27838.552000 2.5776242 -2.4547724 1.3239949 -0.2274534 0.7300923 -0.6152223 0.1916550
27838.652000 2.5775529 -2.4547412 1.3240012 -0.2272487 0.7301556 -0.6152757 0.1914852
27838.752000 2.5782078 -2.4551716 1.3239225 -0.2275273 0.7305812 -0.6147246 0.1913012
27838.852000 2.5816576 -2.4598054 1.3232307 -0.2294520 0.7344601 -0.6096737 0.1903105
27838.952000 2.5889495 -2.4695617 1.3215116 -0.2335276 0.7425931 -0.5988473 0.1881550
27839.053000 2.5979552 -2.4818304 1.3188645 -0.2385789 0.7526199 -0.5850367 0.1854061
27839.152000 2.6060482 -2.4922901 1.3161119 -0.2430135 0.7611474 -0.5728586 0.1828444
27839.252000 2.6105406 -2.4979994 1.3144206 -0.2454461 0.7657600 -0.5660964 0.1813911
27839.352000 2.5739570 -2.5262570 1.3141640 -0.2553470 0.7633395 -0.5627525 0.1882029
27839.452000 2.5721018 -2.5277614 1.3141484 -0.2558617 0.7632141 -0.5625745 0.1885443
27839.552000 2.5723802 -2.5276778 1.3141366 -0.2559252 0.7632148 -0.5625726 0.1884608
27839.652000 2.5360068 -2.5560808 1.3141601 -0.2653657 0.7599049 -0.5602784 0.1954832
27839.752000 2.5341663 -2.5576375 1.3141489 -0.2658776 0.7597541 -0.5601165 0.1958374
27839.852000 2.4981196 -2.5875732 1.3141418 -0.2753133 0.7564128 -0.5575647 0.2028887
27839.952000 2.4968611 -2.5887442 1.3141287 -0.2757871 0.7562703 -0.5574459 0.2031031
27840.052000 2.4621773 -2.6188302 1.3141604 -0.2850827 0.7527486 -0.5549163 0.2101555
27840.152000 2.4600706 -2.6207953 1.3141482 -0.2856844 0.7525506 -0.5547147 0.2105792
27840.252000 2.4263809 -2.6519560 1.3141385 -0.2950944 0.7489288 -0.5520656 0.2173673
27840.352000 2.4244876 -2.6537802 1.3141318 -0.2955447 0.7487709 -0.5518730 0.2177882
27840.455000 2.3909899 -2.6862318 1.3141447 -0.3049131 0.7449727 -0.5491263 0.2247310
27840.552000 2.3898630 -2.6874643 1.3141313 -0.3053770 0.7448132 -0.5490016 0.2249341
27840.653000 2.3569558 -2.7208330 1.3141692 -0.3145722 0.7408774 -0.5462349 0.2318889
27840.752000 2.3556543 -2.7222922 1.3141574 -0.3149831 0.7407328 -0.5460750 0.2321693
27840.852000 2.3242539 -2.7561420 1.3141605 -0.3240747 0.7368031 -0.5431794 0.2388575
27840.952000 2.3228705 -2.7577943 1.3141453 -0.3246336 0.7365922 -0.5430136 0.2391260
27841.052000 2.2915177 -2.7932148 1.3141741 -0.3339358 0.7323455 -0.5399676 0.2461542
27841.152000 2.2906117 -2.7943810 1.3141623 -0.3342510 0.7322311 -0.5398333 0.2463614
27841.252000 2.2613545 -2.8297802 1.3141239 -0.3434060 0.7280951 -0.5366368 0.2529245
27841.352000 2.2598956 -2.8316496 1.3141136 -0.3439034 0.7278869 -0.5364433 0.2532582
27841.452000 2.2313929 -2.8673631 1.3141582 -0.3527572 0.7234939 -0.5334462 0.2599117
27841.553000 2.2294949 -2.8698454 1.3141519 -0.3532881 0.7232560 -0.5331840 0.2603904
27841.653000 2.2295548 -2.8698851 1.3141436 -0.3533047 0.7232654 -0.5331597 0.2603914
27841.752000 2.2016088 -2.9072219 1.3141392 -0.3623918 0.7187614 -0.5298146 0.2671155
27841.852000 2.2005148 -2.9088083 1.3141292 -0.3627911 0.7185865 -0.5296442 0.2673818
27841.952000 2.2007514 -2.9086478 1.3141172 -0.3628637 0.7185736 -0.5296502 0.2673060
27842.052000 2.1751935 -2.9443804 1.3141474 -0.3713049 0.7141810 -0.5265315 0.2735741
27842.153000 2.1724187 -2.9483800 1.3141414 -0.3721612 0.7137528 -0.5261334 0.2742930
27842.253000 2.1724774 -2.9484191 1.3141331 -0.3721775 0.7137622 -0.5261091 0.2742929
27842.352000 2.1464736 -2.9871330 1.3141333 -0.3811013 0.7090622 -0.5226023 0.2808546
27842.452000 2.1454605 -2.9887750 1.3141237 -0.3814938 0.7088758 -0.5224278 0.2811171
27842.552000 2.1204850 -3.0280929 1.3141433 -0.3903395 0.7039750 -0.5189198 0.2877091
27842.652000 2.1194943 -3.0297953 1.3141332 -0.3907379 0.7037816 -0.5187355 0.2879737
27842.752000 2.1195596 -3.0298228 1.3141247 -0.3907554 0.7037902 -0.5187132 0.2879690
27842.852000 2.0954896 -3.0697274 1.3141576 -0.3994537 0.6988192 -0.5151736 0.2944225
27842.953000 2.0945508 -3.0714589 1.3141459 -0.3998518 0.6986245 -0.5149815 0.2946802
27843.052000 2.0721083 -3.1114836 1.3141429 -0.4086130 0.6935395 -0.5112810 0.3010482
27843.152000 2.0708566 -3.1138018 1.3141376 -0.4090331 0.6933095 -0.5110280 0.3014368
27843.252000 2.0495196 -3.1542609 1.3141344 -0.4174803 0.6882789 -0.5072844 0.3076439
27843.352000 2.0483903 -3.1565928 1.3141211 -0.4180835 0.6879456 -0.5070531 0.3079518
27843.452000 2.0483265 -3.1568161 1.3141158 -0.4180532 0.6879772 -0.5069978 0.3080131
27843.552000 2.0273750 -3.1984727 1.3141739 -0.4266505 0.6824922 -0.5032073 0.3145729
27843.652000 2.0265952 -3.2002328 1.3141617 -0.4270354 0.6822866 -0.5030065 0.3148178
27843.752000 2.0072892 -3.2423004 1.3141371 -0.4355890 0.6769387 -0.4990328 0.3209088
27843.852000 2.0065154 -3.2441352 1.3141268 -0.4359856 0.6767124 -0.4988289 0.3211646
27843.952000 1.9880293 -3.2867201 1.3141476 -0.4442389 0.6712626 -0.4948230 0.3274272
27844.052000 1.9871265 -3.2889616 1.3141384 -0.4447013 0.6709849 -0.4945772 0.3277399
27844.152000 1.9704322 -3.3307259 1.3141407 -0.4529264 0.6654479 -0.4905693 0.3337344
27844.252000 1.9691573 -3.3340312 1.3141336 -0.4535037 0.6650790 -0.4902030 0.3342234
27844.352000 1.9528131 -3.3777210 1.3141628 -0.4617427 0.6592870 -0.4860771 0.3403870
27844.452000 1.9523249 -3.3793081 1.3141480 -0.4621657 0.6590292 -0.4859056 0.3405572
27844.552000 1.9373582 -3.4229628 1.3141593 -0.4702927 0.6532431 -0.4816566 0.3465620
27844.652000 1.9365514 -3.4254894 1.3141511 -0.4706983 0.6529777 -0.4813571 0.3469272
27844.752000 1.9225821 -3.4700131 1.3141730 -0.4788068 0.6469727 -0.4770265 0.3530102
27844.852000 1.9221747 -3.4716207 1.3141584 -0.4792213 0.6467050 -0.4768506 0.3531759
27844.952000 1.9093840 -3.5166895 1.3141662 -0.4872639 0.6406384 -0.4723513 0.3592222
27845.053000 1.9089063 -3.5185692 1.3141575 -0.4876237 0.6403907 -0.4721341 0.3594609
27845.152000 1.8976342 -3.5630366 1.3141389 -0.4957087 0.6342439 -0.4675485 0.3652480
27845.252000 1.8971037 -3.5653559 1.3141289 -0.4961506 0.6339282 -0.4672850 0.3655330
27845.352000 1.8865903 -3.6110496 1.3141556 -0.5039419 0.6276499 -0.4627165 0.3714723
27845.452000 1.8862162 -3.6129486 1.3141461 -0.5042956 0.6273949 -0.4624925 0.3717019
27845.552000 1.8771710 -3.6579898 1.3141460 -0.5120850 0.6210802 -0.4578801 0.3773250
27845.652000 1.8767155 -3.6605596 1.3141366 -0.5124684 0.6207945 -0.4575615 0.3776609
27845.752000 1.8685936 -3.7065397 1.3141729 -0.5200730 0.6143128 -0.4529430 0.3833881
27845.852000 1.8683405 -3.7084245 1.3141605 -0.5204236 0.6140565 -0.4527094 0.3835989
27845.952000 1.8683957 -3.7083923 1.3141529 -0.5204401 0.6140610 -0.4526915 0.3835904
27846.052000 1.8619172 -3.7534563 1.3141395 -0.5280791 0.6075166 -0.4479044 0.3891500
27846.152000 1.8615185 -3.7564587 1.3141328 -0.5285213 0.6071564 -0.4475391 0.3895319
27846.252000 1.8559987 -3.8020617 1.3141450 -0.5360742 0.6004737 -0.4427154 0.3950427
27846.352000 1.8557284 -3.8046483 1.3141387 -0.5364428 0.6001669 -0.4423913 0.3953716
27846.452000 1.8557869 -3.8046203 1.3141303 -0.5364596 0.6001732 -0.4423690 0.3953642
27846.552000 1.8512408 -3.8513445 1.3141640 -0.5439256 0.5933297 -0.4375238 0.4008463
27846.652000 1.8511374 -3.8530118 1.3141551 -0.5441472 0.5931622 -0.4372857 0.4010531
27846.752000 1.8481476 -3.8995615 1.3141391 -0.5515722 0.5862946 -0.4321754 0.4065110
27846.852000 1.8481185 -3.9012244 1.3141258 -0.5519530 0.5859754 -0.4319830 0.4066590
27846.952000 1.8460665 -3.9480408 1.3141572 -0.5592307 0.5789325 -0.4268031 0.4122344
27847.052000 1.8460806 -3.9497145 1.3141434 -0.5596082 0.5786131 -0.4266020 0.4123787
27847.152000 1.8454306 -3.9961275 1.3141477 -0.5666602 0.5716702 -0.4214561 0.4176892
27847.253000 1.8454842 -3.9982665 1.3141338 -0.5671042 0.5712745 -0.4212017 0.4178845
27847.352000 1.8460163 -4.0451579 1.3141329 0.5742013 -0.5641811 0.4158553 -0.4231512
27847.452000 1.8461190 -4.0468077 1.3141201 0.5745625 -0.5638505 0.4156585 -0.4232949
27847.553000 1.8477394 -4.0931736 1.3141481 0.5814727 -0.5566078 0.4103402 -0.4286002
27847.652000 1.8478925 -4.0955592 1.3141386 0.5818613 -0.5562346 0.4100325 -0.4288518
27847.752000 1.8509147 -4.1421240 1.3141399 0.5887872 -0.5488863 0.4046216 -0.4339756
27847.853000 1.8511033 -4.1440064 1.3141297 0.5891024 -0.5485837 0.4043679 -0.4341668
27847.952000 1.8551849 -4.1900327 1.3141432 0.5958709 -0.5411870 0.3989195 -0.4392240
27848.052000 1.8554627 -4.1921170 1.3141295 0.5962926 -0.5407678 0.3986600 -0.4394036
27848.152000 1.8609226 -4.2386701 1.3141252 0.6030054 -0.5333195 0.3930579 -0.4443650
27848.252000 1.8612139 -4.2405701 1.3141152 0.6033145 -0.5330063 0.3927939 -0.4445546
27848.352000 1.8676340 -4.2865899 1.3141482 0.6098791 -0.5253719 0.3873749 -0.4494136
27848.452000 1.8679687 -4.2884052 1.3141382 0.6101758 -0.5250584 0.3871233 -0.4495939
27848.552000 1.8758820 -4.3346253 1.3141425 0.6166895 -0.5173240 0.3813491 -0.4545799
27848.652000 1.8762537 -4.3362575 1.3141286 0.6170324 -0.5169644 0.3811333 -0.4547046
27848.752000 1.8852450 -4.3815301 1.3141135 0.6234381 -0.5093239 0.3754306 -0.4593104
27848.852000 1.8858066 -4.3841058 1.3141067 0.6237588 -0.5089617 0.3750492 -0.4595879
27848.952000 1.8959095 -4.4296742 1.3141406 0.6299805 -0.5010850 0.3693828 -0.4643219
27849.052000 1.8963976 -4.4315088 1.3141305 0.6302692 -0.5007600 0.3691176 -0.4644916
27849.152000 1.8964558 -4.4314484 1.3141220 0.6302889 -0.5007610 0.3690989 -0.4644785
27849.252000 1.9075208 -4.4758521 1.3141394 0.6364035 -0.4929269 0.3633555 -0.4690271
27849.352000 1.9082810 -4.4785666 1.3141292 0.6368085 -0.4924447 0.3629723 -0.4692805
27849.452000 1.9082972 -4.4782575 1.3141172 0.6368657 -0.4924053 0.3630120 -0.4692137
27849.553000 1.9205976 -4.5227808 1.3141513 0.6428567 -0.4844101 0.3572352 -0.4737775
27849.652000 1.9213136 -4.5250623 1.3141413 0.6431983 -0.4839979 0.3569046 -0.4739843
27849.752000 1.9349829 -4.5694011 1.3141406 0.6492027 -0.4759461 0.3508173 -0.4784752
27849.853000 1.9357025 -4.5714297 1.3141280 0.6495736 -0.4754892 0.3505403 -0.4786288
27849.952000 1.9506460 -4.6158890 1.3141541 0.6553088 -0.4673863 0.3446078 -0.4830795
27850.052000 1.9512782 -4.6174518 1.3141404 0.6556153 -0.4670080 0.3443914 -0.4831839
27850.152000 1.9674588 -4.6613924 1.3141277 0.6615265 -0.4587035 0.3380811 -0.4875193
27850.252000 1.9682121 -4.6631798 1.3141157 0.6617934 -0.4583686 0.3378010 -0.4876662
27850.352000 1.9682598 -4.6631269 1.3141089 0.6618049 -0.4583746 0.3377909 -0.4876518
27850.452000 1.9852850 -4.7066331 1.3141503 0.6673429 -0.4500693 0.3318013 -0.4919339
27850.552000 1.9859889 -4.7081385 1.3141368 0.6676361 -0.4496882 0.3315890 -0.4920278
27850.652000 2.0043585 -4.7512344 1.3141479 0.6732229 -0.4412375 0.3252652 -0.4962690
27850.752000 2.0051912 -4.7529908 1.3141389 0.6734727 -0.4408947 0.3249893 -0.4964155
27850.854000 2.0052519 -4.7529331 1.3141302 0.6734855 -0.4409055 0.3249798 -0.4963948
27850.952000 2.0247446 -4.7953147 1.3141205 -0.6790041 0.4324406 -0.3187159 0.5003686
27851.052000 2.0255289 -4.7967817 1.3141075 -0.6792823 0.4320518 -0.3185058 0.5004607
27851.152000 2.0456388 -4.8381245 1.3141373 -0.6844770 0.4236491 -0.3122552 0.5044892
27851.252000 2.0469657 -4.8406459 1.3141273 -0.6848199 0.4231419 -0.3118524 0.5046987
27851.353000 2.0682739 -4.8815927 1.3141558 -0.6899482 0.4145946 -0.3056761 0.5085714
27851.452000 2.0694645 -4.8836581 1.3141441 -0.6902350 0.4141669 -0.3053373 0.5087343
27851.552000 2.0695246 -4.8836030 1.3141357 -0.6902436 0.4141834 -0.3053337 0.5087113
27851.652000 2.0922619 -4.9243628 1.3141362 -0.6954000 0.4054682 -0.2988693 0.5125344
27851.752000 2.0931642 -4.9257682 1.3141229 -0.6956610 0.4050757 -0.2986608 0.5126122
27851.852000 2.0933278 -4.9259366 1.3141176 -0.6956368 0.4051394 -0.2985971 0.5126317
27851.952000 2.1169447 -4.9661569 1.3141462 -0.7006538 0.3962586 -0.2920922 0.5164741
27852.052000 2.1178847 -4.9675433 1.3141331 -0.7009083 0.3958648 -0.2918823 0.5165495
27852.152000 2.1426989 -5.0072727 1.3141605 -0.7057424 0.3870598 -0.2853769 0.5202618
27852.252000 2.1436885 -5.0086615 1.3141479 -0.7059918 0.3866613 -0.2851624 0.5203374
27852.352000 2.1692919 -5.0470573 1.3141426 -0.7107342 0.3779094 -0.2786999 0.5238013
27852.453000 2.1708207 -5.0492437 1.3141362 -0.7109654 0.3775124 -0.2782882 0.5239925
27852.552000 2.1977094 -5.0873269 1.3141308 -0.7156558 0.3685579 -0.2716745 0.5274418
27852.652000 2.1988978 -5.0888718 1.3141208 -0.7158671 0.3681983 -0.2713917 0.5275519
27852.752000 2.2266761 -5.1262431 1.3141291 -0.7204485 0.3590916 -0.2646795 0.5309915
27852.854000 2.2277796 -5.1275560 1.3141155 -0.7206891 0.3586733 -0.2644577 0.5310582
27852.952000 2.2560843 -5.1637349 1.3141297 -0.7249806 0.3498761 -0.2578994 0.5343011
27853.052000 2.2579281 -5.1659555 1.3141196 -0.7252713 0.3493288 -0.2574720 0.5344708
27853.152000 2.2876302 -5.2018705 1.3141389 -0.7295775 0.3400990 -0.2507051 0.5377698
27853.252000 2.2889187 -5.2033035 1.3141290 -0.7297762 0.3397263 -0.2504160 0.5378705
27853.352000 2.3196105 -5.2383890 1.3141244 -0.7340053 0.3305621 -0.2436612 0.5409197
27853.452000 2.3209355 -5.2397882 1.3141145 -0.7341997 0.3301855 -0.2433698 0.5410170
27853.552000 2.3208292 -5.2395242 1.3141024 -0.7342423 0.3301427 -0.2434314 0.5409576
27853.652000 2.3519765 -5.2735436 1.3141255 -0.7382744 0.3208851 -0.2366152 0.5440560
27853.753000 2.3536668 -5.2752675 1.3141154 -0.7385063 0.3204097 -0.2362501 0.5441801
27853.852000 2.3861898 -5.3090175 1.3141507 -0.7423447 0.3112159 -0.2294623 0.5471892
27853.952000 2.3876056 -5.3103711 1.3141412 -0.7425300 0.3108319 -0.2291610 0.5472823
27854.053000 2.4211696 -5.3430755 1.3141297 -0.7464421 0.3014002 -0.2222883 0.5500637
27854.152000 2.4222564 -5.3440332 1.3141194 -0.7465877 0.3011084 -0.2220630 0.5501169
27854.252000 2.4559175 -5.3754482 1.3141524 -0.7501915 0.2917512 -0.2152436 0.5529594
27854.352000 2.4577881 -5.3770882 1.3141429 -0.7504113 0.2912490 -0.2148609 0.5530747
27854.452000 2.4924898 -5.4075111 1.3141323 -0.7540136 0.2818605 -0.2078629 0.5557078
27854.552000 2.4945280 -5.4092336 1.3141256 -0.7541975 0.2814230 -0.2074175 0.5558464
27854.652000 2.5303060 -5.4391442 1.3141366 -0.7576318 0.2719580 -0.2004818 0.5584264
27854.752000 2.5318315 -5.4403204 1.3141267 -0.7577976 0.2715628 -0.2001803 0.5585018
27854.852000 2.5677847 -5.4688381 1.3141363 -0.7611434 0.2620314 -0.1932749 0.5609323
27854.952000 2.5698785 -5.4704325 1.3141310 -0.7613111 0.2615873 -0.1928334 0.5610639
27855.052000 2.6064126 -5.4979563 1.3141566 -0.7644029 0.2522300 -0.1859685 0.5634571
27855.152000 2.6085463 -5.4994212 1.3141411 -0.7646507 0.2515882 -0.1855935 0.5635315
27855.252000 2.6462174 -5.5260057 1.3141308 -0.7677403 0.2419966 -0.1785096 0.5658151
27855.352000 2.6484269 -5.5275057 1.3141241 -0.7679025 0.2415453 -0.1780542 0.5659313
27855.452000 2.6878909 -5.5541099 1.3141468 -0.7708784 0.2316854 -0.1707992 0.5682394
27855.552000 2.6887418 -5.5545961 1.3141374 -0.7709649 0.2314764 -0.1706364 0.5682561
27855.652000 2.6887716 -5.5545315 1.3141289 -0.7709828 0.2314729 -0.1706256 0.5682365
27855.752000 2.7280753 -5.5796175 1.3141593 -0.7737644 0.2217608 -0.1635048 0.5704183
27855.852000 2.7295504 -5.5804220 1.3141435 -0.7739298 0.2213015 -0.1632676 0.5704402
27855.952000 2.7697901 -5.6043959 1.3141438 -0.7766236 0.2116231 -0.1560337 0.5724726
27856.052000 2.7713033 -5.6051926 1.3141301 -0.7767813 0.2111598 -0.1557916 0.5724957
27856.152000 2.8121009 -5.6282815 1.3141501 -0.7793203 0.2014789 -0.1485548 0.5744542
27856.252000 2.8138191 -5.6291922 1.3141438 -0.7794392 0.2010706 -0.1482456 0.5745158
27856.352000 2.8546473 -5.6506597 1.3141348 -0.7819029 0.1913258 -0.1410265 0.5763106
27856.452000 2.8566004 -5.6515911 1.3141209 -0.7820736 0.1907590 -0.1407165 0.5763426
27856.552000 2.8980627 -5.6722956 1.3141463 -0.7843468 0.1810434 -0.1334884 0.5781040
27856.652000 2.9002719 -5.6733061 1.3141347 -0.7844916 0.1805332 -0.1330987 0.5781569
27856.752000 2.9000680 -5.6731167 1.3141229 -0.7845254 0.1804791 -0.1331696 0.5781115
27856.852000 2.9419383 -5.6925997 1.3141431 -0.7866515 0.1707527 -0.1260097 0.5797796
27856.952000 2.9443538 -5.6936774 1.3141373 -0.7867665 0.1702977 -0.1255539 0.5798563
27857.053000 2.9874287 -5.7121964 1.3141292 -0.7888902 0.1602953 -0.1182944 0.5813467
27857.152000 2.9889724 -5.7128357 1.3141255 -0.7889516 0.1600406 -0.1179926 0.5813950
27857.252000 2.9887661 -5.7126656 1.3141137 -0.7889834 0.1599883 -0.1180582 0.5813529
27857.353000 3.0313011 -5.7299776 1.3141706 -0.7907309 0.1502543 -0.1108271 0.5829971
27857.452000 3.0337740 -5.7308707 1.3141552 -0.7908917 0.1495882 -0.1104384 0.5830240
27857.552000 3.0339927 -5.7309236 1.3141502 -0.7908928 0.1496405 -0.1103619 0.5830237
27857.653000 3.0770475 -5.7469523 1.3141632 -0.7926905 0.1397196 -0.1031494 0.5843632
27857.752000 3.0792912 -5.7477126 1.3141519 -0.7928074 0.1392031 -0.1027719 0.5843945
27857.852000 3.1236322 -5.7628683 1.3141559 -0.7944999 0.1292618 -0.0953060 0.5856433
27857.952000 3.1254961 -5.7634377 1.3141449 -0.7945932 0.1288448 -0.0949904 0.5856598
27858.052000 3.1252568 -5.7632823 1.3141333 -0.7946229 0.1287904 -0.0950631 0.5856198
27858.152000 3.1699805 -5.7773369 1.3141559 -0.7961054 0.1188813 -0.0876832 0.5868518
27858.252000 3.1718573 -5.7778552 1.3141443 -0.7961964 0.1184636 -0.0873686 0.5868598
27858.352000 3.2164800 -5.7905050 1.3141464 -0.7976320 0.1083864 -0.0800465 0.5879015
27858.452000 3.2183277 -5.7909625 1.3141350 -0.7977153 0.1079678 -0.0797421 0.5879069
27858.552000 3.2637303 -5.8025808 1.3141456 -0.7989718 0.0979975 -0.0722924 0.5889094
27858.652000 3.2656266 -5.8030026 1.3141348 -0.7990491 0.0975789 -0.0719797 0.5889124
27858.752000 3.3111194 -5.8134063 1.3141487 -0.8001748 0.0875597 -0.0645622 0.5898181
27858.852000 3.3129948 -5.8137767 1.3141383 -0.8002469 0.0871436 -0.0642552 0.5898154
27858.952000 3.3582258 -5.8228912 1.3141523 -0.8012194 0.0772529 -0.0569957 0.5906191
27859.052000 3.3606125 -5.8232956 1.3141395 -0.8013006 0.0767265 -0.0566072 0.5906149
27859.152000 3.4065466 -5.8312125 1.3141391 -0.8022143 0.0666239 -0.0491508 0.5912678
27859.252000 3.4082064 -5.8314216 1.3141255 -0.8022840 0.0661440 -0.0489189 0.5912463
27859.352000 3.4545849 -5.8383326 1.3141491 -0.8029933 0.0561379 -0.0414402 0.5918893
27859.452000 3.4564868 -5.8385585 1.3141401 -0.8030430 0.0557198 -0.0411304 0.5918830
27859.552000 3.5027548 -5.8442108 1.3141690 -0.8036052 0.0455199 -0.0336137 0.5924667
27859.652000 3.5046522 -5.8443688 1.3141574 -0.8036555 0.0450984 -0.0333051 0.5924481
27859.752000 3.5046184 -5.8443121 1.3141490 -0.8036714 0.0450992 -0.0333055 0.5924265
27859.852000 3.5504168 -5.8485186 1.3141352 -0.8042225 0.0350836 -0.0260247 0.5927209
27859.952000 3.5527640 -5.8486749 1.3141245 -0.8042715 0.0345573 -0.0256464 0.5927018
27860.052000 3.5988076 -5.8517549 1.3141305 -0.8046167 0.0245458 -0.0182372 0.5930067
27860.153000 3.6012147 -5.8518538 1.3141197 -0.8046606 0.0240098 -0.0178480 0.5929808
27860.252000 3.6473414 -5.8537966 1.3141394 -0.8048327 0.0140693 -0.0105548 0.5932411
27860.352000 3.6497251 -5.8538318 1.3141294 -0.8048655 0.0135385 -0.0101695 0.5932157
27860.453000 3.6961221 -5.8545336 1.3141301 -0.8049969 0.0035270 -0.0026492 0.5932626
27860.552000 3.6985195 -5.8545062 1.3141202 -0.8050230 0.0029994 -0.0022594 0.5932317
27860.652000 3.6982259 -5.8544229 1.3141083 -0.8050442 0.0029413 -0.0023360 0.5932029
27860.754000 3.7451237 -5.8541197 1.3141555 -0.8048973 -0.0070950 0.0051811 0.5933491
27860.852000 3.7470712 -5.8540224 1.3141436 -0.8049230 -0.0075272 0.0054983 0.5933061
27860.952000 3.7470241 -5.8539632 1.3141352 -0.8049388 -0.0075296 0.0054981 0.5932846
27861.052000 3.7927916 -5.8522845 1.3141427 -0.8047902 -0.0174030 0.0127897 0.5931664
27861.152000 3.7956011 -5.8521198 1.3141336 -0.8047993 -0.0180282 0.0132438 0.5931253
27861.252000 3.8421451 -5.8490526 1.3141290 -0.8044962 -0.0281519 0.0207054 0.5929289
27861.352000 3.8440315 -5.8488629 1.3141188 -0.8045054 -0.0285807 0.0210141 0.5928850
27861.453000 3.8905002 -5.8446972 1.3141249 -0.8040848 -0.0386910 0.0284814 0.5925702
27861.552000 3.8923795 -5.8444572 1.3141149 -0.8040877 -0.0391225 0.0287903 0.5925230
27861.652000 3.9385033 -5.8393271 1.3141695 -0.8033820 -0.0492420 0.0361488 0.5923224
27861.752000 3.9403635 -5.8390299 1.3141583 -0.8033805 -0.0496784 0.0364557 0.5922692
27861.852000 3.9860512 -5.8323328 1.3141297 -0.8027905 -0.0596438 0.0437851 0.5916527
27861.952000 3.9886524 -5.8319081 1.3141230 -0.8027737 -0.0601262 0.0442523 0.5915919
27862.052000 4.0339733 -5.8243437 1.3141565 -0.8018642 -0.0701611 0.0515611 0.5911283
27862.152000 4.0362698 -5.8238701 1.3141453 -0.8018422 -0.0707006 0.0519414 0.5910606
27862.252000 4.0822411 -5.8146933 1.3141342 -0.8009036 -0.0807419 0.0594707 0.5903366
27862.352000 4.0838647 -5.8142771 1.3141210 -0.8008821 -0.0812378 0.0597097 0.5902737
27862.452000 4.1296305 -5.8040851 1.3141377 -0.7997721 -0.0912097 0.0672018 0.5895161
27862.552000 4.1312434 -5.8036242 1.3141240 -0.7997466 -0.0917056 0.0674391 0.5894467
27862.652000 4.1767457 -5.7924176 1.3141720 -0.7984311 -0.1016889 0.0749401 0.5886859
27862.753000 4.1785959 -5.7918636 1.3141608 -0.7984016 -0.1021262 0.0752540 0.5886102
27862.852000 4.2234992 -5.7791706 1.3141445 -0.7971124 -0.1120775 0.0825494 0.5875679
27862.952000 4.2250598 -5.7786321 1.3141312 -0.7970719 -0.1125687 0.0827780 0.5874968
27863.052000 4.2691869 -5.7651172 1.3141461 -0.7955860 -0.1225166 0.0901576 0.5864334
27863.152000 4.2714439 -5.7643279 1.3141344 -0.7955314 -0.1230535 0.0905376 0.5863365
27863.252000 4.2716346 -5.7642127 1.3141294 -0.7955492 -0.1230091 0.0906189 0.5863092
27863.352000 4.3168138 -5.7489885 1.3141376 -0.7938867 -0.1331404 0.0981017 0.5851441
27863.453000 4.3176797 -5.7486280 1.3141306 -0.7938642 -0.1333604 0.0982549 0.5850989
27863.552000 4.3176211 -5.7485679 1.3141220 -0.7938784 -0.1333726 0.0982564 0.5850764
27863.652000 4.3612101 -5.7326700 1.3141390 -0.7921033 -0.1433609 0.1055072 0.5838563
27863.754000 4.3632285 -5.7318664 1.3141328 -0.7920512 -0.1437375 0.1058872 0.5837657
27863.852000 4.4059218 -5.7149774 1.3141444 -0.7901600 -0.1536030 0.1130472 0.5824720
27863.952000 4.4083553 -5.7139557 1.3141392 -0.7900835 -0.1540773 0.1134982 0.5823627
27864.052000 4.4508284 -5.6957654 1.3141415 -0.7880800 -0.1639244 0.1208337 0.5809112
27864.153000 4.4529786 -5.6947567 1.3141313 -0.7879961 -0.1644463 0.1212029 0.5808007
27864.252000 4.4954233 -5.6754580 1.3141570 -0.7858468 -0.1742990 0.1284416 0.5792818
27864.352000 4.4971257 -5.6745794 1.3141466 -0.7857756 -0.1747204 0.1287369 0.5791858
27864.452000 4.5383802 -5.6544051 1.3141661 -0.7834679 -0.1845372 0.1358952 0.5776301
27864.552000 4.5404613 -5.6532776 1.3141539 -0.7833749 -0.1850579 0.1362538 0.5775052
27864.652000 4.5406446 -5.6531274 1.3141498 -0.7833966 -0.1850058 0.1363275 0.5774750
27864.752000 4.5820161 -5.6315115 1.3141597 -0.7809973 -0.1947858 0.1435499 0.5757561
27864.852000 4.5834462 -5.6306531 1.3141477 -0.7809047 -0.1952579 0.1437641 0.5756684
27864.952000 4.5833761 -5.6305979 1.3141390 -0.7809196 -0.1952651 0.1437536 0.5756483
27865.052000 4.6243225 -5.6077291 1.3141297 -0.7784334 -0.2050297 0.1510974 0.5737367
27865.152000 4.6259850 -5.6067061 1.3141196 -0.7783489 -0.2054469 0.1513902 0.5736249
27865.252000 4.6657403 -5.5832414 1.3141333 -0.7757364 -0.2150641 0.1584462 0.5717301
27865.352000 4.6677469 -5.5819544 1.3141235 -0.7756185 -0.2155734 0.1588028 0.5715993
27865.452000 4.7069863 -5.5572878 1.3141315 -0.7727474 -0.2254716 0.1660659 0.5696017
27865.552000 4.7087875 -5.5560780 1.3141244 -0.7726646 -0.2258288 0.1664240 0.5694680
27865.652000 4.7476789 -5.5303283 1.3141499 -0.7697313 -0.2354491 0.1735289 0.5674197
27865.752000 4.7492334 -5.5291927 1.3141400 -0.7696299 -0.2358595 0.1738124 0.5673001
27865.853000 4.7874036 -5.5024373 1.3141587 -0.7665639 -0.2455243 0.1809548 0.5651132
27865.952000 4.7889324 -5.5012670 1.3141500 -0.7664534 -0.2459336 0.1812395 0.5649939
27866.052000 4.8252747 -5.4742823 1.3141553 -0.7634223 -0.2551925 0.1880691 0.5627550
27866.152000 4.8278802 -5.4722339 1.3141444 -0.7632149 -0.2558905 0.1885611 0.5625546
27866.255000 4.8645199 -5.4434402 1.3141474 -0.7599337 -0.2654525 0.1956031 0.5601564
27866.352000 4.8657907 -5.4423283 1.3141361 -0.7597940 -0.2659228 0.1958140 0.5600492
27866.452000 4.8659329 -5.4421438 1.3141310 -0.7598209 -0.2658792 0.1958817 0.5600096
27866.552000 4.9013217 -5.4128067 1.3141314 -0.7564290 -0.2753289 0.2028005 0.5575672
27866.652000 4.9033078 -5.4110837 1.3141245 -0.7562847 -0.2757817 0.2032241 0.5573849
27866.752000 4.9032530 -5.4110308 1.3141161 -0.7562980 -0.2757916 0.2032233 0.5573622
27866.852000 4.9384040 -5.3804400 1.3141333 -0.7527219 -0.2853283 0.2102525 0.5547895
27866.952000 4.9398007 -5.3791174 1.3141241 -0.7525868 -0.2857386 0.2105358 0.5546542
27867.052000 4.9741510 -5.3475620 1.3141399 -0.7489234 -0.2950690 0.2174678 0.5520469
27867.152000 4.9755251 -5.3461878 1.3141296 -0.7487871 -0.2954839 0.2177492 0.5518989
27867.252000 5.0090976 -5.3138306 1.3141593 -0.7449641 -0.3048394 0.2246945 0.5491938
27867.353000 5.0104131 -5.3124256 1.3141472 -0.7448264 -0.3052499 0.2249701 0.5490397
27867.452000 5.0101538 -5.3125551 1.3141365 -0.7448180 -0.3053198 0.2248922 0.5490441
27867.553000 5.0426599 -5.2794381 1.3141555 -0.7409310 -0.3145393 0.2318335 0.5462047
27867.652000 5.0440948 -5.2778404 1.3141436 -0.7407228 -0.3150882 0.2321100 0.5460531
27867.752000 5.0756567 -5.2438472 1.3141486 -0.7367970 -0.3241299 0.2388886 0.5431411
27867.852000 5.0772702 -5.2420084 1.3141399 -0.7365998 -0.3246345 0.2392406 0.5429523
27867.952000 5.1075009 -5.2077379 1.3141540 -0.7325023 -0.3337239 0.2459814 0.5399647
27868.052000 5.1091360 -5.2057385 1.3141415 -0.7322394 -0.3343627 0.2463145 0.5397743
27868.152000 5.1391341 -5.1697415 1.3141333 -0.7280512 -0.3434645 0.2530952 0.5365784
27868.252000 5.1403280 -5.1681940 1.3141235 -0.7278861 -0.3438698 0.2533728 0.5364118
27868.352000 5.1693265 -5.1316518 1.3141407 -0.7234975 -0.3529091 0.2600837 0.5332570
27868.452000 5.1704703 -5.1301028 1.3141327 -0.7233241 -0.3533086 0.2603558 0.5330949
27868.552000 5.1984203 -5.0928158 1.3141431 -0.7187958 -0.3623504 0.2670531 0.5298277
27868.653000 5.1995265 -5.0912136 1.3141333 -0.7186184 -0.3627532 0.2673238 0.5296562
27868.752000 5.2263619 -5.0534226 1.3141411 -0.7139344 -0.3718423 0.2739506 0.5262909
27868.852000 5.2274126 -5.0518180 1.3141320 -0.7137505 -0.3722392 0.2742148 0.5261221
27868.952000 5.2533736 -5.0133812 1.3141581 -0.7090802 -0.3809699 0.2808050 0.5227004
27869.052000 5.2545102 -5.0114984 1.3141429 -0.7088261 -0.3815131 0.2810670 0.5225080
27869.152000 5.2795952 -4.9719725 1.3141515 -0.7039482 -0.3904158 0.2877557 0.5188729
27869.252000 5.2804381 -4.9704890 1.3141401 -0.7037305 -0.3908584 0.2879518 0.5187261
27869.352000 5.2805065 -4.9702572 1.3141324 -0.7037659 -0.3908281 0.2880125 0.5186673
27869.452000 5.3045155 -4.9302504 1.3141530 -0.6987940 -0.3995495 0.2944926 0.5150934
27869.552000 5.3054355 -4.9285524 1.3141418 -0.6986014 -0.3999380 0.2947479 0.5149072
27869.652000 5.3283457 -4.8879159 1.3141585 -0.6935290 -0.4085723 0.3011573 0.5112636
27869.752000 5.3292196 -4.8861947 1.3141470 -0.6933323 -0.4089593 0.3014094 0.5110725
27869.852000 5.3510329 -4.8450051 1.3141626 -0.6881158 -0.4175916 0.3078258 0.5073039
27869.953000 5.3517365 -4.8434603 1.3141479 -0.6878859 -0.4180310 0.3080090 0.5071425
27870.052000 5.3721952 -4.8021745 1.3141520 -0.6826051 -0.4266053 0.3143368 0.5032401
27870.152000 5.3733316 -4.7997342 1.3141432 -0.6823654 -0.4270304 0.3147243 0.5029623
27870.252000 5.3926953 -4.7578013 1.3141454 0.6770067 0.4354310 -0.3209509 -0.4990514
27870.352000 5.3936330 -4.7556105 1.3141347 0.6767394 0.4358961 -0.3212584 -0.4988100
27870.452000 5.4118616 -4.7135042 1.3141483 0.6711873 0.4443380 -0.3274038 -0.4948516
27870.552000 5.4128603 -4.7110813 1.3141424 0.6709344 0.4447483 -0.3277789 -0.4945775
27870.652000 5.4126812 -4.7112919 1.3141306 0.6709142 0.4448166 -0.3277090 -0.4945899
27870.752000 5.4300947 -4.6682803 1.3141614 0.6653112 0.4530426 -0.3339517 -0.4904995
27870.852000 5.4309399 -4.6660171 1.3141525 0.6650264 0.4534995 -0.3342634 -0.4902509
27870.952000 5.4462229 -4.6248032 1.3141613 0.6595702 0.4613310 -0.3401118 -0.4862765
27871.052000 5.4477638 -4.6204716 1.3141518 0.6590051 0.4621768 -0.3407042 -0.4858245
27871.152000 5.4627347 -4.5762777 1.3141358 0.6532607 0.4703523 -0.3466392 -0.4815189
27871.252000 5.4632914 -4.5744498 1.3141257 0.6530247 0.4707204 -0.3468761 -0.4813086
27871.352000 5.4631248 -4.5746938 1.3141138 0.6530004 0.4707904 -0.3468029 -0.4813260
27871.452000 5.4772953 -4.5300070 1.3141568 0.6469915 0.4788393 -0.3529570 -0.4770076
27871.552000 5.4778153 -4.5281367 1.3141470 0.6467501 0.4792046 -0.3531960 -0.4767912
27871.652000 5.4903426 -4.4836936 1.3141329 0.6407746 0.4872374 -0.3591080 -0.4722807
27871.752000 5.4909358 -4.4813749 1.3141227 0.6404671 0.4876827 -0.3593991 -0.4720167
27871.852000 5.5024696 -4.4369650 1.3141535 0.6343322 0.4955508 -0.3651423 -0.4676784
27871.952000 5.5030763 -4.4343778 1.3141448 0.6340486 0.4959511 -0.3654927 -0.4673650
27872.052000 5.5132609 -4.3893554 1.3141468 0.6277798 0.5037996 -0.3713474 -0.4627955
27872.152000 5.5137336 -4.3870117 1.3141368 0.6274609 0.5042342 -0.3716317 -0.4625263
27872.252000 5.5228517 -4.3417567 1.3141440 0.6211242 0.5120383 -0.3773726 -0.4578335
27872.352000 5.5231906 -4.3396670 1.3141308 0.6207716 0.5125106 -0.3775871 -0.4576062
27872.452000 5.5309821 -4.2942266 1.3141214 0.6143448 0.5202210 -0.3832481 -0.4528482
27872.552000 5.5313353 -4.2918399 1.3141114 0.6140116 0.5206501 -0.3835289 -0.4525691
27872.652000 5.5380876 -4.2461504 1.3141294 0.6075047 0.5281365 -0.3891276 -0.4478722
27872.752000 5.5383742 -4.2437823 1.3141195 0.6071684 0.5285576 -0.3894020 -0.4475929
27872.852000 5.5440541 -4.1972607 1.3141461 0.6004205 0.5361055 -0.3951789 -0.4426283
27872.952000 5.5442243 -4.1953404 1.3141364 0.6001469 0.5364454 -0.3953971 -0.4423926
27873.052000 5.5486007 -4.1496330 1.3141531 0.5934509 0.5438103 -0.4007568 -0.4375846
27873.152000 5.5487514 -4.1472432 1.3141409 0.5931029 0.5442341 -0.4010180 -0.4372902
27873.252000 5.5518866 -4.1004533 1.3141423 0.5862456 0.5516315 -0.4065514 -0.4321281
27873.354000 5.5519565 -4.0985496 1.3141332 0.5859646 0.5519612 -0.4067626 -0.4318895
27873.452000 5.5539080 -4.0526247 1.3141526 0.5790113 0.5591765 -0.4120842 -0.4269123
27873.552000 5.5539294 -4.0502820 1.3141406 0.5786584 0.5595838 -0.4123322 -0.4266176
27873.653000 5.5545739 -4.0041111 1.3141387 0.5716085 0.5667986 -0.4176245 -0.4214177
27873.752000 5.5545486 -4.0017797 1.3141297 0.5712496 0.5671887 -0.4178782 -0.4211278
27873.853000 5.5539785 -3.9548957 1.3141369 0.5640549 0.5742788 -0.4232853 -0.4157830
27873.952000 5.5538742 -3.9532322 1.3141236 0.5637215 0.5746461 -0.4234269 -0.4155833
27874.052000 5.5538310 -3.9530378 1.3141184 0.5637604 0.5746238 -0.4234739 -0.4155136
27874.152000 5.5523542 -3.9070024 1.3141620 0.5566095 0.5814390 -0.4285378 -0.4104509
27874.252000 5.5521858 -3.9046642 1.3141493 0.5562424 0.5818330 -0.4287732 -0.4101443
27874.352000 5.5491136 -3.8579155 1.3141386 0.5488556 0.5888367 -0.4339984 -0.4045668
27874.452000 5.5489200 -3.8562553 1.3141250 0.5485141 0.5891962 -0.4341354 -0.4043595
27874.553000 5.5448856 -3.8095105 1.3141614 0.5411493 0.5958527 -0.4392477 -0.3989718
27874.652000 5.5446362 -3.8076044 1.3141498 0.5408432 0.5961683 -0.4394366 -0.3987073
27874.752000 5.5392915 -3.7617761 1.3141500 0.5334284 0.6028458 -0.4443017 -0.3932265
27874.853000 5.5389444 -3.7596531 1.3141352 0.5329955 0.6032705 -0.4444821 -0.3929582
27874.952000 5.5388784 -3.7594713 1.3141301 0.5330319 0.6032529 -0.4445261 -0.3928859
27875.052000 5.5323083 -3.7139230 1.3141364 0.5254173 0.6098196 -0.4494127 -0.3874079
27875.152000 5.5319043 -3.7116146 1.3141257 0.5250250 0.6101925 -0.4496367 -0.3870927
27875.252000 5.5242984 -3.6660718 1.3141418 0.5174160 0.6166608 -0.4544062 -0.3814775
27875.352000 5.5238198 -3.6637403 1.3141303 0.5170172 0.6170299 -0.4546313 -0.3811531
27875.452000 5.5150145 -3.6190968 1.3141377 0.5094509 0.6232625 -0.4593571 -0.3754925
27875.552000 5.5143067 -3.6158672 1.3141282 0.5088979 0.6237432 -0.4596769 -0.3750526
27875.652000 5.5042975 -3.5707905 1.3141503 0.5010599 0.6299900 -0.4643546 -0.3693595
27875.754000 5.5037365 -3.5687574 1.3141359 0.5006159 0.6303815 -0.4645154 -0.3690913
27875.852000 5.5036817 -3.5688299 1.3141274 0.5006146 0.6304029 -0.4644999 -0.3690760
27875.952000 5.4922770 -3.5233247 1.3141416 0.4927329 0.6365503 -0.4691360 -0.3632208
27876.053000 5.4917276 -3.5214516 1.3141311 0.4924026 0.6368404 -0.4693031 -0.3629443
27876.152000 5.4916693 -3.5215112 1.3141226 0.4924050 0.6368588 -0.4692889 -0.3629271
27876.253000 5.4791799 -3.4765251 1.3141479 0.4842861 0.6429547 -0.4739434 -0.3570069
27876.352000 5.4786428 -3.4749609 1.3141347 0.4839142 0.6432696 -0.4740538 -0.3567972
27876.452000 5.4648440 -3.4301353 1.3141370 0.4759356 0.6492176 -0.4784714 -0.3508089
27876.556000 5.4642014 -3.4283100 1.3141271 0.4756024 0.6494920 -0.4786313 -0.3505346
27876.652000 5.4496271 -3.3852772 1.3141341 0.4674528 0.6553157 -0.4829503 -0.3446855
27876.753000 5.4486454 -3.3826195 1.3141233 0.4669508 0.6557063 -0.4831844 -0.3442951
27876.852000 5.4325353 -3.3385641 1.3141337 0.4588068 0.6614093 -0.4874810 -0.3382253
27876.952000 5.4318613 -3.3370169 1.3141199 0.4584263 0.6617109 -0.4875805 -0.3380078
27877.052000 5.4317373 -3.3368411 1.3141146 0.4584758 0.6616904 -0.4876101 -0.3379382
27877.153000 5.4147791 -3.2933723 1.3141583 0.4500063 0.6673720 -0.4919706 -0.3317738
27877.252000 5.4139907 -3.2916295 1.3141467 0.4496697 0.6676313 -0.4921113 -0.3314997
27877.352000 5.3955444 -3.2487842 1.3141343 0.4412613 0.6732397 -0.4962216 -0.3252706
27877.452000 5.3947176 -3.2470576 1.3141241 0.4409222 0.6734909 -0.4963612 -0.3249972
27877.552000 5.3754431 -3.2045744 1.3141588 0.4324380 0.6788914 -0.5004515 -0.3188293
27877.652000 5.3745594 -3.2028734 1.3141469 0.4320987 0.6791399 -0.5005827 -0.3185539
27877.752000 5.3541454 -3.1610857 1.3141700 0.4234503 0.6844981 -0.5046385 -0.3122373
27877.852000 5.3532662 -3.1595502 1.3141551 0.4230446 0.6847861 -0.5047281 -0.3120109
27877.952000 5.3531187 -3.1593817 1.3141501 0.4231021 0.6847634 -0.5047506 -0.3119463
27878.055000 5.3318103 -3.1186681 1.3141450 0.4145061 0.6900279 -0.5085599 -0.3056353
27878.152000 5.3305162 -3.1163560 1.3141364 0.4141183 0.6902879 -0.5087653 -0.3052318
27878.252000 5.3078160 -3.0755943 1.3141536 0.4054585 0.6953389 -0.5125836 -0.2989403
27878.353000 5.3068072 -3.0739553 1.3141438 0.4051143 0.6955660 -0.5127070 -0.2986669
27878.452000 5.2830460 -3.0338457 1.3141376 0.3963247 0.7006721 -0.5163838 -0.2921183
27878.552000 5.2819985 -3.0322286 1.3141290 0.3959771 0.7008909 -0.5165073 -0.2918463
27878.652000 5.2572402 -2.9927389 1.3141492 0.3870637 0.7057631 -0.5202380 -0.2853639
27878.752000 5.2562667 -2.9913749 1.3141367 0.3866670 0.7060108 -0.5203117 -0.2851546
27878.852000 5.2307710 -2.9531382 1.3141328 0.3780913 0.7106569 -0.5237614 -0.2787252
27878.952000 5.2291035 -2.9507814 1.3141226 0.3775629 0.7109664 -0.5239438 -0.2783090
27879.052000 5.2027997 -2.9131830 1.3141474 0.3685105 0.7156375 -0.5274553 -0.2717608
27879.152000 5.2012279 -2.9110760 1.3141392 0.3681124 0.7158666 -0.5276334 -0.2713511
27879.252000 5.1738210 -2.8742582 1.3141448 0.3592275 0.7203450 -0.5309031 -0.2649537
27879.353000 5.1721728 -2.8721430 1.3141381 0.3588143 0.7205723 -0.5310838 -0.2645330
27879.452000 5.1436085 -2.8358872 1.3141300 0.3497582 0.7250298 -0.5343532 -0.2578133
27879.552000 5.1420712 -2.8340586 1.3141199 0.3493012 0.7252765 -0.5344874 -0.2574606
27879.652000 5.1421611 -2.8343287 1.3141079 0.3492640 0.7253180 -0.5344249 -0.2575239
27879.752000 5.1127137 -2.7985021 1.3141360 0.3401817 0.7295735 -0.5377073 -0.2507384
27879.852000 5.1110988 -2.7966910 1.3141244 0.3397177 0.7298195 -0.5378376 -0.2503719
27879.952000 5.1111991 -2.7969596 1.3141123 0.3396766 0.7298623 -0.5377766 -0.2504339
27880.052000 5.0808458 -2.7618492 1.3141561 0.3306813 0.7338776 -0.5409494 -0.2438183
27880.158000 5.0791978 -2.7600684 1.3141472 0.3302108 0.7341131 -0.5410817 -0.2434530
27880.257000 5.0480349 -2.7263653 1.3141381 0.3209775 0.7381988 -0.5440461 -0.2367486
27880.353000 5.0462147 -2.7244717 1.3141313 0.3205540 0.7384043 -0.5442020 -0.2363227
27880.452000 5.0463181 -2.7247192 1.3141195 0.3205133 0.7384447 -0.5441461 -0.2363804
27880.552000 5.0140680 -2.6913596 1.3141370 0.3113179 0.7423376 -0.5471355 -0.2294752
27880.652000 5.0124868 -2.6898689 1.3141229 0.3107917 0.7425934 -0.5472143 -0.2291727
27880.752000 4.9795615 -2.6575854 1.3141339 0.3015295 0.7463868 -0.5500308 -0.2223799
27880.852000 4.9776170 -2.6557563 1.3141277 0.3010978 0.7465798 -0.5501829 -0.2219401
27880.952000 4.9777363 -2.6559990 1.3141159 0.3010535 0.7466203 -0.5501288 -0.2219983
27881.052000 4.9437583 -2.6244528 1.3141233 0.2917943 0.7502600 -0.5529078 -0.2150790
27881.152000 4.9419129 -2.6228408 1.3141133 0.2913050 0.7504765 -0.5530192 -0.2147000
27881.252000 4.9070873 -2.5918896 1.3141559 0.2818632 0.7539802 -0.5557724 -0.2078078
27881.352000 4.9057290 -2.5908440 1.3141393 0.2814145 0.7541874 -0.5558083 -0.2075678
27881.452000 4.9055283 -2.5907338 1.3141341 0.2814651 0.7541803 -0.5558203 -0.2074929
27881.552000 4.8697110 -2.5608824 1.3141344 0.2720049 0.7576215 -0.5584039 -0.2005196
27881.652000 4.8681540 -2.5596800 1.3141242 0.2716029 0.7577916 -0.5584795 -0.2002110
27881.752000 4.8322284 -2.5311646 1.3141435 0.2620553 0.7610990 -0.5609672 -0.1933158
27881.852000 4.8301162 -2.5295632 1.3141371 0.2616062 0.7612718 -0.5610955 -0.1928711
27881.952000 4.7934615 -2.5019958 1.3141550 0.2520529 0.7644369 -0.5634861 -0.1859814
27882.052000 4.7914684 -2.5006145 1.3141427 0.2515444 0.7646344 -0.5635713 -0.1855990
27882.153000 4.7538058 -2.4739117 1.3141505 0.2420557 0.7676578 -0.5658750 -0.1785949
27882.253000 4.7515970 -2.4724117 1.3141439 0.2416041 0.7678194 -0.5659917 -0.1781407
27882.352000 4.7134582 -2.4468641 1.3141338 0.2319847 0.7708398 -0.5680698 -0.1711308
27882.452000 4.7114433 -2.4456009 1.3141243 0.2314790 0.7710138 -0.5681525 -0.1707571
27882.553000 4.6719426 -2.4204101 1.3141531 0.2218152 0.7737801 -0.5703584 -0.1635656
27882.652000 4.6702431 -2.4194289 1.3141418 0.2214073 0.7739246 -0.5704113 -0.1632498
27882.752000 4.6301544 -2.3956072 1.3141359 0.2116648 0.7766316 -0.5724429 -0.1560466
27882.852000 4.6286669 -2.3948264 1.3141223 0.2112033 0.7767877 -0.5724656 -0.1558112
27882.952000 4.6284433 -2.3947484 1.3141170 0.2112522 0.7767862 -0.5724710 -0.1557328
27883.052000 4.5883318 -2.3719105 1.3141575 0.2015918 0.7792718 -0.5744570 -0.1486452
27883.152000 4.5861858 -2.3707931 1.3141463 0.2010820 0.7794294 -0.5745211 -0.1482610
27883.252000 4.5455812 -2.3494818 1.3141306 0.1913578 0.7819204 -0.5762356 -0.1411917
27883.352000 4.5434034 -2.3484080 1.3141206 0.1908370 0.7820714 -0.5762972 -0.1408088
27883.453000 4.5020942 -2.3279083 1.3141321 0.1810752 0.7843605 -0.5780413 -0.1336362
27883.553000 4.4999025 -2.3268943 1.3141222 0.1805608 0.7845024 -0.5780982 -0.1332526
27883.652000 4.4582309 -2.3074405 1.3141485 0.1709065 0.7865997 -0.5798028 -0.1260181
27883.752000 4.4558522 -2.3064418 1.3141338 0.1702562 0.7867714 -0.5798434 -0.1256389
27883.852000 4.4145563 -2.2885831 1.3141487 0.1608340 0.7887037 -0.5813853 -0.1186170
27883.952000 4.4110351 -2.2871227 1.3141395 0.1600286 0.7888904 -0.5814778 -0.1180095
27884.052000 4.4110286 -2.2871799 1.3141310 0.1600284 0.7889068 -0.5814567 -0.1180043
27884.152000 4.3684188 -2.2701851 1.3141212 0.1500269 0.7909071 -0.5828445 -0.1106803
27884.252000 4.3659441 -2.2692374 1.3141137 0.1495620 0.7910179 -0.5829005 -0.1102220
27884.352000 4.3222573 -2.2529223 1.3141389 0.1396736 0.7927732 -0.5842890 -0.1029970
27884.452000 4.3206736 -2.2524178 1.3141258 0.1392012 0.7928835 -0.5842928 -0.1027655
27884.552000 4.2771483 -2.2374842 1.3141506 0.1295216 0.7944389 -0.5856326 -0.0955270
27884.652000 4.2746949 -2.2367272 1.3141374 0.1288639 0.7945745 -0.5856551 -0.0951499
27884.753000 4.2299913 -2.2226862 1.3141529 0.1189369 0.7960972 -0.5868457 -0.0877235
27884.852000 4.2283553 -2.2222439 1.3141411 0.1184634 0.7961939 -0.5868458 -0.0874851
27884.952000 4.1848439 -2.2099354 1.3141377 0.1087177 0.7976074 -0.5878402 -0.0802918
27885.052000 4.1814097 -2.2089951 1.3141317 0.1080590 0.7977130 -0.5879006 -0.0796874
27885.152000 4.1814114 -2.2090471 1.3141234 0.1080641 0.7977283 -0.5878794 -0.0796831
27885.252000 4.1362367 -2.1974691 1.3141442 0.0980065 0.7989497 -0.5889390 -0.0722838
27885.352000 4.1343494 -2.1970457 1.3141338 0.0975864 0.7990269 -0.5889420 -0.0719732
27885.452000 4.1343645 -2.1971017 1.3141252 0.0975899 0.7990427 -0.5889200 -0.0719733
27885.552000 4.0900754 -2.1868873 1.3141469 0.0876254 0.8001675 -0.5897991 -0.0647360
27885.652000 4.0870502 -2.1862351 1.3141401 0.0870588 0.8002479 -0.5898318 -0.0642070
27885.752000 4.0420093 -2.1772392 1.3141396 0.0770167 0.8012665 -0.5905941 -0.0569124
27885.852000 4.0396875 -2.1768300 1.3141295 0.0764962 0.8013410 -0.5905967 -0.0565370
27885.952000 3.9950841 -2.1690298 1.3141457 0.0668265 0.8021817 -0.5912663 -0.0494253
27886.052000 3.9915800 -2.1684578 1.3141389 0.0661636 0.8022568 -0.5912892 -0.0488202
27886.152000 3.9461525 -2.1618065 1.3141421 0.0560937 0.8030156 -0.5918594 -0.0414970
27886.252000 3.9435387 -2.1614570 1.3141356 0.0556237 0.8030688 -0.5918635 -0.0410371
27886.352000 3.8971616 -2.1559654 1.3141317 0.0455966 0.8037008 -0.5923283 -0.0336638
27886.452000 3.8953032 -2.1558010 1.3141219 0.0451825 0.8037468 -0.5923145 -0.0333625
27886.552000 3.8500549 -2.1515592 1.3141357 0.0350926 0.8041980 -0.5927538 -0.0260202
27886.652000 3.8470156 -2.1513159 1.3141289 0.0345236 0.8042413 -0.5927514 -0.0254941
27886.753000 3.8016266 -2.1482080 1.3141396 0.0246922 0.8045954 -0.5930262 -0.0183416
27886.852000 3.7985226 -2.1480404 1.3141324 0.0241101 0.8046353 -0.5930123 -0.0178061
27886.952000 3.7526427 -2.1461774 1.3141356 0.0140205 0.8048707 -0.5931914 -0.0105105
27887.052000 3.7500497 -2.1461103 1.3141298 0.0135478 0.8048936 -0.5931793 -0.0100570
27887.152000 3.7024533 -2.1454691 1.3141284 0.0032247 0.8049914 -0.5932729 -0.0024106
27887.252000 3.7014769 -2.1455194 1.3141182 0.0029983 0.8050171 -0.5932397 -0.0022506
27887.352000 3.6555362 -2.1458748 1.3141561 -0.0070938 0.8048918 -0.5933573 0.0051021
27887.452000 3.6529381 -2.1459655 1.3141470 -0.0075660 0.8049110 -0.5933213 0.0055570
27887.552000 3.6532271 -2.1460530 1.3141337 -0.0076232 0.8049344 -0.5932895 0.0054825
27887.652000 3.6070660 -2.1477877 1.3141417 -0.0176157 0.8047487 -0.5932154 0.0128331
27887.752000 3.6046860 -2.1479438 1.3141318 -0.0181480 0.8047601 -0.5931754 0.0132190
27887.852000 3.5583370 -2.1507713 1.3141529 -0.0280476 0.8044531 -0.5929945 0.0206399
27887.952000 3.5559514 -2.1509836 1.3141443 -0.0285785 0.8044551 -0.5929527 0.0210306
27888.052000 3.5102745 -2.1552403 1.3141283 -0.0387067 0.8040579 -0.5926098 0.0283958
27888.152000 3.5076441 -2.1555299 1.3141207 -0.0391941 0.8040567 -0.5925570 0.0288608
27888.252000 3.5079408 -2.1555885 1.3141090 -0.0392569 0.8040745 -0.5925321 0.0287892
27888.352000 3.4622299 -2.1607720 1.3141369 -0.0489951 0.8034859 -0.5922075 0.0360572
27888.452000 3.4596542 -2.1611622 1.3141239 -0.0496861 0.8034709 -0.5921466 0.0364449
27888.552000 3.4139818 -2.1676666 1.3141316 -0.0597394 0.8027706 -0.5916642 0.0438638
27888.652000 3.4116356 -2.1680755 1.3141215 -0.0602797 0.8027545 -0.5916023 0.0442527
27888.752000 3.4114440 -2.1681517 1.3141163 -0.0602364 0.8027689 -0.5915809 0.0443351
27888.852000 3.3661120 -2.1757610 1.3141405 -0.0702500 0.8018848 -0.5910812 0.0516590
27888.952000 3.3635102 -2.1762592 1.3141332 -0.0707422 0.8018631 -0.5910111 0.0521244
27889.052000 3.3192670 -2.1848487 1.3141526 -0.0804892 0.8009186 -0.5903802 0.0591780
27889.152000 3.3161062 -2.1855579 1.3141409 -0.0812223 0.8008721 -0.5902905 0.0596987
27889.252000 3.2710523 -2.1957167 1.3141454 -0.0911255 0.7997665 -0.5895575 0.0670190
27889.352000 3.2684921 -2.1963483 1.3141386 -0.0916088 0.7997312 -0.5894777 0.0674823
27889.452000 3.2232816 -2.2076401 1.3141576 -0.1017419 0.7984677 -0.5886238 0.0749660
27889.552000 3.2216915 -2.2081480 1.3141434 -0.1022386 0.7984343 -0.5885533 0.0751992
27889.652000 3.1765256 -2.2208753 1.3141338 -0.1120703 0.7971449 -0.5875239 0.0825591
27889.752000 3.1749353 -2.2214234 1.3141199 -0.1125630 0.7971075 -0.5874473 0.0827938
27889.853000 3.1308307 -2.2349947 1.3141319 -0.1224440 0.7956229 -0.5864115 0.0900737
27889.952000 3.1285704 -2.2357747 1.3141217 -0.1229798 0.7955648 -0.5863193 0.0904554
27890.052000 3.0841293 -2.2506496 1.3141456 -0.1329549 0.7938885 -0.5852052 0.0979744
27890.152000 3.0825660 -2.2512802 1.3141325 -0.1334441 0.7938354 -0.5851269 0.0982066
27890.252000 3.0392230 -2.2671526 1.3141366 -0.1432854 0.7921257 -0.5838511 0.1054708
27890.352000 3.0370034 -2.2680503 1.3141269 -0.1438178 0.7920528 -0.5837509 0.1058481
27890.452000 2.9938059 -2.2850295 1.3141575 -0.1535450 0.7901548 -0.5824740 0.1131521
27890.552000 2.9915985 -2.2859988 1.3141468 -0.1540715 0.7900769 -0.5823667 0.1135319
27890.653000 2.9916559 -2.2860568 1.3141386 -0.1540812 0.7900907 -0.5823455 0.1135313
27890.752000 2.9494372 -2.3041689 1.3141302 -0.1639092 0.7881314 -0.5808848 0.1206467
27890.852000 2.9472756 -2.3051825 1.3141199 -0.1644390 0.7880462 -0.5807740 0.1210151
27890.952000 2.9470953 -2.3053233 1.3141147 -0.1643911 0.7880675 -0.5807430 0.1210899
27891.052000 2.9050845 -2.3244216 1.3141409 -0.1742213 0.7858893 -0.5792592 0.1283886
27891.152000 2.9031530 -2.3254181 1.3141278 -0.1748083 0.7857878 -0.5791543 0.1286848
27891.252000 2.8614260 -2.3457502 1.3141496 -0.1844358 0.7835516 -0.5775454 0.1359106
27891.352000 2.8595357 -2.3468035 1.3141342 -0.1850129 0.7834523 -0.5774268 0.1362022
27891.452000 2.8179937 -2.3684341 1.3141690 -0.1947873 0.7809630 -0.5758001 0.1435585
27891.556000 2.8165554 -2.3693263 1.3141528 -0.1952657 0.7808788 -0.5756985 0.1437734
27891.652000 2.7771432 -2.3912505 1.3141542 -0.2047283 0.7784798 -0.5738385 0.1508802
27891.752000 2.7739585 -2.3931325 1.3141428 -0.2055085 0.7783018 -0.5736526 0.1514441
27891.852000 2.7344948 -2.4166293 1.3141392 -0.2151508 0.7756637 -0.5718011 0.1584279
27891.952000 2.7324993 -2.4179109 1.3141291 -0.2156625 0.7755460 -0.5716701 0.1587810
27892.052000 2.6933480 -2.4423326 1.3141492 -0.2253012 0.7727899 -0.5696576 0.1659080
27892.152000 2.6913581 -2.4436911 1.3141381 -0.2258147 0.7726670 -0.5695168 0.1662651
27892.252000 2.6914161 -2.4437488 1.3141298 -0.2258172 0.7726825 -0.5694974 0.1662560
27892.352000 2.6529857 -2.4693182 1.3141326 -0.2354247 0.7697833 -0.5674056 0.1733777
27892.453000 2.6510263 -2.4707215 1.3141224 -0.2359372 0.7696522 -0.5672615 0.1737339
27892.552000 2.6133588 -2.4970258 1.3141542 -0.2452871 0.7666532 -0.5651525 0.1807753
27892.652000 2.6112743 -2.4986285 1.3141392 -0.2459467 0.7664776 -0.5649915 0.1811269
27892.752000 2.6107824 -2.4983310 1.3142784 -0.2457705 0.7661089 -0.5654918 0.1813645
27892.852000 2.6076518 -2.4939494 1.3155747 -0.2445790 0.7624202 -0.5704582 0.1829588
27892.952000 2.6008173 -2.4843763 1.3181383 -0.2419715 0.7543317 -0.5811179 0.1863745
27893.052000 2.5920764 -2.4721416 1.3209122 -0.2385940 0.7438529 -0.5944791 0.1906579
27893.152000 2.5845872 -2.4612196 1.3228986 -0.2356267 0.7344485 -0.6060651 0.1942953
27893.252000 2.5803319 -2.4552212 1.3238205 -0.2339276 0.7291628 -0.6124170 0.1963284
27893.352000 2.5803153 -2.4532284 1.3240074 -0.2393902 0.7262394 -0.6120240 0.2017306
27893.452000 2.5806689 -2.4530795 1.3239999 -0.2399445 0.7260735 -0.6118909 0.2020729
27893.552000 2.5800531 -2.4534404 1.3240042 -0.2379963 0.7266817 -0.6124274 0.2005594
27893.653000 2.5803082 -2.4531666 1.3240139 -0.2395661 0.7261006 -0.6120593 0.2019143
27893.752000 2.5803456 -2.4530743 1.3240204 -0.2398495 0.7260090 -0.6119781 0.2021534
27893.852000 2.5803861 -2.4530999 1.3240183 -0.2398506 0.7260029 -0.6119836 0.2021571
27893.952000 2.5801054 -2.4533364 1.3240134 -0.2383756 0.7264980 -0.6123817 0.2009138
27894.052000 2.5804073 -2.4531561 1.3240170 -0.2397012 0.7260750 -0.6120050 0.2020106
27894.152000 2.5803767 -2.4531228 1.3240158 -0.2398946 0.7260203 -0.6119308 0.2022025
27894.253000 2.5804182 -2.4531538 1.3240129 -0.2398970 0.7260155 -0.6119338 0.2022078
27894.352000 2.5802881 -2.4532879 1.3240053 -0.2381604 0.7266039 -0.6124397 0.2006093
27894.452000 2.5806800 -2.4531246 1.3239957 -0.2398613 0.7260738 -0.6119433 0.2020119
27894.552000 2.5804420 -2.4531720 1.3240074 -0.2399495 0.7260363 -0.6118843 0.2022206
27894.652000 2.5802780 -2.4533020 1.3240017 -0.2381361 0.7266417 -0.6124203 0.2005603
27894.752000 2.5804206 -2.4532666 1.3239990 -0.2396592 0.7261536 -0.6119533 0.2019348
27894.852000 2.5804323 -2.4531880 1.3240053 -0.2398743 0.7260814 -0.6118920 0.2021245
27894.952000 2.5806946 -2.4530696 1.3240008 -0.2399423 0.7260596 -0.6119133 0.2020576
27895.052000 2.5802889 -2.4533376 1.3239974 -0.2379480 0.7267231 -0.6124588 0.2003709
27895.152000 2.5804220 -2.4532672 1.3239960 -0.2397136 0.7261544 -0.6119126 0.2019907
27895.252000 2.5804196 -2.4531569 1.3240056 -0.2399494 0.7260716 -0.6118497 0.2021986
27895.352000 2.5800343 -2.4533876 1.3240071 -0.2381285 0.7266409 -0.6123851 0.2006795
27895.452000 2.5803023 -2.4531503 1.3240165 -0.2396219 0.7260777 -0.6120428 0.2019804
27895.552000 2.5803308 -2.4530452 1.3240245 -0.2398939 0.7259827 -0.6119722 0.2022128
27895.652000 2.5800327 -2.4532972 1.3240175 -0.2383078 0.7265221 -0.6123964 0.2008621
27895.752000 2.5803331 -2.4531744 1.3240128 -0.2395725 0.7261445 -0.6120132 0.2018890
27895.852000 2.5805522 -2.4529166 1.3240165 -0.2399128 0.7260250 -0.6119628 0.2020668
27895.952000 2.5806226 -2.4529582 1.3240109 -0.2399260 0.7260268 -0.6119553 0.2020675
27896.052000 2.5800861 -2.4534053 1.3240037 -0.2381296 0.7266409 -0.6123889 0.2006666
27896.152000 2.5804298 -2.4533369 1.3239908 -0.2396187 0.7262007 -0.6119221 0.2019079
27896.252000 2.5804547 -2.4532087 1.3240002 -0.2399498 0.7260864 -0.6118343 0.2021914
27896.352000 2.5802985 -2.4532803 1.3239987 -0.2382667 0.7266307 -0.6123523 0.2006528
27896.452000 2.5804168 -2.4532364 1.3239991 -0.2397685 0.7261255 -0.6119096 0.2020385
27896.552000 2.5804308 -2.4531511 1.3240064 -0.2399812 0.7260535 -0.6118507 0.2022229
27896.652000 2.5804764 -2.4531809 1.3240033 -0.2399901 0.7260488 -0.6118501 0.2022308
27896.752000 2.5800292 -2.4534497 1.3240036 -0.2378882 0.7267236 -0.6124509 0.2004641
27896.852000 2.5805249 -2.4530422 1.3240096 -0.2395585 0.7261314 -0.6120746 0.2017664
27896.952000 2.5805634 -2.4528913 1.3240200 -0.2399192 0.7260036 -0.6119852 0.2020686
27897.052000 2.5800409 -2.4533482 1.3240117 -0.2381414 0.7266059 -0.6124189 0.2006875
27897.152000 2.5805995 -2.4530747 1.3240026 -0.2397489 0.7260923 -0.6119926 0.2019293
27897.252000 2.5806391 -2.4529690 1.3240096 -0.2400306 0.7259971 -0.6119176 0.2021643
27897.352000 2.5801019 -2.4534103 1.3240029 -0.2382576 0.7266007 -0.6123485 0.2007836
27897.452000 2.5804361 -2.4532787 1.3239960 -0.2397640 0.7261375 -0.6118967 0.2020398
27897.552000 2.5807043 -2.4531364 1.3239905 -0.2400460 0.7260698 -0.6118144 0.2021970
27897.652000 2.5807607 -2.4531613 1.3239869 -0.2400651 0.7260634 -0.6118112 0.2022072
27897.752000 2.5803640 -2.4533789 1.3239890 -0.2382390 0.7266418 -0.6123429 0.2006740
27897.852000 2.5805727 -2.4531257 1.3240013 -0.2396490 0.7261154 -0.6120168 0.2018917
27897.952000 2.5803916 -2.4531903 1.3240080 -0.2398037 0.7260688 -0.6119303 0.2021374
27898.052000 2.5800645 -2.4534850 1.3239989 -0.2380991 0.7266553 -0.6123754 0.2006920
27898.153000 2.5804828 -2.4534099 1.3239834 -0.2396704 0.7262053 -0.6118748 0.2019733
27898.253000 2.5806277 -2.4529871 1.3240060 -0.2399792 0.7260547 -0.6118957 0.2020845
27898.352000 2.5804917 -2.4532026 1.3240002 -0.2399396 0.7260776 -0.6118576 0.2021645
27898.452000 2.5800705 -2.4534226 1.3240031 -0.2380993 0.7266544 -0.6123937 0.2006394
27898.552000 2.5803089 -2.4531275 1.3240167 -0.2396613 0.7260643 -0.6120342 0.2020083
27898.652000 2.5803799 -2.4531653 1.3240103 -0.2398979 0.7260205 -0.6119148 0.2022462
27898.752000 2.5802292 -2.4532385 1.3240070 -0.2382288 0.7265698 -0.6124188 0.2007153
27898.853000 2.5803939 -2.4533028 1.3239988 -0.2395989 0.7261529 -0.6119651 0.2019729
27898.952000 2.5806048 -2.4530271 1.3240063 -0.2399772 0.7260178 -0.6119070 0.2021854
27899.052000 2.5800552 -2.4534874 1.3239984 -0.2380826 0.7266561 -0.6123790 0.2006976
27899.152000 2.5803747 -2.4532929 1.3239984 -0.2396358 0.7261324 -0.6119608 0.2020160
27899.252000 2.5804941 -2.4528174 1.3240263 -0.2399575 0.7259644 -0.6119926 0.2021414
27899.352000 2.5799279 -2.4532916 1.3240184 -0.2380078 0.7266318 -0.6124672 0.2006054
27899.452000 2.5804881 -2.4529503 1.3240142 -0.2397053 0.7260964 -0.6120122 0.2019070
27899.552000 2.5803444 -2.4530423 1.3240180 -0.2399392 0.7260293 -0.6118979 0.2022165
27899.653000 2.5803716 -2.4530832 1.3240146 -0.2399474 0.7260265 -0.6118939 0.2022293
27899.752000 2.5801568 -2.4531286 1.3240173 -0.2381294 0.7265936 -0.6124727 0.2005823
27899.852000 2.5803089 -2.4531091 1.3240194 -0.2396217 0.7260677 -0.6120600 0.2019643
27899.952000 2.5804586 -2.4527893 1.3240331 -0.2398903 0.7259549 -0.6120475 0.2020893
27900.052000 2.5803305 -2.4530203 1.3240258 -0.2398470 0.7259848 -0.6120056 0.2021601
27900.152000 2.5799562 -2.4532969 1.3240200 -0.2380621 0.7265863 -0.6124839 0.2006548
27900.252000 2.5804514 -2.4529219 1.3240209 -0.2396740 0.7260528 -0.6120759 0.2019077
27900.352000 2.5803968 -2.4531963 1.3240051 -0.2398443 0.7260580 -0.6119127 0.2021815
27900.452000 2.5800598 -2.4534934 1.3239965 -0.2381357 0.7266426 -0.6123620 0.2007355
27900.552000 2.5804662 -2.4534037 1.3239858 -0.2396514 0.7261886 -0.6118965 0.2019898
27900.652000 2.5804935 -2.4533363 1.3239889 -0.2399126 0.7261065 -0.6118181 0.2022125
27900.753000 2.5802956 -2.4533646 1.3239900 -0.2382279 0.7266447 -0.6123435 0.2006749
27900.852000 2.5805051 -2.4534018 1.3239840 -0.2396814 0.7261927 -0.6118813 0.2019857
27900.952000 2.5806569 -2.4531254 1.3239921 -0.2399404 0.7260882 -0.6118633 0.2021086
27901.052000 2.5803053 -2.4533347 1.3239904 -0.2382673 0.7266360 -0.6123339 0.2006889
27901.152000 2.5804266 -2.4533174 1.3239921 -0.2396219 0.7261946 -0.6119181 0.2019380
27901.252000 2.5804321 -2.4532400 1.3239971 -0.2398889 0.7261064 -0.6118402 0.2021742
27901.352000 2.5804670 -2.4532700 1.3239935 -0.2399134 0.7260986 -0.6118332 0.2021941
27901.452000 2.5802842 -2.4533262 1.3239929 -0.2382511 0.7266281 -0.6123507 0.2006854
27901.552000 2.5806334 -2.4532073 1.3239908 -0.2396810 0.7261414 -0.6119680 0.2019081
27901.652000 2.5806451 -2.4530734 1.3239997 -0.2399479 0.7260473 -0.6119021 0.2021290
27901.752000 2.5805250 -2.4533354 1.3239898 -0.2399037 0.7260870 -0.6118497 0.2021975
27901.852000 2.5802936 -2.4533651 1.3239927 -0.2381792 0.7266289 -0.6123914 0.2006440
27901.952000 2.5805070 -2.4533984 1.3239873 -0.2397079 0.7261381 -0.6119174 0.2020412
27902.052000 2.5806383 -2.4530741 1.3240007 -0.2399616 0.7260281 -0.6119098 0.2021581
27902.152000 2.5802584 -2.4533082 1.3239987 -0.2381710 0.7266101 -0.6124152 0.2006490
27902.252000 2.5805645 -2.4530997 1.3240030 -0.2397166 0.7260771 -0.6120074 0.2019776
27902.352000 2.5805741 -2.4529955 1.3240096 -0.2398957 0.7260132 -0.6119649 0.2021235
27902.452000 2.5800754 -2.4535371 1.3239936 -0.2380054 0.7266855 -0.6124002 0.2006179
27902.552000 2.5806480 -2.4532520 1.3239844 -0.2396203 0.7261853 -0.6119619 0.2018406
27902.652000 2.5803874 -2.4531099 1.3240119 -0.2398603 0.7260633 -0.6119178 0.2021282
27902.752000 2.5799985 -2.4533990 1.3240052 -0.2379828 0.7266997 -0.6124172 0.2005414
27902.852000 2.5803754 -2.4532176 1.3240006 -0.2396616 0.7261736 -0.6119259 0.2019429
27902.952000 2.5806773 -2.4531485 1.3239869 -0.2399072 0.7261270 -0.6118454 0.2020628
27903.052000 2.5802841 -2.4533628 1.3239879 -0.2380921 0.7267027 -0.6123708 0.2005425
27903.152000 2.5806196 -2.4531595 1.3239930 -0.2397793 0.7261093 -0.6119354 0.2020053
27903.252000 2.5805009 -2.4533025 1.3239911 -0.2399066 0.7260954 -0.6118352 0.2022079
27903.352000 2.5801277 -2.4535743 1.3239864 -0.2380918 0.7266957 -0.6123351 0.2006773
27903.452000 2.5806028 -2.4531833 1.3239936 -0.2396752 0.7261387 -0.6119728 0.2019100
27903.552000 2.5806306 -2.4530761 1.3239989 -0.2398471 0.7260818 -0.6119295 0.2020416
27903.652000 2.5802845 -2.4532961 1.3239964 -0.2381776 0.7266250 -0.6123995 0.2006348
27903.752000 2.5805394 -2.4531816 1.3240011 -0.2396729 0.7261165 -0.6119898 0.2019413
27903.852000 2.5805881 -2.4530155 1.3240061 -0.2398294 0.7260551 -0.6119690 0.2020390
27903.952000 2.5804885 -2.4532857 1.3239945 -0.2397458 0.7261137 -0.6119231 0.2020665
27904.053000 2.5802308 -2.4533008 1.3239975 -0.2379405 0.7266892 -0.6124781 0.2004435
27904.152000 2.5805853 -2.4531537 1.3239940 -0.2396430 0.7261497 -0.6119837 0.2018757
27904.252000 2.5805804 -2.4530085 1.3240036 -0.2398225 0.7260809 -0.6119461 0.2020240
27904.352000 2.5802460 -2.4532856 1.3239962 -0.2380638 0.7266694 -0.6124225 0.2005390
27904.452000 2.5806699 -2.4532200 1.3239868 -0.2397959 0.7261188 -0.6119168 0.2020079
27904.552000 2.5806904 -2.4531085 1.3239925 -0.2399711 0.7260589 -0.6118730 0.2021480
27904.652000 2.5807248 -2.4531327 1.3239884 -0.2399372 0.7260723 -0.6118807 0.2021168
27904.752000 2.5801886 -2.4535918 1.3239814 -0.2380300 0.7267127 -0.6123595 0.2006145
27904.852000 2.5805994 -2.4531477 1.3239966 -0.2396674 0.7260994 -0.6120203 0.2019165
27904.952000 2.5803018 -2.4529254 1.3240313 -0.2399066 0.7259667 -0.6119881 0.2022072
27905.052000 2.5804449 -2.4527029 1.3240362 -0.2399175 0.7259306 -0.6120538 0.2021251
27905.152000 2.5799884 -2.4532152 1.3240192 -0.2381144 0.7265854 -0.6124547 0.2006849
27905.252000 2.5804767 -2.4529785 1.3240129 -0.2398154 0.7260694 -0.6119632 0.2020218
27905.352000 2.5806806 -2.4531145 1.3239887 -0.2399421 0.7260910 -0.6118590 0.2021094
27905.452000 2.5807012 -2.4531173 1.3239869 -0.2399082 0.7260956 -0.6118756 0.2020828
27905.552000 2.5802181 -2.4536430 1.3239723 -0.2380188 0.7267629 -0.6123170 0.2005758
27905.652000 2.5805778 -2.4535451 1.3239699 -0.2395819 0.7262561 -0.6118791 0.2018826
27905.752000 2.5805764 -2.4534318 1.3239768 -0.2398145 0.7261773 -0.6118146 0.2020852
27905.852000 2.5801988 -2.4536794 1.3239727 -0.2379898 0.7267797 -0.6123178 0.2005466
27905.952000 2.5806052 -2.4535075 1.3239710 -0.2397605 0.7262036 -0.6118228 0.2020299
27906.052000 2.5807098 -2.4531676 1.3239846 -0.2399262 0.7261127 -0.6118491 0.2020802
27906.152000 2.5802968 -2.4533905 1.3239854 -0.2380266 0.7267138 -0.6123999 0.2004912
27906.253000 2.5806483 -2.4531995 1.3239897 -0.2396963 0.7261230 -0.6119787 0.2019238
27906.352000 2.5806471 -2.4531059 1.3239959 -0.2398865 0.7260582 -0.6119264 0.2020894
27906.452000 2.5801778 -2.4536187 1.3239812 -0.2380185 0.7267179 -0.6123654 0.2005914
27906.552000 2.5805455 -2.4534873 1.3239774 -0.2395974 0.7262072 -0.6119204 0.2019149
27906.652000 2.5805609 -2.4533842 1.3239836 -0.2398513 0.7261221 -0.6118506 0.2021307
27906.752000 2.5801954 -2.4536561 1.3239769 -0.2380556 0.7267249 -0.6123344 0.2006166
27906.852000 2.5806643 -2.4532910 1.3239821 -0.2396934 0.7261607 -0.6119335 0.2019285
27906.953000 2.5803959 -2.4530724 1.3240142 -0.2399449 0.7260312 -0.6118928 0.2022184
27907.052000 2.5800197 -2.4533342 1.3240084 -0.2381587 0.7266322 -0.6123750 0.2007060
27907.152000 2.5803437 -2.4531041 1.3240137 -0.2396964 0.7261211 -0.6119639 0.2019754
27907.252000 2.5803595 -2.4530497 1.3240144 -0.2398177 0.7260928 -0.6119180 0.2020717
27907.353000 2.5799350 -2.4532454 1.3240175 -0.2379351 0.7266805 -0.6124724 0.2004993
27907.452000 2.5802364 -2.4529528 1.3240349 -0.2396511 0.7260302 -0.6120843 0.2019908
27907.552000 2.5802416 -2.4528835 1.3240373 -0.2397812 0.7259915 -0.6120430 0.2021010
27907.652000 2.5798543 -2.4531349 1.3240317 -0.2379086 0.7266242 -0.6125456 0.2005107
27907.753000 2.5803410 -2.4527157 1.3240364 -0.2396500 0.7260455 -0.6121063 0.2018705
27907.852000 2.5803708 -2.4525681 1.3240430 -0.2398565 0.7259692 -0.6120636 0.2020290
27907.952000 2.5798888 -2.4531501 1.3240261 -0.2379520 0.7266448 -0.6125001 0.2005238
27908.052000 2.5803183 -2.4530405 1.3240222 -0.2397518 0.7260471 -0.6120023 0.2020591
27908.152000 2.5803196 -2.4529552 1.3240272 -0.2398965 0.7259999 -0.6119611 0.2021817
27908.252000 2.5799305 -2.4532056 1.3240216 -0.2380307 0.7266317 -0.6124614 0.2005959
27908.352000 2.5803892 -2.4528000 1.3240267 -0.2396970 0.7260802 -0.6120380 0.2018970
27908.452000 2.5804237 -2.4526400 1.3240333 -0.2399076 0.7260011 -0.6119977 0.2020534
27908.552000 2.5800211 -2.4528657 1.3240326 -0.2380369 0.7266009 -0.6125332 0.2004809
27908.652000 2.5802900 -2.4529898 1.3240260 -0.2397089 0.7260620 -0.6120175 0.2020101
27908.752000 2.5802971 -2.4529375 1.3240275 -0.2398637 0.7260186 -0.6119643 0.2021436
27908.852000 2.5803123 -2.4529618 1.3240239 -0.2398051 0.7260384 -0.6119805 0.2020928
27908.953000 2.5799362 -2.4532254 1.3240176 -0.2379618 0.7266675 -0.6124702 0.2005211
27909.052000 2.5805254 -2.4527054 1.3240217 -0.2398830 0.7260195 -0.6120084 0.2019840
27909.152000 2.5803785 -2.4529989 1.3240158 -0.2399194 0.7260703 -0.6118853 0.2021311
27909.252000 2.5799565 -2.4532498 1.3240141 -0.2380130 0.7266858 -0.6124239 0.2005358
27909.352000 2.5803353 -2.4530614 1.3240150 -0.2397042 0.7260977 -0.6119868 0.2019806
27909.452000 2.5803264 -2.4529643 1.3240222 -0.2398714 0.7260384 -0.6119437 0.2021258
27909.552000 2.5803410 -2.4529872 1.3240190 -0.2398242 0.7260539 -0.6119573 0.2020850
27909.652000 2.5800214 -2.4528985 1.3240300 -0.2380005 0.7266040 -0.6125505 0.2004600
27909.752000 2.5804125 -2.4528448 1.3240261 -0.2398522 0.7260245 -0.6119869 0.2020676
27909.852000 2.5804267 -2.4526392 1.3240348 -0.2399798 0.7259650 -0.6119832 0.2021411
27909.952000 2.5800112 -2.4528702 1.3240342 -0.2380600 0.7265787 -0.6125372 0.2005221
27910.052000 2.5803194 -2.4530261 1.3240213 -0.2396848 0.7260656 -0.6120302 0.2019875
27910.152000 2.5803107 -2.4529460 1.3240273 -0.2398592 0.7260072 -0.6119803 0.2021416
27910.252000 2.5799779 -2.4528342 1.3240405 -0.2380126 0.7265529 -0.6125965 0.2004903
27910.352000 2.5803155 -2.4530227 1.3240225 -0.2396602 0.7260785 -0.6120351 0.2019557
27910.452000 2.5803044 -2.4529438 1.3240287 -0.2398266 0.7260227 -0.6119874 0.2021031
27910.552000 2.5799009 -2.4531679 1.3240275 -0.2380178 0.7266092 -0.6124954 0.2005890
27910.652000 2.5802789 -2.4529526 1.3240304 -0.2397945 0.7260025 -0.6120188 0.2021187
27910.752000 2.5802779 -2.4528687 1.3240356 -0.2399687 0.7259440 -0.6119705 0.2022682
27910.853000 2.5798884 -2.4531186 1.3240318 -0.2381316 0.7265566 -0.6124735 0.2007114
27910.952000 2.5802829 -2.4529835 1.3240267 -0.2397257 0.7260535 -0.6120114 0.2020394
27911.052000 2.5803285 -2.4525217 1.3240503 -0.2399283 0.7259153 -0.6120660 0.2021300
27911.153000 2.5799305 -2.4527686 1.3240471 -0.2380307 0.7265389 -0.6125963 0.2005205
27911.252000 2.5802845 -2.4529888 1.3240265 -0.2396466 0.7260776 -0.6120419 0.2019542
27911.353000 2.5803330 -2.4525555 1.3240477 -0.2398632 0.7259403 -0.6120843 0.2020621
27911.452000 2.5799516 -2.4527606 1.3240457 -0.2381118 0.7265220 -0.6125670 0.2005749
27911.552000 2.5802830 -2.4529431 1.3240254 -0.2397576 0.7260750 -0.6119761 0.2020313
27911.652000 2.5802712 -2.4528666 1.3240315 -0.2399245 0.7260192 -0.6119280 0.2021792
27911.752000 2.5799248 -2.4527301 1.3240470 -0.2381572 0.7265189 -0.6125394 0.2006163
27911.852000 2.5802484 -2.4529105 1.3240315 -0.2397092 0.7260435 -0.6120365 0.2020189
27911.952000 2.5802842 -2.4524705 1.3240536 -0.2399152 0.7259062 -0.6120848 0.2021214
27912.053000 2.5799345 -2.4527256 1.3240476 -0.2381429 0.7265025 -0.6125671 0.2006083
27912.153000 2.5803613 -2.4527168 1.3240346 -0.2396816 0.7260466 -0.6120878 0.2018853
27912.252000 2.5803471 -2.4529635 1.3240228 -0.2398800 0.7260459 -0.6119338 0.2021188
27912.352000 2.5799280 -2.4531857 1.3240230 -0.2380518 0.7266365 -0.6124510 0.2005855
27912.452000 2.5802259 -2.4529542 1.3240298 -0.2395424 0.7261128 -0.6120715 0.2018615
27912.552000 2.5802745 -2.4524690 1.3240545 -0.2398709 0.7259269 -0.6120946 0.2020700
27912.652000 2.5798871 -2.4530906 1.3240307 -0.2381009 0.7265955 -0.6124615 0.2006434
27912.752000 2.5803136 -2.4529896 1.3240229 -0.2397818 0.7260803 -0.6119511 0.2020594
27912.852000 2.5803145 -2.4529204 1.3240250 -0.2399510 0.7260272 -0.6118997 0.2022046
27912.952000 2.5799274 -2.4531201 1.3240260 -0.2382328 0.7265745 -0.6123964 0.2007618
27913.053000 2.5802207 -2.4526277 1.3240528 -0.2397316 0.7259731 -0.6121144 0.2020096
27913.152000 2.5802555 -2.4523995 1.3240612 -0.2399711 0.7258678 -0.6120889 0.2021806
27913.252000 2.5798708 -2.4530700 1.3240343 -0.2380938 0.7265806 -0.6124790 0.2006527
27913.352000 2.5803313 -2.4530196 1.3240203 -0.2397518 0.7260794 -0.6119735 0.2020303
27913.452000 2.5803356 -2.4529353 1.3240252 -0.2399359 0.7260183 -0.6119222 0.2021864
27913.552000 2.5799437 -2.4527641 1.3240442 -0.2381497 0.7265139 -0.6125468 0.2006209
27913.652000 2.5802812 -2.4525790 1.3240476 -0.2396936 0.7259743 -0.6121488 0.2019459
27913.752000 2.5802866 -2.4528640 1.3240341 -0.2398987 0.7259819 -0.6119810 0.2021835
27913.852000 2.5798872 -2.4531059 1.3240305 -0.2380843 0.7265931 -0.6124702 0.2006456
27913.952000 2.5802148 -2.4526041 1.3240473 -0.2396113 0.7260475 -0.6121208 0.2018651
27914.052000 2.5802492 -2.4524154 1.3240556 -0.2399205 0.7259279 -0.6120605 0.2021109
27914.152000 2.5798533 -2.4526318 1.3240543 -0.2381253 0.7265079 -0.6125693 0.2006028
27914.252000 2.5801960 -2.4524675 1.3240551 -0.2396983 0.7259685 -0.6121507 0.2019553
27914.353000 2.5802164 -2.4527567 1.3240407 -0.2399151 0.7259754 -0.6119774 0.2021982
27914.452000 2.5798478 -2.4530436 1.3240339 -0.2380834 0.7265941 -0.6124699 0.2006436
27914.552000 2.5802953 -2.4529715 1.3240241 -0.2397326 0.7260817 -0.6119835 0.2020144
27914.652000 2.5803006 -2.4528825 1.3240292 -0.2399129 0.7260214 -0.6119342 0.2021664
27914.753000 2.5798875 -2.4527065 1.3240488 -0.2381104 0.7265229 -0.6125617 0.2005891
27914.852000 2.5802588 -2.4529010 1.3240337 -0.2396711 0.7260704 -0.6120395 0.2019582
27914.952000 2.5802637 -2.4528393 1.3240353 -0.2398507 0.7260159 -0.6119822 0.2021146
27915.052000 2.5798913 -2.4526647 1.3240517 -0.2382078 0.7264767 -0.6125495 0.2006783
27915.152000 2.5802568 -2.4526508 1.3240432 -0.2397652 0.7259981 -0.6120667 0.2020242
27915.252000 2.5803052 -2.4528638 1.3240288 -0.2399716 0.7259976 -0.6119182 0.2022308
27915.352000 2.5798660 -2.4526804 1.3240494 -0.2381339 0.7265126 -0.6125529 0.2006253
27915.452000 2.5802074 -2.4525036 1.3240526 -0.2397614 0.7259732 -0.6121063 0.2019983
27915.552000 2.5802291 -2.4527841 1.3240372 -0.2398459 0.7260240 -0.6119764 0.2021090
27915.652000 2.5802153 -2.4524004 1.3240554 -0.2398464 0.7259368 -0.6120948 0.2020629
27915.752000 2.5797841 -2.4530553 1.3240330 -0.2377185 0.7267193 -0.6125701 0.2003169
27915.852000 2.5801709 -2.4524972 1.3240543 -0.2395748 0.7260149 -0.6121808 0.2018439
27915.952000 2.5802067 -2.4527601 1.3240419 -0.2398182 0.7260137 -0.6120026 0.2020991
27916.053000 2.5797826 -2.4526026 1.3240594 -0.2380206 0.7265233 -0.6126134 0.2005367
27916.152000 2.5802291 -2.4528724 1.3240324 -0.2396984 0.7260757 -0.6120110 0.2019930
27916.252000 2.5802322 -2.4527980 1.3240367 -0.2398684 0.7260216 -0.6119602 0.2021400
27916.352000 2.5798388 -2.4530286 1.3240338 -0.2380344 0.7266292 -0.6124666 0.2005849
27916.452000 2.5801742 -2.4524707 1.3240537 -0.2396923 0.7260030 -0.6121214 0.2019273
27916.552000 2.5802341 -2.4527505 1.3240383 -0.2399013 0.7260170 -0.6119518 0.2021426
27916.652000 2.5798282 -2.4525893 1.3240565 -0.2382117 0.7264770 -0.6125438 0.2006897
27916.752000 2.5801392 -2.4530484 1.3240231 -0.2397310 0.7260596 -0.6119742 0.2021239
27916.852000 2.5802637 -2.4528388 1.3240332 -0.2399083 0.7259936 -0.6119591 0.2021964
27916.953000 2.5802856 -2.4528504 1.3240301 -0.2398647 0.7260084 -0.6119726 0.2021540
27917.052000 2.5798849 -2.4530859 1.3240274 -0.2380012 0.7266303 -0.6124817 0.2005742
27917.152000 2.5801918 -2.4525810 1.3240472 -0.2395738 0.7260415 -0.6121475 0.2018504
27917.253000 2.5802600 -2.4528263 1.3240338 -0.2398410 0.7260336 -0.6119664 0.2021105
27917.352000 2.5798549 -2.4530497 1.3240331 -0.2380239 0.7266173 -0.6124819 0.2005938
27917.452000 2.5801341 -2.4524850 1.3240581 -0.2398233 0.7258953 -0.6121278 0.2021394
27917.552000 2.5802029 -2.4527284 1.3240451 -0.2399103 0.7259445 -0.6120066 0.2022266
27917.652000 2.5797351 -2.4525625 1.3240644 -0.2380262 0.7264773 -0.6126463 0.2005959
27917.752000 2.5802276 -2.4528528 1.3240339 -0.2397177 0.7260407 -0.6120330 0.2020294
27917.852000 2.5801480 -2.4523437 1.3240635 -0.2398895 0.7258835 -0.6121127 0.2021490
27917.952000 2.5798196 -2.4529978 1.3240375 -0.2379835 0.7266077 -0.6125161 0.2005719
27918.052000 2.5801465 -2.4527071 1.3240543 -0.2397845 0.7259733 -0.6120564 0.2021214
27918.152000 2.5806564 -2.4530547 1.3239911 -0.2399756 0.7260124 -0.6119199 0.2021675
27918.252000 2.5803362 -2.4537015 1.3239648 -0.2380833 0.7267219 -0.6123337 0.2005968
27918.352000 2.5806612 -2.4535793 1.3239650 -0.2395010 0.7262278 -0.6119719 0.2017991
27918.452000 2.5805912 -2.4530387 1.3239968 -0.2397669 0.7260333 -0.6120318 0.2020014
27918.552000 2.5803470 -2.4536948 1.3239645 -0.2380826 0.7267119 -0.6123491 0.2005870
27918.653000 2.5807221 -2.4535874 1.3239601 -0.2396805 0.7262409 -0.6118498 0.2019089
27918.752000 2.5807529 -2.4535190 1.3239589 -0.2398783 0.7261831 -0.6117870 0.2020720
27918.852000 2.5807640 -2.4535435 1.3239550 -0.2398114 0.7262068 -0.6118034 0.2020168
27918.952000 2.5802497 -2.4533833 1.3239754 -0.2378196 0.7267742 -0.6124686 0.2003080
27919.052000 2.5806527 -2.4532522 1.3239705 -0.2395865 0.7262208 -0.6119508 0.2017868
27919.152000 2.5806600 -2.4531131 1.3239798 -0.2398697 0.7261180 -0.6118811 0.2020314
27919.252000 2.5802574 -2.4533451 1.3239796 -0.2379934 0.7267118 -0.6124250 0.2004614
27919.352000 2.5805944 -2.4531430 1.3239885 -0.2396519 0.7260999 -0.6120319 0.2018979
27919.452000 2.5807300 -2.4534584 1.3239690 -0.2399212 0.7261104 -0.6118333 0.2021425
27919.553000 2.5803516 -2.4537670 1.3239605 -0.2379948 0.7267664 -0.6123449 0.2005066
27919.652000 2.5806549 -2.4533631 1.3239754 -0.2396218 0.7261843 -0.6119567 0.2018584
27919.752000 2.5806441 -2.4531240 1.3239859 -0.2398179 0.7260837 -0.6119483 0.2020127
27919.852000 2.5802697 -2.4533784 1.3239799 -0.2380052 0.7266920 -0.6124378 0.2004800
27919.952000 2.5807627 -2.4536336 1.3239525 -0.2397251 0.7262487 -0.6118120 0.2019424
27920.052000 2.5802874 -2.4528140 1.3240316 -0.2400096 0.7259940 -0.6118960 0.2022654
27920.152000 2.5799244 -2.4530614 1.3240272 -0.2382213 0.7265874 -0.6123894 0.2007501
27920.252000 2.5801269 -2.4525083 1.3240516 -0.2396828 0.7260010 -0.6121134 0.2019701
27920.352000 2.5801325 -2.4523764 1.3240597 -0.2399146 0.7259122 -0.6120622 0.2021689
27920.452000 2.5799012 -2.4530260 1.3240314 -0.2381702 0.7265894 -0.6124232 0.2007005
27920.552000 2.5802184 -2.4528700 1.3240389 -0.2396752 0.7260719 -0.6120282 0.2019824
27920.652000 2.5806731 -2.4531368 1.3239833 -0.2399547 0.7260498 -0.6118987 0.2021220
27920.752000 2.5806935 -2.4531327 1.3239810 -0.2399321 0.7260527 -0.6119113 0.2021005
27920.852000 2.5804524 -2.4537649 1.3239536 -0.2381981 0.7267273 -0.6122672 0.2006437
27920.953000 2.5806311 -2.4536188 1.3239668 -0.2397062 0.7262038 -0.6118547 0.2019973
27921.052000 2.5801632 -2.4527420 1.3240453 -0.2397581 0.7260216 -0.6120235 0.2020789
27921.152000 2.5801940 -2.4527602 1.3240417 -0.2397362 0.7260304 -0.6120292 0.2020562
27921.252000 2.5798235 -2.4530202 1.3240366 -0.2379106 0.7266384 -0.6125274 0.2005125
27921.352000 2.5802559 -2.4529420 1.3240266 -0.2396102 0.7260972 -0.6120396 0.2019340
27921.452000 2.5802451 -2.4528262 1.3240353 -0.2398020 0.7260257 -0.6119938 0.2021021
27921.552000 2.5799115 -2.4525397 1.3240589 -0.2388878 0.7262171 -0.6123755 0.2013395
27921.652000 2.5789239 -2.4535100 1.3240376 -0.2338970 0.7279216 -0.6136458 0.1971322
27921.752000 2.5801460 -2.4527971 1.3240437 -0.2395423 0.7260814 -0.6120973 0.2018964
27921.852000 2.5802547 -2.4527736 1.3240403 -0.2398933 0.7259670 -0.6119985 0.2021902
27921.952000 2.5801205 -2.4523907 1.3240626 -0.2398677 0.7258713 -0.6121261 0.2021783
27922.052000 2.5798593 -2.4530091 1.3240359 -0.2379934 0.7266043 -0.6125134 0.2005809
27922.152000 2.5802420 -2.4528574 1.3240333 -0.2396615 0.7260913 -0.6120177 0.2019607
27922.252000 2.5801891 -2.4527404 1.3240426 -0.2398327 0.7260222 -0.6119777 0.2021270
27922.353000 2.5798068 -2.4529558 1.3240417 -0.2380847 0.7265844 -0.6124748 0.2006624
27922.452000 2.5787689 -2.4534914 1.3240438 -0.2335159 0.7280316 -0.6137550 0.1968379
27922.552000 2.5786121 -2.4531243 1.3240659 -0.2334218 0.7279598 -0.6138966 0.1967733
27922.652000 2.5787868 -2.4535170 1.3240391 -0.2334129 0.7280701 -0.6137779 0.1967461
27922.752000 2.5788123 -2.4535486 1.3240354 -0.2333964 0.7280868 -0.6137704 0.1967275
27922.852000 2.5786697 -2.4531731 1.3240576 -0.2333715 0.7279973 -0.6138887 0.1967188
27922.952000 2.5786769 -2.4531617 1.3240566 -0.2333543 0.7280043 -0.6138928 0.1967006
27923.052000 2.5788574 -2.4535713 1.3240288 -0.2333465 0.7281223 -0.6137650 0.1966721
27923.152000 2.5788804 -2.4535993 1.3240253 -0.2333305 0.7281404 -0.6137557 0.1966528
27923.252000 2.5788962 -2.4536104 1.3240229 -0.2333141 0.7281544 -0.6137514 0.1966339
27923.352000 2.5789117 -2.4536210 1.3240206 -0.2332978 0.7281684 -0.6137471 0.1966150
27923.452000 2.5789268 -2.4536310 1.3240183 -0.2332815 0.7281824 -0.6137427 0.1965960
27923.552000 2.5787798 -2.4532474 1.3240412 -0.2332566 0.7280932 -0.6138609 0.1965867
27923.653000 2.5789493 -2.4536332 1.3240150 -0.2332484 0.7282061 -0.6137392 0.1965586
27923.752000 2.5789704 -2.4536587 1.3240118 -0.2332323 0.7282243 -0.6137299 0.1965392
27923.852000 2.5788225 -2.4532741 1.3240348 -0.2332074 0.7281349 -0.6138483 0.1965300
27923.952000 2.5789905 -2.4536576 1.3240088 -0.2331989 0.7282471 -0.6137274 0.1965020
27924.053000 2.5790090 -2.4536795 1.3240060 -0.2331824 0.7282641 -0.6137195 0.1964832
27924.153000 2.5790330 -2.4537021 1.3240023 -0.2331677 0.7282835 -0.6137089 0.1964622
27924.252000 2.5790426 -2.4537045 1.3240009 -0.2331505 0.7282950 -0.6137075 0.1964441
27924.352000 2.5790546 -2.4537103 1.3239991 -0.2331337 0.7283079 -0.6137045 0.1964256
27924.452000 2.5789054 -2.4533234 1.3240224 -0.2331085 0.7282178 -0.6138239 0.1964165
27924.552000 2.5790726 -2.4537063 1.3239965 -0.2330999 0.7283297 -0.6137033 0.1963886
27924.652000 2.5789286 -2.4533322 1.3240190 -0.2330751 0.7282429 -0.6138187 0.1963794
27924.752000 2.5789341 -2.4533216 1.3240182 -0.2330578 0.7282516 -0.6138209 0.1963611
27924.852000 2.5791061 -2.4537167 1.3239915 -0.2330493 0.7283666 -0.6136966 0.1963330
27924.953000 2.5789668 -2.4533541 1.3240133 -0.2330245 0.7282827 -0.6138086 0.1963234
27925.052000 2.5791331 -2.4537357 1.3239875 -0.2330157 0.7283941 -0.6136886 0.1962957
27925.152000 2.5789916 -2.4533683 1.3240097 -0.2329909 0.7283089 -0.6138021 0.1962864
27925.252000 2.5789932 -2.4533489 1.3240095 -0.2329732 0.7283151 -0.6138073 0.1962684
27925.353000 2.5791675 -2.4537507 1.3239824 -0.2329647 0.7284317 -0.6136811 0.1962402
27925.452000 2.5791856 -2.4537721 1.3239797 -0.2329480 0.7284484 -0.6136737 0.1962214
27925.552000 2.5791966 -2.4537764 1.3239781 -0.2329309 0.7284606 -0.6136715 0.1962030
27925.652000 2.5790462 -2.4533878 1.3240017 -0.2329053 0.7283697 -0.6137920 0.1961942
27925.752000 2.5792096 -2.4537640 1.3239763 -0.2328963 0.7284793 -0.6136740 0.1961670
27925.852000 2.5790674 -2.4533953 1.3239986 -0.2328709 0.7283936 -0.6137884 0.1961576
27925.952000 2.5790694 -2.4533782 1.3239984 -0.2328532 0.7284000 -0.6137931 0.1961398
27926.052000 2.5790797 -2.4533817 1.3239969 -0.2328360 0.7284117 -0.6137915 0.1961217
27926.152000 2.5792528 -2.4537820 1.3239700 -0.2328270 0.7285277 -0.6136663 0.1960937
27926.252000 2.5792696 -2.4538015 1.3239675 -0.2328100 0.7285436 -0.6136598 0.1960751
27926.352000 2.5792795 -2.4538043 1.3239661 -0.2327926 0.7285551 -0.6136585 0.1960569
27926.452000 2.5792892 -2.4538070 1.3239647 -0.2327751 0.7285665 -0.6136574 0.1960388
27926.552000 2.5791344 -2.4534082 1.3239890 -0.2327490 0.7284726 -0.6137814 0.1960304
27926.652000 2.5793016 -2.4537953 1.3239630 -0.2327397 0.7285848 -0.6136605 0.1960030
27926.752000 2.5793177 -2.4538137 1.3239606 -0.2327225 0.7286003 -0.6136545 0.1959845
27926.852000 2.5791660 -2.4534228 1.3239845 -0.2326966 0.7285084 -0.6137762 0.1959760
27926.952000 2.5793292 -2.4538007 1.3239591 -0.2326870 0.7286181 -0.6136583 0.1959489
27927.052000 2.5791807 -2.4534177 1.3239825 -0.2326611 0.7285282 -0.6137776 0.1959402
27927.152000 2.5793472 -2.4538040 1.3239565 -0.2326516 0.7286400 -0.6136572 0.1959129
27927.252000 2.5793627 -2.4538216 1.3239542 -0.2326342 0.7286551 -0.6136517 0.1958946
27927.352000 2.5792087 -2.4534256 1.3239785 -0.2326082 0.7285616 -0.6137752 0.1958864
27927.452000 2.5793731 -2.4538071 1.3239529 -0.2325984 0.7286721 -0.6136563 0.1958591
27927.552000 2.5793883 -2.4538244 1.3239506 -0.2325809 0.7286871 -0.6136511 0.1958408
27927.652000 2.5792356 -2.4534317 1.3239748 -0.2325547 0.7285945 -0.6137736 0.1958325
27927.752000 2.5793947 -2.4538009 1.3239499 -0.2325446 0.7287016 -0.6136588 0.1958057
27927.852000 2.5792521 -2.4534329 1.3239725 -0.2325189 0.7286154 -0.6137737 0.1957968
27927.953000 2.5794140 -2.4538093 1.3239472 -0.2325090 0.7287244 -0.6136567 0.1957699
27928.052000 2.5794287 -2.4538260 1.3239450 -0.2324913 0.7287390 -0.6136518 0.1957517
27928.152000 2.5792757 -2.4534326 1.3239692 -0.2324650 0.7286461 -0.6137747 0.1957434
27928.252000 2.5794374 -2.4538089 1.3239440 -0.2324550 0.7287550 -0.6136578 0.1957166
27928.352000 2.5792894 -2.4534281 1.3239674 -0.2324290 0.7286652 -0.6137769 0.1957082
27928.452000 2.5792901 -2.4534110 1.3239675 -0.2324106 0.7286709 -0.6137826 0.1956909
27928.553000 2.5794598 -2.4538072 1.3239409 -0.2324007 0.7287850 -0.6136597 0.1956635
27928.652000 2.5794740 -2.4538234 1.3239388 -0.2323831 0.7287992 -0.6136551 0.1956455
27928.752000 2.5793206 -2.4534293 1.3239632 -0.2323565 0.7287061 -0.6137785 0.1956372
27928.852000 2.5794815 -2.4538046 1.3239380 -0.2323462 0.7288145 -0.6136621 0.1956104
27928.952000 2.5793347 -2.4534268 1.3239613 -0.2323200 0.7287255 -0.6137804 0.1956019
27929.052000 2.5794955 -2.4538022 1.3239361 -0.2323098 0.7288339 -0.6136641 0.1955752
27929.152000 2.5795092 -2.4538175 1.3239341 -0.2322919 0.7288479 -0.6136600 0.1955572
27929.252000 2.5795160 -2.4538160 1.3239332 -0.2322736 0.7288575 -0.6136612 0.1955396
27929.353000 2.5795227 -2.4538143 1.3239323 -0.2322553 0.7288670 -0.6136624 0.1955220
27929.452000 2.5795293 -2.4538126 1.3239315 -0.2322369 0.7288765 -0.6136637 0.1955044
27929.552000 2.5795358 -2.4538107 1.3239306 -0.2322186 0.7288859 -0.6136650 0.1954869
27929.652000 2.5795423 -2.4538087 1.3239298 -0.2322002 0.7288952 -0.6136665 0.1954693
27929.752000 2.5795487 -2.4538066 1.3239289 -0.2321818 0.7289046 -0.6136680 0.1954518
27929.852000 2.5793912 -2.4534031 1.3239540 -0.2321548 0.7288086 -0.6137946 0.1954439
27929.952000 2.5795529 -2.4537819 1.3239286 -0.2321446 0.7289177 -0.6136774 0.1954174
27930.052000 2.5795673 -2.4537997 1.3239265 -0.2321264 0.7289322 -0.6136728 0.1953993
27930.153000 2.5795734 -2.4537972 1.3239257 -0.2321079 0.7289413 -0.6136745 0.1953818
27930.252000 2.5794190 -2.4534011 1.3239503 -0.2320810 0.7288473 -0.6137989 0.1953738
27930.352000 2.5795785 -2.4537751 1.3239253 -0.2320704 0.7289551 -0.6136833 0.1953473
27930.453000 2.5795912 -2.4537891 1.3239235 -0.2320522 0.7289685 -0.6136800 0.1953295
27930.552000 2.5795970 -2.4537861 1.3239228 -0.2320336 0.7289774 -0.6136820 0.1953120
27930.652000 2.5794425 -2.4533897 1.3239474 -0.2320067 0.7288832 -0.6138065 0.1953040
27930.752000 2.5796016 -2.4537633 1.3239224 -0.2319960 0.7289908 -0.6136912 0.1952776
27930.852000 2.5796140 -2.4537768 1.3239206 -0.2319777 0.7290040 -0.6136881 0.1952598
27930.952000 2.5794561 -2.4533721 1.3239458 -0.2319506 0.7289076 -0.6138153 0.1952520
27931.052000 2.5794565 -2.4533562 1.3239460 -0.2319316 0.7289131 -0.6138214 0.1952349
27931.152000 2.5794619 -2.4533527 1.3239453 -0.2319129 0.7289218 -0.6138237 0.1952175
27931.252000 2.5794673 -2.4533492 1.3239447 -0.2318941 0.7289305 -0.6138260 0.1952002
27931.352000 2.5796343 -2.4537428 1.3239184 -0.2318837 0.7290432 -0.6137046 0.1951733
27931.452000 2.5794862 -2.4533623 1.3239421 -0.2318570 0.7289531 -0.6138244 0.1951650
27931.552000 2.5796447 -2.4537353 1.3239171 -0.2318461 0.7290604 -0.6137094 0.1951386
27931.652000 2.5794965 -2.4533546 1.3239408 -0.2318194 0.7289702 -0.6138293 0.1951303
27931.752000 2.5794933 -2.4533303 1.3239416 -0.2318003 0.7289733 -0.6138382 0.1951136
27931.852000 2.5794983 -2.4533261 1.3239410 -0.2317813 0.7289818 -0.6138408 0.1950961
27931.952000 2.5796614 -2.4537110 1.3239153 -0.2317705 0.7290921 -0.6137223 0.1950695
27932.052000 2.5796765 -2.4537319 1.3239131 -0.2317522 0.7291070 -0.6137171 0.1950516
27932.152000 2.5796814 -2.4537276 1.3239125 -0.2317333 0.7291154 -0.6137198 0.1950343
27932.252000 2.5796862 -2.4537233 1.3239120 -0.2317143 0.7291237 -0.6137226 0.1950170
27932.352000 2.5795310 -2.4533253 1.3239368 -0.2316871 0.7290290 -0.6138480 0.1950091
27932.452000 2.5796888 -2.4536976 1.3239120 -0.2316760 0.7291359 -0.6137334 0.1949829
27932.552000 2.5795404 -2.4533162 1.3239358 -0.2316492 0.7290455 -0.6138537 0.1949745
27932.652000 2.5796980 -2.4536885 1.3239109 -0.2316380 0.7291524 -0.6137392 0.1949483
27932.752000 2.5797094 -2.4537005 1.3239093 -0.2316194 0.7291649 -0.6137369 0.1949307
27932.852000 2.5795541 -2.4533021 1.3239342 -0.2315921 0.7290700 -0.6138625 0.1949227
27932.952000 2.5797099 -2.4536703 1.3239096 -0.2315810 0.7291757 -0.6137494 0.1948968
27933.052000 2.5797227 -2.4536860 1.3239078 -0.2315622 0.7291893 -0.6137460 0.1948789
27933.152000 2.5797271 -2.4536811 1.3239073 -0.2315431 0.7291973 -0.6137491 0.1948617
27933.253000 2.5795717 -2.4532824 1.3239323 -0.2315157 0.7291023 -0.6138748 0.1948538
27933.352000 2.5797289 -2.4536542 1.3239075 -0.2315045 0.7292090 -0.6137606 0.1948276
27933.452000 2.5795803 -2.4532722 1.3239314 -0.2314775 0.7291183 -0.6138812 0.1948193
27933.552000 2.5795762 -2.4532465 1.3239322 -0.2314579 0.7291209 -0.6138908 0.1948025
27933.652000 2.5797383 -2.4536308 1.3239066 -0.2314468 0.7292308 -0.6137728 0.1947761
27933.752000 2.5797524 -2.4536501 1.3239046 -0.2314282 0.7292452 -0.6137684 0.1947583
27933.852000 2.5797565 -2.4536448 1.3239042 -0.2314091 0.7292530 -0.6137717 0.1947412
27933.952000 2.5797605 -2.4536393 1.3239037 -0.2313899 0.7292608 -0.6137751 0.1947240
27934.052000 2.5797645 -2.4536338 1.3239033 -0.2313705 0.7292687 -0.6137786 0.1947067
27934.152000 2.5797685 -2.4536282 1.3239029 -0.2313512 0.7292765 -0.6137820 0.1946895
27934.252000 2.5797724 -2.4536226 1.3239025 -0.2313320 0.7292843 -0.6137855 0.1946723
27934.352000 2.5797763 -2.4536170 1.3239021 -0.2313127 0.7292921 -0.6137890 0.1946551
27934.452000 2.5797801 -2.4536113 1.3239017 -0.2312934 0.7292999 -0.6137925 0.1946379
27934.552000 2.5796245 -2.4532118 1.3239268 -0.2312659 0.7292045 -0.6139186 0.1946300
27934.652000 2.5797810 -2.4535830 1.3239020 -0.2312544 0.7293109 -0.6138048 0.1946039
27934.752000 2.5797915 -2.4535940 1.3239006 -0.2312356 0.7293229 -0.6138032 0.1945865
27934.852000 2.5797952 -2.4535880 1.3239002 -0.2312160 0.7293306 -0.6138069 0.1945691
27934.952000 2.5796395 -2.4531883 1.3239253 -0.2311885 0.7292352 -0.6139331 0.1945612
27935.053000 2.5796349 -2.4531618 1.3239262 -0.2311688 0.7292374 -0.6139431 0.1945447
27935.152000 2.5797994 -2.4535534 1.3239002 -0.2311575 0.7293491 -0.6138231 0.1945180
27935.252000 2.5798097 -2.4535639 1.3238988 -0.2311384 0.7293611 -0.6138217 0.1945004
27935.352000 2.5796540 -2.4531640 1.3239239 -0.2311108 0.7292656 -0.6139480 0.1944925
27935.452000 2.5798100 -2.4535348 1.3238992 -0.2310992 0.7293718 -0.6138345 0.1944664
27935.552000 2.5798203 -2.4535453 1.3238978 -0.2310801 0.7293837 -0.6138331 0.1944489
27935.652000 2.5798238 -2.4535391 1.3238975 -0.2310606 0.7293912 -0.6138369 0.1944317
27935.752000 2.5796664 -2.4531351 1.3239228 -0.2310331 0.7292946 -0.6139646 0.1944240
27935.852000 2.5798239 -2.4535099 1.3238979 -0.2310213 0.7294018 -0.6138499 0.1943978
27935.952000 2.5798340 -2.4535200 1.3238965 -0.2310021 0.7294136 -0.6138486 0.1943802
27936.052000 2.5798373 -2.4535136 1.3238962 -0.2309826 0.7294211 -0.6138526 0.1943630
27936.152000 2.5798406 -2.4535071 1.3238959 -0.2309630 0.7294285 -0.6138565 0.1943459
27936.252000 2.5796817 -2.4530988 1.3239216 -0.2309352 0.7293308 -0.6139856 0.1943381
27936.352000 2.5798406 -2.4534776 1.3238964 -0.2309236 0.7294390 -0.6138696 0.1943119
27936.452000 2.5796898 -2.4530898 1.3239208 -0.2308963 0.7293465 -0.6139923 0.1943038
27936.552000 2.5798470 -2.4534643 1.3238958 -0.2308844 0.7294537 -0.6138778 0.1942776
27936.652000 2.5798569 -2.4534742 1.3238945 -0.2308651 0.7294654 -0.6138767 0.1942600
27936.752000 2.5798600 -2.4534675 1.3238942 -0.2308455 0.7294727 -0.6138808 0.1942429
27936.852000 2.5797012 -2.4530592 1.3239199 -0.2308176 0.7293750 -0.6140099 0.1942351
27936.952000 2.5796991 -2.4530396 1.3239205 -0.2307977 0.7293789 -0.6140180 0.1942182
27937.052000 2.5798627 -2.4534304 1.3238945 -0.2307862 0.7294902 -0.6138984 0.1941917
27937.152000 2.5798725 -2.4534403 1.3238932 -0.2307669 0.7295019 -0.6138974 0.1941742
