27476.973000 0.0924974 -0.0123620 1.3240551 0.5406542 -0.5405547 0.4557905 -0.4557945
27476.973000 0.0924974 -0.0123620 1.3240551 0.5406542 -0.5405547 0.4557905 -0.4557945
27476.993000 0.0924974 -0.0123620 1.3240551 0.5406542 -0.5405547 0.4557905 -0.4557945
27477.093000 0.0925204 -0.0123544 1.3240526 0.5406718 -0.5405376 0.4557763 -0.4558081
27477.193000 0.0925497 -0.0123487 1.3240496 0.5406916 -0.5405237 0.4557586 -0.4558188
27477.293000 0.0925771 -0.0123431 1.3240468 0.5407123 -0.5405108 0.4557399 -0.4558284
27477.393000 0.0926028 -0.0123374 1.3240441 0.5407336 -0.5404985 0.4557203 -0.4558373
27477.493000 0.0926273 -0.0123318 1.3240414 0.5407554 -0.5404867 0.4557002 -0.4558455
27477.593000 0.0926505 -0.0123261 1.3240389 0.5407775 -0.5404752 0.4556797 -0.4558533
27477.693000 0.0926727 -0.0123205 1.3240364 0.5407999 -0.5404639 0.4556590 -0.4558609
27477.794000 0.0931176 -0.0124065 1.3240084 0.5408794 -0.5405418 0.4555328 -0.4558003
27477.893000 0.0927224 -0.0123111 1.3240312 0.5408459 -0.5404435 0.4556150 -0.4558744
27477.993000 0.0931529 -0.0123951 1.3240042 0.5409235 -0.5405186 0.4554921 -0.4558162
27478.093000 0.0932012 -0.0123922 1.3239996 0.5409517 -0.5405141 0.4554633 -0.4558169
27478.193000 0.0927886 -0.0122941 1.3240236 0.5409159 -0.5404125 0.4555493 -0.4558938
27478.293000 0.0932297 -0.0123798 1.3239959 0.5409954 -0.5404902 0.4554233 -0.4558332
27478.393000 0.0932520 -0.0123751 1.3239935 0.5410186 -0.5404801 0.4554011 -0.4558397
27478.493000 0.0928417 -0.0122770 1.3240173 0.5409836 -0.5403793 0.4554863 -0.4559157
27478.593000 0.0928505 -0.0122695 1.3240157 0.5410050 -0.5403664 0.4554674 -0.4559244
27478.693000 0.0932913 -0.0123552 1.3239880 0.5410846 -0.5404442 0.4553413 -0.4558638
27478.793000 0.0933210 -0.0123523 1.3239851 0.5411087 -0.5404359 0.4553173 -0.4558690
27478.893000 0.0933374 -0.0123465 1.3239831 0.5411313 -0.5404245 0.4552963 -0.4558767
27478.993000 0.0929258 -0.0122487 1.3240071 0.5410960 -0.5403234 0.4553818 -0.4559530
27479.093000 0.0929328 -0.0122411 1.3240057 0.5411170 -0.5403102 0.4553634 -0.4559621
27479.193000 0.0929483 -0.0122354 1.3240038 0.5411392 -0.5402987 0.4553428 -0.4559699
27479.293000 0.0929635 -0.0122297 1.3240019 0.5411613 -0.5402872 0.4553223 -0.4559778
27479.393000 0.0929784 -0.0122240 1.3240001 0.5411833 -0.5402755 0.4553020 -0.4559858
27479.493000 0.0934166 -0.0123095 1.3239725 0.5412624 -0.5403527 0.4551766 -0.4559258
27479.593000 0.0930161 -0.0122145 1.3239959 0.5412283 -0.5402539 0.4552593 -0.4560006
27479.694000 0.0934449 -0.0122980 1.3239689 0.5413060 -0.5403290 0.4551363 -0.4559422
27479.793000 0.0930523 -0.0122050 1.3239919 0.5412730 -0.5402318 0.4552172 -0.4560159
27479.893000 0.0930484 -0.0121956 1.3239912 0.5412923 -0.5402162 0.4552016 -0.4560271
27479.993000 0.0930616 -0.0121899 1.3239896 0.5413138 -0.5402041 0.4551817 -0.4560356
27480.093000 0.0935067 -0.0122770 1.3239616 0.5413935 -0.5402825 0.4550547 -0.4559748
27480.193000 0.0930958 -0.0121803 1.3239858 0.5413579 -0.5401815 0.4551402 -0.4560516
27480.293000 0.0930995 -0.0121728 1.3239847 0.5413780 -0.5401673 0.4551228 -0.4560618
27480.393000 0.0931117 -0.0121671 1.3239831 0.5413993 -0.5401549 0.4551033 -0.4560706
27480.493000 0.0931235 -0.0121614 1.3239815 0.5414205 -0.5401424 0.4550839 -0.4560796
27480.593000 0.0931352 -0.0121557 1.3239800 0.5414416 -0.5401299 0.4550646 -0.4560886
27480.693000 0.0931465 -0.0121500 1.3239785 0.5414627 -0.5401173 0.4550454 -0.4560977
27480.793000 0.0931577 -0.0121443 1.3239770 0.5414837 -0.5401046 0.4550263 -0.4561069
27480.893000 0.0936007 -0.0122311 1.3239492 0.5415629 -0.5401824 0.4549000 -0.4560467
27480.993000 0.0931879 -0.0121347 1.3239736 0.5415266 -0.5400809 0.4549861 -0.4561242
27481.093000 0.0931897 -0.0121272 1.3239727 0.5415463 -0.5400662 0.4549693 -0.4561350
27481.193000 0.0931999 -0.0121215 1.3239713 0.5415670 -0.5400532 0.4549504 -0.4561445
27481.293000 0.0936332 -0.0122063 1.3239441 0.5416447 -0.5401289 0.4548266 -0.4560860
27481.393000 0.0932285 -0.0121120 1.3239681 0.5416095 -0.5400290 0.4549108 -0.4561623
27481.493000 0.0932292 -0.0121044 1.3239673 0.5416288 -0.5400140 0.4548943 -0.4561735
27481.593000 0.0932386 -0.0120987 1.3239660 0.5416493 -0.5400008 0.4548758 -0.4561833
27481.693000 0.0932477 -0.0120930 1.3239647 0.5416697 -0.5399876 0.4548573 -0.4561931
27481.793000 0.0936802 -0.0121777 1.3239376 0.5417472 -0.5400630 0.4547338 -0.4561349
27481.893000 0.0937019 -0.0121748 1.3239355 0.5417693 -0.5400524 0.4547122 -0.4561428
27481.993000 0.0937104 -0.0121690 1.3239343 0.5417895 -0.5400389 0.4546939 -0.4561529
27482.093000 0.0932910 -0.0120720 1.3239592 0.5417521 -0.5399358 0.4547818 -0.4562318
27482.193000 0.0932904 -0.0120644 1.3239585 0.5417710 -0.5399205 0.4547658 -0.4562434
27482.293000 0.0937219 -0.0121490 1.3239315 0.5418483 -0.5399956 0.4546427 -0.4561855
27482.393000 0.0933149 -0.0120549 1.3239557 0.5418124 -0.5398951 0.4547275 -0.4562626
27482.493000 0.0933137 -0.0120473 1.3239551 0.5418312 -0.5398795 0.4547117 -0.4562744
27482.593000 0.0933211 -0.0120416 1.3239540 0.5418511 -0.5398658 0.4546938 -0.4562848
27482.693000 0.0937519 -0.0121261 1.3239270 0.5419281 -0.5399407 0.4545709 -0.4562271
27482.793000 0.0937719 -0.0121231 1.3239251 0.5419497 -0.5399296 0.4545499 -0.4562356
27482.893000 0.0933554 -0.0120273 1.3239499 0.5419123 -0.5398272 0.4546373 -0.4563142
27482.993000 0.0937810 -0.0121107 1.3239233 0.5419887 -0.5399008 0.4545156 -0.4562576
27483.093000 0.0933641 -0.0120149 1.3239481 0.5419513 -0.5397981 0.4546029 -0.4563364
27483.193000 0.0933619 -0.0120073 1.3239476 0.5419698 -0.5397823 0.4545875 -0.4563486
27483.293000 0.0937917 -0.0120917 1.3239207 0.5420465 -0.5398569 0.4544649 -0.4562913
27483.393000 0.0933830 -0.0119978 1.3239451 0.5420101 -0.5397559 0.4545503 -0.4563689
27483.493000 0.0938036 -0.0120802 1.3239188 0.5420856 -0.5398286 0.4544300 -0.4563131
27483.593000 0.0933946 -0.0119864 1.3239432 0.5420492 -0.5397275 0.4545155 -0.4563908
27483.693000 0.0933914 -0.0119788 1.3239428 0.5420674 -0.5397114 0.4545004 -0.4564033
27483.793000 0.0933968 -0.0119731 1.3239419 0.5420868 -0.5396971 0.4544831 -0.4564144
27483.894000 0.0934021 -0.0119674 1.3239410 0.5421062 -0.5396828 0.4544659 -0.4564255
27483.993000 0.0938394 -0.0120533 1.3239136 0.5421838 -0.5397588 0.4543415 -0.4563671
27484.093000 0.0934210 -0.0119578 1.3239387 0.5421459 -0.5396558 0.4544294 -0.4564465
27484.193000 0.0938408 -0.0120400 1.3239124 0.5422211 -0.5397281 0.4543094 -0.4563910
27484.293000 0.0938585 -0.0120371 1.3239108 0.5422421 -0.5397163 0.4542892 -0.4564002
27484.393000 0.0938631 -0.0120313 1.3239099 0.5422613 -0.5397018 0.4542722 -0.4564115
27484.493000 0.0934398 -0.0119350 1.3239353 0.5422227 -0.5395977 0.4543613 -0.4564918
27484.593000 0.0938590 -0.0120171 1.3239091 0.5422977 -0.5396699 0.4542415 -0.4564365
27484.693000 0.0934484 -0.0119236 1.3239337 0.5422608 -0.5395684 0.4543275 -0.4565148
27484.793000 0.0934437 -0.0119160 1.3239334 0.5422786 -0.5395518 0.4543128 -0.4565277
27484.893000 0.0938712 -0.0119999 1.3239067 0.5423548 -0.5396258 0.4541910 -0.4564711
27484.993000 0.0938880 -0.0119969 1.3239052 0.5423755 -0.5396137 0.4541711 -0.4564806
27485.093000 0.0934640 -0.0119007 1.3239306 0.5423367 -0.5395094 0.4542604 -0.4565611
27485.193000 0.0934588 -0.0118932 1.3239304 0.5423543 -0.5394927 0.4542459 -0.4565743
27485.293000 0.0934623 -0.0118875 1.3239297 0.5423732 -0.5394778 0.4542293 -0.4565860
27485.393000 0.0938978 -0.0119730 1.3239025 0.5424503 -0.5395533 0.4541056 -0.4565282
27485.493000 0.0934775 -0.0118779 1.3239278 0.5424120 -0.5394498 0.4541940 -0.4566082
27485.593000 0.0934720 -0.0118703 1.3239276 0.5424295 -0.5394330 0.4541796 -0.4566214
27485.694000 0.0938987 -0.0119540 1.3239010 0.5425054 -0.5395066 0.4540581 -0.4565651
27485.793000 0.0939146 -0.0119511 1.3238995 0.5425257 -0.5394945 0.4540386 -0.4565748
27485.893000 0.0934895 -0.0118551 1.3239250 0.5424868 -0.5393897 0.4541281 -0.4566558
27485.993000 0.0939071 -0.0119368 1.3238990 0.5425614 -0.5394614 0.4540089 -0.4566009
27486.093000 0.0934950 -0.0118437 1.3239238 0.5425240 -0.5393595 0.4540953 -0.4566798
27486.193000 0.0934886 -0.0118361 1.3239237 0.5425414 -0.5393425 0.4540812 -0.4566933
27486.293000 0.0939232 -0.0119214 1.3238966 0.5426183 -0.5394177 0.4539578 -0.4566357
27486.393000 0.0939300 -0.0119166 1.3238957 0.5426374 -0.5394034 0.4539405 -0.4566471
27486.493000 0.0939322 -0.0119109 1.3238951 0.5426559 -0.5393882 0.4539243 -0.4566593
27486.593000 0.0939343 -0.0119052 1.3238945 0.5426744 -0.5393729 0.4539081 -0.4566715
27486.693000 0.0935086 -0.0118095 1.3239201 0.5426351 -0.5392682 0.4539979 -0.4567526
27486.793000 0.0935017 -0.0118020 1.3239201 0.5426521 -0.5392512 0.4539841 -0.4567661
27486.893000 0.0939270 -0.0118852 1.3238936 0.5427279 -0.5393242 0.4538629 -0.4567103
27486.993000 0.0935141 -0.0117924 1.3239184 0.5426902 -0.5392221 0.4539496 -0.4567895
27487.093000 0.0939306 -0.0118738 1.3238925 0.5427646 -0.5392935 0.4538308 -0.4567349
27487.193000 0.0935174 -0.0117810 1.3239174 0.5427269 -0.5391913 0.4539175 -0.4568142
27487.293000 0.0939337 -0.0118624 1.3238914 0.5428012 -0.5392626 0.4537988 -0.4567597
27487.393000 0.0935287 -0.0117713 1.3239158 0.5427646 -0.5391621 0.4538835 -0.4568376
27487.493000 0.0939449 -0.0118527 1.3238898 0.5428389 -0.5392334 0.4537648 -0.4567832
27487.593000 0.0939507 -0.0118480 1.3238891 0.5428575 -0.5392189 0.4537479 -0.4567948
27487.694000 0.0935239 -0.0117524 1.3239148 0.5428181 -0.5391138 0.4538379 -0.4568764
27487.793000 0.0935163 -0.0117449 1.3239149 0.5428351 -0.5390964 0.4538242 -0.4568904
27487.893000 0.0939410 -0.0118280 1.3238884 0.5429105 -0.5391694 0.4537034 -0.4568346
27487.993000 0.0939549 -0.0118250 1.3238871 0.5429304 -0.5391564 0.4536844 -0.4568451
27488.093000 0.0939558 -0.0118193 1.3238867 0.5429485 -0.5391408 0.4536686 -0.4568577
27488.193000 0.0935372 -0.0117258 1.3239119 0.5429099 -0.5390375 0.4537567 -0.4569379
27488.293000 0.0935206 -0.0117164 1.3239125 0.5429256 -0.5390182 0.4537452 -0.4569534
27488.393000 0.0935213 -0.0117107 1.3239121 0.5429437 -0.5390025 0.4537295 -0.4569661
27488.493000 0.0935219 -0.0117051 1.3239117 0.5429617 -0.5389868 0.4537138 -0.4569788
27488.593000 0.0935224 -0.0116994 1.3239112 0.5429797 -0.5389710 0.4536982 -0.4569915
27488.693000 0.0939465 -0.0117823 1.3238848 0.5430550 -0.5390438 0.4535776 -0.4569359
27488.793000 0.0939599 -0.0117792 1.3238836 0.5430747 -0.5390307 0.4535588 -0.4569466
27488.893000 0.0939602 -0.0117735 1.3238832 0.5430927 -0.5390149 0.4535432 -0.4569594
27488.993000 0.0939605 -0.0117678 1.3238828 0.5431106 -0.5389991 0.4535276 -0.4569722
27489.094000 0.0939606 -0.0117621 1.3238824 0.5431285 -0.5389833 0.4535120 -0.4569850
27489.193000 0.0939608 -0.0117564 1.3238820 0.5431464 -0.5389674 0.4534965 -0.4569978
27489.294000 0.0939608 -0.0117507 1.3238816 0.5431643 -0.5389515 0.4534809 -0.4570107
27489.393000 0.0939608 -0.0117449 1.3238812 0.5431822 -0.5389356 0.4534654 -0.4570236
27489.494000 0.0939608 -0.0117392 1.3238809 0.5432001 -0.5389197 0.4534499 -0.4570365
27489.593000 0.0935328 -0.0116443 1.3239068 0.5431601 -0.5388144 0.4535404 -0.4571185
27489.693000 0.0935238 -0.0116368 1.3239069 0.5431767 -0.5387966 0.4535271 -0.4571329
27489.793000 0.0935236 -0.0116311 1.3239066 0.5431945 -0.5387806 0.4535117 -0.4571458
27489.893000 0.0935233 -0.0116255 1.3239062 0.5432121 -0.5387648 0.4534964 -0.4571587
27489.993000 0.0935229 -0.0116197 1.3239059 0.5432301 -0.5387487 0.4534809 -0.4571718
27490.093000 0.0935225 -0.0116141 1.3239056 0.5432478 -0.5387326 0.4534655 -0.4571849
27490.193000 0.0935221 -0.0116084 1.3239052 0.5432656 -0.5387166 0.4534501 -0.4571979
27490.293000 0.0939451 -0.0116908 1.3238789 0.5433405 -0.5387890 0.4533300 -0.4571426
27490.393000 0.0939578 -0.0116879 1.3238778 0.5433599 -0.5387759 0.4533115 -0.4571534
27490.493000 0.0939572 -0.0116821 1.3238774 0.5433777 -0.5387596 0.4532961 -0.4571667
27490.594000 0.0935371 -0.0115892 1.3239029 0.5433387 -0.5386559 0.4533845 -0.4572475
27490.693000 0.0935191 -0.0115800 1.3239036 0.5433541 -0.5386362 0.4533735 -0.4572634
27490.793000 0.0939418 -0.0116622 1.3238773 0.5434290 -0.5387085 0.4532535 -0.4572082
27490.893000 0.0935263 -0.0115704 1.3239025 0.5433906 -0.5386058 0.4533408 -0.4572883
27490.993000 0.0935167 -0.0115629 1.3239028 0.5434070 -0.5385878 0.4533278 -0.4573029
27491.093000 0.0935158 -0.0115573 1.3239025 0.5434246 -0.5385717 0.4533125 -0.4573161
27491.193000 0.0939386 -0.0116395 1.3238762 0.5434995 -0.5386440 0.4531925 -0.4572609
27491.293000 0.0935311 -0.0115495 1.3239008 0.5434622 -0.5385429 0.4532779 -0.4573397
27491.394000 0.0939364 -0.0116280 1.3238756 0.5435347 -0.5386115 0.4531622 -0.4572874
27491.493000 0.0935206 -0.0115364 1.3239008 0.5434962 -0.5385087 0.4532496 -0.4573676
27491.593000 0.0939387 -0.0116176 1.3238748 0.5435703 -0.5385802 0.4531309 -0.4573130
27491.693000 0.0935182 -0.0115250 1.3239003 0.5435312 -0.5384762 0.4532193 -0.4573941
27491.793000 0.0935083 -0.0115175 1.3239006 0.5435476 -0.5384581 0.4532064 -0.4574089
27491.893000 0.0935071 -0.0115119 1.3239003 0.5435651 -0.5384418 0.4531912 -0.4574222
27491.994000 0.0837095 -0.0123296 1.3239850 0.5408556 -0.5405556 0.4555834 -0.4557615
27492.093000 0.0833673 -0.0123569 1.3239817 0.5407724 -0.5406406 0.4556544 -0.4556885
27492.193000 0.0833987 -0.0123511 1.3239786 0.5407910 -0.5406258 0.4556384 -0.4557001
27492.294000 0.0838469 -0.0124361 1.3239500 0.5408673 -0.5407000 0.4555165 -0.4556433
27492.393000 0.0838918 -0.0124342 1.3239461 0.5408905 -0.5406907 0.4554932 -0.4556500
27492.493000 0.0726424 -0.0123759 1.3240632 0.5406205 -0.5405426 0.4558134 -0.4558260
27492.593000 0.0641183 -0.0124613 1.3239639 0.5407880 -0.5407368 0.4555834 -0.4556268
27492.693000 0.0536440 -0.0123674 1.3239847 0.5407512 -0.5406635 0.4556697 -0.4556712
27492.793000 0.0428522 -0.0123655 1.3240588 0.5406392 -0.5405650 0.4558042 -0.4557865
27492.893000 0.0341543 -0.0124539 1.3239592 0.5408126 -0.5407435 0.4555632 -0.4556099
27492.993000 0.0132342 -0.0123771 1.3240639 0.5406056 -0.5405621 0.4558326 -0.4558014
27493.093000 0.0041448 -0.0124559 1.3239603 0.5408065 -0.5407470 0.4555683 -0.4556079
27493.193000 -0.0158441 -0.0124633 1.3239618 0.5407929 -0.5407485 0.4555787 -0.4556119
27493.293000 -0.0273398 -0.0123683 1.3240588 0.5406374 -0.5405683 0.4558045 -0.4557843
27493.393000 -0.0358586 -0.0124550 1.3239598 0.5408096 -0.5407457 0.4555656 -0.4556085
27493.493000 -0.0460259 -0.0124582 1.3239583 0.5408115 -0.5407505 0.4555618 -0.4556044
27493.593000 -0.0660838 -0.0123721 1.3239880 0.5407334 -0.5406587 0.4556859 -0.4556818
27493.694000 -0.0771661 -0.0123682 1.3240615 0.5406260 -0.5405637 0.4558168 -0.4557911
27493.793000 -0.0955061 -0.0124764 1.3239684 -0.5407416 0.5407477 -0.4556205 0.4556319
27493.893000 -0.1060355 -0.0124602 1.3239594 0.5408050 -0.5407536 0.4555672 -0.4556029
27493.993000 -0.1160255 -0.0124573 1.3239578 0.5408137 -0.5407487 0.4555601 -0.4556056
27494.094000 -0.1369175 -0.0124122 1.3240513 0.5406584 -0.5406201 0.4557603 -0.4557422
27494.193000 -0.1462153 -0.0123974 1.3239759 0.5407252 -0.5406639 0.4556588 -0.4557125
27494.293000 -0.1571445 -0.0123783 1.3240618 0.5406159 -0.5405462 0.4558142 -0.4558263
27494.393000 -0.1671869 -0.0123714 1.3240663 0.5406085 -0.5405372 0.4558313 -0.4558288
27494.493000 -0.1762945 -0.0123701 1.3239895 0.5407311 -0.5406487 0.4556882 -0.4556941
27494.594000 -0.1871729 -0.0123700 1.3240640 0.5406252 -0.5405395 0.4558136 -0.4558239
27494.693000 -0.1968247 -0.0124588 1.3240341 0.5406893 -0.5406581 0.4557050 -0.4557158
27494.793000 -0.2159044 -0.0124827 1.3239645 0.5407839 -0.5407482 0.4555830 -0.4556186
27494.893000 -0.2260474 -0.0124617 1.3239605 0.5407996 -0.5407531 0.4555723 -0.4556049
27494.993000 -0.2369150 -0.0124617 1.3240335 0.5406927 -0.5406587 0.4557003 -0.4557157
27495.093000 -0.2471396 -0.0123701 1.3240583 0.5406365 -0.5405721 0.4558042 -0.4557812
27495.193000 -0.2573415 -0.0123660 1.3240590 0.5406356 -0.5405682 0.4558072 -0.4557839
27495.293000 -0.2660384 -0.0124562 1.3239588 0.5408126 -0.5407463 0.4555620 -0.4556078
27495.393000 -0.2871658 -0.0123725 1.3240633 0.5406106 -0.5405620 0.4558308 -0.4557973
27495.494000 -0.2960447 -0.0124575 1.3239595 0.5408087 -0.5407486 0.4555652 -0.4556064
27495.593000 -0.3070089 -0.0124609 1.3240328 0.5406960 -0.5406580 0.4556974 -0.4557156
27495.693000 -0.3267431 -0.0124730 1.3240400 0.5406782 -0.5406618 0.4557119 -0.4557177
27495.793000 -0.3368233 -0.0124625 1.3240343 0.5406897 -0.5406578 0.4557032 -0.4557174
27495.893000 -0.3471409 -0.0123710 1.3240590 0.5406330 -0.5405724 0.4558075 -0.4557818
27495.993000 -0.3660883 -0.0123689 1.3239896 0.5407265 -0.5406541 0.4556952 -0.4556862
27496.093000 -0.3768382 -0.0124602 1.3240359 0.5406828 -0.5406529 0.4557118 -0.4557229
27496.193000 -0.3873453 -0.0123695 1.3240599 0.5406299 -0.5405707 0.4558114 -0.4557835
27496.293000 -0.3968304 -0.0124588 1.3240341 0.5406894 -0.5406581 0.4557048 -0.4557158
27496.393000 -0.4060211 -0.0124568 1.3239576 0.5408172 -0.5407453 0.4555571 -0.4556084
27496.493000 -0.4266439 -0.0124039 1.3240298 0.5406626 -0.5405863 0.4557627 -0.4557750
27496.593000 -0.4371590 -0.0123690 1.3240601 0.5406301 -0.5405698 0.4558116 -0.4557842
27496.693000 -0.4565343 -0.0124667 1.3240381 0.5406754 -0.5406315 0.4557109 -0.4557580
27496.794000 -0.4575183 -0.0123647 1.3240567 0.5406481 -0.5405602 0.4557956 -0.4557902
27496.893000 -0.4574942 -0.0123570 1.3240540 0.5406651 -0.5405423 0.4557822 -0.4558046
27496.993000 -0.4574638 -0.0123513 1.3240510 0.5406845 -0.5405278 0.4557651 -0.4558160
27497.093000 -0.4574356 -0.0123456 1.3240481 0.5407047 -0.5405144 0.4557469 -0.4558260
27497.193000 -0.4574091 -0.0123400 1.3240454 0.5407257 -0.5405018 0.4557277 -0.4558352
27497.293000 -0.4569647 -0.0124252 1.3240173 0.5408036 -0.5405780 0.4556039 -0.4557762
27497.393000 -0.4573428 -0.0123325 1.3240390 0.5407717 -0.5404819 0.4556832 -0.4558489
27497.493000 -0.4573375 -0.0123230 1.3240376 0.5407916 -0.5404668 0.4556669 -0.4558594
27497.593000 -0.4573159 -0.0123174 1.3240351 0.5408140 -0.5404557 0.4556460 -0.4558668
27497.694000 -0.4572954 -0.0123117 1.3240328 0.5408365 -0.5404445 0.4556251 -0.4558743
27497.793000 -0.4572770 -0.0123061 1.3240306 0.5408587 -0.5404331 0.4556045 -0.4558820
27497.893000 -0.4572380 -0.0123004 1.3240265 0.5408859 -0.5404267 0.4555780 -0.4558839
27497.993000 -0.4572279 -0.0122947 1.3240251 0.5409065 -0.5404137 0.4555593 -0.4558935
27498.093000 -0.4572108 -0.0122891 1.3240231 0.5409289 -0.5404024 0.4555386 -0.4559011
27498.193000 -0.4567607 -0.0123767 1.3239947 0.5410097 -0.5404820 0.4554102 -0.4558391
27498.293000 -0.4567385 -0.0123720 1.3239923 0.5410329 -0.5404719 0.4553881 -0.4558456
27498.393000 -0.4571487 -0.0122740 1.3240162 0.5409979 -0.5403711 0.4554732 -0.4559216
27498.493000 -0.4571403 -0.0122664 1.3240146 0.5410192 -0.5403582 0.4554544 -0.4559304
27498.593000 -0.4571233 -0.0122607 1.3240126 0.5410417 -0.5403470 0.4554335 -0.4559378
27498.693000 -0.4571067 -0.0122550 1.3240106 0.5410642 -0.5403358 0.4554126 -0.4559453
27498.794000 -0.4566583 -0.0123425 1.3239824 0.5411448 -0.5404152 0.4552845 -0.4558834
27498.893000 -0.4566379 -0.0123377 1.3239801 0.5411677 -0.5404048 0.4552628 -0.4558904
27498.993000 -0.4566222 -0.0123320 1.3239782 0.5411899 -0.5403933 0.4552422 -0.4558981
27499.093000 -0.4566069 -0.0123263 1.3239763 0.5412120 -0.5403818 0.4552217 -0.4559060
27499.193000 -0.4570196 -0.0122285 1.3240004 0.5411764 -0.5402805 0.4553075 -0.4559826
27499.293000 -0.4570137 -0.0122209 1.3239991 0.5411972 -0.5402670 0.4552893 -0.4559921
27499.393000 -0.4565714 -0.0123073 1.3239713 0.5412766 -0.5403451 0.4551631 -0.4559313
27499.494000 -0.4569764 -0.0122114 1.3239950 0.5412421 -0.5402452 0.4552468 -0.4560070
27499.593000 -0.4565477 -0.0122949 1.3239680 0.5413198 -0.5403203 0.4551238 -0.4559487
27499.693000 -0.4569489 -0.0122000 1.3239915 0.5412856 -0.5402213 0.4552068 -0.4560237
27499.794000 -0.5307014 -0.0123732 1.3240589 0.5406467 -0.5405572 0.4557978 -0.4557931
27499.893000 -0.5321571 -0.0123708 1.3240555 0.5406545 -0.5405515 0.4557914 -0.4557971
27499.993000 -0.5324196 -0.0139606 1.3240616 -0.5359266 0.5452025 -0.4597665 0.4518314
27500.093000 -0.5319671 -0.0140876 1.3240325 -0.5359023 0.5453741 -0.4597278 0.4516925
27500.193000 -0.5322952 -0.0132345 1.3240582 -0.5380636 0.5431047 -0.4579898 0.4536190
27500.293000 -0.5314040 -0.0140884 1.3239896 -0.5360055 0.5453764 -0.4596164 0.4516807
27500.393000 -0.5311839 -0.0141019 1.3239650 -0.5360237 0.5454699 -0.4595841 0.4515791
27500.493000 -0.5314680 -0.0132346 1.3239891 -0.5381895 0.5431733 -0.4578415 0.4535371
27500.593000 -0.5310719 -0.0140739 1.3239642 -0.5361005 0.5453159 -0.4595196 0.4517394
27500.693000 -0.5316320 -0.0139795 1.3239956 -0.5360051 0.5453029 -0.4596551 0.4517304
27500.793000 -0.5314380 -0.0132370 1.3239861 -0.5381672 0.5431999 -0.4578571 0.4535160
27500.893000 -0.5310281 -0.0140380 1.3239545 -0.5361730 0.5453481 -0.4594549 0.4516804
27500.993000 -0.5310962 -0.0140952 1.3239572 -0.5360866 0.5454323 -0.4595155 0.4516196
27501.093000 -0.5309993 -0.0133317 1.3239589 -0.5382812 0.5432293 -0.4577012 0.4535029
27501.193000 -0.5315728 -0.0139560 1.3239961 -0.5360611 0.5451746 -0.4596011 0.4518737
27501.293000 -0.5312395 -0.0140929 1.3239722 -0.5360173 0.5453999 -0.4595997 0.4516553
27501.393000 -0.5314463 -0.0132217 1.3239867 -0.5381541 0.5431962 -0.4578840 0.4535089
27501.494000 -0.5309976 -0.0140844 1.3239545 -0.5360885 0.5453768 -0.4595290 0.4516707
27501.593000 -0.5311145 -0.0141213 1.3239573 -0.5359945 0.5455145 -0.4596013 0.4515423
27501.693000 -0.5310058 -0.0133492 1.3239584 -0.5382322 0.5432816 -0.4577441 0.4534552
27501.793000 -0.5322511 -0.0139466 1.3240543 -0.5359261 0.5451708 -0.4597634 0.4518735
27501.893000 -0.5321163 -0.0140704 1.3240460 -0.5359382 0.5452906 -0.4597083 0.4517705
27501.993000 -0.5319073 -0.0133009 1.3240346 -0.5382287 0.5430857 -0.4577935 0.4536441
27502.093000 -0.5328129 -0.0139120 1.3240972 -0.5358755 0.5451511 -0.4598472 0.4518720
27502.193000 -0.5319742 -0.0140681 1.3240289 -0.5359901 0.5453497 -0.4596481 0.4516989
27502.293000 -0.5318888 -0.0132844 1.3240302 -0.5382820 0.5430811 -0.4577405 0.4536397
27502.393000 -0.5314914 -0.0140765 1.3239946 -0.5360926 0.5453102 -0.4595308 0.4517443
27502.493000 -0.5311543 -0.0141139 1.3239585 -0.5360465 0.5454966 -0.4595414 0.4515632
27502.594000 -0.5314512 -0.0131835 1.3239841 -0.5381904 0.5432148 -0.4578479 0.4534800
27502.693000 -0.5314126 -0.0140914 1.3239900 -0.5360636 0.5453138 -0.4595470 0.4517578
27502.793000 -0.5311781 -0.0141275 1.3239631 -0.5359715 0.5455217 -0.4596151 0.4515469
27502.893000 -0.5310177 -0.0133597 1.3239571 -0.5381826 0.5433558 -0.4577756 0.4533932
27502.993000 -0.5313543 -0.0140589 1.3239844 -0.5361787 0.5452288 -0.4594473 0.4518253
27503.093000 -0.5311375 -0.0141130 1.3239588 -0.5360217 0.5454959 -0.4595714 0.4515629
27503.193000 -0.5314464 -0.0131793 1.3239846 -0.5381208 0.5432626 -0.4579202 0.4534324
27503.294000 -0.5314047 -0.0141067 1.3239902 -0.5360078 0.5453524 -0.4596000 0.4517236
27503.393000 -0.5311700 -0.0141223 1.3239636 -0.5359545 0.5455218 -0.4596396 0.4515421
27503.493000 -0.5314869 -0.0132046 1.3239874 -0.5380284 0.5433353 -0.4580013 0.4533729
27503.593000 -0.5315457 -0.0138994 1.3239910 -0.5360586 0.5452274 -0.4596319 0.4517817
27503.693000 -0.5316510 -0.0139566 1.3239922 -0.5358589 0.5454723 -0.4598007 0.4515513
27503.793000 -0.5310327 -0.0134156 1.3239553 -0.5380026 0.5435452 -0.4579283 0.4532256
27503.893000 -0.5310017 -0.0140964 1.3239483 -0.5361030 0.5454641 -0.4595023 0.4515752
27503.993000 -0.5310905 -0.0141249 1.3239530 -0.5359954 0.5455666 -0.4595904 0.4514894
27504.093000 -0.5310742 -0.0141337 1.3239497 -0.5359421 0.5456207 -0.4596348 0.4514421
27504.193000 -0.5309901 -0.0133726 1.3239524 -0.5381084 0.5434440 -0.4578413 0.4533093
27504.293000 -0.5322070 -0.0140272 1.3240646 -0.5359631 0.5451757 -0.4597214 0.4518664
27504.393000 -0.5324706 -0.0138840 1.3240675 -0.5358518 0.5452595 -0.4598803 0.4517356
27504.493000 -0.5319551 -0.0133569 1.3240391 -0.5379658 0.5433001 -0.4580309 0.4534595
27504.594000 -0.5320017 -0.0139150 1.3240392 -0.5360034 0.5451213 -0.4597041 0.4519020
27504.693000 -0.5324486 -0.0138764 1.3240654 -0.5358702 0.5452202 -0.4598575 0.4517844
27504.793000 -0.5319555 -0.0133371 1.3240399 -0.5380248 0.5432213 -0.4579802 0.4535350
27504.893000 -0.5327828 -0.0138578 1.3241028 -0.5359174 0.5450219 -0.4598343 0.4519912
27504.993000 -0.5325035 -0.0138836 1.3240708 -0.5358067 0.5452617 -0.4599229 0.4517430
27505.093000 -0.5323997 -0.0131369 1.3240692 -0.5379724 0.5431228 -0.4581238 0.4535701
27505.193000 -0.5324705 -0.0138563 1.3240729 -0.5359634 0.5450654 -0.4597677 0.4519519
27505.293000 -0.5321280 -0.0140906 1.3240463 -0.5358292 0.5453724 -0.4598102 0.4516975
27505.393000 -0.5319185 -0.0133546 1.3240351 -0.5380075 0.5432833 -0.4579894 0.4534720
27505.494000 -0.5319242 -0.0139044 1.3240289 -0.5360088 0.5452080 -0.4596991 0.4517959
27505.593000 -0.5319567 -0.0140846 1.3240291 -0.5359096 0.5454129 -0.4597263 0.4516386
27505.693000 -0.5321618 -0.0131547 1.3240453 -0.5379896 0.5432615 -0.4580877 0.4534203
27505.793000 -0.5321721 -0.0140643 1.3240521 -0.5359802 0.5452634 -0.4596674 0.4517951
27505.893000 -0.5322425 -0.0138760 1.3240439 -0.5359037 0.5453486 -0.4598175 0.4516303
27505.993000 -0.5321832 -0.0131088 1.3240493 -0.5380832 0.5431349 -0.4580200 0.4535291
27506.093000 -0.5317932 -0.0140955 1.3240254 -0.5359375 0.5453007 -0.4596968 0.4517710
27506.193000 -0.5323390 -0.0138699 1.3240576 -0.5358480 0.5452810 -0.4598895 0.4517048
27506.293000 -0.5318575 -0.0133303 1.3240322 -0.5380670 0.5432295 -0.4579460 0.4535096
27506.393000 -0.5326099 -0.0138615 1.3240866 -0.5358951 0.5451394 -0.4598451 0.4518650
27506.493000 -0.5323475 -0.0138606 1.3240579 -0.5358731 0.5452853 -0.4598633 0.4516965
27506.593000 -0.5323235 -0.0138678 1.3240547 -0.5358262 0.5453327 -0.4599026 0.4516549
27506.693000 -0.5318604 -0.0133797 1.3240305 -0.5379175 0.5433907 -0.4580660 0.4533727
27506.793000 -0.5318252 -0.0140847 1.3240264 -0.5359864 0.5452701 -0.4596501 0.4517973
27506.893000 -0.5323564 -0.0138753 1.3240581 -0.5358330 0.5453166 -0.4598983 0.4516706
27506.993000 -0.5323373 -0.0138773 1.3240553 -0.5357883 0.5453595 -0.4599378 0.4516317
27507.094000 -0.5321476 -0.0131352 1.3240475 -0.5379681 0.5432371 -0.4581181 0.4534442
27507.193000 -0.5320473 -0.0138660 1.3240384 -0.5359942 0.5451926 -0.4597264 0.4518040
27507.293000 -0.5318853 -0.0140871 1.3240259 -0.5359291 0.5453893 -0.4597064 0.4516642
27507.393000 -0.5318463 -0.0140996 1.3240220 -0.5358883 0.5454343 -0.4597376 0.4516264
27507.493000 -0.5317495 -0.0133713 1.3240220 -0.5379972 0.5433496 -0.4579856 0.4534086
27507.593000 -0.5319634 -0.0138396 1.3240335 -0.5360955 0.5450936 -0.4596389 0.4518923
27507.693000 -0.5319597 -0.0140828 1.3240323 -0.5359297 0.5453695 -0.4597095 0.4516843
27507.793000 -0.5321122 -0.0131282 1.3240452 -0.5380429 0.5432078 -0.4580460 0.4534633
27507.893000 -0.5318683 -0.0138957 1.3240233 -0.5360418 0.5452321 -0.4596618 0.4517656
27507.994000 -0.5318757 -0.0140855 1.3240219 -0.5359699 0.5454078 -0.4596634 0.4516372
27508.093000 -0.5317908 -0.0133285 1.3240246 -0.5381655 0.5432090 -0.4578399 0.4535245
27508.193000 -0.5322842 -0.0138582 1.3240556 -0.5359797 0.5451750 -0.4597424 0.4518262
27508.293000 -0.5320228 -0.0140891 1.3240357 -0.5359238 0.5453756 -0.4597107 0.4516827
27508.393000 -0.5321232 -0.0131412 1.3240466 -0.5379993 0.5432414 -0.4580822 0.4534382
27508.493000 -0.5324020 -0.0138601 1.3240675 -0.5359392 0.5451833 -0.4597876 0.4518182
27508.593000 -0.5321607 -0.0138501 1.3240418 -0.5359327 0.5453051 -0.4597991 0.4516672
27508.693000 -0.5317515 -0.0133383 1.3240249 -0.5380852 0.5432505 -0.4579226 0.4534867
27508.793000 -0.5322089 -0.0138678 1.3240542 -0.5358972 0.5452217 -0.4598318 0.4517766
27508.894000 -0.5322339 -0.0138515 1.3240523 -0.5358485 0.5453088 -0.4598983 0.4516616
27508.993000 -0.5321227 -0.0131007 1.3240519 -0.5380265 0.5431489 -0.4580884 0.4535105
27509.094000 -0.5320334 -0.0137815 1.3240426 -0.5360787 0.5450611 -0.4597235 0.4518655
27509.193000 -0.5322958 -0.0138449 1.3240574 -0.5358597 0.5452724 -0.4598910 0.4516998
27509.293000 -0.5320972 -0.0131255 1.3240470 -0.5379877 0.5432249 -0.4581068 0.4534468
27509.393000 -0.5318664 -0.0138812 1.3240244 -0.5360745 0.5451754 -0.4596306 0.4518270
27509.493000 -0.5318673 -0.0140860 1.3240223 -0.5359853 0.5453654 -0.4596450 0.4516888
27509.593000 -0.5320725 -0.0130979 1.3240436 -0.5380947 0.5431516 -0.4580081 0.4535074
27509.693000 -0.5319923 -0.0140960 1.3240386 -0.5359459 0.5452875 -0.4596875 0.4517864
27509.793000 -0.5322875 -0.0138568 1.3240537 -0.5358415 0.5453357 -0.4598988 0.4516370
27509.893000 -0.5321436 -0.0130871 1.3240520 -0.5380572 0.5431409 -0.4580596 0.4535127
27509.993000 -0.5319812 -0.0141205 1.3240403 -0.5358910 0.5453253 -0.4597318 0.4517607
27510.093000 -0.5322674 -0.0138403 1.3240552 -0.5358808 0.5452816 -0.4598680 0.4516870
27510.193000 -0.5317899 -0.0133397 1.3240300 -0.5380725 0.5432241 -0.4579343 0.4535216
27510.293000 -0.5320122 -0.0138611 1.3240398 -0.5360071 0.5451495 -0.4597127 0.4518547
27510.394000 -0.5318650 -0.0140924 1.3240275 -0.5359306 0.5453451 -0.4597043 0.4517180
27510.493000 -0.5320731 -0.0131061 1.3240494 -0.5380247 0.5431443 -0.4580744 0.4535324
27510.593000 -0.5320695 -0.0138437 1.3240494 -0.5359472 0.5451402 -0.4598215 0.4518263
27510.693000 -0.5320371 -0.0140993 1.3240441 -0.5358553 0.5453280 -0.4597845 0.4517463
27510.793000 -0.5318353 -0.0133843 1.3240332 -0.5379525 0.5433179 -0.4580323 0.4534526
27510.893000 -0.5320585 -0.0138625 1.3240364 -0.5360912 0.5451469 -0.4596505 0.4518213
27510.994000 -0.5319185 -0.0140831 1.3240281 -0.5359567 0.5453517 -0.4596828 0.4517008
27511.093000 -0.5320668 -0.0130894 1.3240450 -0.5380637 0.5431672 -0.4580397 0.4534937
27511.194000 -0.5318733 -0.0140816 1.3240312 -0.5360435 0.5451977 -0.4595930 0.4518752
27511.293000 -0.5322315 -0.0138466 1.3240514 -0.5358884 0.5452937 -0.4598494 0.4516824
27511.393000 -0.5320520 -0.0131204 1.3240449 -0.5379428 0.5432847 -0.4581475 0.4533875
27511.493000 -0.5317707 -0.0140408 1.3240200 -0.5361084 0.5452146 -0.4595683 0.4518029
27511.593000 -0.5321096 -0.0138393 1.3240423 -0.5359097 0.5453185 -0.4598349 0.4516419
27511.693000 -0.5317287 -0.0133503 1.3240220 -0.5380470 0.5433079 -0.4579492 0.4534363
27511.794000 -0.5320689 -0.0140908 1.3240455 -0.5360493 0.5451841 -0.4595771 0.4519009
27511.893000 -0.5321104 -0.0138275 1.3240392 -0.5359681 0.5452858 -0.4597712 0.4516770
27511.993000 -0.5320112 -0.0130620 1.3240411 -0.5381308 0.5431243 -0.4579818 0.4535239
27512.093000 -0.5321292 -0.0138280 1.3240487 -0.5360182 0.5451458 -0.4597241 0.4518344
27512.194000 -0.5319262 -0.0141014 1.3240316 -0.5358942 0.5453904 -0.4597414 0.4516686
27512.293000 -0.5320506 -0.0131141 1.3240453 -0.5379741 0.5432488 -0.4581222 0.4534188
27512.393000 -0.5321873 -0.0140721 1.3240574 -0.5360121 0.5451444 -0.4596375 0.4519314
27512.493000 -0.5322086 -0.0138413 1.3240498 -0.5358755 0.5453081 -0.4598727 0.4516566
27512.593000 -0.5320159 -0.0131228 1.3240419 -0.5379202 0.5433160 -0.4581741 0.4533499
27512.694000 -0.5318121 -0.0138562 1.3240264 -0.5360090 0.5452357 -0.4597563 0.4517040
27512.793000 -0.5318113 -0.0141277 1.3240214 -0.5358353 0.5454906 -0.4597935 0.4515645
27512.893000 -0.5319054 -0.0131252 1.3240335 -0.5379606 0.5433064 -0.4581307 0.4533573
27512.993000 -0.5322242 -0.0138363 1.3240560 -0.5359422 0.5451871 -0.4597908 0.4518069
27513.093000 -0.5320549 -0.0138418 1.3240379 -0.5358948 0.5453290 -0.4598434 0.4516382
27513.193000 -0.5317371 -0.0133618 1.3240246 -0.5380320 0.5432842 -0.4579640 0.4534677
27513.293000 -0.5322963 -0.0138015 1.3240638 -0.5360315 0.5450723 -0.4597252 0.4519062
27513.393000 -0.5321357 -0.0138193 1.3240460 -0.5359290 0.5452664 -0.4598255 0.4516915
27513.493000 -0.5319820 -0.0130620 1.3240422 -0.5381018 0.5431160 -0.4580199 0.4535298
27513.593000 -0.5318463 -0.0141138 1.3240302 -0.5359642 0.5452579 -0.4596640 0.4518244
27513.693000 -0.5318741 -0.0141280 1.3240285 -0.5358405 0.5454190 -0.4597892 0.4516492
27513.793000 -0.5319171 -0.0130849 1.3240369 -0.5380696 0.5431582 -0.4580394 0.4534977
27513.893000 -0.5321318 -0.0137880 1.3240504 -0.5360546 0.5450870 -0.4597214 0.4518649
27513.993000 -0.5320310 -0.0138169 1.3240374 -0.5359454 0.5452643 -0.4598057 0.4516947
27514.093000 -0.5319203 -0.0130860 1.3240375 -0.5380123 0.5432163 -0.4580951 0.4534398
27514.193000 -0.5318918 -0.0139036 1.3240354 -0.5359316 0.5452471 -0.4598196 0.4517176
27514.293000 -0.5318772 -0.0141226 1.3240301 -0.5358292 0.5454314 -0.4598072 0.4516293
27514.394000 -0.5318988 -0.0131120 1.3240343 -0.5379785 0.5432884 -0.4581136 0.4533749
27514.493000 -0.5319517 -0.0141575 1.3240344 -0.5359137 0.5453586 -0.4596810 0.4517453
27514.593000 -0.5317970 -0.0141313 1.3240176 -0.5359120 0.5454504 -0.4596995 0.4516176
27514.693000 -0.5316898 -0.0134040 1.3240179 -0.5379641 0.5434070 -0.4580016 0.4533631
27514.793000 -0.5317185 -0.0140588 1.3240195 -0.5361125 0.5451804 -0.4595717 0.4518357
27514.893000 -0.5318393 -0.0141194 1.3240231 -0.5359897 0.5453310 -0.4596387 0.4517316
27514.993000 -0.5318615 -0.0131437 1.3240308 -0.5381921 0.5431066 -0.4578948 0.4535602
27515.093000 -0.5318959 -0.0138552 1.3240311 -0.5360702 0.5451787 -0.4596945 0.4517631
27515.193000 -0.5318614 -0.0141161 1.3240241 -0.5359764 0.5453533 -0.4596535 0.4517053
27515.293000 -0.5318286 -0.0131512 1.3240287 -0.5381645 0.5431461 -0.4579181 0.4535221
27515.393000 -0.5317709 -0.0139019 1.3240195 -0.5360443 0.5452314 -0.4596581 0.4517672
27515.493000 -0.5314307 -0.0142022 1.3239877 -0.5358836 0.5455394 -0.4596697 0.4515742
27515.593000 -0.5312867 -0.0134488 1.3239855 -0.5380510 0.5433908 -0.4578669 0.4534153
27515.693000 -0.5316407 -0.0141149 1.3240128 -0.5360835 0.5452220 -0.4595413 0.4518510
27515.793000 -0.5314557 -0.0141817 1.3239914 -0.5359268 0.5454681 -0.4596358 0.4516436
27515.894000 -0.5312416 -0.0134145 1.3239815 -0.5381265 0.5433380 -0.4578038 0.4534528
27515.993000 -0.5317008 -0.0141250 1.3240141 -0.5360550 0.5452912 -0.4595619 0.4517802
27516.093000 -0.5316898 -0.0141385 1.3240097 -0.5359110 0.5454774 -0.4597042 0.4515815
27516.194000 -0.5317082 -0.0131682 1.3240186 -0.5379807 0.5433571 -0.4580822 0.4533217
27516.293000 -0.5317776 -0.0139363 1.3240223 -0.5360811 0.5451990 -0.4596367 0.4517844
27516.393000 -0.5317453 -0.0141136 1.3240174 -0.5359370 0.5453757 -0.4596962 0.4516815
27516.493000 -0.5317867 -0.0131296 1.3240264 -0.5380553 0.5432318 -0.4580271 0.4534389
27516.593000 -0.5316893 -0.0141324 1.3240146 -0.5360278 0.5452636 -0.4595839 0.4518235
27516.693000 -0.5314942 -0.0141959 1.3239923 -0.5358799 0.5455074 -0.4596721 0.4516148
27516.793000 -0.5312961 -0.0134318 1.3239854 -0.5380431 0.5433889 -0.4578738 0.4534199
27516.893000 -0.5315917 -0.0141307 1.3240071 -0.5360531 0.5452661 -0.4595655 0.4518091
27516.993000 -0.5315511 -0.0139536 1.3239954 -0.5358778 0.5454857 -0.4597698 0.4515440
27517.093000 -0.5312798 -0.0134315 1.3239835 -0.5380486 0.5434005 -0.4578647 0.4534087
27517.193000 -0.5318126 -0.0138651 1.3240244 -0.5361038 0.5451673 -0.4596399 0.4517925
27517.293000 -0.5317822 -0.0141198 1.3240175 -0.5359746 0.5453709 -0.4596437 0.4516963
27517.393000 -0.5317576 -0.0130906 1.3240246 -0.5381568 0.5431494 -0.4579386 0.4535067
27517.493000 -0.5319374 -0.0138773 1.3240352 -0.5359884 0.5452177 -0.4597406 0.4517662
27517.593000 -0.5319084 -0.0138751 1.3240294 -0.5358897 0.5453612 -0.4598371 0.4516119
27517.693000 -0.5316427 -0.0133800 1.3240178 -0.5380265 0.5433105 -0.4579550 0.4534517
27517.793000 -0.5318169 -0.0141317 1.3240265 -0.5360249 0.5452484 -0.4595964 0.4518325
27517.893000 -0.5318103 -0.0141327 1.3240216 -0.5359301 0.5453908 -0.4596878 0.4516801
27517.993000 -0.5316501 -0.0133491 1.3240177 -0.5381505 0.5432085 -0.4578419 0.4535409
27518.093000 -0.5319566 -0.0138809 1.3240346 -0.5360280 0.5452209 -0.4596906 0.4517662
27518.193000 -0.5319255 -0.0138712 1.3240287 -0.5359393 0.5453547 -0.4597804 0.4516186
27518.293000 -0.5317543 -0.0131107 1.3240258 -0.5380754 0.5432208 -0.4580121 0.4534434
27518.393000 -0.5318840 -0.0138852 1.3240338 -0.5359829 0.5452061 -0.4597432 0.4517840
27518.493000 -0.5317640 -0.0141409 1.3240213 -0.5358656 0.5454107 -0.4597576 0.4516616
27518.593000 -0.5316552 -0.0130913 1.3240174 -0.5381632 0.5431659 -0.4579292 0.4534887
27518.693000 -0.5315614 -0.0141474 1.3240025 -0.5360653 0.5453073 -0.4595316 0.4517794
27518.793000 -0.5315028 -0.0139251 1.3239903 -0.5359846 0.5454349 -0.4596649 0.4515856
27518.893000 -0.5313571 -0.0131370 1.3239894 -0.5381809 0.5432448 -0.4578443 0.4534589
27518.993000 -0.5317734 -0.0138798 1.3240221 -0.5360753 0.5451862 -0.4596354 0.4518080
27519.093000 -0.5316848 -0.0141163 1.3240127 -0.5359713 0.5453659 -0.4596513 0.4516984
27519.193000 -0.5316835 -0.0131005 1.3240212 -0.5381070 0.5431897 -0.4579782 0.4534775
27519.293000 -0.5318417 -0.0141207 1.3240324 -0.5360108 0.5451841 -0.4596237 0.4518991
27519.393000 -0.5319293 -0.0138604 1.3240341 -0.5359332 0.5452758 -0.4597973 0.4517038
27519.493000 -0.5317470 -0.0130688 1.3240277 -0.5381483 0.5431163 -0.4579572 0.4535376
27519.593000 -0.5317253 -0.0141415 1.3240231 -0.5359688 0.5452785 -0.4596512 0.4518071
27519.693000 -0.5316292 -0.0139125 1.3240058 -0.5359354 0.5453890 -0.4597346 0.4516284
27519.794000 -0.5314161 -0.0131120 1.3239950 -0.5382210 0.5431838 -0.4578162 0.4535129
27519.893000 -0.5315702 -0.0141525 1.3240026 -0.5360695 0.5453117 -0.4595217 0.4517791
27519.993000 -0.5314966 -0.0139193 1.3239893 -0.5360349 0.5454011 -0.4596085 0.4516241
27520.093000 -0.5314314 -0.0131342 1.3239958 -0.5381682 0.5432325 -0.4578520 0.4534809
27520.193000 -0.5316062 -0.0139602 1.3240072 -0.5360661 0.5452327 -0.4595959 0.4518031
27520.294000 -0.5318908 -0.0138446 1.3240302 -0.5360011 0.5452441 -0.4597302 0.4517298
27520.393000 -0.5316572 -0.0130507 1.3240183 -0.5382605 0.5430628 -0.4578396 0.4535872
27520.493000 -0.5315869 -0.0141871 1.3240050 -0.5360297 0.5453102 -0.4595290 0.4518209
27520.593000 -0.5314745 -0.0141879 1.3239914 -0.5359692 0.5454414 -0.4595753 0.4516871
27520.693000 -0.5314867 -0.0131240 1.3240014 -0.5381968 0.5431729 -0.4578373 0.4535332
27520.793000 -0.5318327 -0.0141493 1.3240282 -0.5359578 0.5452793 -0.4596595 0.4518107
27520.893000 -0.5318240 -0.0141359 1.3240237 -0.5358847 0.5454000 -0.4597413 0.4516684
27520.993000 -0.5315821 -0.0133292 1.3240113 -0.5382008 0.5431634 -0.4577982 0.4535794
27521.093000 -0.5317404 -0.0138916 1.3240161 -0.5360726 0.5452364 -0.4596315 0.4517547
27521.193000 -0.5317247 -0.0138540 1.3240106 -0.5360354 0.5453217 -0.4596803 0.4516462
27521.293000 -0.5315186 -0.0133284 1.3240055 -0.5382214 0.5431614 -0.4577701 0.4535857
27521.393000 -0.5317362 -0.0141648 1.3240203 -0.5359650 0.5452947 -0.4596416 0.4518017
27521.493000 -0.5317620 -0.0138508 1.3240172 -0.5360195 0.5452748 -0.4597056 0.4516960
27521.593000 -0.5316176 -0.0130393 1.3240155 -0.5382792 0.5430404 -0.4578288 0.4536027
27521.693000 -0.5317129 -0.0141563 1.3240202 -0.5360129 0.5452478 -0.4595874 0.4518567
27521.793000 -0.5315486 -0.0141736 1.3240008 -0.5359727 0.5453768 -0.4595873 0.4517488
27521.893000 -0.5315159 -0.0141304 1.3239982 -0.5359959 0.5453501 -0.4595692 0.4517719
27521.993000 -0.5313716 -0.0133365 1.3239951 -0.5382033 0.5431767 -0.4577383 0.4536210
27522.093000 -0.5317313 -0.0141680 1.3240212 -0.5359488 0.5453117 -0.4596581 0.4517837
27522.194000 -0.5316221 -0.0139164 1.3240051 -0.5359449 0.5453843 -0.4597200 0.4516377
27522.293000 -0.5313930 -0.0133986 1.3239940 -0.5381113 0.5432995 -0.4578155 0.4535051
27522.393000 -0.5316817 -0.0138872 1.3240135 -0.5361238 0.5451910 -0.4595888 0.4517922
27522.493000 -0.5315054 -0.0141751 1.3239917 -0.5359797 0.5454449 -0.4595756 0.4516701
27522.593000 -0.5314150 -0.0133579 1.3239967 -0.5382470 0.5431445 -0.4576975 0.4536487
27522.693000 -0.5317239 -0.0141791 1.3240205 -0.5359953 0.5452358 -0.4595867 0.4518928
27522.793000 -0.5316359 -0.0141680 1.3240087 -0.5359528 0.5453412 -0.4596144 0.4517877
27522.893000 -0.5314457 -0.0133758 1.3239994 -0.5381827 0.5432005 -0.4577521 0.4536029
27522.993000 -0.5316699 -0.0138786 1.3240123 -0.5360905 0.5452486 -0.4596417 0.4517084
27523.093000 -0.5316943 -0.0138443 1.3240085 -0.5360457 0.5453415 -0.4596772 0.4516133
27523.194000 -0.5315465 -0.0130320 1.3240079 -0.5382847 0.5430981 -0.4578243 0.4535316
27523.293000 -0.5317270 -0.0138657 1.3240203 -0.5361122 0.5451530 -0.4596079 0.4518323
27523.393000 -0.5315947 -0.0138924 1.3240036 -0.5359933 0.5453491 -0.4596789 0.4516645
27523.493000 -0.5315079 -0.0131089 1.3240049 -0.5381550 0.5431932 -0.4578844 0.4535110
27523.593000 -0.5318151 -0.0141337 1.3240298 -0.5359950 0.5452174 -0.4596346 0.4518665
27523.693000 -0.5316904 -0.0141685 1.3240115 -0.5359328 0.5453730 -0.4596364 0.4517508
27523.793000 -0.5315022 -0.0133749 1.3240047 -0.5381427 0.5432139 -0.4577956 0.4535905
27523.893000 -0.5317098 -0.0139453 1.3240159 -0.5359561 0.5453296 -0.4597112 0.4516995
27523.993000 -0.5316088 -0.0141775 1.3240037 -0.5359106 0.5454426 -0.4596485 0.4516807
27524.093000 -0.5314429 -0.0133799 1.3239981 -0.5381601 0.5432417 -0.4577642 0.4535682
27524.193000 -0.5317059 -0.0141526 1.3240177 -0.5360420 0.5452552 -0.4595610 0.4518401
27524.293000 -0.5315933 -0.0141807 1.3240003 -0.5359754 0.5454125 -0.4595689 0.4517212
27524.393000 -0.5314713 -0.0131168 1.3240003 -0.5381829 0.5432058 -0.4578404 0.4535071
27524.493000 -0.5317450 -0.0141703 1.3240225 -0.5359511 0.5453132 -0.4596527 0.4517847
27524.593000 -0.5316107 -0.0141876 1.3240054 -0.5358911 0.5454509 -0.4596639 0.4516782
27524.694000 -0.5315191 -0.0130924 1.3240051 -0.5382274 0.5431363 -0.4578109 0.4535674
27524.793000 -0.5317651 -0.0141326 1.3240201 -0.5361354 0.5451475 -0.4594606 0.4519612
27524.893000 -0.5316916 -0.0141618 1.3240091 -0.5359862 0.5453561 -0.4595728 0.4517725
27524.993000 -0.5315352 -0.0131338 1.3240049 -0.5381160 0.5432589 -0.4579009 0.4534619
27525.093000 -0.5315497 -0.0142291 1.3240019 -0.5359741 0.5453602 -0.4595608 0.4517941
27525.193000 -0.5316330 -0.0141780 1.3240055 -0.5359166 0.5454492 -0.4596439 0.4516704
27525.293000 -0.5314988 -0.0133612 1.3240040 -0.5381785 0.5432035 -0.4577580 0.4535983
27525.394000 -0.5317505 -0.0141537 1.3240207 -0.5360917 0.5451858 -0.4594993 0.4519275
27525.493000 -0.5316794 -0.0138985 1.3240095 -0.5359920 0.5453439 -0.4596690 0.4516824
27525.593000 -0.5315208 -0.0130823 1.3240050 -0.5382302 0.5431372 -0.4578116 0.4535623
27525.694000 -0.5317239 -0.0141510 1.3240171 -0.5360585 0.5452284 -0.4595368 0.4518774
27525.793000 -0.5316505 -0.0139084 1.3240058 -0.5359551 0.5453907 -0.4597053 0.4516328
27525.893000 -0.5314822 -0.0133576 1.3240013 -0.5381769 0.5432163 -0.4577594 0.4535835
27525.994000 -0.5316828 -0.0142015 1.3240126 -0.5359809 0.5453460 -0.4595850 0.4517786
27526.093000 -0.5316243 -0.0141855 1.3240034 -0.5359218 0.5454572 -0.4596275 0.4516711
27526.193000 -0.5314418 -0.0134132 1.3239982 -0.5380472 0.5433594 -0.4578601 0.4534644
27526.293000 -0.5314543 -0.0139119 1.3239922 -0.5361467 0.5452349 -0.4595309 0.4517709
27526.393000 -0.5315402 -0.0139038 1.3239988 -0.5360102 0.5453660 -0.4596482 0.4516552
27526.494000 -0.5314493 -0.0133841 1.3239991 -0.5381306 0.5432756 -0.4577903 0.4535363
27526.593000 -0.5317946 -0.0141626 1.3240233 -0.5360305 0.5452678 -0.4595689 0.4518304
27526.693000 -0.5316732 -0.0141736 1.3240074 -0.5359682 0.5454060 -0.4595853 0.4517209
27526.793000 -0.5314692 -0.0133716 1.3239988 -0.5381953 0.5432290 -0.4577284 0.4535778
27526.893000 -0.5316782 -0.0141718 1.3240117 -0.5360398 0.5453044 -0.4595494 0.4517951
27526.993000 -0.5315636 -0.0141831 1.3239964 -0.5359766 0.5454404 -0.4595669 0.4516881
27527.093000 -0.5314488 -0.0131055 1.3239961 -0.5382564 0.5431813 -0.4577695 0.4535209
27527.193000 -0.5318000 -0.0141640 1.3240224 -0.5360020 0.5453090 -0.4595996 0.4517833
27527.294000 -0.5316622 -0.0139187 1.3240049 -0.5359859 0.5454057 -0.4596665 0.4516177
27527.393000 -0.5333592 -0.0140610 1.3241940 -0.5351465 0.5444039 -0.4606172 0.4528513
27527.493000 -0.5418731 -0.0137019 1.3250353 -0.5311389 0.5392197 -0.4655775 0.4586624
27527.593000 -0.5544625 -0.0132517 1.3259637 -0.5251140 0.5314998 -0.4727857 0.4671584
27527.693000 -0.5652385 -0.0129216 1.3264606 -0.5198530 0.5248173 -0.4788472 0.4743681
27527.793000 -0.5741647 -0.0124215 1.3266632 -0.5154557 0.5191741 -0.4838598 0.4802535
27527.893000 -0.5854342 -0.0124457 1.3266549 -0.5097238 0.5121212 -0.4899535 0.4877080
27527.993000 -0.5968452 -0.0122777 1.3263409 -0.5038558 0.5048439 -0.4960689 0.4951541
27528.093000 -0.6035303 -0.0121861 1.3260140 -0.5003591 0.5005416 -0.4996115 0.4994869
27528.193000 -0.6028857 -0.1165522 1.3259885 -0.5062418 0.4936391 -0.4937491 0.5062129
27528.293000 -0.6028323 -0.1199661 1.3259827 -0.5063653 0.4934609 -0.4935231 0.5064835
27528.393000 -0.5984948 -0.2239115 1.3259862 -0.5126795 0.4869169 -0.4870585 0.5126848
27528.493000 -0.5983421 -0.2270464 1.3259795 -0.5128579 0.4866903 -0.4868716 0.5128990
27528.593000 -0.5912175 -0.3323988 1.3259891 -0.5190084 0.4801229 -0.4802028 0.5191508
27528.693000 -0.5910485 -0.3345226 1.3259825 -0.5191231 0.4799614 -0.4800738 0.5193048
27528.794000 -0.5811249 -0.4380984 1.3259912 -0.5253084 0.4732875 -0.4734084 0.5252947
27528.894000 -0.5808026 -0.4414865 1.3259856 -0.5254288 0.4731029 -0.4731676 0.5255574
27528.993000 -0.5680731 -0.5460676 1.3259879 -0.5314917 0.4663954 -0.4663572 0.5315100
27529.093000 -0.5678086 -0.5478908 1.3259800 -0.5316533 0.4661819 -0.4662743 0.5316085
27529.193000 -0.5524155 -0.6523491 1.3259875 -0.5375390 0.4593358 -0.4593643 0.5376307
27529.293000 -0.5520984 -0.6541927 1.3259796 -0.5376966 0.4591187 -0.4592788 0.5377316
27529.393000 -0.5341987 -0.7569155 1.3259826 -0.5434823 0.4523230 -0.4524303 0.5434498
27529.493000 -0.5336016 -0.7603044 1.3259771 -0.5435972 0.4521327 -0.4521764 0.5437045
27529.593000 -0.5130531 -0.8622439 1.3259880 -0.5493428 0.4451612 -0.4452861 0.5493398
27529.693000 -0.5123570 -0.8656456 1.3259825 -0.5494586 0.4449693 -0.4450266 0.5495897
27529.793000 -0.4890083 -0.9670419 1.3259878 -0.5551701 0.4379699 -0.4380201 0.5550738
27529.893000 -0.4882406 -0.9703639 1.3259823 -0.5552765 0.4377803 -0.4377649 0.5553182
27529.993000 -0.4625614 -1.0704063 1.3259848 -0.5606837 0.4307718 -0.4307993 0.5607865
27530.093000 -0.4615396 -1.0741862 1.3259769 -0.5609354 0.4304112 -0.4305739 0.5609846
27530.193000 -0.4332317 -1.1737275 1.3259865 -0.5662604 0.4233592 -0.4234294 0.5664130
27530.293000 -0.4320444 -1.1777893 1.3259800 -0.5664594 0.4230477 -0.4231456 0.5666588
27530.393000 -0.4009247 -1.2769979 1.3259861 -0.5718875 0.4157592 -0.4159134 0.5719310
27530.493000 -0.3999337 -1.2800561 1.3259793 -0.5720337 0.4155115 -0.4157014 0.5721189
27530.593000 -0.3661075 -1.3787167 1.3259904 -0.5772916 0.4082493 -0.4083885 0.5773090
27530.693000 -0.3649914 -1.3819543 1.3259851 -0.5773822 0.4080604 -0.4081245 0.5775387
27530.793000 -0.3287022 -1.4794651 1.3259850 -0.5825144 0.4007531 -0.4008942 0.5825442
27530.893000 -0.3275006 -1.4826597 1.3259797 -0.5826059 0.4005629 -0.4006299 0.5827653
27530.993000 -0.2887580 -1.5791530 1.3259896 -0.5877013 0.3930232 -0.3932157 0.5878106
27531.094000 -0.2875229 -1.5821262 1.3259827 -0.5878358 0.3927746 -0.3930000 0.5879865
27531.193000 -0.2460907 -1.6778056 1.3259898 -0.5927796 0.3853581 -0.3855310 0.5928552
27531.293000 -0.2447017 -1.6809767 1.3259845 -0.5928636 0.3851693 -0.3852587 0.5930709
27531.393000 -0.2002041 -1.7764555 1.3259890 -0.5978661 0.3774994 -0.3775029 0.5979481
27531.493000 -0.1992778 -1.7783665 1.3259823 -0.5979387 0.3773325 -0.3773655 0.5980675
27531.593000 -0.1534869 -1.8708311 1.3259862 -0.6026502 0.3698231 -0.3698205 0.6027242
27531.693000 -0.1515510 -1.8746431 1.3259796 -0.6028178 0.3695002 -0.3695247 0.6029360
27531.793000 -0.1032366 -1.9659134 1.3259937 -0.6073933 0.3618979 -0.3619375 0.6075397
27531.893000 -0.1013448 -1.9693584 1.3259857 -0.6075924 0.3615235 -0.3617047 0.6077022
27531.993000 -0.0495582 -2.0613491 1.3259884 -0.6121843 0.3537807 -0.3537971 0.6122886
27532.093000 -0.0485762 -2.0629685 1.3259804 -0.6122892 0.3535597 -0.3537149 0.6123588
27532.193000 0.0050710 -2.1523418 1.3259859 -0.6168198 0.3456785 -0.3457966 0.6168179
27532.293000 0.0067491 -2.1550732 1.3259794 -0.6169261 0.3454343 -0.3455785 0.6169707
27532.393000 0.0625993 -2.2431031 1.3259868 -0.6212446 0.3376082 -0.3377509 0.6212892
27532.493000 0.0643488 -2.2457911 1.3259802 -0.6213474 0.3373627 -0.3375310 0.6214392
27532.593000 0.1224876 -2.3323194 1.3259905 -0.6256632 0.3294047 -0.3295219 0.6256624
27532.693000 0.1244350 -2.3351904 1.3259850 -0.6257241 0.3292147 -0.3292409 0.6258494
27532.793000 0.1842415 -2.4192784 1.3259846 -0.6298222 0.3214185 -0.3213911 0.6298587
27532.893000 0.1867501 -2.4227509 1.3259782 -0.6299562 0.3210820 -0.3210850 0.6300523
27532.993000 0.2486695 -2.5053790 1.3259922 -0.6339700 0.3131108 -0.3131014 0.6340435
27533.093000 0.2512203 -2.5087160 1.3259854 -0.6341042 0.3127799 -0.3127936 0.6342246
27533.193000 0.3171454 -2.5918384 1.3259835 -0.6381615 0.3044279 -0.3045653 0.6382112
27533.293000 0.3179969 -2.5928954 1.3259782 -0.6381405 0.3043948 -0.3044338 0.6383107
27533.393000 0.3848055 -2.6726324 1.3259892 -0.6420013 0.2963114 -0.2964221 0.6420029
27533.493000 0.3868628 -2.6750445 1.3259825 -0.6420919 0.2960497 -0.2961873 0.6421415
27533.593000 0.4552921 -2.7526547 1.3259897 -0.6457798 0.2879464 -0.2879461 0.6458656
27533.693000 0.4581275 -2.7558262 1.3259830 -0.6459016 0.2876040 -0.2876213 0.6460411
27533.793000 0.4581376 -2.7557996 1.3259778 -0.6458812 0.2875965 -0.2876314 0.6460603
27533.893000 0.5284174 -2.8313480 1.3259888 -0.6494940 0.2795594 -0.2795240 0.6495155
27533.994000 0.5311923 -2.8342610 1.3259808 -0.6496487 0.2791470 -0.2792574 0.6496529
27534.093000 0.6033957 -2.9079955 1.3259867 -0.6531910 0.2709296 -0.2709925 0.6530710
27534.193000 0.6063853 -2.9110077 1.3259799 -0.6533055 0.2705797 -0.2706643 0.6532376
27534.294000 0.6806624 -2.9830344 1.3259836 -0.6566295 0.2623206 -0.2623013 0.6566762
27534.393000 0.6837370 -2.9859754 1.3259770 -0.6567404 0.2619713 -0.2619664 0.6568384
27534.493000 0.7617700 -3.0578917 1.3259852 -0.6600664 0.2534614 -0.2535926 0.6601215
27534.593000 0.7627602 -3.0587898 1.3259799 -0.6600457 0.2534255 -0.2534483 0.6602115
27534.693000 0.8420487 -3.1277166 1.3259837 -0.6633072 0.2449157 -0.2450302 0.6633250
27534.793000 0.8436729 -3.1290966 1.3259771 -0.6633481 0.2447287 -0.2448642 0.6634144
27534.893000 0.9233761 -3.1950780 1.3259890 -0.6663639 0.2364068 -0.2364072 0.6664702
27534.993000 0.9266720 -3.1977690 1.3259824 -0.6664609 0.2360513 -0.2360645 0.6666207
27535.093000 1.0094912 -3.2627556 1.3259875 -0.6694861 0.2274488 -0.2274352 0.6695735
27535.194000 1.0110333 -3.2638974 1.3259795 -0.6695529 0.2271917 -0.2273239 0.6696318
27535.293000 1.0957581 -3.3268586 1.3259884 -0.6723829 0.2186970 -0.2186927 0.6724927
27535.393000 1.0975165 -3.3281251 1.3259817 -0.6724190 0.2185062 -0.2185144 0.6725765
27535.493000 1.1803817 -3.3863333 1.3259874 -0.6751140 0.2101918 -0.2101698 0.6751809
27535.593000 1.1854659 -3.3898676 1.3259807 -0.6752493 0.2096679 -0.2096614 0.6753665
27535.693000 1.1854725 -3.3898434 1.3259755 -0.6752311 0.2096546 -0.2096608 0.6753890
27535.793000 1.2723326 -3.4475585 1.3259895 -0.6777987 0.2011594 -0.2011700 0.6779782
27535.894000 1.2750006 -3.4492982 1.3259828 -0.6778525 0.2008823 -0.2009083 0.6780842
27535.993000 1.3642170 -3.5052514 1.3259897 -0.6804878 0.1921118 -0.1920837 0.6805389
27536.093000 1.3660490 -3.5063638 1.3259829 -0.6805149 0.1919214 -0.1919072 0.6806154
27536.193000 1.4567131 -3.5599537 1.3259864 -0.6829146 0.1832624 -0.1832384 0.6829834
27536.293000 1.4585718 -3.5610223 1.3259799 -0.6829393 0.1830724 -0.1830616 0.6830570
27536.393000 1.5505677 -3.6122756 1.3259877 -0.6852333 0.1742147 -0.1742114 0.6853867
27536.493000 1.5522349 -3.6131466 1.3259796 -0.6852799 0.1739591 -0.1741008 0.6854332
27536.593000 1.6457976 -3.6620094 1.3259898 -0.6874750 0.1653211 -0.1652997 0.6875486
27536.693000 1.6477315 -3.6629938 1.3259831 -0.6874948 0.1651316 -0.1651190 0.6876177
27536.793000 1.7411775 -3.7086500 1.3259869 -0.6896314 0.1562860 -0.1563778 0.6895863
27536.893000 1.7440363 -3.7100309 1.3259803 -0.6896669 0.1560070 -0.1561150 0.6896735
27536.993000 1.8407774 -3.7542454 1.3259827 -0.6916291 0.1470788 -0.1471853 0.6916311
27537.093000 1.8420003 -3.7548118 1.3259772 -0.6916039 0.1470458 -0.1470280 0.6916967
27537.193000 1.9367303 -3.7951366 1.3259859 -0.6934260 0.1382879 -0.1383941 0.6934579
27537.293000 1.9408631 -3.7969064 1.3259805 -0.6934521 0.1379862 -0.1379721 0.6935760
27537.393000 2.0375750 -3.8352013 1.3259872 -0.6952048 0.1291196 -0.1292221 0.6952122
27537.493000 2.0407628 -3.8364725 1.3259818 -0.6952105 0.1289089 -0.1288883 0.6953076
27537.594000 2.1396496 -3.8727434 1.3259871 -0.6967791 0.1199915 -0.1199754 0.6969267
27537.694000 2.1416538 -3.8734614 1.3259804 -0.6967873 0.1198036 -0.1197955 0.6969817
27537.793000 2.2395976 -3.9061690 1.3259894 -0.6983319 0.1110038 -0.1109657 0.6983533
27537.894000 2.2435743 -3.9074966 1.3259827 -0.6983617 0.1106405 -0.1106110 0.6984374
27537.993000 2.3442430 -3.9384579 1.3259850 -0.6997539 0.1016392 -0.1016015 0.6997793
27538.093000 2.3462765 -3.9390742 1.3259783 -0.6997537 0.1014522 -0.1014223 0.6998327
27538.193000 2.4476776 -3.9673946 1.3259828 -0.7010193 0.0924428 -0.0924072 0.7010615
27538.293000 2.4495194 -3.9678786 1.3259749 -0.7010327 0.0921846 -0.0922932 0.7010971
27538.393000 2.5506373 -3.9932667 1.3259876 -0.7021514 0.0834215 -0.0835283 0.7021733
27538.494000 2.5539914 -3.9941217 1.3259823 -0.7021426 0.0832140 -0.0831881 0.7022471
27538.593000 2.6547825 -4.0166062 1.3259839 -0.7031823 0.0742755 -0.0742375 0.7032117
27538.693000 2.6586174 -4.0174320 1.3259759 -0.7032063 0.0738452 -0.0739507 0.7032631
27538.793000 2.7601453 -4.0374300 1.3259879 -0.7040643 0.0650946 -0.0650668 0.7041467
27538.893000 2.7640506 -4.0381609 1.3259800 -0.7040851 0.0646634 -0.0647727 0.7041926
27538.993000 2.8681601 -4.0556728 1.3259854 -0.7048954 0.0556958 -0.0556602 0.7049272
27539.093000 2.8702730 -4.0560238 1.3259792 -0.7048766 0.0555100 -0.0554768 0.7049751
27539.193000 2.9753503 -4.0709860 1.3259905 -0.7055239 0.0462897 -0.0464000 0.7056489
27539.294000 2.9766418 -4.0711737 1.3259850 -0.7054950 0.0462638 -0.0462412 0.7056898
27539.393000 3.0791619 -4.0830331 1.3259936 -0.7060565 0.0373926 -0.0373582 0.7061801
27539.493000 3.0833980 -4.0834959 1.3259866 -0.7060541 0.0370217 -0.0369895 0.7062215
27539.593000 3.1870346 -4.0926070 1.3259859 -0.7065278 0.0279682 -0.0280691 0.7065751
27539.694000 3.1904296 -4.0929171 1.3259806 -0.7065037 0.0277597 -0.0277264 0.7066210
27539.793000 3.2955804 -4.0994836 1.3259853 -0.7068611 0.0186990 -0.0186581 0.7068590
27539.893000 3.2974198 -4.0995636 1.3259773 -0.7068470 0.0184409 -0.0185438 0.7068828
27539.993000 3.4016867 -4.1032901 1.3259877 -0.7070636 0.0095394 -0.0096420 0.7070198
27540.093000 3.4048043 -4.1033890 1.3259809 -0.7070395 0.0092659 -0.0093694 0.7070513
27540.193000 3.5082937 -4.1045968 1.3259870 -0.7070542 0.0004569 -0.0004218 0.7071591
27540.293000 3.5125189 -4.1046232 1.3259805 -0.7070275 0.0000923 -0.0000514 0.7071860
27540.393000 3.6165461 -4.1029323 1.3259901 -0.7070096 -0.0089996 0.0089017 0.7070907
27540.493000 3.6196864 -4.1028621 1.3259834 -0.7069795 -0.0092778 0.0091762 0.7071137
27540.593000 3.7239301 -4.0984727 1.3259900 -0.7068219 -0.0183029 0.0182021 0.7069204
27540.694000 3.7273038 -4.0983297 1.3259846 -0.7067837 -0.0185074 0.0185467 0.7069443
27540.793000 3.8323707 -4.0910187 1.3259881 -0.7066147 -0.0274888 0.0275263 0.7065284
27540.893000 3.8342447 -4.0908484 1.3259801 -0.7065834 -0.0277517 0.0276482 0.7065446
27540.993000 3.9394214 -4.0810957 1.3259914 -0.7060931 -0.0368010 0.0368447 0.7062015
27541.093000 3.9414971 -4.0808591 1.3259844 -0.7060626 -0.0369870 0.0370358 0.7062124
27541.193000 4.0447865 -4.0683267 1.3259892 -0.7055809 -0.0460024 0.0459071 0.7056429
27541.293000 4.0481643 -4.0678931 1.3259834 -0.7055421 -0.0462143 0.0462591 0.7056448
27541.393000 4.1523660 -4.0522994 1.3259880 -0.7049874 -0.0551642 0.0551994 0.7049132
27541.493000 4.1541781 -4.0519850 1.3259800 -0.7049457 -0.0554279 0.0553239 0.7049245
27541.593000 4.1541288 -4.0519714 1.3259749 -0.7049241 -0.0554368 0.0553346 0.7049446
27541.693000 4.2558698 -4.0344711 1.3259871 -0.7040957 -0.0643610 0.0642717 0.7042557
27541.793000 4.2600581 -4.0336936 1.3259800 -0.7040408 -0.0647376 0.0646521 0.7042412
27541.893000 4.3635815 -4.0126819 1.3259871 -0.7032241 -0.0737362 0.0737798 0.7032748
27541.993000 4.3653663 -4.0122720 1.3259792 -0.7031757 -0.0739953 0.0739067 0.7032826
27542.093000 4.4670118 -3.9890438 1.3259888 -0.7022171 -0.0828389 0.0827408 0.7022698
27542.194000 4.4703736 -3.9882621 1.3259834 -0.7021593 -0.0830505 0.0831007 0.7022601
27542.293000 4.5724064 -3.9620443 1.3259886 -0.7010288 -0.0920806 0.0921359 0.7011353
27542.393000 4.5744447 -3.9614880 1.3259820 -0.7009773 -0.0922704 0.0923326 0.7011360
27542.493000 4.6744758 -3.9328896 1.3259861 -0.6998333 -0.1011979 0.1010980 0.6998368
27542.593000 4.6777570 -3.9319425 1.3259807 -0.6997706 -0.1014063 0.1014516 0.6998182
27542.693000 4.7782496 -3.9003483 1.3259900 -0.6984318 -0.1104719 0.1105100 0.6984100
27542.794000 4.7802593 -3.8996850 1.3259833 -0.6983738 -0.1106586 0.1107055 0.6984074
27542.893000 4.8799503 -3.8656288 1.3259892 -0.6969341 -0.1194369 0.1194815 0.6969518
27542.993000 4.8819429 -3.8649106 1.3259825 -0.6968745 -0.1196218 0.1196758 0.6969464
27543.093000 4.9794042 -3.8285493 1.3259844 -0.6953697 -0.1286196 0.1285006 0.6952737
27543.193000 4.9826053 -3.8273441 1.3259790 -0.6952984 -0.1288225 0.1288509 0.6952427
27543.293000 5.0803714 -3.7881208 1.3259915 -0.6935407 -0.1377195 0.1377693 0.6935807
27543.393000 5.0823261 -3.7872963 1.3259847 -0.6934769 -0.1379007 0.1379611 0.6935704
27543.493000 5.0822879 -3.7872790 1.3259796 -0.6934550 -0.1379016 0.1379704 0.6935903
27543.593000 5.1778092 -3.7460114 1.3259885 -0.6917027 -0.1467426 0.1466492 0.6917427
27543.693000 5.1806900 -3.7447155 1.3259820 -0.6916167 -0.1470110 0.1469251 0.6917132
27543.793000 5.2752290 -3.7007607 1.3259868 -0.6897346 -0.1558018 0.1556977 0.6897464
27543.893000 5.2783659 -3.6992862 1.3259814 -0.6896570 -0.1559983 0.1560472 0.6897007
27543.993000 5.3708455 -3.6533287 1.3259848 -0.6876559 -0.1646847 0.1647274 0.6876577
27544.093000 5.3745833 -3.6514307 1.3259781 -0.6875454 -0.1650311 0.1650862 0.6875992
27544.193000 5.4683763 -3.6017818 1.3259877 -0.6853202 -0.1740060 0.1739266 0.6854252
27544.293000 5.4692954 -3.6012503 1.3259809 -0.6852706 -0.1740898 0.1740225 0.6854291
27544.393000 5.5620125 -3.5490951 1.3259870 -0.6830090 -0.1829529 0.1828620 0.6830727
27544.493000 5.5631813 -3.5484324 1.3259819 -0.6829664 -0.1829638 0.1830304 0.6830673
27544.593000 5.6534695 -3.4941854 1.3259859 -0.6806717 -0.1917267 0.1917382 0.6805610
27544.693000 5.6552778 -3.4930579 1.3259793 -0.6805962 -0.1918951 0.1919213 0.6805375
27544.793000 5.6552441 -3.4930386 1.3259742 -0.6805765 -0.1918868 0.1919245 0.6805586
27544.893000 5.7425062 -3.4377984 1.3259867 -0.6780861 -0.2003650 0.2004257 0.6781465
27544.993000 5.7460303 -3.4355169 1.3259802 -0.6779589 -0.2007036 0.2007791 0.6780690
27545.093000 5.8334133 -3.3767255 1.3259836 -0.6753432 -0.2094861 0.2095368 0.6753676
27545.193000 5.8351620 -3.3755042 1.3259769 -0.6752626 -0.2096535 0.2097204 0.6753393
27545.293000 5.8351293 -3.3754862 1.3259717 -0.6752426 -0.2096457 0.2097253 0.6753602
27545.393000 5.9216968 -3.3140829 1.3259890 -0.6725066 -0.2184133 0.2183286 0.6725794
27545.493000 5.9227857 -3.3133121 1.3259840 -0.6724614 -0.2184231 0.2184976 0.6725666
27545.593000 6.0069605 -3.2500046 1.3259862 -0.6696388 -0.2270979 0.2271416 0.6696395
27545.694000 6.0086440 -3.2486941 1.3259795 -0.6695554 -0.2272676 0.2273270 0.6696024
27545.793000 6.0912152 -3.1833162 1.3259908 -0.6665827 -0.2358587 0.2359155 0.6666199
27545.893000 6.0928730 -3.1819731 1.3259844 -0.6664901 -0.2360270 0.2361046 0.6665860
27545.993000 6.1720925 -3.1157337 1.3259845 -0.6635102 -0.2442942 0.2443693 0.6635950
27546.093000 6.1752910 -3.1130133 1.3259782 -0.6633529 -0.2446296 0.2447266 0.6634969
27546.193000 6.2531758 -3.0440813 1.3259867 -0.6602502 -0.2532489 0.2531222 0.6601998
27546.293000 6.2555303 -3.0419602 1.3259799 -0.6601232 -0.2535044 0.2533930 0.6601249
27546.394000 6.3319644 -2.9710741 1.3259866 -0.6568628 -0.2618245 0.2617165 0.6568742
27546.493000 6.3342882 -2.9688602 1.3259798 -0.6567345 -0.2620803 0.2619903 0.6567913
27546.593000 6.4082716 -2.8965052 1.3259862 -0.6534616 -0.2700982 0.2701498 0.6534937
27546.693000 6.4113007 -2.8935195 1.3259800 -0.6532887 -0.2704287 0.2705113 0.6533804
27546.794000 6.4844975 -2.8178604 1.3259880 -0.6497438 -0.2788975 0.2789628 0.6497915
27546.893000 6.4857855 -2.8164506 1.3259798 -0.6496184 -0.2791371 0.2790861 0.6497610
27546.993000 6.5563708 -2.7396624 1.3259865 -0.6460827 -0.2874048 0.2872952 0.6460937
27547.093000 6.5584748 -2.7373219 1.3259799 -0.6459453 -0.2876521 0.2875628 0.6460020
27547.193000 6.6269169 -2.6586935 1.3259851 -0.6422757 -0.2958322 0.2957167 0.6422748
27547.293000 6.6291925 -2.6560699 1.3259798 -0.6421541 -0.2960162 0.2960558 0.6421553
27547.393000 6.6963628 -2.5749982 1.3259821 -0.6383017 -0.3042359 0.3042800 0.6382986
27547.493000 6.6977286 -2.5732981 1.3259754 -0.6381918 -0.3044047 0.3044717 0.6382367
27547.593000 6.7627433 -2.4904384 1.3259913 -0.6342724 -0.3125220 0.3125767 0.6342904
27547.693000 6.7638704 -2.4889417 1.3259835 -0.6341307 -0.3127492 0.3127007 0.6342590
27547.793000 6.8254051 -2.4060856 1.3259865 -0.6301746 -0.3206210 0.3205806 0.6303256
27547.893000 6.8279087 -2.4026552 1.3259797 -0.6299811 -0.3209452 0.3209278 0.6301772
27547.993000 6.8877730 -2.3173275 1.3259873 -0.6258874 -0.3290741 0.3289654 0.6259050
27548.093000 6.8895957 -2.3146781 1.3259805 -0.6257309 -0.3293165 0.3292316 0.6257939
27548.193000 6.9481395 -2.2267815 1.3259895 -0.6214871 -0.3371240 0.3372259 0.6215946
27548.293000 6.9493052 -2.2250034 1.3259832 -0.6213673 -0.3372763 0.3374119 0.6215309
27548.393000 7.0052114 -2.1357543 1.3259892 -0.6170135 -0.3452523 0.3453540 0.6171109
27548.493000 7.0061885 -2.1341509 1.3259818 -0.6168584 -0.3454684 0.3454760 0.6170767
27548.593000 7.0598548 -2.0432643 1.3259910 -0.6124700 -0.3533589 0.3534047 0.6124729
27548.693000 7.0607796 -2.0415984 1.3259829 -0.6123208 -0.3535783 0.3535240 0.6124267
27548.793000 7.1111563 -1.9512332 1.3259909 -0.6078365 -0.3611695 0.3612659 0.6079295
27548.893000 7.1130756 -1.9477262 1.3259835 -0.6075873 -0.3615355 0.3615447 0.6077953
27548.993000 7.1618645 -1.8541611 1.3259871 -0.6030214 -0.3693238 0.3693306 0.6029594
27549.093000 7.1628562 -1.8522090 1.3259804 -0.6028957 -0.3694781 0.3695151 0.6028774
27549.193000 7.2083430 -1.7595220 1.3259837 -0.5981740 -0.3769899 0.3770748 0.5982316
27549.293000 7.2100373 -1.7559640 1.3259762 -0.5979160 -0.3773505 0.3773451 0.5980917
27549.393000 7.2533437 -1.6611866 1.3259890 -0.5931985 -0.3848918 0.3847844 0.5932241
27549.493000 7.2546698 -1.6582292 1.3259821 -0.5930178 -0.3851218 0.3850430 0.5930877
27549.594000 7.2954537 -1.5623023 1.3259861 -0.5880689 -0.3927023 0.3925842 0.5880795
27549.693000 7.2968174 -1.5591094 1.3259808 -0.5879200 -0.3928651 0.3929024 0.5879071
27549.793000 7.3346943 -1.4633320 1.3259866 -0.5828869 -0.4003293 0.4002318 0.5829184
27549.893000 7.3362157 -1.4594363 1.3259799 -0.5826508 -0.4006250 0.4005535 0.5827303
27549.993000 7.3727697 -1.3595307 1.3259875 -0.5775193 -0.4080309 0.4079316 0.5775587
27550.093000 7.3732344 -1.3582750 1.3259822 -0.5774714 -0.4080407 0.4080960 0.5774835
27550.193000 7.4065735 -1.2597407 1.3259872 -0.5720793 -0.4154216 0.4154659 0.5723096
27550.294000 7.4075845 -1.2567480 1.3259809 -0.5718817 -0.4156344 0.4157161 0.5721709
27550.393000 7.4381241 -1.1570581 1.3259878 -0.5667341 -0.4228624 0.4227791 0.5667960
27550.494000 7.4391415 -1.1537481 1.3259823 -0.5665793 -0.4230180 0.4230854 0.5666060
27550.593000 7.4674445 -1.0522890 1.3259919 -0.5610607 -0.4302956 0.4303768 0.5610992
27550.693000 7.4680221 -1.0502487 1.3259857 -0.5609143 -0.4304289 0.4305528 0.5610084
27550.793000 7.4936076 -0.9480640 1.3259869 -0.5554312 -0.4375406 0.4376205 0.5554663
27550.893000 7.4941096 -0.9460058 1.3259802 -0.5552904 -0.4376764 0.4377891 0.5553672
27550.993000 7.5166482 -0.8453120 1.3259879 -0.5497715 -0.4446232 0.4447097 0.5498134
27551.093000 7.5174848 -0.8413961 1.3259800 -0.5494751 -0.4449593 0.4449608 0.5496347
27551.193000 7.5375014 -0.7390863 1.3259911 -0.5437312 -0.4520183 0.4519712 0.5438364
27551.293000 7.5381915 -0.7357058 1.3259860 -0.5435616 -0.4521581 0.4522701 0.5436411
27551.393000 7.5554608 -0.6331640 1.3259892 -0.5378590 -0.4590266 0.4589534 0.5379258
27551.494000 7.5559736 -0.6299931 1.3259822 -0.5376535 -0.4592328 0.4591853 0.5377572
27551.593000 7.5709947 -0.5246397 1.3259863 -0.5316545 -0.4660620 0.4661052 0.5318606
27551.693000 7.5711833 -0.5233583 1.3259810 -0.5316095 -0.4660646 0.4662544 0.5317725
27551.793000 7.5830010 -0.4208299 1.3259896 -0.5257692 -0.4727763 0.4728533 0.5257936
27551.894000 7.5834989 -0.4165992 1.3259834 -0.5254897 -0.4730341 0.4731584 0.5255667
27551.993000 7.5926082 -0.3130244 1.3259865 -0.5194150 -0.4798049 0.4797278 0.5194773
27552.093000 7.5929203 -0.3095665 1.3259809 -0.5192409 -0.4799450 0.4800129 0.5192584
27552.193000 7.5994806 -0.2044230 1.3259855 -0.5130646 -0.4866020 0.4866154 0.5130192
27552.293000 7.5995971 -0.2023200 1.3259790 -0.5129113 -0.4867249 0.4867748 0.5129046
27552.393000 7.6035548 -0.0970420 1.3259889 -0.5065653 -0.4932243 0.4933734 0.5066598
27552.494000 7.6036416 -0.0949380 1.3259827 -0.5064031 -0.4933378 0.4935385 0.5065506
27552.593000 7.6046897 0.0103612 1.3259903 -0.5000626 -0.4998123 0.4999662 0.5001588
27552.694000 7.6046878 0.0125098 1.3259836 -0.4999053 -0.4999351 0.5001236 0.5000360
27552.793000 7.6029657 0.1164792 1.3259922 -0.4935159 -0.5063312 0.5063339 0.4936565
27552.893000 7.6029070 0.1199419 1.3259866 -0.4933341 -0.5064643 0.5066057 0.4934227
27552.993000 7.5983858 0.2238430 1.3259874 0.4869625 0.5127527 -0.5126356 -0.4869876
27553.093000 7.5982406 0.2273078 1.3259818 -0.4867785 -0.5128816 0.5129068 0.4867502
27553.194000 7.5911613 0.3311090 1.3259893 0.4801409 0.5190854 -0.5190338 -0.4802280
27553.293000 7.5909293 0.3345041 1.3259840 -0.4799591 -0.5192087 0.5192984 0.4799904
27553.393000 7.5812487 0.4381129 1.3259882 -0.4732943 -0.5252108 0.5252981 0.4735061
27553.494000 7.5809210 0.4414953 1.3259826 -0.4731105 -0.5253343 0.5255578 0.4732645
27553.594000 7.5683810 0.5439463 1.3259905 -0.4665631 -0.5313425 0.5313631 0.4665269
27553.693000 7.5678421 0.5481670 1.3259836 -0.4662588 -0.5315746 0.5316346 0.4662572
27553.793000 7.5525922 0.6510857 1.3259836 0.4594252 0.5374997 -0.5374596 -0.4595212
27553.893000 7.5520907 0.6544481 1.3259782 -0.4592369 -0.5376178 0.5377143 0.4592732
27553.994000 7.5341807 0.7568880 1.3259842 0.4523368 0.5434691 -0.5434414 -0.4524425
27554.093000 7.5335805 0.7603064 1.3259791 -0.4521399 -0.5435813 0.5437022 0.4521912
27554.193000 7.5130259 0.8623020 1.3259894 0.4451406 0.5493581 -0.5493568 -0.4452670
27554.293000 7.5123756 0.8653773 1.3259827 -0.4449014 -0.5495186 0.5495547 0.4450636
27554.393000 7.4890962 0.9670184 1.3259871 -0.4378864 -0.5551128 0.5551657 0.4380598
27554.493000 7.4883621 0.9701176 1.3259806 -0.4376443 -0.5552677 0.5553649 0.4378527
27554.593000 7.4617745 1.0731488 1.3259862 0.4305235 0.5609597 -0.5608673 -0.4305829
27554.693000 7.4614379 1.0744279 1.3259807 -0.4304783 -0.5609516 0.5609991 0.4304669
27554.793000 7.4326831 1.1757708 1.3259854 -0.4231854 -0.5664324 0.5665344 0.4232107
27554.893000 7.4320737 1.1777940 1.3259788 -0.4230173 -0.5665255 0.5666691 0.4230736
27554.993000 7.4004820 1.2782449 1.3259868 -0.4157161 -0.5719406 0.5720380 0.4157364
27555.093000 7.3998652 1.2800408 1.3259788 -0.4154918 -0.5720774 0.5721274 0.4156491
27555.193000 7.3660131 1.3788955 1.3259871 -0.4083518 -0.5772391 0.5773108 0.4083578
27555.293000 7.3650021 1.3816880 1.3259792 -0.4080535 -0.5774240 0.5774520 0.4081949
27555.393000 7.3290061 1.4787114 1.3259889 -0.4008807 -0.5824699 0.5825172 0.4008706
27555.493000 7.3274980 1.4826705 1.3259823 -0.4005654 -0.5826543 0.5827489 0.4005809
27555.593000 7.2883064 1.5803996 1.3259917 -0.3930013 -0.5876904 0.5879129 0.3931010
27555.693000 7.2874642 1.5823929 1.3259850 -0.3928311 -0.5877736 0.5880384 0.3929589
27555.793000 7.2463273 1.6771152 1.3259864 -0.3854132 -0.5928124 0.5928703 0.3854022
27555.893000 7.2446325 1.6809445 1.3259798 -0.3850966 -0.5929860 0.5930891 0.3851149
27555.993000 7.2007581 1.7752729 1.3259868 -0.3775130 -0.5978381 0.5978729 0.3776526
27556.093000 7.1993027 1.7783721 1.3259814 -0.3773247 -0.5979172 0.5980823 0.3773840
27556.193000 7.1525238 1.8727508 1.3259928 -0.3696041 -0.6027548 0.6028720 0.3696280
27556.294000 7.1515450 1.8746377 1.3259861 -0.3694385 -0.6028245 0.6029879 0.3694907
27556.393000 7.1022049 1.9676475 1.3259891 -0.3616936 -0.6075657 0.6076372 0.3616886
27556.493000 7.1011563 1.9695488 1.3259825 -0.3615257 -0.6076340 0.6077523 0.3615485
27556.594000 7.0504295 2.0594956 1.3259885 -0.3539042 -0.6121204 0.6122148 0.3539116
27556.693000 7.0484465 2.0628968 1.3259807 -0.3535300 -0.6123127 0.6123741 0.3536772
27556.793000 6.9943799 2.1535098 1.3259921 -0.3457607 -0.6167222 0.6168682 0.3457990
27556.893000 6.9933328 2.1551433 1.3259842 -0.3455357 -0.6168249 0.6169392 0.3457140
27556.993000 6.9367139 2.2442286 1.3259917 -0.3375580 -0.6213136 0.6213615 0.3375409
27557.093000 6.9356498 2.2457988 1.3259837 -0.3373343 -0.6214097 0.6214311 0.3374595
27557.193000 6.8767285 2.3333801 1.3259882 0.3294217 0.6257129 -0.6256864 -0.3293649
27557.293000 6.8754939 2.3351534 1.3259816 -0.3292560 -0.6257702 0.6257919 0.3292212
27557.393000 6.8153134 2.4199138 1.3259847 -0.3212331 -0.6298856 0.6299076 0.3213562
27557.493000 6.8132772 2.4227536 1.3259794 -0.3210369 -0.6299487 0.6300906 0.3210697
27557.593000 6.7513293 2.5052723 1.3259871 -0.3131380 -0.6339671 0.6340236 0.3131203
27557.693000 6.7487296 2.5086780 1.3259804 -0.3128006 -0.6341046 0.6342078 0.3128059
27557.793000 6.6833615 2.5912525 1.3259924 -0.3045531 -0.6381167 0.6382039 0.3045493
27557.893000 6.6821549 2.5926838 1.3259843 -0.3043180 -0.6382071 0.6382691 0.3044582
27557.993000 6.6144552 2.6736779 1.3259919 -0.2962303 -0.6419813 0.6421354 0.2962595
27558.093000 6.6130437 2.6753167 1.3259853 -0.2960523 -0.6420343 0.6422376 0.2961010
27558.193000 6.5448144 2.7527010 1.3259917 -0.2878795 -0.6457535 0.6459353 0.2879157
27558.294000 6.5421146 2.7556828 1.3259838 -0.2874702 -0.6459140 0.6460749 0.2876510
27558.393000 6.4701975 2.8329554 1.3259873 -0.2793173 -0.6495243 0.6496693 0.2793383
27558.493000 6.4688678 2.8343135 1.3259796 -0.2790749 -0.6496065 0.6497342 0.2792385
27558.594000 6.3950472 2.9097654 1.3259885 -0.2708208 -0.6530994 0.6532672 0.2708492
27558.693000 6.3936824 2.9110885 1.3259805 -0.2705760 -0.6531782 0.6533319 0.2707478
27558.793000 6.3178528 2.9845147 1.3259894 -0.2622432 -0.6566453 0.6567191 0.2622317
27558.893000 6.3164546 2.9858023 1.3259815 -0.2619962 -0.6567214 0.6567829 0.2621283
27558.993000 6.2397558 3.0563872 1.3259883 0.2536656 0.6600419 -0.6600025 -0.2537621
27559.093000 6.2373723 3.0585396 1.3259816 -0.2533942 -0.6601179 0.6601277 0.2535096
27559.193000 6.1578649 3.1279826 1.3259855 -0.2449361 -0.6632705 0.6633879 0.2449389
27559.293000 6.1562148 3.1293829 1.3259787 -0.2447499 -0.6633103 0.6634796 0.2447687
27559.393000 6.0743647 3.1968752 1.3259834 0.2360478 0.6665300 -0.6665213 -0.2361536
27559.493000 6.0733162 3.1977324 1.3259780 -0.2360085 -0.6665106 0.6666072 0.2360052
27559.593000 5.9915216 3.2619058 1.3259917 -0.2275643 -0.6694367 0.6694970 0.2276900
27559.693000 5.9887572 3.2640587 1.3259862 -0.2273480 -0.6694755 0.6696423 0.2273645
27559.793000 5.9058783 3.3256435 1.3259898 -0.2188675 -0.6723404 0.6724276 0.2188528
27559.893000 5.9024830 3.3281240 1.3259832 -0.2185082 -0.6724309 0.6725658 0.2185090
27559.993000 5.8172728 3.3877734 1.3259875 0.2099690 0.6752330 -0.6751675 -0.2100531
27560.093000 5.8144524 3.3897465 1.3259822 -0.2097559 -0.6752644 0.6753033 0.2097281
27560.193000 5.7278433 3.4473311 1.3259876 0.2009791 0.6779678 -0.6778948 -0.2010615
27560.293000 5.7251828 3.4490673 1.3259808 0.2006993 0.6780210 -0.6780014 -0.2008020
27560.393000 5.6368099 3.5044209 1.3259864 0.1922236 0.6804899 -0.6804393 -0.1923173
27560.493000 5.6338832 3.5062515 1.3259811 -0.1920128 -0.6805150 0.6805667 0.1919879
27560.594000 5.5444085 3.5592702 1.3259857 -0.1831433 -0.6829328 0.6829907 0.1832620
27560.693000 5.5414397 3.5610175 1.3259802 -0.1829313 -0.6829565 0.6831119 0.1829336
27560.793000 5.4493857 3.6121915 1.3259875 -0.1742284 -0.6852205 0.6853914 0.1742296
27560.893000 5.4475015 3.6132148 1.3259809 -0.1740386 -0.6852412 0.6854638 0.1740530
27560.993000 5.3541257 3.6619253 1.3259888 -0.1653870 -0.6874924 0.6875038 0.1653476
27561.093000 5.3522178 3.6629008 1.3259821 -0.1651975 -0.6875103 0.6875740 0.1651707
27561.193000 5.2588498 3.7087116 1.3259884 -0.1563066 -0.6895905 0.6896143 0.1564140
27561.293000 5.2559884 3.7100875 1.3259816 -0.1560280 -0.6896278 0.6896997 0.1561508
27561.393000 5.1599391 3.7539691 1.3259891 -0.1472393 -0.6915995 0.6916222 0.1472052
27561.493000 5.1580046 3.7548393 1.3259826 -0.1470532 -0.6916120 0.6916872 0.1470274
27561.593000 5.1580120 3.7548261 1.3259775 -0.1470463 -0.6915927 0.6917076 0.1470289
27561.693000 5.0666462 3.7938925 1.3259899 -0.1386737 -0.6933354 0.6934206 0.1386490
27561.793000 5.0591883 3.7970460 1.3259829 -0.1379822 -0.6934489 0.6935811 0.1379668
27561.893000 4.9612070 3.8356795 1.3259870 -0.1291609 -0.6952026 0.6952251 0.1291234
27561.994000 4.9592212 3.8364535 1.3259804 -0.1289721 -0.6952113 0.6952847 0.1289442
27562.093000 4.8603088 3.8726243 1.3259910 -0.1199410 -0.6968430 0.6968834 0.1199064
27562.193000 4.8583059 3.8733461 1.3259842 -0.1197524 -0.6968469 0.6969427 0.1197273
27562.293000 4.8583238 3.8733346 1.3259790 -0.1197473 -0.6968258 0.6969643 0.1197295
27562.393000 4.7577274 3.9071900 1.3259902 -0.1106634 -0.6983622 0.6984075 0.1107739
27562.493000 4.7567185 3.9075164 1.3259836 -0.1105657 -0.6983520 0.6984471 0.1106857
27562.593000 4.6558188 3.9386525 1.3259873 -0.1016877 -0.6996645 0.6998508 0.1016763
27562.693000 4.6537784 3.9392651 1.3259807 -0.1015027 -0.6996669 0.6999015 0.1014954
27562.793000 4.5522979 3.9675056 1.3259943 -0.0925373 -0.7009644 0.7010900 0.0925126
27562.893000 4.5502484 3.9680597 1.3259873 -0.0923518 -0.7009638 0.7011386 0.0923336
27562.993000 4.5505212 3.9679592 1.3259808 -0.0922817 -0.7009578 0.7011443 0.0924063
27563.094000 4.4480884 3.9936089 1.3259854 -0.0833977 -0.7021696 0.7021778 0.0833604
27563.193000 4.4460024 3.9941243 1.3259787 -0.0832122 -0.7021642 0.7022268 0.0831785
27563.293000 4.3432217 4.0171446 1.3259891 -0.0740948 -0.7031835 0.7032481 0.0740605
27563.393000 4.3414017 4.0175125 1.3259811 -0.0738417 -0.7031927 0.7032772 0.0739503
27563.493000 4.2369926 4.0379241 1.3259884 -0.0647803 -0.7040756 0.7041803 0.0648937
27563.594000 4.2356912 4.0381918 1.3259830 -0.0647559 -0.7040444 0.7042283 0.0647347
27563.693000 4.1317998 4.0555694 1.3259864 0.0556051 0.7049629 -0.7048750 -0.0555571
27563.793000 4.1297133 4.0559133 1.3259798 0.0554202 0.7049502 -0.7049165 -0.0553765
27563.893000 4.0246382 4.0709100 1.3259885 -0.0463189 -0.7055769 0.7055925 0.0464220
27563.993000 4.0236015 4.0710475 1.3259818 -0.0462241 -0.7055562 0.7056253 0.0463322
27564.093000 3.9186918 4.0831287 1.3259863 -0.0371973 -0.7061074 0.7061500 0.0371615
27564.193000 3.9168487 4.0833101 1.3259784 -0.0369422 -0.7060999 0.7061769 0.0370468
27564.293000 3.8129624 4.0925168 1.3259885 0.0279920 0.7065524 -0.7065485 -0.0280951
27564.393000 3.8095595 4.0928289 1.3259831 -0.0277855 -0.7065269 0.7065958 0.0277503
27564.493000 3.7044231 4.0994401 1.3259864 0.0186612 0.7068807 -0.7068414 -0.0186193
27564.593000 3.7025838 4.0995208 1.3259785 0.0184031 0.7068672 -0.7068646 -0.0185049
27564.693000 3.5970260 4.1035523 1.3259909 -0.0094829 -0.7069815 0.7071054 0.0094465
27564.793000 3.5949352 4.1035997 1.3259840 -0.0092998 -0.7069619 0.7071298 0.0092611
27564.893000 3.4895879 4.1046729 1.3259864 -0.0002967 -0.7070517 0.7071618 0.0002559
27564.993000 3.4874815 4.1046731 1.3259800 -0.0001108 -0.7070212 0.7071924 0.0000700
27565.093000 3.3821496 4.1027964 1.3259878 -0.0090220 0.7070876 -0.7070103 0.0090618
27565.193000 3.3803067 4.1027284 1.3259798 -0.0092782 0.7070638 -0.7070293 0.0091787
27565.293000 3.2739993 4.0984284 1.3259870 0.0184172 -0.7068296 0.7069068 -0.0183159
27565.393000 3.2729497 4.0983576 1.3259801 0.0185134 -0.7068040 0.7069273 -0.0184133
27565.493000 3.1676074 4.0911169 1.3259914 0.0275293 -0.7065417 0.7065981 -0.0275694
27565.593000 3.1654818 4.0909496 1.3259847 0.0277172 -0.7065072 0.7066177 -0.0277625
27565.693000 3.0618971 4.0811685 1.3259908 0.0367047 -0.7061122 0.7061997 -0.0366101
27565.793000 3.0587738 4.0808414 1.3259840 0.0369856 -0.7060737 0.7062090 -0.0368892
27565.893000 2.9552758 4.0681393 1.3259859 -0.0460086 0.7056697 -0.7055543 0.0458975
27565.993000 2.9518556 4.0677216 1.3259805 -0.0462206 0.7056217 -0.7055651 0.0462549
27566.093000 2.8489180 4.0525649 1.3259831 0.0552313 -0.7049390 0.7049616 -0.0551337
27566.193000 2.8455489 4.0520605 1.3259777 0.0554438 -0.7048897 0.7049663 -0.0554880
27566.293000 2.7437795 4.0343937 1.3259884 0.0642154 -0.7040790 0.7042853 -0.0642753
27566.393000 2.7396726 4.0336466 1.3259818 0.0645845 -0.7040192 0.7042771 -0.0646492
27566.493000 2.6377134 4.0129349 1.3259910 0.0737117 -0.7032388 0.7032797 -0.0736162
27566.593000 2.6343726 4.0122520 1.3259854 0.0739236 -0.7031821 0.7032769 -0.0739717
27566.693000 2.5329499 3.9890540 1.3259854 0.0828880 -0.7021747 0.7022990 -0.0828027
27566.794000 2.5298904 3.9883207 1.3259788 0.0831703 -0.7021154 0.7022914 -0.0830868
27566.893000 2.4289333 3.9622382 1.3259849 -0.0920844 0.7011266 -0.7010587 0.0919710
27566.993000 2.4255910 3.9613696 1.3259795 -0.0922947 0.7010654 -0.7010450 0.0923304
27567.093000 2.3245055 3.9326787 1.3259907 0.1013942 -0.6997781 0.6998343 -0.1013005
27567.193000 2.3222281 3.9320078 1.3259851 0.1015136 -0.6997304 0.6998262 -0.1015659
27567.293000 2.2216943 3.9005197 1.3259883 0.1104379 -0.6983623 0.6984866 -0.1104991
27567.394000 2.2199430 3.8999119 1.3259803 0.1106951 -0.6983017 0.6984868 -0.1106237
27567.493000 2.1213499 3.8660109 1.3259836 0.1194832 -0.6969119 0.6969818 -0.1193898
27567.593000 2.1183400 3.8649453 1.3259770 0.1197594 -0.6968375 0.6969599 -0.1196750
27567.693000 2.0205888 3.8286848 1.3259878 0.1286264 -0.6952539 0.6953802 -0.1285441
27567.793000 2.0173502 3.8274649 1.3259825 0.1288297 -0.6951830 0.6953478 -0.1288990
27567.893000 1.9196408 3.7881008 1.3259864 0.1377459 -0.6935157 0.6935938 -0.1378032
27567.993000 1.9176858 3.7872770 1.3259799 0.1379271 -0.6934525 0.6935828 -0.1379949
27568.093000 1.8221710 3.7460605 1.3259847 0.1467876 -0.6916437 0.6917783 -0.1467143
27568.193000 1.8192903 3.7447654 1.3259782 0.1470560 -0.6915572 0.6917492 -0.1469904
27568.293000 1.7247819 3.7008037 1.3259861 0.1557411 -0.6897412 0.6897666 -0.1556401
27568.393000 1.7216150 3.6993164 1.3259811 0.1559387 -0.6896564 0.6897269 -0.1559937
27568.493000 1.6284748 3.6529893 1.3259883 0.1648311 -0.6876210 0.6876553 -0.1647367
27568.593000 1.6254124 3.6514492 1.3259828 0.1650242 -0.6875403 0.6876075 -0.1650796
27568.693000 1.5316324 3.6017737 1.3259812 0.1740323 -0.6853482 0.6853881 -0.1739364
27568.793000 1.5304672 3.6011366 1.3259760 0.1740460 -0.6853109 0.6853796 -0.1741028
27568.893000 1.4397814 3.5501575 1.3259874 0.1826923 -0.6830104 0.6832006 -0.1826396
27568.993000 1.4370364 3.5485828 1.3259811 0.1829498 -0.6829085 0.6831614 -0.1829095
27569.093000 1.3476718 3.4948983 1.3259840 0.1916791 -0.6806388 0.6806534 -0.1915748
27569.193000 1.3449415 3.4932183 1.3259773 0.1919371 -0.6805395 0.6806034 -0.1918467
27569.293000 1.2558143 3.4366431 1.3259880 -0.2005935 0.6780735 -0.6780337 0.2006215
27569.393000 1.2542512 3.4355806 1.3259801 0.2008320 -0.6779812 0.6780213 -0.2007365
27569.493000 1.1665772 3.3767138 1.3259904 0.2094808 -0.6753453 0.6753698 -0.2095284
27569.593000 1.1648411 3.3755024 1.3259839 0.2096452 -0.6752661 0.6753411 -0.2097115
27569.693000 1.0800528 3.3152525 1.3259838 0.2182830 -0.6725233 0.6726416 -0.2182161
27569.793000 1.0774926 3.3133866 1.3259770 0.2185383 -0.6724119 0.6725830 -0.2184840
27569.893000 0.9930002 3.2500937 1.3259875 0.2270306 -0.6696370 0.6696828 -0.2270865
27569.993000 0.9915279 3.2488935 1.3259793 0.2272702 -0.6695416 0.6696568 -0.2272049
27570.093000 0.9087890 3.1833753 1.3259867 0.2356958 -0.6665789 0.6667263 -0.2357885
27570.193000 0.9070839 3.1820120 1.3259806 0.2358647 -0.6664812 0.6666950 -0.2359840
27570.293000 0.8273323 3.1152487 1.3259887 0.2445353 -0.6634062 0.6635665 -0.2444876
27570.393000 0.8249168 3.1131983 1.3259822 0.2447905 -0.6632791 0.6634990 -0.2447601
27570.493000 0.7467793 3.0441831 1.3259826 0.2531346 -0.6602415 0.6602843 -0.2530390
27570.593000 0.7441823 3.0418756 1.3259772 0.2533226 -0.6601342 0.6601877 -0.2533826
27570.693000 0.6680331 2.9710588 1.3259900 0.2617396 -0.6568700 0.6569257 -0.2616539
27570.794000 0.6654863 2.9687106 1.3259851 0.2619255 -0.6567495 0.6568351 -0.2619978
27570.893000 0.5902885 2.8950247 1.3259862 0.2704130 -0.6532993 0.6533840 -0.2704926
27570.994000 0.5887554 2.8934757 1.3259795 0.2705846 -0.6531987 0.6533338 -0.2706851
27571.093000 0.5164725 2.8186807 1.3259829 0.2788586 -0.6498189 0.6498237 -0.2787516
27571.193000 0.5142898 2.8163814 1.3259763 0.2791108 -0.6496819 0.6497370 -0.2790206
27571.293000 0.4437418 2.7396892 1.3259820 0.2874040 -0.6460810 0.6460955 -0.2872959
27571.394000 0.4413753 2.7371031 1.3259771 0.2875891 -0.6459555 0.6459850 -0.2876410
27571.493000 0.3729815 2.6588047 1.3259870 0.2957257 -0.6422941 0.6423419 -0.2956374
27571.593000 0.3706721 2.6561709 1.3259822 0.2959078 -0.6421598 0.6422329 -0.2959836
27571.693000 0.3045457 2.5758905 1.3259860 -0.3042790 0.6383475 -0.6382971 0.3041440
27571.793000 0.3025484 2.5734271 1.3259792 0.3045268 -0.6381988 0.6382001 -0.3044116
27571.893000 0.2381296 2.4914652 1.3259867 0.3124552 -0.6342742 0.6344067 -0.3124039
27571.993000 0.2361718 2.4889174 1.3259801 0.3127022 -0.6341229 0.6343029 -0.3126744
27572.093000 0.1740333 2.4052241 1.3259855 0.3208170 -0.6301557 0.6301781 -0.3207112
27572.193000 0.1721435 2.4026234 1.3259787 0.3210619 -0.6300016 0.6300707 -0.3209799
27572.294000 0.1122986 2.3172762 1.3259834 -0.3290513 0.6259271 -0.6259012 0.3289197
27572.393000 0.1103022 2.3144218 1.3259781 -0.3292278 0.6257981 -0.6257625 0.3292523
27572.493000 0.0520030 2.2267108 1.3259869 -0.3372070 0.6215523 -0.6214881 0.3372190
27572.593000 0.0510093 2.2251242 1.3259788 0.3374314 -0.6214079 0.6214474 -0.3373357
27572.693000 -0.0043958 2.1367578 1.3259844 0.3452323 -0.6171083 0.6171494 -0.3451357
27572.793000 -0.0062054 2.1338610 1.3259792 0.3454008 -0.6169766 0.6170064 -0.3454581
27572.893000 -0.0587327 2.0450633 1.3259881 -0.3531711 0.6126190 -0.6125594 0.3531842
27572.993000 -0.0607403 2.0415722 1.3259801 0.3535500 -0.6123772 0.6124229 -0.3534610
27573.093000 -0.1111440 1.9512234 1.3259905 0.3611417 -0.6078868 0.6079299 -0.3612084
27573.193000 -0.1130613 1.9477184 1.3259829 0.3615083 -0.6076370 0.6077963 -0.3614868
27573.293000 -0.1623524 1.8534726 1.3259897 0.3693475 -0.6029022 0.6030668 -0.3693261
27573.393000 -0.1629836 1.8522800 1.3259845 0.3693574 -0.6028519 0.6030079 -0.3694946
27573.493000 -0.2083208 1.7595990 1.3259919 0.3769048 -0.5982129 0.5982916 -0.3770030
27573.593000 -0.2100629 1.7559794 1.3259843 0.3772730 -0.5979493 0.5981496 -0.3772780
27573.693000 -0.2534291 1.6611254 1.3259897 0.3849437 -0.5931063 0.5932143 -0.3848897
27573.793000 -0.2547347 1.6582637 1.3259834 0.3851627 -0.5929238 0.5930885 -0.3851456
27573.893000 -0.2954620 1.5623003 1.3259835 -0.3926355 0.5881551 -0.5881081 0.3924791
27573.994000 -0.2968255 1.5591074 1.3259782 -0.3927984 0.5880062 -0.5879357 0.3927972
27574.093000 -0.3358943 1.4604450 1.3259808 0.4004948 -0.5827782 0.5828053 -0.4003891
27574.193000 -0.3362677 1.4594518 1.3259741 0.4005672 -0.5826958 0.5827681 -0.4004908
27574.293000 -0.3727041 1.3603664 1.3259883 0.4078443 -0.5775181 0.5776531 -0.4079863
27574.393000 -0.3734465 1.3583455 1.3259821 0.4079857 -0.5773765 0.5775653 -0.4081695
27574.493000 -0.4063629 1.2597374 1.3259889 0.4154583 -0.5722044 0.5722360 -0.4153583
27574.593000 -0.4074797 1.2564320 1.3259834 0.4156186 -0.5720456 0.5720518 -0.4156703
27574.693000 -0.4073610 1.2566893 1.3259769 0.4156740 -0.5719861 0.5720977 -0.4156336
27574.793000 -0.4379090 1.1578488 1.3259887 0.4227539 -0.5667899 0.5668010 -0.4228062
27574.893000 -0.4390482 1.1539953 1.3259805 0.4231029 -0.5665088 0.5666277 -0.4230659
27574.993000 -0.4669753 1.0535170 1.3259841 0.4302359 -0.5611810 0.5612137 -0.4301303
27575.093000 -0.4679025 1.0502157 1.3259786 -0.4303862 0.5610259 -0.5610226 0.4304317
27575.193000 -0.4677972 1.0504851 1.3259721 0.4304397 -0.5609663 0.5610700 -0.4303939
27575.293000 -0.4933139 0.9493832 1.3259856 0.4375491 -0.5553745 0.5555608 -0.4375639
27575.393000 -0.4940766 0.9462812 1.3259790 0.4377575 -0.5551770 0.5554043 -0.4378047
27575.493000 -0.5169793 0.8432109 1.3259855 -0.4447964 0.5497074 -0.5496592 0.4448064
27575.593000 -0.5174368 0.8411165 1.3259793 0.4449257 -0.5495594 0.5495618 -0.4449803
27575.693000 -0.5377194 0.7377507 1.3259875 -0.4519385 0.5438611 -0.5437987 0.4519399
27575.793000 -0.5381131 0.7356731 1.3259809 -0.4520697 0.5437175 -0.5436960 0.4521050
27575.893000 -0.5553420 0.6338528 1.3259864 -0.4589205 0.5379348 -0.5379277 0.4589683
27575.993000 -0.5560238 0.6297301 1.3259798 0.4591855 -0.5376746 0.5377068 -0.4592668
27576.094000 -0.5707201 0.5267346 1.3259853 0.4660244 -0.5317254 0.5318857 -0.4660331
27576.193000 -0.5711969 0.5233572 1.3259796 0.4661663 -0.5315620 0.5316760 -0.4663169
27576.293000 -0.5832828 0.4187008 1.3259872 0.4729453 -0.5255985 0.5256436 -0.4730409
27576.393000 -0.5835007 0.4166032 1.3259803 0.4730739 -0.5254517 0.5255311 -0.4732004
27576.493000 -0.5927013 0.3129719 1.3259854 0.4797913 -0.5193582 0.5194954 -0.4797832
27576.594000 -0.5929585 0.3098396 1.3259786 0.4799855 -0.5191466 0.5193214 -0.4800062
27576.693000 -0.5993453 0.2057558 1.3259839 0.4865358 -0.5131499 0.5131800 -0.4864220
27576.793000 -0.5995655 0.2023217 1.3259784 -0.4866709 0.5129759 -0.5129591 0.4867034
27576.893000 -0.6034791 0.0970854 1.3259902 -0.4932496 0.5066562 -0.5066321 0.4932831
27576.993000 -0.6035366 0.0949368 1.3259834 0.4933740 -0.5064999 0.5065119 -0.4934427
27577.094000 -0.6045021 -0.0112068 1.3259884 0.4999592 -0.5000339 0.5001128 -0.4998942
27577.193000 -0.6045193 -0.0125086 1.3259829 -0.4999587 0.4999865 -0.5000144 0.5000404
27577.293000 -0.6027788 -0.0124681 1.3260747 -0.5009514 0.5009704 -0.4990177 0.4990567
27577.394000 -0.5941419 -0.0121613 1.3264487 0.5059566 -0.5058785 0.4940417 -0.4939814
27577.493000 -0.5814435 -0.0121093 1.3266921 0.5131723 -0.5130991 0.4865441 -0.4864754
27577.593000 -0.5705782 -0.0120649 1.3266051 0.5192631 -0.5191909 0.4800373 -0.4799697
27577.693000 -0.5615515 -0.0120198 1.3263247 0.5242710 -0.5241938 0.4745624 -0.4745011
27577.793000 -0.5502339 -0.0119758 1.3257060 0.5304747 -0.5303951 0.4676161 -0.4675606
27577.894000 -0.5387942 -0.0121952 1.3247767 -0.5366262 0.5366363 -0.4604350 0.4604926
27577.993000 -0.5320564 -0.0118897 1.3240853 0.5402728 -0.5401853 0.4562571 -0.4562176
27578.094000 -0.5311562 -0.0107323 1.3240012 0.5452498 -0.5361339 0.4518655 -0.4594352
27578.193000 -0.5311053 -0.0106490 1.3239971 0.5453945 -0.5359895 0.4517421 -0.4595532
27578.293000 -0.5311962 -0.0116141 1.3239989 0.5431932 -0.5381961 0.4535315 -0.4578157
27578.393000 -0.5312604 -0.0110211 1.3240168 0.5451800 -0.5361003 0.4518403 -0.4595819
27578.493000 -0.5311864 -0.0109106 1.3240074 0.5453991 -0.5359332 0.4516478 -0.4597061
27578.593000 -0.5312179 -0.0115834 1.3240007 0.5433543 -0.5380389 0.4533870 -0.4579525
27578.693000 -0.5310504 -0.0110334 1.3239874 0.5453186 -0.5361013 0.4516859 -0.4595682
27578.793000 -0.5311581 -0.0109238 1.3240005 0.5454180 -0.5359859 0.4516143 -0.4596550
27578.893000 -0.5311079 -0.0106106 1.3239953 0.5454735 -0.5359343 0.4516592 -0.4596054
27578.993000 -0.5312006 -0.0112913 1.3239962 0.5433470 -0.5380596 0.4534836 -0.4578412
27579.093000 -0.5313054 -0.0110275 1.3240175 0.5451798 -0.5360974 0.4518212 -0.4596043
27579.193000 -0.5312579 -0.0109080 1.3240108 0.5454147 -0.5359094 0.4516308 -0.4597321
27579.294000 -0.5313266 -0.0116144 1.3240103 0.5432373 -0.5380960 0.4534946 -0.4579177
27579.393000 -0.5313495 -0.0110353 1.3240247 0.5451697 -0.5360609 0.4518357 -0.4596446
27579.493000 -0.5313135 -0.0106529 1.3240179 0.5454046 -0.5358681 0.4517429 -0.4596820
27579.593000 -0.5313532 -0.0116223 1.3240138 0.5431734 -0.5381396 0.4535611 -0.4578764
27579.693000 -0.5312670 -0.0110539 1.3240171 0.5451624 -0.5360863 0.4518194 -0.4596398
27579.794000 -0.5313271 -0.0106640 1.3240178 0.5453503 -0.5359304 0.4518010 -0.4596167
27579.893000 -0.5313402 -0.0116286 1.3240110 0.5431675 -0.5381707 0.4535632 -0.4578447
27579.994000 -0.5312393 -0.0110641 1.3240124 0.5451727 -0.5361199 0.4517945 -0.4596128
27580.093000 -0.5312653 -0.0109396 1.3240111 0.5453213 -0.5360160 0.4517138 -0.4596370
27580.193000 -0.5313094 -0.0116630 1.3240075 0.5430975 -0.5382638 0.4536156 -0.4577664
27580.293000 -0.5313572 -0.0107293 1.3240224 0.5452839 -0.5359746 0.4518458 -0.4596000
27580.393000 -0.5312430 -0.0109265 1.3240107 0.5453170 -0.5360106 0.4517288 -0.4596336
27580.493000 -0.5313153 -0.0113801 1.3240084 0.5431685 -0.5381657 0.4536550 -0.4577585
27580.593000 -0.5314039 -0.0110118 1.3240297 0.5450947 -0.5361155 0.4519528 -0.4595547
27580.693000 -0.5312636 -0.0109326 1.3240137 0.5453142 -0.5359692 0.4517280 -0.4596860
27580.793000 -0.5313071 -0.0116454 1.3240077 0.5431428 -0.5382009 0.4535792 -0.4578227
27580.893000 -0.5313674 -0.0107146 1.3240215 0.5453286 -0.5359442 0.4518104 -0.4596171
27580.993000 -0.5312856 -0.0106361 1.3240110 0.5454399 -0.5358900 0.4517123 -0.4596448
27581.093000 -0.5312777 -0.0113573 1.3240037 0.5432352 -0.5381298 0.4535937 -0.4577824
27581.193000 -0.5313252 -0.0107124 1.3240223 0.5453138 -0.5359372 0.4518457 -0.4596081
27581.293000 -0.5311547 -0.0109158 1.3240038 0.5453606 -0.5359780 0.4516831 -0.4596649
27581.394000 -0.5312564 -0.0113313 1.3240028 0.5433440 -0.5380156 0.4534951 -0.4578851
27581.493000 -0.5313322 -0.0109658 1.3240234 0.5452463 -0.5360074 0.4518153 -0.4596363
27581.593000 -0.5312594 -0.0106594 1.3240090 0.5454039 -0.5359226 0.4517327 -0.4596294
27581.693000 -0.5313029 -0.0113836 1.3240049 0.5431753 -0.5381814 0.4536433 -0.4577435
27581.793000 -0.5313357 -0.0107624 1.3240187 0.5451649 -0.5361019 0.4519554 -0.4594847
27581.893000 -0.5312581 -0.0106655 1.3240089 0.5453476 -0.5359727 0.4517947 -0.4595767
27581.994000 -0.5312496 -0.0113488 1.3240012 0.5432716 -0.5380909 0.4535629 -0.4578153
27582.093000 -0.5312217 -0.0106786 1.3240134 0.5453440 -0.5359321 0.4518460 -0.4595779
27582.193000 -0.5312364 -0.0105850 1.3240096 0.5454846 -0.5358375 0.4517246 -0.4596407
27582.293000 -0.5312468 -0.0115698 1.3240036 0.5432846 -0.5380974 0.4535055 -0.4578490
27582.393000 -0.5312321 -0.0106891 1.3240130 0.5453148 -0.5359949 0.4518802 -0.4595056
27582.493000 -0.5312525 -0.0105972 1.3240092 0.5454640 -0.5358910 0.4517397 -0.4595879
27582.593000 -0.5312989 -0.0113200 1.3240069 0.5432567 -0.5381131 0.4536303 -0.4577401
27582.693000 -0.5312313 -0.0107411 1.3240120 0.5452450 -0.5360424 0.4518749 -0.4595383
27582.793000 -0.5310821 -0.0109153 1.3239978 0.5453899 -0.5359755 0.4516540 -0.4596616
27582.893000 -0.5310916 -0.0106100 1.3239971 0.5454394 -0.5359095 0.4517073 -0.4596275
27582.993000 -0.5311805 -0.0113035 1.3239967 0.5433095 -0.5380588 0.4535332 -0.4578375
27583.093000 -0.5313179 -0.0109570 1.3240242 0.5452182 -0.5360169 0.4518585 -0.4596160
27583.193000 -0.5311792 -0.0109337 1.3240053 0.5453324 -0.5359987 0.4517131 -0.4596447
27583.294000 -0.5312543 -0.0113817 1.3240003 0.5432431 -0.5381433 0.4535807 -0.4577699
27583.393000 -0.5312839 -0.0109545 1.3240149 0.5453404 -0.5359940 0.4517128 -0.4596409
27583.493000 -0.5311070 -0.0109061 1.3239949 0.5454905 -0.5359344 0.4515462 -0.4596961
27583.593000 -0.5311304 -0.0116362 1.3239896 0.5432754 -0.5381808 0.4534453 -0.4578216
27583.693000 -0.5312018 -0.0107482 1.3240055 0.5452559 -0.5360920 0.4518630 -0.4594793
27583.793000 -0.5310397 -0.0109101 1.3239901 0.5454170 -0.5360135 0.4516264 -0.4596122
27583.893000 -0.5311157 -0.0116026 1.3239896 0.5433679 -0.5380790 0.4533683 -0.4579077
27583.993000 -0.5310583 -0.0110027 1.3239929 0.5452611 -0.5361414 0.4517507 -0.4595259
27584.093000 -0.5313491 -0.0106069 1.3240167 0.5454802 -0.5358562 0.4517168 -0.4596318
27584.193000 -0.5313926 -0.0113102 1.3240146 0.5433173 -0.5380187 0.4535764 -0.4578325
27584.293000 -0.5314001 -0.0106976 1.3240284 0.5452676 -0.5359394 0.4519070 -0.4596000
27584.393000 -0.5312726 -0.0108688 1.3240159 0.5453951 -0.5358970 0.4517140 -0.4596880
27584.493000 -0.5313783 -0.0116007 1.3240181 0.5431937 -0.5381011 0.4535959 -0.4578630
27584.593000 -0.5314414 -0.0110002 1.3240345 0.5451188 -0.5360686 0.4519369 -0.4595965
27584.693000 -0.5313852 -0.0108660 1.3240275 0.5453987 -0.5358347 0.4517128 -0.4597576
27584.793000 -0.5315040 -0.0112957 1.3240271 0.5433198 -0.5379349 0.4535944 -0.4579101
27584.893000 -0.5313576 -0.0106805 1.3240252 0.5452520 -0.5359810 0.4519652 -0.4595129
27584.993000 -0.5313418 -0.0108680 1.3240209 0.5453600 -0.5359268 0.4517595 -0.4596502
27585.093000 -0.5313948 -0.0113050 1.3240140 0.5433260 -0.5380232 0.4535826 -0.4578108
27585.193000 -0.5312458 -0.0107117 1.3240097 0.5453484 -0.5360002 0.4518027 -0.4595359
27585.293000 -0.5309915 -0.0109139 1.3239851 0.5454075 -0.5360557 0.4516352 -0.4595656
27585.393000 -0.5310482 -0.0116174 1.3239835 0.5433240 -0.5381537 0.4534117 -0.4578290
27585.493000 -0.5312106 -0.0109925 1.3240111 0.5451728 -0.5361541 0.4518790 -0.4594896
27585.593000 -0.5310182 -0.0109312 1.3239889 0.5453773 -0.5360557 0.4516591 -0.4595780
27585.693000 -0.5311415 -0.0116704 1.3239934 0.5431540 -0.5382555 0.4535580 -0.4577663
27585.793000 -0.5315032 -0.0106980 1.3240347 0.5453126 -0.5358873 0.4518469 -0.4596665
27585.893000 -0.5314566 -0.0106018 1.3240283 0.5454438 -0.5358037 0.4517598 -0.4596939
27585.994000 -0.5314309 -0.0113377 1.3240179 0.5432234 -0.5381011 0.4536609 -0.4577634
27586.093000 -0.5311050 -0.0110279 1.3240006 0.5451267 -0.5362338 0.4518833 -0.4594472
27586.193000 -0.5310984 -0.0106752 1.3239951 0.5453686 -0.5360204 0.4517720 -0.4595185
27586.293000 -0.5312015 -0.0113686 1.3239969 0.5432544 -0.5381356 0.4535824 -0.4577638
27586.393000 -0.5314357 -0.0107305 1.3240304 0.5452107 -0.5360070 0.4519523 -0.4595443
27586.493000 -0.5311272 -0.0109224 1.3240002 0.5453544 -0.5360078 0.4516936 -0.4596272
27586.593000 -0.5311143 -0.0116706 1.3239901 0.5431400 -0.5382926 0.4535786 -0.4577188
27586.694000 -0.5312451 -0.0107791 1.3240076 0.5451534 -0.5361825 0.4519576 -0.4594023
27586.793000 -0.5311367 -0.0106802 1.3239953 0.5453449 -0.5360550 0.4517926 -0.4594861
27586.893000 -0.5310982 -0.0116828 1.3239873 0.5430849 -0.5383652 0.4536257 -0.4576521
27586.993000 -0.5313587 -0.0109711 1.3240209 0.5452398 -0.5360600 0.4518194 -0.4595786
27587.093000 -0.5313148 -0.0108751 1.3240151 0.5453955 -0.5359499 0.4517101 -0.4596298
27587.193000 -0.5315329 -0.0113381 1.3240248 0.5432503 -0.5380538 0.4536403 -0.4578075
27587.293000 -0.5314707 -0.0106614 1.3240332 0.5453440 -0.5358611 0.4518705 -0.4596367
27587.393000 -0.5315515 -0.0106243 1.3240341 0.5453900 -0.5358482 0.4518114 -0.4596552
27587.493000 -0.5314242 -0.0116110 1.3240178 0.5431820 -0.5381660 0.4536030 -0.4577936
27587.593000 -0.5313282 -0.0109659 1.3240190 0.5452370 -0.5360811 0.4518287 -0.4595481
27587.693000 -0.5313127 -0.0108819 1.3240146 0.5453880 -0.5359770 0.4517150 -0.4596022
27587.793000 -0.5314938 -0.0113500 1.3240214 0.5432293 -0.5381011 0.4536619 -0.4577555
27587.893000 -0.5313789 -0.0107540 1.3240250 0.5451698 -0.5360678 0.4519772 -0.4594973
27587.994000 -0.5310336 -0.0109425 1.3239921 0.5453006 -0.5360933 0.4517398 -0.4595458
27588.093000 -0.5311023 -0.0117033 1.3239908 0.5430584 -0.5383508 0.4536489 -0.4576775
27588.193000 -0.5313333 -0.0107263 1.3240195 0.5452953 -0.5359479 0.4518375 -0.4596257
27588.293000 -0.5310886 -0.0109339 1.3239976 0.5453173 -0.5360403 0.4517204 -0.4596068
27588.393000 -0.5312269 -0.0113823 1.3239979 0.5432849 -0.5380898 0.4535459 -0.4578178
27588.493000 -0.5309669 -0.0109580 1.3239842 0.5453124 -0.5361151 0.4517215 -0.4595245
27588.593000 -0.5314614 -0.0106217 1.3240238 0.5454437 -0.5358645 0.4517574 -0.4596257
27588.693000 -0.5315400 -0.0113239 1.3240247 0.5432980 -0.5380145 0.4536010 -0.4578361
27588.793000 -0.5313331 -0.0109450 1.3240254 0.5452330 -0.5360166 0.4518403 -0.4596167
27588.893000 -0.5310861 -0.0109356 1.3239972 0.5453208 -0.5360532 0.4517232 -0.4595850
27588.993000 -0.5312912 -0.0114423 1.3240028 0.5431018 -0.5382569 0.4537086 -0.4576773
27589.093000 -0.5314538 -0.0109485 1.3240300 0.5452591 -0.5360011 0.4518033 -0.4596403
27589.193000 -0.5315774 -0.0106259 1.3240347 0.5454211 -0.5358317 0.4517800 -0.4596684
27589.293000 -0.5315903 -0.0113293 1.3240287 0.5432805 -0.5380110 0.4536178 -0.4578444
27589.393000 -0.5312770 -0.0109489 1.3240134 0.5451663 -0.5361675 0.4519212 -0.4594403
27589.493000 -0.5309876 -0.0109399 1.3239872 0.5453044 -0.5361111 0.4517362 -0.4595241
27589.593000 -0.5312302 -0.0114310 1.3239958 0.5431451 -0.5382534 0.4536720 -0.4576662
27589.694000 -0.5315286 -0.0107147 1.3240325 0.5452852 -0.5359686 0.4518696 -0.4595820
27589.793000 -0.5313973 -0.0108811 1.3240210 0.5453734 -0.5359742 0.4517270 -0.4596110
27589.893000 -0.5315688 -0.0113772 1.3240263 0.5432109 -0.5381039 0.4536679 -0.4577680
27589.993000 -0.5312283 -0.0109368 1.3240160 0.5452717 -0.5360114 0.4517978 -0.4596187
27590.093000 -0.5309513 -0.0109256 1.3239854 0.5453628 -0.5360536 0.4516804 -0.4595767
27590.193000 -0.5311967 -0.0114161 1.3239939 0.5432524 -0.5381510 0.4535733 -0.4577570
27590.293000 -0.5312939 -0.0109301 1.3240169 0.5452271 -0.5361043 0.4518723 -0.4594900
27590.393000 -0.5313864 -0.0108975 1.3240196 0.5453622 -0.5360008 0.4517332 -0.4595871
27590.494000 -0.5315563 -0.0114279 1.3240246 0.5431632 -0.5381645 0.4537005 -0.4577210
27590.593000 -0.5313341 -0.0106893 1.3240216 0.5452797 -0.5359814 0.4519268 -0.4595172
27590.693000 -0.5314527 -0.0106689 1.3240253 0.5453956 -0.5358905 0.4517941 -0.4596163
27590.793000 -0.5313623 -0.0116331 1.3240143 0.5431887 -0.5381583 0.4535944 -0.4578033
27590.893000 -0.5311347 -0.0109415 1.3240076 0.5453041 -0.5359866 0.4517530 -0.4596532
27590.993000 -0.5311132 -0.0107059 1.3239972 0.5454293 -0.5358988 0.4517018 -0.4596574
27591.093000 -0.5309609 -0.0116677 1.3239781 0.5432356 -0.5382233 0.4534930 -0.4577716
27591.193000 -0.5309714 -0.0109849 1.3239888 0.5452235 -0.5361920 0.4517987 -0.4594642
27591.293000 -0.5310164 -0.0106476 1.3239839 0.5453852 -0.5360436 0.4517627 -0.4594808
27591.393000 -0.5311081 -0.0113887 1.3239829 0.5431720 -0.5382806 0.4536547 -0.4576195
27591.493000 -0.5311133 -0.0106990 1.3239943 0.5453059 -0.5360525 0.4518076 -0.4595205
27591.593000 -0.5311097 -0.0106371 1.3239904 0.5453875 -0.5360221 0.4517638 -0.4595021
27591.693000 -0.5309640 -0.0116307 1.3239767 0.5432133 -0.5382646 0.4535203 -0.4577225
27591.793000 -0.5310914 -0.0106683 1.3239921 0.5452468 -0.5360859 0.4519109 -0.4594501
27591.893000 -0.5309465 -0.0109117 1.3239860 0.5453205 -0.5360807 0.4517321 -0.4595445
27591.993000 -0.5310194 -0.0116875 1.3239832 0.5430549 -0.5383733 0.4536622 -0.4576419
27592.093000 -0.5312325 -0.0109361 1.3240156 0.5452408 -0.5360298 0.4518316 -0.4596007
27592.193000 -0.5310075 -0.0109211 1.3239903 0.5453172 -0.5360642 0.4517310 -0.4595688
27592.293000 -0.5312090 -0.0114117 1.3239937 0.5431082 -0.5382593 0.4537175 -0.4576580
27592.393000 -0.5310798 -0.0107176 1.3239936 0.5452356 -0.5360810 0.4518709 -0.4595084
27592.493000 -0.5308469 -0.0109230 1.3239751 0.5453271 -0.5361200 0.4517094 -0.4595132
27592.593000 -0.5308635 -0.0116880 1.3239666 0.5431202 -0.5383981 0.4535830 -0.4576138
27592.693000 -0.5312673 -0.0107686 1.3240137 0.5453617 -0.5359632 0.4517694 -0.4595960
27592.793000 -0.5307962 -0.0109208 1.3239677 0.5453825 -0.5361392 0.4516484 -0.4594849
27592.893000 -0.5308558 -0.0116943 1.3239643 0.5431169 -0.5384280 0.4535833 -0.4575822
27592.993000 -0.5309722 -0.0109466 1.3239877 0.5453253 -0.5360860 0.4517066 -0.4595577
27593.093000 -0.5308026 -0.0109071 1.3239686 0.5454112 -0.5360895 0.4516267 -0.4595302
27593.193000 -0.5311492 -0.0114042 1.3239858 0.5431635 -0.5382579 0.4536610 -0.4576501
27593.293000 -0.5312731 -0.0109181 1.3240193 0.5452782 -0.5359976 0.4518059 -0.4596191
27593.393000 -0.5309170 -0.0109046 1.3239815 0.5453681 -0.5360678 0.4516834 -0.4595509
27593.493000 -0.5312090 -0.0114184 1.3239914 0.5430672 -0.5383205 0.4537618 -0.4575908
27593.593000 -0.5311253 -0.0109264 1.3240034 0.5452278 -0.5361040 0.4518515 -0.4595099
27593.693000 -0.5308738 -0.0109144 1.3239760 0.5453117 -0.5361386 0.4517425 -0.4594771
27593.793000 -0.5311282 -0.0113742 1.3239833 0.5432312 -0.5382010 0.4536118 -0.4576854
27593.893000 -0.5309548 -0.0106833 1.3239744 0.5453120 -0.5361407 0.4518238 -0.4593943
27593.993000 -0.5310325 -0.0106414 1.3239816 0.5454045 -0.5360398 0.4517426 -0.4594822
27594.094000 -0.5308477 -0.0116565 1.3239635 0.5431563 -0.5383931 0.4535651 -0.4575946
27594.193000 -0.5310920 -0.0109315 1.3239995 0.5452428 -0.5361307 0.4518292 -0.4594829
27594.293000 -0.5308310 -0.0109095 1.3239713 0.5453441 -0.5361508 0.4517072 -0.4594592
27594.393000 -0.5311612 -0.0114090 1.3239879 0.5431162 -0.5382797 0.4537174 -0.4576246
27594.493000 -0.5308872 -0.0109469 1.3239847 0.5452781 -0.5360741 0.4517472 -0.4595877
27594.593000 -0.5311264 -0.0106454 1.3239958 0.5453539 -0.5359638 0.4518087 -0.4595658
27594.693000 -0.5311835 -0.0113658 1.3239918 0.5432309 -0.5381250 0.4536169 -0.4577700
27594.793000 -0.5312770 -0.0109153 1.3240198 0.5452804 -0.5359744 0.4517966 -0.4596526
27594.893000 -0.5311447 -0.0106297 1.3239955 0.5454437 -0.5358903 0.4517153 -0.4596369
27594.993000 -0.5311809 -0.0113609 1.3239912 0.5432621 -0.5380938 0.4535894 -0.4577969
27595.093000 -0.5308094 -0.0109400 1.3239789 0.5452992 -0.5360553 0.4517254 -0.4596061
27595.193000 -0.5310960 -0.0106329 1.3239923 0.5453997 -0.5359207 0.4517671 -0.4596028
27595.293000 -0.5308407 -0.0116173 1.3239676 0.5432560 -0.5382284 0.4534922 -0.4577421
27595.394000 -0.5313165 -0.0106937 1.3240138 0.5452379 -0.5360437 0.4519304 -0.4594907
27595.494000 -0.5310716 -0.0106404 1.3239869 0.5453876 -0.5360085 0.4517754 -0.4595065
27595.593000 -0.5308851 -0.0116465 1.3239702 0.5431687 -0.5383223 0.4535724 -0.4576559
27595.693000 -0.5313072 -0.0107106 1.3240123 0.5452352 -0.5360062 0.4518978 -0.4595698
27595.793000 -0.5311948 -0.0106469 1.3239987 0.5453314 -0.5359846 0.4518373 -0.4595402
27595.893000 -0.5309219 -0.0116702 1.3239753 0.5430709 -0.5383643 0.4536649 -0.4576309
27595.993000 -0.5309636 -0.0109176 1.3239929 0.5452659 -0.5360461 0.4517988 -0.4595841
27596.093000 -0.5311410 -0.0106490 1.3239973 0.5453289 -0.5359545 0.4518421 -0.4595736
27596.193000 -0.5311835 -0.0114013 1.3239899 0.5431382 -0.5382192 0.4537099 -0.4576771
27596.293000 -0.5308024 -0.0109430 1.3239737 0.5452747 -0.5361466 0.4517536 -0.4595008
27596.393000 -0.5311214 -0.0106540 1.3239892 0.5453595 -0.5360176 0.4518040 -0.4595012
27596.493000 -0.5308394 -0.0116397 1.3239642 0.5432045 -0.5383110 0.4535352 -0.4576635
27596.593000 -0.5313396 -0.0106826 1.3240141 0.5452941 -0.5359670 0.4518730 -0.4595700
27596.693000 -0.5307740 -0.0108622 1.3239670 0.5454739 -0.5360088 0.4515908 -0.4595853
27596.793000 -0.5307303 -0.0108684 1.3239632 0.5454425 -0.5360443 0.4516161 -0.4595561
27596.893000 -0.5311905 -0.0114197 1.3239901 0.5431125 -0.5382312 0.4537197 -0.4576838
27596.993000 -0.5312423 -0.0109097 1.3240185 0.5452039 -0.5360074 0.4518834 -0.4596196
27597.094000 -0.5309650 -0.0108961 1.3239893 0.5453125 -0.5360217 0.4517545 -0.4596009
27597.193000 -0.5308852 -0.0116534 1.3239706 0.5431620 -0.5383109 0.4535748 -0.4576749
27597.293000 -0.5309674 -0.0108953 1.3239874 0.5453529 -0.5360823 0.4517205 -0.4595156
27597.394000 -0.5306870 -0.0108783 1.3239573 0.5454581 -0.5361040 0.4515957 -0.4594881
27597.493000 -0.5311193 -0.0114033 1.3239795 0.5432399 -0.5382109 0.4535949 -0.4576801
27597.593000 -0.5309346 -0.0109399 1.3239834 0.5452892 -0.5361230 0.4517339 -0.4595305
27597.693000 -0.5308072 -0.0108736 1.3239688 0.5454376 -0.5360559 0.4516235 -0.4595413
27597.793000 -0.5309134 -0.0116475 1.3239719 0.5431626 -0.5383075 0.4535775 -0.4576756
27597.893000 -0.5313820 -0.0107422 1.3240196 0.5451416 -0.5360355 0.4519827 -0.4595630
27597.993000 -0.5312786 -0.0106490 1.3240064 0.5453246 -0.5359256 0.4518496 -0.4596050
27598.093000 -0.5309649 -0.0116315 1.3239793 0.5431451 -0.5382556 0.4536113 -0.4577239
27598.193000 -0.5311558 -0.0108954 1.3240111 0.5452312 -0.5360134 0.4518657 -0.4595977
27598.294000 -0.5308818 -0.0108818 1.3239812 0.5453250 -0.5360449 0.4517511 -0.4595623
27598.393000 -0.5309006 -0.0116341 1.3239711 0.5431668 -0.5382868 0.4535859 -0.4576866
27598.493000 -0.5309092 -0.0109379 1.3239813 0.5452763 -0.5361262 0.4517524 -0.4595239
27598.593000 -0.5307987 -0.0108706 1.3239673 0.5454072 -0.5360742 0.4516608 -0.4595193
27598.693000 -0.5308810 -0.0116370 1.3239664 0.5431758 -0.5383180 0.4535687 -0.4576562
27598.793000 -0.5311367 -0.0108788 1.3240055 0.5453013 -0.5360041 0.4517970 -0.4595928
27598.893000 -0.5308562 -0.0108585 1.3239747 0.5454123 -0.5360222 0.4516674 -0.4595674
27598.993000 -0.5308509 -0.0116237 1.3239645 0.5431974 -0.5383067 0.4535581 -0.4576545
27599.093000 -0.5307933 -0.0109705 1.3239721 0.5451615 -0.5362823 0.4518567 -0.4593753
27599.193000 -0.5307107 -0.0108679 1.3239606 0.5453911 -0.5361240 0.4516827 -0.4594588
27599.293000 -0.5311912 -0.0114355 1.3239853 0.5431246 -0.5382597 0.4537039 -0.4576515
27599.393000 -0.5314097 -0.0107479 1.3240190 0.5451317 -0.5360681 0.4519909 -0.4595288
27599.493000 -0.5308418 -0.0108762 1.3239740 0.5453785 -0.5360480 0.4516801 -0.4595649
27599.593000 -0.5308524 -0.0116625 1.3239641 0.5431035 -0.5383970 0.4536258 -0.4575926
27599.693000 -0.5310217 -0.0108924 1.3239938 0.5452736 -0.5361032 0.4518156 -0.4594919
27599.793000 -0.5311135 -0.0106770 1.3239859 0.5453341 -0.5360450 0.4518228 -0.4594807
27599.893000 -0.5308197 -0.0116381 1.3239603 0.5431512 -0.5383717 0.4535918 -0.4575994
27599.993000 -0.5313957 -0.0106936 1.3240201 0.5453088 -0.5359104 0.4518628 -0.4596286
27600.093000 -0.5307623 -0.0108638 1.3239657 0.5454019 -0.5360706 0.4516662 -0.4595244
27600.193000 -0.5311992 -0.0114509 1.3239836 0.5431018 -0.5382921 0.4537220 -0.4576226
27600.293000 -0.5308036 -0.0109306 1.3239717 0.5452763 -0.5361631 0.4517529 -0.4594804
27600.393000 -0.5311247 -0.0106689 1.3239853 0.5453768 -0.5360021 0.4517809 -0.4595214
27600.494000 -0.5308333 -0.0116403 1.3239612 0.5431255 -0.5383919 0.4536189 -0.4575793
27600.593000 -0.5317955 -0.0108180 1.3240531 0.5450577 -0.5360729 0.4520453 -0.4595573
27600.693000 -0.5316199 -0.0108465 1.3240405 0.5452969 -0.5359604 0.4518305 -0.4596160
27600.793000 -0.5316951 -0.0116212 1.3240357 0.5430501 -0.5382526 0.4537429 -0.4577098
27600.893000 -0.5319758 -0.0107339 1.3240637 0.5451688 -0.5359402 0.4519894 -0.4596353
27600.993000 -0.5320236 -0.0106573 1.3240623 0.5452836 -0.5358618 0.4519226 -0.4596563
27601.093000 -0.5317417 -0.0116060 1.3240392 0.5430759 -0.5381988 0.4537205 -0.4577644
27601.194000 -0.5316529 -0.0109210 1.3240480 0.5451674 -0.5359973 0.4519065 -0.4596520
27601.293000 -0.5320922 -0.0106595 1.3240714 0.5452806 -0.5357846 0.4519255 -0.4597469
27601.393000 -0.5321326 -0.0114287 1.3240637 0.5430219 -0.5381143 0.4538553 -0.4577942
27601.493000 -0.5319664 -0.0107569 1.3240622 0.5450807 -0.5360318 0.4520712 -0.4595526
27601.593000 -0.5315720 -0.0108420 1.3240333 0.5453195 -0.5359785 0.4518010 -0.4595972
27601.693000 -0.5321313 -0.0114083 1.3240633 0.5431017 -0.5380402 0.4537851 -0.4578563
27601.793000 -0.5316960 -0.0108820 1.3240528 0.5452239 -0.5359610 0.4518911 -0.4596425
27601.894000 -0.5308457 -0.0108745 1.3239740 0.5453238 -0.5360864 0.4517492 -0.4595172
27601.994000 -0.5308402 -0.0116225 1.3239632 0.5431699 -0.5383173 0.4535803 -0.4576524
27602.093000 -0.5306755 -0.0109162 1.3239635 0.5453190 -0.5361285 0.4517079 -0.4595144
27602.194000 -0.5306549 -0.0108371 1.3239565 0.5454644 -0.5360456 0.4516097 -0.4595350
27602.294000 -0.5307184 -0.0116246 1.3239518 0.5431979 -0.5383516 0.4535400 -0.4576188
27602.393000 -0.5320711 -0.0107294 1.3240769 0.5452163 -0.5358637 0.4519776 -0.4596798
27602.493000 -0.5319818 -0.0106765 1.3240590 0.5453165 -0.5358404 0.4518695 -0.4596944
27602.593000 -0.5321015 -0.0114172 1.3240593 0.5431234 -0.5380561 0.4537483 -0.4578483
27602.694000 -0.5314709 -0.0107531 1.3240216 0.5452122 -0.5360163 0.4519319 -0.4595516
27602.793000 -0.5307256 -0.0108477 1.3239609 0.5454322 -0.5360737 0.4516440 -0.4595066
27602.893000 -0.5312478 -0.0114655 1.3239885 0.5431332 -0.5382223 0.4536887 -0.4577005
27602.993000 -0.5318341 -0.0107435 1.3240553 0.5452441 -0.5358347 0.4519045 -0.4597525
27603.093000 -0.5316895 -0.0108125 1.3240468 0.5454198 -0.5357889 0.4517088 -0.4597898
27603.193000 -0.5320862 -0.0113827 1.3240601 0.5433158 -0.5378471 0.4535737 -0.4580386
27603.293000 -0.5311309 -0.0108168 1.3240047 0.5454183 -0.5359456 0.4516887 -0.4596286
27603.393000 -0.5319338 -0.0106693 1.3240523 0.5454437 -0.5357642 0.4517449 -0.4597548
27603.493000 -0.5314835 -0.0107989 1.3240229 0.5455067 -0.5358478 0.4516171 -0.4597081
27603.593000 -0.5320362 -0.0114532 1.3240517 0.5431482 -0.5380653 0.4537116 -0.4578445
27603.693000 -0.5320714 -0.0107517 1.3240688 0.5451887 -0.5359074 0.4519737 -0.4596655
27603.794000 -0.5320626 -0.0106843 1.3240640 0.5453831 -0.5357574 0.4518095 -0.4597711
27603.894000 -0.5316649 -0.0115714 1.3240321 0.5432574 -0.5380772 0.4535518 -0.4578593
27603.993000 -0.5315532 -0.0109027 1.3240359 0.5452216 -0.5360544 0.4518601 -0.4595666
27604.093000 -0.5315306 -0.0108475 1.3240298 0.5453690 -0.5359599 0.4517426 -0.4596176
27604.194000 -0.5320173 -0.0114300 1.3240517 0.5432783 -0.5379499 0.4535954 -0.4579409
27604.294000 -0.5315232 -0.0107691 1.3240249 0.5452677 -0.5359775 0.4518734 -0.4595886
27604.393000 -0.5319388 -0.0107415 1.3240515 0.5452932 -0.5359301 0.4518686 -0.4596184
27604.493000 -0.5320831 -0.0114834 1.3240576 0.5431404 -0.5380536 0.4537075 -0.4578715
27604.593000 -0.5317297 -0.0109065 1.3240527 0.5451958 -0.5359896 0.4518802 -0.4596531
27604.694000 -0.5321088 -0.0107397 1.3240707 0.5453088 -0.5357886 0.4518529 -0.4597802
27604.793000 -0.5316697 -0.0116037 1.3240331 0.5431778 -0.5381575 0.4536111 -0.4578005
27604.893000 -0.5324134 -0.0107945 1.3240971 0.5451094 -0.5359397 0.4520511 -0.4596457
27604.993000 -0.5319196 -0.0107491 1.3240500 0.5453101 -0.5359214 0.4518492 -0.4596275
27605.093000 -0.5321006 -0.0114547 1.3240598 0.5432509 -0.5379272 0.4536140 -0.4579816
27605.193000 -0.5318608 -0.0124557 1.3240423 0.5406756 -0.5405756 0.4557377 -0.4557971
27605.293000 -0.5318243 -0.0124518 1.3240389 0.5406973 -0.5405638 0.4557170 -0.4558062
27605.393000 -0.5322279 -0.0123450 1.3240621 0.5406618 -0.5404594 0.4558060 -0.4558830
27605.493000 -0.5317869 -0.0124370 1.3240342 0.5407383 -0.5405360 0.4556811 -0.4558263
27605.593000 -0.5317505 -0.0124341 1.3240308 0.5407621 -0.5405270 0.4556574 -0.4558325
27605.694000 -0.5317282 -0.0124283 1.3240283 0.5407843 -0.5405157 0.4556368 -0.4558401
27605.793000 -0.5321362 -0.0123215 1.3240518 0.5407506 -0.5404128 0.4557239 -0.4559151
27605.893000 -0.5321245 -0.0123135 1.3240500 0.5407722 -0.5403997 0.4557050 -0.4559239
27605.993000 -0.5321045 -0.0123076 1.3240476 0.5407950 -0.5403887 0.4556837 -0.4559312
27606.093000 -0.5320852 -0.0123017 1.3240453 0.5408178 -0.5403777 0.4556624 -0.4559384
27606.194000 -0.5316414 -0.0123955 1.3240173 0.5408966 -0.5404572 0.4555339 -0.4558790
27606.293000 -0.5316100 -0.0123927 1.3240142 0.5409211 -0.5404490 0.4555093 -0.4558843
27606.394000 -0.5320135 -0.0122881 1.3240377 0.5408885 -0.5403482 0.4555942 -0.4559577
27606.493000 -0.5315894 -0.0123777 1.3240109 0.5409647 -0.5404237 0.4554705 -0.4559013
27606.593000 -0.5319915 -0.0122743 1.3240343 0.5409319 -0.5403232 0.4555551 -0.4559748
27606.693000 -0.5319638 -0.0122663 1.3240309 0.5409581 -0.5403148 0.4555307 -0.4559782
27606.793000 -0.5315300 -0.0123600 1.3240037 0.5410348 -0.5403923 0.4554047 -0.4559212
27606.893000 -0.5319326 -0.0122566 1.3240273 0.5410020 -0.5402917 0.4554893 -0.4559947
27606.993000 -0.5315013 -0.0123481 1.3240000 0.5410791 -0.5403688 0.4553638 -0.4559373
27607.093000 -0.5314734 -0.0123452 1.3239973 0.5411031 -0.5403600 0.4553398 -0.4559431
27607.193000 -0.5318880 -0.0122389 1.3240216 0.5410688 -0.5402570 0.4554275 -0.4560184
27607.293000 -0.5318823 -0.0122309 1.3240203 0.5410898 -0.5402434 0.4554092 -0.4560278
27607.393000 -0.5314341 -0.0123263 1.3239920 0.5411690 -0.5403241 0.4552794 -0.4559679
27607.493000 -0.5314157 -0.0123214 1.3239899 0.5411916 -0.5403132 0.4552579 -0.4559753
27607.593000 -0.5314019 -0.0123155 1.3239881 0.5412136 -0.5403013 0.4552376 -0.4559836
27607.693000 -0.5313884 -0.0123095 1.3239863 0.5412355 -0.5402893 0.4552175 -0.4559919
27607.793000 -0.5313752 -0.0123036 1.3239846 0.5412573 -0.5402773 0.4551974 -0.4560003
27607.893000 -0.5317831 -0.0121994 1.3240085 0.5412237 -0.5401756 0.4552834 -0.4560749
27607.993000 -0.5313628 -0.0122886 1.3239820 0.5412990 -0.5402502 0.4551608 -0.4560195
27608.093000 -0.5317665 -0.0121856 1.3240057 0.5412658 -0.5401493 0.4552458 -0.4560935
27608.193000 -0.5313380 -0.0122767 1.3239787 0.5413421 -0.5402256 0.4551211 -0.4560370
27608.293000 -0.5317425 -0.0121738 1.3240025 0.5413088 -0.5401246 0.4552064 -0.4561112
27608.393000 -0.5313144 -0.0122648 1.3239755 0.5413849 -0.5402008 0.4550819 -0.4560547
27608.493000 -0.5317194 -0.0121619 1.3239993 0.5413514 -0.5400996 0.4551673 -0.4561291
27608.593000 -0.5312960 -0.0122520 1.3239726 0.5414268 -0.5401749 0.4550442 -0.4560734
27608.693000 -0.5312680 -0.0122500 1.3239700 0.5414504 -0.5401657 0.4550204 -0.4560800
27608.793000 -0.5316782 -0.0121461 1.3239943 0.5414160 -0.5400634 0.4551072 -0.4561553
27608.893000 -0.5316851 -0.0121361 1.3239939 0.5414348 -0.5400468 0.4550924 -0.4561674
27608.993000 -0.5316750 -0.0121302 1.3239924 0.5414558 -0.5400340 0.4550733 -0.4561768
27609.093000 -0.5312397 -0.0122232 1.3239650 0.5415326 -0.5401115 0.4549472 -0.4561195
27609.193000 -0.5312170 -0.0122202 1.3239628 0.5415552 -0.5401013 0.4549250 -0.4561271
27609.293000 -0.5316284 -0.0121165 1.3239872 0.5415205 -0.5399986 0.4550121 -0.4562028
27609.393000 -0.5316364 -0.0121065 1.3239869 0.5415390 -0.5399818 0.4549977 -0.4562152
27609.493000 -0.5312062 -0.0121984 1.3239598 0.5416149 -0.5400583 0.4548730 -0.4561587
27609.593000 -0.5316095 -0.0120967 1.3239837 0.5415814 -0.5399573 0.4549580 -0.4562334
27609.693000 -0.5311846 -0.0121874 1.3239569 0.5416567 -0.5400325 0.4548346 -0.4561780
27609.794000 -0.5315925 -0.0120848 1.3239811 0.5416224 -0.5399305 0.4549210 -0.4562534
27609.893000 -0.5311593 -0.0121775 1.3239539 0.5416987 -0.5400075 0.4547955 -0.4561967
27609.994000 -0.5311468 -0.0121725 1.3239524 0.5417197 -0.5399950 0.4547760 -0.4562061
27610.093000 -0.5311389 -0.0121666 1.3239512 0.5417400 -0.5399814 0.4547577 -0.4562163
27610.193000 -0.5311312 -0.0121606 1.3239500 0.5417602 -0.5399678 0.4547395 -0.4562265
27610.293000 -0.5315447 -0.0120571 1.3239746 0.5417250 -0.5398647 0.4548272 -0.4563029
27610.393000 -0.5311254 -0.0121466 1.3239482 0.5417996 -0.5399384 0.4547052 -0.4562487
27610.493000 -0.5315388 -0.0120433 1.3239728 0.5417641 -0.5398354 0.4547932 -0.4563251
27610.593000 -0.5315407 -0.0120353 1.3239722 0.5417830 -0.5398197 0.4547774 -0.4563370
27610.693000 -0.5315339 -0.0120294 1.3239711 0.5418029 -0.5398058 0.4547595 -0.4563475
27610.793000 -0.5315274 -0.0120234 1.3239700 0.5418229 -0.5397919 0.4547416 -0.4563581
27610.893000 -0.5310957 -0.0121159 1.3239429 0.5418988 -0.5398684 0.4546167 -0.4563019
27610.993000 -0.5315059 -0.0120136 1.3239674 0.5418638 -0.5397659 0.4547038 -0.4563781
27611.093000 -0.5310834 -0.0121039 1.3239408 0.5419384 -0.5398403 0.4545812 -0.4563234
27611.193000 -0.5314854 -0.0120037 1.3239648 0.5419044 -0.5397395 0.4546662 -0.4563983
27611.293000 -0.5314970 -0.0119938 1.3239649 0.5419218 -0.5397217 0.4546530 -0.4564120
27611.394000 -0.5314914 -0.0119878 1.3239639 0.5419415 -0.5397075 0.4546354 -0.4564229
27611.493000 -0.5310607 -0.0120801 1.3239369 0.5420171 -0.5397837 0.4545109 -0.4563670
27611.593000 -0.5310424 -0.0120771 1.3239351 0.5420384 -0.5397722 0.4544902 -0.4563760
27611.693000 -0.5314582 -0.0119740 1.3239600 0.5420025 -0.5396684 0.4545787 -0.4564533
27611.793000 -0.5310498 -0.0120612 1.3239343 0.5420749 -0.5397399 0.4544600 -0.4564008
27611.893000 -0.5314482 -0.0119622 1.3239581 0.5420414 -0.5396396 0.4545440 -0.4564755
