27269.373000 0.0949431 -0.0123702 1.3238250 -0.5411189 0.5411477 -0.4552334 0.4550956
27269.373000 0.0949431 -0.0123702 1.3238250 -0.5411189 0.5411477 -0.4552334 0.4550956
27269.453000 0.0936700 -0.0124582 1.3239653 -0.5407576 0.5407959 -0.4556288 0.4555473
27269.553000 0.0937166 -0.0124548 1.3239613 -0.5407778 0.5407821 -0.4556102 0.4555584
27269.653000 0.0933278 -0.0123580 1.3239838 0.5407407 -0.5406791 0.4556974 -0.4556375
27269.754000 0.0933387 -0.0123485 1.3239819 0.5407585 -0.5406619 0.4556836 -0.4556506
27269.853000 0.0937889 -0.0124346 1.3239533 0.5408365 -0.5407380 0.4555593 -0.4555919
27269.953000 0.0934079 -0.0123409 1.3239753 0.5408034 -0.5406407 0.4556404 -0.4556657
27270.054000 0.0938381 -0.0124231 1.3239479 0.5408801 -0.5407142 0.4555192 -0.4556086
27270.153000 0.0938743 -0.0124203 1.3239445 0.5409042 -0.5407056 0.4554952 -0.4556141
27270.254000 0.0934686 -0.0123220 1.3239681 0.5408691 -0.5406047 0.4555805 -0.4556903
27270.353000 0.0939049 -0.0124060 1.3239403 0.5409476 -0.5406807 0.4554563 -0.4556309
27270.453000 0.0935194 -0.0123124 1.3239628 0.5409157 -0.5405846 0.4555360 -0.4557033
27270.553000 0.0939457 -0.0123945 1.3239356 0.5409932 -0.5406589 0.4554138 -0.4556452
27270.653000 0.0939787 -0.0123916 1.3239324 0.5410177 -0.5406510 0.4553893 -0.4556500
27270.754000 0.0935789 -0.0122953 1.3239558 0.5409843 -0.5405521 0.4554719 -0.4557245
27270.853000 0.0935805 -0.0122858 1.3239546 0.5410048 -0.5405376 0.4554548 -0.4557343
27270.953000 0.0935995 -0.0122801 1.3239523 0.5410278 -0.5405268 0.4554334 -0.4557413
27271.053000 0.0936192 -0.0122744 1.3239500 0.5410509 -0.5405163 0.4554117 -0.4557480
27271.153000 0.0936438 -0.0122687 1.3239472 0.5410752 -0.5405069 0.4553887 -0.4557533
27271.253000 0.0936423 -0.0122630 1.3239469 0.5410934 -0.5404914 0.4553728 -0.4557659
27271.353000 0.0940856 -0.0123485 1.3239186 0.5411737 -0.5405697 0.4552459 -0.4557045
27271.453000 0.0941163 -0.0123456 1.3239157 0.5411981 -0.5405615 0.4552215 -0.4557096
27271.553000 0.0941328 -0.0123398 1.3239137 0.5412206 -0.5405502 0.4552006 -0.4557171
27271.654000 0.0941488 -0.0123341 1.3239117 0.5412429 -0.5405388 0.4551799 -0.4557248
27271.753000 0.0941644 -0.0123283 1.3239098 0.5412651 -0.5405273 0.4551594 -0.4557326
27271.853000 0.0941795 -0.0123225 1.3239079 0.5412873 -0.5405157 0.4551389 -0.4557405
27271.953000 0.0937710 -0.0122257 1.3239320 0.5412521 -0.5404154 0.4552238 -0.4558165
27272.053000 0.0937724 -0.0122171 1.3239310 0.5412724 -0.5404008 0.4552067 -0.4558269
27272.153000 0.0942057 -0.0123015 1.3239034 0.5413506 -0.5404770 0.4550826 -0.4557676
27272.253000 0.0942370 -0.0122995 1.3239006 0.5413749 -0.5404685 0.4550580 -0.4557732
27272.353000 0.0938229 -0.0122018 1.3239251 0.5413389 -0.5403668 0.4551443 -0.4558504
27272.453000 0.0942510 -0.0122851 1.3238979 0.5414164 -0.5404417 0.4550214 -0.4557922
27272.553000 0.0938577 -0.0121921 1.3239212 0.5413832 -0.5403444 0.4551025 -0.4558661
27272.653000 0.0942765 -0.0122735 1.3238946 0.5414594 -0.5404172 0.4549820 -0.4558095
27272.753000 0.0938830 -0.0121806 1.3239179 0.5414261 -0.5403198 0.4550632 -0.4558835
27272.853000 0.0938780 -0.0121712 1.3239174 0.5414451 -0.5403038 0.4550479 -0.4558952
27272.953000 0.0938900 -0.0121654 1.3239158 0.5414663 -0.5402914 0.4550285 -0.4559041
27273.053000 0.0939017 -0.0121597 1.3239142 0.5414875 -0.5402788 0.4550091 -0.4559131
27273.153000 0.0939132 -0.0121539 1.3239127 0.5415086 -0.5402662 0.4549899 -0.4559222
27273.253000 0.0943480 -0.0122390 1.3238851 0.5415867 -0.5403423 0.4548655 -0.4558633
27273.353000 0.0943720 -0.0122360 1.3238829 0.5416094 -0.5403323 0.4548432 -0.4558704
27273.453000 0.0939635 -0.0121404 1.3239072 0.5415738 -0.5402317 0.4549282 -0.4559472
27273.553000 0.0943801 -0.0122216 1.3238808 0.5416494 -0.5403039 0.4548085 -0.4558913
27273.653000 0.0944036 -0.0122186 1.3238785 0.5416720 -0.5402937 0.4547863 -0.4558987
27273.753000 0.0939944 -0.0121231 1.3239030 0.5416362 -0.5401929 0.4548716 -0.4559757
27273.853000 0.0944061 -0.0122034 1.3238768 0.5417108 -0.5402642 0.4547533 -0.4559205
27273.953000 0.0940141 -0.0121117 1.3239002 0.5416774 -0.5401667 0.4548341 -0.4559950
27274.053000 0.0940061 -0.0121022 1.3239000 0.5416956 -0.5401499 0.4548198 -0.4560075
27274.153000 0.0944386 -0.0121869 1.3238726 0.5417731 -0.5402253 0.4546963 -0.4559493
27274.253000 0.0944608 -0.0121839 1.3238705 0.5417953 -0.5402148 0.4546745 -0.4559571
27274.353000 0.0944697 -0.0121782 1.3238692 0.5418157 -0.5402014 0.4546562 -0.4559670
27274.453000 0.0940590 -0.0120829 1.3238938 0.5417795 -0.5401002 0.4547419 -0.4560445
27274.553000 0.0940502 -0.0120734 1.3238937 0.5417974 -0.5400831 0.4547279 -0.4560574
27274.653000 0.0944817 -0.0121580 1.3238664 0.5418746 -0.5401583 0.4546047 -0.4559995
27274.753000 0.0945030 -0.0121551 1.3238644 0.5418964 -0.5401476 0.4545834 -0.4560074
27274.853000 0.0945108 -0.0121492 1.3238632 0.5419166 -0.5401338 0.4545652 -0.4560179
27274.953000 0.0945184 -0.0121435 1.3238620 0.5419367 -0.5401201 0.4545472 -0.4560282
27275.053000 0.0940982 -0.0120465 1.3238873 0.5418990 -0.5400168 0.4546354 -0.4561075
27275.153000 0.0945161 -0.0121283 1.3238608 0.5419741 -0.5400892 0.4545157 -0.4560517
27275.253000 0.0945403 -0.0121261 1.3238587 0.5419965 -0.5400788 0.4544935 -0.4560596
27275.353000 0.0945472 -0.0121203 1.3238576 0.5420163 -0.5400649 0.4544758 -0.4560702
27275.453000 0.0945540 -0.0121145 1.3238565 0.5420361 -0.5400509 0.4544581 -0.4560809
27275.553000 0.0941414 -0.0120195 1.3238814 0.5419993 -0.5399492 0.4545444 -0.4561591
27275.653000 0.0945538 -0.0121001 1.3238553 0.5420737 -0.5400201 0.4544261 -0.4561045
27275.753000 0.0945733 -0.0120972 1.3238534 0.5420951 -0.5400088 0.4544052 -0.4561131
27275.853000 0.0941602 -0.0120023 1.3238783 0.5420582 -0.5399069 0.4544917 -0.4561915
27275.954000 0.0945722 -0.0120828 1.3238523 0.5421325 -0.5399778 0.4543736 -0.4561370
27276.053000 0.0941720 -0.0119908 1.3238764 0.5420973 -0.5398786 0.4544569 -0.4562134
27276.153000 0.0945837 -0.0120712 1.3238504 0.5421715 -0.5399493 0.4543388 -0.4561590
27276.253000 0.0946024 -0.0120683 1.3238486 0.5421927 -0.5399378 0.4543183 -0.4561680
27276.353000 0.0941927 -0.0119744 1.3238733 0.5421559 -0.5398367 0.4544041 -0.4562458
27276.454000 0.0941764 -0.0119641 1.3238738 0.5421725 -0.5398177 0.4543921 -0.4562605
27276.553000 0.0946048 -0.0120481 1.3238467 0.5422490 -0.5398918 0.4542699 -0.4562036
27276.653000 0.0946230 -0.0120451 1.3238450 0.5422700 -0.5398801 0.4542495 -0.4562127
27276.753000 0.0942002 -0.0119487 1.3238706 0.5422315 -0.5397762 0.4543385 -0.4562929
27276.853000 0.0941959 -0.0119410 1.3238703 0.5422495 -0.5397597 0.4543237 -0.4563057
27276.953000 0.0946153 -0.0120232 1.3238438 0.5423246 -0.5398320 0.4542039 -0.4562502
27277.053000 0.0946413 -0.0120220 1.3238416 0.5423467 -0.5398219 0.4541816 -0.4562582
27277.153000 0.0946456 -0.0120162 1.3238408 0.5423658 -0.5398072 0.4541647 -0.4562696
27277.253000 0.0946497 -0.0120104 1.3238400 0.5423848 -0.5397925 0.4541478 -0.4562812
27277.353000 0.0946537 -0.0120046 1.3238392 0.5424038 -0.5397778 0.4541310 -0.4562927
27277.453000 0.0946576 -0.0119988 1.3238385 0.5424228 -0.5397630 0.4541143 -0.4563043
27277.553000 0.0942421 -0.0119044 1.3238636 0.5423851 -0.5396605 0.4542015 -0.4563835
27277.654000 0.0946518 -0.0119845 1.3238378 0.5424588 -0.5397306 0.4540841 -0.4563298
27277.753000 0.0942493 -0.0118929 1.3238621 0.5424229 -0.5396308 0.4541681 -0.4564069
27277.853000 0.0942354 -0.0118835 1.3238625 0.5424394 -0.5396123 0.4541558 -0.4564215
27277.953000 0.0946537 -0.0119654 1.3238361 0.5425142 -0.5396842 0.4540364 -0.4563664
27278.053000 0.0942595 -0.0118757 1.3238600 0.5424793 -0.5395861 0.4541183 -0.4564423
27278.153000 0.0946683 -0.0119556 1.3238342 0.5425529 -0.5396560 0.4540013 -0.4563888
27278.253000 0.0942567 -0.0118623 1.3238592 0.5425156 -0.5395542 0.4540876 -0.4564675
27278.354000 0.0942508 -0.0118547 1.3238590 0.5425331 -0.5395373 0.4540733 -0.4564808
27278.453000 0.0942535 -0.0118490 1.3238584 0.5425517 -0.5395222 0.4540569 -0.4564928
27278.553000 0.0942562 -0.0118433 1.3238577 0.5425702 -0.5395073 0.4540407 -0.4565047
27278.653000 0.0942587 -0.0118375 1.3238571 0.5425889 -0.5394920 0.4540242 -0.4565169
27278.753000 0.0946845 -0.0119209 1.3238303 0.5426647 -0.5395653 0.4539030 -0.4564607
27278.854000 0.0947001 -0.0119179 1.3238288 0.5426850 -0.5395529 0.4538835 -0.4564707
27278.953000 0.0947023 -0.0119121 1.3238282 0.5427035 -0.5395376 0.4538672 -0.4564828
27279.053000 0.0942852 -0.0118181 1.3238536 0.5426654 -0.5394347 0.4539549 -0.4565626
27279.153000 0.0946891 -0.0118970 1.3238281 0.5427379 -0.5395036 0.4538393 -0.4565099
27279.253000 0.0942894 -0.0118067 1.3238524 0.5427023 -0.5394041 0.4539226 -0.4565870
27279.353000 0.0946972 -0.0118863 1.3238267 0.5427755 -0.5394736 0.4538059 -0.4565338
27279.453000 0.0947122 -0.0118833 1.3238253 0.5427957 -0.5394610 0.4537865 -0.4565440
27279.553000 0.0942949 -0.0117894 1.3238507 0.5427575 -0.5393580 0.4538743 -0.4566239
27279.653000 0.0947023 -0.0118689 1.3238250 0.5428306 -0.5394274 0.4537577 -0.4565708
27279.754000 0.0947171 -0.0118659 1.3238237 0.5428507 -0.5394147 0.4537385 -0.4565811
27279.853000 0.0942992 -0.0117721 1.3238491 0.5428123 -0.5393116 0.4538264 -0.4566611
27279.954000 0.0946982 -0.0118499 1.3238240 0.5428843 -0.5393793 0.4537119 -0.4566094
27280.053000 0.0943064 -0.0117616 1.3238478 0.5428493 -0.5392817 0.4537935 -0.4566852
27280.153000 0.0947090 -0.0118400 1.3238225 0.5429219 -0.5393499 0.4536781 -0.4566330
27280.253000 0.0947235 -0.0118371 1.3238211 0.5429419 -0.5393371 0.4536589 -0.4566434
27280.353000 0.0947245 -0.0118313 1.3238206 0.5429600 -0.5393215 0.4536431 -0.4566559
27280.453000 0.0943020 -0.0117368 1.3238464 0.5429208 -0.5392176 0.4537323 -0.4567367
27280.553000 0.0947091 -0.0118162 1.3238208 0.5429938 -0.5392868 0.4536159 -0.4566838
27280.653000 0.0947272 -0.0118140 1.3238192 0.5430144 -0.5392746 0.4535957 -0.4566937
27280.753000 0.0943086 -0.0117204 1.3238448 0.5429759 -0.5391713 0.4536838 -0.4567740
27280.853000 0.0947154 -0.0117997 1.3238191 0.5430488 -0.5392405 0.4535675 -0.4567212
27280.953000 0.0943099 -0.0117089 1.3238439 0.5430120 -0.5391399 0.4536524 -0.4567994
27281.054000 0.0942932 -0.0116996 1.3238445 0.5430275 -0.5391207 0.4536411 -0.4568148
27281.153000 0.0947169 -0.0117824 1.3238178 0.5431029 -0.5391932 0.4535205 -0.4567593
27281.253000 0.0947306 -0.0117794 1.3238166 0.5431227 -0.5391802 0.4535016 -0.4567699
27281.353000 0.0947310 -0.0117736 1.3238162 0.5431406 -0.5391644 0.4534860 -0.4567827
27281.453000 0.0943119 -0.0116802 1.3238418 0.5431019 -0.5390610 0.4535742 -0.4568632
27281.554000 0.0942948 -0.0116709 1.3238424 0.5431174 -0.5390417 0.4535631 -0.4568787
27281.653000 0.0947182 -0.0117535 1.3238158 0.5431926 -0.5391141 0.4534426 -0.4568233
27281.753000 0.0947317 -0.0117506 1.3238146 0.5432122 -0.5391012 0.4534239 -0.4568339
27281.853000 0.0947317 -0.0117448 1.3238142 0.5432302 -0.5390851 0.4534082 -0.4568469
27281.953000 0.0947317 -0.0117390 1.3238138 0.5432481 -0.5390692 0.4533927 -0.4568598
27282.053000 0.0943122 -0.0116458 1.3238395 0.5432093 -0.5389657 0.4534811 -0.4569405
27282.153000 0.0947182 -0.0117247 1.3238139 0.5432820 -0.5390346 0.4533651 -0.4568878
27282.253000 0.0943118 -0.0116344 1.3238387 0.5432449 -0.5389338 0.4534502 -0.4569664
27282.353000 0.0942942 -0.0116250 1.3238394 0.5432604 -0.5389142 0.4534390 -0.4569821
27282.453000 0.0942939 -0.0116193 1.3238391 0.5432782 -0.5388982 0.4534236 -0.4569951
27282.553000 0.0947173 -0.0117018 1.3238125 0.5433532 -0.5389707 0.4533034 -0.4569398
27282.653000 0.0947298 -0.0116987 1.3238113 0.5433727 -0.5389574 0.4532848 -0.4569507
27282.754000 0.0943099 -0.0116057 1.3238370 0.5433338 -0.5388537 0.4533733 -0.4570315
27282.853000 0.0942921 -0.0115964 1.3238378 0.5433492 -0.5388341 0.4533622 -0.4570473
27282.953000 0.0942915 -0.0115906 1.3238374 0.5433669 -0.5388180 0.4533469 -0.4570604
27283.053000 0.0947143 -0.0116729 1.3238109 0.5434418 -0.5388903 0.4532268 -0.4570052
27283.153000 0.0943075 -0.0115828 1.3238358 0.5434046 -0.5387894 0.4533120 -0.4570839
27283.253000 0.0947129 -0.0116614 1.3238103 0.5434772 -0.5388581 0.4531962 -0.4570314
27283.353000 0.0947254 -0.0116584 1.3238091 0.5434966 -0.5388447 0.4531777 -0.4570424
27283.453000 0.0942966 -0.0115638 1.3238354 0.5434564 -0.5387392 0.4532683 -0.4571247
27283.553000 0.0942870 -0.0115563 1.3238356 0.5434727 -0.5387214 0.4532554 -0.4571392
27283.653000 0.0947094 -0.0116384 1.3238091 0.5435477 -0.5387934 0.4531353 -0.4570842
27283.754000 0.0943065 -0.0115493 1.3238337 0.5435108 -0.5386935 0.4532197 -0.4571622
27283.853000 0.0942840 -0.0115391 1.3238348 0.5435256 -0.5386726 0.4532097 -0.4571790
27283.953000 0.0947068 -0.0116212 1.3238082 0.5436006 -0.5387449 0.4530897 -0.4571238
27284.053000 0.0947186 -0.0116182 1.3238072 0.5436199 -0.5387313 0.4530713 -0.4571350
27284.153000 0.0947175 -0.0116124 1.3238069 0.5436374 -0.5387151 0.4530562 -0.4571482
27284.253000 0.0942968 -0.0115198 1.3238326 0.5435982 -0.5386113 0.4531448 -0.4572293
27284.353000 0.0946935 -0.0115964 1.3238077 0.5436696 -0.5386781 0.4530313 -0.4571783
27284.453000 0.0942861 -0.0115066 1.3238327 0.5436322 -0.5385770 0.4531166 -0.4572572
27284.553000 0.0946996 -0.0115867 1.3238067 0.5437058 -0.5386473 0.4529989 -0.4572036
27284.653000 0.0942917 -0.0114969 1.3238316 0.5436683 -0.5385461 0.4530844 -0.4572826
27284.753000 0.0942730 -0.0114876 1.3238325 0.5436835 -0.5385262 0.4530736 -0.4572987
27284.853000 0.0946952 -0.0115694 1.3238060 0.5437582 -0.5385983 0.4529538 -0.4572437
27284.954000 0.1049924 -0.0124386 1.3238049 0.5412341 -0.5411406 0.4550846 -0.4551159
27285.053000 0.1036847 -0.0124608 1.3239644 -0.5407602 0.5407980 -0.4556249 0.4555457
27285.153000 0.1032983 -0.0123636 1.3239867 0.5407222 -0.5406932 0.4557137 -0.4556264
27285.254000 0.1033114 -0.0123540 1.3239847 0.5407391 -0.5406748 0.4557010 -0.4556407
27285.353000 0.1033398 -0.0123484 1.3239818 0.5407592 -0.5406615 0.4556830 -0.4556508
27285.454000 0.1037900 -0.0124344 1.3239532 0.5408374 -0.5407376 0.4555585 -0.4555922
27285.553000 0.1034089 -0.0123407 1.3239752 0.5408042 -0.5406402 0.4556396 -0.4556660
27285.654000 0.1038390 -0.0124229 1.3239478 0.5408809 -0.5407138 0.4555184 -0.4556089
27285.753000 0.1034474 -0.0123275 1.3239705 0.5408474 -0.5406154 0.4556006 -0.4556832
27285.854000 0.1038844 -0.0124115 1.3239427 0.5409258 -0.5406913 0.4554766 -0.4556240
27285.953000 0.1034994 -0.0123179 1.3239651 0.5408938 -0.5405950 0.4555564 -0.4556965
27286.053000 0.1039263 -0.0124000 1.3239378 0.5409713 -0.5406693 0.4554343 -0.4556384
27286.153000 0.1039597 -0.0123971 1.3239347 0.5409959 -0.5406613 0.4554097 -0.4556434
27286.253000 0.1039795 -0.0123914 1.3239323 0.5410188 -0.5406504 0.4553883 -0.4556504
27286.353000 0.1039988 -0.0123856 1.3239301 0.5410417 -0.5406396 0.4553669 -0.4556574
27286.453000 0.1040178 -0.0123799 1.3239278 0.5410646 -0.5406288 0.4553456 -0.4556645
27286.553000 0.1137997 -0.0124629 1.3239255 -0.5408270 0.5408787 -0.4555436 0.4554519
27286.653000 0.1233148 -0.0124853 1.3239745 -0.5406862 0.5408053 -0.4556846 0.4555652
27286.753000 0.1421858 -0.0124716 1.3240414 -0.5406251 0.5407203 -0.4557770 0.4556461
27286.853000 0.1529586 -0.0123744 1.3239907 -0.5406882 0.5407233 -0.4557428 0.4556019
27286.953000 0.1620466 -0.0123721 1.3240676 -0.5405710 0.5406210 -0.4558825 0.4557226
27287.053000 0.1828501 -0.0124667 1.3239688 -0.5407363 0.5408090 -0.4556468 0.4555390
27287.153000 0.1928329 -0.0123767 1.3239942 -0.5406807 0.5407141 -0.4557497 0.4556148
27287.253000 0.2020438 -0.0123719 1.3240676 -0.5405736 0.5406183 -0.4558802 0.4557249
27287.353000 0.2221727 -0.0124729 1.3240430 -0.5406215 0.5407186 -0.4557810 0.4556485
27287.453000 0.2322821 -0.0124690 1.3240433 -0.5406224 0.5407051 -0.4557811 0.4556632
27287.553000 0.2420477 -0.0123758 1.3240679 -0.5405671 0.5406208 -0.4558851 0.4557248
27287.653000 0.2530195 -0.0123713 1.3239941 -0.5406859 0.5407122 -0.4557469 0.4556136
27287.753000 0.2633532 -0.0124623 1.3239675 -0.5407455 0.5408035 -0.4556389 0.4555425
27287.854000 0.2720683 -0.0123736 1.3240656 -0.5405811 0.5406218 -0.4558716 0.4557207
27287.953000 0.2828380 -0.0123686 1.3239924 -0.5406964 0.5407099 -0.4557373 0.4556135
27288.053000 0.3017260 -0.0123748 1.3240709 -0.5405682 0.5405930 -0.4558817 0.4557600
27288.153000 0.3223847 -0.0124657 1.3240400 -0.5406239 0.5407229 -0.4557800 0.4556414
27288.254000 0.3320512 -0.0123765 1.3240690 -0.5405609 0.5406179 -0.4558914 0.4557293
27288.353000 0.3323790 -0.0123670 1.3240640 -0.5405879 0.5406130 -0.4558679 0.4557265
27288.454000 0.3324117 -0.0123612 1.3240608 0.5406056 -0.5405978 0.4558530 -0.4557387
27288.554000 0.3328698 -0.0124483 1.3240320 0.5406825 -0.5406734 0.4557297 -0.4556810
27288.653000 0.3329066 -0.0124446 1.3240286 0.5407039 -0.5406621 0.4557093 -0.4556895
27288.753000 0.3325095 -0.0123472 1.3240514 0.5406681 -0.5405605 0.4557950 -0.4557667
27288.854000 0.3329490 -0.0124313 1.3240237 0.5407456 -0.5406355 0.4556721 -0.4557087
27288.953000 0.3325578 -0.0123358 1.3240462 0.5407118 -0.5405368 0.4557548 -0.4557833
27289.053000 0.3329829 -0.0124173 1.3240193 0.5407882 -0.5406100 0.4556342 -0.4557262
27289.153000 0.3330262 -0.0124162 1.3240156 0.5408137 -0.5406033 0.4556078 -0.4557303
27289.253000 0.3326239 -0.0123189 1.3240388 0.5407794 -0.5405034 0.4556918 -0.4558056
27289.353000 0.3326311 -0.0123104 1.3240372 0.5408003 -0.5404897 0.4556739 -0.4558149
27289.453000 0.3330788 -0.0123972 1.3240090 0.5408808 -0.5405685 0.4555464 -0.4557533
27289.553000 0.3326955 -0.0123046 1.3240311 0.5408491 -0.5404733 0.4556253 -0.4558250
27289.657000 0.3326889 -0.0122934 1.3240305 0.5408686 -0.5404569 0.4556102 -0.4558364
27289.753000 0.3327070 -0.0122878 1.3240283 0.5408913 -0.5404459 0.4555891 -0.4558437
27289.853000 0.3327241 -0.0122821 1.3240263 0.5409138 -0.5404347 0.4555682 -0.4558512
27289.953000 0.3327392 -0.0122764 1.3240244 0.5409358 -0.5404231 0.4555478 -0.4558592
27290.053000 0.3332007 -0.0123620 1.3239947 0.5410205 -0.5405055 0.4554157 -0.4557929
27290.153000 0.3327978 -0.0122679 1.3240184 0.5409853 -0.5404062 0.4554994 -0.4558687
27290.253000 0.3332141 -0.0123489 1.3239923 0.5410612 -0.5404789 0.4553796 -0.4558122
27290.353000 0.3328275 -0.0122566 1.3240147 0.5410294 -0.5403829 0.4554587 -0.4558848
27290.453000 0.3328296 -0.0122481 1.3240136 0.5410498 -0.5403686 0.4554414 -0.4558947
27290.553000 0.3328449 -0.0122424 1.3240117 0.5410719 -0.5403571 0.4554209 -0.4559026
27290.653000 0.3328600 -0.0122367 1.3240099 0.5410940 -0.5403455 0.4554005 -0.4559106
27290.753000 0.3332983 -0.0123222 1.3239823 0.5411730 -0.5404228 0.4552751 -0.4558504
27290.853000 0.3329025 -0.0122281 1.3240054 0.5411398 -0.5403248 0.4553566 -0.4559246
27290.953000 0.3329037 -0.0122196 1.3240044 0.5411599 -0.5403103 0.4553396 -0.4559349
27291.053000 0.3329177 -0.0122140 1.3240027 0.5411817 -0.5402984 0.4553195 -0.4559431
27291.154000 0.3333468 -0.0122975 1.3239757 0.5412596 -0.5403734 0.4551963 -0.4558849
27291.253000 0.3329584 -0.0122055 1.3239984 0.5412269 -0.5402772 0.4552762 -0.4559578
27291.353000 0.3329581 -0.0121969 1.3239975 0.5412467 -0.5402623 0.4552598 -0.4559685
27291.463000 0.3425867 -0.0124603 1.3240406 -0.5406451 0.5407009 -0.4557616 0.4556607
27291.553000 0.3424040 -0.0123680 1.3240621 -0.5405955 0.5406106 -0.4558598 0.4557286
27291.653000 0.3424222 -0.0123593 1.3240598 0.5406120 -0.5405928 0.4558474 -0.4557426
27291.753000 0.3424515 -0.0123537 1.3240569 0.5406317 -0.5405789 0.4558298 -0.4557533
27291.853000 0.3424789 -0.0123480 1.3240540 0.5406523 -0.5405659 0.4558111 -0.4557629
27291.953000 0.3724483 -0.0124646 1.3239696 -0.5407301 0.5408036 -0.4556539 0.4555457
27292.053000 0.4014107 -0.0123856 1.3240737 -0.5405416 0.5405968 -0.4559023 0.4557665
27292.153000 0.4324441 -0.0123965 1.3240119 -0.5406051 0.5407035 -0.4558131 0.4556537
27292.253000 0.4711645 -0.0123905 1.3240725 -0.5405531 0.5405993 -0.4558915 0.4557606
27292.353000 0.5018515 -0.0123682 1.3240399 -0.5405927 0.5406172 -0.4558616 0.4557223
27292.453000 0.5422111 -0.0124178 1.3239914 -0.5406894 0.5407469 -0.4557196 0.4555957
27292.553000 0.5727464 -0.0124684 1.3239694 -0.5407265 0.5408081 -0.4556556 0.4555430
27292.655000 0.6020422 -0.0123777 1.3239949 -0.5406723 0.5407169 -0.4557580 0.4556132
27292.753000 0.6415159 -0.0123756 1.3240700 -0.5405536 0.5406192 -0.4558984 0.4557295
27292.853000 0.6628145 -0.0123735 1.3239955 -0.5406759 0.5407103 -0.4557562 0.4556185
27292.953000 0.6636795 -0.0124564 1.3239644 -0.5407650 0.5407889 -0.4556227 0.4555530
27293.053000 0.6637250 -0.0124530 1.3239605 0.5407853 -0.5407754 0.4556037 -0.4555638
27293.153000 0.6637549 -0.0124472 1.3239574 0.5408048 -0.5407610 0.4555865 -0.4555750
27293.253000 0.6633633 -0.0123506 1.3239801 0.5407687 -0.5406596 0.4556723 -0.4556524
27293.353000 0.6733131 -0.0124595 1.3239530 -0.5407599 0.5408142 -0.4556246 0.4555272
27293.453000 0.6728093 -0.0124628 1.3240383 -0.5406460 0.5407054 -0.4557599 0.4556561
27293.553000 0.6724189 -0.0123651 1.3240606 0.5406062 -0.5406010 0.4558508 -0.4557363
27293.653000 0.6728558 -0.0124475 1.3240331 0.5406799 -0.5406719 0.4557332 -0.4556824
27293.753000 0.6729015 -0.0124456 1.3240292 0.5407022 -0.5406622 0.4557109 -0.4556897
27293.853000 0.6725046 -0.0123482 1.3240520 0.5406663 -0.5405604 0.4557968 -0.4557671
27293.953000 0.6725165 -0.0123397 1.3240501 0.5406861 -0.5405455 0.4557803 -0.4557778
27294.053000 0.6729558 -0.0124239 1.3240224 0.5407638 -0.5406212 0.4556570 -0.4557191
27294.153000 0.6725768 -0.0123313 1.3240441 0.5407322 -0.5405253 0.4557360 -0.4557915
27294.253000 0.6827448 -0.0124636 1.3240168 -0.5406637 0.5407466 -0.4557365 0.4556097
27294.353000 0.7022960 -0.0124906 1.3240477 -0.5406059 0.5407084 -0.4557917 0.4556682
27294.453000 0.7124999 -0.0124720 1.3240402 -0.5406255 0.5407224 -0.4557765 0.4556435
27294.553000 0.7228661 -0.0123756 1.3239905 -0.5406853 0.5407274 -0.4557448 0.4555985
27294.653000 0.7324475 -0.0123668 1.3240399 -0.5405952 0.5406143 -0.4558598 0.4557246
27294.753000 0.7425379 -0.0124647 1.3240477 -0.5406200 0.5406735 -0.4557851 0.4556996
27294.853000 0.7533498 -0.0124700 1.3239700 -0.5407317 0.5407943 -0.4556486 0.4555602
27294.953000 0.7628527 -0.0123730 1.3239916 -0.5406946 0.5407170 -0.4557365 0.4556081
27295.054000 0.7720569 -0.0123700 1.3240658 -0.5405818 0.5406180 -0.4558727 0.4557232
27295.153000 0.7928415 -0.0122859 1.3239893 -0.5406977 0.5407106 -0.4557663 0.4555821
27295.253000 0.8028217 -0.0123692 1.3239955 -0.5406757 0.5407106 -0.4557582 0.4556164
27295.353000 0.8215595 -0.0123738 1.3240661 -0.5405677 0.5406313 -0.4558847 0.4557121
27295.453000 0.8329841 -0.0123520 1.3239861 -0.5406661 0.5407066 -0.4557969 0.4555938
27295.553000 0.8420368 -0.0123793 1.3240705 -0.5405628 0.5405950 -0.4558824 0.4557633
27295.653000 0.8533503 -0.0124622 1.3239675 -0.5407477 0.5408013 -0.4556371 0.4555445
27295.753000 0.8620449 -0.0123784 1.3240695 -0.5405620 0.5406123 -0.4558883 0.4557378
27295.853000 0.8623786 -0.0123670 1.3240640 -0.5405901 0.5406108 -0.4558661 0.4557284
27295.953000 0.8624113 -0.0123612 1.3240609 0.5406077 -0.5405956 0.4558512 -0.4557405
27296.054000 0.8628610 -0.0124465 1.3240326 0.5406835 -0.5406694 0.4557300 -0.4556843
27296.153000 0.8624828 -0.0123528 1.3240542 0.5406490 -0.5405708 0.4558126 -0.4557595
27296.253000 0.8624959 -0.0123443 1.3240523 0.5406683 -0.5405554 0.4557966 -0.4557708
27296.354000 0.8625209 -0.0123386 1.3240496 0.5406900 -0.5405434 0.4557767 -0.4557793
27296.453000 0.8625446 -0.0123330 1.3240470 0.5407120 -0.5405318 0.4557563 -0.4557873
27296.553000 0.8629868 -0.0124181 1.3240191 0.5407909 -0.5406085 0.4556314 -0.4557276
27296.653000 0.8626026 -0.0123246 1.3240412 0.5407587 -0.5405121 0.4557113 -0.4558003
27296.753000 0.8630299 -0.0124067 1.3240143 0.5408361 -0.5405863 0.4555893 -0.4557423
27296.853000 0.8630677 -0.0124048 1.3240109 0.5408612 -0.5405790 0.4555638 -0.4557467
27296.953000 0.8626641 -0.0123076 1.3240342 0.5408269 -0.5404793 0.4556477 -0.4558219
27297.053000 0.8626701 -0.0122991 1.3240327 0.5408479 -0.5404656 0.4556297 -0.4558311
27297.153000 0.8626888 -0.0122934 1.3240305 0.5408707 -0.5404546 0.4556085 -0.4558383
27297.253000 0.8627069 -0.0122877 1.3240284 0.5408933 -0.5404436 0.4555874 -0.4558456
27297.353000 0.8627240 -0.0122821 1.3240263 0.5409158 -0.5404324 0.4555665 -0.4558531
27297.453000 0.8631586 -0.0123669 1.3239990 0.5409944 -0.5405088 0.4554420 -0.4557937
27297.553000 0.8627906 -0.0122736 1.3240196 0.5409671 -0.5404174 0.4555160 -0.4558605
27297.653000 0.8627846 -0.0122650 1.3240192 0.5409856 -0.5404012 0.4555010 -0.4558728
27297.754000 0.8627988 -0.0122594 1.3240175 0.5410075 -0.5403894 0.4554808 -0.4558810
27297.853000 0.8628141 -0.0122537 1.3240156 0.5410296 -0.5403778 0.4554603 -0.4558888
27297.953000 0.8632531 -0.0123393 1.3239880 0.5411087 -0.5404553 0.4553348 -0.4558285
27298.053000 0.8628579 -0.0122452 1.3240110 0.5410757 -0.5403576 0.4554160 -0.4559024
27298.153000 0.8628599 -0.0122367 1.3240099 0.5410961 -0.5403432 0.4553988 -0.4559125
27298.253000 0.8628748 -0.0122310 1.3240081 0.5411181 -0.5403316 0.4553784 -0.4559205
27298.353000 0.8628894 -0.0122253 1.3240062 0.5411400 -0.5403198 0.4553581 -0.4559286
27298.453000 0.8629037 -0.0122196 1.3240045 0.5411619 -0.5403080 0.4553379 -0.4559368
27298.553000 0.8629177 -0.0122139 1.3240027 0.5411837 -0.5402962 0.4553178 -0.4559451
27298.653000 0.8633550 -0.0122993 1.3239752 0.5412624 -0.5403732 0.4551929 -0.4558852
27298.753000 0.8629580 -0.0122054 1.3239984 0.5412289 -0.5402749 0.4552746 -0.4559598
27298.853000 0.8629581 -0.0121969 1.3239976 0.5412487 -0.5402601 0.4552581 -0.4559704
27298.953000 0.8629711 -0.0121912 1.3239959 0.5412702 -0.5402479 0.4552383 -0.4559790
27299.053000 0.8634113 -0.0122773 1.3239683 0.5413493 -0.5403253 0.4551125 -0.4559190
27299.153000 0.8630092 -0.0121826 1.3239919 0.5413148 -0.5402260 0.4551958 -0.4559944
27299.253000 0.8630084 -0.0121741 1.3239911 0.5413343 -0.5402109 0.4551796 -0.4560054
27299.353000 0.8630203 -0.0121684 1.3239895 0.5413555 -0.5401985 0.4551601 -0.4560143
27299.453000 0.8630320 -0.0121627 1.3239880 0.5413767 -0.5401859 0.4551408 -0.4560234
27299.553000 0.8634711 -0.0122487 1.3239604 0.5414554 -0.5402630 0.4550154 -0.4559637
27299.653000 0.8630675 -0.0121541 1.3239842 0.5414205 -0.5401634 0.4550992 -0.4560396
27299.753000 0.8630655 -0.0121456 1.3239835 0.5414397 -0.5401479 0.4550833 -0.4560510
27299.853000 0.8630762 -0.0121399 1.3239821 0.5414606 -0.5401351 0.4550643 -0.4560603
27299.953000 0.8728221 -0.0123614 1.3239936 0.5407164 -0.5406850 0.4557208 -0.4556359
27300.053000 0.8828297 -0.0123696 1.3239928 -0.5406913 0.5407136 -0.4557417 0.4556108
27300.153000 0.8933933 -0.0124632 1.3239633 -0.5407418 0.5408126 -0.4556424 0.4555326
27300.253000 0.8932531 -0.0123687 1.3239908 -0.5407006 0.5407099 -0.4557328 0.4556130
27300.353000 0.8932778 -0.0123604 1.3239881 0.5407178 -0.5406913 0.4557197 -0.4556278
27300.453000 0.8933085 -0.0123546 1.3239850 0.5407370 -0.5406764 0.4557029 -0.4556395
27300.553000 0.8937607 -0.0124407 1.3239563 0.5408143 -0.5407516 0.4555795 -0.4555820
27300.653000 0.8938005 -0.0124378 1.3239526 0.5408370 -0.5407416 0.4555572 -0.4555892
27300.753000 0.9020488 -0.0123759 1.3240687 -0.5405680 0.5406138 -0.4558842 0.4557330
27300.853000 0.9123667 -0.0124635 1.3240429 -0.5406247 0.5407074 -0.4557812 0.4556576
27300.953000 0.9328811 -0.0124912 1.3239854 -0.5406643 0.5407950 -0.4557043 0.4555838
27301.053000 0.9420780 -0.0123861 1.3240680 -0.5405611 0.5406011 -0.4558783 0.4557620
27301.153000 0.9530079 -0.0123753 1.3239966 -0.5406728 0.5407026 -0.4557573 0.4556302
27301.253000 0.9721881 -0.0124659 1.3240408 -0.5406266 0.5407181 -0.4557779 0.4556462
27301.353000 0.9820564 -0.0123753 1.3240674 -0.5405721 0.5406198 -0.4558803 0.4557250
27301.453000 0.9920487 -0.0123718 1.3240672 -0.5405728 0.5406214 -0.4558807 0.4557218
27301.553000 1.0128591 -0.0124640 1.3239674 -0.5407396 0.5408096 -0.4556444 0.4555370
27301.653000 1.0224096 -0.0124682 1.3240386 -0.5406300 0.5407214 -0.4557734 0.4556427
27301.753000 1.0333437 -0.0124845 1.3239713 -0.5406862 0.5408203 -0.4556866 0.4555453
27301.853000 1.0420780 -0.0123861 1.3240680 -0.5405611 0.5406012 -0.4558784 0.4557620
27301.953000 1.0529048 -0.0123895 1.3239972 -0.5406366 0.5407336 -0.4557851 0.4556085
27302.054000 1.0536767 -0.0124569 1.3239647 -0.5407634 0.5407903 -0.4556240 0.4555519
27302.153000 1.0537225 -0.0124535 1.3239607 0.5407838 -0.5407766 0.4556051 -0.4555628
27302.254000 1.0533331 -0.0123568 1.3239833 0.5407467 -0.5406740 0.4556922 -0.4556415
27302.353000 1.0533439 -0.0123474 1.3239814 0.5407647 -0.5406570 0.4556781 -0.4556544
27302.453000 1.0533703 -0.0123417 1.3239786 0.5407858 -0.5406444 0.4556589 -0.4556636
27302.554000 1.0538187 -0.0124277 1.3239501 0.5408645 -0.5407213 0.4555338 -0.4556041
27302.653000 1.0534279 -0.0123322 1.3239727 0.5408307 -0.5406226 0.4556164 -0.4556787
27302.753000 1.0538657 -0.0124163 1.3239448 0.5409089 -0.5406984 0.4554926 -0.4556197
27302.854000 1.0539007 -0.0124133 1.3239415 0.5409332 -0.5406900 0.4554683 -0.4556250
27302.953000 1.0539220 -0.0124076 1.3239391 0.5409560 -0.5406790 0.4554472 -0.4556322
27303.053000 1.0539427 -0.0124019 1.3239367 0.5409788 -0.5406681 0.4554259 -0.4556394
27303.153000 1.0535476 -0.0123065 1.3239597 0.5409455 -0.5405703 0.4555078 -0.4557130
27303.253000 1.0539691 -0.0123875 1.3239328 0.5410227 -0.5406436 0.4553865 -0.4556556
27303.353000 1.0540017 -0.0123846 1.3239297 0.5410474 -0.5406356 0.4553618 -0.4556605
27303.453000 1.0540208 -0.0123789 1.3239275 0.5410703 -0.5406248 0.4553405 -0.4556675
27303.553000 1.0536205 -0.0122827 1.3239509 0.5410367 -0.5405261 0.4554231 -0.4557418
27303.653000 1.0540467 -0.0123645 1.3239236 0.5411146 -0.5406008 0.4553005 -0.4556832
27303.753000 1.0540867 -0.0123616 1.3239198 0.5411412 -0.5405946 0.4552736 -0.4556858
27303.853000 1.0536680 -0.0122664 1.3239452 0.5411029 -0.5404918 0.4553615 -0.4557655
27303.953000 1.0536657 -0.0122560 1.3239442 0.5411232 -0.5404765 0.4553451 -0.4557759
27304.053000 1.0536830 -0.0122504 1.3239421 0.5411457 -0.5404656 0.4553242 -0.4557831
27304.154000 1.0541226 -0.0123357 1.3239141 0.5412253 -0.5405429 0.4551981 -0.4557228
27304.253000 1.0541519 -0.0123329 1.3239113 0.5412494 -0.5405343 0.4551741 -0.4557283
27304.353000 1.0541674 -0.0123271 1.3239094 0.5412716 -0.5405228 0.4551536 -0.4557361
27304.453000 1.0537632 -0.0122311 1.3239333 0.5412372 -0.5404232 0.4552372 -0.4558115
27304.553000 1.0541841 -0.0123127 1.3239065 0.5413139 -0.5404967 0.4551161 -0.4557542
27304.653000 1.0537840 -0.0122178 1.3239301 0.5412800 -0.5403980 0.4551987 -0.4558290
27304.753000 1.0542047 -0.0122995 1.3239033 0.5413566 -0.5404714 0.4550777 -0.4557719
27304.853000 1.0542398 -0.0122983 1.3239003 0.5413813 -0.5404639 0.4550523 -0.4557768
27304.954000 1.0538256 -0.0122006 1.3239248 0.5413453 -0.5403622 0.4551386 -0.4558540
27305.054000 1.0542536 -0.0122839 1.3238976 0.5414228 -0.5404370 0.4550157 -0.4557958
27305.153000 1.0542796 -0.0122810 1.3238951 0.5414461 -0.5404276 0.4549928 -0.4558023
27305.253000 1.0542923 -0.0122752 1.3238935 0.5414675 -0.5404153 0.4549731 -0.4558110
27305.353000 1.0625960 -0.0124605 1.3240391 -0.5406534 0.5406975 -0.4557535 0.4556631
27305.453000 1.0628348 -0.0124583 1.3240359 -0.5406589 0.5406936 -0.4557493 0.4556654
27305.553000 1.0628659 -0.0124526 1.3240328 -0.5406776 0.5406789 -0.4557331 0.4556770
27305.653000 1.0624712 -0.0123552 1.3240554 0.5406404 -0.5405763 0.4558204 -0.4557554
27305.753000 1.0629045 -0.0124375 1.3240281 0.5407159 -0.5406487 0.4557006 -0.4556997
27305.853000 1.0733381 -0.0124834 1.3239706 -0.5406980 0.5408228 -0.4556744 0.4555405
27305.953000 1.0819531 -0.0123794 1.3240693 -0.5405624 0.5406133 -0.4558874 0.4557370
27306.053000 1.0828066 -0.0124598 1.3240382 -0.5406478 0.5407007 -0.4557598 0.4556597
27306.153000 1.0824325 -0.0123658 1.3240596 0.5406106 -0.5406000 0.4558459 -0.4557371
27306.253000 1.0931463 -0.0124586 1.3239674 -0.5407523 0.5407964 -0.4556342 0.4555477
27306.353000 1.0932847 -0.0123661 1.3239881 0.5407165 -0.5406978 0.4557185 -0.4556228
27306.453000 1.0932986 -0.0123564 1.3239860 0.5407330 -0.5406787 0.4557066 -0.4556379
27306.554000 1.0937514 -0.0124424 1.3239573 0.5408099 -0.5407536 0.4555837 -0.4555807
27306.653000 1.0933724 -0.0123487 1.3239792 0.5407758 -0.5406553 0.4556658 -0.4556556
27306.753000 1.1035236 -0.0124621 1.3239516 -0.5407584 0.5408217 -0.4556241 0.4555204
27306.853000 1.1126148 -0.0124718 1.3240261 -0.5406467 0.5406972 -0.4557463 0.4556786
27306.954000 1.1233387 -0.0124842 1.3239706 -0.5406956 0.5408252 -0.4556764 0.4555385
27307.053000 1.1430700 -0.0124676 1.3239661 -0.5407400 0.5408158 -0.4556418 0.4555317
27307.153000 1.1516901 -0.0123367 1.3241035 0.5405373 -0.5405104 0.4559686 -0.4558075
27307.254000 1.1620258 -0.0123765 1.3240714 -0.5405484 0.5406120 -0.4559041 0.4557384
27307.353000 1.1723785 -0.0124619 1.3240411 -0.5406333 0.5407097 -0.4557728 0.4556532
27307.453000 1.1917668 -0.0123766 1.3240653 -0.5405702 0.5406335 -0.4558807 0.4557104
27307.553000 1.2032686 -0.0124860 1.3239776 -0.5406830 0.5408018 -0.4556858 0.4555719
27307.653000 1.2125668 -0.0124705 1.3240440 -0.5406187 0.5407016 -0.4557833 0.4556695
27307.753000 1.2233516 -0.0124702 1.3239696 -0.5407300 0.5408002 -0.4556510 0.4555528
27307.853000 1.2328389 -0.0123756 1.3239937 -0.5406826 0.5407168 -0.4557480 0.4556111
27307.953000 1.2433440 -0.0124628 1.3239679 -0.5407429 0.5408036 -0.4556415 0.4555430
27308.053000 1.2436977 -0.0124583 1.3239631 -0.5407672 0.5407913 -0.4556192 0.4555510
27308.153000 1.2534396 -0.0124656 1.3239599 -0.5407466 0.5408149 -0.4556363 0.4555304
27308.253000 1.2536833 -0.0124611 1.3239645 -0.5407594 0.5407987 -0.4556255 0.4555452
27308.353000 1.2532885 -0.0123620 1.3239874 0.5407203 -0.5406920 0.4557164 -0.4556273
27308.453000 1.2537341 -0.0124461 1.3239590 0.5407954 -0.5407644 0.4555964 -0.4555722
27308.554000 1.2537755 -0.0124432 1.3239553 0.5408173 -0.5407535 0.4555751 -0.4555804
27308.653000 1.2538021 -0.0124374 1.3239525 0.5408383 -0.5407408 0.4555560 -0.4555898
27308.753000 1.2620523 -0.0123742 1.3240670 -0.5405769 0.5406184 -0.4558759 0.4557254
27308.853000 1.2720496 -0.0123717 1.3240671 -0.5405735 0.5406215 -0.4558800 0.4557215
27308.953000 1.2833512 -0.0124620 1.3239674 -0.5407485 0.5408011 -0.4556364 0.4555445
27309.054000 1.3017670 -0.0123762 1.3240658 -0.5405679 0.5406336 -0.4558832 0.4557106
27309.153000 1.3120720 -0.0123737 1.3240650 -0.5405680 0.5406325 -0.4558846 0.4557104
27309.253000 1.3220184 -0.0123765 1.3240733 -0.5405506 0.5405903 -0.4559001 0.4557656
27309.353000 1.3318449 -0.0123737 1.3240698 -0.5405595 0.5406148 -0.4558943 0.4557317
27309.453000 1.3433491 -0.0124611 1.3239668 -0.5407515 0.5408001 -0.4556337 0.4555447
27309.553000 1.3533715 -0.0124634 1.3239657 -0.5407533 0.5408038 -0.4556305 0.4555414
27309.653000 1.3620768 -0.0123722 1.3240647 -0.5405854 0.5406195 -0.4558680 0.4557219
27309.753000 1.3628260 -0.0124564 1.3240364 -0.5406577 0.5406918 -0.4557515 0.4556668
27309.853000 1.3628660 -0.0124526 1.3240328 -0.5406774 0.5406791 -0.4557332 0.4556768
27309.953000 1.3628948 -0.0124469 1.3240299 0.5406975 -0.5406652 0.4557152 -0.4556874
27310.053000 1.3624980 -0.0123495 1.3240526 0.5406612 -0.5405633 0.4558016 -0.4557650
27310.153000 1.3629300 -0.0124318 1.3240254 0.5407373 -0.5406364 0.4556810 -0.4557085
27310.253000 1.3629715 -0.0124299 1.3240217 0.5407616 -0.5406283 0.4556565 -0.4557139
27310.353000 1.3629947 -0.0124242 1.3240191 0.5407838 -0.5406169 0.4556359 -0.4557217
27310.453000 1.3625935 -0.0123269 1.3240422 0.5407492 -0.5405168 0.4557201 -0.4557972
27310.553000 1.3626017 -0.0123184 1.3240406 0.5407701 -0.5405029 0.4557023 -0.4558066
27310.653000 1.3626225 -0.0123128 1.3240382 0.5407928 -0.5404920 0.4556811 -0.4558138
27310.753000 1.3630704 -0.0123996 1.3240100 0.5408732 -0.5405709 0.4555537 -0.4557523
27310.853000 1.3626751 -0.0123042 1.3240329 0.5408401 -0.5404729 0.4556354 -0.4558261
27310.953000 1.3631004 -0.0123863 1.3240060 0.5409176 -0.5405472 0.4555133 -0.4557680
27311.053000 1.3627210 -0.0122948 1.3240279 0.5408867 -0.5404528 0.4555909 -0.4558391
27311.154000 1.3631360 -0.0123749 1.3240018 0.5409629 -0.5405251 0.4554712 -0.4557826
27311.253000 1.3631699 -0.0123730 1.3239987 0.5409875 -0.5405174 0.4554461 -0.4557875
27311.353000 1.3627586 -0.0122760 1.3240228 0.5409519 -0.5404163 0.4555317 -0.4558643
27311.453000 1.3627800 -0.0122674 1.3240199 0.5409767 -0.5404064 0.4555091 -0.4558690
27311.553000 1.3627926 -0.0122618 1.3240182 0.5409981 -0.5403944 0.4554895 -0.4558775
27311.653000 1.3628076 -0.0122561 1.3240164 0.5410203 -0.5403827 0.4554689 -0.4558855
27311.753000 1.3628231 -0.0122504 1.3240145 0.5410425 -0.5403712 0.4554484 -0.4558934
27311.853000 1.3628384 -0.0122447 1.3240126 0.5410647 -0.5403597 0.4554278 -0.4559012
27311.953000 1.3628536 -0.0122390 1.3240107 0.5410868 -0.5403481 0.4554074 -0.4559091
27312.053000 1.3632879 -0.0123236 1.3239834 0.5411654 -0.5404244 0.4552829 -0.4558497
27312.154000 1.3628965 -0.0122305 1.3240062 0.5411326 -0.5403275 0.4553634 -0.4559231
27312.253000 1.3633170 -0.0123122 1.3239798 0.5412093 -0.5404009 0.4552423 -0.4558660
27312.354000 1.3629251 -0.0122192 1.3240026 0.5411764 -0.5403039 0.4553230 -0.4559394
27312.453000 1.3532564 -0.0124543 1.3240418 -0.5406536 0.5406861 -0.4557564 0.4556735
27312.553000 1.3524059 -0.0123688 1.3240623 -0.5405942 0.5406117 -0.4558610 0.4557276
27312.654000 1.3521429 -0.0139152 1.3240705 -0.5360019 0.5451001 -0.4597131 0.4519201
27312.753000 1.3521729 -0.0139576 1.3240666 -0.5358793 0.5452280 -0.4598146 0.4518079
27312.853000 1.3522727 -0.0134758 1.3240633 -0.5373018 0.5438336 -0.4586313 0.4530001
27312.953000 1.3526966 -0.0140175 1.3240332 -0.5360871 0.5451910 -0.4595742 0.4518505
27313.053000 1.3530738 -0.0139817 1.3239904 -0.5359817 0.5453554 -0.4596787 0.4516709
27313.153000 1.3535856 -0.0135817 1.3239620 -0.5375057 0.5439935 -0.4583517 0.4528492
27313.253000 1.3535984 -0.0140407 1.3239564 -0.5362005 0.5452860 -0.4594263 0.4517517
27313.353000 1.3535149 -0.0140735 1.3239627 -0.5360998 0.5453792 -0.4595100 0.4516736
27313.453000 1.3536449 -0.0135741 1.3239562 -0.5375632 0.5439586 -0.4582920 0.4528832
27313.553000 1.3536340 -0.0140806 1.3239499 -0.5361116 0.5454244 -0.4594915 0.4516238
27313.653000 1.3535496 -0.0140983 1.3239564 -0.5360541 0.5454751 -0.4595396 0.4515820
27313.753000 1.3536426 -0.0135873 1.3239543 -0.5375364 0.5440115 -0.4583113 0.4528320
27313.854000 1.3535513 -0.0140478 1.3239586 -0.5361834 0.5453232 -0.4594414 0.4517118
27313.953000 1.3530464 -0.0139505 1.3239909 -0.5360325 0.5453223 -0.4596363 0.4516937
27314.053000 1.3531629 -0.0134888 1.3239857 -0.5373588 0.5440144 -0.4585389 0.4528088
27314.153000 1.3536202 -0.0140373 1.3239561 -0.5362193 0.5452757 -0.4594146 0.4517539
27314.253000 1.3522510 -0.0139436 1.3240595 -0.5358572 0.5452831 -0.4598375 0.4517442
27314.353000 1.3526897 -0.0140715 1.3240307 -0.5359269 0.5453569 -0.4597081 0.4517041
27314.453000 1.3523636 -0.0134301 1.3240547 -0.5373599 0.5437970 -0.4585921 0.4530147
27314.553000 1.3522675 -0.0138871 1.3240605 -0.5359686 0.5451310 -0.4597610 0.4518736
27314.653000 1.3521353 -0.0139151 1.3240702 -0.5358600 0.5452216 -0.4598545 0.4517978
27314.753000 1.3522276 -0.0134329 1.3240666 -0.5372864 0.5438290 -0.4586660 0.4529887
27314.853000 1.3526399 -0.0140326 1.3240366 -0.5360562 0.5452154 -0.4595992 0.4518324
27314.953000 1.3534646 -0.0141173 1.3239644 -0.5359867 0.5454967 -0.4595996 0.4515749
27315.053000 1.3535905 -0.0135982 1.3239581 -0.5374908 0.5440343 -0.4583508 0.4528188
27315.153000 1.3536421 -0.0140744 1.3239490 -0.5361567 0.5453903 -0.4594533 0.4516505
27315.253000 1.3522508 -0.0139014 1.3240557 -0.5359225 0.5452633 -0.4597847 0.4517445
27315.353000 1.3527266 -0.0135595 1.3240300 -0.5373924 0.5439352 -0.4584912 0.4529125
27315.453000 1.3522661 -0.0138834 1.3240619 -0.5360310 0.5450994 -0.4597002 0.4518994
27315.553000 1.3529905 -0.0139243 1.3239954 -0.5359497 0.5453595 -0.4597281 0.4516536
27315.653000 1.3530552 -0.0134289 1.3239946 -0.5373541 0.5439636 -0.4585654 0.4528488
27315.753000 1.3534342 -0.0140674 1.3239693 -0.5360974 0.5453202 -0.4595252 0.4517323
27315.853000 1.3533555 -0.0141120 1.3239740 -0.5359379 0.5454778 -0.4596560 0.4515983
27315.953000 1.3533730 -0.0141130 1.3239707 -0.5358999 0.5455165 -0.4596878 0.4515641
27316.053000 1.3535571 -0.0135775 1.3239590 -0.5374452 0.5440481 -0.4583973 0.4528092
27316.153000 1.3537086 -0.0140784 1.3239436 -0.5361661 0.5453991 -0.4594405 0.4516416
27316.253000 1.3535880 -0.0141165 1.3239515 -0.5359982 0.5455559 -0.4595826 0.4515068
27316.353000 1.3532416 -0.0134633 1.3239772 -0.5372926 0.5441207 -0.4586017 0.4526961
27316.453000 1.3535350 -0.0140686 1.3239631 -0.5361146 0.5453520 -0.4595119 0.4516870
27316.553000 1.3521831 -0.0138809 1.3240658 -0.5358471 0.5452719 -0.4598823 0.4517241
27316.653000 1.3522949 -0.0134005 1.3240590 -0.5372309 0.5439281 -0.4587307 0.4528702
27316.753000 1.3527462 -0.0140171 1.3240248 -0.5360785 0.5452417 -0.4595895 0.4517840
27316.853000 1.3522539 -0.0138883 1.3240560 -0.5358536 0.5453222 -0.4598620 0.4516763
27316.953000 1.3523123 -0.0134151 1.3240554 -0.5372030 0.5439840 -0.4587433 0.4528233
27317.053000 1.3526185 -0.0140492 1.3240455 -0.5360574 0.5452099 -0.4595983 0.4518385
27317.153000 1.3530633 -0.0139343 1.3239894 -0.5359107 0.5454440 -0.4597514 0.4515742
27317.254000 1.3531194 -0.0134422 1.3239885 -0.5372940 0.5440739 -0.4586106 0.4527418
27317.353000 1.3532001 -0.0139557 1.3239865 -0.5360804 0.5452969 -0.4595904 0.4517143
27317.453000 1.3521566 -0.0138767 1.3240666 -0.5358314 0.5453010 -0.4598948 0.4516949
27317.553000 1.3522710 -0.0134100 1.3240608 -0.5371846 0.5439806 -0.4587680 0.4528241
27317.654000 1.3523353 -0.0138368 1.3240549 -0.5360465 0.5451283 -0.4596977 0.4518487
27317.753000 1.3522130 -0.0138657 1.3240620 -0.5358823 0.5452764 -0.4598406 0.4517194
27317.853000 1.3523268 -0.0134018 1.3240570 -0.5372169 0.5439636 -0.4587350 0.4528397
27317.953000 1.3527511 -0.0139075 1.3240323 -0.5360919 0.5451916 -0.4596206 0.4517969
27318.053000 1.3534263 -0.0139181 1.3239739 -0.5361074 0.5453455 -0.4595720 0.4516422
27318.153000 1.3535221 -0.0135661 1.3239651 -0.5374811 0.5439965 -0.4583542 0.4528723
27318.253000 1.3534279 -0.0140834 1.3239695 -0.5360966 0.5453318 -0.4595109 0.4517338
27318.353000 1.3533310 -0.0141331 1.3239757 -0.5359223 0.5455003 -0.4596554 0.4515901
27318.453000 1.3535011 -0.0136539 1.3239643 -0.5373143 0.5441825 -0.4584945 0.4527046
27318.554000 1.3532998 -0.0139217 1.3239698 -0.5360548 0.5454148 -0.4596135 0.4515787
27318.653000 1.3535376 -0.0141373 1.3239537 -0.5359609 0.5456173 -0.4596074 0.4514518
27318.753000 1.3532676 -0.0134627 1.3239755 -0.5372667 0.5441814 -0.4586195 0.4526358
27318.853000 1.3532079 -0.0138471 1.3239827 -0.5361421 0.5452064 -0.4595644 0.4517766
27318.954000 1.3534667 -0.0141381 1.3239662 -0.5359177 0.5455448 -0.4596546 0.4515426
27319.053000 1.3535817 -0.0136744 1.3239598 -0.5372674 0.5442442 -0.4585315 0.4526488
27319.153000 1.3535616 -0.0140921 1.3239557 -0.5361187 0.5454202 -0.4594843 0.4516279
27319.253000 1.3531214 -0.0139135 1.3239839 -0.5359436 0.5454680 -0.4597265 0.4515314
27319.353000 1.3535525 -0.0136709 1.3239600 -0.5372608 0.5442734 -0.4585425 0.4526102
27319.453000 1.3535082 -0.0140968 1.3239641 -0.5360749 0.5453925 -0.4595306 0.4516662
27319.553000 1.3534216 -0.0141254 1.3239701 -0.5359550 0.5455063 -0.4596316 0.4515683
27319.653000 1.3535233 -0.0136552 1.3239656 -0.5373205 0.5441759 -0.4584905 0.4527093
27319.753000 1.3531521 -0.0138478 1.3239851 -0.5361760 0.5452103 -0.4595241 0.4517728
27319.853000 1.3530425 -0.0138923 1.3239926 -0.5359799 0.5453919 -0.4596921 0.4516153
27319.953000 1.3530721 -0.0138981 1.3239893 -0.5359385 0.5454337 -0.4597271 0.4515784
27320.053000 1.3535501 -0.0136113 1.3239620 -0.5374284 0.5440891 -0.4583956 0.4527816
27320.153000 1.3535737 -0.0140870 1.3239579 -0.5361166 0.5453791 -0.4594935 0.4516706
27320.253000 1.3534549 -0.0141325 1.3239672 -0.5359508 0.5455317 -0.4596324 0.4515417
27320.353000 1.3532172 -0.0134188 1.3239865 -0.5373344 0.5440464 -0.4585808 0.4527570
27320.453000 1.3531166 -0.0138432 1.3239915 -0.5361108 0.5452153 -0.4595993 0.4517675
27320.553000 1.3530262 -0.0139017 1.3239981 -0.5359070 0.5454097 -0.4597690 0.4516021
27320.654000 1.3531256 -0.0134317 1.3239955 -0.5372504 0.5440785 -0.4586577 0.4527403
27320.753000 1.3533712 -0.0140733 1.3239784 -0.5360951 0.5452926 -0.4595271 0.4517664
27320.853000 1.3529853 -0.0139020 1.3240035 -0.5358941 0.5453817 -0.4597899 0.4516300
27320.954000 1.3534271 -0.0136601 1.3239769 -0.5372676 0.5441593 -0.4585493 0.4527325
27321.053000 1.3534313 -0.0141162 1.3239689 -0.5360268 0.5454274 -0.4595701 0.4516408
27321.153000 1.3530363 -0.0139171 1.3239954 -0.5358730 0.5454662 -0.4597973 0.4515454
27321.253000 1.3534594 -0.0136826 1.3239709 -0.5372283 0.5442526 -0.4585702 0.4526459
27321.353000 1.3534249 -0.0141202 1.3239693 -0.5361035 0.5453865 -0.4594830 0.4516880
27321.453000 1.3533663 -0.0141443 1.3239728 -0.5359731 0.5455186 -0.4595938 0.4515703
27321.553000 1.3534767 -0.0136575 1.3239696 -0.5373672 0.5441372 -0.4584370 0.4527547
27321.653000 1.3534019 -0.0141065 1.3239718 -0.5361080 0.5453436 -0.4594831 0.4517343
27321.754000 1.3533281 -0.0141460 1.3239770 -0.5359622 0.5454852 -0.4596034 0.4516140
27321.853000 1.3534507 -0.0136717 1.3239722 -0.5373160 0.5441634 -0.4584824 0.4527379
27321.953000 1.3534284 -0.0140719 1.3239692 -0.5361909 0.5452883 -0.4594229 0.4517638
27322.053000 1.3533405 -0.0141399 1.3239757 -0.5359604 0.5455108 -0.4596141 0.4515742
27322.153000 1.3534585 -0.0136660 1.3239719 -0.5373129 0.5441779 -0.4584931 0.4527133
27322.253000 1.3534133 -0.0141068 1.3239722 -0.5360801 0.5453767 -0.4595207 0.4516892
27322.353000 1.3533371 -0.0141436 1.3239777 -0.5359363 0.5455160 -0.4596398 0.4515704
27322.453000 1.3530861 -0.0138955 1.3239930 -0.5358955 0.5454570 -0.4597775 0.4515499
27322.553000 1.3534837 -0.0136083 1.3239722 -0.5374078 0.5440553 -0.4584240 0.4528179
27322.653000 1.3534384 -0.0140850 1.3239727 -0.5361198 0.5452958 -0.4594967 0.4517640
27322.753000 1.3530348 -0.0139083 1.3240004 -0.5358603 0.5454423 -0.4598163 0.4515698
27322.853000 1.3531491 -0.0134487 1.3239958 -0.5371541 0.5441696 -0.4587418 0.4526598
27322.954000 1.3534123 -0.0140972 1.3239773 -0.5360861 0.5453139 -0.4595131 0.4517657
27323.053000 1.3533536 -0.0141428 1.3239793 -0.5359560 0.5454465 -0.4596140 0.4516572
27323.153000 1.3531787 -0.0133984 1.3239942 -0.5373477 0.5439830 -0.4585644 0.4528340
27323.253000 1.3533504 -0.0141015 1.3239801 -0.5360776 0.5453187 -0.4595248 0.4517580
27323.353000 1.3532832 -0.0141484 1.3239847 -0.5359208 0.5454745 -0.4596506 0.4516279
27323.454000 1.3534483 -0.0136597 1.3239751 -0.5373223 0.5441347 -0.4584820 0.4527653
27323.553000 1.3535230 -0.0140897 1.3239608 -0.5361896 0.5453345 -0.4594107 0.4517221
27323.653000 1.3534328 -0.0141577 1.3239674 -0.5359444 0.5455713 -0.4596136 0.4515206
27323.753000 1.3532880 -0.0134200 1.3239807 -0.5372955 0.5441417 -0.4585980 0.4526713
27323.853000 1.3535178 -0.0141026 1.3239640 -0.5361339 0.5453454 -0.4594604 0.4517244
27323.953000 1.3534434 -0.0141462 1.3239692 -0.5359805 0.5454955 -0.4595838 0.4515998
27324.053000 1.3535423 -0.0136718 1.3239664 -0.5373102 0.5441821 -0.4584814 0.4527233
27324.154000 1.3532297 -0.0138580 1.3239843 -0.5361345 0.5452358 -0.4595618 0.4517528
27324.253000 1.3531189 -0.0138898 1.3239919 -0.5359266 0.5454286 -0.4597427 0.4515827
27324.353000 1.3531969 -0.0134387 1.3239900 -0.5371888 0.5441841 -0.4586968 0.4526468
27324.453000 1.3533486 -0.0141147 1.3239775 -0.5360675 0.5453615 -0.4595255 0.4517175
27324.553000 1.3532612 -0.0141601 1.3239842 -0.5359051 0.5455181 -0.4596569 0.4515875
27324.653000 1.3533753 -0.0136927 1.3239794 -0.5372247 0.5442267 -0.4585601 0.4526914
27324.753000 1.3531297 -0.0139119 1.3239921 -0.5360122 0.5453519 -0.4596592 0.4516588
27324.853000 1.3530196 -0.0138990 1.3239990 -0.5358924 0.5454576 -0.4597723 0.4515582
27324.953000 1.3534176 -0.0136808 1.3239741 -0.5372687 0.5442188 -0.4585189 0.4526905
27325.053000 1.3532712 -0.0138434 1.3239753 -0.5361705 0.5452888 -0.4595240 0.4516846
27325.153000 1.3534031 -0.0141605 1.3239675 -0.5359492 0.5455798 -0.4596037 0.4515147
27325.253000 1.3534543 -0.0136799 1.3239713 -0.5372886 0.5442028 -0.4585033 0.4527019
27325.353000 1.3530429 -0.0138533 1.3240040 -0.5360359 0.5452102 -0.4596801 0.4517804
27325.454000 1.3529374 -0.0138957 1.3240114 -0.5358174 0.5454150 -0.4598676 0.4516016
27325.553000 1.3532949 -0.0137222 1.3239893 -0.5370872 0.5442724 -0.4586957 0.4526622
27325.653000 1.3532839 -0.0141267 1.3239870 -0.5360756 0.5453155 -0.4595090 0.4517803
27325.753000 1.3532433 -0.0141657 1.3239864 -0.5359386 0.5454635 -0.4596173 0.4516540
27325.853000 1.3531596 -0.0134268 1.3239933 -0.5372782 0.5440942 -0.4586127 0.4527339
27325.953000 1.3531850 -0.0138266 1.3239838 -0.5361245 0.5452828 -0.4595831 0.4516865
27326.053000 1.3533174 -0.0141683 1.3239762 -0.5359031 0.5455740 -0.4596537 0.4515257
27326.153000 1.3534375 -0.0137020 1.3239729 -0.5372369 0.5442452 -0.4585450 0.4526700
27326.253000 1.3532062 -0.0138464 1.3239872 -0.5361039 0.5452384 -0.4595984 0.4517488
27326.353000 1.3530973 -0.0138922 1.3239957 -0.5358940 0.5454321 -0.4597761 0.4515832
27326.453000 1.3533813 -0.0137086 1.3239800 -0.5371645 0.5442566 -0.4586152 0.4526712
27326.553000 1.3530747 -0.0139475 1.3239978 -0.5360371 0.5452966 -0.4596293 0.4517264
27326.653000 1.3531600 -0.0141797 1.3239918 -0.5358355 0.5455520 -0.4597222 0.4515627
27326.753000 1.3533428 -0.0136940 1.3239827 -0.5372237 0.5442051 -0.4585654 0.4527131
27326.854000 1.3534460 -0.0141331 1.3239707 -0.5360758 0.5453637 -0.4595142 0.4517166
27326.953000 1.3533697 -0.0141683 1.3239767 -0.5359137 0.5455248 -0.4596477 0.4515787
27327.053000 1.3534647 -0.0136780 1.3239741 -0.5372910 0.5441698 -0.4585016 0.4527404
27327.153000 1.3533787 -0.0141467 1.3239759 -0.5360538 0.5453817 -0.4595233 0.4517117
27327.254000 1.3532870 -0.0141845 1.3239832 -0.5358809 0.5455458 -0.4596669 0.4515727
27327.353000 1.3533983 -0.0137304 1.3239787 -0.5371513 0.5442958 -0.4586114 0.4526435
27327.453000 1.3533033 -0.0141502 1.3239828 -0.5360407 0.5453619 -0.4595370 0.4517372
27327.553000 1.3527068 -0.0139007 1.3240302 -0.5359932 0.5452654 -0.4597123 0.4517317
27327.653000 1.3528533 -0.0134040 1.3240222 -0.5374293 0.5438878 -0.4585149 0.4529016
27327.753000 1.3529059 -0.0138445 1.3240088 -0.5362224 0.5451675 -0.4595031 0.4517907
27327.853000 1.3533357 -0.0141796 1.3239735 -0.5359921 0.5455306 -0.4595523 0.4515757
27327.953000 1.3534206 -0.0137156 1.3239738 -0.5373238 0.5441897 -0.4584517 0.4527281
27328.053000 1.3532151 -0.0139285 1.3239871 -0.5361003 0.5452865 -0.4595657 0.4517284
27328.154000 1.3529188 -0.0141152 1.3240148 -0.5359553 0.5453899 -0.4596639 0.4516756
27328.253000 1.3528318 -0.0134378 1.3240249 -0.5372279 0.5440674 -0.4586978 0.4527397
27328.353000 1.3526812 -0.0138694 1.3240330 -0.5360678 0.5451666 -0.4596594 0.4518163
27328.453000 1.3527512 -0.0141172 1.3240285 -0.5359121 0.5453684 -0.4597038 0.4517122
27328.554000 1.3528861 -0.0136626 1.3240226 -0.5372125 0.5441113 -0.4586247 0.4527792
27328.653000 1.3527546 -0.0138727 1.3240257 -0.5360631 0.5452439 -0.4596710 0.4517168
27328.753000 1.3526603 -0.0138727 1.3240322 -0.5359143 0.5453823 -0.4598057 0.4515891
27328.853000 1.3528131 -0.0133750 1.3240262 -0.5373181 0.5439962 -0.4586382 0.4527786
27328.953000 1.3530272 -0.0140824 1.3240069 -0.5361036 0.5452400 -0.4595420 0.4518047
27329.053000 1.3532865 -0.0141804 1.3239831 -0.5359334 0.5454852 -0.4596182 0.4516331
27329.153000 1.3533718 -0.0136963 1.3239809 -0.5372834 0.5441661 -0.4584955 0.4527600
27329.254000 1.3531212 -0.0139410 1.3239926 -0.5360657 0.5453348 -0.4595875 0.4516889
27329.353000 1.3526986 -0.0138773 1.3240285 -0.5359329 0.5453786 -0.4597705 0.4516072
27329.453000 1.3530020 -0.0136362 1.3240109 -0.5372813 0.5441194 -0.4585551 0.4527583
27329.553000 1.3530613 -0.0140835 1.3240000 -0.5361605 0.5452629 -0.4594792 0.4517733
27329.653000 1.3533059 -0.0141690 1.3239772 -0.5359983 0.5454978 -0.4595512 0.4516090
27329.753000 1.3532304 -0.0134297 1.3239883 -0.5373439 0.5440948 -0.4585372 0.4527318
27329.853000 1.3530646 -0.0139092 1.3239989 -0.5360465 0.5452980 -0.4596282 0.4517147
27329.953000 1.3531138 -0.0141871 1.3239964 -0.5358649 0.5455183 -0.4596843 0.4516070
27330.053000 1.3532783 -0.0136925 1.3239887 -0.5372637 0.5441572 -0.4585183 0.4527711
27330.153000 1.3531855 -0.0139076 1.3239885 -0.5360881 0.5452949 -0.4595863 0.4517117
27330.253000 1.3528022 -0.0138635 1.3240220 -0.5359448 0.5453587 -0.4597719 0.4516158
27330.353000 1.3528551 -0.0138527 1.3240177 -0.5359000 0.5454068 -0.4598088 0.4515734
27330.454000 1.3529440 -0.0133088 1.3240180 -0.5374113 0.5439046 -0.4585559 0.4528613
27330.553000 1.3528008 -0.0138261 1.3240255 -0.5361007 0.5451548 -0.4596520 0.4517991
27330.653000 1.3526958 -0.0138545 1.3240342 -0.5359381 0.5453099 -0.4597874 0.4516669
27330.753000 1.3527406 -0.0138403 1.3240308 -0.5359021 0.5453452 -0.4598178 0.4516361
27330.853000 1.3528885 -0.0133346 1.3240238 -0.5373280 0.5439651 -0.4586275 0.4528150
27330.953000 1.3530578 -0.0140792 1.3240027 -0.5361555 0.5452230 -0.4594874 0.4518191
27331.054000 1.3532224 -0.0141715 1.3239873 -0.5359868 0.5454472 -0.4595637 0.4516710
27331.153000 1.3532095 -0.0134106 1.3239935 -0.5373881 0.5440138 -0.4585031 0.4528112
27331.253000 1.3532190 -0.0141630 1.3239899 -0.5360168 0.5453637 -0.4595595 0.4517405
27331.353000 1.3531533 -0.0141974 1.3239952 -0.5358662 0.5455143 -0.4596799 0.4516147
27331.453000 1.3532472 -0.0136885 1.3239934 -0.5372682 0.5441227 -0.4585183 0.4528072
27331.553000 1.3531296 -0.0141633 1.3239965 -0.5360165 0.5453246 -0.4595640 0.4517834
27331.653000 1.3530440 -0.0141858 1.3240035 -0.5358680 0.5454648 -0.4596872 0.4516650
27331.754000 1.3532295 -0.0136920 1.3239942 -0.5372504 0.5441319 -0.4585318 0.4528036
27331.853000 1.3532195 -0.0139083 1.3239880 -0.5361092 0.5452749 -0.4595585 0.4517391
27331.953000 1.3529814 -0.0141119 1.3240111 -0.5359684 0.5453810 -0.4596454 0.4516896
27332.053000 1.3530146 -0.0133717 1.3240126 -0.5373276 0.5440157 -0.4586139 0.4527683
27332.154000 1.3529682 -0.0138721 1.3240114 -0.5360462 0.5452779 -0.4596876 0.4516788
27332.253000 1.3532301 -0.0141617 1.3239885 -0.5359455 0.5454682 -0.4596194 0.4516381
27332.353000 1.3533371 -0.0133597 1.3239904 -0.5382033 0.5431966 -0.4577412 0.4535941
27332.453000 1.3530976 -0.0139093 1.3240002 -0.5360492 0.5452462 -0.4596276 0.4517746
27332.553000 1.3528819 -0.0141107 1.3240213 -0.5359332 0.5453341 -0.4596905 0.4517421
27332.653000 1.3529223 -0.0133298 1.3240228 -0.5374033 0.5438618 -0.4585657 0.4529123
27332.753000 1.3529667 -0.0140873 1.3240147 -0.5360694 0.5452136 -0.4595872 0.4518311
27332.853000 1.3530122 -0.0138930 1.3240077 -0.5359623 0.5453355 -0.4597109 0.4516851
27332.953000 1.3532441 -0.0136275 1.3239953 -0.5373846 0.5439848 -0.4584291 0.4529250
27333.054000 1.3532878 -0.0141660 1.3239838 -0.5360693 0.5453340 -0.4595016 0.4517730
27333.153000 1.3532038 -0.0141760 1.3239907 -0.5359476 0.5454491 -0.4596022 0.4516761
27333.253000 1.3533226 -0.0136665 1.3239864 -0.5373401 0.5440876 -0.4584468 0.4528364
27333.354000 1.3531907 -0.0138765 1.3239895 -0.5361751 0.5452215 -0.4595131 0.4517715
27333.453000 1.3528889 -0.0138454 1.3240162 -0.5359958 0.5453395 -0.4597276 0.4516235
27333.553000 1.3530439 -0.0133377 1.3240079 -0.5374101 0.5439767 -0.4585466 0.4527856
27333.653000 1.3530599 -0.0138482 1.3239985 -0.5361463 0.5452749 -0.4595818 0.4516712
27333.753000 1.3530555 -0.0141071 1.3239997 -0.5360241 0.5454204 -0.4595885 0.4516339
27333.853000 1.3530394 -0.0133479 1.3240069 -0.5374100 0.5439901 -0.4585409 0.4527753
27333.953000 1.3528815 -0.0138228 1.3240180 -0.5361285 0.5451602 -0.4596273 0.4517846
27334.053000 1.3530434 -0.0141579 1.3240034 -0.5359395 0.5454105 -0.4596283 0.4517056
27334.153000 1.3531647 -0.0136510 1.3239988 -0.5373530 0.5440307 -0.4584512 0.4528850
27334.254000 1.3531020 -0.0141942 1.3239975 -0.5359506 0.5454239 -0.4596149 0.4516899
27334.353000 1.3527945 -0.0138535 1.3240236 -0.5359663 0.5453428 -0.4597570 0.4516246
27334.453000 1.3529282 -0.0133308 1.3240180 -0.5373852 0.5439567 -0.4585801 0.4528052
27334.553000 1.3530364 -0.0141078 1.3240036 -0.5360658 0.5453226 -0.4595734 0.4517180
27334.653000 1.3531168 -0.0141735 1.3239946 -0.5359501 0.5454747 -0.4596054 0.4516389
27334.753000 1.3532002 -0.0136373 1.3239952 -0.5374115 0.5440039 -0.4583935 0.4529063
27334.854000 1.3531110 -0.0141751 1.3239997 -0.5360301 0.5453044 -0.4595386 0.4518176
27334.953000 1.3529759 -0.0139069 1.3240097 -0.5359701 0.5453413 -0.4596842 0.4516961
27335.053000 1.3531144 -0.0133655 1.3240031 -0.5374366 0.5439208 -0.4584670 0.4529018
27335.153000 1.3532032 -0.0141620 1.3239887 -0.5360754 0.5453464 -0.4594955 0.4517569
27335.254000 1.3529732 -0.0141111 1.3240093 -0.5360101 0.5453691 -0.4596057 0.4516949
27335.353000 1.3531068 -0.0135735 1.3240047 -0.5374833 0.5439160 -0.4583800 0.4529402
27335.453000 1.3530101 -0.0138452 1.3240079 -0.5361524 0.5451838 -0.4595807 0.4517751
27335.553000 1.3530596 -0.0138887 1.3240015 -0.5360281 0.5453378 -0.4596284 0.4516882
27335.653000 1.3531536 -0.0133539 1.3239992 -0.5374839 0.5439020 -0.4584189 0.4529169
27335.753000 1.3531506 -0.0141648 1.3239933 -0.5360903 0.5453039 -0.4594729 0.4518136
27335.853000 1.3530766 -0.0141727 1.3239991 -0.5359862 0.5454080 -0.4595549 0.4517280
27335.953000 1.3531862 -0.0136396 1.3239968 -0.5374121 0.5439861 -0.4583791 0.4529414
27336.053000 1.3531475 -0.0141754 1.3239962 -0.5360228 0.5453219 -0.4595515 0.4517920
27336.153000 1.3530606 -0.0141732 1.3240032 -0.5359171 0.5454213 -0.4596391 0.4517082
27336.253000 1.3531242 -0.0133699 1.3240024 -0.5374081 0.5439503 -0.4584965 0.4528704
27336.353000 1.3530417 -0.0139237 1.3240020 -0.5360003 0.5453593 -0.4596697 0.4516533
27336.453000 1.3529653 -0.0138986 1.3240080 -0.5359418 0.5454169 -0.4597192 0.4516028
27336.553000 1.3530560 -0.0133879 1.3240063 -0.5373197 0.5440448 -0.4585725 0.4527847
27336.653000 1.3530054 -0.0139112 1.3240063 -0.5360899 0.5452338 -0.4595787 0.4517910
27336.753000 1.3528362 -0.0138305 1.3240214 -0.5360338 0.5452641 -0.4596873 0.4517105
27336.853000 1.3530066 -0.0133390 1.3240121 -0.5373522 0.5439953 -0.4585929 0.4527850
27336.953000 1.3531103 -0.0138804 1.3239980 -0.5360678 0.5453273 -0.4596558 0.4516259
27337.053000 1.3530286 -0.0138528 1.3240039 -0.5359785 0.5454133 -0.4597356 0.4515469
27337.153000 1.3531250 -0.0133102 1.3240020 -0.5374336 0.5439706 -0.4585283 0.4527835
27337.253000 1.3530519 -0.0138440 1.3240034 -0.5361371 0.5452268 -0.4596007 0.4517211
27337.353000 1.3529899 -0.0141043 1.3240085 -0.5359907 0.5453774 -0.4596273 0.4516859
27337.453000 1.3531070 -0.0135701 1.3240054 -0.5374252 0.5439506 -0.4584393 0.4529076
27337.553000 1.3530774 -0.0140990 1.3240049 -0.5360897 0.5452357 -0.4595604 0.4518077
27337.653000 1.3529976 -0.0141017 1.3240103 -0.5359823 0.5453402 -0.4596453 0.4517225
27337.753000 1.3530560 -0.0133218 1.3240109 -0.5373885 0.5439304 -0.4585713 0.4528418
27337.853000 1.3529444 -0.0140994 1.3240166 -0.5360779 0.5451825 -0.4595655 0.4518806
27337.953000 1.3528490 -0.0141189 1.3240241 -0.5359257 0.5453254 -0.4596879 0.4517641
27338.053000 1.3528998 -0.0140689 1.3240198 -0.5359385 0.5453169 -0.4596771 0.4517703
27338.153000 1.3530689 -0.0132168 1.3240109 -0.5375717 0.5437363 -0.4584105 0.4530201
27338.253000 1.3531630 -0.0138277 1.3239958 -0.5361899 0.5451674 -0.4595520 0.4517797
27338.353000 1.3530464 -0.0140896 1.3240057 -0.5360237 0.5453254 -0.4595984 0.4517390
27338.453000 1.3531635 -0.0135747 1.3240019 -0.5374155 0.5439560 -0.4584434 0.4529085
27338.553000 1.3531293 -0.0141450 1.3239993 -0.5359978 0.5453558 -0.4596289 0.4517020
27338.654000 1.3530450 -0.0141217 1.3240062 -0.5359349 0.5454143 -0.4596808 0.4516532
27338.753000 1.3531626 -0.0133439 1.3240003 -0.5373527 0.5440338 -0.4585926 0.4527385
27338.853000 1.3531493 -0.0138670 1.3239932 -0.5361151 0.5452964 -0.4596084 0.4516554
27338.953000 1.3530587 -0.0141177 1.3240006 -0.5359711 0.5454353 -0.4596372 0.4516293
27339.054000 1.3531755 -0.0133230 1.3239971 -0.5374492 0.5439744 -0.4585007 0.4527885
27339.153000 1.3531362 -0.0138636 1.3239966 -0.5361194 0.5452729 -0.4596061 0.4516810
27339.253000 1.3530419 -0.0141195 1.3240043 -0.5359652 0.5454200 -0.4596428 0.4516491
27339.353000 1.3531272 -0.0135818 1.3240032 -0.5374109 0.5439841 -0.4584433 0.4528804
27339.454000 1.3530221 -0.0141095 1.3240064 -0.5361119 0.5452367 -0.4595249 0.4518162
27339.553000 1.3529618 -0.0138635 1.3240105 -0.5360050 0.5453485 -0.4597009 0.4516290
27339.653000 1.3530833 -0.0136161 1.3240060 -0.5372749 0.5441023 -0.4585624 0.4527791
27339.753000 1.3531810 -0.0138509 1.3239913 -0.5361549 0.5452494 -0.4595769 0.4516969
27339.853000 1.3530707 -0.0141166 1.3240008 -0.5359676 0.5454247 -0.4596429 0.4516405
27339.953000 1.3531643 -0.0136195 1.3239995 -0.5373077 0.5440933 -0.4585320 0.4527818
27340.053000 1.3530870 -0.0141181 1.3240032 -0.5360649 0.5452881 -0.4595750 0.4517589
27340.153000 1.3530000 -0.0141306 1.3240097 -0.5359181 0.5454298 -0.4596954 0.4516396
27340.253000 1.3530636 -0.0138223 1.3240042 -0.5359736 0.5453804 -0.4597395 0.4515885
27340.353000 1.3531027 -0.0137672 1.3240008 -0.5359839 0.5453731 -0.4597333 0.4515913
27340.453000 1.3531163 -0.0139784 1.3239998 -0.5359461 0.5454096 -0.4596751 0.4516513
27340.553000 1.3512337 -0.0138763 1.3241227 -0.5359619 0.5453269 -0.4596948 0.4517124
27340.653000 1.3369624 -0.0131053 1.3249238 -0.5360789 0.5446732 -0.4599648 0.4520872
27340.753000 1.3147607 -0.0127011 1.3257023 -0.5361194 0.5437690 -0.4602661 0.4528206
27340.853000 1.2965325 -0.0120116 1.3259131 -0.5362158 0.5429560 -0.4606042 0.4533378
27340.953000 1.2807172 -0.0116931 1.3257860 -0.5362461 0.5422858 -0.4608618 0.4538421
27341.053000 1.2645427 -0.0114458 1.3253562 -0.5362671 0.5416041 -0.4611258 0.4543629
27341.153000 1.2482966 -0.0112677 1.3246190 -0.5362795 0.5409212 -0.4613932 0.4548900
27341.253000 1.2321551 -0.0114222 1.3235850 -0.5362336 0.5402865 -0.4616125 0.4554755
27341.353000 1.2160643 -0.0113890 1.3222495 -0.5362268 0.5396133 -0.4618820 0.4560080
27341.453000 1.1999886 -0.0114196 1.3206123 -0.5362116 0.5389408 -0.4621552 0.4565442
27341.553000 1.1839596 -0.0112615 1.3186737 -0.5362360 0.5382290 -0.4624786 0.4570275
27341.653000 1.1679080 -0.0116775 1.3164326 -0.5361544 0.5375986 -0.4627115 0.4576290
27341.753000 1.1519398 -0.0116742 1.3138915 -0.5361565 0.5368927 -0.4630368 0.4581260
27341.853000 1.1359887 -0.0119680 1.3110487 -0.5361049 0.5362247 -0.4633225 0.4586795
27341.953000 1.1200828 -0.0123433 1.3079053 0.5360408 -0.5355607 0.4636082 -0.4592412
27342.053000 1.1042299 -0.0127868 1.3044620 0.5359665 -0.5348987 0.4638960 -0.4598084
27342.153000 1.0884085 -0.0135495 1.3007165 0.5358326 -0.5342790 0.4641398 -0.4604385
27342.253000 1.0727072 -0.0138849 1.2966787 0.5357857 -0.5335830 0.4644761 -0.4609608
27342.353000 1.0570517 -0.0145228 1.2923410 0.5356821 -0.5329269 0.4647708 -0.4615426
27342.453000 1.0414449 -0.0154843 1.2877024 0.5355168 -0.5323147 0.4650200 -0.4621897
27342.553000 1.0259790 -0.0160252 1.2827782 0.5354432 -0.5316226 0.4653566 -0.4627323
27342.654000 1.0105770 -0.0168665 1.2775564 0.5353132 -0.5309702 0.4656508 -0.4633355
27342.753000 0.9952707 -0.0177803 1.2720427 0.5351712 -0.5303220 0.4659443 -0.4639465
27342.853000 0.9800674 -0.0187592 1.2662389 0.5350184 -0.5296774 0.4662385 -0.4645631
27342.953000 0.9649434 -0.0200522 1.2601392 0.5348094 -0.5290708 0.4664835 -0.4652485
27343.053000 0.9499639 -0.0211862 1.2537599 0.5346492 -0.5284186 0.4667621 -0.4658938
27343.153000 0.9351367 -0.0221341 1.2471055 0.5345310 -0.5277292 0.4670869 -0.4664851
27343.253000 0.9204086 -0.0233734 1.2401613 0.5343542 -0.5270812 0.4673692 -0.4671371
27343.353000 0.9058119 -0.0246869 1.2329370 0.5341627 -0.5264407 0.4676498 -0.4677971
27343.453000 0.8913540 -0.0260623 1.2254354 0.5339580 -0.5258069 0.4679315 -0.4684613
27343.553000 0.8770101 -0.0277366 1.2176473 0.5336887 -0.5252198 0.4681694 -0.4691886
27343.653000 0.8628458 -0.0292406 1.2095978 0.5334554 -0.5246017 0.4684513 -0.4698636
27343.753000 0.8488696 -0.0305550 1.2012928 0.5332633 -0.5239492 0.4687808 -0.4704808
27343.853000 0.8349943 -0.0323927 1.1926955 0.5329550 -0.5233830 0.4690217 -0.4712195
27343.953000 0.8213152 -0.0340619 1.1838474 0.5326830 -0.5227864 0.4693048 -0.4719069
27344.053000 0.8078097 -0.0357759 1.1747397 0.5323999 -0.5221959 0.4695889 -0.4725971
27344.153000 0.7944825 -0.0375406 1.1653753 0.5321058 -0.5216112 0.4698708 -0.4732934
27344.253000 0.7813380 -0.0393588 1.1557570 0.5318018 -0.5210299 0.4701487 -0.4739988
27344.353000 0.7683941 -0.0410309 1.1458980 0.5315282 -0.5204125 0.4704668 -0.4746678
27344.453000 0.7556132 -0.0431468 1.1357712 0.5311553 -0.5198769 0.4706979 -0.4754425
27344.553000 0.7430660 -0.0449097 1.1254254 0.5308648 -0.5192751 0.4710054 -0.4761196
27344.653000 0.7307101 -0.0468993 1.1148312 0.5305228 -0.5187142 0.4712695 -0.4768503
27344.753000 0.7185634 -0.0489345 1.1040023 0.5301692 -0.5181608 0.4715278 -0.4775894
27344.853000 0.7066171 -0.0512003 1.0929301 0.5297603 -0.5176520 0.4717390 -0.4783855
27344.953000 0.6949028 -0.0533188 1.0816431 0.5293842 -0.5171128 0.4719853 -0.4791416
27345.053000 0.6834128 -0.0554616 1.0701347 0.5290003 -0.5165779 0.4722287 -0.4799021
27345.153000 0.6721508 -0.0576371 1.0584086 0.5286065 -0.5160495 0.4724667 -0.4806697
27345.253000 0.6611095 -0.0596561 1.0464560 0.5282493 -0.5154861 0.4727435 -0.4813942
27345.353000 0.6502138 -0.0619087 1.0341886 0.5278345 -0.5149648 0.4729727 -0.4821813
27345.453000 0.6396379 -0.0643676 1.0218011 0.5273640 -0.5144971 0.4731470 -0.4830236
27345.553000 0.6295143 -0.0666191 1.0094709 0.5269371 -0.5140036 0.4733565 -0.4838090
27345.653000 0.6179086 -0.0691069 0.9947218 0.5264690 -0.5133867 0.4736452 -0.4846904
27345.753000 0.6054539 -0.0720945 0.9780644 0.5259235 -0.5127928 0.4738681 -0.4856924
27345.854000 0.5979331 -0.0741542 0.9675584 0.5255429 -0.5124826 0.4739368 -0.4863642
27345.953000 0.6086886 -0.1458489 0.9761683 0.5346567 -0.5095697 0.4650015 -0.4881133
27346.054000 0.6083933 -0.1494912 0.9755094 0.5349966 -0.5091778 0.4647852 -0.4883557
27346.153000 0.6079462 -0.1497506 0.9748783 0.5348974 -0.5091502 0.4648046 -0.4884746
27346.253000 0.6077952 -0.1528107 0.9742295 0.5350322 -0.5088691 0.4647654 -0.4886573
27346.353000 0.6082560 -0.1622485 0.9734370 0.5353507 -0.5083504 0.4643258 -0.4892659
27346.454000 0.6149472 -0.2345369 0.9756853 0.5421187 -0.5017957 0.4579060 -0.4946014
27346.553000 0.6147237 -0.2374475 0.9750475 0.5424041 -0.5014265 0.4577368 -0.4948195
27346.653000 0.6142945 -0.2375482 0.9744509 0.5423471 -0.5013495 0.4578058 -0.4948961
27346.753000 0.6142261 -0.2406539 0.9737743 0.5424278 -0.5010439 0.4577542 -0.4951648
27346.853000 0.6152329 -0.2519061 0.9728229 0.5428520 -0.5002002 0.4572850 -0.4959858
27346.953000 0.6246554 -0.3260471 0.9752918 -0.5495439 0.4934348 -0.4506216 0.5014616
27347.053000 0.6244530 -0.3286429 0.9745889 -0.5496853 0.4932272 -0.4504039 0.5017065
27347.153000 0.6240253 -0.3285901 0.9740039 -0.5496767 0.4931171 -0.4505148 0.5017245
27347.253000 0.6240466 -0.3312135 0.9733510 -0.5497568 0.4928569 -0.4504605 0.5019411
27347.353000 0.6258312 -0.3430695 0.9724174 -0.5503813 0.4919531 -0.4498759 0.5026671
27347.453000 0.6379126 -0.4183545 0.9747657 -0.5567669 0.4850963 -0.4429929 0.5083793
27347.553000 0.6378942 -0.4214716 0.9740729 -0.5570442 0.4848008 -0.4427335 0.5085834
27347.653000 0.6374693 -0.4216198 0.9734535 -0.5569906 0.4847387 -0.4427993 0.5086439
27347.754000 0.6376814 -0.4247487 0.9727306 -0.5570094 0.4845162 -0.4426771 0.5089416
27347.853000 0.6401638 -0.4371630 0.9716765 -0.5575484 0.4836024 -0.4420460 0.5097684
27347.953000 0.6547549 -0.5122726 0.9739440 -0.5640334 0.4765105 -0.4350712 0.5152835
27348.053000 0.6547079 -0.5144910 0.9732896 -0.5642868 0.4762309 -0.4349338 0.5153805
27348.153000 0.6542996 -0.5148424 0.9726412 -0.5641806 0.4762140 -0.4349570 0.5154929
27348.253000 0.6546790 -0.5177359 0.9719558 -0.5643058 0.4758623 -0.4349340 0.5157000
27348.353000 0.6576897 -0.5297691 0.9708402 -0.5648695 0.4748248 -0.4343512 0.5165297
27348.453000 0.6746491 -0.6033882 0.9732425 -0.5715186 0.4675732 -0.4273640 0.5216338
27348.553000 0.6746666 -0.6057900 0.9725411 -0.5716931 0.4673482 -0.4271895 0.5217872
27348.654000 0.6742211 -0.6060721 0.9718862 -0.5715607 0.4672849 -0.4272746 0.5219192
27348.753000 0.6738367 -0.6064298 0.9712887 -0.5714190 0.4672530 -0.4273139 0.5220707
27348.853000 0.6743509 -0.6092026 0.9706671 -0.5714477 0.4670016 -0.4272454 0.5223202
27348.953000 0.6780980 -0.6206358 0.9698119 -0.5720007 0.4661214 -0.4266446 0.5229919
27349.053000 0.6979193 -0.6939824 0.9725978 -0.5784593 0.4589543 -0.4193642 0.5280905
27349.153000 0.6980493 -0.6966177 0.9718651 -0.5785782 0.4587535 -0.4191433 0.5283099
27349.253000 0.6976293 -0.6966444 0.9712929 -0.5785500 0.4586538 -0.4192721 0.5283252
27349.353000 0.6984172 -0.6997250 0.9706241 -0.5786344 0.4583463 -0.4191914 0.5285636
27349.453000 0.7026706 -0.7110094 0.9696817 -0.5791449 0.4574184 -0.4185439 0.5293210
27349.553000 0.7243196 -0.7838205 0.9718817 -0.5852286 0.4500417 -0.4112652 0.5346315
27349.653000 0.7243097 -0.7854761 0.9712176 -0.5853222 0.4498695 -0.4111907 0.5347313
27349.753000 0.7239114 -0.7859396 0.9705329 -0.5851596 0.4498823 -0.4112220 0.5348745
27349.853000 0.7249159 -0.7887775 0.9699701 -0.5852972 0.4495498 -0.4111802 0.5350354
27349.954000 0.7296693 -0.7995366 0.9691065 -0.5857389 0.4487553 -0.4104591 0.5357723
27350.053000 0.7528744 -0.8691360 0.9714366 -0.5918613 0.4413966 -0.4032839 0.5405842
27350.153000 0.7533593 -0.8724751 0.9706986 -0.5919737 0.4411239 -0.4030214 0.5408794
27350.253000 0.7529574 -0.8724160 0.9701909 -0.5919481 0.4410231 -0.4031845 0.5408681
27350.353000 0.7525750 -0.8726022 0.9696462 -0.5918254 0.4409654 -0.4032880 0.5409723
27350.453000 0.7538529 -0.8759946 0.9690096 -0.5917735 0.4407517 -0.4031330 0.5413187
27350.553000 0.7589996 -0.8854911 0.9685440 -0.5922193 0.4399438 -0.4026220 0.5418684
27350.653000 0.7844325 -0.9535735 0.9713477 -0.5985532 0.4326583 -0.3952366 0.5461950
27350.753000 0.7850135 -0.9566767 0.9707008 -0.5987133 0.4323229 -0.3950398 0.5464273
27350.853000 0.7846302 -0.9568962 0.9701153 -0.5986063 0.4322828 -0.3951430 0.5465017
27350.953000 0.7858873 -0.9593488 0.9697094 -0.5987090 0.4320058 -0.3951264 0.5466202
27351.053000 0.7913036 -0.9683576 0.9693222 -0.5990264 0.4314336 -0.3944974 0.5471784
27351.153000 0.8185860 -1.0359744 0.9716365 -0.6048977 0.4239953 -0.3871149 0.5517870
27351.253000 0.8192392 -1.0387802 0.9710896 -0.6051248 0.4235968 -0.3869874 0.5519334
27351.353000 0.8188632 -1.0390041 0.9705097 -0.6050161 0.4235588 -0.3870956 0.5520059
27351.453000 0.8206238 -1.0422511 0.9700279 -0.6050205 0.4233479 -0.3869042 0.5522970
27351.553000 0.8261478 -1.0497492 0.9700955 -0.6054933 0.4226160 -0.3864072 0.5526871
27351.653000 0.8554380 -1.1174213 0.9719940 -0.6109181 0.4151588 -0.3787919 0.5576190
27351.754000 0.8559258 -1.1197821 0.9713650 -0.6109969 0.4148988 -0.3786748 0.5578056
27351.853000 0.8555306 -1.1197634 0.9708882 -0.6109470 0.4148050 -0.3788478 0.5578125
27351.954000 0.8573859 -1.1224992 0.9706033 -0.6110107 0.4145804 -0.3787316 0.5579887
27352.053000 0.8925740 -1.1960180 0.9708232 -0.6166042 0.4062281 -0.3710866 0.5630921
27352.153000 0.8949290 -1.1968340 0.9731317 -0.6175157 0.4061212 -0.3704698 0.5625763
27352.253000 0.8945695 -1.1971195 0.9725116 -0.6174229 0.4061037 -0.3705768 0.5626203
27352.353000 0.8941756 -1.1971090 0.9720453 -0.6173669 0.4060118 -0.3707529 0.5626321
27352.453000 0.8938264 -1.1973423 0.9715226 -0.6172199 0.4059714 -0.3708575 0.5627535
27352.553000 0.8960954 -1.2000681 0.9714753 -0.6172990 0.4057605 -0.3706869 0.5629312
27352.653000 0.9331436 -1.2717110 0.9719694 -0.6226810 0.3974953 -0.3628931 0.5679564
27352.754000 0.9358928 -1.2726030 0.9744956 -0.6232804 0.3974808 -0.3621664 0.5677729
27352.853000 0.9355868 -1.2731523 0.9737864 -0.6231157 0.3975257 -0.3622111 0.5678937
27352.953000 0.9351972 -1.2731643 0.9733250 -0.6230514 0.3974397 -0.3623859 0.5679130
27353.053000 0.9376122 -1.2759269 0.9732639 -0.6230439 0.3973335 -0.3621699 0.5681332
27353.153000 0.9762502 -1.3450955 0.9740767 -0.6283740 0.3889746 -0.3545364 0.5728428
27353.253000 0.9784414 -1.3453907 0.9764082 -0.6293737 0.3887679 -0.3540293 0.5721988
27353.353000 0.9781005 -1.3456939 0.9758067 -0.6292670 0.3887558 -0.3541433 0.5722539
27353.453000 0.9806630 -1.3481259 0.9759576 -0.6293359 0.3886552 -0.3539307 0.5723780
27353.553000 1.0210692 -1.4154979 0.9770396 -0.6345701 0.3802891 -0.3462088 0.5769233
27353.653000 1.0232101 -1.4167232 0.9785828 -0.6348522 0.3801684 -0.3456585 0.5770224
27353.753000 1.0229364 -1.4172913 0.9778851 -0.6346769 0.3802225 -0.3457064 0.5771510
27353.853000 1.0258846 -1.4191839 0.9785002 -0.6348963 0.3800756 -0.3455896 0.5770762
27353.953000 1.0681398 -1.4822908 0.9819416 -0.6404057 0.3719011 -0.3376655 0.5809924
27354.053000 1.0693966 -1.4851553 0.9812932 -0.6407303 0.3715911 -0.3374078 0.5809825
27354.153000 1.0690062 -1.4852107 0.9808183 -0.6406781 0.3715219 -0.3375979 0.5809739
27354.253000 1.0719987 -1.4871624 0.9814098 -0.6408006 0.3714720 -0.3373477 0.5810161
27354.353000 1.1164584 -1.5495162 0.9849169 -0.6458732 0.3631742 -0.3291873 0.5853103
27354.453000 1.1174465 -1.5519759 0.9841511 -0.6460140 0.3630181 -0.3289476 0.5853864
27354.553000 1.1170611 -1.5520518 0.9836811 -0.6459548 0.3629553 -0.3291370 0.5853842
27354.653000 1.1203566 -1.5538062 0.9845213 -0.6460702 0.3630015 -0.3288575 0.5853854
27354.753000 1.1658667 -1.6140440 0.9880651 -0.6512738 0.3547293 -0.3207080 0.5891995
27354.853000 1.1668362 -1.6162341 0.9874362 -0.6514169 0.3544900 -0.3205666 0.5892622
27354.953000 1.1664506 -1.6163113 0.9869815 -0.6513530 0.3544285 -0.3207588 0.5892652
27355.053000 1.1699326 -1.6175111 0.9882586 -0.6515746 0.3544085 -0.3205209 0.5891617
27355.153000 1.2166540 -1.6760312 0.9917884 -0.6566827 0.3460930 -0.3122884 0.5928435
27355.253000 1.2176046 -1.6780325 0.9912416 -0.6568359 0.3457822 -0.3122050 0.5928991
27355.353000 1.2174153 -1.6785746 0.9906213 -0.6566747 0.3458251 -0.3122528 0.5930274
27355.453000 1.2212840 -1.6793757 0.9923469 -0.6570272 0.3458144 -0.3119872 0.5927830
27355.553000 1.2689242 -1.7357814 0.9959202 -0.6620815 0.3374476 -0.3038608 0.5961928
27355.653000 1.2700246 -1.7379473 0.9953180 -0.6621681 0.3371853 -0.3037236 0.5963148
27355.753000 1.2697666 -1.7383307 0.9947702 -0.6620416 0.3371808 -0.3038255 0.5964059
27355.853000 1.2731558 -1.7388063 0.9963888 -0.6622698 0.3372590 -0.3035897 0.5962285
27355.953000 1.3223658 -1.7935292 1.0002205 -0.6671564 0.3289034 -0.2953956 0.5995551
27356.053000 1.3235316 -1.7956594 0.9996190 -0.6672685 0.3286404 -0.2952499 0.5996464
27356.153000 1.3232874 -1.7960565 0.9990744 -0.6671441 0.3286377 -0.2953505 0.5997368
27356.253000 1.3264153 -1.7961570 1.0007518 -0.6674485 0.3286239 -0.2951264 0.5995158
27356.354000 1.3769640 -1.8491104 1.0047307 -0.6723152 0.3201037 -0.2868952 0.6026749
27356.453000 1.3781893 -1.8512089 1.0041371 -0.6724245 0.3198372 -0.2867476 0.6027647
27356.554000 1.3778619 -1.8514507 1.0036658 -0.6723359 0.3197840 -0.2869047 0.6028170
27356.654000 1.3806687 -1.8512875 1.0053053 -0.6726113 0.3198658 -0.2867171 0.6025556
27356.753000 1.4327947 -1.9025708 1.0095261 -0.6773511 0.3114488 -0.2783934 0.6055512
27356.853000 1.4340982 -1.9046529 1.0089348 -0.6774771 0.3111787 -0.2782361 0.6056214
27356.954000 1.4338829 -1.9050729 1.0084030 -0.6773543 0.3111777 -0.2783313 0.6057155
27357.053000 1.4364509 -1.9045296 1.0101683 -0.6776342 0.3112209 -0.2781831 0.6054482
27357.153000 1.4896135 -1.9540618 1.0144008 -0.6822151 0.3027570 -0.2698271 0.6083700
27357.253000 1.4908818 -1.9559594 1.0138863 -0.6823752 0.3024260 -0.2697265 0.6083998
27357.353000 1.4907880 -1.9565508 1.0132959 -0.6822192 0.3024765 -0.2697581 0.6085356
27357.453000 1.4905895 -1.9569623 1.0128077 -0.6820725 0.3024749 -0.2698300 0.6086688
27357.553000 1.4930642 -1.9563391 1.0145580 -0.6823359 0.3025563 -0.2696310 0.6084214
27357.653000 1.5478678 -2.0038744 1.0195019 -0.6871120 0.2938251 -0.2612447 0.6109788
27357.753000 1.5488709 -2.0055121 1.0188589 -0.6871847 0.2936876 -0.2611017 0.6110243
27357.853000 1.5485826 -2.0057990 1.0184061 -0.6870978 0.2936335 -0.2612474 0.6110857
27357.953000 1.5508408 -2.0049567 1.0201856 -0.6873679 0.2937174 -0.2610975 0.6108056
27358.053000 1.6063505 -2.0510431 1.0247784 -0.6919892 0.2849069 -0.2528174 0.6132392
27358.153000 1.6071603 -2.0523340 1.0242786 -0.6921209 0.2846614 -0.2527952 0.6132138
27358.253000 1.6071076 -2.0529375 1.0237041 -0.6919697 0.2847101 -0.2528187 0.6133521
27358.353000 1.6092500 -2.0519133 1.0255271 -0.6922688 0.2848188 -0.2526484 0.6130342
27358.453000 1.6642384 -2.0947594 1.0301971 -0.6965637 0.2762873 -0.2445333 0.6153599
27358.553000 1.6669190 -2.0977566 1.0295749 -0.6967509 0.2758724 -0.2441524 0.6154854
27358.653000 1.6667779 -2.0982231 1.0290697 -0.6966317 0.2758711 -0.2442279 0.6155909
27358.753000 1.6687132 -2.0967905 1.0311081 -0.6969670 0.2759152 -0.2441109 0.6152379
27358.853000 1.7255177 -2.1391134 1.0355134 -0.7011459 0.2671791 -0.2357855 0.6175879
27358.953000 1.7270733 -2.1409833 1.0349678 -0.7012646 0.2668884 -0.2356207 0.6176419
27359.053000 1.7270654 -2.1415996 1.0344091 -0.7011150 0.2669386 -0.2356333 0.6177852
27359.153000 1.7287136 -2.1401476 1.0363010 -0.7014401 0.2669334 -0.2355250 0.6174596
27359.253000 1.7859550 -2.1801317 1.0409076 -0.7055126 0.2581805 -0.2272368 0.6196436
27359.353000 1.7881048 -2.1823874 1.0403673 -0.7056860 0.2577960 -0.2269907 0.6196965
27359.453000 1.7879885 -2.1828574 1.0398828 -0.7055694 0.2577926 -0.2270628 0.6198042
27359.554000 1.7895839 -2.1813570 1.0417745 -0.7058853 0.2579266 -0.2269130 0.6194435
27359.653000 1.8474614 -2.2196333 1.0463043 -0.7098432 0.2492309 -0.2186454 0.6214505
27359.753000 1.8496664 -2.2218292 1.0457736 -0.7100121 0.2488428 -0.2183988 0.6214999
27359.854000 1.8495645 -2.2223034 1.0452980 -0.7098958 0.2488402 -0.2184684 0.6216092
27359.953000 1.8509508 -2.2206910 1.0472021 -0.7101778 0.2489642 -0.2183485 0.6212795
27360.054000 1.9096127 -2.2573798 1.0516831 -0.7139224 0.2402567 -0.2100373 0.6232783
27360.153000 1.9117422 -2.2593659 1.0512205 -0.7141473 0.2398092 -0.2098492 0.6232564
27360.253000 1.9116501 -2.2598400 1.0507545 -0.7140334 0.2398060 -0.2099194 0.6233645
27360.353000 1.9128624 -2.2580338 1.0527349 -0.7143698 0.2398764 -0.2097888 0.6229958
27360.453000 1.9725242 -2.2932639 1.0571992 -0.7181255 0.2308966 -0.2014471 0.6248213
27360.553000 1.9742618 -2.2949459 1.0566884 -0.7182576 0.2305917 -0.2012780 0.6248365
27360.653000 1.9743315 -2.2955700 1.0561636 -0.7181130 0.2306476 -0.2012781 0.6249820
27360.753000 1.9741082 -2.2958858 1.0558033 -0.7180043 0.2305953 -0.2013851 0.6250918
27360.853000 1.9750903 -2.2940186 1.0577668 -0.7182844 0.2307542 -0.2012244 0.6247630
27360.953000 2.0351792 -2.3269886 1.0624591 -0.7218482 0.2220822 -0.1927245 0.6264758
27361.053000 2.0376823 -2.3291384 1.0618934 -0.7219674 0.2217413 -0.1924126 0.6265551
27361.153000 2.0374793 -2.3294857 1.0615091 -0.7218786 0.2216882 -0.1925374 0.6266378
27361.253000 2.0383180 -2.3279005 1.0631701 -0.7221153 0.2218470 -0.1923715 0.6263598
27361.353000 2.0981643 -2.3587276 1.0680556 -0.7257511 0.2127694 -0.1842631 0.6277433
27361.453000 2.1004610 -2.3605377 1.0676149 -0.7259935 0.2123058 -0.1840684 0.6276771
27361.553000 2.1004096 -2.3610190 1.0671750 -0.7258815 0.2123054 -0.1841327 0.6277878
27361.653000 2.1009389 -2.3592303 1.0689380 -0.7261616 0.2124836 -0.1840153 0.6274380
27361.753000 2.1623153 -2.3892710 1.0734294 -0.7293960 0.2036244 -0.1755344 0.6290519
27361.853000 2.1641798 -2.3907898 1.0729466 -0.7295806 0.2032949 -0.1753671 0.6289910
27361.954000 2.1639903 -2.3911442 1.0725791 -0.7294941 0.2032416 -0.1754925 0.6290736
27362.053000 2.1643162 -2.3894601 1.0742125 -0.7297001 0.2034568 -0.1753666 0.6288002
27362.153000 2.2244040 -2.4167281 1.0789666 -0.7328737 0.1945798 -0.1672511 0.6301285
27362.254000 2.2276332 -2.4189496 1.0784275 -0.7331038 0.1941188 -0.1668680 0.6301046
27362.353000 2.2274557 -2.4193135 1.0780658 -0.7330165 0.1940686 -0.1669907 0.6301890
27362.453000 2.2273278 -2.4172187 1.0799645 -0.7332963 0.1942243 -0.1669379 0.6298295
27362.554000 2.2890800 -2.4438270 1.0844012 -0.7363856 0.1851846 -0.1585690 0.6311092
27362.653000 2.2910198 -2.4452631 1.0839346 -0.7365406 0.1848596 -0.1583976 0.6310666
27362.753000 2.2910038 -2.4457500 1.0835223 -0.7364284 0.1848652 -0.1584554 0.6311815
27362.853000 2.2904460 -2.4434930 1.0854803 -0.7367439 0.1849863 -0.1584685 0.6307743
27362.953000 2.3524262 -2.4684699 1.0898320 -0.7397474 0.1759136 -0.1501029 0.6318998
27363.053000 2.3542296 -2.4697430 1.0894388 -0.7399032 0.1755350 -0.1499968 0.6318478
27363.153000 2.3543828 -2.4703459 1.0889767 -0.7397684 0.1755964 -0.1499890 0.6319904
27363.253000 2.3533805 -2.4679175 1.0910599 -0.7401115 0.1757142 -0.1500607 0.6315388
27363.353000 2.4141687 -2.4905077 1.0956827 -0.7431593 0.1664522 -0.1421021 0.6323092
27363.453000 2.4167910 -2.4921321 1.0952365 -0.7433114 0.1660334 -0.1418505 0.6322970
27363.553000 2.4169657 -2.4927378 1.0947813 -0.7431770 0.1660993 -0.1418380 0.6324405
27363.653000 2.4155999 -2.4901747 1.0969829 -0.7434939 0.1663319 -0.1419250 0.6319872
27363.754000 2.4781922 -2.5123213 1.1009571 -0.7460818 0.1574362 -0.1334659 0.6330581
27363.853000 2.4801904 -2.5136193 1.1005287 -0.7461626 0.1571231 -0.1332942 0.6330769
27363.953000 2.4800277 -2.5139926 1.1002058 -0.7460724 0.1570772 -0.1334129 0.6331696
27364.054000 2.4787361 -2.5119720 1.1020114 -0.7463200 0.1573343 -0.1333984 0.6328170
27364.153000 2.5407128 -2.5316509 1.1068115 -0.7491500 0.1478839 -0.1253190 0.6334033
27364.254000 2.5419180 -2.5324530 1.1064608 -0.7493438 0.1475803 -0.1253078 0.6332471
27364.353000 2.5419304 -2.5329282 1.1060875 -0.7492365 0.1475898 -0.1253639 0.6333607
27364.453000 2.5399227 -2.5305166 1.1081983 -0.7495344 0.1479324 -0.1254864 0.6329040
27364.553000 2.6015729 -2.5491632 1.1122183 -0.7518621 0.1390897 -0.1172794 0.6337215
27364.653000 2.6042502 -2.5505888 1.1118084 -0.7519653 0.1386728 -0.1170271 0.6337371
27364.753000 2.6042768 -2.5510712 1.1114437 -0.7518572 0.1386807 -0.1170748 0.6338548
27364.854000 2.6020769 -2.5488206 1.1134881 -0.7521124 0.1390275 -0.1170980 0.6334717
27364.953000 2.6642678 -2.5658472 1.1178344 -0.7545203 0.1296883 -0.1089677 0.6340395
27365.053000 2.6658549 -2.5668983 1.1173568 -0.7545776 0.1295242 -0.1088098 0.6340320
27365.153000 2.6658862 -2.5673796 1.1169985 -0.7544698 0.1295398 -0.1088590 0.6341486
27365.253000 2.6632680 -2.5652363 1.1189433 -0.7547209 0.1298923 -0.1090329 0.6337477
27365.353000 2.7250751 -2.5804865 1.1234895 -0.7570663 0.1206127 -0.1010229 0.6341116
27365.453000 2.7264953 -2.5813598 1.1230947 -0.7571617 0.1203689 -0.1009271 0.6340594
27365.553000 2.7267263 -2.5819316 1.1226929 -0.7570412 0.1204255 -0.1008995 0.6341968
27365.653000 2.7239173 -2.5799970 1.1244920 -0.7572794 0.1207935 -0.1010874 0.6338125
27365.753000 2.7841607 -2.5932046 1.1293195 -0.7595664 0.1115853 -0.0934359 0.6339379
27365.853000 2.7862356 -2.5942015 1.1289230 -0.7597585 0.1112427 -0.0932796 0.6337910
27365.954000 2.7862662 -2.5946795 1.1285810 -0.7596577 0.1112588 -0.0933336 0.6339010
27366.053000 2.7832178 -2.5928905 1.1302855 -0.7598782 0.1115995 -0.0935499 0.6335449
27366.153000 2.8436901 -2.6052794 1.1346160 -0.7615307 0.1028461 -0.0854390 0.6341876
27366.254000 2.8463426 -2.6062016 1.1343153 -0.7619177 0.1023135 -0.0852453 0.6338348
27366.353000 2.8465964 -2.6067599 1.1339299 -0.7618081 0.1023609 -0.0852123 0.6339633
27366.453000 2.8436315 -2.6053632 1.1353124 -0.7619617 0.1026683 -0.0854947 0.6336910
27366.553000 2.9043606 -2.6179049 1.1387268 -0.7636252 0.0938656 -0.0777952 0.6340455
27366.653000 2.9049332 -2.6164160 1.1399534 -0.7641545 0.0933856 -0.0777950 0.6334785
27366.753000 2.9051713 -2.6170180 1.1395551 -0.7640385 0.0934611 -0.0777805 0.6336090
27366.853000 2.9023237 -2.6158867 1.1407503 -0.7641745 0.0937591 -0.0780315 0.6333701
27366.953000 2.9615565 -2.6265849 1.1443130 -0.7658186 0.0847004 -0.0705391 0.6335392
27367.053000 2.9634393 -2.6256328 1.1452622 -0.7661427 0.0843352 -0.0701720 0.6332368
27367.153000 2.9635173 -2.6261054 1.1449335 -0.7660615 0.0843187 -0.0702044 0.6333336
27367.253000 2.9637745 -2.6266281 1.1445860 -0.7659445 0.0843643 -0.0701489 0.6334751
27367.353000 2.9608493 -2.6256516 1.1456498 -0.7660465 0.0846156 -0.0704283 0.6332874
27367.454000 2.9531410 -2.6221553 1.1490604 -0.7664933 0.0855040 -0.0709281 0.6325712
27367.553000 3.0190366 -2.6332478 1.1502800 -0.7678497 0.0761052 -0.0628252 0.6329833
27367.654000 3.0220117 -2.6343697 1.1498916 -0.7677873 0.0757886 -0.0624847 0.6331307
27367.753000 3.0220436 -2.6348306 1.1495894 -0.7676862 0.0758116 -0.0625221 0.6332467
27367.853000 3.0191011 -2.6340433 1.1504984 -0.7677654 0.0760443 -0.0628264 0.6330927
27367.953000 3.0109480 -2.6309364 1.1536844 -0.7681569 0.0769713 -0.0632766 0.6324607
27368.053000 3.0772538 -2.6403622 1.1551303 -0.7695331 0.0671340 -0.0551385 0.6326702
27368.153000 3.0794116 -2.6411859 1.1548041 -0.7694959 0.0668073 -0.0549214 0.6327689
27368.253000 3.0794849 -2.6416346 1.1545055 -0.7694045 0.0667926 -0.0549339 0.6328805
27368.353000 3.0768703 -2.6411273 1.1551753 -0.7694510 0.0670053 -0.0552354 0.6327752
27368.453000 3.0680883 -2.6381746 1.1582056 -0.7698710 0.0680191 -0.0559195 0.6320957
27368.553000 3.1332324 -2.6457631 1.1600213 -0.7712375 0.0582864 -0.0481529 0.6320417
27368.653000 3.1355549 -2.6466519 1.1596351 -0.7711906 0.0580546 -0.0478899 0.6321403
27368.753000 3.1353760 -2.6470103 1.1593898 -0.7711274 0.0580068 -0.0480020 0.6322132
27368.853000 3.1353976 -2.6474445 1.1591150 -0.7710249 0.0580230 -0.0480253 0.6323349
27368.953000 3.1331720 -2.6472558 1.1595714 -0.7710044 0.0583534 -0.0481834 0.6323175
27369.053000 3.1239946 -2.6447514 1.1622384 -0.7713590 0.0593331 -0.0488443 0.6317429
27369.154000 3.1899863 -2.6508524 1.1640425 -0.7724834 0.0497394 -0.0406113 0.6317801
27369.253000 3.1919825 -2.6515350 1.1637423 -0.7724850 0.0493451 -0.0404573 0.6318189
27369.353000 3.1922569 -2.6520365 1.1634093 -0.7723972 0.0493794 -0.0404049 0.6319269
27369.453000 3.1901078 -2.6519408 1.1637273 -0.7723800 0.0495967 -0.0406264 0.6319168
27369.553000 3.1807567 -2.6498767 1.1659924 -0.7726506 0.0505201 -0.0414232 0.6314609
27369.653000 3.2454166 -2.6546843 1.1678791 -0.7735723 0.0411446 -0.0334792 0.6314841
27369.753000 3.2473441 -2.6552798 1.1675788 -0.7736402 0.0407694 -0.0333606 0.6314315
27369.853000 3.2476050 -2.6558314 1.1672258 -0.7735491 0.0408408 -0.0333238 0.6315404
27369.954000 3.2453708 -2.6558022 1.1674424 -0.7735344 0.0410091 -0.0336356 0.6315310
27370.053000 3.2362806 -2.6543515 1.1691904 -0.7736975 0.0421128 -0.0343474 0.6312202
27370.153000 3.2995019 -2.6574255 1.1713436 -0.7745485 0.0324298 -0.0266618 0.6311197
27370.254000 3.3018821 -2.6580782 1.1709488 -0.7746579 0.0321284 -0.0263728 0.6310130
27370.353000 3.3017690 -2.6584880 1.1706683 -0.7746080 0.0320490 -0.0264504 0.6310750
27370.453000 3.3000311 -2.6587490 1.1706051 -0.7746373 0.0321796 -0.0266773 0.6310228
27370.554000 3.2943335 -2.6583766 1.1712049 -0.7747809 0.0327223 -0.0272485 0.6307942
27370.653000 3.2895376 -2.6577921 1.1719324 -0.7747043 0.0333627 -0.0274880 0.6308444
27370.753000 3.3537035 -2.6595542 1.1740247 -0.7752562 0.0239886 -0.0196744 0.6308846
27370.854000 3.3556026 -2.6600163 1.1736722 -0.7755001 0.0236115 -0.0195497 0.6306028
27370.953000 3.3556342 -2.6604783 1.1733581 -0.7754469 0.0236172 -0.0195859 0.6306669
27371.053000 3.3541611 -2.6608999 1.1731684 -0.7754433 0.0238364 -0.0197513 0.6306579
27371.153000 3.3482109 -2.6607813 1.1735150 -0.7755534 0.0244239 -0.0203883 0.6304797
27371.253000 3.3428998 -2.6603530 1.1740492 -0.7754462 0.0249701 -0.0208313 0.6305758
27371.353000 3.4072966 -2.6634021 1.1743001 -0.7755677 0.0155837 -0.0128942 0.6309403
27371.453000 3.4093640 -2.6614058 1.1756129 -0.7759399 0.0152992 -0.0125098 0.6304972
27371.553000 3.4096682 -2.6619024 1.1752615 -0.7758875 0.0153259 -0.0124407 0.6305624
27371.653000 3.4081585 -2.6623145 1.1750263 -0.7758832 0.0154797 -0.0126020 0.6305608
27371.753000 3.4021165 -2.6624043 1.1751260 -0.7759621 0.0160486 -0.0132190 0.6304367
27371.853000 3.3970775 -2.6622616 1.1753951 -0.7758463 0.0165793 -0.0136024 0.6305574
27371.954000 3.3929558 -2.6621565 1.1755795 -0.7757139 0.0171205 -0.0137803 0.6307019
27372.053000 3.4600001 -2.6618190 1.1770140 -0.7762837 0.0073905 -0.0058865 0.6303128
27372.154000 3.4621972 -2.6623350 1.1766755 -0.7762558 0.0070547 -0.0056369 0.6303534
27372.253000 3.4622853 -2.6627720 1.1763748 -0.7761938 0.0070276 -0.0056246 0.6304301
27372.354000 3.4608726 -2.6632987 1.1760491 -0.7761566 0.0071728 -0.0057711 0.6304730
27372.453000 3.4549301 -2.6638406 1.1757865 -0.7761744 0.0078284 -0.0063468 0.6304377
27372.553000 3.4496811 -2.6638078 1.1759480 -0.7760367 0.0083054 -0.0068287 0.6305961
27372.653000 3.4446349 -2.6637107 1.1761094 -0.7758768 0.0088650 -0.0071704 0.6307814
27372.753000 3.5108777 -2.6616099 1.1778656 -0.7764793 -0.0009557 0.0004787 0.6301419
27372.853000 3.5133013 -2.6621207 1.1774916 -0.7764530 -0.0012312 0.0008084 0.6301734
27372.954000 3.5131649 -2.6625292 1.1772030 -0.7764069 -0.0013207 0.0007499 0.6302301
27373.053000 3.5115779 -2.6629980 1.1769378 -0.7763374 -0.0010754 0.0006320 0.6303163
27373.153000 3.5014011 -2.6633051 1.1768748 -0.7763414 0.0000257 -0.0004097 0.6303125
27373.253000 3.4949023 -2.6635191 1.1767404 -0.7762755 0.0009175 -0.0008466 0.6303926
27373.353000 3.5624042 -2.6607791 1.1780732 -0.7765238 -0.0086459 0.0072022 0.6299874
27373.454000 3.5643640 -2.6611857 1.1777420 -0.7765052 -0.0090443 0.0073868 0.6300026
27373.553000 3.5646687 -2.6616504 1.1774147 -0.7764410 -0.0090156 0.0074800 0.6300811
27373.653000 3.5629961 -2.6621419 1.1771398 -0.7763705 -0.0088553 0.0073265 0.6301720
27373.753000 3.5532500 -2.6628106 1.1769036 -0.7763213 -0.0078137 0.0064263 0.6302562
27373.853000 3.5455829 -2.6632233 1.1767006 -0.7762383 -0.0069649 0.0058222 0.6303742
27373.953000 3.6127692 -2.6589878 1.1781949 -0.7764530 -0.0167969 0.0136517 0.6298034
27374.053000 3.6142432 -2.6594077 1.1778346 -0.7764349 -0.0170336 0.0138309 0.6298154
27374.153000 3.6143193 -2.6598491 1.1775180 -0.7763835 -0.0170641 0.0138521 0.6298775
27374.254000 3.6127456 -2.6603953 1.1772202 -0.7763111 -0.0168972 0.0137099 0.6299743
27374.353000 3.6030417 -2.6614539 1.1768644 -0.7762195 -0.0156616 0.0128412 0.6301374
27374.453000 3.5946661 -2.6621437 1.1765984 -0.7761120 -0.0147477 0.0120386 0.6303077
27374.553000 3.6608924 -2.6567323 1.1780876 -0.7762419 -0.0245666 0.0196810 0.6296488
27374.653000 3.6630165 -2.6570955 1.1777236 -0.7762204 -0.0248924 0.0199392 0.6296544
27374.754000 3.6630802 -2.6575388 1.1774046 -0.7761701 -0.0249190 0.0199593 0.6297147
27374.853000 3.6613526 -2.6581503 1.1770951 -0.7760971 -0.0247412 0.0198161 0.6298162
27374.953000 3.6513386 -2.6595177 1.1766950 -0.7759955 -0.0235419 0.0189691 0.6300135
27375.053000 3.6431414 -2.6604738 1.1763826 -0.7758666 -0.0226362 0.0182377 0.6302269
27375.153000 3.7094638 -2.6539117 1.1778314 -0.7758276 -0.0321441 0.0261081 0.6295845
27375.253000 3.7122111 -2.6541919 1.1774679 -0.7757992 -0.0325534 0.0264328 0.6295850
27375.353000 3.7122495 -2.6546366 1.1771490 -0.7757490 -0.0325659 0.0264432 0.6296457
27375.453000 3.7106212 -2.6552860 1.1768348 -0.7756714 -0.0323666 0.0263047 0.6297573
27375.553000 3.7006397 -2.6569054 1.1764094 -0.7755487 -0.0311363 0.0253773 0.6300085
27375.653000 3.6924389 -2.6581315 1.1760555 -0.7753912 -0.0300746 0.0246182 0.6302840
27375.753000 3.7581716 -2.6503128 1.1775381 -0.7752875 -0.0397540 0.0323272 0.6295266
27375.853000 3.7611656 -2.6505485 1.1771687 -0.7752537 -0.0400987 0.0327337 0.6295254
27375.954000 3.7609528 -2.6509885 1.1768526 -0.7752095 -0.0401669 0.0326638 0.6295792
27376.053000 3.7591461 -2.6516861 1.1765241 -0.7751505 -0.0399502 0.0325254 0.6296727
27376.153000 3.7489745 -2.6534611 1.1760320 -0.7751273 -0.0387464 0.0316519 0.6298210
27376.254000 3.7413089 -2.6547260 1.1756360 -0.7750505 -0.0378038 0.0309589 0.6300072
27376.353000 3.8074373 -2.6456695 1.1770570 -0.7748655 -0.0477825 0.0386071 0.6291342
27376.453000 3.8097533 -2.6459184 1.1766990 -0.7748269 -0.0480250 0.0389382 0.6291428
27376.553000 3.8095261 -2.6463630 1.1763840 -0.7747780 -0.0480892 0.0388673 0.6292025
27376.653000 3.8079809 -2.6471485 1.1760077 -0.7746878 -0.0478009 0.0388038 0.6293394
27376.753000 3.7977790 -2.6494097 1.1752236 -0.7745338 -0.0466394 0.0378134 0.6296763
27376.853000 3.7903217 -2.6510268 1.1746037 -0.7743590 -0.0456979 0.0370615 0.6300050
27376.953000 3.8564586 -2.6408002 1.1760141 -0.7740724 -0.0553732 0.0448983 0.6290706
27377.053000 3.8589819 -2.6409300 1.1756580 -0.7740246 -0.0558414 0.0451599 0.6290693
27377.153000 3.8589710 -2.6413744 1.1753471 -0.7739681 -0.0558452 0.0451658 0.6291380
27377.253000 3.8592055 -2.6417913 1.1750723 -0.7738856 -0.0557858 0.0452480 0.6292390
27377.353000 3.8577002 -2.6426383 1.1745980 -0.7738313 -0.0556078 0.0451365 0.6293294
27377.453000 3.8511453 -2.6446134 1.1736268 -0.7738175 -0.0549215 0.0445425 0.6294490
27377.553000 3.8462570 -2.6458194 1.1731788 -0.7736097 -0.0542333 0.0441587 0.6297910
27377.653000 3.8405989 -2.6469767 1.1727302 -0.7733880 -0.0536555 0.0435228 0.6301571
27377.753000 3.9070795 -2.6346203 1.1745894 -0.7732492 -0.0633758 0.0514118 0.6288291
27377.853000 3.9091795 -2.6347875 1.1742367 -0.7732052 -0.0636853 0.0516811 0.6288299
27377.953000 3.9091694 -2.6352348 1.1739251 -0.7731478 -0.0636885 0.0516944 0.6288990
27378.053000 3.9075472 -2.6362157 1.1733400 -0.7730877 -0.0635076 0.0515798 0.6290006
27378.153000 3.9015913 -2.6384567 1.1721269 -0.7729734 -0.0627342 0.0511503 0.6292537
27378.254000 3.8962215 -2.6399554 1.1714230 -0.7726907 -0.0621890 0.0505926 0.6297000
27378.353000 3.8913789 -2.6412793 1.1707739 -0.7724098 -0.0616527 0.0500614 0.6301396
27378.453000 3.9588217 -2.6279649 1.1724114 -0.7720578 -0.0711934 0.0582356 0.6288616
27378.553000 3.9608783 -2.6280963 1.1720690 -0.7719973 -0.0714961 0.0585092 0.6288761
27378.653000 3.9608651 -2.6285419 1.1717639 -0.7719324 -0.0715020 0.0585268 0.6289534
27378.753000 3.9592592 -2.6296231 1.1710848 -0.7718636 -0.0712749 0.0584496 0.6290709
27378.853000 3.9534137 -2.6320635 1.1696177 -0.7717277 -0.0704955 0.0580332 0.6293639
27378.953000 3.9479271 -2.6337546 1.1686801 -0.7714324 -0.0699656 0.0574224 0.6298408
27379.053000 4.0105922 -2.6229830 1.1679075 -0.7702262 -0.0792004 0.0649640 0.6294908
27379.153000 4.0126240 -2.6201379 1.1694803 -0.7707209 -0.0794754 0.0651590 0.6288301
27379.253000 4.0126019 -2.6206066 1.1691457 -0.7706766 -0.0794796 0.0651896 0.6288807
27379.353000 4.0125873 -2.6210503 1.1688459 -0.7706039 -0.0794880 0.0652106 0.6289665
27379.453000 4.0105435 -2.6222193 1.1681232 -0.7704501 -0.0792454 0.0650911 0.6291979
27379.553000 4.0004273 -2.6260252 1.1656907 -0.7700651 -0.0781656 0.0641903 0.6298964
27379.653000 4.0620854 -2.6119598 1.1662481 -0.7690450 -0.0874798 0.0714578 0.6291349
27379.753000 4.0645370 -2.6118608 1.1658363 -0.7691693 -0.0879154 0.0717489 0.6288891
27379.853000 4.0645081 -2.6123260 1.1655107 -0.7691117 -0.0879243 0.0717806 0.6289548
27379.953000 4.0624242 -2.6136396 1.1646377 -0.7689517 -0.0876641 0.0716704 0.6291992
27380.053000 4.0530314 -2.6178265 1.1617359 -0.7685167 -0.0864174 0.0709733 0.6299817
27380.153000 4.1158160 -2.6025286 1.1620489 -0.7674171 -0.0958131 0.0784288 0.6290785
27380.253000 4.1178429 -2.6025162 1.1616716 -0.7674510 -0.0961115 0.0787187 0.6289554
27380.354000 4.1180571 -2.6029417 1.1613713 -0.7673874 -0.0960554 0.0788359 0.6290269
27380.453000 4.1157195 -2.6045001 1.1602949 -0.7671816 -0.0957713 0.0787083 0.6293372
27380.553000 4.1062317 -2.6091894 1.1568893 -0.7666323 -0.0946419 0.0779322 0.6302733
27380.653000 4.1697852 -2.5922479 1.1574450 -0.7655775 -0.1039147 0.0856048 0.6290983
27380.753000 4.1724133 -2.5920640 1.1570840 -0.7655159 -0.1043079 0.0859739 0.6290578
27380.853000 4.1726235 -2.5924817 1.1567895 -0.7654437 -0.1042546 0.0860907 0.6291385
27380.953000 4.1702913 -2.5941701 1.1555845 -0.7652123 -0.1039763 0.0859630 0.6294835
27381.053000 4.1611089 -2.5992235 1.1517850 -0.7646023 -0.1029105 0.0852189 0.6305002
27381.154000 4.2242236 -2.5809261 1.1523196 -0.7634368 -0.1124487 0.0926588 0.6292327
27381.253000 4.2266466 -2.5807298 1.1519323 -0.7633500 -0.1129073 0.0929591 0.6292117
27381.353000 4.2266211 -2.5811920 1.1516104 -0.7632686 -0.1129197 0.0929965 0.6293026
27381.453000 4.2242599 -2.5831238 1.1501757 -0.7630091 -0.1125401 0.0929358 0.6296942
27381.553000 4.2155875 -2.5884370 1.1460530 -0.7623796 -0.1114848 0.0922867 0.6307389
27381.654000 4.2807553 -2.5679943 1.1470023 -0.7612446 -0.1208697 0.1002583 0.6291625
27381.753000 4.2825448 -2.5679320 1.1466184 -0.7611369 -0.1212385 0.1004835 0.6291860
27381.853000 4.2827504 -2.5683359 1.1463278 -0.7610519 -0.1211868 0.1005981 0.6292803
27381.953000 4.2798357 -2.5706742 1.1445866 -0.7607225 -0.1209007 0.1003578 0.6297718
27382.053000 4.2721665 -2.5761664 1.1402851 -0.7600020 -0.1198441 0.0997991 0.6309315
27382.153000 4.3369736 -2.5542168 1.1413125 -0.7587721 -0.1293965 0.1076330 0.6292349
27382.253000 4.3389632 -2.5540604 1.1409586 -0.7586540 -0.1296978 0.1079343 0.6292637
27382.353000 4.3389507 -2.5545158 1.1406362 -0.7585578 -0.1297075 0.1079707 0.6293713
27382.454000 4.3364141 -2.5568980 1.1388213 -0.7582226 -0.1293658 0.1078213 0.6298711
27382.553000 4.3932602 -2.5410659 1.1342463 -0.7557957 -0.1379273 0.1151732 0.6296698
27382.653000 4.3957048 -2.5384689 1.1353968 -0.7561277 -0.1382424 0.1153660 0.6291666
27382.753000 4.3954616 -2.5390125 1.1350041 -0.7560472 -0.1383083 0.1153426 0.6292531
27382.853000 4.3954419 -2.5394699 1.1346752 -0.7559463 -0.1383190 0.1153743 0.6293662
27382.953000 4.3927941 -2.5421755 1.1325822 -0.7555631 -0.1379338 0.1152277 0.6299374
27383.053000 4.4510152 -2.5243688 1.1282026 -0.7530279 -0.1466389 0.1228057 0.6295750
27383.153000 4.4527194 -2.5220084 1.1293437 -0.7533392 -0.1469829 0.1228132 0.6291208
27383.253000 4.4527099 -2.5224832 1.1289839 -0.7532574 -0.1469839 0.1228696 0.6292075
27383.353000 4.4497240 -2.5257785 1.1264229 -0.7527895 -0.1466950 0.1226766 0.6298722
27383.453000 4.5085598 -2.5046078 1.1236951 -0.7503157 -0.1553317 0.1303728 0.6292069
27383.553000 4.5112493 -2.5039611 1.1232791 -0.7504277 -0.1556405 0.1308064 0.6289070
27383.653000 4.5112295 -2.5044334 1.1229175 -0.7503381 -0.1556372 0.1308577 0.6290041
27383.753000 4.5109788 -2.5049445 1.1225501 -0.7502237 -0.1557099 0.1308034 0.6291338
27383.853000 4.5086308 -2.5082225 1.1199376 -0.7497685 -0.1552261 0.1307311 0.6298107
27383.953000 4.5675039 -2.4849247 1.1174993 -0.7473412 -0.1642581 0.1380795 0.6288358
27384.053000 4.5691939 -2.4846000 1.1170281 -0.7474193 -0.1645754 0.1383125 0.6286087
27384.153000 4.5691597 -2.4850770 1.1166563 -0.7473262 -0.1645763 0.1383563 0.6287096
27384.253000 4.5665195 -2.4892403 1.1133014 -0.7467434 -0.1640077 0.1382967 0.6295632
27384.353000 4.6268192 -2.4637283 1.1113934 -0.7443731 -0.1728765 0.1460938 0.6282348
27384.453000 4.6287414 -2.4633298 1.1109734 -0.7443055 -0.1731535 0.1464030 0.6281666
27384.553000 4.6287237 -2.4638004 1.1106002 -0.7442057 -0.1731514 0.1464457 0.6282756
27384.653000 4.6264336 -2.4683317 1.1069019 -0.7435523 -0.1726477 0.1464757 0.6291801
27384.753000 4.6855020 -2.4414817 1.1051300 -0.7410771 -0.1818928 0.1539024 0.6277211
27384.853000 4.6882416 -2.4406852 1.1047472 -0.7409516 -0.1821954 0.1543690 0.6276670
27384.953000 4.6880111 -2.4412290 1.1043313 -0.7408414 -0.1822596 0.1543288 0.6277882
27385.053000 4.6861690 -2.4457920 1.1005479 -0.7401857 -0.1817215 0.1543728 0.6287062
27385.153000 4.7458367 -2.4168512 1.0991672 -0.7377172 -0.1906827 0.1621026 0.6270057
27385.253000 4.7483163 -2.4160799 1.0987381 -0.7375812 -0.1910455 0.1624866 0.6269560
27385.353000 4.7480916 -2.4166307 1.0983113 -0.7374686 -0.1911090 0.1624450 0.6270797
27385.453000 4.7466770 -2.4209720 1.0946711 -0.7368467 -0.1907362 0.1624598 0.6279199
27385.553000 4.8065987 -2.3903646 1.0931400 -0.7342153 -0.1997862 0.1702921 0.6261102
27385.654000 4.8084766 -2.3898384 1.0926979 -0.7341099 -0.2000545 0.1706000 0.6260643
27385.753000 4.8084810 -2.3903077 1.0922995 -0.7340044 -0.2000465 0.1706414 0.6261793
27385.853000 4.8075882 -2.3947917 1.0884815 -0.7332901 -0.1997042 0.1707011 0.6271085
27385.953000 4.8669365 -2.3626216 1.0871983 -0.7305721 -0.2086150 0.1785603 0.6251883
27386.053000 4.8694119 -2.3617090 1.0867522 -0.7304206 -0.2089727 0.1789497 0.6251345
27386.153000 4.8692101 -2.3622693 1.0863058 -0.7303041 -0.2090316 0.1789085 0.6252628
27386.253000 4.8690583 -2.3662846 1.0827578 -0.7296687 -0.2086006 0.1790634 0.6261036
27386.353000 4.9282468 -2.3324989 1.0812933 -0.7267648 -0.2176358 0.1868789 0.6241185
27386.453000 4.9301557 -2.3318750 1.0808295 -0.7266407 -0.2179272 0.1872078 0.6240627
27386.553000 4.9302222 -2.3323492 1.0804122 -0.7265259 -0.2179395 0.1872727 0.6241726
27386.654000 4.9304602 -2.3326926 1.0800733 -0.7264082 -0.2178988 0.1873833 0.6242905
27386.753000 4.9304586 -2.3372298 1.0760424 -0.7256216 -0.2177625 0.1875066 0.6252151
27386.853000 4.9895753 -2.3003945 1.0756578 -0.7230034 -0.2265803 0.1955342 0.6226507
27386.953000 4.9915054 -2.2997058 1.0751944 -0.7228509 -0.2268730 0.1958715 0.6226151
27387.053000 4.9915897 -2.3001763 1.0747716 -0.7227317 -0.2268874 0.1959393 0.6227269
27387.153000 4.9922872 -2.3040943 1.0711338 -0.7220311 -0.2265957 0.1961172 0.6235892
27387.253000 5.0508126 -2.2666155 1.0697463 -0.7188240 -0.2357120 0.2038264 0.6214392
27387.353000 5.0519446 -2.2664090 1.0692163 -0.7186953 -0.2359634 0.2040143 0.6214310
27387.453000 5.0520390 -2.2668836 1.0687800 -0.7185750 -0.2359815 0.2040857 0.6215398
27387.553000 5.0532666 -2.2703803 1.0653431 -0.7178922 -0.2357682 0.2044030 0.6223051
27387.653000 5.1105079 -2.2315789 1.0642652 -0.7148211 -0.2444662 0.2122508 0.6198521
27387.753000 5.1130923 -2.2302873 1.0638141 -0.7146763 -0.2447473 0.2127144 0.6197493
27387.853000 5.1131542 -2.2307503 1.0633714 -0.7145679 -0.2447290 0.2127646 0.6198642
27387.953000 5.1142927 -2.2341100 1.0600296 -0.7139411 -0.2445937 0.2129018 0.6205924
27388.053000 5.1712873 -2.1939326 1.0584867 -0.7104440 -0.2536859 0.2206436 0.6182469
27388.153000 5.1732912 -2.1929909 1.0580314 -0.7103345 -0.2539184 0.2210483 0.6181326
27388.253000 5.1732792 -2.1935744 1.0575274 -0.7101939 -0.2539907 0.2210694 0.6182569
27388.353000 5.1753076 -2.1965749 1.0542158 -0.7095529 -0.2538074 0.2214515 0.6189311
27388.454000 5.2322378 -2.1537449 1.0530836 -0.7061141 -0.2626962 0.2293579 0.6162699
27388.553000 5.2333797 -2.1534331 1.0525228 -0.7059736 -0.2629507 0.2295541 0.6162492
27388.653000 5.2336662 -2.1537729 1.0521092 -0.7058692 -0.2629163 0.2297018 0.6163285
27388.753000 5.2359796 -2.1570628 1.0484304 -0.7051018 -0.2628029 0.2299873 0.6171483
27388.853000 5.2918520 -2.1127861 1.0475292 -0.7014975 -0.2713801 0.2379455 0.6145210
27388.953000 5.2933607 -2.1119707 1.0469816 -0.7012679 -0.2717641 0.2381518 0.6145335
27389.053000 5.2937816 -2.1123649 1.0465479 -0.7012165 -0.2716475 0.2383423 0.6145698
27389.153000 5.2936319 -2.1129000 1.0460820 -0.7010084 -0.2717635 0.2382746 0.6147822
27389.253000 5.2965069 -2.1155575 1.0426618 -0.7004162 -0.2715274 0.2386688 0.6154082
27389.353000 5.3509842 -2.0687574 1.0425040 -0.6972221 -0.2802505 0.2464607 0.6120442
27389.453000 5.3528101 -2.0677694 1.0419786 -0.6970426 -0.2805396 0.2468073 0.6119766
27389.553000 5.3528519 -2.0683454 1.0414520 -0.6968929 -0.2806122 0.2468345 0.6121028
27389.653000 5.3560897 -2.0707408 1.0380495 -0.6962159 -0.2804580 0.2473065 0.6127530
27389.753000 5.4089337 -2.0237369 1.0372543 -0.6926001 -0.2891464 0.2548328 0.6097211
27389.853000 5.4112042 -2.0217730 1.0370313 -0.6927994 -0.2894191 0.2552928 0.6091726
27389.953000 5.4112120 -2.0226212 1.0363197 -0.6923313 -0.2895017 0.2552707 0.6096744
27390.053000 5.4148182 -2.0236839 1.0336004 -0.6922181 -0.2892556 0.2558625 0.6096718
27390.154000 5.4670061 -1.9759133 1.0322421 -0.6877436 -0.2980972 0.2633974 0.6072632
27390.253000 5.4692257 -1.9743752 1.0316849 -0.6875350 -0.2984515 0.2637922 0.6071540
27390.353000 5.4693912 -1.9748190 1.0311903 -0.6874171 -0.2984452 0.2638682 0.6072576
27390.453000 5.4733388 -1.9766625 1.0278136 -0.6867111 -0.2983094 0.2643411 0.6079171
27390.553000 5.5248209 -1.9254547 1.0274383 -0.6828107 -0.3069587 0.2720834 0.6045796
27390.653000 5.5265733 -1.9243077 1.0268866 -0.6826226 -0.3072388 0.2724266 0.6044953
27390.754000 5.5267907 -1.9247314 1.0263855 -0.6824951 -0.3072492 0.2725216 0.6045911
27390.853000 5.5311427 -1.9260086 1.0231670 -0.6818467 -0.3072082 0.2731015 0.6050817
27390.953000 5.5809657 -1.8735884 1.0226687 -0.6777460 -0.3160277 0.2805367 0.6017358
27391.053000 5.5826459 -1.8724160 1.0221065 -0.6775636 -0.3162958 0.2808640 0.6016477
27391.154000 5.5828507 -1.8728414 1.0215975 -0.6774421 -0.3162932 0.2809499 0.6017458
27391.254000 5.5867822 -1.8738541 1.0187471 -0.6767779 -0.3162847 0.2813351 0.6023174
27391.353000 5.6356839 -1.8202719 1.0182767 -0.6726324 -0.3246034 0.2889366 0.5989273
27391.453000 5.6382813 -1.8179719 1.0177012 -0.6723888 -0.3250365 0.2894187 0.5987331
27391.553000 5.6384047 -1.8185292 1.0171313 -0.6722403 -0.3250953 0.2894541 0.5988508
27391.653000 5.6427492 -1.8188827 1.0144832 -0.6716704 -0.3250299 0.2900152 0.5992542
27391.753000 5.6908744 -1.7629785 1.0141344 -0.6675418 -0.3333304 0.2977250 0.5955155
27391.853000 5.6929604 -1.7611277 1.0135463 -0.6673397 -0.3336838 0.2981216 0.5953456
27391.954000 5.6933585 -1.7613813 1.0130543 -0.6672416 -0.3336138 0.2982941 0.5954083
27392.053000 5.6973722 -1.7614922 1.0106749 -0.6666790 -0.3336722 0.2987508 0.5957767
27392.153000 5.7447076 -1.7036008 1.0102115 -0.6621488 -0.3422577 0.3063560 0.5920850
27392.253000 5.7463041 -1.7022562 1.0096051 -0.6620255 -0.3425265 0.3066650 0.5919074
27392.353000 5.7465709 -1.7026513 1.0090645 -0.6619091 -0.3425251 0.3067659 0.5919862
27392.454000 5.7505021 -1.7022278 1.0070479 -0.6614230 -0.3425551 0.3072571 0.5922573
27392.553000 5.7970092 -1.6423019 1.0066163 -0.6567316 -0.3510396 0.3149498 0.5884569
27392.653000 5.7985681 -1.6408941 1.0059992 -0.6566336 -0.3513089 0.3152486 0.5882455
27392.753000 5.7988482 -1.6412789 1.0054499 -0.6565200 -0.3513052 0.3153507 0.5883198
27392.853000 5.8027275 -1.6406828 1.0034977 -0.6559826 -0.3514142 0.3157744 0.5886267
27392.953000 5.8473721 -1.5798988 1.0030162 -0.6509601 -0.3599146 0.3232461 0.5849995
27393.053000 5.8491919 -1.5779946 1.0023416 -0.6508256 -0.3603246 0.3235414 0.5847335
27393.153000 5.8494822 -1.5783733 1.0017815 -0.6507141 -0.3603209 0.3236426 0.5848038
27393.253000 5.8498770 -1.5785654 1.0013128 -0.6506048 -0.3602546 0.3237970 0.5848807
27393.353000 5.8532647 -1.5777917 0.9997086 -0.6501151 -0.3604256 0.3241358 0.5851322
27393.454000 5.8986251 -1.5153038 0.9972960 -0.6447863 -0.3688187 0.3321465 0.5812934
27393.553000 5.8989438 -1.5114898 0.9995507 -0.6453826 -0.3690053 0.3322297 0.5804652
27393.654000 5.8992558 -1.5118489 0.9989795 -0.6452801 -0.3689980 0.3323371 0.5805222
27393.753000 5.8994679 -1.5123444 0.9984119 -0.6451167 -0.3690393 0.3323745 0.5806562
27393.853000 5.9028424 -1.5110113 0.9970927 -0.6447410 -0.3690863 0.3328100 0.5807941
27393.953000 5.9465271 -1.4471249 0.9947353 -0.6393372 -0.3773877 0.3406672 0.5768642
27394.053000 5.9468474 -1.4432530 0.9968086 -0.6396752 -0.3778347 0.3406329 0.5762168
27394.153000 5.9472652 -1.4434429 0.9962690 -0.6396052 -0.3777755 0.3408000 0.5762345
27394.253000 5.9503856 -1.4421858 0.9949507 -0.6391722 -0.3779585 0.3411403 0.5763937
27394.353000 5.9931962 -1.3753477 0.9927608 -0.6335800 -0.3862508 0.3492137 0.5722207
27394.453000 5.9934126 -1.3723188 0.9943996 -0.6337813 -0.3865942 0.3491879 0.5717814
27394.553000 5.9936670 -1.3728153 0.9937703 -0.6336540 -0.3866427 0.3492369 0.5718598
27394.653000 5.9967032 -1.3710404 0.9927117 -0.6333424 -0.3867598 0.3496824 0.5718536
27394.753000 6.0375600 -1.3026931 0.9906964 -0.6277170 -0.3951045 0.3576234 0.5674234
27394.854000 6.0378343 -1.2994222 0.9922489 -0.6276837 -0.3956951 0.3575035 0.5671242
27394.953000 6.0382739 -1.2995800 0.9916851 -0.6276251 -0.3956385 0.3576697 0.5671236
27395.053000 6.0385453 -1.3000381 0.9910997 -0.6274676 -0.3956772 0.3577182 0.5672403
27395.153000 6.0389740 -1.3001584 0.9906289 -0.6273482 -0.3956039 0.3578771 0.5673234
27395.253000 6.0416664 -1.2985453 0.9896597 -0.6268949 -0.3958168 0.3581815 0.5674837
27395.354000 6.0493198 -1.2923766 0.9879302 -0.6259948 -0.3962924 0.3590900 0.5675713
27395.453000 6.0797389 -1.2256922 0.9904988 -0.6215597 -0.4043940 0.3657355 0.5624647
27395.553000 6.0811768 -1.2238003 0.9899195 -0.6213506 -0.4045838 0.3661179 0.5623105
27395.653000 6.0815480 -1.2240745 0.9893631 -0.6212302 -0.4045674 0.3662288 0.5623830
27395.754000 6.0839906 -1.2222608 0.9885467 -0.6208942 -0.4047245 0.3665654 0.5624218
27395.853000 6.0913476 -1.2153912 0.9870497 -0.6200582 -0.4053620 0.3673626 0.5623648
27395.953000 6.1202739 -1.1478608 0.9892462 -0.6153922 -0.4132110 0.3741129 0.5573048
27396.053000 6.1217996 -1.1456049 0.9885896 -0.6150776 -0.4135761 0.3744421 0.5571601
27396.153000 6.1222528 -1.1457073 0.9880540 -0.6149934 -0.4135102 0.3746073 0.5571911
27396.253000 6.1246350 -1.1436611 0.9872844 -0.6146591 -0.4136824 0.3749581 0.5571961
27396.353000 6.1319995 -1.1357522 0.9859274 -0.6137849 -0.4144105 0.3758198 0.5570382
27396.453000 6.1590022 -1.0670486 0.9881162 -0.6089620 -0.4222061 0.3825283 0.5518871
27396.553000 6.1605317 -1.0645632 0.9874842 -0.6086834 -0.4225150 0.3829080 0.5516948
27396.653000 6.1608530 -1.0649796 0.9868808 -0.6085379 -0.4225508 0.3829572 0.5517937
27396.753000 6.1631844 -1.0626221 0.9861773 -0.6082340 -0.4226562 0.3833683 0.5517625
27396.853000 6.1703515 -1.0538936 0.9849405 -0.6073172 -0.4233523 0.3842823 0.5516030
27396.953000 6.1957942 -0.9828728 0.9872484 -0.6024072 -0.4310617 0.3911347 0.5461731
27397.053000 6.1969438 -0.9811328 0.9865772 -0.6021546 -0.4313525 0.3913787 0.5460472
27397.153000 6.1974108 -0.9811944 0.9860211 -0.6020829 -0.4312834 0.3915399 0.5460654
27397.253000 6.1994912 -0.9789637 0.9853078 -0.6017227 -0.4315115 0.3918356 0.5460701
27397.353000 6.2064036 -0.9691420 0.9842632 -0.6008306 -0.4322667 0.3928102 0.5457547
27397.453000 6.2296829 -0.8972065 0.9865018 -0.5956188 -0.4400418 0.3995182 0.5403580
27397.553000 6.2308387 -0.8952461 0.9858491 -0.5954071 -0.4402793 0.3998075 0.5401837
27397.653000 6.2312510 -0.8954533 0.9852608 -0.5953079 -0.4402582 0.3999096 0.5402347
27397.753000 6.2330952 -0.8932698 0.9845695 -0.5949630 -0.4404799 0.4001799 0.5402339
27397.853000 6.2395609 -0.8828359 0.9835662 -0.5940563 -0.4412858 0.4011383 0.5398629
27397.953000 6.2605225 -0.8103520 0.9858189 -0.5886720 -0.4490142 0.4077046 0.5344422
27398.053000 6.2618751 -0.8074949 0.9851741 -0.5884564 -0.4492777 0.4080954 0.5341599
27398.153000 6.2622393 -0.8078547 0.9845571 -0.5883293 -0.4493059 0.4081364 0.5342448
27398.253000 6.2640742 -0.8052174 0.9839088 -0.5880559 -0.4494030 0.4085340 0.5341602
27398.353000 6.2700996 -0.7941715 0.9829112 -0.5871240 -0.4501351 0.4095831 0.5337654
27398.454000 6.2889592 -0.7202304 0.9851061 -0.5813297 -0.4580257 0.4160597 0.5283583
27398.553000 6.2900196 -0.7180499 0.9844450 -0.5811903 -0.4582239 0.4163554 0.5281069
27398.653000 6.2904503 -0.7182074 0.9838409 -0.5811066 -0.4581976 0.4164502 0.5281470
27398.754000 6.2919489 -0.7159538 0.9831850 -0.5808237 -0.4583281 0.4167515 0.5281074
27398.853000 6.2972881 -0.7047956 0.9821901 -0.5798555 -0.4591334 0.4176955 0.5277258
27398.953000 6.3143388 -0.6280782 0.9845397 -0.5741092 -0.4666610 0.4245510 0.5219028
27399.053000 6.3152199 -0.6261918 0.9838301 -0.5739466 -0.4669885 0.4246891 0.5216763
27399.153000 6.3157027 -0.6261607 0.9832277 -0.5739052 -0.4669149 0.4248298 0.5216731
27399.253000 6.3170558 -0.6238676 0.9825596 -0.5735851 -0.4671275 0.4250754 0.5216349
27399.353000 6.3218299 -0.6119383 0.9816201 -0.5726265 -0.4680242 0.4260563 0.5210838
27399.453000 6.3361133 -0.5353453 0.9838753 -0.5665094 -0.4757231 0.4326096 0.5153674
27399.553000 6.3369331 -0.5333968 0.9831633 -0.5663463 -0.4760579 0.4327330 0.5151339
27399.653000 6.3373730 -0.5335183 0.9825436 -0.5662724 -0.4760336 0.4328122 0.5151710
27399.753000 6.3386957 -0.5308722 0.9818575 -0.5660345 -0.4760937 0.4331618 0.5150830
27399.853000 6.3429325 -0.5189641 0.9807262 -0.5650594 -0.4768101 0.4341012 0.5147000
27399.954000 6.3547347 -0.4416857 0.9829750 -0.5590054 -0.4840976 0.4407658 0.5088104
27400.053000 6.3556334 -0.4388223 0.9822630 -0.5588370 -0.4844645 0.4409782 0.5084620
27400.153000 6.3560788 -0.4389122 0.9816382 -0.5587687 -0.4844378 0.4410535 0.5084971
27400.253000 6.3572513 -0.4361112 0.9809599 -0.5585356 -0.4845330 0.4413942 0.5083669
27400.353000 6.3607912 -0.4235558 0.9799025 -0.5575494 -0.4854295 0.4423084 0.5077994
27400.453000 6.3696827 -0.3471360 0.9821543 -0.5514075 -0.4926741 0.4487166 0.5018718
27400.553000 6.3705590 -0.3436269 0.9814411 -0.5511159 -0.4931535 0.4489432 0.5015187
27400.653000 6.3710403 -0.3435109 0.9808164 -0.5510875 -0.4930755 0.4490690 0.5015139
27400.753000 6.3720654 -0.3408619 0.9800892 -0.5507447 -0.4932603 0.4493188 0.5014849
27400.853000 6.3751549 -0.3278113 0.9788824 -0.5497131 -0.4939695 0.4504018 0.5009470
27400.954000 6.3814658 -0.2505526 0.9810793 0.5431581 0.5014500 -0.4566233 -0.4949973
27401.053000 6.3821172 -0.2482911 0.9803698 0.5430038 0.5017300 -0.4567809 -0.4947373
27401.153000 6.3825660 -0.2483257 0.9797427 0.5429390 0.5016986 -0.4568492 -0.4947772
27401.253000 6.3833980 -0.2457419 0.9790636 0.5427336 0.5017468 -0.4571536 -0.4946727
27401.353000 6.3855314 -0.2334876 0.9780125 0.5417914 0.5024986 -0.4580004 -0.4941588
27401.453000 6.3892357 -0.1547383 0.9803896 0.5351087 0.5097945 -0.4643397 -0.4880131
27401.553000 6.3898413 -0.1522090 0.9796098 0.5350764 0.5100435 -0.4645134 -0.4876230
27401.653000 6.3902923 -0.1522165 0.9789731 0.5350176 0.5100141 -0.4645740 -0.4876606
27401.753000 6.3907290 -0.1522208 0.9783957 0.5349292 0.5099576 -0.4646638 -0.4877310
27401.853000 6.3914666 -0.1492774 0.9777201 0.5346604 0.5100178 -0.4650062 -0.4876364
27401.954000 6.3930473 -0.1366145 0.9766068 0.5335619 0.5108139 -0.4659146 -0.4871391
27402.053000 6.3937082 -0.0589465 0.9792793 0.5271052 0.5179045 -0.4720584 -0.4807244
27402.153000 6.3942037 -0.0561146 0.9785731 0.5268507 0.5182999 -0.4721926 -0.4804454
27402.253000 6.3946518 -0.0560997 0.9779421 0.5267882 0.5182671 -0.4722519 -0.4804909
27402.353000 6.3952252 -0.0532856 0.9772349 0.5265184 0.5183788 -0.4725094 -0.4804130
27402.453000 6.3961563 -0.0401711 0.9760967 0.5255993 0.5190214 -0.4734737 -0.4797758
27402.553000 6.3944742 0.0377062 0.9783541 0.5188253 0.5260716 -0.4795759 -0.4733666
27402.653000 6.3948935 0.0400387 0.9776416 0.5186556 0.5263468 -0.4797056 -0.4731153
27402.753000 6.3953400 0.0400859 0.9770111 0.5185950 0.5263094 -0.4797647 -0.4731633
27402.853000 6.3957832 0.0430280 0.9762959 0.5183743 0.5263494 -0.4800705 -0.4730504
27402.953000 6.3960395 0.0556407 0.9751932 0.5174488 0.5269512 -0.4809698 -0.4724799
27403.053000 6.3917026 0.1334532 0.9774602 0.5106554 0.5336663 -0.4871520 -0.4659552
27403.153000 6.3920060 0.1364798 0.9767397 0.5104443 0.5340276 -0.4872954 -0.4656225
27403.253000 6.3924605 0.1367389 0.9760883 0.5104286 0.5339396 -0.4874041 -0.4656270
27403.353000 6.3927589 0.1394775 0.9753743 0.5101543 0.5340261 -0.4876524 -0.4655682
27403.453000 6.3924004 0.1518505 0.9742393 0.5090953 0.5346979 -0.4884980 -0.4650697
27403.553000 6.3854613 0.2286826 0.9765222 0.5021280 0.5415145 -0.4943565 -0.4585207
27403.653000 6.3856505 0.2316198 0.9758210 0.5018654 0.5419343 -0.4944411 -0.4582208
27403.753000 6.3860896 0.2317181 0.9751883 0.5018042 0.5418968 -0.4944948 -0.4582742
27403.853000 6.3862223 0.2347187 0.9744664 0.5015792 0.5419435 -0.4947807 -0.4581567
27403.953000 6.3851295 0.2469871 0.9734129 0.5005929 0.5426216 -0.4955473 -0.4576040
27404.054000 6.3754310 0.3251619 0.9756374 0.4935226 0.5493119 -0.5015302 -0.4507320
27404.153000 6.3756803 0.3268428 0.9749245 0.4934107 0.5495298 -0.5015735 -0.4505406
27404.253000 6.3761132 0.3269714 0.9742951 0.4933499 0.5494860 -0.5016299 -0.4505979
27404.353000 6.3765324 0.3270930 0.9737222 0.4932666 0.5494117 -0.5017233 -0.4506756
27404.454000 6.3764937 0.3296708 0.9731067 0.4929423 0.5495306 -0.5019237 -0.4506624
27404.553000 6.3746563 0.3423262 0.9720821 0.4920176 0.5501290 -0.5027892 -0.4499775
27404.653000 6.3622277 0.4175409 0.9747901 0.4851861 0.5566019 -0.5083900 -0.4430896
27404.753000 6.3621408 0.4213494 0.9740892 0.4848420 0.5569699 -0.5086146 -0.4427459
27404.853000 6.3625668 0.4214984 0.9734648 0.4847818 0.5569193 -0.5086719 -0.4428098
27404.953000 6.3623684 0.4244053 0.9727665 0.4845093 0.5569991 -0.5089118 -0.4427319
27405.053000 6.3598769 0.4368725 0.9716932 0.4835461 0.5576017 -0.5097367 -0.4420769
27405.153000 6.3452794 0.5118051 0.9740007 0.4763546 0.5642745 -0.5150910 -0.4351573
27405.253000 6.3453104 0.5142366 0.9733095 0.4761234 0.5644905 -0.5152338 -0.4349610
27405.353000 6.3457188 0.5145947 0.9726582 0.4761086 0.5643837 -0.5153466 -0.4349821
27405.453000 6.3461242 0.5147557 0.9720928 0.4760310 0.5642941 -0.5154458 -0.4350659
27405.553000 6.3457708 0.5175605 0.9714563 0.4757439 0.5643444 -0.5156973 -0.4350166
27405.653000 6.3426863 0.5292956 0.9705250 0.4747279 0.5649605 -0.5164038 -0.4344885
27405.753000 6.3251517 0.6043092 0.9731730 0.4677111 0.5712596 -0.5219180 -0.4272124
27405.853000 6.3251063 0.6067280 0.9724851 0.4674777 0.5714623 -0.5220585 -0.4270251
27405.953000 6.3255160 0.6069158 0.9718701 0.4674195 0.5713981 -0.5221193 -0.4271004
27406.053000 6.3249681 0.6097826 0.9711968 0.4670972 0.5714990 -0.5223287 -0.4270619
27406.153000 6.3213099 0.6215312 0.9701224 0.4661815 0.5719790 -0.5231542 -0.4264088
27406.253000 6.3020810 0.6948594 0.9722654 0.4590037 0.5781660 -0.5284894 -0.4192119
27406.353000 6.3019592 0.6970083 0.9716695 0.4587044 0.5784078 -0.5285619 -0.4191145
27406.453000 6.3023723 0.6974424 0.9709883 0.4587102 0.5782559 -0.5286989 -0.4191450
27406.553000 6.3015811 0.7005158 0.9703238 0.4584437 0.5783132 -0.5289310 -0.4190647
27406.653000 6.2972946 0.7116468 0.9694445 0.4575872 0.5788105 -0.5296112 -0.4184548
27406.753000 6.2760945 0.7825110 0.9717821 0.4502931 0.5850368 -0.5345642 -0.4113504
27406.853000 6.2757141 0.7858622 0.9710395 0.4500249 0.5851674 -0.5348552 -0.4110798
27406.953000 6.2761146 0.7860622 0.9704377 0.4499806 0.5850754 -0.5349213 -0.4111732
27407.053000 6.2751080 0.7891524 0.9697993 0.4496938 0.5851440 -0.5351656 -0.4110715
27407.153000 6.2703310 0.7996868 0.9690291 0.4488050 0.5856697 -0.5358434 -0.4104108
27407.253000 6.2469300 0.8694681 0.9715451 0.4413063 0.5921562 -0.5403798 -0.4032238
27407.353000 6.2466676 0.8718472 0.9708937 0.4410490 0.5922842 -0.5405465 -0.4030939
27407.453000 6.2470601 0.8720544 0.9703002 0.4410061 0.5921857 -0.5406151 -0.4031935
27407.553000 6.2459358 0.8751634 0.9696524 0.4408178 0.5921547 -0.5409040 -0.4030575
27407.653000 6.2408631 0.8844294 0.9692360 0.4400084 0.5926616 -0.5413694 -0.4025717
27407.753000 6.2152469 0.9539863 0.9715714 0.4325453 0.5986846 -0.5461749 -0.3951890
27407.853000 6.2148909 0.9566349 0.9708292 0.4323494 0.5987321 -0.5464187 -0.3949942
27407.953000 6.2152747 0.9568677 0.9702339 0.4323134 0.5986257 -0.5464913 -0.3950944
27408.053000 6.2139604 0.9596669 0.9697249 0.4320809 0.5986657 -0.5466974 -0.3950031
27408.154000 6.2086342 0.9681121 0.9694851 0.4313567 0.5991316 -0.5471269 -0.3944932
27408.253000 6.1810689 1.0371986 0.9714549 0.4239551 0.6046641 -0.5522093 -0.3869216
27408.353000 6.1806545 1.0395742 0.9708129 0.4236976 0.6047617 -0.5523860 -0.3867988
27408.453000 6.1810533 1.0395380 0.9703250 0.4236009 0.6047225 -0.5523826 -0.3869709
27408.553000 6.1793706 1.0424597 0.9699203 0.4233327 0.6047934 -0.5525900 -0.3868573
27408.653000 6.1738439 1.0502106 0.9698639 0.4226509 0.6052153 -0.5530282 -0.3863166
27408.753000 6.1445945 1.1173692 0.9719869 0.4151235 0.6109546 -0.5576222 -0.3787670
27408.853000 6.1441294 1.1194847 0.9714522 0.4148007 0.6111085 -0.5577299 -0.3787138
27408.953000 6.1444952 1.1197201 0.9708815 0.4147653 0.6109925 -0.5578088 -0.3788234
27409.053000 6.1426180 1.1224908 0.9706002 0.4145848 0.6110236 -0.5579800 -0.3787187
27409.153000 6.1071630 1.1968678 0.9707355 0.4063156 0.6165208 -0.5631793 -0.3709970
27409.253000 6.1051389 1.1965397 0.9732372 0.4061782 0.6175089 -0.5624735 -0.3705747
27409.353000 6.1054994 1.1968136 0.9726208 0.4061584 0.6174205 -0.5625126 -0.3706842
27409.453000 6.1058157 1.1973439 0.9719516 0.4061921 0.6172234 -0.5626793 -0.3707226
27409.553000 6.1036843 1.1999826 0.9718392 0.4059646 0.6173029 -0.5628569 -0.3705698
27409.653000 6.0666378 1.2714345 0.9723994 0.3975672 0.6227650 -0.5678416 -0.3628498
27409.753000 6.0641859 1.2726059 0.9744616 0.3974961 0.6231901 -0.5678329 -0.3622110
27409.853000 6.0644919 1.2731552 0.9737523 0.3975409 0.6230254 -0.5679538 -0.3622556
27409.953000 6.0648362 1.2734321 0.9731889 0.3975174 0.6228921 -0.5680488 -0.3623616
27410.053000 6.0623188 1.2757667 0.9734085 0.3972747 0.6230751 -0.5680891 -0.3622500
27410.153000 6.0240161 1.3444209 0.9741853 0.3890395 0.6283660 -0.5727669 -0.3546019
27410.253000 6.0213446 1.3460932 0.9761748 0.3889218 0.6290198 -0.5725857 -0.3538637
27410.353000 6.0217361 1.3461372 0.9756770 0.3888477 0.6289787 -0.5725687 -0.3540456
27410.453000 6.0190818 1.3486649 0.9758135 0.3887595 0.6290504 -0.5726938 -0.3538126
27410.553000 5.9776274 1.4149085 0.9790177 0.3804129 0.6342992 -0.5773590 -0.3458426
27410.653000 5.9766885 1.4170233 0.9784468 0.3802710 0.6348215 -0.5770478 -0.3455594
27410.753000 5.9770796 1.4170702 0.9779613 0.3801986 0.6347764 -0.5770332 -0.3457465
27410.853000 5.9740406 1.4194570 0.9783683 0.3801669 0.6348613 -0.5771163 -0.3454867
27410.953000 5.9323086 1.4814217 0.9820104 0.3719351 0.6405125 -0.5808043 -0.3377490
27411.054000 5.9306615 1.4851206 0.9812551 0.3716092 0.6407587 -0.5809628 -0.3373679
27411.153000 5.9310490 1.4851863 0.9807776 0.3715425 0.6407022 -0.5809593 -0.3375546
27411.253000 5.9280657 1.4871351 0.9813651 0.3714944 0.6408177 -0.5809881 -0.3373387
27411.353000 5.8835182 1.5497092 0.9848087 0.3632680 0.6458145 -0.5853338 -0.3291571
27411.453000 5.8826475 1.5516958 0.9842482 0.3629813 0.6460956 -0.5852619 -0.3290495
27411.553000 5.8828885 1.5522842 0.9835636 0.3630468 0.6459089 -0.5854007 -0.3290968
27411.653000 5.8794689 1.5536197 0.9847380 0.3629484 0.6461700 -0.5852759 -0.3289147
27411.753000 5.8341681 1.6139809 0.9880803 0.3547238 0.6512785 -0.5891981 -0.3207070
27411.853000 5.8331707 1.6162171 0.9874478 0.3544813 0.6514224 -0.5892657 -0.3205585
27411.953000 5.8334757 1.6165537 0.9868829 0.3544859 0.6512941 -0.5893401 -0.3206774
27412.053000 5.8299679 1.6177304 0.9881878 0.3544497 0.6515220 -0.5892277 -0.3204608
27412.153000 5.7833462 1.6760310 0.9917914 0.3460691 0.6566687 -0.5928599 -0.3123131
27412.253000 5.7823022 1.6782170 0.9911819 0.3458057 0.6567859 -0.5929584 -0.3121716
27412.353000 5.7825720 1.6785914 0.9906248 0.3457986 0.6566622 -0.5930448 -0.3122754
27412.453000 5.7790319 1.6792294 0.9922534 0.3458091 0.6569849 -0.5927894 -0.3120700
27412.553000 5.7308968 1.7359749 0.9960511 0.3373661 0.6622960 -0.5959793 -0.3039027
27412.653000 5.7303360 1.7373988 0.9955026 0.3371498 0.6623659 -0.5960216 -0.3039075
27412.753000 5.7305046 1.7379939 0.9948675 0.3372016 0.6621597 -0.5961995 -0.3039501
27412.853000 5.7270447 1.7382221 0.9966985 0.3371649 0.6625263 -0.5959004 -0.3037786
27412.954000 5.6779441 1.7929480 1.0004565 0.3287269 0.6674797 -0.5991910 -0.2956005
27413.053000 5.6767812 1.7950841 0.9998590 0.3284627 0.6675724 -0.5993025 -0.2954587
27413.153000 5.6769319 1.7956520 0.9992494 0.3285130 0.6674088 -0.5994373 -0.2954989
27413.253000 5.6735873 1.7957833 1.0010367 0.3285271 0.6676956 -0.5992402 -0.2952350
27413.353000 5.6230233 1.8491652 1.0046742 0.3201613 0.6722874 -0.6026870 -0.2868706
27413.453000 5.6218849 1.8511144 1.0041518 0.3198383 0.6724184 -0.6027534 -0.2867842
27413.553000 5.6220208 1.8516854 1.0035504 0.3198888 0.6722569 -0.6028880 -0.2868237
27413.653000 5.6191047 1.8515018 1.0052654 0.3199441 0.6725668 -0.6026207 -0.2865971
27413.753000 5.5674457 1.9020845 1.0097821 0.3112524 0.6776114 -0.6053140 -0.2784954
27413.853000 5.5661626 1.9041403 1.0091935 0.3109821 0.6777425 -0.6053762 -0.2783431
27413.953000 5.5663775 1.9045618 1.0086610 0.3109814 0.6776197 -0.6054703 -0.2784382
27414.053000 5.5664942 1.9051223 1.0081009 0.3110309 0.6774376 -0.6056396 -0.2784578
27414.153000 5.5638465 1.9046942 1.0098608 0.3111236 0.6776545 -0.6054316 -0.2782787
27414.253000 5.5107193 1.9535669 1.0146602 0.3025540 0.6824353 -0.6081375 -0.2700219
27414.353000 5.5093816 1.9555909 1.0140823 0.3022793 0.6825531 -0.6082096 -0.2698695
27414.453000 5.5095799 1.9560225 1.0135583 0.3022779 0.6824306 -0.6083075 -0.2699601
27414.553000 5.5069158 1.9553175 1.0154532 0.3023247 0.6827690 -0.6079959 -0.2697541
27414.653000 5.4528829 2.0029676 1.0197214 0.2936893 0.6873273 -0.6107121 -0.2614548
27414.753000 5.4514857 2.0049597 1.0191502 0.2934117 0.6874426 -0.6107828 -0.2612979
27414.853000 5.4516671 2.0054011 1.0186342 0.2934095 0.6873212 -0.6108836 -0.2613840
27414.953000 5.4492509 2.0047467 1.0203511 0.2935724 0.6875311 -0.6106725 -0.2611423
27415.054000 5.3934785 2.0512895 1.0246448 0.2849591 0.6917710 -0.6135271 -0.2526572
27415.153000 5.3924412 2.0528939 1.0240132 0.2848196 0.6918313 -0.6135823 -0.2525152
27415.253000 5.3926022 2.0533485 1.0235023 0.2848177 0.6917111 -0.6136856 -0.2525958
27415.353000 5.3904078 2.0522749 1.0253902 0.2849574 0.6920197 -0.6133398 -0.2524329
27415.453000 5.3351356 2.0954344 1.0301100 0.2762760 0.6964978 -0.6155106 -0.2443545
27415.553000 5.3331031 2.0978003 1.0295486 0.2758998 0.6966948 -0.6155538 -0.2441090
27415.653000 5.3333710 2.0981026 1.0291138 0.2758415 0.6966103 -0.6156196 -0.2442501
27415.753000 5.3313740 2.0968683 1.0310142 0.2759353 0.6969177 -0.6152899 -0.2440977
27415.853000 5.2740808 2.1396212 1.0352664 0.2674066 0.7008735 -0.6178809 -0.2355699
27415.953000 5.2725171 2.1414852 1.0347137 0.2671151 0.7010247 -0.6179003 -0.2353999
27416.053000 5.2727730 2.1417968 1.0342874 0.2670569 0.7009397 -0.6179695 -0.2355373
27416.153000 5.2709115 2.1406852 1.0360005 0.2671667 0.7011864 -0.6177253 -0.2353191
27416.253000 5.2128232 2.1812024 1.0408264 0.2581037 0.7054847 -0.6197804 -0.2270376
27416.353000 5.2117671 2.1825671 1.0402817 0.2578950 0.7056250 -0.6197412 -0.2269459
27416.453000 5.2120131 2.1828864 1.0398632 0.2578366 0.7055406 -0.6198118 -0.2270818
27416.553000 5.2102978 2.1815131 1.0417085 0.2579950 0.7058322 -0.6194910 -0.2268709
27416.653000 5.1515899 2.2205146 1.0460747 0.2493336 0.7096126 -0.6217716 -0.2183640
27416.753000 5.1499179 2.2222950 1.0455408 0.2490291 0.7097747 -0.6217692 -0.2181912
27416.853000 5.1500200 2.2227690 1.0450644 0.2490262 0.7096597 -0.6218770 -0.2182617
27416.953000 5.1486254 2.2212070 1.0469201 0.2491398 0.7099380 -0.6215586 -0.2181337
27417.053000 5.0894483 2.2580849 1.0515351 0.2402751 0.7137774 -0.6235193 -0.2097939
27417.153000 5.0877497 2.2598062 1.0510105 0.2399702 0.7139365 -0.6235118 -0.2096236
27417.253000 5.0878381 2.2602836 1.0505431 0.2399683 0.7138217 -0.6236210 -0.2096918
27417.353000 5.0866656 2.2586143 1.0523919 0.2400675 0.7141153 -0.6232929 -0.2095541
27417.453000 5.0264977 2.2940171 1.0570157 0.2309828 0.7179129 -0.6251210 -0.2011761
27417.553000 5.0251998 2.2954337 1.0564362 0.2308211 0.7180113 -0.6251170 -0.2010226
27417.653000 5.0252702 2.2959180 1.0559759 0.2308220 0.7178959 -0.6252287 -0.2010866
27417.753000 5.0243755 2.2941987 1.0577739 0.2309679 0.7181730 -0.6248945 -0.2009682
27417.853000 4.9646076 2.3270579 1.0626655 0.2218424 0.7219846 -0.6263674 -0.1928421
27417.953000 4.9628274 2.3286751 1.0621586 0.2215283 0.7221603 -0.6263285 -0.1926716
27418.053000 4.9628877 2.3291589 1.0617080 0.2215288 0.7220465 -0.6264398 -0.1927357
27418.154000 4.9621622 2.3272158 1.0636369 0.2216438 0.7223680 -0.6260609 -0.1926301
27418.253000 4.9009403 2.3593075 1.0679508 0.2128649 0.7256296 -0.6279196 -0.1840303
27418.353000 4.8992850 2.3607204 1.0675213 0.2124790 0.7258702 -0.6278009 -0.1839325
27418.453000 4.8991899 2.3613329 1.0670177 0.2125324 0.7257327 -0.6279413 -0.1839342
27418.553000 4.8987271 2.3593829 1.0688927 0.2126404 0.7260217 -0.6275965 -0.1838457
27418.653000 4.8376403 2.3893167 1.0733986 0.2035597 0.7294001 -0.6290731 -0.1755166
27418.754000 4.8357870 2.3908444 1.0729152 0.2032431 0.7295448 -0.6290549 -0.1753471
27418.853000 4.8358233 2.3913286 1.0724848 0.2032454 0.7294314 -0.6291690 -0.1754068
27418.953000 4.8360232 2.3916578 1.0721482 0.2031957 0.7293238 -0.6292812 -0.1755092
27419.054000 4.8358690 2.3897661 1.0739154 0.2033329 0.7295683 -0.6289806 -0.1754114
27419.153000 4.7739867 2.4176353 1.0789931 0.1940573 0.7331181 -0.6300542 -0.1670670
27419.253000 4.7728877 2.4186414 1.0785785 0.1937742 0.7332820 -0.6299559 -0.1670467
27419.353000 4.7729172 2.4191248 1.0781579 0.1937768 0.7331701 -0.6300693 -0.1671075
27419.454000 4.7729529 2.4195875 1.0777646 0.1937847 0.7330376 -0.6302112 -0.1671441
27419.553000 4.7730549 2.4174184 1.0797298 0.1939778 0.7333354 -0.6298181 -0.1670954
27419.653000 4.7113556 2.4434095 1.0846393 0.1849182 0.7366368 -0.6308358 -0.1588008
27419.753000 4.7092786 2.4449631 1.0841124 0.1846537 0.7367538 -0.6308353 -0.1585674
27419.853000 4.7092878 2.4454557 1.0836975 0.1846622 0.7366401 -0.6309519 -0.1586221
27419.954000 4.7099190 2.4431523 1.0857009 0.1847650 0.7369435 -0.6305651 -0.1586311
27420.053000 4.6473541 2.4684794 1.0900340 0.1755723 0.7399374 -0.6317570 -0.1501671
27420.153000 4.6460353 2.4695654 1.0895805 0.1753487 0.7400381 -0.6317222 -0.1500784
27420.254000 4.6462086 2.4699320 1.0892402 0.1752999 0.7399490 -0.6318112 -0.1502003
27420.353000 4.6468294 2.4678773 1.0910911 0.1755845 0.7401985 -0.6314551 -0.1501360
27420.453000 4.5853396 2.4909216 1.0954202 0.1666974 0.7429437 -0.6325548 -0.1418485
27420.553000 4.5826120 2.4926320 1.0949200 0.1663389 0.7430671 -0.6325728 -0.1415424
27420.653000 4.5826048 2.4931223 1.0945249 0.1663491 0.7429550 -0.6326900 -0.1415952
27420.753000 4.5836873 2.4909593 1.0964208 0.1665647 0.7432188 -0.6323154 -0.1416309
27420.853000 4.5225812 2.5120215 1.1009926 0.1574541 0.7459852 -0.6331438 -0.1335785
27420.953000 4.5197911 2.5136672 1.1004999 0.1570865 0.7461260 -0.6331343 -0.1332693
27421.053000 4.5197753 2.5141573 1.1001135 0.1570979 0.7460154 -0.6332509 -0.1333216
27421.153000 4.5214493 2.5118394 1.1021003 0.1572540 0.7463230 -0.6328204 -0.1334597
27421.253000 4.4595573 2.5317355 1.1065786 0.1481314 0.7489507 -0.6335962 -0.1252431
27421.353000 4.4575105 2.5329580 1.1061515 0.1478003 0.7491009 -0.6335295 -0.1250731
27421.453000 4.4574934 2.5334362 1.1057768 0.1478115 0.7489920 -0.6336451 -0.1251264
27421.553000 4.4594334 2.5310737 1.1078489 0.1481341 0.7492784 -0.6332142 -0.1252114
27421.653000 4.3975749 2.5494905 1.1121892 0.1389976 0.7518085 -0.6338413 -0.1170849
27421.753000 4.3957133 2.5505694 1.1118318 0.1386115 0.7519439 -0.6337842 -0.1169816
27421.853000 4.3955138 2.5511521 1.1114116 0.1386736 0.7518175 -0.6339236 -0.1169657
27421.953000 4.3979291 2.5487429 1.1135531 0.1390188 0.7521182 -0.6334661 -0.1171017
27422.053000 4.3374934 2.5649968 1.1181219 0.1297566 0.7546984 -0.6337407 -0.1093907
27422.153000 4.3348081 2.5663423 1.1177231 0.1293407 0.7548114 -0.6337331 -0.1091471
27422.253000 4.3345908 2.5669645 1.1172914 0.1294161 0.7546724 -0.6338870 -0.1091250
27422.353000 4.3374293 2.5646065 1.1194176 0.1297665 0.7549618 -0.6334417 -0.1092931
27422.454000 4.2747270 2.5805303 1.1234544 0.1206438 0.7571243 -0.6340432 -0.1009806
27422.553000 4.2733318 2.5814100 1.1230657 0.1204150 0.7571772 -0.6340390 -0.1008834
27422.653000 4.2732878 2.5818857 1.1227190 0.1204151 0.7570738 -0.6341563 -0.1009221
27422.753000 4.2760391 2.5799914 1.1244856 0.1207909 0.7572922 -0.6337952 -0.1011023
27422.853000 4.2152413 2.5935454 1.1291102 0.1118317 0.7593721 -0.6341620 -0.0932000
27422.953000 4.2130765 2.5945710 1.1286878 0.1115074 0.7595694 -0.6340102 -0.0930134
27423.053000 4.2130463 2.5950483 1.1283458 0.1115231 0.7594691 -0.6341196 -0.0930677
27423.153000 4.2130289 2.5955026 1.1280276 0.1115440 0.7593509 -0.6342527 -0.0931006
27423.253000 4.2162726 2.5935698 1.1298141 0.1118093 0.7595965 -0.6338720 -0.0933706
27423.353000 4.1562715 2.6052312 1.1346478 0.1028156 0.7615520 -0.6341661 -0.0854457
27423.454000 4.1534486 2.6062261 1.1342992 0.1023448 0.7619277 -0.6338258 -0.0851854
27423.553000 4.1535723 2.6066168 1.1340112 0.1022804 0.7618507 -0.6339152 -0.0852867
27423.653000 4.1562590 2.6053058 1.1353629 0.1026765 0.7619957 -0.6336546 -0.0854515
27423.753000 4.0956315 2.6177665 1.1388076 0.0937399 0.7637018 -0.6339683 -0.0778238
27423.853000 4.0950686 2.6162870 1.1400233 0.0932596 0.7642294 -0.6334026 -0.0778276
27423.953000 4.0950390 2.6167630 1.1396926 0.0932731 0.7641406 -0.6335004 -0.0778878
27424.053000 4.0979357 2.6156389 1.1409429 0.0936866 0.7642509 -0.6332859 -0.0780536
27424.153000 4.0382189 2.6266325 1.1442867 0.0847298 0.7658082 -0.6335633 -0.0704000
27424.253000 4.0360870 2.6257981 1.1451293 0.0844607 0.7660489 -0.6333608 -0.0699252
27424.353000 4.0358231 2.6263407 1.1447589 0.0844982 0.7659529 -0.6334755 -0.0698920
27424.453000 4.0359442 2.6267182 1.1444985 0.0844349 0.7658640 -0.6335831 -0.0699680
27424.553000 4.0383268 2.6259895 1.1453848 0.0847813 0.7659148 -0.6334604 -0.0701039
27424.653000 4.0463604 2.6224337 1.1488585 0.0856428 0.7663577 -0.6327434 -0.0706892
27424.753000 3.9807777 2.6331512 1.1504507 0.0758435 0.7679676 -0.6328668 -0.0628732
27424.853000 3.9786781 2.6340316 1.1501219 0.0755583 0.7679253 -0.6329705 -0.0626892
27424.953000 3.9786518 2.6344910 1.1498199 0.0755792 0.7678262 -0.6330842 -0.0627301
27425.053000 3.9812835 2.6338573 1.1506641 0.0759508 0.7678865 -0.6329465 -0.0629334
27425.153000 3.9898792 2.6304299 1.1540050 0.0767784 0.7683962 -0.6321568 -0.0636412
27425.253000 3.9240973 2.6399504 1.1553310 0.0670497 0.7696929 -0.6324475 -0.0555633
27425.353000 3.9210763 2.6409540 1.1549647 0.0666828 0.7696501 -0.6325705 -0.0551975
27425.454000 3.9211946 2.6413410 1.1547047 0.0666141 0.7695708 -0.6326673 -0.0552755
27425.553000 3.9238699 2.6408217 1.1554196 0.0669036 0.7696082 -0.6325700 -0.0555184
27425.653000 3.9324519 2.6379747 1.1583866 0.0679622 0.7699756 -0.6319612 -0.0560695
27425.753000 3.8656668 2.6461220 1.1598296 0.0583483 0.7711275 -0.6321882 -0.0479158
27425.853000 3.8639889 2.6469142 1.1594466 0.0582104 0.7710660 -0.6322901 -0.0477282
27425.953000 3.8641709 2.6472695 1.1592039 0.0581621 0.7710018 -0.6323644 -0.0478399
27426.054000 3.8663736 2.6471014 1.1596423 0.0584853 0.7709822 -0.6323454 -0.0480127
27426.153000 3.8754713 2.6446324 1.1622925 0.0594512 0.7713099 -0.6318035 -0.0486929
27426.253000 3.8106590 2.6506650 1.1642086 0.0495381 0.7725378 -0.6317119 -0.0408839
27426.353000 3.8084900 2.6513965 1.1638748 0.0492004 0.7725303 -0.6317614 -0.0406670
27426.453000 3.8084074 2.6518482 1.1635741 0.0491818 0.7724530 -0.6318566 -0.0406797
27426.553000 3.8105483 2.6517590 1.1638837 0.0494053 0.7724379 -0.6318431 -0.0409035
27426.653000 3.8197699 2.6497461 1.1661123 0.0504351 0.7727089 -0.6313819 -0.0416420
27426.753000 3.7557367 2.6544682 1.1679907 0.0411465 0.7736734 -0.6313437 -0.0337879
27426.853000 3.7531376 2.6551401 1.1676932 0.0406763 0.7737330 -0.6313117 -0.0335894
27426.954000 3.7528768 2.6556914 1.1673411 0.0407481 0.7736411 -0.6314217 -0.0335521
27427.053000 3.7551269 2.6556529 1.1675597 0.0408954 0.7736370 -0.6314003 -0.0338661
27427.153000 3.7644695 2.6540790 1.1693503 0.0418407 0.7738698 -0.6310103 -0.0346539
27427.253000 3.6996372 2.6575212 1.1712953 0.0322983 0.7745947 -0.6310745 -0.0265500
27427.353000 3.6981192 2.6580752 1.1709284 0.0320414 0.7747087 -0.6309537 -0.0264056
27427.453000 3.6982407 2.6584833 1.1706490 0.0319596 0.7746592 -0.6310152 -0.0264861
27427.553000 3.6999708 2.6587469 1.1705866 0.0321011 0.7746814 -0.6309714 -0.0267081
27427.653000 3.7056596 2.6583825 1.1711901 0.0326802 0.7748031 -0.6307683 -0.0272661
27427.753000 3.7104474 2.6578052 1.1719212 0.0333501 0.7747062 -0.6308423 -0.0274965
27427.853000 3.6457198 2.6597828 1.1738850 0.0242417 0.7750362 -0.6311530 -0.0194188
27427.953000 3.6436952 2.6602518 1.1735215 0.0238438 0.7753643 -0.6307692 -0.0192856
27428.053000 3.6436456 2.6608060 1.1731457 0.0238517 0.7752978 -0.6308494 -0.0193238
27428.153000 3.6451528 2.6610888 1.1730298 0.0240247 0.7753072 -0.6308257 -0.0195076
27428.253000 3.6510587 2.6609455 1.1733676 0.0245747 0.7754268 -0.6306376 -0.0201371
27428.353000 3.6557923 2.6606636 1.1738186 0.0251645 0.7753334 -0.6307191 -0.0204515
27428.453000 3.5924750 2.6634357 1.1742384 0.0156443 0.7755338 -0.6309833 -0.0127551
27428.554000 3.5911020 2.6612281 1.1757366 0.0151496 0.7760570 -0.6303543 -0.0126298
27428.653000 3.5907837 2.6617300 1.1753796 0.0151791 0.7760085 -0.6304147 -0.0125572
27428.753000 3.5924166 2.6621118 1.1751669 0.0153165 0.7760226 -0.6303899 -0.0127673
27428.853000 3.5986610 2.6621317 1.1753147 0.0158749 0.7761298 -0.6302292 -0.0134827
27428.953000 3.6036448 2.6620084 1.1755608 0.0164844 0.7759966 -0.6303695 -0.0138524
27429.053000 3.5415552 2.6638885 1.1756738 0.0075694 0.7759697 -0.6306932 -0.0063037
27429.153000 3.5379195 2.6617936 1.1770456 0.0071829 0.7763437 -0.6302433 -0.0056860
27429.253000 3.5378247 2.6622541 1.1767071 0.0071504 0.7763132 -0.6302812 -0.0056815
27429.353000 3.5377367 2.6626911 1.1764064 0.0071232 0.7762512 -0.6303579 -0.0056692
27429.453000 3.5378740 2.6630702 1.1761599 0.0070405 0.7761774 -0.6304493 -0.0057218
27429.553000 3.5391798 2.6636156 1.1758325 0.0072483 0.7761215 -0.6305151 -0.0057972
27429.653000 3.5449919 2.6641125 1.1756009 0.0078560 0.7761355 -0.6304853 -0.0063366
27429.753000 3.5500975 2.6640585 1.1757765 0.0082870 0.7759998 -0.6306422 -0.0067915
27429.853000 3.5549127 2.6639713 1.1759374 0.0088763 0.7758333 -0.6308362 -0.0070434
27429.954000 3.4890519 2.6614487 1.1779323 -0.0009855 0.7765691 -0.6300311 0.0004889
27430.053000 3.4866619 2.6619579 1.1775585 -0.0012604 0.7765450 -0.6300600 0.0008115
27430.153000 3.4867936 2.6623674 1.1772689 -0.0013487 0.7764992 -0.6301163 0.0007544
27430.254000 3.4886096 2.6628122 1.1770218 -0.0011787 0.7764324 -0.6301991 0.0005679
27430.353000 3.4985842 2.6631985 1.1769197 -0.0000972 0.7763928 -0.6302492 -0.0003668
27430.453000 3.5050952 2.6634456 1.1767721 0.0007430 0.7763033 -0.6303586 -0.0007787
27430.553000 3.4375952 2.6607143 1.1780997 -0.0088221 0.7765465 -0.6299563 0.0072709
27430.653000 3.4356354 2.6611209 1.1777686 -0.0092205 0.7765278 -0.6299714 0.0074555
27430.753000 3.4355618 2.6615572 1.1774605 -0.0092535 0.7764719 -0.6300396 0.0074723
27430.853000 3.4368842 2.6620844 1.1771628 -0.0090334 0.7763839 -0.6301521 0.0073994
27430.954000 3.4467159 2.6628039 1.1769195 -0.0079879 0.7762899 -0.6302930 0.0063978
27431.053000 3.4543766 2.6633152 1.1766799 -0.0069937 0.7761558 -0.6304756 0.0058129
27431.153000 3.3892550 2.6591392 1.1781807 -0.0165193 0.7763724 -0.6299153 0.0134064
27431.253000 3.3855528 2.6595200 1.1778036 -0.0169828 0.7763419 -0.6299300 0.0138943
27431.354000 3.3854696 2.6599626 1.1774856 -0.0170115 0.7762908 -0.6299916 0.0139177
27431.453000 3.3871627 2.6605198 1.1771853 -0.0168334 0.7762188 -0.6300885 0.0137642
27431.554000 3.3974573 2.6615354 1.1768537 -0.0157295 0.7761435 -0.6302315 0.0127341
27431.653000 3.4052056 2.6622676 1.1765589 -0.0147305 0.7760205 -0.6304195 0.0121027
27431.753000 3.3379945 2.6568359 1.1780234 -0.0245635 0.7761115 -0.6298016 0.0199386
27431.853000 3.3363100 2.6572512 1.1776477 -0.0247305 0.7760853 -0.6298191 0.0201953
27431.953000 3.3362390 2.6576946 1.1773286 -0.0247557 0.7760345 -0.6298800 0.0202180
27432.053000 3.3379123 2.6582942 1.1770236 -0.0245678 0.7759669 -0.6299751 0.0200785
27432.153000 3.3481782 2.6595704 1.1766672 -0.0234260 0.7759120 -0.6301171 0.0190844
27432.253000 3.3562030 2.6605198 1.1763611 -0.0223859 0.7758042 -0.6303078 0.0184074
27432.353000 3.2904476 2.6539129 1.1778453 -0.0320244 0.7758029 -0.6296220 0.0260864
27432.453000 3.2874351 2.6542046 1.1774712 -0.0323743 0.7757713 -0.6296260 0.0264928
27432.553000 3.2876254 2.6546379 1.1771587 -0.0324475 0.7757281 -0.6296782 0.0264277
27432.653000 3.2890886 2.6552936 1.1768407 -0.0321948 0.7756532 -0.6297861 0.0263646
27432.753000 3.2991494 2.6568348 1.1764503 -0.0310385 0.7755763 -0.6299758 0.0254659
27432.853000 3.3075389 2.6579706 1.1761314 -0.0301155 0.7754637 -0.6301911 0.0246634
27432.954000 3.2406805 2.6500663 1.1775947 -0.0400879 0.7753693 -0.6293995 0.0324300
27433.053000 3.2394998 2.6504064 1.1772351 -0.0403611 0.7753529 -0.6293974 0.0325233
27433.153000 3.2392504 2.6508584 1.1769124 -0.0403064 0.7752979 -0.6294643 0.0326059
27433.253000 3.2412690 2.6515664 1.1765801 -0.0401437 0.7752327 -0.6295664 0.0323861
27433.353000 3.2515695 2.6534658 1.1760342 -0.0388804 0.7751512 -0.6297932 0.0314569
27433.453000 3.2594746 2.6548066 1.1755994 -0.0379585 0.7750329 -0.6300343 0.0306567
27433.553000 3.1926124 2.6457595 1.1770180 -0.0477282 0.7748272 -0.6291881 0.0385648
27433.653000 3.1905298 2.6460077 1.1766619 -0.0480328 0.7747899 -0.6291952 0.0388187
27433.753000 3.1905234 2.6464516 1.1763484 -0.0480350 0.7747359 -0.6292611 0.0388249
27433.853000 3.1922981 2.6472203 1.1759811 -0.0477984 0.7746535 -0.6293894 0.0386816
27433.953000 3.2022486 2.6493940 1.1752443 -0.0465172 0.7745205 -0.6297053 0.0377550
27434.053000 3.2096875 2.6509452 1.1746610 -0.0455285 0.7743638 -0.6300152 0.0369964
27434.153000 3.1424186 2.6405789 1.1761048 -0.0551519 0.7740681 -0.6290815 0.0450910
27434.253000 3.1403286 2.6407860 1.1757524 -0.0554587 0.7740252 -0.6290887 0.0453519
27434.353000 3.1403323 2.6412304 1.1754413 -0.0554607 0.7739688 -0.6291572 0.0453604
27434.453000 3.1418456 2.6421297 1.1749257 -0.0552565 0.7739254 -0.6292348 0.0452731
27434.553000 3.1479616 2.6441652 1.1739208 -0.0544800 0.7738865 -0.6293825 0.0448252
27434.653000 3.1531590 2.6454520 1.1734197 -0.0539136 0.7736699 -0.6297331 0.0443231
27434.754000 3.1587019 2.6466811 1.1729297 -0.0533454 0.7734323 -0.6301160 0.0437090
27434.853000 3.0921908 2.6346743 1.1745821 -0.0630822 0.7731674 -0.6289443 0.0515937
27434.953000 3.0901334 2.6348472 1.1742287 -0.0633856 0.7731249 -0.6289443 0.0518580
27435.054000 3.0901437 2.6352949 1.1739167 -0.0633889 0.7730677 -0.6290131 0.0518715
27435.153000 3.0918876 2.6362639 1.1733371 -0.0632578 0.7730133 -0.6291055 0.0517228
27435.253000 3.0976382 2.6384631 1.1721462 -0.0624750 0.7729158 -0.6293300 0.0513982
27435.353000 3.1028282 2.6399358 1.1714547 -0.0619456 0.7726487 -0.6297499 0.0509103
27435.453000 3.1078687 2.6412723 1.1707971 -0.0614677 0.7723797 -0.6301711 0.0503556
27435.553000 3.0411793 2.6279980 1.1723266 -0.0715277 0.7720110 -0.6288942 0.0580932
27435.653000 3.0398246 2.6282435 1.1719831 -0.0717324 0.7719605 -0.6289156 0.0582804
27435.753000 3.0398379 2.6286892 1.1716776 -0.0717381 0.7718959 -0.6289926 0.0582980
27435.853000 3.0396130 2.6290949 1.1714131 -0.0716835 0.7718088 -0.6290976 0.0583857
27435.954000 3.0414691 2.6301655 1.1707498 -0.0715626 0.7717242 -0.6292329 0.0581929
27436.053000 3.0472962 2.6326217 1.1692726 -0.0707905 0.7715799 -0.6295361 0.0577702
27436.153000 3.0527007 2.6343071 1.1683417 -0.0702293 0.7712788 -0.6300205 0.0571938
27436.253000 2.9894164 2.6234271 1.1675698 -0.0796098 0.7700572 -0.6296654 0.0647735
27436.353000 2.9873861 2.6202475 1.1694106 -0.0795634 0.7707014 -0.6288434 0.0651527
27436.453000 2.9874006 2.6207150 1.1690773 -0.0795657 0.7706563 -0.6288951 0.0651855
27436.553000 2.9895101 2.6219157 1.1683186 -0.0793108 0.7705265 -0.6290966 0.0650856
27436.653000 2.9993872 2.6256595 1.1659055 -0.0781555 0.7701848 -0.6297364 0.0643363
27436.753000 2.9374451 2.6118632 1.1662022 -0.0876993 0.7690807 -0.6290475 0.0715756
27436.853000 2.9354320 2.6118740 1.1658099 -0.0879927 0.7691939 -0.6288361 0.0718550
27436.954000 2.9354534 2.6123377 1.1654856 -0.0879997 0.7691357 -0.6289025 0.0718889
27437.053000 2.9375408 2.6136608 1.1646117 -0.0877443 0.7689637 -0.6291620 0.0717704
27437.153000 2.9471817 2.6179215 1.1616831 -0.0865836 0.7684751 -0.6300115 0.0709561
27437.253000 2.8832488 2.6024052 1.1620424 -0.0959621 0.7673498 -0.6291120 0.0786363
27437.353000 2.8821337 2.6025839 1.1616442 -0.0962200 0.7673942 -0.6290019 0.0787685
27437.454000 2.8819289 2.6030110 1.1613430 -0.0961665 0.7673305 -0.6290735 0.0788824
27437.553000 2.8844884 2.6045961 1.1602485 -0.0959294 0.7671315 -0.6293799 0.0786626
27437.653000 2.8937851 2.6092436 1.1568559 -0.0946618 0.7666159 -0.6302934 0.0779060
27437.754000 2.8305069 2.5924018 1.1573396 -0.1039931 0.7655364 -0.6291545 0.0854636
27437.853000 2.8281020 2.5922592 1.1569537 -0.1044475 0.7654744 -0.6291148 0.0857567
27437.954000 2.8281289 2.5927213 1.1566334 -0.1044596 0.7653993 -0.6291993 0.0857928
27438.053000 2.8305626 2.5944558 1.1553904 -0.1041602 0.7651657 -0.6295506 0.0856625
27438.153000 2.8394935 2.5994370 1.1516215 -0.1029779 0.7645720 -0.6305517 0.0850275
27438.253000 2.7756516 2.5809166 1.1523119 -0.1123839 0.7634617 -0.6292101 0.0926864
27438.353000 2.7732592 2.5808242 1.1518617 -0.1128419 0.7633501 -0.6292186 0.0929907
27438.453000 2.7732783 2.5811893 1.1516082 -0.1128530 0.7632819 -0.6292951 0.0930196
27438.553000 2.7757523 2.5831322 1.1501862 -0.1125571 0.7630012 -0.6297107 0.0928683
27438.653000 2.7844426 2.5885577 1.1460179 -0.1115231 0.7622916 -0.6308586 0.0921493
27438.753000 2.7192069 2.5681357 1.1468174 -0.1211384 0.7610868 -0.6293427 0.1000010
27438.853000 2.7178725 2.5682182 1.1464624 -0.1213418 0.7610028 -0.6293699 0.1002220
27438.953000 2.7178881 2.5686761 1.1461412 -0.1213523 0.7609136 -0.6294696 0.1002605
27439.053000 2.7206897 2.5709943 1.1443896 -0.1210151 0.7606019 -0.6299324 0.1001262
27439.153000 2.7282996 2.5763529 1.1401517 -0.1200149 0.7599428 -0.6309878 0.0996883
27439.253000 2.6629959 2.5542413 1.1412991 -0.1294206 0.7587621 -0.6292278 0.1077162
27439.353000 2.6609852 2.5540777 1.1409467 -0.1297253 0.7586412 -0.6292588 0.1080194
27439.453000 2.6612203 2.5545922 1.1405926 -0.1297989 0.7585384 -0.6293749 0.1079771
27439.553000 2.6610089 2.5549669 1.1403270 -0.1297505 0.7584305 -0.6294985 0.1080724
27439.653000 2.6636907 2.5574416 1.1384453 -0.1293535 0.7580675 -0.6300498 0.1078824
27439.754000 2.6059593 2.5411690 1.1340111 -0.1379126 0.7556469 -0.6298287 0.1152984
27439.853000 2.6044413 2.5385121 1.1353856 -0.1382086 0.7561114 -0.6292048 0.1153048
27439.953000 2.6042469 2.5389267 1.1350634 -0.1381486 0.7560422 -0.6292774 0.1154348
27440.053000 2.6042504 2.5393784 1.1347381 -0.1381547 0.7559410 -0.6293909 0.1154714
27440.153000 2.6069379 2.5421231 1.1326134 -0.1377950 0.7555565 -0.6299579 0.1153259
27440.253000 2.5501605 2.5248394 1.1281828 -0.1464518 0.7530574 -0.6296072 0.1226831
27440.353000 2.5470337 2.5219138 1.1294077 -0.1468859 0.7533888 -0.6290584 0.1229447
27440.453000 2.5470512 2.5223913 1.1290467 -0.1468896 0.7533063 -0.6291459 0.1229981
27440.553000 2.5468342 2.5227723 1.1287529 -0.1468345 0.7532077 -0.6292546 0.1231113
27440.654000 2.5498221 2.5260138 1.1262317 -0.1465263 0.7527488 -0.6299162 0.1229017
27440.753000 2.4906086 2.5041675 1.1238105 -0.1553042 0.7503792 -0.6291014 0.1305489
27440.853000 2.4887846 2.5038895 1.1233108 -0.1555949 0.7504947 -0.6288379 0.1308087
27440.953000 2.4888167 2.5043654 1.1229469 -0.1555951 0.7504055 -0.6289343 0.1308562
27441.053000 2.4917654 2.5079837 1.1200972 -0.1552082 0.7499108 -0.6296648 0.1306388
27441.153000 2.4320757 2.4847653 1.1175920 -0.1640159 0.7474141 -0.6287647 0.1382964
27441.253000 2.4303623 2.4844410 1.1171278 -0.1643408 0.7474583 -0.6285755 0.1385320
27441.353000 2.4301665 2.4848515 1.1167914 -0.1642736 0.7473686 -0.6286720 0.1386572
27441.453000 2.4327726 2.4888252 1.1136048 -0.1638373 0.7468204 -0.6294573 0.1385649
27441.553000 2.3738817 2.4640864 1.1113353 -0.1729168 0.7443303 -0.6282994 0.1459861
27441.653000 2.3715813 2.4635831 1.1107962 -0.1733507 0.7442431 -0.6282094 0.1463036
27441.753000 2.3716044 2.4639569 1.1104985 -0.1733475 0.7441626 -0.6282986 0.1463337
27441.853000 2.3743519 2.4687856 1.1065705 -0.1728340 0.7434943 -0.6292505 0.1462475
27441.953000 2.3138536 2.4411022 1.1051787 -0.1819145 0.7411146 -0.6276398 0.1540279
27442.053000 2.3119495 2.4406743 1.1047620 -0.1821922 0.7409966 -0.6276231 0.1543351
27442.153000 2.3119589 2.4411413 1.1043845 -0.1821889 0.7408916 -0.6277383 0.1543745
27442.253000 2.3138620 2.4458226 1.1005101 -0.1816582 0.7402121 -0.6286892 0.1543899
27442.353000 2.2538386 2.4166503 1.0991163 -0.1907904 0.7377206 -0.6269712 0.1620938
27442.453000 2.2519340 2.4161676 1.0986874 -0.1910696 0.7376019 -0.6269463 0.1624013
27442.553000 2.2519364 2.4166353 1.0983001 -0.1910642 0.7374960 -0.6270622 0.1624413
27442.653000 2.2534117 2.4212517 1.0944268 -0.1906832 0.7368249 -0.6279596 0.1624679
27442.754000 2.1920788 2.3897246 1.0932864 -0.1996237 0.7342861 -0.6259755 0.1706722
27442.853000 2.1910452 2.3896240 1.0928102 -0.1998669 0.7341807 -0.6259822 0.1708166
27442.953000 2.1908250 2.3900056 1.0924533 -0.1997913 0.7340814 -0.6260899 0.1709369
27443.053000 2.1918644 2.3943327 1.0888162 -0.1995360 0.7333797 -0.6270055 0.1708910
27443.153000 2.1326746 2.3624011 1.0871698 -0.2087753 0.7304904 -0.6252448 0.1785094
27443.253000 2.1307916 2.3618148 1.0867158 -0.2090424 0.7303872 -0.6251875 0.1788193
27443.353000 2.1307793 2.3622845 1.0863074 -0.2090320 0.7302814 -0.6253025 0.1788613
27443.453000 2.1311415 2.3663690 1.0827355 -0.2087550 0.7296268 -0.6261238 0.1789833
27443.553000 2.0709586 2.3320265 1.0813473 -0.2178381 0.7267015 -0.6240656 0.1870660
27443.653000 2.0696618 2.3317696 1.0808875 -0.2180300 0.7266014 -0.6240402 0.1873155
27443.753000 2.0697581 2.3323508 1.0804224 -0.2180981 0.7264693 -0.6241707 0.1873140
27443.853000 2.0696005 2.3365329 1.0766606 -0.2178157 0.7257789 -0.6250192 0.1874897
27443.954000 2.0103425 2.3003362 1.0756959 -0.2265623 0.7229777 -0.6226811 0.1955529
27444.053000 2.0084520 2.2996688 1.0752284 -0.2268472 0.7228404 -0.6226323 0.1958853
27444.153000 2.0085267 2.3002512 1.0747550 -0.2269167 0.7227053 -0.6227626 0.1958893
27444.254000 2.0077287 2.3037822 1.0714146 -0.2266415 0.7220846 -0.6234999 0.1961510
27444.353000 1.9492077 2.2665219 1.0698114 -0.2357768 0.7188572 -0.6213602 0.2038751
27444.453000 1.9481827 2.2662997 1.0692848 -0.2360082 0.7187645 -0.6213325 0.2040188
27444.553000 1.9481473 2.2667713 1.0688473 -0.2359947 0.7186568 -0.6214481 0.2040618
27444.653000 1.9469188 2.2704613 1.0652272 -0.2356073 0.7179751 -0.6223036 0.2043018
27444.753000 1.8887578 2.2311471 1.0642219 -0.2443724 0.7148596 -0.6198100 0.2123522
27444.853000 1.8868707 2.2303703 1.0637321 -0.2446664 0.7147125 -0.6197467 0.2126933
27444.954000 1.8867542 2.2308384 1.0632885 -0.2446842 0.7145910 -0.6198529 0.2127717
27445.053000 1.8854152 2.2343412 1.0598035 -0.2445955 0.7138906 -0.6206202 0.2129878
27445.153000 1.8282796 2.1934925 1.0587351 -0.2534068 0.7106062 -0.6180993 0.2208554
27445.253000 1.8264102 2.1926584 1.0582335 -0.2536943 0.7104681 -0.6180182 0.2211963
27445.353000 1.8262783 2.1931238 1.0577795 -0.2537128 0.7103460 -0.6181211 0.2212795
27445.454000 1.8242750 2.1964516 1.0541913 -0.2535930 0.7096462 -0.6188585 0.2216011
27445.553000 1.7680160 2.1539515 1.0531716 -0.2624323 0.7062658 -0.6161955 0.2293928
27445.654000 1.7661816 2.1530860 1.0526634 -0.2627202 0.7061053 -0.6161306 0.2297313
27445.753000 1.7661774 2.1536689 1.0521526 -0.2627943 0.7059599 -0.6162575 0.2297529
27445.853000 1.7637539 2.1565045 1.0488148 -0.2626726 0.7052689 -0.6169389 0.2301854
27445.953000 1.7087481 2.1127577 1.0476307 -0.2716998 0.7016100 -0.6143308 0.2377400
27446.053000 1.7068031 2.1117190 1.0471499 -0.2718870 0.7014899 -0.6142347 0.2381283
27446.153000 1.7068823 2.1123021 1.0466372 -0.2719418 0.7013630 -0.6143622 0.2381107
27446.253000 1.7041008 2.1151931 1.0430440 -0.2717432 0.7006741 -0.6151153 0.2384212
27446.353000 1.6496128 2.0692927 1.0424740 -0.2802890 0.6972226 -0.6120708 0.2463494
27446.453000 1.6472771 2.0678601 1.0419494 -0.2806653 0.6970095 -0.6119711 0.2467713
27446.553000 1.6469614 2.0681742 1.0415233 -0.2806274 0.6969040 -0.6120464 0.2469257
27446.653000 1.6438586 2.0707450 1.0380272 -0.2805017 0.6962031 -0.6127460 0.2473104
27446.753000 1.5907193 2.0229137 1.0375072 -0.2892663 0.6927422 -0.6094834 0.2548790
27446.854000 1.5888579 2.0219457 1.0369517 -0.2894797 0.6926225 -0.6093714 0.2552296
27446.953000 1.5888924 2.0227369 1.0362851 -0.2895729 0.6923714 -0.6096262 0.2551967
27447.053000 1.5854440 2.0244539 1.0332127 -0.2894080 0.6918808 -0.6100476 0.2557066
27447.153000 1.5322503 1.9752698 1.0322870 -0.2980575 0.6877017 -0.6072165 0.2636593
27447.253000 1.5306135 1.9743240 1.0316909 -0.2983927 0.6875031 -0.6071549 0.2639399
27447.353000 1.5302856 1.9746258 1.0312436 -0.2983539 0.6873986 -0.6072249 0.2640949
27447.453000 1.5261714 1.9765469 1.0277000 -0.2983226 0.6866923 -0.6078433 0.2645447
27447.553000 1.4749757 1.9253121 1.0274129 -0.3069379 0.6828702 -0.6044732 0.2721939
27447.653000 1.4734461 1.9243351 1.0268240 -0.3072691 0.6826659 -0.6044244 0.2724409
27447.753000 1.4732638 1.9247716 1.0263240 -0.3072662 0.6825440 -0.6045282 0.2725194
27447.853000 1.4690513 1.9262114 1.0230562 -0.3072200 0.6818533 -0.6051074 0.2730147
27447.953000 1.4189689 1.8736337 1.0226211 -0.3159857 0.6777230 -0.6017680 0.2805705
27448.053000 1.4172452 1.8724348 1.0220611 -0.3162613 0.6775304 -0.6016811 0.2809113
27448.153000 1.4170161 1.8728509 1.0215526 -0.3162683 0.6774034 -0.6017760 0.2810066
27448.254000 1.4166638 1.8731011 1.0211307 -0.3162183 0.6772788 -0.6018761 0.2811487
27448.353000 1.4127301 1.8740873 1.0183144 -0.3162257 0.6765848 -0.6024584 0.2815639
27448.453000 1.3636917 1.8196274 1.0182793 -0.3245953 0.6726876 -0.5987581 0.2891679
27448.553000 1.3615626 1.8178460 1.0177011 -0.3249497 0.6724832 -0.5986025 0.2895671
27448.653000 1.3611737 1.8181123 1.0172184 -0.3248817 0.6723828 -0.5986693 0.2897382
27448.753000 1.3571277 1.8187658 1.0144893 -0.3249167 0.6717657 -0.5991539 0.2901284
27448.853000 1.3093086 1.7632749 1.0140034 -0.3333925 0.6673947 -0.5956917 0.2976326
27448.953000 1.3073074 1.7615590 1.0133715 -0.3337971 0.6671593 -0.5955561 0.2979780
27449.053000 1.3070575 1.7619662 1.0128414 -0.3337996 0.6670372 -0.5956433 0.2980744
27449.153000 1.3030896 1.7620643 1.0105041 -0.3338562 0.6664885 -0.5959998 0.2985253
27449.253000 1.2548935 1.7030687 1.0102087 -0.3423034 0.6621017 -0.5920724 0.3064310
27449.353000 1.2537373 1.7022909 1.0096037 -0.3424858 0.6620241 -0.5919320 0.3066661
27449.454000 1.2533613 1.7025353 1.0091097 -0.3424297 0.6619352 -0.5919798 0.3068284
27449.553000 1.2496612 1.7024315 1.0069842 -0.3425810 0.6613999 -0.5923046 0.3071867
27449.653000 1.2030741 1.6424505 1.0065623 -0.3510280 0.6567248 -0.5884888 0.3149171
27449.753000 1.2014752 1.6409790 1.0059440 -0.3513060 0.6566389 -0.5882565 0.3152201
27449.853000 1.2011952 1.6413644 1.0053937 -0.3513024 0.6565259 -0.5883299 0.3153225
27449.953000 1.1975642 1.6408986 1.0034991 -0.3514333 0.6560117 -0.5886242 0.3156975
27450.053000 1.1525219 1.5796791 1.0031295 -0.3597634 0.6511288 -0.5848418 0.3233599
27450.153000 1.1505850 1.5775631 1.0024962 -0.3601369 0.6510591 -0.5844978 0.3237063
27450.253000 1.1501903 1.5777817 1.0019805 -0.3600775 0.6509786 -0.5845329 0.3238708
27450.353000 1.1465752 1.5768087 1.0003460 -0.3601975 0.6505522 -0.5847152 0.3242648
27450.453000 1.1026778 1.5129046 1.0003213 -0.3686710 0.6456294 -0.5805941 0.3318959
27450.553000 1.1011146 1.5114545 0.9995686 -0.3689240 0.6455289 -0.5803803 0.3321840
27450.653000 1.1008057 1.5118169 0.9989992 -0.3689181 0.6454232 -0.5804413 0.3322893
27450.753000 1.0974457 1.5106472 0.9975701 -0.3690855 0.6449743 -0.5805930 0.3327099
27450.853000 1.0536738 1.4466885 0.9952052 -0.3774749 0.6394813 -0.5766296 0.3406973
27450.953000 1.0533537 1.4436045 0.9967038 -0.3780570 0.6394899 -0.5763247 0.3405516
27451.053000 1.0529383 1.4437984 0.9961627 -0.3779990 0.6394196 -0.5763428 0.3407173
27451.153000 1.0498787 1.4425571 0.9948747 -0.3781768 0.6390060 -0.5764914 0.3410445
27451.253000 1.0070867 1.3756493 0.9927493 -0.3864414 0.6334651 -0.5722783 0.3491170
27451.353000 1.0067018 1.3722701 0.9945082 -0.3866805 0.6338082 -0.5716856 0.3492005
27451.453000 1.0063605 1.3726073 0.9939157 -0.3866763 0.6337137 -0.5717274 0.3493081
27451.553000 1.0061089 1.3730806 0.9933353 -0.3867164 0.6335540 -0.5718497 0.3493531
27451.653000 1.0032021 1.3714406 0.9923092 -0.3867728 0.6332122 -0.5719369 0.3497675
27451.754000 0.9956771 1.3664027 0.9902586 -0.3871176 0.6324101 -0.5720949 0.3505780
27451.853000 0.9632212 1.3014985 0.9922351 -0.3953644 0.6277901 -0.5673920 0.3572575
27451.953000 0.9618269 1.2998427 0.9916314 -0.3956068 0.6275460 -0.5672873 0.3575841
27452.053000 0.9614732 1.3001399 0.9910819 -0.3955933 0.6274202 -0.5673685 0.3576909
27452.153000 0.9587255 1.2983357 0.9901603 -0.3957630 0.6270618 -0.5674119 0.3580627
27452.253000 0.9512454 1.2921956 0.9885073 -0.3963027 0.6262829 -0.5673458 0.3589327
27452.353000 0.9205522 1.2258700 0.9907460 -0.4041421 0.6218894 -0.5622540 0.3657774
27452.453000 0.9188067 1.2233454 0.9901690 -0.4044052 0.6216321 -0.5620544 0.3662307
27452.553000 0.9184361 1.2236208 0.9896129 -0.4043893 0.6215112 -0.5621275 0.3663411
27452.653000 0.9156286 1.2215119 0.9886990 -0.4045640 0.6211209 -0.5621831 0.3667247
27452.754000 0.9081214 1.2146988 0.9870422 -0.4051771 0.6201995 -0.5622173 0.3675537
27452.853000 0.8792101 1.1469964 0.9891693 -0.4131349 0.6154684 -0.5571579 0.3742904
27452.953000 0.8778209 1.1450422 0.9885831 -0.4133203 0.6152612 -0.5569934 0.3746710
27453.053000 0.8774380 1.1452992 0.9880214 -0.4133027 0.6151434 -0.5570622 0.3747816
27453.154000 0.8750216 1.1432733 0.9872196 -0.4135389 0.6147718 -0.5570976 0.3750780
27453.253000 0.8675890 1.1350474 0.9859736 -0.4141573 0.6139926 -0.5568659 0.3760148
27453.354000 0.8407700 1.0665425 0.9880569 -0.4222276 0.6089513 -0.5518775 0.3825356
27453.453000 0.8395191 1.0647343 0.9874258 -0.4224634 0.6087188 -0.5517394 0.3828443
27453.553000 0.8390554 1.0648066 0.9868849 -0.4223924 0.6086401 -0.5517646 0.3830113
27453.654000 0.8367381 1.0625493 0.9861412 -0.4225909 0.6082767 -0.5517560 0.3833820
27453.753000 0.8295669 1.0538405 0.9848791 -0.4234249 0.6072821 -0.5515559 0.3843252
27453.853000 0.8041282 0.9827886 0.9871908 -0.4311594 0.6023658 -0.5461080 0.3911817
27453.953000 0.8029284 0.9809204 0.9865479 -0.4313923 0.6021480 -0.5459501 0.3914806
27454.053000 0.8025255 0.9811473 0.9859668 -0.4313733 0.6020425 -0.5460058 0.3915860
27454.153000 0.8004476 0.9789064 0.9852610 -0.4315800 0.6017016 -0.5460154 0.3918686
27454.253000 0.7935104 0.9689150 0.9842745 -0.4321916 0.6009278 -0.5456764 0.3928530
27454.353000 0.7706735 0.8982108 0.9864354 -0.4400354 0.5956309 -0.5404988 0.3993165
27454.454000 0.7693023 0.8956159 0.9857829 -0.4403433 0.5953651 -0.5402809 0.3996683
27454.553000 0.7688904 0.8958233 0.9851952 -0.4403218 0.5952657 -0.5403325 0.3997703
27454.653000 0.7671261 0.8937910 0.9845055 -0.4405265 0.5949278 -0.5403424 0.4000342
27454.753000 0.7606097 0.8832662 0.9835059 -0.4412411 0.5940591 -0.5399393 0.4010806
27454.854000 0.7391803 0.8094134 0.9858363 -0.4489436 0.5887187 -0.5343280 0.4078647
27454.953000 0.7381001 0.8074305 0.9851667 -0.4491906 0.5885342 -0.5341259 0.4081236
27455.053000 0.7377356 0.8077913 0.9845474 -0.4492195 0.5884086 -0.5342091 0.4081640
27455.153000 0.7359998 0.8053347 0.9839118 -0.4493194 0.5881456 -0.5341334 0.4085320
27455.253000 0.7300734 0.7944930 0.9829267 -0.4501601 0.5871714 -0.5337807 0.4094678
27455.353000 0.7110674 0.7201892 0.9851491 -0.4580184 0.5813782 -0.5283524 0.4160076
27455.453000 0.7100568 0.7181567 0.9844667 -0.4582771 0.5812169 -0.5281228 0.4162395
27455.553000 0.7095746 0.7181439 0.9838768 -0.4582017 0.5811699 -0.5281226 0.4163884
27455.653000 0.7080459 0.7158466 0.9832093 -0.4584061 0.5808377 -0.5280983 0.4166578
27455.753000 0.7026502 0.7043312 0.9822910 -0.4592063 0.5798942 -0.5276192 0.4176964
27455.853000 0.6859798 0.6289997 0.9845900 -0.4667680 0.5741269 -0.5219505 0.4243508
27455.953000 0.6848798 0.6262294 0.9838985 -0.4671044 0.5739266 -0.5216477 0.4246239
27456.053000 0.6844928 0.6265505 0.9832717 -0.4671313 0.5738113 -0.5217263 0.4246534
27456.153000 0.6830165 0.6238933 0.9826131 -0.4672269 0.5735536 -0.5216365 0.4250066
27456.253000 0.6781993 0.6121211 0.9816072 -0.4680096 0.5725867 -0.5212114 0.4259697
27456.353000 0.6639646 0.5358563 0.9839030 -0.4754744 0.5666560 -0.5154533 0.4325888
27456.453000 0.6629197 0.5328374 0.9832082 -0.4757853 0.5665130 -0.5150776 0.4328815
27456.553000 0.6624770 0.5329480 0.9825885 -0.4757583 0.5664418 -0.5151117 0.4329638
27456.653000 0.6611875 0.5303906 0.9819049 -0.4759037 0.5661523 -0.5150414 0.4332662
27456.753000 0.6569617 0.5181899 0.9808514 -0.4767147 0.5651613 -0.5145293 0.4342757
27456.853000 0.6453140 0.4414550 0.9830943 -0.4842257 0.5589483 -0.5087559 0.4407604
27456.953000 0.6443782 0.4384174 0.9823881 -0.4845438 0.5588166 -0.5083671 0.4410263
27457.053000 0.6439700 0.4386806 0.9817580 -0.4845657 0.5587117 -0.5084425 0.4410481
27457.153000 0.6428166 0.4360694 0.9810532 -0.4847016 0.5584320 -0.5083668 0.4413404
27457.253000 0.6391017 0.4231732 0.9799043 -0.4854360 0.5574914 -0.5077646 0.4424142
27457.353000 0.6300215 0.3454493 0.9821020 -0.4928528 0.5511899 -0.5017630 0.4489095
27457.453000 0.6293028 0.3432649 0.9813938 -0.4931316 0.5510510 -0.5014981 0.4490697
27457.553000 0.6288554 0.3433274 0.9807686 -0.4931022 0.5509842 -0.5015362 0.4491416
27457.653000 0.6278463 0.3406657 0.9800620 -0.4932213 0.5507067 -0.5014666 0.4494286
27457.753000 0.6249365 0.3282313 0.9789224 -0.4939252 0.5497471 -0.5009529 0.4504022
27457.853000 0.6187492 0.2520951 0.9811845 -0.5012569 0.5432900 -0.4951240 0.4565410
27457.953000 0.6179790 0.2484527 0.9804643 -0.5016992 0.5430511 -0.4947170 0.4567806
27458.053000 0.6175293 0.2484880 0.9798334 -0.5016694 0.5429885 -0.4947546 0.4568470
27458.153000 0.6166647 0.2458094 0.9791233 -0.5017263 0.5427742 -0.4946519 0.4571503
27458.254000 0.6144879 0.2338829 0.9779782 -0.5023934 0.5418902 -0.4941607 0.4579968
27458.353000 0.6107784 0.1563358 0.9801935 -0.5096307 0.5353582 -0.4880140 0.4642310
27458.453000 0.6102046 0.1540870 0.9794821 -0.5099059 0.5352027 -0.4877590 0.4643762
27458.553000 0.6097303 0.1539073 0.9788474 -0.5098222 0.5351803 -0.4877558 0.4644973
27458.653000 0.6089623 0.1510321 0.9780917 -0.5099343 0.5348930 -0.4876938 0.4647702
27458.753000 0.6073948 0.1399677 0.9768864 -0.5105534 0.5339617 -0.4873349 0.4655371
27458.853000 0.6062527 0.0635880 0.9790237 -0.5173941 0.5276532 -0.4809534 0.4717725
27458.953000 0.6057289 0.0612989 0.9783343 -0.5176086 0.5274363 -0.4807612 0.4719756
27459.053000 0.6052837 0.0612823 0.9777172 -0.5175680 0.5273675 -0.4808120 0.4720451
27459.153000 0.6046529 0.0581661 0.9769707 -0.5176185 0.5271149 -0.4807724 0.4723122
27459.253000 0.6037378 0.0486460 0.9759438 -0.5178794 0.5264960 -0.4805345 0.4729582
27459.353000 0.6050800 -0.0244594 0.9781096 0.5247298 -0.5201676 0.4743317 -0.4786375
27459.453000 0.6046099 -0.0276731 0.9774334 0.5249333 -0.5198948 0.4740662 -0.4789735
27459.553000 0.6052320 -0.0276685 0.9782637 0.5249287 -0.5198739 0.4740755 -0.4789920
27459.653000 0.6129969 -0.0273319 0.9885821 0.5252052 -0.5201663 0.4737968 -0.4786472
27459.753000 0.6266561 -0.0265351 1.0060065 0.5257189 -0.5206288 0.4733756 -0.4779966
27459.853000 0.6392915 -0.0261507 1.0214138 0.5260283 -0.5210483 0.4729898 -0.4775809
27459.953000 0.6493383 -0.0256942 1.0332070 0.5262534 -0.5212771 0.4727908 -0.4772801
27460.053000 0.6594908 -0.0252402 1.0447024 0.5264707 -0.5214981 0.4725996 -0.4769884
27460.153000 0.6698838 -0.0245947 1.0560475 0.5267299 -0.5216774 0.4724550 -0.4766493
27460.253000 0.6804849 -0.0241426 1.0672158 0.5269396 -0.5218958 0.4722670 -0.4763647
27460.353000 0.6913051 -0.0237010 1.0782095 0.5271456 -0.5221169 0.4720765 -0.4760832
27460.453000 0.7023270 -0.0234616 1.0890143 0.5273044 -0.5223797 0.4718400 -0.4758534
27460.553000 0.7135912 -0.0228373 1.0996490 0.5275542 -0.5225680 0.4716875 -0.4755210
27460.653000 0.7250367 -0.0226058 1.1100763 0.5277147 -0.5228367 0.4714459 -0.4752869
27460.753000 0.7367162 -0.0219957 1.1203208 0.5279642 -0.5230339 0.4712847 -0.4749526
27460.853000 0.7485710 -0.0217720 1.1303496 0.5281286 -0.5233098 0.4710367 -0.4747119
27460.953000 0.7606376 -0.0213788 1.1401774 0.5283343 -0.5235561 0.4708223 -0.4744241
27461.053000 0.7729280 -0.0207679 1.1498059 0.5285948 -0.5237665 0.4706470 -0.4740755
27461.153000 0.7853843 -0.0203611 1.1592081 0.5288075 -0.5240212 0.4704283 -0.4737738
27461.253000 0.7980278 -0.0199639 1.1683908 0.5290203 -0.5242825 0.4702044 -0.4734693
27461.353000 0.8108246 -0.0198055 1.1773376 0.5291834 -0.5245885 0.4699294 -0.4732211
27461.453000 0.8238310 -0.0194287 1.1860687 0.5294022 -0.5248585 0.4696913 -0.4729132
27461.553000 0.8370454 -0.0188116 1.1945796 0.5296805 -0.5250897 0.4694931 -0.4725417
27461.653000 0.8503704 -0.0186694 1.2028330 0.5298593 -0.5254033 0.4691975 -0.4722862
27461.754000 0.8639222 -0.0180724 1.2108676 0.5301446 -0.5256419 0.4689823 -0.4719141
27461.853000 0.8776089 -0.0176983 1.2186497 0.5303868 -0.5259199 0.4687182 -0.4715944
27461.953000 0.8914226 -0.0175798 1.2261759 0.5305801 -0.5262422 0.4683996 -0.4713341
27462.053000 0.9054198 -0.0172350 1.2334617 0.5308285 -0.5265286 0.4681178 -0.4710143
27462.153000 0.9195673 -0.0168895 1.2404947 0.5310822 -0.5268176 0.4678313 -0.4706896
27462.253000 0.9338892 -0.0163075 1.2472788 0.5313899 -0.5270719 0.4675852 -0.4703021
27462.353000 0.9482923 -0.0162131 1.2537885 0.5315998 -0.5274088 0.4672439 -0.4700263
27462.454000 0.9628867 -0.0156502 1.2600492 0.5319041 -0.5276806 0.4669904 -0.4696289
27462.553000 0.9775842 -0.0153044 1.2660380 0.5321546 -0.5280034 0.4666998 -0.4692709
27462.653000 0.9924053 -0.0149802 1.2717581 0.5324044 -0.5283338 0.4664026 -0.4689111
27462.753000 1.0073465 -0.0146659 1.2772069 0.5326567 -0.5286690 0.4661004 -0.4685471
27462.853000 1.0223745 -0.0146107 1.2823772 0.5328610 -0.5290490 0.4657475 -0.4682367
27462.954000 1.0375395 -0.0143224 1.2872760 0.5331127 -0.5293991 0.4654373 -0.4678627
27463.053000 1.0528370 -0.0137890 1.2918999 0.5334169 -0.5297143 0.4651699 -0.4674249
27463.153000 1.0681802 -0.0137550 1.2962349 0.5336254 -0.5301124 0.4648085 -0.4670950
27463.254000 1.0836693 -0.0132517 1.3002929 0.5339323 -0.5304384 0.4645302 -0.4666509
27463.353000 1.0992219 -0.0129910 1.3040621 0.5341953 -0.5308060 0.4642050 -0.4662554
27463.453000 1.1148301 -0.0130060 1.3075411 0.5344087 -0.5312202 0.4638269 -0.4659153
27463.553000 1.1305667 -0.0125412 1.3107347 0.5347210 -0.5315608 0.4635340 -0.4654598
27463.653000 1.1463264 -0.0125698 1.3136333 0.5349415 -0.5319823 0.4631484 -0.4651085
27463.753000 1.1622009 -0.0121222 1.3162414 0.5352592 -0.5323309 0.4628477 -0.4646434
27463.853000 1.1781116 -0.0119316 1.3185532 0.5355315 -0.5327228 0.4624978 -0.4642287
27463.953000 1.1940525 -0.0120145 1.3205683 0.5357557 -0.5331604 0.4620954 -0.4638681
27464.054000 1.2100892 -0.0116107 1.3222862 0.5360780 -0.5335232 0.4617802 -0.4633922
27464.153000 1.2261470 -0.0114556 1.3237049 0.5363571 -0.5339278 0.4614176 -0.4629643
27464.253000 1.2422182 -0.0115806 1.3248240 0.5365874 -0.5343790 0.4610010 -0.4625917
27464.353000 1.2583655 -0.0112169 1.3256408 0.5369151 -0.5347550 0.4606727 -0.4621039
27464.453000 1.2744949 -0.0113603 1.3261573 0.5371510 -0.5352134 0.4602490 -0.4617209
27464.553000 1.2922555 -0.0112756 1.3263748 0.5374608 -0.5356807 0.4598281 -0.4612376
27464.653000 1.3144398 -0.0109377 1.3261330 0.5378885 -0.5362203 0.4593590 -0.4605791
27464.753000 1.3339372 -0.0108750 1.3254504 0.5382236 -0.5367322 0.4589025 -0.4600461
27464.853000 1.3423065 -0.0110475 1.3250283 0.5422218 -0.5330712 0.4553236 -0.4631534
27464.953000 1.3534702 -0.0106596 1.3240041 0.5454188 -0.5359381 0.4517145 -0.4596114
27465.053000 1.3534969 -0.0108639 1.3240029 0.5453795 -0.5359706 0.4516607 -0.4596730
27465.153000 1.3534824 -0.0113176 1.3239982 0.5439755 -0.5374145 0.4528564 -0.4584729
27465.253000 1.3535953 -0.0107494 1.3239903 0.5452830 -0.5361314 0.4518249 -0.4594386
27465.353000 1.3534742 -0.0109048 1.3240023 0.5454001 -0.5359975 0.4516380 -0.4596396
27465.453000 1.3534414 -0.0113456 1.3240014 0.5440159 -0.5373795 0.4528210 -0.4585009
27465.553000 1.3534823 -0.0107853 1.3240043 0.5451708 -0.5361551 0.4519269 -0.4594438
27465.653000 1.3533977 -0.0109215 1.3240131 0.5453281 -0.5359858 0.4517064 -0.4596714
27465.753000 1.3534056 -0.0111111 1.3240066 0.5439558 -0.5373813 0.4529741 -0.4584188
27465.853000 1.3535134 -0.0109937 1.3240034 0.5451862 -0.5361221 0.4518483 -0.4595413
27465.954000 1.3534376 -0.0109185 1.3240103 0.5453077 -0.5359947 0.4517410 -0.4596513
27466.053000 1.3533848 -0.0113603 1.3240091 0.5439009 -0.5374185 0.4529455 -0.4584687
27466.153000 1.3533812 -0.0107604 1.3240115 0.5451670 -0.5361241 0.4519581 -0.4594538
27466.254000 1.3533144 -0.0109157 1.3240187 0.5452891 -0.5359991 0.4517639 -0.4596456
27466.353000 1.3533455 -0.0108731 1.3240162 0.5452942 -0.5359886 0.4517579 -0.4596578
27466.453000 1.3533709 -0.0110939 1.3240066 0.5438333 -0.5375101 0.4530925 -0.4582963
27466.553000 1.3535575 -0.0109933 1.3239950 0.5452221 -0.5361707 0.4518045 -0.4594851
27466.653000 1.3534455 -0.0109157 1.3240052 0.5453521 -0.5360286 0.4516909 -0.4596083
27466.753000 1.3534576 -0.0110931 1.3239973 0.5439979 -0.5374190 0.4529366 -0.4583618
27466.853000 1.3536171 -0.0109901 1.3239881 0.5452830 -0.5361488 0.4517316 -0.4595100
27466.953000 1.3535408 -0.0109147 1.3239950 0.5454053 -0.5360208 0.4516234 -0.4596205
27467.053000 1.3535162 -0.0113565 1.3239923 0.5439948 -0.5374475 0.4528328 -0.4584346
27467.153000 1.3535638 -0.0107495 1.3239923 0.5452535 -0.5361532 0.4518589 -0.4594147
27467.253000 1.3535013 -0.0109073 1.3239994 0.5453774 -0.5360260 0.4516621 -0.4596095
27467.353000 1.3534508 -0.0110788 1.3239983 0.5440549 -0.5373517 0.4528845 -0.4584246
27467.453000 1.3534918 -0.0110021 1.3240017 0.5452076 -0.5361517 0.4518096 -0.4595194
27467.553000 1.3534056 -0.0106453 1.3240085 0.5454156 -0.5359352 0.4517233 -0.4596100
27467.653000 1.3534356 -0.0105896 1.3240060 0.5454249 -0.5359202 0.4517187 -0.4596210
27467.754000 1.3534433 -0.0110316 1.3240010 0.5440193 -0.5373422 0.4529214 -0.4584415
27467.853000 1.3536021 -0.0109950 1.3239948 0.5452142 -0.5361159 0.4518068 -0.4595561
27467.953000 1.3534898 -0.0109234 1.3240051 0.5453295 -0.5359885 0.4517061 -0.4596669
27468.053000 1.3534270 -0.0111004 1.3240044 0.5439685 -0.5373569 0.4529654 -0.4584410
27468.153000 1.3534477 -0.0107328 1.3240087 0.5452879 -0.5359988 0.4518365 -0.4595761
27468.253000 1.3534072 -0.0109172 1.3240129 0.5453287 -0.5359663 0.4517105 -0.4596895
27468.353000 1.3534284 -0.0113637 1.3240047 0.5439538 -0.5373942 0.4528783 -0.4585008
27468.453000 1.3536118 -0.0109835 1.3239909 0.5453149 -0.5360925 0.4517019 -0.4595671
27468.553000 1.3534723 -0.0108514 1.3240044 0.5454722 -0.5359149 0.4516221 -0.4596659
27468.653000 1.3534007 -0.0110048 1.3240049 0.5441631 -0.5372199 0.4528437 -0.4584907
27468.753000 1.3534456 -0.0109529 1.3240079 0.5452049 -0.5361361 0.4518747 -0.4594768
27468.853000 1.3533691 -0.0108777 1.3240149 0.5453572 -0.5359762 0.4517392 -0.4596159
27468.954000 1.3533133 -0.0110091 1.3240135 0.5441214 -0.5372134 0.4528949 -0.4584975
27469.053000 1.3533385 -0.0107295 1.3240172 0.5452541 -0.5360325 0.4519141 -0.4595006
27469.153000 1.3532640 -0.0105943 1.3240221 0.5454154 -0.5358647 0.4517921 -0.4596247
27469.253000 1.3533560 -0.0112927 1.3240096 0.5440437 -0.5373143 0.4528617 -0.4585042
27469.353000 1.3535669 -0.0109316 1.3239937 0.5453527 -0.5360783 0.4517229 -0.4595181
27469.453000 1.3535983 -0.0109133 1.3239898 0.5454367 -0.5360157 0.4515919 -0.4596203
27469.553000 1.3534902 -0.0110778 1.3239945 0.5441057 -0.5373090 0.4528340 -0.4584642
27469.653000 1.3534520 -0.0107316 1.3240067 0.5452838 -0.5360063 0.4518389 -0.4595698
27469.754000 1.3532609 -0.0105896 1.3240242 0.5454317 -0.5358233 0.4517755 -0.4596700
27469.853000 1.3532830 -0.0110357 1.3240167 0.5440462 -0.5372575 0.4529583 -0.4584725
27469.953000 1.3534815 -0.0109166 1.3240047 0.5453373 -0.5360152 0.4517518 -0.4595816
27470.053000 1.3535529 -0.0109005 1.3239975 0.5454419 -0.5359450 0.4515994 -0.4596891
27470.153000 1.3535187 -0.0113506 1.3239963 0.5440331 -0.5373528 0.4528089 -0.4585237
27470.254000 1.3535460 -0.0107495 1.3239982 0.5452251 -0.5360932 0.4518881 -0.4594898
27470.353000 1.3533427 -0.0105914 1.3240173 0.5454332 -0.5358474 0.4517724 -0.4596432
27470.453000 1.3533826 -0.0105466 1.3240141 0.5454570 -0.5358217 0.4517527 -0.4596642
27470.553000 1.3533530 -0.0109836 1.3240111 0.5441007 -0.5372110 0.4529134 -0.4585065
27470.653000 1.3534549 -0.0109262 1.3240070 0.5452758 -0.5360591 0.4518142 -0.4595420
27470.753000 1.3533488 -0.0108626 1.3240165 0.5454061 -0.5359181 0.4516990 -0.4596651
27470.853000 1.3533401 -0.0112823 1.3240130 0.5440929 -0.5372498 0.4528255 -0.4585572
27470.953000 1.3533203 -0.0106728 1.3240192 0.5453267 -0.5359511 0.4518693 -0.4595534
27471.053000 1.3533958 -0.0106477 1.3240110 0.5453750 -0.5359344 0.4517770 -0.4596062
27471.153000 1.3534768 -0.0113458 1.3240009 0.5440052 -0.5373600 0.4528493 -0.4585086
27471.253000 1.3535770 -0.0107541 1.3239936 0.5452238 -0.5361451 0.4518879 -0.4594309
27471.353000 1.3535653 -0.0109178 1.3239971 0.5453575 -0.5360230 0.4516818 -0.4596173
27471.453000 1.3535027 -0.0110902 1.3239957 0.5440571 -0.5373310 0.4528891 -0.4584416
27471.553000 1.3535998 -0.0106998 1.3239917 0.5453470 -0.5360327 0.4517875 -0.4595145
27471.653000 1.3533675 -0.0105726 1.3240131 0.5455017 -0.5358371 0.4517140 -0.4596313
27471.753000 1.3533113 -0.0110134 1.3240138 0.5441358 -0.5371999 0.4528842 -0.4585067
27471.853000 1.3532958 -0.0106865 1.3240200 0.5452482 -0.5360211 0.4519335 -0.4595018
27471.953000 1.3534931 -0.0109149 1.3240047 0.5453569 -0.5359781 0.4516847 -0.4596675
27472.053000 1.3534282 -0.0110930 1.3240034 0.5440428 -0.5372920 0.4529051 -0.4584885
27472.153000 1.3536094 -0.0109558 1.3239955 0.5452917 -0.5360423 0.4517454 -0.4596104
27472.254000 1.3533460 -0.0108706 1.3240187 0.5453726 -0.5359106 0.4517297 -0.4596834
27472.353000 1.3533545 -0.0113036 1.3240126 0.5440398 -0.5372838 0.4528692 -0.4585372
27472.453000 1.3534302 -0.0109321 1.3240087 0.5452689 -0.5360648 0.4518205 -0.4595374
27472.553000 1.3535729 -0.0109222 1.3239956 0.5453486 -0.5360331 0.4516914 -0.4596067
27472.653000 1.3535607 -0.0113639 1.3239914 0.5440019 -0.5374125 0.4528372 -0.4584629
27472.753000 1.3536657 -0.0110123 1.3239844 0.5452234 -0.5362165 0.4517743 -0.4594599
27472.853000 1.3535046 -0.0106639 1.3239968 0.5454467 -0.5359554 0.4516773 -0.4595948
27472.954000 1.3535626 -0.0113409 1.3239908 0.5440660 -0.5373572 0.4527760 -0.4585122
27473.053000 1.3534912 -0.0107382 1.3240012 0.5452334 -0.5360732 0.4518934 -0.4594980
27473.154000 1.3534202 -0.0106435 1.3240079 0.5453833 -0.5359162 0.4517707 -0.4596239
27473.253000 1.3535364 -0.0113371 1.3239964 0.5440258 -0.5373316 0.4528309 -0.4585356
27473.353000 1.3535722 -0.0107467 1.3239965 0.5452700 -0.5360487 0.4518448 -0.4595310
27473.453000 1.3532563 -0.0106070 1.3240245 0.5453915 -0.5358609 0.4518106 -0.4596394
27473.553000 1.3534218 -0.0108315 1.3240132 0.5453673 -0.5359266 0.4517342 -0.4596666
27473.653000 1.3532604 -0.0110675 1.3240189 0.5439102 -0.5373712 0.4530728 -0.4583872
27473.753000 1.3533453 -0.0109272 1.3240155 0.5452621 -0.5360300 0.4518211 -0.4595855
27473.853000 1.3531302 -0.0106078 1.3240325 0.5454187 -0.5358231 0.4517817 -0.4596796
27473.953000 1.3531449 -0.0110610 1.3240264 0.5439958 -0.5372888 0.4530055 -0.4584488
27474.053000 1.3534147 -0.0109100 1.3240095 0.5453126 -0.5360473 0.4517862 -0.4595396
27474.153000 1.3533469 -0.0108830 1.3240155 0.5453416 -0.5360152 0.4517579 -0.4595706
27474.253000 1.3533530 -0.0113505 1.3240095 0.5439293 -0.5374650 0.4529590 -0.4583672
27474.353000 1.3533903 -0.0106714 1.3240054 0.5453735 -0.5360130 0.4517998 -0.4594940
27474.453000 1.3537099 -0.0109002 1.3239804 0.5454648 -0.5360216 0.4515671 -0.4596043
27474.553000 1.3536901 -0.0113740 1.3239789 0.5440266 -0.5374629 0.4528045 -0.4584067
27474.654000 1.3537565 -0.0109842 1.3239802 0.5452271 -0.5362063 0.4517998 -0.4594422
27474.753000 1.3534166 -0.0108753 1.3240109 0.5453614 -0.5360010 0.4517434 -0.4595779
27474.854000 1.3532614 -0.0110837 1.3240164 0.5439808 -0.5373521 0.4530180 -0.4583801
27474.953000 1.3533809 -0.0109282 1.3240113 0.5452549 -0.5360678 0.4518292 -0.4595420
27475.053000 1.3531831 -0.0106214 1.3240263 0.5453959 -0.5358768 0.4518015 -0.4596247
27475.153000 1.3533415 -0.0113263 1.3240105 0.5439747 -0.5373904 0.4529243 -0.4584350
27475.253000 1.3534948 -0.0109210 1.3240009 0.5453031 -0.5360958 0.4517862 -0.4594943
27475.353000 1.3537315 -0.0109277 1.3239797 0.5453544 -0.5361164 0.4516801 -0.4595137
27475.453000 1.3536944 -0.0113959 1.3239791 0.5439305 -0.5375430 0.4528990 -0.4583335
27475.553000 1.3536168 -0.0107492 1.3239899 0.5452840 -0.5360943 0.4518289 -0.4594768
27475.653000 1.3536799 -0.0109260 1.3239869 0.5453332 -0.5360862 0.4517002 -0.4595545
27475.754000 1.3536785 -0.0114133 1.3239818 0.5438794 -0.5375706 0.4529395 -0.4583218
27475.853000 1.3537948 -0.0109686 1.3239755 0.5453025 -0.5361515 0.4517195 -0.4594956
27475.953000 1.3535815 -0.0106764 1.3239911 0.5453953 -0.5360066 0.4517341 -0.4595403
27476.053000 1.3535490 -0.0111051 1.3239899 0.5440476 -0.5373603 0.4528940 -0.4584137
27476.153000 1.3537448 -0.0109712 1.3239817 0.5452377 -0.5361790 0.4517872 -0.4594738
27476.253000 1.3533669 -0.0108754 1.3240154 0.5453571 -0.5359832 0.4517401 -0.4596070
27476.354000 1.3533361 -0.0113289 1.3240124 0.5439874 -0.5373779 0.4529120 -0.4584467
27476.453000 1.3532246 -0.0107007 1.3240222 0.5452931 -0.5360146 0.4518875 -0.4595014
27476.553000 1.3533042 -0.0108682 1.3240178 0.5453435 -0.5360129 0.4517615 -0.4595674
27476.654000 1.3533173 -0.0113242 1.3240128 0.5439933 -0.5373791 0.4529091 -0.4584412
27476.753000 1.3534413 -0.0109027 1.3240098 0.5453427 -0.5359889 0.4517437 -0.4596139
27476.853000 1.3537306 -0.0109184 1.3239830 0.5453952 -0.5360200 0.4516351 -0.4596220
27476.954000 1.3535494 -0.0111491 1.3239891 0.5439915 -0.5374110 0.4529327 -0.4583826
27477.053000 1.3536534 -0.0107093 1.3239817 0.5453648 -0.5360790 0.4517601 -0.4594664
27477.154000 1.3532284 -0.0106227 1.3240190 0.5454402 -0.5359152 0.4517553 -0.4595727
27477.253000 1.3531588 -0.0111185 1.3240205 0.5439677 -0.5373802 0.4530149 -0.4583658
27477.353000 1.3532804 -0.0108927 1.3240204 0.5453530 -0.5359588 0.4517444 -0.4596361
27477.453000 1.3530478 -0.0106499 1.3240366 0.5453961 -0.5358579 0.4517937 -0.4596541
27477.553000 1.3530627 -0.0111124 1.3240309 0.5440182 -0.5372596 0.4529764 -0.4584852
27477.653000 1.3532347 -0.0107088 1.3240207 0.5452389 -0.5360324 0.4519396 -0.4594936
27477.753000 1.3536886 -0.0109048 1.3239856 0.5453736 -0.5360335 0.4516848 -0.4595830
27477.853000 1.3536667 -0.0113785 1.3239830 0.5440089 -0.5374156 0.4528477 -0.4584406
27477.953000 1.3536033 -0.0107301 1.3239908 0.5453379 -0.5360160 0.4517862 -0.4595461
27478.053000 1.3536890 -0.0109081 1.3239863 0.5453892 -0.5360147 0.4516601 -0.4596108
27478.153000 1.3535099 -0.0111809 1.3239934 0.5439680 -0.5373968 0.4529654 -0.4583949
27478.253000 1.3538018 -0.0109452 1.3239782 0.5452453 -0.5361553 0.4518000 -0.4594799
27478.353000 1.3537284 -0.0109113 1.3239846 0.5453050 -0.5360904 0.4517467 -0.4595372
27478.453000 1.3537208 -0.0113884 1.3239791 0.5438852 -0.5375500 0.4529568 -0.4583220
27478.553000 1.3536080 -0.0106864 1.3239873 0.5452575 -0.5361216 0.4518841 -0.4594221
27478.653000 1.3535190 -0.0106250 1.3239951 0.5453603 -0.5360080 0.4517992 -0.4595161
27478.753000 1.3537202 -0.0113581 1.3239770 0.5439704 -0.5374986 0.4528758 -0.4583612
27478.854000 1.3537987 -0.0109454 1.3239754 0.5453281 -0.5361268 0.4517023 -0.4595109
27478.953000 1.3537354 -0.0109049 1.3239804 0.5453810 -0.5360737 0.4516578 -0.4595538
27479.053000 1.3534691 -0.0111144 1.3239933 0.5439415 -0.5374422 0.4530047 -0.4583343
27479.153000 1.3534550 -0.0106729 1.3240002 0.5452174 -0.5360883 0.4519422 -0.4594514
27479.253000 1.3535999 -0.0108931 1.3239931 0.5453102 -0.5360643 0.4517539 -0.4595544
27479.353000 1.3534344 -0.0111162 1.3239958 0.5439156 -0.5374478 0.4530366 -0.4583268
27479.453000 1.3536910 -0.0107049 1.3239766 0.5452916 -0.5361496 0.4518272 -0.4594050
27479.553000 1.3535863 -0.0106413 1.3239851 0.5453878 -0.5360359 0.4517514 -0.4594980
27479.653000 1.3537914 -0.0114015 1.3239680 0.5438931 -0.5376204 0.4529297 -0.4582568
27479.753000 1.3536418 -0.0107035 1.3239847 0.5452335 -0.5361511 0.4519033 -0.4593972
27479.853000 1.3535467 -0.0106377 1.3239925 0.5453355 -0.5360359 0.4518225 -0.4594901
27479.953000 1.3534988 -0.0111052 1.3239911 0.5439342 -0.5374483 0.4530237 -0.4583169
27480.053000 1.3537491 -0.0109256 1.3239804 0.5452701 -0.5361425 0.4517824 -0.4594827
27480.153000 1.3534307 -0.0106428 1.3240025 0.5453215 -0.5360046 0.4518408 -0.4595252
27480.253000 1.3537000 -0.0113625 1.3239776 0.5439368 -0.5375313 0.4529173 -0.4583217
27480.353000 1.3539320 -0.0109341 1.3239606 0.5453168 -0.5362311 0.4517226 -0.4593827
27480.453000 1.3538565 -0.0109039 1.3239664 0.5453626 -0.5361811 0.4516825 -0.4594262
27480.554000 1.3536474 -0.0106479 1.3239782 0.5453070 -0.5361562 0.4518359 -0.4593704
27480.653000 1.3538247 -0.0114212 1.3239641 0.5437464 -0.5377854 0.4530671 -0.4581013
27480.753000 1.3538564 -0.0109342 1.3239728 0.5452895 -0.5361366 0.4517480 -0.4595004
27480.853000 1.3534936 -0.0106393 1.3239984 0.5453603 -0.5359671 0.4517929 -0.4595700
27480.953000 1.3534562 -0.0110974 1.3239954 0.5439549 -0.5373937 0.4530025 -0.4583774
27481.053000 1.3537547 -0.0109291 1.3239797 0.5452545 -0.5361590 0.4517947 -0.4594698
27481.153000 1.3536896 -0.0109018 1.3239850 0.5453143 -0.5360979 0.4517396 -0.4595245
27481.254000 1.3537061 -0.0113751 1.3239775 0.5439126 -0.5375455 0.4529353 -0.4583160
27481.353000 1.3538667 -0.0109235 1.3239674 0.5453139 -0.5361756 0.4517314 -0.4594422
27481.454000 1.3537872 -0.0108849 1.3239746 0.5453827 -0.5360996 0.4516726 -0.4595072
27481.553000 1.3537664 -0.0113629 1.3239723 0.5439537 -0.5375280 0.4528970 -0.4583255
27481.653000 1.3535606 -0.0106773 1.3239919 0.5452530 -0.5360576 0.4518992 -0.4594872
27481.753000 1.3537450 -0.0108673 1.3239826 0.5453753 -0.5360157 0.4516928 -0.4595939
27481.853000 1.3534571 -0.0111179 1.3239952 0.5439186 -0.5374180 0.4530375 -0.4583573
27481.953000 1.3537613 -0.0109226 1.3239780 0.5452692 -0.5361560 0.4517791 -0.4594712
27482.053000 1.3534214 -0.0106439 1.3240014 0.5453441 -0.5359845 0.4518150 -0.4595472
27482.153000 1.3534236 -0.0110949 1.3239955 0.5439803 -0.5373842 0.4529849 -0.4583758
27482.253000 1.3536212 -0.0107521 1.3239873 0.5453104 -0.5360942 0.4518097 -0.4594645
27482.353000 1.3537640 -0.0108761 1.3239768 0.5453934 -0.5360796 0.4516691 -0.4595212
27482.453000 1.3535089 -0.0111250 1.3239880 0.5439427 -0.5374579 0.4530112 -0.4583079
27482.553000 1.3536436 -0.0106709 1.3239832 0.5452832 -0.5360832 0.4518698 -0.4594504
27482.654000 1.3538561 -0.0108587 1.3239719 0.5454209 -0.5360346 0.4516494 -0.4595605
27482.753000 1.3535290 -0.0111074 1.3239889 0.5439937 -0.5373708 0.4529702 -0.4583901
27482.853000 1.3537531 -0.0109285 1.3239822 0.5452567 -0.5361194 0.4517932 -0.4595149
27482.953000 1.3537085 -0.0108881 1.3239858 0.5453409 -0.5360392 0.4517208 -0.4595798
27483.053000 1.3537195 -0.0113687 1.3239797 0.5439280 -0.5374896 0.4529315 -0.4583670
27483.153000 1.3538472 -0.0109293 1.3239737 0.5452241 -0.5362030 0.4518297 -0.4594201
27483.253000 1.3537739 -0.0108946 1.3239803 0.5453002 -0.5361207 0.4517648 -0.4594898
27483.353000 1.3537418 -0.0113839 1.3239782 0.5438733 -0.5375531 0.4529819 -0.4583077
27483.453000 1.3537739 -0.0108982 1.3239818 0.5453222 -0.5360366 0.4517378 -0.4595883
27483.553000 1.3533989 -0.0106252 1.3240072 0.5453981 -0.5358504 0.4517734 -0.4596803
27483.653000 1.3537097 -0.0113452 1.3239815 0.5439678 -0.5374271 0.4529018 -0.4584223
27483.753000 1.3538380 -0.0109348 1.3239752 0.5452351 -0.5361830 0.4518185 -0.4594415
27483.853000 1.3534767 -0.0106554 1.3239984 0.5453035 -0.5360106 0.4518637 -0.4595171
27483.953000 1.3534769 -0.0110992 1.3239928 0.5439753 -0.5373643 0.4530033 -0.4583869
27484.053000 1.3536334 -0.0106829 1.3239852 0.5453195 -0.5360245 0.4518379 -0.4595072
27484.154000 1.3535256 -0.0106345 1.3239924 0.5453434 -0.5359842 0.4518311 -0.4595325
27484.253000 1.3538812 -0.0108682 1.3239690 0.5453254 -0.5361127 0.4517465 -0.4594871
27484.353000 1.3535808 -0.0111386 1.3239816 0.5438941 -0.5374897 0.4530581 -0.4582821
27484.453000 1.3536955 -0.0106885 1.3239748 0.5452780 -0.5361349 0.4518590 -0.4594070
27484.553000 1.3539079 -0.0108662 1.3239643 0.5454157 -0.5360934 0.4516427 -0.4595046
27484.653000 1.3539108 -0.0113583 1.3239580 0.5440088 -0.5375423 0.4528413 -0.4582984
27484.753000 1.3539999 -0.0109129 1.3239538 0.5453308 -0.5362302 0.4517112 -0.4593784
27484.853000 1.3536002 -0.0106409 1.3239806 0.5454416 -0.5360010 0.4517121 -0.4595134
27484.953000 1.3538624 -0.0113114 1.3239605 0.5441188 -0.5374335 0.4527527 -0.4583830
27485.053000 1.3535395 -0.0107097 1.3239888 0.5452951 -0.5360777 0.4518414 -0.4594707
27485.153000 1.3534183 -0.0106367 1.3239971 0.5453924 -0.5359589 0.4517715 -0.4595625
27485.253000 1.3534128 -0.0111147 1.3239916 0.5439950 -0.5373909 0.4529656 -0.4583695
27485.353000 1.3535377 -0.0107107 1.3239864 0.5452396 -0.5361544 0.4518942 -0.4593952
27485.453000 1.3537932 -0.0108601 1.3239717 0.5454151 -0.5360850 0.4516501 -0.4595078
27485.553000 1.3538173 -0.0113647 1.3239638 0.5439651 -0.5375728 0.4528861 -0.4582703
27485.653000 1.3536515 -0.0106661 1.3239775 0.5453819 -0.5360347 0.4517715 -0.4594865
27485.753000 1.3538988 -0.0108533 1.3239628 0.5454257 -0.5360989 0.4516428 -0.4594862
27485.853000 1.3538387 -0.0113529 1.3239637 0.5439661 -0.5375411 0.4528955 -0.4582970
27485.953000 1.3534773 -0.0106671 1.3239981 0.5453018 -0.5359546 0.4518652 -0.4595829
27486.053000 1.3533713 -0.0106421 1.3240056 0.5453174 -0.5359265 0.4518573 -0.4596050
27486.153000 1.3537514 -0.0108612 1.3239799 0.5452937 -0.5360744 0.4517819 -0.4595347
27486.253000 1.3537569 -0.0113586 1.3239727 0.5438734 -0.5375467 0.4529891 -0.4583079
27486.353000 1.3535627 -0.0107194 1.3239882 0.5451857 -0.5361419 0.4519527 -0.4594161
27486.453000 1.3534261 -0.0106638 1.3239988 0.5452915 -0.5360163 0.4518677 -0.4595207
27486.553000 1.3538117 -0.0113548 1.3239670 0.5439264 -0.5375516 0.4529323 -0.4582954
27486.653000 1.3540394 -0.0108738 1.3239540 0.5454090 -0.5360978 0.4516453 -0.4595047
27486.753000 1.3539521 -0.0108431 1.3239605 0.5454723 -0.5360281 0.4515912 -0.4595642
27486.853000 1.3535602 -0.0111269 1.3239789 0.5440075 -0.5374000 0.4529425 -0.4583668
27486.953000 1.3540380 -0.0108716 1.3239531 0.5453675 -0.5361613 0.4516981 -0.4594281
27487.053000 1.3535880 -0.0106490 1.3239824 0.5453976 -0.5360009 0.4517625 -0.4595161
27487.153000 1.3535554 -0.0111166 1.3239778 0.5440093 -0.5374164 0.4529513 -0.4583368
27487.253000 1.3536906 -0.0107045 1.3239731 0.5452815 -0.5361455 0.4518575 -0.4593918
27487.353000 1.3535910 -0.0106528 1.3239801 0.5453841 -0.5360312 0.4517733 -0.4594862
27487.454000 1.3539219 -0.0113524 1.3239542 0.5439520 -0.5375975 0.4529030 -0.4582401
27487.553000 1.3539924 -0.0108832 1.3239584 0.5453593 -0.5361174 0.4516954 -0.4594917
27487.653000 1.3539032 -0.0108519 1.3239648 0.5454202 -0.5360496 0.4516438 -0.4595492
27487.753000 1.3538500 -0.0113445 1.3239620 0.5439780 -0.5375130 0.4528795 -0.4583317
27487.853000 1.3538715 -0.0109352 1.3239682 0.5452187 -0.5362309 0.4518223 -0.4594014
27487.953000 1.3525951 -0.0106445 1.3240657 0.5453074 -0.5358109 0.4518966 -0.4597129
27488.053000 1.3529633 -0.0113208 1.3240356 0.5438831 -0.5374107 0.4530290 -0.4584164
27488.153000 1.3527429 -0.0106848 1.3240533 0.5452442 -0.5359409 0.4519472 -0.4595866
27488.253000 1.3526330 -0.0106425 1.3240606 0.5453084 -0.5358636 0.4518974 -0.4596496
27488.353000 1.3529832 -0.0113106 1.3240337 0.5439156 -0.5374037 0.4530031 -0.4584117
27488.453000 1.3527576 -0.0107312 1.3240567 0.5452065 -0.5359477 0.4519723 -0.4595987
27488.554000 1.3525967 -0.0106546 1.3240652 0.5452589 -0.5358643 0.4519484 -0.4596572
27488.653000 1.3529907 -0.0113140 1.3240337 0.5438986 -0.5374073 0.4530197 -0.4584111
27488.753000 1.3532006 -0.0108778 1.3240226 0.5452530 -0.5360882 0.4518452 -0.4595047
27488.853000 1.3531199 -0.0108340 1.3240283 0.5453563 -0.5359799 0.4517563 -0.4595958
27488.953000 1.3530303 -0.0113018 1.3240311 0.5439545 -0.5373608 0.4529649 -0.4584536
27489.053000 1.3530470 -0.0108625 1.3240420 0.5452114 -0.5359818 0.4519095 -0.4596149
27489.153000 1.3525438 -0.0106463 1.3240743 0.5452808 -0.5357604 0.4519341 -0.4597664
27489.253000 1.3524975 -0.0111321 1.3240688 0.5438457 -0.5372553 0.4531582 -0.4585152
27489.353000 1.3530949 -0.0108419 1.3240306 0.5453556 -0.5359708 0.4517598 -0.4596038
27489.453000 1.3525926 -0.0106532 1.3240624 0.5453403 -0.5358393 0.4518563 -0.4596804
27489.553000 1.3529421 -0.0112908 1.3240367 0.5439628 -0.5373521 0.4529565 -0.4584622
27489.653000 1.3530543 -0.0108787 1.3240400 0.5452335 -0.5360067 0.4518702 -0.4595982
27489.753000 1.3529837 -0.0108239 1.3240443 0.5453564 -0.5358800 0.4517646 -0.4597040
27489.853000 1.3525294 -0.0111113 1.3240668 0.5439709 -0.5371474 0.4530314 -0.4586184
27489.954000 1.3527286 -0.0107458 1.3240595 0.5452065 -0.5359281 0.4519539 -0.4596397
27490.053000 1.3534839 -0.0106899 1.3239916 0.5453558 -0.5359662 0.4517882 -0.4595812
27490.153000 1.3538377 -0.0113365 1.3239649 0.5439459 -0.5375281 0.4529218 -0.4583103
27490.253000 1.3538936 -0.0108859 1.3239694 0.5452693 -0.5361509 0.4518056 -0.4594511
27490.353000 1.3538260 -0.0108346 1.3239741 0.5453938 -0.5360217 0.4516991 -0.4595588
27490.453000 1.3538304 -0.0113159 1.3239663 0.5440176 -0.5374519 0.4528668 -0.4583688
27490.553000 1.3535550 -0.0107534 1.3239836 0.5452703 -0.5360986 0.4518491 -0.4594682
27490.653000 1.3538860 -0.0108270 1.3239644 0.5454816 -0.5360187 0.4515972 -0.4595582
27490.753000 1.3538746 -0.0113191 1.3239607 0.5440749 -0.5374408 0.4527990 -0.4583807
27490.853000 1.3535407 -0.0107490 1.3239889 0.5452978 -0.5360201 0.4518283 -0.4595475
27490.953000 1.3525419 -0.0106852 1.3240719 0.5453496 -0.5357368 0.4518366 -0.4598082
27491.053000 1.3529469 -0.0113317 1.3240415 0.5439008 -0.5373519 0.4530083 -0.4584849
27491.153000 1.3530492 -0.0108619 1.3240410 0.5452546 -0.5359600 0.4518573 -0.4596404
27491.253000 1.3534418 -0.0107109 1.3239968 0.5453604 -0.5359145 0.4517928 -0.4596314
27491.353000 1.3538125 -0.0112845 1.3239686 0.5441099 -0.5373343 0.4527962 -0.4584669
27491.453000 1.3535134 -0.0107756 1.3239904 0.5452494 -0.5360669 0.4518774 -0.4595021
27491.553000 1.3529347 -0.0108373 1.3240467 0.5453214 -0.5359087 0.4517994 -0.4596779
27491.653000 1.3529671 -0.0113225 1.3240380 0.5439373 -0.5373484 0.4529779 -0.4584757
27491.753000 1.3531470 -0.0108640 1.3240273 0.5452869 -0.5360381 0.4518118 -0.4595556
27491.853000 1.3530719 -0.0108363 1.3240336 0.5453689 -0.5359493 0.4517415 -0.4596311
27491.953000 1.3530080 -0.0112873 1.3240354 0.5440502 -0.5372552 0.4528751 -0.4585525
27492.053000 1.3527972 -0.0108197 1.3240632 0.5451733 -0.5359548 0.4519590 -0.4596429
27492.153000 1.3538250 -0.0108116 1.3239759 0.5454591 -0.5359445 0.4516427 -0.4596268
27492.253000 1.3538237 -0.0112920 1.3239694 0.5440905 -0.5373632 0.4528134 -0.4584390
27492.353000 1.3533427 -0.0123379 1.3239846 0.5407485 -0.5406439 0.4557060 -0.4556614
27492.453000 1.3533579 -0.0123391 1.3239823 0.5407377 -0.5406569 0.4557157 -0.4556490
27492.553000 1.3538095 -0.0124330 1.3239534 0.5408146 -0.5407346 0.4555895 -0.4555919
27492.653000 1.3534266 -0.0123313 1.3239757 0.5407825 -0.5406354 0.4556725 -0.4556646
27492.754000 1.3534330 -0.0123213 1.3239741 0.5408023 -0.5406199 0.4556565 -0.4556755
27492.853000 1.3538808 -0.0124152 1.3239454 0.5408805 -0.5406990 0.4555286 -0.4556167
27492.953000 1.3534949 -0.0123135 1.3239679 0.5408495 -0.5406009 0.4556104 -0.4556882
27493.053000 1.3539237 -0.0124032 1.3239404 0.5409259 -0.5406766 0.4554864 -0.4556315
27493.153000 1.3535365 -0.0123016 1.3239630 0.5408952 -0.5405788 0.4555678 -0.4557027
27493.253000 1.3535392 -0.0122916 1.3239617 0.5409157 -0.5405644 0.4555508 -0.4557124
27493.353000 1.3535588 -0.0122856 1.3239593 0.5409389 -0.5405534 0.4555292 -0.4557195
27493.453000 1.3539952 -0.0123773 1.3239313 0.5410169 -0.5406314 0.4554024 -0.4556610
27493.553000 1.3540384 -0.0123764 1.3239274 0.5410434 -0.5406258 0.4553747 -0.4556639
27493.653000 1.3540376 -0.0123704 1.3239270 0.5410619 -0.5406105 0.4553586 -0.4556763
27493.753000 1.3540620 -0.0123644 1.3239242 0.5410864 -0.5406011 0.4553354 -0.4556816
27493.853000 1.3540809 -0.0123584 1.3239219 0.5411096 -0.5405904 0.4553137 -0.4556884
27493.953000 1.3536688 -0.0122520 1.3239461 0.5410759 -0.5404879 0.4554006 -0.4557630
27494.053000 1.3541019 -0.0123434 1.3239184 0.5411534 -0.5405654 0.4552746 -0.4557051
27494.153000 1.3537101 -0.0122420 1.3239415 0.5411223 -0.5404672 0.4553564 -0.4557767
27494.253000 1.3537085 -0.0122320 1.3239406 0.5411424 -0.5404521 0.4553399 -0.4557871
27494.353000 1.3541490 -0.0123254 1.3239124 0.5412208 -0.5405312 0.4552120 -0.4557281
27494.453000 1.3541770 -0.0123225 1.3239097 0.5412448 -0.5405224 0.4551881 -0.4557340
27494.553000 1.3541916 -0.0123165 1.3239078 0.5412670 -0.5405107 0.4551676 -0.4557420
27494.653000 1.3542060 -0.0123104 1.3239059 0.5412891 -0.5404990 0.4551471 -0.4557500
27494.753000 1.3537991 -0.0122062 1.3239300 0.5412557 -0.5403975 0.4552329 -0.4558243
27494.853000 1.3542204 -0.0122953 1.3239031 0.5413313 -0.5404724 0.4551099 -0.4557686
27494.953000 1.3542471 -0.0122924 1.3239005 0.5413549 -0.5404632 0.4550864 -0.4557748
27495.053000 1.3542602 -0.0122864 1.3238987 0.5413767 -0.5404512 0.4550664 -0.4557833
27495.153000 1.3542730 -0.0122804 1.3238970 0.5413984 -0.5404390 0.4550464 -0.4557918
27495.253000 1.3634828 -0.0117324 1.3239446 0.5427310 -0.5388611 0.4539769 -0.4571397
27495.354000 1.3628769 -0.0117476 1.3240415 0.5426826 -0.5386234 0.4540528 -0.4574019
27495.453000 1.3625211 -0.0116463 1.3240616 0.5426501 -0.5385232 0.4541370 -0.4574748
27495.553000 1.3625384 -0.0116372 1.3240594 0.5426671 -0.5385055 0.4541239 -0.4574885
27495.653000 1.3629970 -0.0117288 1.3240304 0.5427441 -0.5385828 0.4539978 -0.4574313
27495.753000 1.3630325 -0.0117248 1.3240270 0.5427661 -0.5385717 0.4539765 -0.4574394
27495.853000 1.3626315 -0.0116220 1.3240501 0.5427313 -0.5384689 0.4540637 -0.4575152
27495.953000 1.3626422 -0.0116130 1.3240483 0.5427515 -0.5384542 0.4540466 -0.4575254
27496.053000 1.3630826 -0.0117018 1.3240205 0.5428288 -0.5385314 0.4539212 -0.4574673
27496.153000 1.3623381 -0.0125118 1.3240614 -0.5399930 0.5411496 -0.4564040 0.4552583
27496.253000 1.3626521 -0.0135887 1.3240399 -0.5373110 0.5439897 -0.4585682 0.4528657
27496.353000 1.3621064 -0.0143988 1.3240646 -0.5345590 0.5465538 -0.4609085 0.4506539
27496.453000 1.3627957 -0.0153699 1.3239937 -0.5318533 0.5493803 -0.4630843 0.4481812
27496.553000 1.3628287 -0.0153824 1.3239896 -0.5318204 0.5494205 -0.4631108 0.4481435
27496.653000 1.3628593 -0.0153771 1.3239865 -0.5318390 0.5494052 -0.4630953 0.4481561
27496.753000 1.3633091 -0.0154858 1.3239574 -0.5319133 0.5494829 -0.4629698 0.4481024
27496.853000 1.3629307 -0.0153716 1.3239795 -0.5318818 0.5493823 -0.4630553 0.4481749
27496.953000 1.3633596 -0.0154754 1.3239517 -0.5319554 0.5494579 -0.4629322 0.4481219
27497.053000 1.3633959 -0.0154737 1.3239482 -0.5319791 0.5494491 -0.4629089 0.4481286
27497.153000 1.3630004 -0.0153559 1.3239714 -0.5319475 0.5493474 -0.4629957 0.4482012
27497.253000 1.3630043 -0.0153459 1.3239699 -0.5319679 0.5493327 -0.4629794 0.4482117
27497.353000 1.3617691 -0.0162287 1.3240666 -0.5290825 0.5518508 -0.4653812 0.4460413
27497.453000 1.3617987 -0.0162529 1.3240632 -0.5290127 0.5519200 -0.4654380 0.4459792
27497.553000 1.3622448 -0.0163650 1.3240346 -0.5290849 0.5519963 -0.4653147 0.4459276
27497.653000 1.3622891 -0.0163652 1.3240306 -0.5291069 0.5519868 -0.4652931 0.4459358
27497.753000 1.3623143 -0.0163603 1.3240278 -0.5291279 0.5519742 -0.4652745 0.4459459
27497.853000 1.3623380 -0.0163554 1.3240250 -0.5291494 0.5519624 -0.4652553 0.4459551
27497.953000 1.3623604 -0.0163505 1.3240224 -0.5291713 0.5519512 -0.4652354 0.4459637
27498.053000 1.3623816 -0.0163455 1.3240198 -0.5291937 0.5519403 -0.4652151 0.4459719
27498.153000 1.3628239 -0.0173432 1.3239766 -0.5263989 0.5546966 -0.4674194 0.4435481
27498.253000 1.3627171 -0.0182508 1.3239696 -0.5236739 0.5573068 -0.4695932 0.4411995
27498.353000 1.3614805 -0.0200205 1.3240402 -0.5180035 0.5624078 -0.4740879 0.4365895
27498.453000 1.3612877 -0.0209359 1.3240390 -0.5151839 0.5649933 -0.4762659 0.4342107
27498.554000 1.3613428 -0.0217925 1.3240115 -0.5123233 0.5675535 -0.4784881 0.4318066
27498.653000 1.3604128 -0.0226374 1.3240693 -0.5093796 0.5700476 -0.4807505 0.4294847
27498.753000 1.3605580 -0.0236730 1.3240462 -0.5065870 0.5726725 -0.4827822 0.4270096
27498.853000 1.3601963 -0.0235450 1.3240641 -0.5065045 0.5726483 -0.4829085 0.4269970
27498.953000 1.3602109 -0.0235402 1.3240617 -0.5065186 0.5726338 -0.4829000 0.4270094
27499.053000 1.3602355 -0.0235399 1.3240587 -0.5065353 0.5726236 -0.4828863 0.4270189
27499.153000 1.3608090 -0.0245411 1.3239922 -0.5037925 0.5752285 -0.4848582 0.4245207
27499.253000 1.3612380 -0.0247333 1.3239627 -0.5037423 0.5754129 -0.4848208 0.4243731
27499.353000 1.3612762 -0.0247388 1.3239588 -0.5037592 0.5754054 -0.4848052 0.4243809
27499.453000 1.3608871 -0.0245824 1.3239821 -0.5037254 0.5753015 -0.4849039 0.4244493
27499.553000 1.3609000 -0.0245795 1.3239798 -0.5037415 0.5752916 -0.4848913 0.4244578
27499.654000 1.3596686 -0.0253121 1.3240695 -0.5008220 0.5776035 -0.4871094 0.4222273
27499.753000 1.3603045 -0.0263543 1.3239917 -0.4980143 0.5802397 -0.4890794 0.4196486
27499.853000 1.3597477 -0.0281091 1.3239967 -0.4923219 0.5850439 -0.4931600 0.4148927
27499.953000 1.3594647 -0.0290214 1.3239949 -0.4893310 0.5875629 -0.4952708 0.4123491
27500.053000 1.3582950 -0.0297643 1.3240689 -0.4862272 0.5899471 -0.4975101 0.4099137
27500.153000 1.3592690 -0.0310300 1.3239654 -0.4833697 0.5926293 -0.4993244 0.4072093
27500.253000 1.3579736 -0.0325813 1.3240132 -0.4774033 0.5972258 -0.5034839 0.4023820
27500.353000 1.3577380 -0.0326182 1.3240422 -0.4772817 0.5973426 -0.5035474 0.4022735
27500.454000 1.3574058 -0.0324467 1.3240622 -0.4772501 0.5972483 -0.5036465 0.4023270
27500.553000 1.3574154 -0.0324494 1.3240599 -0.4772585 0.5972411 -0.5036422 0.4023332
27500.654000 1.3574351 -0.0324577 1.3240570 -0.4772692 0.5972381 -0.5036327 0.4023367
27500.753000 1.3574531 -0.0324656 1.3240542 -0.4772807 0.5972362 -0.5036221 0.4023392
27500.853000 1.3574695 -0.0324732 1.3240515 -0.4772928 0.5972349 -0.5036106 0.4023412
27500.953000 1.3574847 -0.0324805 1.3240489 -0.4773053 0.5972341 -0.5035985 0.4023426
27501.053000 1.3570997 -0.0344966 1.3240408 -0.4714336 0.6019837 -0.5073862 0.3973981
27501.153000 1.3575772 -0.0344212 1.3239898 -0.4712862 0.6021584 -0.5075362 0.3971167
27501.253000 1.3575867 -0.0344161 1.3239876 -0.4712938 0.6021482 -0.5075370 0.3971221
27501.354000 1.3575967 -0.0354515 1.3239668 -0.4683954 0.6045298 -0.5093549 0.3945975
27501.453000 1.3572442 -0.0352943 1.3239878 -0.4682727 0.6045052 -0.5095158 0.3945729
27501.553000 1.3572510 -0.0352969 1.3239857 -0.4682790 0.6044976 -0.5095143 0.3945790
27501.654000 1.3576567 -0.0355096 1.3239568 -0.4683325 0.6045918 -0.5093917 0.3945296
27501.753000 1.3573011 -0.0353235 1.3239791 -0.4682997 0.6044972 -0.5094933 0.3945823
27501.853000 1.3567635 -0.0360490 1.3239962 -0.4653031 0.6067233 -0.5114888 0.3921213
27501.953000 1.3572323 -0.0363531 1.3239655 -0.4652801 0.6069333 -0.5113775 0.3919687
27502.053000 1.3572766 -0.0363746 1.3239608 -0.4652899 0.6069339 -0.5113669 0.3919700
27502.153000 1.3572978 -0.0363858 1.3239577 -0.4652981 0.6069311 -0.5113601 0.3919733
27502.253000 1.3569368 -0.0361924 1.3239805 -0.4652641 0.6068340 -0.5114654 0.3920268
27502.353000 1.3573223 -0.0364005 1.3239527 -0.4653158 0.6069262 -0.5113458 0.3919785
27502.453000 1.3573502 -0.0364168 1.3239492 -0.4653276 0.6069295 -0.5113319 0.3919776
27502.553000 1.3573649 -0.0364264 1.3239465 -0.4653385 0.6069303 -0.5113209 0.3919779
27502.653000 1.3569909 -0.0362276 1.3239702 -0.4653055 0.6068338 -0.5114254 0.3920301
27502.754000 1.3570869 -0.0372723 1.3239506 -0.4623182 0.6092370 -0.5132584 0.3894328
27502.853000 1.3556490 -0.0367666 1.3240656 -0.4621607 0.6089975 -0.5135533 0.3896056
27502.953000 1.3556629 -0.0367725 1.3240629 -0.4621665 0.6089910 -0.5135521 0.3896105
27503.054000 1.3556843 -0.0367844 1.3240599 -0.4621742 0.6089888 -0.5135456 0.3896133
27503.153000 1.3557032 -0.0367958 1.3240570 -0.4621830 0.6089877 -0.5135375 0.3896152
27503.253000 1.3552618 -0.0375827 1.3240684 -0.4591934 0.6112279 -0.5154469 0.3871129
27503.353000 1.3556634 -0.0378373 1.3240385 -0.4591528 0.6113960 -0.5153814 0.3869828
27503.453000 1.3556937 -0.0378544 1.3240348 -0.4591606 0.6113954 -0.5153737 0.3869848
27503.553000 1.3553339 -0.0376527 1.3240575 -0.4591258 0.6112970 -0.5154819 0.3870373
27503.653000 1.3553403 -0.0376578 1.3240555 -0.4591332 0.6112940 -0.5154769 0.3870399
27503.753000 1.3557326 -0.0378806 1.3240273 -0.4591848 0.6113909 -0.5153534 0.3869902
27503.853000 1.3549019 -0.0384260 1.3240682 -0.4561930 0.6134703 -0.5173358 0.3845853
27503.953000 1.3552743 -0.0386888 1.3240391 -0.4560886 0.6136837 -0.5173118 0.3844009
27504.053000 1.3549316 -0.0384914 1.3240608 -0.4560539 0.6135870 -0.5174189 0.3844521
27504.153000 1.3549402 -0.0384974 1.3240586 -0.4560600 0.6135831 -0.5174158 0.3844554
27504.253000 1.3544943 -0.0392809 1.3240683 -0.4530585 0.6157898 -0.5192917 0.3819386
27504.353000 1.3548829 -0.0395396 1.3240390 -0.4530141 0.6159556 -0.5192284 0.3818100
27504.453000 1.3545456 -0.0393412 1.3240605 -0.4529800 0.6158602 -0.5193347 0.3818596
27504.553000 1.3549329 -0.0395710 1.3240324 -0.4530279 0.6159553 -0.5192148 0.3818124
27504.653000 1.3545835 -0.0393670 1.3240547 -0.4529948 0.6158606 -0.5193203 0.3818612
27504.753000 1.3545886 -0.0393723 1.3240527 -0.4530019 0.6158591 -0.5193150 0.3818623
27504.853000 1.3553212 -0.0406465 1.3239655 -0.4500558 0.6183090 -0.5209573 0.3791401
27504.953000 1.3549714 -0.0404658 1.3239875 -0.4499276 0.6182791 -0.5211246 0.3791112
27505.053000 1.3553586 -0.0407002 1.3239590 -0.4499738 0.6183736 -0.5210061 0.3790651
27505.153000 1.3553897 -0.0407205 1.3239552 -0.4499818 0.6183769 -0.5209959 0.3790642
27505.253000 1.3554076 -0.0407335 1.3239524 -0.4499892 0.6183782 -0.5209881 0.3790639
27505.353000 1.3540750 -0.0411907 1.3240424 -0.4469503 0.6203654 -0.5229482 0.3767059
27505.453000 1.3540902 -0.0412392 1.3240381 -0.4468342 0.6204582 -0.5230154 0.3765975
27505.553000 1.3541131 -0.0412541 1.3240350 -0.4468391 0.6204571 -0.5230115 0.3765990
27505.653000 1.3532855 -0.0418033 1.3240685 -0.4437680 0.6225163 -0.5249637 0.3741077
27505.753000 1.3532930 -0.0418376 1.3240647 -0.4436817 0.6225856 -0.5250138 0.3740244
27505.853000 1.3533163 -0.0418530 1.3240616 -0.4436860 0.6225849 -0.5250103 0.3740254
27505.953000 1.3537018 -0.0420976 1.3240332 -0.4437312 0.6226827 -0.5248896 0.3739783
27506.054000 1.3537358 -0.0421212 1.3240293 -0.4437388 0.6226887 -0.5248781 0.3739755
27506.153000 1.3532673 -0.0427725 1.3240385 -0.4406881 0.6247267 -0.5267893 0.3714883
27506.254000 1.3532258 -0.0428976 1.3240403 -0.4406011 0.6248943 -0.5267628 0.3713473
27506.354000 1.3528999 -0.0426877 1.3240617 -0.4405664 0.6247994 -0.5268720 0.3713932
27506.453000 1.3529105 -0.0426957 1.3240594 -0.4405695 0.6247972 -0.5268711 0.3713944
27506.553000 1.3534737 -0.0439608 1.3239849 -0.4375745 0.6271224 -0.5284922 0.3687032
27506.653000 1.3532816 -0.0438290 1.3239888 -0.4374675 0.6271593 -0.5286032 0.3686083
27506.753000 1.3536550 -0.0440749 1.3239608 -0.4375082 0.6272532 -0.5284889 0.3685641
27506.853000 1.3536886 -0.0440981 1.3239569 -0.4375133 0.6272575 -0.5284810 0.3685621
27506.953000 1.3520202 -0.0442784 1.3240662 -0.4344477 0.6290679 -0.5304707 0.3662370
27507.053000 1.3523634 -0.0445610 1.3240389 -0.4343319 0.6292669 -0.5304498 0.3660627
27507.153000 1.3524060 -0.0445901 1.3240345 -0.4343367 0.6292730 -0.5304408 0.3660597
27507.253000 1.3520671 -0.0443631 1.3240571 -0.4343015 0.6291769 -0.5305531 0.3661039
27507.353000 1.3524403 -0.0446161 1.3240292 -0.4343439 0.6292768 -0.5304325 0.3660566
27507.453000 1.3527441 -0.0456980 1.3239649 -0.4313041 0.6315361 -0.5320940 0.3633386
27507.553000 1.3527599 -0.0457398 1.3239614 -0.4312113 0.6316015 -0.5321470 0.3632574
27507.653000 1.3527844 -0.0457566 1.3239583 -0.4312136 0.6316028 -0.5321443 0.3632563
27507.753000 1.3524520 -0.0455289 1.3239810 -0.4311788 0.6315080 -0.5322558 0.3632990
27507.853000 1.3524579 -0.0455343 1.3239792 -0.4311812 0.6315079 -0.5322548 0.3632980
27507.953000 1.3522610 -0.0465082 1.3239677 -0.4281354 0.6336756 -0.5339147 0.3606806
27508.053000 1.3522928 -0.0465578 1.3239623 -0.4280512 0.6337471 -0.5339549 0.3605954
27508.153000 1.3523183 -0.0465764 1.3239592 -0.4280484 0.6337512 -0.5339555 0.3605905
27508.254000 1.3519154 -0.0473765 1.3239556 -0.4249696 0.6358252 -0.5356955 0.3579909
27508.353000 1.3514717 -0.0471016 1.3239894 -0.4249081 0.6357356 -0.5358293 0.3580227
27508.453000 1.3518352 -0.0473601 1.3239617 -0.4249442 0.6358304 -0.5357170 0.3579796
27508.553000 1.3515147 -0.0471559 1.3239831 -0.4248370 0.6357880 -0.5358672 0.3579575
27508.653000 1.3518764 -0.0474159 1.3239554 -0.4248733 0.6358880 -0.5357511 0.3579105
27508.753000 1.3512136 -0.0480135 1.3239750 -0.4218351 0.6378232 -0.5375152 0.3554071
27508.853000 1.3505106 -0.0478136 1.3240406 -0.4216606 0.6378297 -0.5376616 0.3553810
27508.953000 1.3501977 -0.0475807 1.3240622 -0.4216250 0.6377339 -0.5377763 0.3554215
27509.053000 1.3502133 -0.0475904 1.3240600 -0.4216249 0.6377337 -0.5377775 0.3554203
27509.153000 1.3508409 -0.0489586 1.3239662 -0.4185910 0.6400280 -0.5392559 0.3526312
27509.253000 1.3508692 -0.0490106 1.3239617 -0.4184931 0.6400993 -0.5393057 0.3525419
27509.353000 1.3505528 -0.0487710 1.3239842 -0.4184576 0.6400033 -0.5394209 0.3525820
27509.453000 1.3501480 -0.0496032 1.3239805 -0.4153124 0.6420301 -0.5411278 0.3499909
27509.553000 1.3503519 -0.0497994 1.3239640 -0.4152839 0.6421818 -0.5410667 0.3498410
27509.653000 1.3504045 -0.0498076 1.3239600 -0.4153596 0.6421383 -0.5410217 0.3499006
27509.753000 1.3504205 -0.0498442 1.3239569 -0.4152843 0.6421908 -0.5410605 0.3498334
27509.853000 1.3504463 -0.0498611 1.3239540 -0.4152859 0.6421955 -0.5410563 0.3498294
27509.954000 1.3486767 -0.0499264 1.3240707 -0.4120181 0.6439548 -0.5430557 0.3473524
27510.053000 1.3487097 -0.0499434 1.3240651 -0.4120101 0.6439827 -0.5430513 0.3473173
27510.154000 1.3490864 -0.0502322 1.3240362 -0.4120437 0.6440866 -0.5429320 0.3472712
27510.253000 1.3487795 -0.0499878 1.3240582 -0.4120119 0.6439914 -0.5430440 0.3473105
27510.353000 1.3485425 -0.0509525 1.3240420 -0.4089452 0.6460524 -0.5445971 0.3446653
27510.453000 1.3482305 -0.0507434 1.3240631 -0.4087820 0.6460409 -0.5447795 0.3445922
27510.553000 1.3485941 -0.0510258 1.3240350 -0.4088184 0.6461400 -0.5446605 0.3445512
27510.653000 1.3482893 -0.0507787 1.3240571 -0.4087834 0.6460477 -0.5447742 0.3445861
27510.753000 1.3483058 -0.0507864 1.3240550 -0.4087862 0.6460486 -0.5447719 0.3445848
27510.853000 1.3480209 -0.0517308 1.3240432 -0.4057077 0.6480855 -0.5463173 0.3419413
27510.953000 1.3480510 -0.0517926 1.3240382 -0.4055808 0.6481765 -0.5463771 0.3418238
27511.053000 1.3477307 -0.0515598 1.3240606 -0.4054531 0.6481374 -0.5465437 0.3417831
27511.153000 1.3480982 -0.0518172 1.3240331 -0.4055797 0.6481791 -0.5463778 0.3418191
27511.254000 1.3477876 -0.0515939 1.3240548 -0.4054550 0.6481468 -0.5465362 0.3417750
27511.353000 1.3481517 -0.0518497 1.3240275 -0.4055828 0.6481906 -0.5463679 0.3418095
27511.453000 1.3471423 -0.0522641 1.3240711 -0.4022975 0.6500688 -0.5482161 0.3391554
27511.553000 1.3475060 -0.0525513 1.3240402 -0.4023356 0.6501895 -0.5480841 0.3390922
27511.653000 1.3475552 -0.0525842 1.3240357 -0.4023352 0.6501977 -0.5480783 0.3390862
27511.753000 1.3472516 -0.0523243 1.3240583 -0.4023040 0.6501001 -0.5481933 0.3391245
27511.853000 1.3476001 -0.0526070 1.3240309 -0.4023360 0.6502021 -0.5480759 0.3390807
27511.953000 1.3473067 -0.0523568 1.3240526 -0.4023075 0.6501107 -0.5481835 0.3391158
27512.053000 1.3477651 -0.0537194 1.3239659 -0.3992000 0.6522999 -0.5495924 0.3362922
27512.153000 1.3477956 -0.0537688 1.3239616 -0.3991090 0.6523617 -0.5496353 0.3362100
27512.253000 1.3474982 -0.0535106 1.3239840 -0.3990704 0.6522687 -0.5497546 0.3362414
27512.353000 1.3475153 -0.0535146 1.3239821 -0.3990767 0.6522647 -0.5497525 0.3362450
27512.454000 1.3478733 -0.0538123 1.3239534 -0.3991059 0.6523737 -0.5496315 0.3361967
27512.553000 1.3470566 -0.0542939 1.3239757 -0.3959184 0.6542035 -0.5513602 0.3335689
27512.653000 1.3461108 -0.0538079 1.3240659 -0.3957847 0.6540797 -0.5515628 0.3336355
27512.753000 1.3464694 -0.0541074 1.3240375 -0.3958157 0.6541814 -0.5514449 0.3335942
27512.853000 1.3461855 -0.0538524 1.3240589 -0.3957874 0.6540868 -0.5515555 0.3336304
27512.953000 1.3465290 -0.0541410 1.3240315 -0.3958190 0.6541884 -0.5514376 0.3335887
27513.053000 1.3462416 -0.0538842 1.3240532 -0.3957921 0.6540962 -0.5515453 0.3336234
27513.153000 1.3466754 -0.0552614 1.3239660 -0.3926624 0.6562558 -0.5529253 0.3307842
27513.253000 1.3467164 -0.0552948 1.3239616 -0.3926392 0.6562761 -0.5529327 0.3307590
27513.353000 1.3464063 -0.0550407 1.3239846 -0.3925307 0.6562227 -0.5530901 0.3307308
27513.453000 1.3467553 -0.0553367 1.3239563 -0.3925692 0.6563217 -0.5529665 0.3306951
27513.553000 1.3468051 -0.0553442 1.3239526 -0.3926455 0.6562859 -0.5529208 0.3307519
27513.653000 1.3464962 -0.0550931 1.3239755 -0.3925395 0.6562381 -0.5530716 0.3307205
27513.753000 1.3450137 -0.0553045 1.3240671 -0.3892595 0.6579828 -0.5548543 0.3281347
27513.853000 1.3453647 -0.0556206 1.3240382 -0.3892560 0.6581062 -0.5547517 0.3280648
27513.953000 1.3454062 -0.0556464 1.3240343 -0.3892605 0.6581102 -0.5547445 0.3280638
27514.054000 1.3454189 -0.0556847 1.3240314 -0.3891662 0.6581708 -0.5547883 0.3279800
27514.153000 1.3451398 -0.0553883 1.3240541 -0.3892325 0.6580184 -0.5548548 0.3280944
27514.253000 1.3449371 -0.0564015 1.3240269 -0.3860998 0.6599831 -0.5563033 0.3253857
27514.353000 1.3447935 -0.0563682 1.3240394 -0.3859592 0.6600481 -0.5563828 0.3252849
27514.453000 1.3445067 -0.0560922 1.3240618 -0.3859312 0.6599468 -0.5565003 0.3253225
27514.553000 1.3445102 -0.0561217 1.3240595 -0.3858353 0.6600029 -0.5565483 0.3252404
27514.653000 1.3445547 -0.0561155 1.3240566 -0.3859338 0.6599507 -0.5564962 0.3253185
27514.753000 1.3448950 -0.0564170 1.3240288 -0.3859699 0.6600532 -0.5563715 0.3252811
27514.853000 1.3449958 -0.0575450 1.3239649 -0.3827789 0.6620738 -0.5578189 0.3224541
27514.953000 1.3447114 -0.0572761 1.3239870 -0.3827221 0.6619910 -0.5579498 0.3224650
27515.053000 1.3447159 -0.0572981 1.3239849 -0.3826456 0.6620332 -0.5579896 0.3224003
27515.153000 1.3447455 -0.0573127 1.3239819 -0.3826536 0.6620334 -0.5579825 0.3224028
27515.253000 1.3451020 -0.0576072 1.3239533 -0.3827611 0.6620963 -0.5578208 0.3224258
27515.353000 1.3440921 -0.0579731 1.3239931 -0.3794654 0.6638488 -0.5595365 0.3197338
27515.453000 1.3444122 -0.0583185 1.3239632 -0.3793562 0.6640389 -0.5594787 0.3195698
27515.553000 1.3441466 -0.0580498 1.3239845 -0.3793346 0.6639408 -0.5595881 0.3196075
27515.653000 1.3444862 -0.0583333 1.3239570 -0.3794395 0.6639975 -0.5594345 0.3196342
27515.753000 1.3427638 -0.0582538 1.3240662 -0.3760881 0.6656028 -0.5612711 0.3170257
27515.853000 1.3427707 -0.0582836 1.3240637 -0.3759914 0.6656554 -0.5613199 0.3169436
27515.953000 1.3427840 -0.0583215 1.3240606 -0.3758958 0.6657123 -0.5613634 0.3168604
27516.053000 1.3431403 -0.0586179 1.3240322 -0.3760259 0.6657618 -0.5611921 0.3169056
27516.153000 1.3428664 -0.0583386 1.3240541 -0.3760029 0.6656666 -0.5613015 0.3169390
27516.253000 1.3424578 -0.0592525 1.3240453 -0.3728085 0.6675405 -0.5627335 0.3142204
27516.353000 1.3421795 -0.0590099 1.3240642 -0.3726547 0.6675323 -0.5628963 0.3141288
27516.453000 1.3422018 -0.0590165 1.3240619 -0.3726581 0.6675286 -0.5628968 0.3141314
27516.553000 1.3425181 -0.0593560 1.3240336 -0.3725919 0.6676863 -0.5628195 0.3140136
27516.653000 1.3415709 -0.0597191 1.3240658 -0.3693157 0.6693849 -0.5644584 0.3113143
27516.754000 1.3419014 -0.0600392 1.3240375 -0.3693422 0.6694865 -0.5643406 0.3112778
27516.853000 1.3416336 -0.0597523 1.3240595 -0.3693189 0.6693875 -0.5644544 0.3113121
27516.953000 1.3416346 -0.0597788 1.3240573 -0.3692229 0.6694418 -0.5644987 0.3112287
27517.053000 1.3416788 -0.0597715 1.3240545 -0.3693248 0.6693920 -0.5644468 0.3113091
27517.153000 1.3417075 -0.0608704 1.3239956 -0.3661556 0.6712646 -0.5658093 0.3085349
27517.254000 1.3420184 -0.0612419 1.3239636 -0.3660081 0.6714883 -0.5657543 0.3083238
27517.353000 1.3417681 -0.0609375 1.3239857 -0.3660568 0.6713490 -0.5658364 0.3084186
27517.453000 1.3420784 -0.0612744 1.3239574 -0.3660098 0.6714933 -0.5657496 0.3083197
27517.554000 1.3414047 -0.0619350 1.3239654 -0.3627379 0.6732613 -0.5672454 0.3055702
27517.653000 1.3414214 -0.0619730 1.3239617 -0.3626456 0.6733142 -0.5672856 0.3054885
27517.753000 1.3411701 -0.0616618 1.3239842 -0.3626950 0.6731746 -0.5673688 0.3055831
27517.853000 1.3411720 -0.0616801 1.3239822 -0.3626192 0.6732151 -0.5674043 0.3055176
27517.953000 1.3414980 -0.0620069 1.3239536 -0.3626565 0.6733178 -0.5672746 0.3054880
27518.053000 1.3406542 -0.0624070 1.3239755 -0.3594635 0.6749239 -0.5688136 0.3028445
27518.153000 1.3397251 -0.0618523 1.3240660 -0.3591337 0.6748989 -0.5691125 0.3027298
27518.253000 1.3397755 -0.0618481 1.3240628 -0.3592351 0.6748463 -0.5690665 0.3028133
27518.353000 1.3400977 -0.0621773 1.3240346 -0.3592673 0.6749479 -0.5689417 0.3027831
27518.453000 1.3398239 -0.0619076 1.3240561 -0.3591454 0.6749063 -0.5690970 0.3027287
27518.553000 1.3401512 -0.0622045 1.3240289 -0.3592749 0.6749556 -0.5689298 0.3027796
27518.653000 1.3401500 -0.0633178 1.3239697 -0.3560930 0.6767718 -0.5702412 0.3000043
27518.753000 1.3398827 -0.0630502 1.3239884 -0.3559436 0.6767659 -0.5703987 0.2998957
27518.853000 1.3401791 -0.0633893 1.3239605 -0.3558937 0.6769051 -0.5703148 0.2998001
27518.953000 1.3399233 -0.0630893 1.3239827 -0.3558766 0.6768043 -0.5704267 0.2998350
27519.053000 1.3395060 -0.0640368 1.3239663 -0.3526019 0.6786207 -0.5717671 0.2970324
27519.153000 1.3395441 -0.0640700 1.3239618 -0.3525803 0.6786390 -0.5717712 0.2970082
27519.253000 1.3395598 -0.0641016 1.3239587 -0.3525050 0.6786807 -0.5718025 0.2969424
27519.353000 1.3395891 -0.0641148 1.3239557 -0.3525144 0.6786802 -0.5717950 0.2969466
27519.453000 1.3393468 -0.0637960 1.3239781 -0.3525678 0.6785449 -0.5718749 0.2970385
27519.553000 1.3396313 -0.0641310 1.3239509 -0.3525190 0.6786872 -0.5717866 0.2969413
27519.653000 1.3388794 -0.0647434 1.3239644 -0.3492033 0.6803820 -0.5732405 0.2941645
27519.753000 1.3388934 -0.0647806 1.3239611 -0.3491095 0.6804314 -0.5732805 0.2940835
27519.853000 1.3389373 -0.0647809 1.3239580 -0.3491877 0.6803943 -0.5732445 0.2941468
27519.953000 1.3389502 -0.0648108 1.3239550 -0.3491130 0.6804374 -0.5732731 0.2940798
27520.053000 1.3379701 -0.0650809 1.3239899 -0.3458837 0.6819614 -0.5747771 0.2914179
27520.153000 1.3382321 -0.0654567 1.3239619 -0.3456969 0.6821679 -0.5747498 0.2912099
27520.253000 1.3379920 -0.0651557 1.3239835 -0.3456818 0.6820681 -0.5748606 0.2912431
27520.354000 1.3376645 -0.0661504 1.3239554 -0.3424642 0.6838049 -0.5761155 0.2884789
27520.453000 1.3375711 -0.0661163 1.3239638 -0.3423588 0.6838520 -0.5761631 0.2883972
27520.553000 1.3375872 -0.0661486 1.3239606 -0.3422827 0.6838913 -0.5761946 0.2883314
27520.653000 1.3376170 -0.0661631 1.3239575 -0.3422917 0.6838901 -0.5761883 0.2883362
27520.753000 1.3373795 -0.0658309 1.3239803 -0.3423462 0.6837530 -0.5762729 0.2884277
27520.853000 1.3376600 -0.0661811 1.3239525 -0.3422955 0.6838961 -0.5761812 0.2883316
27520.953000 1.3374179 -0.0658742 1.3239745 -0.3422824 0.6837998 -0.5762879 0.2883623
27521.053000 1.3377231 -0.0661891 1.3239471 -0.3423866 0.6838660 -0.5761307 0.2883959
27521.153000 1.3366407 -0.0664179 1.3239920 -0.3390454 0.6853800 -0.5776680 0.2856608
27521.253000 1.3369128 -0.0667866 1.3239630 -0.3389357 0.6855518 -0.5776011 0.2855139
27521.353000 1.3366626 -0.0664977 1.3239846 -0.3388361 0.6854933 -0.5777485 0.2854746
27521.453000 1.3369554 -0.0668326 1.3239569 -0.3388685 0.6855914 -0.5776243 0.2854518
27521.553000 1.3370044 -0.0668425 1.3239532 -0.3389487 0.6855611 -0.5775829 0.2855132
27521.654000 1.3370135 -0.0668710 1.3239504 -0.3388739 0.6856049 -0.5776086 0.2854446
27521.753000 1.3362397 -0.0674254 1.3239657 -0.3356018 0.6871897 -0.5789801 0.2827080
27521.853000 1.3359673 -0.0671460 1.3239874 -0.3354008 0.6871785 -0.5791716 0.2825812
27521.953000 1.3359861 -0.0671479 1.3239853 -0.3354083 0.6871726 -0.5791714 0.2825872
27522.053000 1.3362998 -0.0674862 1.3239566 -0.3355108 0.6872413 -0.5790133 0.2826225
27522.153000 1.3355700 -0.0680894 1.3239646 -0.3321640 0.6888609 -0.5803833 0.2798087
27522.253000 1.3355647 -0.0681430 1.3239612 -0.3319839 0.6889491 -0.5804559 0.2796548
27522.353000 1.3353221 -0.0678153 1.3239841 -0.3319690 0.6888439 -0.5805738 0.2796868
27522.453000 1.3353573 -0.0678095 1.3239817 -0.3320475 0.6888084 -0.5805405 0.2797502
27522.553000 1.3345975 -0.0683939 1.3239918 -0.3286445 0.6904282 -0.5819216 0.2768917
27522.653000 1.3346027 -0.0684385 1.3239882 -0.3285162 0.6904918 -0.5819715 0.2767803
27522.753000 1.3349109 -0.0687844 1.3239593 -0.3286171 0.6905602 -0.5818157 0.2768176
27522.853000 1.3346611 -0.0684798 1.3239816 -0.3285184 0.6905001 -0.5819627 0.2767754
27522.953000 1.3346810 -0.0684864 1.3239793 -0.3285274 0.6904994 -0.5819566 0.2767794
27523.053000 1.3347191 -0.0684862 1.3239765 -0.3286074 0.6904684 -0.5819188 0.2768413
27523.153000 1.3331904 -0.0684598 1.3240721 -0.3250762 0.6919157 -0.5835031 0.2740478
27523.253000 1.3332282 -0.0684890 1.3240652 -0.3250565 0.6919568 -0.5834908 0.2739937
27523.353000 1.3332570 -0.0685069 1.3240621 -0.3250609 0.6919564 -0.5834880 0.2739955
27523.453000 1.3332627 -0.0685427 1.3240591 -0.3249612 0.6920070 -0.5835243 0.2739085
27523.553000 1.3333077 -0.0685394 1.3240562 -0.3250669 0.6919628 -0.5834780 0.2739934
27523.653000 1.3333313 -0.0685535 1.3240534 -0.3250730 0.6919665 -0.5834702 0.2739934
27523.753000 1.3333329 -0.0685859 1.3240508 -0.3249747 0.6920202 -0.5835029 0.2739048
27523.854000 1.3333744 -0.0685799 1.3240482 -0.3250815 0.6919782 -0.5834540 0.2739884
27523.953000 1.3332221 -0.0696593 1.3239927 -0.3217762 0.6936523 -0.5846436 0.2711061
27524.053000 1.3334912 -0.0700487 1.3239629 -0.3216951 0.6938091 -0.5845569 0.2709881
27524.153000 1.3335105 -0.0700921 1.3239590 -0.3216183 0.6938504 -0.5845816 0.2709200
27524.253000 1.3335371 -0.0701077 1.3239560 -0.3216273 0.6938504 -0.5845746 0.2709242
27524.354000 1.3335762 -0.0701094 1.3239531 -0.3217071 0.6938192 -0.5845387 0.2709871
27524.453000 1.3321488 -0.0701540 1.3240375 -0.3181515 0.6952510 -0.5860795 0.2681724
27524.553000 1.3320782 -0.0712781 1.3239655 -0.3148406 0.6969467 -0.5871980 0.2652154
27524.653000 1.3304552 -0.0709381 1.3240668 -0.3112903 0.6982592 -0.5887998 0.2623875
27524.753000 1.3304472 -0.0709684 1.3240642 -0.3111565 0.6983180 -0.5888522 0.2622721
27524.854000 1.3304522 -0.0710051 1.3240611 -0.3110556 0.6983654 -0.5888881 0.2621850
27524.953000 1.3307431 -0.0713562 1.3240329 -0.3111821 0.6984248 -0.5887226 0.2622483
27525.054000 1.3305285 -0.0710308 1.3240545 -0.3111689 0.6983285 -0.5888335 0.2622715
27525.153000 1.3305210 -0.0710525 1.3240526 -0.3110689 0.6983764 -0.5888687 0.2621834
27525.253000 1.3305627 -0.0710484 1.3240499 -0.3111768 0.6983360 -0.5888218 0.2622685
27525.354000 1.3303715 -0.0721345 1.3239940 -0.3077981 0.6999597 -0.5899696 0.2593309
27525.453000 1.3298907 -0.0731134 1.3239656 -0.3042675 0.7016254 -0.5911430 0.2563066
27525.553000 1.3299053 -0.0731616 1.3239614 -0.3041723 0.7016717 -0.5911733 0.2562230
27525.653000 1.3297077 -0.0728102 1.3239838 -0.3042330 0.7015371 -0.5912641 0.2563098
27525.753000 1.3297042 -0.0728262 1.3239819 -0.3041547 0.7015711 -0.5912935 0.2562420
27525.854000 1.3297272 -0.0728409 1.3239790 -0.3041645 0.7015728 -0.5912848 0.2562458
27525.953000 1.3300045 -0.0732031 1.3239505 -0.3042645 0.7016485 -0.5911257 0.2562868
27526.053000 1.3297764 -0.0728849 1.3239726 -0.3041698 0.7015898 -0.5912653 0.2562379
27526.153000 1.3300273 -0.0732424 1.3239452 -0.3041986 0.7016930 -0.5911360 0.2562193
27526.253000 1.3300689 -0.0732531 1.3239419 -0.3042810 0.7016695 -0.5910947 0.2562812
27526.354000 1.3282706 -0.0727388 1.3240667 -0.3006455 0.7029083 -0.5927184 0.2534109
27526.453000 1.3285263 -0.0731095 1.3240387 -0.3006639 0.7030104 -0.5925981 0.2533873
27526.554000 1.3283240 -0.0727800 1.3240601 -0.3006508 0.7029113 -0.5927127 0.2534098
27526.653000 1.3285573 -0.0731697 1.3240322 -0.3005676 0.7030607 -0.5926246 0.2533001
27526.754000 1.3283681 -0.0728129 1.3240543 -0.3006570 0.7029187 -0.5927017 0.2534076
27526.853000 1.3277681 -0.0736526 1.3240451 -0.2972056 0.7044609 -0.5938508 0.2504895
27526.953000 1.3277916 -0.0736992 1.3240387 -0.2971404 0.7045111 -0.5938547 0.2504162
27527.053000 1.3278171 -0.0737182 1.3240355 -0.2971444 0.7045112 -0.5938518 0.2504178
27527.153000 1.3275846 -0.0733878 1.3240581 -0.2970246 0.7044540 -0.5940082 0.2503502
27527.253000 1.3276207 -0.0733756 1.3240560 -0.2971313 0.7044109 -0.5939692 0.2504372
27527.353000 1.3276413 -0.0733904 1.3240532 -0.2971370 0.7044151 -0.5939614 0.2504373
27527.453000 1.3276386 -0.0734217 1.3240506 -0.2970363 0.7044649 -0.5939907 0.2503472
27527.553000 1.3276788 -0.0734179 1.3240480 -0.2971445 0.7044273 -0.5939452 0.2504325
27527.653000 1.3274377 -0.0744902 1.3239940 -0.2937380 0.7059753 -0.5950382 0.2474801
27527.753000 1.3274378 -0.0745384 1.3239891 -0.2935976 0.7060464 -0.5950771 0.2473504
27527.853000 1.3274785 -0.0745450 1.3239860 -0.2936766 0.7060155 -0.5950479 0.2474151
27527.953000 1.3277138 -0.0749434 1.3239572 -0.2936149 0.7061565 -0.5949484 0.2473252
27528.053000 1.3277431 -0.0749698 1.3239535 -0.2936242 0.7061615 -0.5949367 0.2473280
27528.153000 1.3275516 -0.0746084 1.3239762 -0.2936876 0.7060315 -0.5950250 0.2474114
27528.253000 1.3277737 -0.0749880 1.3239488 -0.2936262 0.7061712 -0.5949272 0.2473207
27528.353000 1.3275680 -0.0746406 1.3239714 -0.2936189 0.7060734 -0.5950376 0.2473430
27528.453000 1.3269368 -0.0754360 1.3239654 -0.2902563 0.7075369 -0.5961223 0.2445015
27528.553000 1.3269302 -0.0754989 1.3239612 -0.2900716 0.7076174 -0.5961818 0.2443428
27528.653000 1.3269547 -0.0755164 1.3239581 -0.2900791 0.7076172 -0.5961767 0.2443469
27528.753000 1.3255454 -0.0753662 1.3240427 -0.2866122 0.7088505 -0.5975266 0.2415499
27528.853000 1.3255593 -0.0754010 1.3240383 -0.2865442 0.7088872 -0.5975423 0.2414842
27528.953000 1.3253382 -0.0750646 1.3240607 -0.2864235 0.7088271 -0.5977000 0.2414136
27529.053000 1.3253755 -0.0750540 1.3240585 -0.2865292 0.7087849 -0.5976641 0.2415007
27529.153000 1.3256189 -0.0754418 1.3240301 -0.2865495 0.7088932 -0.5975339 0.2414810
27529.253000 1.3254001 -0.0751126 1.3240521 -0.2864307 0.7088403 -0.5976830 0.2414083
27529.353000 1.3254338 -0.0750985 1.3240502 -0.2865375 0.7088011 -0.5976436 0.2414940
27529.453000 1.3247990 -0.0758955 1.3240425 -0.2831300 0.7102501 -0.5987044 0.2386110
27529.553000 1.3248050 -0.0759557 1.3240378 -0.2829908 0.7103134 -0.5987439 0.2384886
27529.653000 1.3245869 -0.0756165 1.3240602 -0.2828697 0.7102533 -0.5989011 0.2384166
27529.754000 1.3246240 -0.0756058 1.3240580 -0.2829749 0.7102122 -0.5988657 0.2385031
27529.853000 1.3246445 -0.0756214 1.3240552 -0.2829781 0.7102166 -0.5988594 0.2385018
27529.953000 1.3248596 -0.0760267 1.3240269 -0.2828902 0.7103691 -0.5987641 0.2383912
27530.053000 1.3245690 -0.0770740 1.3239761 -0.2795335 0.7117923 -0.5997837 0.2355256
27530.153000 1.3246277 -0.0771587 1.3239632 -0.2794313 0.7118855 -0.5997781 0.2353792
27530.254000 1.3246684 -0.0771664 1.3239600 -0.2795083 0.7118568 -0.5997514 0.2354425
27530.353000 1.3244597 -0.0768239 1.3239825 -0.2794106 0.7117894 -0.5998984 0.2353880
27530.453000 1.3244726 -0.0768240 1.3239806 -0.2794160 0.7117879 -0.5998967 0.2353902
27530.553000 1.3247236 -0.0772036 1.3239520 -0.2795098 0.7118679 -0.5997408 0.2354342
27530.653000 1.3247308 -0.0772419 1.3239485 -0.2794288 0.7119105 -0.5997573 0.2353599
27530.753000 1.3245324 -0.0768740 1.3239719 -0.2794203 0.7118101 -0.5998731 0.2353784
27530.854000 1.3247766 -0.0772433 1.3239440 -0.2795145 0.7118897 -0.5997176 0.2354219
27530.953000 1.3247816 -0.0772794 1.3239407 -0.2794339 0.7119334 -0.5997327 0.2353470
27531.053000 1.3238623 -0.0776720 1.3239649 -0.2759709 0.7132330 -0.6009149 0.2324652
27531.153000 1.3238814 -0.0776996 1.3239615 -0.2759394 0.7132468 -0.6009241 0.2324364
27531.253000 1.3236771 -0.0773556 1.3239839 -0.2758407 0.7131784 -0.6010721 0.2323806
27531.353000 1.3239019 -0.0777349 1.3239562 -0.2758596 0.7132814 -0.6009474 0.2323649
27531.453000 1.3239451 -0.0777507 1.3239525 -0.2759375 0.7132605 -0.6009128 0.2324257
27531.553000 1.3230916 -0.0781886 1.3239666 -0.2724781 0.7145686 -0.6020503 0.2295273
27531.653000 1.3228680 -0.0778565 1.3239884 -0.2722710 0.7145436 -0.6022317 0.2293750
27531.753000 1.3228881 -0.0778669 1.3239858 -0.2722735 0.7145425 -0.6022315 0.2293760
27531.853000 1.3231340 -0.0782539 1.3239569 -0.2723636 0.7146223 -0.6020791 0.2294205
27531.953000 1.3229327 -0.0779091 1.3239794 -0.2722648 0.7145576 -0.6022230 0.2293616
27532.053000 1.3220966 -0.0783336 1.3239916 -0.2688492 0.7158343 -0.6033258 0.2264937
27532.153000 1.3220884 -0.0783778 1.3239882 -0.2686917 0.7158952 -0.6033743 0.2263586
27532.253000 1.3223161 -0.0787789 1.3239592 -0.2687072 0.7160020 -0.6032470 0.2263420
27532.353000 1.3221547 -0.0784097 1.3239815 -0.2687685 0.7158757 -0.6033410 0.2264178
27532.453000 1.3207363 -0.0781669 1.3240671 -0.2652369 0.7170172 -0.6046154 0.2235530
27532.553000 1.3207391 -0.0782040 1.3240637 -0.2651274 0.7170596 -0.6046482 0.2234582
27532.653000 1.3209362 -0.0786194 1.3240354 -0.2650286 0.7172074 -0.6045574 0.2233467
27532.753000 1.3209885 -0.0786374 1.3240314 -0.2651296 0.7171789 -0.6045169 0.2234278
27532.853000 1.3208088 -0.0782682 1.3240541 -0.2651137 0.7170809 -0.6046368 0.2234371
27532.953000 1.3209997 -0.0786748 1.3240263 -0.2650161 0.7172311 -0.6045430 0.2233244
27533.053000 1.3201221 -0.0790765 1.3240424 -0.2615512 0.7184766 -0.6056366 0.2204237
27533.153000 1.3199537 -0.0787143 1.3240637 -0.2615339 0.7183812 -0.6057559 0.2204276
27533.253000 1.3201413 -0.0791201 1.3240361 -0.2614326 0.7185252 -0.6056694 0.2203160
27533.353000 1.3199980 -0.0787520 1.3240576 -0.2615193 0.7183926 -0.6057547 0.2204109
27533.453000 1.3200123 -0.0787560 1.3240555 -0.2615148 0.7183963 -0.6057547 0.2204043
27533.553000 1.3200077 -0.0787859 1.3240528 -0.2614025 0.7184437 -0.6057829 0.2203054
27533.653000 1.3202430 -0.0791682 1.3240248 -0.2615150 0.7185185 -0.6056219 0.2203702
27533.753000 1.3200728 -0.0788100 1.3240468 -0.2614994 0.7184272 -0.6057349 0.2203763
27533.853000 1.3191601 -0.0791624 1.3240675 -0.2580490 0.7196343 -0.6068230 0.2174927
27533.953000 1.3191386 -0.0792157 1.3240640 -0.2578280 0.7197163 -0.6068875 0.2173033
27534.054000 1.3193731 -0.0796021 1.3240358 -0.2579373 0.7197869 -0.6067337 0.2173695
27534.153000 1.3194043 -0.0796392 1.3240316 -0.2579318 0.7197986 -0.6067252 0.2173609
27534.253000 1.3185496 -0.0800681 1.3240404 -0.2543856 0.7210518 -0.6077947 0.2143779
27534.353000 1.3183780 -0.0797046 1.3240626 -0.2543280 0.7209643 -0.6079321 0.2143508
27534.453000 1.3183949 -0.0797113 1.3240603 -0.2543197 0.7209666 -0.6079358 0.2143426
27534.553000 1.3175259 -0.0801253 1.3240724 -0.2507376 0.7221863 -0.6090230 0.2113494
27534.654000 1.3175602 -0.0801607 1.3240651 -0.2507232 0.7222218 -0.6089996 0.2113126
27534.753000 1.3175840 -0.0801808 1.3240620 -0.2507136 0.7222268 -0.6090010 0.2113029
27534.854000 1.3177642 -0.0806024 1.3240337 -0.2506068 0.7223754 -0.6089084 0.2111885
27534.953000 1.3178156 -0.0806212 1.3240297 -0.2507024 0.7223519 -0.6088704 0.2112649
27535.053000 1.3176510 -0.0802437 1.3240525 -0.2506829 0.7222560 -0.6089915 0.2112667
27535.153000 1.3174781 -0.0816867 1.3239691 -0.2472884 0.7236593 -0.6097314 0.2083107
27535.253000 1.3173142 -0.0813528 1.3239885 -0.2471768 0.7236082 -0.6098664 0.2082253
27535.353000 1.3174931 -0.0817662 1.3239603 -0.2470898 0.7237452 -0.6097717 0.2081298
27535.453000 1.3175213 -0.0817960 1.3239565 -0.2470835 0.7237545 -0.6097661 0.2081213
27535.553000 1.3175592 -0.0818023 1.3239536 -0.2471511 0.7237368 -0.6097414 0.2081751
27535.653000 1.3175592 -0.0818287 1.3239508 -0.2470549 0.7237760 -0.6097628 0.2080900
27535.753000 1.3175787 -0.0818423 1.3239481 -0.2470492 0.7237852 -0.6097574 0.2080807
27535.853000 1.3176141 -0.0818455 1.3239455 -0.2471177 0.7237697 -0.6097300 0.2081337
27535.953000 1.3176119 -0.0818691 1.3239429 -0.2470219 0.7238107 -0.6097495 0.2080477
27536.053000 1.3159704 -0.0810837 1.3240655 -0.2436016 0.7246579 -0.6110466 0.2053074
27536.153000 1.3159406 -0.0811225 1.3240631 -0.2433745 0.7247321 -0.6111138 0.2051151
27536.253000 1.3161613 -0.0815209 1.3240347 -0.2434763 0.7248084 -0.6109613 0.2051788
27536.353000 1.3160132 -0.0811579 1.3240563 -0.2434548 0.7247161 -0.6110799 0.2051772
27536.454000 1.3160031 -0.0811752 1.3240543 -0.2433341 0.7247592 -0.6111120 0.2050725
27536.553000 1.3160456 -0.0811766 1.3240516 -0.2434269 0.7247349 -0.6110790 0.2051465
27536.653000 1.3153438 -0.0818844 1.3240429 -0.2399695 0.7259460 -0.6119849 0.2022165
27536.753000 1.3158373 -0.0826646 1.3239647 -0.2399406 0.7261460 -0.6117946 0.2021084
27536.853000 1.3158449 -0.0827030 1.3239608 -0.2398403 0.7261821 -0.6118197 0.2020221
27536.953000 1.3158681 -0.0827215 1.3239578 -0.2398304 0.7261883 -0.6118195 0.2020118
27537.053000 1.3159068 -0.0827289 1.3239548 -0.2398953 0.7261716 -0.6117968 0.2020637
27537.153000 1.3159069 -0.0827556 1.3239520 -0.2397956 0.7262105 -0.6118186 0.2019760
27537.253000 1.3159267 -0.0827699 1.3239492 -0.2397870 0.7262203 -0.6118142 0.2019645
27537.353000 1.3157886 -0.0823715 1.3239727 -0.2398430 0.7260999 -0.6119147 0.2020264
27537.453000 1.3157829 -0.0823868 1.3239707 -0.2397435 0.7261386 -0.6119369 0.2019381
27537.553000 1.3159733 -0.0827969 1.3239422 -0.2397447 0.7262551 -0.6118058 0.2019150
27537.653000 1.3216445 -0.0907853 1.3239390 -0.2399634 0.7261949 -0.6117326 0.2020934
27537.753000 1.3216408 -0.0908195 1.3239636 -0.2398492 0.7261781 -0.6118180 0.2020307
27537.853000 1.3216656 -0.0908397 1.3239603 -0.2398390 0.7261828 -0.6118197 0.2020207
27537.953000 1.3217054 -0.0908485 1.3239573 -0.2399035 0.7261649 -0.6117985 0.2020730
27538.053000 1.3217065 -0.0908764 1.3239544 -0.2398036 0.7262028 -0.6118215 0.2019857
27538.154000 1.3263720 -0.0972508 1.3241050 -0.2398383 0.7257921 -0.6122361 0.2021640
27538.253000 1.3269382 -0.0982116 1.3240401 -0.2398720 0.7260054 -0.6119767 0.2021437
27538.353000 1.3269692 -0.0982484 1.3240359 -0.2398584 0.7260158 -0.6119742 0.2021299
27538.453000 1.3269666 -0.0982808 1.3240329 -0.2397360 0.7260597 -0.6120050 0.2020246
27538.553000 1.3268384 -0.0978862 1.3240556 -0.2398170 0.7259294 -0.6120999 0.2021089
27538.654000 1.3268528 -0.0978894 1.3240536 -0.2398040 0.7259366 -0.6121012 0.2020948
27538.753000 1.3270211 -0.0983198 1.3240250 -0.2396921 0.7260901 -0.6120017 0.2019770
27538.853000 1.3268939 -0.0979301 1.3240475 -0.2397743 0.7259645 -0.6120911 0.2020603
27538.953000 1.3269061 -0.0979305 1.3240458 -0.2397618 0.7259734 -0.6120903 0.2020454
27539.053000 1.3268984 -0.0979560 1.3240433 -0.2396406 0.7260219 -0.6121156 0.2019383
27539.153000 1.3271124 -0.0983566 1.3240150 -0.2397422 0.7261066 -0.6119553 0.2019993
27539.253000 1.3269597 -0.0979771 1.3240377 -0.2397207 0.7260162 -0.6120724 0.2019946
27539.353000 1.3269454 -0.0979887 1.3240362 -0.2395993 0.7260617 -0.6121012 0.2018877
27539.454000 1.3269841 -0.0979852 1.3240340 -0.2396912 0.7260402 -0.6120671 0.2019597
27539.553000 1.3323732 -0.1057061 1.3240671 -0.2397532 0.7259359 -0.6121320 0.2020641
27539.653000 1.3443575 -0.1224392 1.3239807 -0.2399278 0.7260307 -0.6119165 0.2021690
27539.753000 1.3499331 -0.1304218 1.3240425 -0.2397743 0.7260344 -0.6120067 0.2020645
27539.853000 1.3621282 -0.1474104 1.3239654 -0.2399535 0.7261417 -0.6117906 0.2021208
27539.953000 1.3674864 -0.1549307 1.3240394 -0.2398888 0.7260043 -0.6119670 0.2021572
27540.054000 1.3738594 -0.1638318 1.3239704 -0.2399173 0.7261214 -0.6118298 0.2021181
27540.153000 1.3788978 -0.1707750 1.3240709 -0.2397892 0.7259020 -0.6121403 0.2021181
27540.253000 1.3853191 -0.1797073 1.3239922 -0.2398556 0.7260616 -0.6119447 0.2020584
27540.353000 1.3970092 -0.1962227 1.3239663 -0.2398691 0.7261667 -0.6118173 0.2020507
27540.453000 1.4023321 -0.2036582 1.3240395 -0.2398914 0.7260035 -0.6119662 0.2021594
27540.553000 1.4085779 -0.2122505 1.3239797 -0.2399288 0.7260348 -0.6119112 0.2021691
27540.653000 1.4145198 -0.2206714 1.3239704 -0.2399394 0.7261182 -0.6118216 0.2021280
27540.753000 1.4196429 -0.2277081 1.3240693 -0.2398742 0.7258853 -0.6121076 0.2021759
27540.853000 1.4261469 -0.2369599 1.3239676 -0.2398656 0.7261613 -0.6118246 0.2020517
27540.953000 1.4369959 -0.2518355 1.3240644 -0.2398975 0.7258905 -0.6121019 0.2021471
27541.053000 1.4428814 -0.2602438 1.3240702 -0.2397627 0.7259170 -0.6121448 0.2020820
27541.153000 1.4494231 -0.2694823 1.3239696 -0.2399366 0.7261250 -0.6118162 0.2021233
27541.253000 1.4545439 -0.2765130 1.3240693 -0.2398743 0.7258853 -0.6121076 0.2021760
27541.353000 1.4608370 -0.2852773 1.3239936 -0.2399368 0.7260281 -0.6119283 0.2021316
27541.453000 1.4664176 -0.2932649 1.3240409 -0.2398776 0.7260051 -0.6119732 0.2021490
27541.553000 1.4782791 -0.3098855 1.3239762 -0.2398699 0.7261194 -0.6118556 0.2021036
27541.653000 1.4840960 -0.3178458 1.3239914 -0.2398466 0.7260682 -0.6119430 0.2020506
27541.754000 1.4894227 -0.3253259 1.3240677 -0.2397647 0.7259302 -0.6121306 0.2020753
27541.853000 1.5009065 -0.3413525 1.3240672 -0.2398773 0.7258948 -0.6120967 0.2021711
27541.954000 1.5075913 -0.3508242 1.3239696 -0.2399367 0.7261250 -0.6118161 0.2021235
27542.053000 1.5127146 -0.3578571 1.3240686 -0.2398736 0.7258893 -0.6121043 0.2021724
27542.153000 1.5189346 -0.3665545 1.3239931 -0.2398559 0.7260580 -0.6119479 0.2020612
27542.253000 1.5306926 -0.3831224 1.3239659 -0.2399498 0.7261394 -0.6117958 0.2021177
27542.353000 1.5366860 -0.3915432 1.3239640 -0.2398708 0.7261709 -0.6118120 0.2020491
27542.453000 1.5426028 -0.3998021 1.3239562 -0.2398794 0.7261453 -0.6118329 0.2020677
27542.553000 1.5483103 -0.4077729 1.3239700 -0.2399292 0.7261213 -0.6118236 0.2021230
27542.653000 1.5534272 -0.4147904 1.3240701 -0.2398770 0.7258794 -0.6121112 0.2021833
27542.753000 1.5592525 -0.4229278 1.3240672 -0.2398654 0.7258986 -0.6121010 0.2021587
27542.853000 1.5715189 -0.4402506 1.3239655 -0.2398698 0.7261681 -0.6118156 0.2020498
27542.953000 1.5766781 -0.4473490 1.3240679 -0.2397663 0.7259287 -0.6121304 0.2020792
27543.053000 1.5832312 -0.4565830 1.3239654 -0.2399417 0.7261437 -0.6117963 0.2021101
27543.153000 1.5946089 -0.4725805 1.3239712 -0.2398590 0.7261520 -0.6118347 0.2020624
27543.253000 1.6005788 -0.4808034 1.3239842 -0.2398725 0.7261120 -0.6118776 0.2020605
27543.353000 1.6059773 -0.4884789 1.3240465 -0.2397783 0.7260093 -0.6120273 0.2020877
27543.453000 1.6115715 -0.4961470 1.3240704 -0.2397622 0.7259149 -0.6121461 0.2020864
27543.553000 1.6119414 -0.4968015 1.3240397 -0.2397599 0.7260426 -0.6120078 0.2020490
27543.653000 1.6119957 -0.4968250 1.3240355 -0.2398503 0.7260188 -0.6119761 0.2021229
27543.753000 1.6120176 -0.4968433 1.3240325 -0.2398368 0.7260270 -0.6119763 0.2021092
27543.853000 1.6120135 -0.4968737 1.3240296 -0.2397147 0.7260725 -0.6120051 0.2020032
27543.953000 1.6120565 -0.4968761 1.3240268 -0.2398061 0.7260487 -0.6119735 0.2020763
27544.053000 1.6120753 -0.4968903 1.3240241 -0.2397934 0.7260600 -0.6119699 0.2020614
27544.153000 1.6118962 -0.4965190 1.3240471 -0.2396625 0.7260026 -0.6121210 0.2019654
27544.253000 1.6119318 -0.4965060 1.3240454 -0.2397539 0.7259772 -0.6120913 0.2020381
27544.353000 1.6119487 -0.4965179 1.3240429 -0.2397419 0.7259896 -0.6120863 0.2020229
27544.453000 1.6119404 -0.4965426 1.3240405 -0.2396207 0.7260383 -0.6121114 0.2019155
27544.553000 1.6119800 -0.4965402 1.3240382 -0.2397125 0.7260168 -0.6120772 0.2019876
27544.653000 1.6119955 -0.4965503 1.3240359 -0.2397005 0.7260296 -0.6120719 0.2019721
27544.753000 1.6121582 -0.4969717 1.3240081 -0.2395892 0.7261834 -0.6119719 0.2018540
27544.853000 1.6173809 -0.5042655 1.3240724 -0.2397679 0.7259004 -0.6121554 0.2021033
27544.953000 1.6175859 -0.5045398 1.3240651 -0.2397513 0.7259379 -0.6121314 0.2020608
27545.053000 1.6176333 -0.5045472 1.3240620 -0.2398413 0.7259098 -0.6121050 0.2021351
27545.153000 1.6233527 -0.5127192 1.3240419 -0.2398735 0.7260034 -0.6119776 0.2021466
27545.253000 1.6236156 -0.5130806 1.3240374 -0.2398617 0.7260138 -0.6119742 0.2021334
27545.353000 1.6236137 -0.5131138 1.3240343 -0.2397388 0.7260569 -0.6120060 0.2020282
27545.453000 1.6234861 -0.5127199 1.3240569 -0.2398199 0.7259259 -0.6121016 0.2021129
27545.553000 1.6291371 -0.5206497 1.3240550 -0.2398809 0.7259069 -0.6120843 0.2021613
27545.653000 1.6292135 -0.5208025 1.3240659 -0.2397551 0.7259364 -0.6121305 0.2020644
27545.753000 1.6292616 -0.5208107 1.3240627 -0.2398451 0.7259080 -0.6121045 0.2021386
27545.853000 1.6292839 -0.5208297 1.3240597 -0.2398314 0.7259156 -0.6121052 0.2021251
27545.953000 1.6294510 -0.5212550 1.3240315 -0.2397187 0.7260651 -0.6120107 0.2020084
27546.053000 1.6352757 -0.5292698 1.3240017 -0.2398579 0.7260159 -0.6119801 0.2021124
27546.153000 1.6355764 -0.5296547 1.3239899 -0.2398475 0.7260669 -0.6119447 0.2020489
27546.253000 1.6356179 -0.5296653 1.3239867 -0.2399115 0.7260473 -0.6119255 0.2021013
27546.353000 1.6356202 -0.5296946 1.3239836 -0.2398112 0.7260840 -0.6119500 0.2020145
27546.453000 1.6413824 -0.5379379 1.3239652 -0.2398510 0.7261739 -0.6118215 0.2020334
27546.553000 1.6415859 -0.5382134 1.3239611 -0.2398427 0.7261811 -0.6118192 0.2020242
27546.653000 1.6416260 -0.5382227 1.3239580 -0.2399071 0.7261627 -0.6117984 0.2020766
27546.753000 1.6463789 -0.5448165 1.3240661 -0.2397623 0.7259376 -0.6121240 0.2020715
27546.853000 1.6468789 -0.5456082 1.3240381 -0.2398646 0.7260104 -0.6119760 0.2021364
27546.953000 1.6467329 -0.5452377 1.3240600 -0.2398414 0.7259143 -0.6121000 0.2021337
27547.053000 1.6530123 -0.5541771 1.3239696 -0.2399356 0.7261253 -0.6118165 0.2021224
27547.153000 1.6532253 -0.5544600 1.3239629 -0.2399353 0.7261498 -0.6117939 0.2021031
27547.253000 1.6532292 -0.5544910 1.3239597 -0.2398346 0.7261848 -0.6118205 0.2020166
27547.354000 1.6532519 -0.5545089 1.3239567 -0.2398250 0.7261917 -0.6118195 0.2020063
27547.453000 1.6531194 -0.5541214 1.3239794 -0.2398806 0.7260711 -0.6119201 0.2020689
27547.553000 1.6585902 -0.5618462 1.3239931 -0.2398493 0.7260602 -0.6119497 0.2020556
27547.654000 1.6590401 -0.5625856 1.3239631 -0.2399280 0.7261490 -0.6117997 0.2020973
27547.753000 1.6590490 -0.5626287 1.3239592 -0.2398277 0.7261876 -0.6118219 0.2020105
27547.853000 1.6590714 -0.5626462 1.3239562 -0.2398181 0.7261948 -0.6118206 0.2019999
27547.953000 1.6589353 -0.5622505 1.3239794 -0.2398736 0.7260724 -0.6119234 0.2020627
27548.053000 1.6647426 -0.5706061 1.3239512 -0.2398694 0.7261865 -0.6117982 0.2020364
27548.153000 1.6648520 -0.5707231 1.3239637 -0.2399347 0.7261499 -0.6117942 0.2021029
27548.253000 1.6646857 -0.5703602 1.3239860 -0.2398247 0.7260801 -0.6119450 0.2020276
27548.353000 1.6647017 -0.5703622 1.3239840 -0.2398145 0.7260823 -0.6119497 0.2020177
27548.453000 1.6649126 -0.5707678 1.3239553 -0.2398891 0.7261710 -0.6118017 0.2020586
27548.553000 1.6649181 -0.5708068 1.3239516 -0.2397897 0.7262133 -0.6118195 0.2019705
27548.653000 1.6704692 -0.5786154 1.3239647 -0.2398568 0.7261750 -0.6118164 0.2020381
27548.754000 1.6705154 -0.5784780 1.3239869 -0.2399141 0.7260500 -0.6119206 0.2021034
27548.853000 1.6706838 -0.5788902 1.3239591 -0.2398229 0.7261868 -0.6118260 0.2020064
27548.953000 1.6705404 -0.5785253 1.3239809 -0.2398042 0.7260935 -0.6119442 0.2020062
27549.053000 1.6707435 -0.5789135 1.3239532 -0.2398786 0.7261787 -0.6118004 0.2020472
27549.153000 1.6762958 -0.5867328 1.3239661 -0.2399372 0.7261445 -0.6117976 0.2021089
27549.253000 1.6764777 -0.5870120 1.3239622 -0.2398426 0.7261806 -0.6118196 0.2020246
27549.353000 1.6765016 -0.5870313 1.3239590 -0.2398326 0.7261861 -0.6118204 0.2020145
27549.453000 1.6820085 -0.5945639 1.3239818 -0.2399473 0.7260444 -0.6119061 0.2021280
27549.553000 1.6815909 -0.5939973 1.3240659 -0.2398664 0.7258998 -0.6120995 0.2021581
27549.653000 1.6815905 -0.5940318 1.3240627 -0.2397433 0.7259416 -0.6121328 0.2020529
27549.753000 1.6818089 -0.5944362 1.3240341 -0.2398434 0.7260202 -0.6119794 0.2021161
27549.853000 1.6816627 -0.5940671 1.3240560 -0.2398208 0.7259274 -0.6120996 0.2021125
27549.953000 1.6816525 -0.5940842 1.3240540 -0.2396986 0.7259704 -0.6121314 0.2020066
27550.053000 1.6879130 -0.6030053 1.3239657 -0.2398558 0.7261717 -0.6118206 0.2020381
27550.153000 1.6881187 -0.6032842 1.3239615 -0.2398488 0.7261789 -0.6118177 0.2020296
27550.253000 1.6881591 -0.6032937 1.3239584 -0.2399132 0.7261603 -0.6117972 0.2020820
27550.353000 1.6881606 -0.6033222 1.3239554 -0.2398131 0.7261977 -0.6118207 0.2019949
27550.453000 1.6881815 -0.6033378 1.3239525 -0.2398039 0.7262065 -0.6118176 0.2019837
27550.553000 1.6882184 -0.6033428 1.3239498 -0.2398695 0.7261916 -0.6117927 0.2020350
27550.653000 1.6882170 -0.6033676 1.3239471 -0.2397701 0.7262319 -0.6118129 0.2019467
27550.754000 1.6935140 -0.6106526 1.3239922 -0.2399300 0.7260372 -0.6119230 0.2021234
27550.853000 1.6937489 -0.6110024 1.3239890 -0.2398336 0.7260717 -0.6119484 0.2020368
27550.953000 1.6939454 -0.6114201 1.3239600 -0.2398332 0.7261823 -0.6118242 0.2020157
27551.053000 1.6939901 -0.6114408 1.3239562 -0.2398982 0.7261682 -0.6117984 0.2020675
27551.153000 1.6988394 -0.6181728 1.3240663 -0.2397621 0.7259363 -0.6121257 0.2020711
27551.253000 1.6990575 -0.6184145 1.3240637 -0.2398540 0.7259045 -0.6121025 0.2021466
27551.354000 1.6990804 -0.6184340 1.3240606 -0.2398402 0.7259116 -0.6121039 0.2021332
27551.453000 1.6990771 -0.6184653 1.3240577 -0.2397178 0.7259564 -0.6121337 0.2020275
27551.553000 1.6992916 -0.6188629 1.3240295 -0.2398184 0.7260362 -0.6119789 0.2020899
27551.653000 1.7047791 -0.6264313 1.3240513 -0.2398809 0.7259182 -0.6120723 0.2021568
27551.753000 1.7050097 -0.6269520 1.3240397 -0.2397630 0.7260436 -0.6120046 0.2020515
27551.853000 1.7048884 -0.6265693 1.3240616 -0.2398435 0.7259121 -0.6121009 0.2021365
27551.953000 1.7049053 -0.6265759 1.3240593 -0.2398296 0.7259167 -0.6121053 0.2021232
27552.053000 1.7049014 -0.6266065 1.3240565 -0.2397074 0.7259620 -0.6121343 0.2020173
27552.154000 1.7049447 -0.6266091 1.3240537 -0.2397986 0.7259381 -0.6121029 0.2020904
27552.253000 1.7051343 -0.6270180 1.3240257 -0.2397956 0.7260535 -0.6119757 0.2020648
27552.353000 1.7106656 -0.6345671 1.3240450 -0.2397995 0.7259572 -0.6120959 0.2020420
27552.453000 1.7162955 -0.6425342 1.3240706 -0.2398700 0.7258790 -0.6121174 0.2021742
27552.553000 1.7166692 -0.6432032 1.3240396 -0.2398670 0.7260072 -0.6119780 0.2021391
27552.653000 1.7165027 -0.6428551 1.3240610 -0.2397347 0.7259486 -0.6121306 0.2020446
27552.753000 1.7165427 -0.6428479 1.3240588 -0.2398249 0.7259192 -0.6121057 0.2021188
27552.853000 1.7165633 -0.6428647 1.3240559 -0.2398119 0.7259287 -0.6121042 0.2021046
27552.953000 1.7165582 -0.6428937 1.3240531 -0.2396901 0.7259753 -0.6121318 0.2019982
27553.053000 1.7222355 -0.6508469 1.3240500 -0.2398818 0.7259205 -0.6120693 0.2021567
27553.153000 1.7223062 -0.6509351 1.3240661 -0.2398631 0.7259008 -0.6121004 0.2021554
27553.253000 1.7223060 -0.6509696 1.3240629 -0.2397400 0.7259426 -0.6121338 0.2020502
27553.353000 1.7223520 -0.6509756 1.3240598 -0.2398303 0.7259158 -0.6121057 0.2021243
27553.453000 1.7279351 -0.6588102 1.3240676 -0.2398665 0.7258970 -0.6121018 0.2021606
27553.553000 1.7281144 -0.6590964 1.3240640 -0.2397456 0.7259401 -0.6121328 0.2020555
27553.653000 1.7281611 -0.6591031 1.3240609 -0.2398358 0.7259127 -0.6121055 0.2021297
27553.753000 1.7283533 -0.6595154 1.3240326 -0.2398320 0.7260256 -0.6119813 0.2021050
27553.853000 1.7338605 -0.6672621 1.3240454 -0.2398785 0.7259815 -0.6119944 0.2021681
27553.953000 1.7339529 -0.6672229 1.3240642 -0.2398567 0.7259065 -0.6120983 0.2021488
27554.053000 1.7341420 -0.6676254 1.3240366 -0.2398519 0.7260138 -0.6119808 0.2021250
27554.153000 1.7341463 -0.6676737 1.3240325 -0.2397298 0.7260622 -0.6120062 0.2020191
27554.253000 1.7340181 -0.6672791 1.3240552 -0.2398111 0.7259321 -0.6121008 0.2021035
27554.353000 1.7401477 -0.6758917 1.3239919 -0.2398536 0.7260632 -0.6119444 0.2020560
27554.453000 1.7404811 -0.6764677 1.3239625 -0.2399294 0.7261488 -0.6117991 0.2020982
27554.553000 1.7403188 -0.6761158 1.3239842 -0.2398197 0.7260834 -0.6119447 0.2020223
27554.653000 1.7405046 -0.6765112 1.3239567 -0.2398194 0.7261907 -0.6118244 0.2020013
27554.753000 1.7405495 -0.6765339 1.3239528 -0.2398849 0.7261793 -0.6117955 0.2020523
27554.853000 1.7453880 -0.6832221 1.3240686 -0.2398715 0.7258900 -0.6121049 0.2021706
27554.953000 1.7455850 -0.6834814 1.3240646 -0.2398587 0.7259026 -0.6121015 0.2021510
27555.053000 1.7456085 -0.6835015 1.3240615 -0.2398448 0.7259091 -0.6121036 0.2021377
27555.153000 1.7456056 -0.6835335 1.3240585 -0.2397224 0.7259534 -0.6121338 0.2020322
27555.253000 1.7456497 -0.6835369 1.3240557 -0.2398132 0.7259287 -0.6121033 0.2021055
27555.353000 1.7513063 -0.6916512 1.3240465 -0.2398778 0.7259773 -0.6119996 0.2021683
27555.453000 1.7514034 -0.6916254 1.3240642 -0.2398567 0.7259065 -0.6120983 0.2021488
27555.553000 1.7515942 -0.6920319 1.3240363 -0.2398522 0.7260148 -0.6119795 0.2021251
27555.653000 1.7514243 -0.6916777 1.3240581 -0.2397202 0.7259569 -0.6121312 0.2020301
27555.753000 1.7514632 -0.6916692 1.3240560 -0.2398108 0.7259288 -0.6121047 0.2021038
27555.853000 1.7569159 -0.6995600 1.3240920 -0.2397323 0.7258993 -0.6121660 0.2021174
27555.953000 1.7572171 -0.6997567 1.3240646 -0.2398586 0.7259058 -0.6120979 0.2021506
27556.053000 1.7574067 -0.7001596 1.3240369 -0.2398538 0.7260129 -0.6119805 0.2021268
27556.153000 1.7572387 -0.6998099 1.3240584 -0.2397219 0.7259558 -0.6121312 0.2020319
27556.253000 1.7635247 -0.7087416 1.3239672 -0.2398642 0.7261637 -0.6118231 0.2020491
27556.353000 1.7637494 -0.7090128 1.3239623 -0.2399325 0.7261509 -0.6117946 0.2021005
27556.453000 1.7637530 -0.7090435 1.3239592 -0.2398320 0.7261862 -0.6118207 0.2020141
27556.554000 1.7694366 -0.7169629 1.3239580 -0.2398814 0.7261736 -0.6118079 0.2020393
27556.653000 1.7695526 -0.7171347 1.3239642 -0.2399367 0.7261491 -0.6117939 0.2021044
27556.754000 1.7695567 -0.7171671 1.3239608 -0.2398361 0.7261834 -0.6118209 0.2020185
27556.853000 1.7694092 -0.7167911 1.3239834 -0.2398167 0.7260855 -0.6119445 0.2020191
27556.953000 1.7745578 -0.7242099 1.3240434 -0.2397736 0.7260303 -0.6120111 0.2020670
27557.053000 1.7746760 -0.7241659 1.3240636 -0.2398581 0.7259062 -0.6120978 0.2021498
27557.153000 1.7746940 -0.7241734 1.3240613 -0.2398439 0.7259096 -0.6121037 0.2021368
27557.253000 1.7746910 -0.7242052 1.3240584 -0.2397214 0.7259540 -0.6121338 0.2020312
27557.353000 1.7747350 -0.7242087 1.3240555 -0.2398124 0.7259294 -0.6121032 0.2021045
27557.453000 1.7803523 -0.7323137 1.3240506 -0.2398110 0.7259738 -0.6120379 0.2021446
27557.553000 1.7806336 -0.7327056 1.3240390 -0.2397622 0.7260462 -0.6120022 0.2020504
27557.653000 1.7805086 -0.7323148 1.3240614 -0.2398426 0.7259126 -0.6121010 0.2021356
27557.753000 1.7806961 -0.7327154 1.3240339 -0.2398382 0.7260216 -0.6119814 0.2021115
27557.853000 1.7806992 -0.7327623 1.3240299 -0.2397166 0.7260712 -0.6120053 0.2020052
27557.953000 1.7805682 -0.7323622 1.3240530 -0.2397978 0.7259410 -0.6121002 0.2020891
27558.053000 1.7917346 -0.7480301 1.3240717 -0.2398686 0.7258729 -0.6121234 0.2021794
27558.153000 1.7976969 -0.7564154 1.3240732 -0.2397740 0.7258950 -0.6121575 0.2021090
27558.253000 1.8035458 -0.7645479 1.3240707 -0.2398692 0.7258792 -0.6121173 0.2021748
27558.353000 1.8094895 -0.7730112 1.3240422 -0.2398754 0.7260019 -0.6119778 0.2021490
27558.453000 1.8148564 -0.7804298 1.3241169 -0.2397238 0.7257958 -0.6122882 0.2021289
27558.553000 1.8155545 -0.7814886 1.3240396 -0.2398680 0.7260089 -0.6119753 0.2021399
27558.653000 1.8155820 -0.7815175 1.3240359 -0.2398543 0.7260172 -0.6119754 0.2021265
27558.753000 1.8154069 -0.7811513 1.3240584 -0.2397220 0.7259558 -0.6121313 0.2020319
27558.854000 1.8154257 -0.7811611 1.3240558 -0.2397070 0.7259635 -0.6121331 0.2020162
27558.953000 1.8154656 -0.7811585 1.3240536 -0.2397997 0.7259380 -0.6121023 0.2020912
27559.054000 1.8267650 -0.7972370 1.3240505 -0.2397766 0.7260234 -0.6120148 0.2020770
27559.153000 1.8332305 -0.8061926 1.3239685 -0.2399392 0.7261320 -0.6118083 0.2021189
27559.253000 1.8441605 -0.8215054 1.3240407 -0.2398862 0.7260040 -0.6119686 0.2021563
27559.353000 1.8507985 -0.8307536 1.3239666 -0.2399481 0.7261385 -0.6117968 0.2021199
27559.453000 1.8565979 -0.8389025 1.3239663 -0.2398563 0.7261705 -0.6118208 0.2020412
27559.553000 1.8624363 -0.8470286 1.3239657 -0.2399395 0.7261453 -0.6117954 0.2021097
27559.653000 1.8737076 -0.8626703 1.3239911 -0.2398646 0.7260625 -0.6119380 0.2020646
27559.753000 1.8797503 -0.8712934 1.3239856 -0.2398680 0.7260939 -0.6118820 0.2021175
27559.853000 1.8906145 -0.8863661 1.3240665 -0.2397704 0.7259331 -0.6121231 0.2020809
27559.953000 1.8966528 -0.8949480 1.3240446 -0.2397716 0.7260246 -0.6120179 0.2020692
27560.053000 1.9031570 -0.9039675 1.3239648 -0.2399426 0.7261465 -0.6117925 0.2021106
27560.153000 1.9083653 -0.9113264 1.3240403 -0.2397714 0.7260425 -0.6120000 0.2020591
27560.253000 1.9203791 -0.9280973 1.3239726 -0.2398930 0.7261231 -0.6118389 0.2021130
27560.353000 1.9257044 -0.9353763 1.3240701 -0.2398771 0.7258793 -0.6121111 0.2021834
27560.453000 1.9315063 -0.9435275 1.3240671 -0.2397595 0.7259338 -0.6121303 0.2020694
27560.553000 1.9380389 -0.9527754 1.3239655 -0.2398627 0.7261696 -0.6118185 0.2020437
27560.653000 1.9494058 -0.9686520 1.3239654 -0.2399542 0.7261415 -0.6117902 0.2021218
27560.753000 1.9552509 -0.9767016 1.3239934 -0.2398549 0.7260549 -0.6119505 0.2020655
27560.853000 1.9613208 -0.9852991 1.3239656 -0.2399383 0.7261445 -0.6117976 0.2021075
27560.953000 1.9727062 -1.0012839 1.3239762 -0.2398698 0.7261194 -0.6118556 0.2021035
27561.053000 1.9787517 -1.0097025 1.3239704 -0.2399173 0.7261214 -0.6118298 0.2021182
27561.154000 1.9838486 -1.0167282 1.3240712 -0.2397955 0.7258966 -0.6121407 0.2021289
27561.253000 1.9952017 -1.0324959 1.3240865 -0.2398689 0.7258231 -0.6121796 0.2021877
27561.353000 2.0015049 -1.0415272 1.3240416 -0.2398896 0.7259977 -0.6119735 0.2021601
27561.453000 2.0077504 -1.0500773 1.3239900 -0.2399410 0.7260379 -0.6119164 0.2021276
27561.553000 2.0135666 -1.0582070 1.3239903 -0.2399402 0.7260361 -0.6119190 0.2021272
27561.653000 2.0188931 -1.0657172 1.3240534 -0.2398248 0.7259085 -0.6121103 0.2021432
27561.753000 2.0252771 -1.0747636 1.3239707 -0.2399102 0.7261265 -0.6118288 0.2021111
27561.853000 2.0303969 -1.0818189 1.3240666 -0.2397646 0.7259347 -0.6121257 0.2020738
27561.953000 2.0423913 -1.0987138 1.3240139 -0.2398458 0.7260267 -0.6119701 0.2021182
27562.053000 2.0478232 -1.1061924 1.3240732 -0.2397817 0.7258929 -0.6121535 0.2021197
27562.153000 2.0543584 -1.1154445 1.3239692 -0.2398628 0.7261521 -0.6118346 0.2020580
27562.253000 2.0596244 -1.1227987 1.3240407 -0.2398804 0.7260059 -0.6119703 0.2021514
27562.353000 2.0715618 -1.1395751 1.3239817 -0.2398538 0.7261503 -0.6118367 0.2020687
27562.453000 2.0776257 -1.1479891 1.3239697 -0.2398583 0.7261509 -0.6118381 0.2020570
27562.554000 2.0834689 -1.1561191 1.3239675 -0.2399418 0.7261355 -0.6118034 0.2021180
27562.653000 2.0943410 -1.1712270 1.3240526 -0.2398249 0.7259118 -0.6121065 0.2021428
27562.753000 2.1008959 -1.1805076 1.3239707 -0.2399102 0.7261265 -0.6118288 0.2021111
27562.853000 2.1060388 -1.1875483 1.3240668 -0.2398723 0.7258984 -0.6120965 0.2021650
27562.953000 2.1181990 -1.2046826 1.3239660 -0.2399492 0.7261400 -0.6117954 0.2021175
27563.053000 2.1236004 -1.2122657 1.3240426 -0.2398829 0.7259976 -0.6119767 0.2021591
27563.153000 2.1293016 -1.2200807 1.3240672 -0.2398687 0.7258982 -0.6120988 0.2021630
27563.253000 2.1407579 -1.2361001 1.3240676 -0.2398755 0.7258938 -0.6120998 0.2021678
27563.353000 2.1467431 -1.2444679 1.3240694 -0.2398692 0.7258876 -0.6121093 0.2021689
27563.453000 2.1532523 -1.2537307 1.3239672 -0.2398656 0.7261633 -0.6118228 0.2020503
27563.553000 2.1642523 -1.2691536 1.3240481 -0.2398799 0.7259817 -0.6119913 0.2021754
27563.653000 2.1707082 -1.2781285 1.3239694 -0.2399244 0.7261285 -0.6118188 0.2021174
27563.754000 2.1820006 -1.2937849 1.3239910 -0.2398654 0.7260632 -0.6119365 0.2020654
27563.853000 2.1874787 -1.3014324 1.3240659 -0.2398768 0.7258962 -0.6120966 0.2021669
27563.953000 2.1931454 -1.3094023 1.3240687 -0.2397619 0.7259269 -0.6121354 0.2020759
27564.053000 2.2052195 -1.3263171 1.3239866 -0.2398703 0.7261058 -0.6118853 0.2020619
27564.153000 2.2108939 -1.3343826 1.3240404 -0.2397845 0.7260367 -0.6119982 0.2020700
27564.253000 2.2171391 -1.3429178 1.3239899 -0.2398606 0.7260647 -0.6119386 0.2020598
27564.353000 2.2230521 -1.3513313 1.3239717 -0.2399033 0.7261156 -0.6118435 0.2021140
27564.453000 2.2281551 -1.3583616 1.3240709 -0.2397892 0.7259020 -0.6121403 0.2021181
27564.553000 2.2339815 -1.3665036 1.3240671 -0.2397595 0.7259338 -0.6121303 0.2020694
27564.653000 2.2457598 -1.3829364 1.3239916 -0.2398639 0.7260600 -0.6119414 0.2020641
27564.753000 2.2514442 -1.3908795 1.3240689 -0.2398692 0.7258903 -0.6121066 0.2021671
27564.853000 2.2572665 -1.3990210 1.3240683 -0.2398672 0.7258939 -0.6121044 0.2021633
27564.953000 2.2694040 -1.4161615 1.3239700 -0.2398581 0.7261483 -0.6118414 0.2020565
27565.053000 2.2747289 -1.4234412 1.3240664 -0.2398696 0.7259005 -0.6120960 0.2021618
27565.153000 2.2811140 -1.4323715 1.3239915 -0.2398485 0.7260656 -0.6119451 0.2020510
27565.254000 2.2926334 -1.4484968 1.3239906 -0.2398565 0.7260649 -0.6119403 0.2020585
27565.353000 2.2980964 -1.4562733 1.3240447 -0.2398834 0.7259865 -0.6119875 0.2021654
27565.454000 2.3093417 -1.4718496 1.3240659 -0.2398792 0.7258988 -0.6120919 0.2021690
27565.553000 2.3157834 -1.4810142 1.3240143 -0.2398460 0.7260254 -0.6119728 0.2021147
27565.653000 2.3212148 -1.4885017 1.3240730 -0.2397794 0.7258890 -0.6121578 0.2021232
27565.753000 2.3275303 -1.4972820 1.3239925 -0.2398501 0.7260625 -0.6119470 0.2020544
27565.853000 2.3328881 -1.5047655 1.3240676 -0.2398718 0.7258952 -0.6121004 0.2021652
27565.953000 2.3444644 -1.5210752 1.3240648 -0.2397729 0.7259537 -0.6120960 0.2020855
27566.053000 2.3508070 -1.5298059 1.3239953 -0.2399235 0.7260221 -0.6119417 0.2021285
27566.153000 2.3561456 -1.5372922 1.3240700 -0.2398738 0.7258821 -0.6121115 0.2021762
27566.253000 2.3626742 -1.5465480 1.3239678 -0.2399466 0.7261334 -0.6118032 0.2021208
27566.353000 2.3684790 -1.5547081 1.3239663 -0.2398563 0.7261705 -0.6118208 0.2020412
27566.453000 2.3792525 -1.5696101 1.3240669 -0.2398775 0.7258955 -0.6120964 0.2021693
27566.553000 2.3852259 -1.5780062 1.3240660 -0.2397697 0.7259315 -0.6121266 0.2020767
27566.653000 2.3912893 -1.5864440 1.3240398 -0.2398449 0.7259174 -0.6120940 0.2021367
27566.753000 2.3969482 -1.5945542 1.3240471 -0.2397775 0.7260063 -0.6120311 0.2020877
27566.853000 2.4088539 -1.6110191 1.3239911 -0.2398651 0.7260646 -0.6119347 0.2020663
27566.953000 2.4144325 -1.6189560 1.3240441 -0.2398788 0.7259920 -0.6119852 0.2021581
27567.053000 2.4202572 -1.6271059 1.3240422 -0.2398786 0.7260012 -0.6119758 0.2021538
27567.153000 2.4322733 -1.6439142 1.3239708 -0.2399011 0.7261277 -0.6118308 0.2021115
27567.253000 2.4375630 -1.6511969 1.3240696 -0.2397695 0.7259176 -0.6121388 0.2020900
27567.353000 2.4440923 -1.6604371 1.3239676 -0.2398656 0.7261613 -0.6118246 0.2020517
27567.454000 2.4493775 -1.6678730 1.3240418 -0.2397755 0.7260368 -0.6120030 0.2020660
27567.553000 2.4608299 -1.6838618 1.3240495 -0.2398852 0.7259917 -0.6119801 0.2021672
27567.653000 2.4674476 -1.6930733 1.3239654 -0.2399548 0.7261412 -0.6117902 0.2021224
27567.753000 2.4729722 -1.7006383 1.3239931 -0.2399342 0.7260304 -0.6119269 0.2021309
27567.853000 2.4782469 -1.7080350 1.3240689 -0.2398731 0.7258889 -0.6121056 0.2021705
27567.953000 2.4848099 -1.7173750 1.3239672 -0.2398657 0.7261632 -0.6118228 0.2020504
27568.053000 2.4956724 -1.7326376 1.3240586 -0.2398730 0.7259800 -0.6119943 0.2021805
27568.153000 2.5017443 -1.7410721 1.3240436 -0.2398893 0.7259983 -0.6119714 0.2021649
27568.253000 2.5073921 -1.7487973 1.3240687 -0.2398737 0.7258891 -0.6121044 0.2021726
27568.353000 2.5132071 -1.7569238 1.3240683 -0.2398673 0.7258939 -0.6121043 0.2021634
27568.453000 2.5191426 -1.7653773 1.3240423 -0.2398771 0.7260010 -0.6119777 0.2021507
27568.553000 2.5305498 -1.7813409 1.3240408 -0.2398843 0.7260043 -0.6119695 0.2021550
27568.653000 2.5364936 -1.7894935 1.3240649 -0.2398767 0.7258997 -0.6120928 0.2021660
27568.754000 2.5368165 -1.7901362 1.3240397 -0.2397630 0.7260436 -0.6120046 0.2020515
27568.853000 2.5366952 -1.7897535 1.3240616 -0.2398435 0.7259121 -0.6121009 0.2021365
27568.953000 2.5367121 -1.7897600 1.3240593 -0.2398296 0.7259167 -0.6121053 0.2021232
27569.054000 2.5368807 -1.7901892 1.3240309 -0.2397172 0.7260673 -0.6120093 0.2020065
27569.153000 2.5367569 -1.7898056 1.3240529 -0.2397989 0.7259413 -0.6120990 0.2020901
27569.253000 2.5369445 -1.7902101 1.3240252 -0.2397958 0.7260556 -0.6119732 0.2020645
27569.353000 2.5367691 -1.7898470 1.3240476 -0.2396650 0.7260002 -0.6121218 0.2019684
27569.453000 2.5368049 -1.7898345 1.3240459 -0.2397564 0.7259749 -0.6120921 0.2020411
27569.553000 2.5369942 -1.7902448 1.3240178 -0.2397540 0.7260926 -0.6119621 0.2020149
27569.654000 2.5368190 -1.7898836 1.3240402 -0.2396235 0.7260392 -0.6121084 0.2019182
27569.753000 2.5370239 -1.7902633 1.3240133 -0.2397245 0.7261186 -0.6119543 0.2019798
27569.853000 2.5370465 -1.7902897 1.3240099 -0.2397129 0.7261357 -0.6119439 0.2019639
27569.953000 2.5368648 -1.7899146 1.3240333 -0.2395822 0.7260791 -0.6120939 0.2018675
27570.053000 2.5370681 -1.7902924 1.3240066 -0.2396831 0.7261583 -0.6119401 0.2019292
27570.153000 2.5370885 -1.7903157 1.3240036 -0.2396712 0.7261746 -0.6119306 0.2019136
27570.253000 2.5429787 -1.7987207 1.3239678 -0.2398569 0.7261617 -0.6118287 0.2020482
27570.353000 2.5432019 -1.7989871 1.3239627 -0.2399344 0.7261502 -0.6117942 0.2021022
27570.453000 2.5430349 -1.7986235 1.3239851 -0.2398243 0.7260810 -0.6119444 0.2020267
27570.553000 2.5430504 -1.7986250 1.3239832 -0.2398142 0.7260837 -0.6119484 0.2020167
27570.653000 2.5430886 -1.7986319 1.3239803 -0.2398793 0.7260675 -0.6119251 0.2020684
27570.753000 2.5432608 -1.7990563 1.3239516 -0.2397893 0.7262120 -0.6118214 0.2019696
27570.853000 2.5431133 -1.7986842 1.3239740 -0.2397714 0.7261201 -0.6119378 0.2019686
27570.953000 2.5486801 -1.8065203 1.3239829 -0.2398612 0.7260395 -0.6119642 0.2020720
27571.054000 2.5540081 -1.8141836 1.3240464 -0.2398065 0.7259944 -0.6120212 0.2021263
27571.153000 2.5597493 -1.8220108 1.3240667 -0.2398665 0.7259008 -0.6120977 0.2021597
27571.253000 2.5660265 -1.8307860 1.3239916 -0.2398537 0.7260637 -0.6119438 0.2020556
27571.353000 2.5772455 -1.8466718 1.3240476 -0.2398804 0.7259816 -0.6119916 0.2021742
27571.453000 2.5773822 -1.8466654 1.3240656 -0.2398621 0.7259036 -0.6120976 0.2021548
27571.553000 2.5774035 -1.8466762 1.3240630 -0.2398480 0.7259068 -0.6121038 0.2021412
27571.653000 2.5775738 -1.8471073 1.3240344 -0.2397347 0.7260557 -0.6120101 0.2020248
27571.753000 2.5774513 -1.8467255 1.3240562 -0.2398163 0.7259283 -0.6121014 0.2021091
27571.853000 2.5774659 -1.8467291 1.3240542 -0.2398032 0.7259353 -0.6121029 0.2020950
27571.953000 2.5774603 -1.8467574 1.3240515 -0.2396816 0.7259823 -0.6121300 0.2019885
27572.053000 2.5831857 -1.8554085 1.3240035 -0.2398422 0.7260885 -0.6118694 0.2022054
27572.153000 2.5893382 -1.8634114 1.3239930 -0.2398534 0.7260557 -0.6119495 0.2020676
27572.253000 2.5953290 -1.8719250 1.3239676 -0.2398616 0.7261627 -0.6118257 0.2020481
27572.354000 2.6066091 -1.8875454 1.3239966 -0.2398916 0.7260223 -0.6119559 0.2021227
27572.453000 2.6127739 -1.8963223 1.3239693 -0.2398596 0.7261533 -0.6118359 0.2020535
27572.553000 2.6178892 -1.9033609 1.3240684 -0.2397666 0.7259261 -0.6121327 0.2020812
27572.653000 2.6301730 -1.9206112 1.3239589 -0.2398704 0.7261423 -0.6118521 0.2020313
27572.753000 2.6360536 -1.9288621 1.3239704 -0.2399173 0.7261214 -0.6118298 0.2021182
27572.853000 2.6412672 -1.9362080 1.3240456 -0.2398049 0.7260020 -0.6120156 0.2021178
27572.954000 2.6474614 -1.9446552 1.3239948 -0.2399150 0.7260249 -0.6119420 0.2021276
27573.053000 2.6534876 -1.9532572 1.3239700 -0.2398583 0.7261482 -0.6118413 0.2020567
27573.153000 2.6587446 -1.9606034 1.3240437 -0.2398836 0.7259908 -0.6119826 0.2021648
27573.253000 2.6644448 -1.9684176 1.3240686 -0.2398694 0.7258909 -0.6121054 0.2021685
27573.353000 2.6756967 -1.9841194 1.3241058 -0.2398395 0.7257883 -0.6122396 0.2021656
27573.453000 2.6824730 -1.9938068 1.3239856 -0.2398679 0.7260939 -0.6118820 0.2021174
27573.553000 2.6878367 -2.0012824 1.3240417 -0.2398824 0.7260021 -0.6119726 0.2021556
27573.653000 2.6995776 -2.0175681 1.3239910 -0.2398555 0.7260666 -0.6119384 0.2020595
27573.753000 2.7002394 -2.0185878 1.3239649 -0.2399362 0.7261459 -0.6117976 0.2021050
27573.853000 2.7002497 -2.0186319 1.3239608 -0.2398361 0.7261834 -0.6118209 0.2020185
27573.954000 2.7002729 -2.0186504 1.3239578 -0.2398262 0.7261897 -0.6118207 0.2020082
27574.053000 2.7001391 -2.0182595 1.3239807 -0.2398817 0.7260677 -0.6119230 0.2020712
27574.153000 2.7003064 -2.0186722 1.3239528 -0.2397911 0.7262087 -0.6118237 0.2019728
27574.253000 2.7001574 -2.0182964 1.3239754 -0.2397729 0.7261154 -0.6119418 0.2019719
27574.353000 2.7003622 -2.0186904 1.3239474 -0.2398481 0.7262044 -0.6117934 0.2020121
27574.453000 2.7001948 -2.0183320 1.3239696 -0.2397397 0.7261443 -0.6119330 0.2019341
27574.553000 2.7003779 -2.0187256 1.3239423 -0.2397405 0.7262564 -0.6118071 0.2019114
27574.653000 2.7004177 -2.0187398 1.3239390 -0.2398070 0.7262465 -0.6117761 0.2019617
27574.754000 2.7002437 -2.0183675 1.3239622 -0.2396984 0.7261839 -0.6119188 0.2018837
27574.853000 2.7002535 -2.0183615 1.3239609 -0.2396898 0.7261913 -0.6119173 0.2018717
27574.953000 2.7004592 -2.0187602 1.3239326 -0.2397657 0.7262837 -0.6117649 0.2019113
27575.053000 2.7004606 -2.0187938 1.3239295 -0.2396669 0.7263288 -0.6117794 0.2018219
27575.153000 2.7004776 -2.0188044 1.3239270 -0.2396588 0.7263411 -0.6117722 0.2018093
27575.254000 2.7005154 -2.0188107 1.3239240 -0.2397261 0.7263308 -0.6117417 0.2018589
27575.353000 2.7003280 -2.0184202 1.3239494 -0.2396152 0.7262621 -0.6118918 0.2017830
27575.453000 2.7005096 -2.0188120 1.3239221 -0.2396163 0.7263751 -0.6117648 0.2017599
27575.553000 2.7003769 -2.0184291 1.3239448 -0.2396735 0.7262612 -0.6118574 0.2018211
27575.653000 2.7003641 -2.0184318 1.3239438 -0.2395736 0.7262983 -0.6118817 0.2017325
27575.753000 2.7003787 -2.0184390 1.3239418 -0.2395651 0.7263095 -0.6118758 0.2017203
27575.853000 2.7004100 -2.0184365 1.3239398 -0.2396314 0.7262959 -0.6118492 0.2017712
27575.953000 2.7004034 -2.0184544 1.3239378 -0.2395317 0.7263369 -0.6118689 0.2016823
27576.053000 2.7005892 -2.0188587 1.3239099 -0.2395326 0.7264529 -0.6117384 0.2016592
27576.153000 2.7006252 -2.0188678 1.3239072 -0.2395990 0.7264422 -0.6117084 0.2017100
27576.254000 2.7004477 -2.0184906 1.3239311 -0.2394897 0.7263787 -0.6118523 0.2016319
27576.353000 2.7004540 -2.0184798 1.3239303 -0.2394805 0.7263849 -0.6118523 0.2016203
27576.454000 2.7006559 -2.0188737 1.3239025 -0.2395561 0.7264758 -0.6117015 0.2016607
27576.553000 2.7004815 -2.0185040 1.3239260 -0.2394466 0.7264142 -0.6118433 0.2015823
27576.653000 2.7006608 -2.0188947 1.3238990 -0.2394471 0.7265263 -0.6117174 0.2015600
27576.763000 2.7006958 -2.0189024 1.3238965 -0.2395134 0.7265150 -0.6116881 0.2016111
27576.853000 2.7006875 -2.0189181 1.3238948 -0.2394130 0.7265551 -0.6117090 0.2015222
27576.953000 2.7005261 -2.0185195 1.3239194 -0.2393941 0.7264588 -0.6118311 0.2015212
27577.053000 2.7005517 -2.0185062 1.3239183 -0.2394602 0.7264416 -0.6118085 0.2015733
27577.153000 2.7005429 -2.0185212 1.3239167 -0.2393598 0.7264814 -0.6118298 0.2014846
27577.253000 2.7005547 -2.0185248 1.3239151 -0.2393507 0.7264909 -0.6118258 0.2014730
27577.353000 2.7007517 -2.0189090 1.3238880 -0.2394258 0.7265788 -0.6116785 0.2015139
27577.453000 2.7007511 -2.0189435 1.3238852 -0.2393257 0.7266237 -0.6116939 0.2014247
27577.553000 2.7006131 -2.0186001 1.3239063 -0.2393081 0.7265416 -0.6117989 0.2014225
27577.653000 2.7007843 -2.0189252 1.3238831 -0.2393819 0.7266137 -0.6116704 0.2014653
27577.754000 2.7007809 -2.0189535 1.3238807 -0.2392815 0.7266567 -0.6116878 0.2013763
27577.853000 2.7006219 -2.0185615 1.3239051 -0.2392626 0.7265617 -0.6118083 0.2013755
27577.953000 2.7008142 -2.0189361 1.3238787 -0.2393375 0.7266468 -0.6116643 0.2014171
27578.054000 2.7006361 -2.0185596 1.3239028 -0.2392273 0.7265829 -0.6118090 0.2013391
27578.153000 2.7008081 -2.0189362 1.3238769 -0.2392267 0.7266907 -0.6116883 0.2013174
27578.253000 2.7008473 -2.0189558 1.3238737 -0.2392930 0.7266819 -0.6116559 0.2013688
27578.353000 2.7062606 -2.0268564 1.3238985 -0.2399375 0.7263663 -0.6115943 0.2019268
27578.453000 2.7053532 -2.0256091 1.3240658 -0.2398644 0.7259004 -0.6121000 0.2021564
27578.553000 2.7053815 -2.0256358 1.3240620 -0.2398485 0.7259074 -0.6121030 0.2021411
27578.653000 2.7055459 -2.0260570 1.3240343 -0.2397372 0.7260543 -0.6120101 0.2020267
27578.753000 2.7054250 -2.0256791 1.3240559 -0.2398188 0.7259282 -0.6121000 0.2021108
27578.861000 2.7054395 -2.0256823 1.3240539 -0.2398055 0.7259353 -0.6121015 0.2020965
27578.953000 2.7056045 -2.0261051 1.3240259 -0.2396936 0.7260866 -0.6120046 0.2019792
27579.056000 2.7054808 -2.0257235 1.3240478 -0.2397760 0.7259630 -0.6120915 0.2020623
27579.153000 2.7115653 -2.0344540 1.3239658 -0.2398565 0.7261698 -0.6118224 0.2020386
27579.253000 2.7119013 -2.0348875 1.3239612 -0.2399269 0.7261532 -0.6117957 0.2020953
27579.353000 2.7175177 -2.0427552 1.3239646 -0.2399372 0.7261486 -0.6117938 0.2021057
27579.454000 2.7176974 -2.0430319 1.3239612 -0.2398379 0.7261826 -0.6118206 0.2020203
27579.553000 2.7228545 -2.0502492 1.3240409 -0.2398789 0.7260060 -0.6119710 0.2021505
27579.657000 2.7229976 -2.0504360 1.3240374 -0.2398659 0.7260124 -0.6119730 0.2021370
27579.754000 2.7288698 -2.0584742 1.3239899 -0.2399316 0.7260441 -0.6119154 0.2021197
27579.856000 2.7349278 -2.0671290 1.3239718 -0.2399031 0.7261156 -0.6118437 0.2021139
27579.954000 2.7349803 -2.0670650 1.3239863 -0.2398446 0.7260828 -0.6119286 0.2020438
27580.053000 2.7401563 -2.0744341 1.3240416 -0.2398782 0.7260020 -0.6119762 0.2021501
27580.154000 2.7402536 -2.0744556 1.3240626 -0.2397473 0.7259432 -0.6121282 0.2020561
27580.254000 2.7463981 -2.0830190 1.3239925 -0.2398497 0.7260627 -0.6119471 0.2020541
27580.353000 2.7467724 -2.0836843 1.3239629 -0.2398513 0.7261744 -0.6118210 0.2020325
27580.453000 2.7523454 -2.0914924 1.3239645 -0.2398578 0.7261749 -0.6118159 0.2020386
27580.553000 2.7574870 -2.0985729 1.3240696 -0.2397691 0.7259177 -0.6121389 0.2020896
27580.654000 2.7578865 -2.0992256 1.3240390 -0.2398694 0.7260086 -0.6119749 0.2021408
27580.755000 2.7640479 -2.1078249 1.3239657 -0.2399435 0.7261440 -0.6117943 0.2021131
27580.853000 2.7640804 -2.1077010 1.3239869 -0.2399216 0.7260475 -0.6119185 0.2021098
27580.953000 2.7697257 -2.1156387 1.3239915 -0.2398440 0.7260671 -0.6119464 0.2020472
27581.053000 2.7757428 -2.1242143 1.3239623 -0.2398760 0.7261672 -0.6118130 0.2020534
27581.155000 2.7753329 -2.1236291 1.3240396 -0.2398763 0.7260083 -0.6119705 0.2021468
27581.253000 2.7809715 -2.1315684 1.3240363 -0.2397838 0.7260402 -0.6119952 0.2020673
27581.353000 2.7816670 -2.1324913 1.3239636 -0.2398592 0.7261748 -0.6118152 0.2020392
27581.453000 2.7865713 -2.1392413 1.3240712 -0.2397952 0.7258967 -0.6121407 0.2021287
27581.553000 2.7869656 -2.1398865 1.3240398 -0.2398721 0.7260055 -0.6119766 0.2021436
27581.653000 2.7924168 -2.1473706 1.3240681 -0.2398689 0.7258938 -0.6121029 0.2021662
27581.754000 2.7926150 -2.1476299 1.3240645 -0.2398555 0.7259037 -0.6121024 0.2021482
27581.853000 2.7986687 -2.1562227 1.3239671 -0.2399403 0.7261383 -0.6118032 0.2021105
27581.953000 2.8045909 -2.1644042 1.3239873 -0.2398611 0.7260670 -0.6119358 0.2020591
27582.055000 2.8042392 -2.1638892 1.3240659 -0.2398664 0.7258998 -0.6120995 0.2021581
27582.153000 2.8106124 -2.1729759 1.3239674 -0.2398687 0.7261614 -0.6118225 0.2020540
27582.254000 2.8107732 -2.1731556 1.3239631 -0.2399362 0.7261495 -0.6117937 0.2021039
27582.353000 2.8156381 -2.1798408 1.3240666 -0.2398718 0.7258997 -0.6120954 0.2021644
27582.453000 2.8158628 -2.1801834 1.3240640 -0.2397499 0.7259387 -0.6121316 0.2020591
27582.553000 2.8216306 -2.1882123 1.3240658 -0.2398629 0.7259009 -0.6121005 0.2021550
27582.654000 2.8271887 -2.1959763 1.3240821 -0.2397624 0.7258618 -0.6122063 0.2020944
27582.753000 2.8274984 -2.1964158 1.3240668 -0.2398618 0.7258989 -0.6121033 0.2021551
27582.854000 2.8331214 -2.2043081 1.3240622 -0.2398820 0.7259041 -0.6120839 0.2021711
27582.953000 2.8340103 -2.2056847 1.3239648 -0.2398607 0.7261711 -0.6118184 0.2020414
27583.053000 2.8340575 -2.2057072 1.3239608 -0.2399251 0.7261541 -0.6117960 0.2020935
27583.154000 2.8338877 -2.2053387 1.3239835 -0.2398152 0.7260850 -0.6119461 0.2020180
27583.253000 2.8340766 -2.2057414 1.3239556 -0.2398150 0.7261949 -0.6118228 0.2019964
27583.353000 2.8341195 -2.2057597 1.3239519 -0.2398806 0.7261826 -0.6117948 0.2020475
27583.453000 2.8341188 -2.2057852 1.3239492 -0.2397811 0.7262224 -0.6118157 0.2019595
27583.554000 2.8341378 -2.2057984 1.3239465 -0.2397725 0.7262328 -0.6118106 0.2019477
27583.653000 2.8341731 -2.2058015 1.3239439 -0.2398385 0.7262192 -0.6117842 0.2019985
27583.753000 2.8341705 -2.2058245 1.3239414 -0.2397394 0.7262603 -0.6118034 0.2019098
27583.853000 2.8341880 -2.2058356 1.3239389 -0.2397310 0.7262718 -0.6117971 0.2018975
27583.953000 2.8342220 -2.2058369 1.3239365 -0.2397973 0.7262588 -0.6117699 0.2019481
27584.053000 2.8342183 -2.2058584 1.3239341 -0.2396980 0.7263005 -0.6117887 0.2018590
27584.153000 2.8342349 -2.2058685 1.3239318 -0.2396901 0.7263122 -0.6117819 0.2018468
27584.253000 2.8340979 -2.2054748 1.3239551 -0.2397469 0.7261954 -0.6118781 0.2019081
27584.353000 2.8342594 -2.2058784 1.3239278 -0.2396571 0.7263385 -0.6117763 0.2018083
27584.454000 2.8342858 -2.2059068 1.3239239 -0.2396500 0.7263562 -0.6117626 0.2017945
27584.557000 2.8343062 -2.2058896 1.3239236 -0.2397143 0.7263369 -0.6117429 0.2018476
27584.654000 2.8343021 -2.2059109 1.3239213 -0.2396151 0.7263791 -0.6117611 0.2017583
27584.753000 2.8343175 -2.2059191 1.3239191 -0.2396068 0.7263907 -0.6117547 0.2017459
27584.853000 2.8341806 -2.2055270 1.3239425 -0.2396639 0.7262742 -0.6118503 0.2018076
27584.953000 2.8343378 -2.2059234 1.3239158 -0.2395732 0.7264153 -0.6117511 0.2017081
27585.053000 2.8343575 -2.2059428 1.3239130 -0.2395650 0.7264297 -0.6117414 0.2016955
27585.155000 2.8343885 -2.2059399 1.3239110 -0.2396312 0.7264159 -0.6117149 0.2017465
27585.253000 2.8342115 -2.2055636 1.3239348 -0.2395220 0.7263527 -0.6118585 0.2016684
27585.353000 2.8343899 -2.2059511 1.3239080 -0.2395224 0.7264642 -0.6117333 0.2016459
27585.453000 2.8342555 -2.2055656 1.3239311 -0.2395794 0.7263493 -0.6118272 0.2017075
27585.553000 2.8344095 -2.2059564 1.3239048 -0.2394884 0.7264886 -0.6117301 0.2016084
27585.653000 2.8342613 -2.2055879 1.3239274 -0.2394706 0.7264003 -0.6118424 0.2016066
27585.753000 2.8342841 -2.2055670 1.3239267 -0.2395363 0.7263815 -0.6118220 0.2016584
27585.853000 2.8344480 -2.2059814 1.3238990 -0.2394457 0.7265270 -0.6117176 0.2015587
27585.953000 2.8344659 -2.2059982 1.3238964 -0.2394370 0.7265403 -0.6117092 0.2015465
27586.053000 2.8343217 -2.2055908 1.3239210 -0.2394934 0.7264193 -0.6118102 0.2016090
27586.153000 2.8343097 -2.2055980 1.3239199 -0.2393928 0.7264571 -0.6118338 0.2015205
27586.254000 2.8343217 -2.2056019 1.3239183 -0.2393837 0.7264669 -0.6118296 0.2015087
27586.354000 2.8343507 -2.2055961 1.3239167 -0.2394497 0.7264519 -0.6118047 0.2015603
27586.454000 2.8345134 -2.2060091 1.3238891 -0.2393587 0.7265967 -0.6117011 0.2014607
27586.554000 2.8343604 -2.2056305 1.3239125 -0.2393403 0.7265054 -0.6118171 0.2014595
27586.653000 2.8343819 -2.2056080 1.3239120 -0.2394060 0.7264857 -0.6117976 0.2015118
27586.756000 2.8345442 -2.2060204 1.3238844 -0.2393147 0.7266303 -0.6116944 0.2014121
27586.853000 2.8343907 -2.2056411 1.3239080 -0.2392962 0.7265387 -0.6118108 0.2014110
27586.955000 2.8345833 -2.2060160 1.3238815 -0.2393711 0.7266240 -0.6116666 0.2014525
27587.054000 2.8344089 -2.2056478 1.3239051 -0.2392612 0.7265623 -0.6118085 0.2013743
27587.153000 2.8344127 -2.2056336 1.3239047 -0.2392514 0.7265670 -0.6118104 0.2013632
27587.253000 2.8346119 -2.2060243 1.3238772 -0.2393266 0.7266563 -0.6116615 0.2014043
27587.353000 2.8346070 -2.2060499 1.3238750 -0.2392260 0.7266985 -0.6116800 0.2013154
27587.453000 2.8344440 -2.2056492 1.3239000 -0.2392068 0.7266010 -0.6118033 0.2013150
27587.553000 2.8346393 -2.2060312 1.3238732 -0.2392817 0.7266879 -0.6116572 0.2013565
27587.653000 2.8344641 -2.2056617 1.3238969 -0.2391716 0.7266257 -0.6117998 0.2012783
27587.753000 2.8346385 -2.2060447 1.3238706 -0.2391710 0.7267351 -0.6116773 0.2012566
27587.853000 2.8345010 -2.2056543 1.3238943 -0.2392275 0.7266179 -0.6117738 0.2013192
27587.953000 2.8401246 -2.2141906 1.3238696 -0.2399349 0.7264899 -0.6114588 0.2018956
27588.053000 2.8391441 -2.2127058 1.3240652 -0.2398656 0.7259033 -0.6120959 0.2021570
27588.153000 2.8391633 -2.2127144 1.3240628 -0.2398513 0.7259059 -0.6121028 0.2021439
27588.254000 2.8393352 -2.2131495 1.3240339 -0.2397383 0.7260559 -0.6120076 0.2020274
27588.353000 2.8449772 -2.2210742 1.3240424 -0.2397712 0.7260357 -0.6120066 0.2020641
27588.454000 2.8449719 -2.2208502 1.3240637 -0.2398538 0.7259076 -0.6120991 0.2021462
27588.554000 2.8449899 -2.2208580 1.3240613 -0.2398396 0.7259110 -0.6121049 0.2021332
27588.653000 2.8451577 -2.2212842 1.3240330 -0.2397267 0.7260597 -0.6120112 0.2020167
27588.753000 2.8450363 -2.2209057 1.3240547 -0.2398084 0.7259341 -0.6121005 0.2021006
27588.854000 2.8452245 -2.2213108 1.3240269 -0.2398051 0.7260478 -0.6119752 0.2020753
27588.953000 2.8450495 -2.2209483 1.3240493 -0.2396742 0.7259921 -0.6121243 0.2019793
27589.053000 2.8450857 -2.2209363 1.3240475 -0.2397656 0.7259664 -0.6120949 0.2020521
27589.153000 2.8452737 -2.2213430 1.3240197 -0.2397629 0.7260829 -0.6119663 0.2020260
27589.253000 2.8451005 -2.2209864 1.3240418 -0.2396326 0.7260305 -0.6121115 0.2019293
27589.355000 2.8509402 -2.2293501 1.3240145 -0.2399031 0.7260550 -0.6119090 0.2021335
27589.453000 2.8571072 -2.2379995 1.3239637 -0.2398655 0.7261727 -0.6118135 0.2020445
27589.553000 2.8624580 -2.2453236 1.3240390 -0.2398367 0.7259243 -0.6120929 0.2021253
27589.653000 2.8682157 -2.2535681 1.3240501 -0.2398142 0.7259749 -0.6120345 0.2021469
27589.754000 2.8745322 -2.2623614 1.3239708 -0.2399012 0.7261277 -0.6118308 0.2021117
27589.853000 2.8745891 -2.2622407 1.3239884 -0.2399269 0.7260462 -0.6119163 0.2021148
27589.953000 2.8747569 -2.2626499 1.3239607 -0.2398353 0.7261810 -0.6118243 0.2020180
27590.055000 2.8747851 -2.2626804 1.3239569 -0.2398259 0.7261911 -0.6118195 0.2020072
27590.154000 2.8746527 -2.2622930 1.3239795 -0.2398815 0.7260705 -0.6119202 0.2020698
27590.253000 2.8746455 -2.2623031 1.3239778 -0.2397814 0.7261054 -0.6119468 0.2019825
27590.353000 2.8748375 -2.2627152 1.3239492 -0.2397823 0.7262207 -0.6118171 0.2019598
27590.453000 2.8796739 -2.2693864 1.3240675 -0.2398687 0.7258967 -0.6121002 0.2021641
27590.553000 2.8912779 -2.2857862 1.3240491 -0.2398871 0.7259898 -0.6119815 0.2021675
27590.653000 2.8976779 -2.2945612 1.3239894 -0.2399457 0.7260458 -0.6119034 0.2021331
27590.753000 2.9036335 -2.3030240 1.3239689 -0.2399350 0.7261308 -0.6118122 0.2021165
27590.853000 2.9087308 -2.3100687 1.3240684 -0.2397667 0.7259261 -0.6121327 0.2020813
27590.955000 2.9089277 -2.3103261 1.3240646 -0.2397527 0.7259376 -0.6121310 0.2020617
27591.054000 2.9089748 -2.3103331 1.3240614 -0.2398428 0.7259098 -0.6121041 0.2021360
27591.153000 2.9089965 -2.3103513 1.3240585 -0.2398294 0.7259182 -0.6121040 0.2021222
27591.253000 2.9091647 -2.3107800 1.3240300 -0.2397171 0.7260691 -0.6120076 0.2020053
27591.353000 2.9090406 -2.3103960 1.3240521 -0.2397988 0.7259434 -0.6120971 0.2020888
27591.453000 2.9092246 -2.3107922 1.3240249 -0.2397956 0.7260558 -0.6119734 0.2020634
27591.553000 2.9090526 -2.3104371 1.3240468 -0.2396650 0.7260027 -0.6121193 0.2019670
27591.654000 2.9092587 -2.3108185 1.3240198 -0.2397660 0.7260816 -0.6119658 0.2020288
27591.754000 2.9092826 -2.3108464 1.3240163 -0.2397543 0.7260984 -0.6119557 0.2020130
27591.854000 2.9092742 -2.3108711 1.3240139 -0.2396332 0.7261471 -0.6119808 0.2019057
27591.953000 2.9091415 -2.3104705 1.3240371 -0.2397154 0.7260203 -0.6120716 0.2019888
27592.053000 2.9091516 -2.3104681 1.3240357 -0.2397031 0.7260298 -0.6120701 0.2019737
27592.155000 2.9091420 -2.3104910 1.3240334 -0.2395820 0.7260784 -0.6120952 0.2018664
27592.253000 2.9093487 -2.3108770 1.3240062 -0.2396833 0.7261597 -0.6119388 0.2019280
27592.353000 2.9091977 -2.3105049 1.3240287 -0.2396615 0.7260715 -0.6120536 0.2019232
27592.454000 2.9091922 -2.3105282 1.3240258 -0.2395419 0.7261221 -0.6120763 0.2018142
27592.553000 2.9093974 -2.3109137 1.3239988 -0.2396426 0.7262031 -0.6119204 0.2018761
27592.653000 2.9092456 -2.3105387 1.3240215 -0.2396211 0.7261143 -0.6120358 0.2018714
27592.754000 2.9092290 -2.3105472 1.3240203 -0.2394995 0.7261592 -0.6120652 0.2017645
27592.853000 2.9092660 -2.3105414 1.3240183 -0.2395911 0.7261372 -0.6120317 0.2018368
27592.953000 2.9094497 -2.3109428 1.3239909 -0.2395883 0.7262536 -0.6119032 0.2018107
27593.053000 2.9092732 -2.3105814 1.3240136 -0.2394577 0.7262008 -0.6120489 0.2017140
27593.153000 2.9093044 -2.3105626 1.3240125 -0.2395489 0.7261754 -0.6120195 0.2017866
27593.253000 2.9093173 -2.3105691 1.3240106 -0.2395365 0.7261873 -0.6120151 0.2017715
27593.353000 2.9094755 -2.3109832 1.3239833 -0.2394245 0.7263393 -0.6119175 0.2016536
27593.453000 2.9093467 -2.3105943 1.3240062 -0.2395067 0.7262159 -0.6120044 0.2017365
27593.553000 2.9095239 -2.3109819 1.3239797 -0.2395034 0.7263284 -0.6118806 0.2017109
27593.654000 2.9093499 -2.3106270 1.3240021 -0.2393728 0.7262771 -0.6120244 0.2016142
27593.754000 2.9093766 -2.3105990 1.3240017 -0.2394635 0.7262490 -0.6119983 0.2016873
27593.854000 2.9095551 -2.3109902 1.3239750 -0.2394601 0.7263623 -0.6118735 0.2016617
27593.953000 2.9093826 -2.3106393 1.3239972 -0.2393297 0.7263119 -0.6120162 0.2015651
27594.053000 2.9095805 -2.3110082 1.3239712 -0.2394297 0.7263886 -0.6118656 0.2016273
27594.153000 2.9094272 -2.3106309 1.3239942 -0.2394078 0.7262988 -0.6119822 0.2016228
27594.254000 2.9094083 -2.3106363 1.3239934 -0.2392856 0.7263424 -0.6120133 0.2015164
27594.353000 2.9096129 -2.3110216 1.3239663 -0.2393861 0.7264232 -0.6118577 0.2015783
27594.453000 2.9096308 -2.3110417 1.3239637 -0.2393738 0.7264382 -0.6118497 0.2015633
27594.553000 2.9094452 -2.3106608 1.3239879 -0.2392421 0.7263798 -0.6120021 0.2014673
27594.653000 2.9094739 -2.3106387 1.3239872 -0.2393327 0.7263528 -0.6119746 0.2015404
27594.754000 2.9096561 -2.3110402 1.3239600 -0.2393294 0.7264684 -0.6118470 0.2015150
27594.853000 2.9096469 -2.3110690 1.3239577 -0.2392074 0.7265181 -0.6118710 0.2014080
27594.953000 2.9095091 -2.3106608 1.3239820 -0.2392886 0.7263891 -0.6119648 0.2014917
27595.053000 2.9095137 -2.3106509 1.3239814 -0.2392753 0.7263961 -0.6119665 0.2014774
27595.153000 2.9094989 -2.3106670 1.3239800 -0.2391531 0.7264421 -0.6119946 0.2013709
27595.253000 2.9095322 -2.3106563 1.3239787 -0.2392437 0.7264180 -0.6119638 0.2014439
27595.354000 2.9095419 -2.3106584 1.3239773 -0.2392306 0.7264280 -0.6119618 0.2014294
27595.453000 2.9095266 -2.3106739 1.3239760 -0.2391083 0.7264739 -0.6119902 0.2013230
27595.553000 2.9095595 -2.3106628 1.3239747 -0.2391989 0.7264495 -0.6119597 0.2013961
27595.654000 2.9097385 -2.3110584 1.3239478 -0.2391949 0.7265634 -0.6118343 0.2013708
27595.753000 2.9095585 -2.3106917 1.3239713 -0.2390634 0.7265082 -0.6119828 0.2012749
27595.853000 2.9097555 -2.3110619 1.3239453 -0.2391629 0.7265845 -0.6118328 0.2013375
27595.953000 2.9083165 -2.3111303 1.3240406 -0.2363257 0.7271710 -0.6129517 0.1991548
27596.053000 2.9081498 -2.3107867 1.3240623 -0.2362163 0.7271019 -0.6131007 0.1990782
27596.153000 2.9081392 -2.3107994 1.3240605 -0.2360915 0.7271396 -0.6131385 0.1989722
27596.255000 2.9081842 -2.3108043 1.3240575 -0.2361808 0.7271150 -0.6131098 0.1990447
27596.353000 2.9082043 -2.3108205 1.3240547 -0.2361664 0.7271254 -0.6131080 0.1990292
27596.455000 2.9081987 -2.3108488 1.3240520 -0.2360432 0.7271721 -0.6131350 0.1989214
27596.554000 2.9074873 -2.3115594 1.3240421 -0.2327419 0.7283205 -0.6139310 0.1961355
27596.655000 2.9074866 -2.3116178 1.3240375 -0.2325860 0.7283773 -0.6139659 0.1960005
27596.753000 2.9074846 -2.3116506 1.3240344 -0.2324599 0.7284199 -0.6139975 0.1958926
27596.853000 2.9075297 -2.3116560 1.3240315 -0.2325477 0.7283961 -0.6139697 0.1959641
27596.953000 2.9075499 -2.3116723 1.3240286 -0.2325319 0.7284068 -0.6139683 0.1959474
27597.056000 2.9070920 -2.3126917 1.3239762 -0.2290588 0.7296019 -0.6147899 0.1929938
27597.153000 2.9069992 -2.3123730 1.3239888 -0.2290055 0.7295634 -0.6148816 0.1929104
27597.253000 2.9071536 -2.3127830 1.3239614 -0.2289076 0.7296970 -0.6147904 0.1928116
27597.353000 2.9070258 -2.3124226 1.3239826 -0.2288860 0.7296060 -0.6149082 0.1928061
27597.453000 2.9070577 -2.3124135 1.3239807 -0.2289471 0.7295874 -0.6148921 0.1928554
27597.554000 2.9070573 -2.3124395 1.3239779 -0.2288425 0.7296264 -0.6149135 0.1927636
27597.653000 2.9070769 -2.3124536 1.3239752 -0.2288294 0.7296376 -0.6149098 0.1927485
27597.753000 2.9072734 -2.3128612 1.3239467 -0.2288996 0.7297312 -0.6147604 0.1927874
27597.855000 2.9071155 -2.3124935 1.3239692 -0.2287879 0.7296699 -0.6149010 0.1927038
27597.955000 2.9058066 -2.3124342 1.3240410 -0.2253359 0.7306477 -0.6158889 0.1898911
27598.053000 2.9058277 -2.3124799 1.3240367 -0.2252829 0.7306695 -0.6158967 0.1898442
27598.153000 2.9056936 -2.3120942 1.3240592 -0.2252563 0.7305729 -0.6160241 0.1898346
27598.255000 2.9056846 -2.3121117 1.3240571 -0.2251278 0.7306137 -0.6160566 0.1897243
27598.353000 2.9057284 -2.3121158 1.3240543 -0.2252136 0.7305932 -0.6160284 0.1897931
27598.455000 2.9057475 -2.3121306 1.3240516 -0.2251954 0.7306056 -0.6160263 0.1897739
27598.553000 2.9057407 -2.3121569 1.3240489 -0.2250680 0.7306523 -0.6160517 0.1896623
27598.654000 2.9057823 -2.3121578 1.3240464 -0.2251543 0.7306338 -0.6160213 0.1897304
27598.754000 2.9059558 -2.3125752 1.3240183 -0.2251443 0.7307530 -0.6158921 0.1897025
27598.854000 2.9059522 -2.3126117 1.3240151 -0.2250172 0.7308040 -0.6159126 0.1895901
27598.954000 2.9058392 -2.3122132 1.3240378 -0.2250962 0.7306826 -0.6160043 0.1896662
27599.055000 2.9060018 -2.3126039 1.3240114 -0.2250856 0.7307959 -0.6158824 0.1896384
27599.153000 2.9059986 -2.3126431 1.3240081 -0.2249588 0.7308481 -0.6159014 0.1895260
27599.253000 2.9060375 -2.3126400 1.3240059 -0.2250452 0.7308301 -0.6158703 0.1895939
27599.353000 2.9116082 -2.3213057 1.3239646 -0.2252736 0.7308305 -0.6157378 0.1897514
27599.453000 2.9117991 -2.3215844 1.3239612 -0.2252674 0.7308337 -0.6157385 0.1897444
27599.554000 2.9118396 -2.3215947 1.3239581 -0.2253271 0.7308180 -0.6157202 0.1897930
27599.654000 2.9118403 -2.3216225 1.3239552 -0.2252205 0.7308554 -0.6157433 0.1897005
27599.753000 2.9169947 -2.3294862 1.3239681 -0.2253643 0.7307873 -0.6157290 0.1898383
27599.854000 2.9171192 -2.3295335 1.3239884 -0.2252663 0.7307267 -0.6158614 0.1897587
27599.953000 2.9171541 -2.3295280 1.3239863 -0.2253255 0.7307058 -0.6158494 0.1898078
27600.053000 2.9173120 -2.3299617 1.3239574 -0.2252263 0.7308479 -0.6157481 0.1897072
27600.153000 2.9173381 -2.3299908 1.3239537 -0.2252116 0.7308610 -0.6157427 0.1896914
27600.254000 2.9172208 -2.3295960 1.3239765 -0.2252648 0.7307442 -0.6158446 0.1897473
27600.354000 2.9225419 -2.3384708 1.3239291 -0.2252496 0.7309024 -0.6156389 0.1898237
27600.453000 2.9227438 -2.3383002 1.3239632 -0.2252799 0.7308310 -0.6157317 0.1897617
27600.553000 2.9227930 -2.3382976 1.3239609 -0.2253420 0.7308108 -0.6157189 0.1898072
27600.653000 2.9227950 -2.3383270 1.3239578 -0.2252351 0.7308467 -0.6157437 0.1897152
27600.754000 2.9228167 -2.3383440 1.3239549 -0.2252201 0.7308560 -0.6157429 0.1896999
27600.853000 2.9228547 -2.3383510 1.3239521 -0.2252806 0.7308433 -0.6157212 0.1897476
27600.954000 2.9228534 -2.3383759 1.3239493 -0.2251746 0.7308828 -0.6157418 0.1896543
27601.053000 2.9228725 -2.3383893 1.3239466 -0.2251603 0.7308948 -0.6157379 0.1896380
27601.156000 2.9275309 -2.3455620 1.3240405 -0.2253007 0.7306623 -0.6158935 0.1898614
27601.254000 2.9276161 -2.3455127 1.3240627 -0.2252802 0.7305623 -0.6160210 0.1898569
27601.353000 2.9276086 -2.3455323 1.3240604 -0.2251512 0.7306013 -0.6160558 0.1897470
27601.455000 2.9278101 -2.3459434 1.3240319 -0.2252443 0.7306849 -0.6159038 0.1898080
27601.553000 2.9278350 -2.3459721 1.3240283 -0.2252259 0.7306997 -0.6158990 0.1897888
27601.653000 2.9330115 -2.3539165 1.3240410 -0.2253013 0.7306609 -0.6158945 0.1898628
27601.753000 2.9330995 -2.3538704 1.3240630 -0.2252789 0.7305625 -0.6160215 0.1898559
27601.855000 2.9330923 -2.3538903 1.3240608 -0.2251499 0.7306013 -0.6160565 0.1897461
27601.954000 2.9332924 -2.3542975 1.3240325 -0.2252426 0.7306838 -0.6159060 0.1898071
27602.053000 2.9333189 -2.3543304 1.3240286 -0.2252245 0.7306994 -0.6159001 0.1897880
27602.153000 2.9390395 -2.3631055 1.3239652 -0.2252876 0.7308252 -0.6157350 0.1897640
27602.253000 2.9392488 -2.3633735 1.3239617 -0.2253509 0.7308077 -0.6157170 0.1898150
27602.353000 2.9392513 -2.3634033 1.3239586 -0.2252439 0.7308432 -0.6157423 0.1897232
27602.453000 2.9392733 -2.3634208 1.3239556 -0.2252288 0.7308521 -0.6157419 0.1897079
27602.555000 2.9393115 -2.3634280 1.3239527 -0.2252893 0.7308391 -0.6157205 0.1897557
27602.653000 2.9393104 -2.3634532 1.3239500 -0.2251832 0.7308784 -0.6157413 0.1896625
27602.753000 2.9391749 -2.3630657 1.3239729 -0.2251615 0.7307858 -0.6158616 0.1896546
27602.853000 2.9445326 -2.3714373 1.3239673 -0.2253630 0.7307941 -0.6157237 0.1898313
27602.953000 2.9447107 -2.3717393 1.3239623 -0.2252653 0.7308338 -0.6157394 0.1897431
27603.055000 2.9445795 -2.3713578 1.3239848 -0.2252422 0.7307362 -0.6158656 0.1897368
27603.153000 2.9447691 -2.3717555 1.3239570 -0.2253095 0.7308229 -0.6157258 0.1897770
27603.253000 2.9447740 -2.3717950 1.3239533 -0.2252034 0.7308644 -0.6157440 0.1896840
27603.355000 2.9447942 -2.3718099 1.3239505 -0.2251888 0.7308753 -0.6157413 0.1896680
27603.454000 2.9493742 -2.3786784 1.3240661 -0.2252978 0.7305552 -0.6160178 0.1898738
27603.554000 2.9496885 -2.3793543 1.3240382 -0.2251801 0.7306966 -0.6159287 0.1897584
27603.653000 2.9495850 -2.3789734 1.3240597 -0.2252578 0.7305718 -0.6160243 0.1898363
27603.753000 2.9497593 -2.3793879 1.3240317 -0.2252464 0.7306853 -0.6159021 0.1898096
27603.854000 2.9497575 -2.3794253 1.3240283 -0.2251188 0.7307325 -0.6159269 0.1896986
27603.954000 2.9548478 -2.3870245 1.3240681 -0.2252993 0.7305473 -0.6160247 0.1898803
27604.054000 2.9603117 -2.3953944 1.3240680 -0.2251931 0.7305809 -0.6160519 0.1897886
27604.156000 2.9712252 -2.4118276 1.3240637 -0.2253334 0.7305430 -0.6160225 0.1898635
27604.253000 2.9768930 -2.4207717 1.3240453 -0.2253114 0.7306360 -0.6159145 0.1898820
27604.353000 2.9771188 -2.4211632 1.3240385 -0.2251855 0.7306988 -0.6159227 0.1897629
27604.454000 2.9828224 -2.4298461 1.3239848 -0.2252973 0.7307495 -0.6157985 0.1898383
27604.553000 2.9829574 -2.4298534 1.3239889 -0.2252681 0.7307260 -0.6158610 0.1897605
27604.653000 2.9831319 -2.4302624 1.3239609 -0.2252595 0.7308335 -0.6157436 0.1897377
27604.753000 2.9831768 -2.4302847 1.3239571 -0.2253197 0.7308218 -0.6157206 0.1897859
27604.853000 2.9830207 -2.4299068 1.3239800 -0.2252059 0.7307540 -0.6158685 0.1897019
27604.954000 2.9831927 -2.4303147 1.3239521 -0.2251983 0.7308670 -0.6157447 0.1896777
27605.053000 2.9830797 -2.4299315 1.3239742 -0.2252521 0.7307541 -0.6158419 0.1897332
27605.153000 2.9830712 -2.4299387 1.3239727 -0.2251459 0.7307901 -0.6158667 0.1896399
27605.255000 2.9832459 -2.4303560 1.3239442 -0.2251393 0.7309081 -0.6157369 0.1896149
27605.354000 2.9831328 -2.4299746 1.3239663 -0.2251937 0.7307975 -0.6158312 0.1896701
27605.453000 2.9832775 -2.4303805 1.3239392 -0.2250950 0.7309388 -0.6157310 0.1895678
27605.553000 2.9832996 -2.4304039 1.3239360 -0.2250812 0.7309553 -0.6157218 0.1895508
27605.653000 2.9883093 -2.4380041 1.3239971 -0.2253212 0.7306663 -0.6158875 0.1898413
27605.755000 2.9932371 -2.4455605 1.3240676 -0.2251959 0.7305815 -0.6160497 0.1897900
27605.853000 2.9992846 -2.4548924 1.3239665 -0.2252896 0.7308192 -0.6157407 0.1897665
27605.953000 2.9994499 -2.4549354 1.3239873 -0.2253434 0.7307033 -0.6158410 0.1898234
27606.054000 2.9996023 -2.4553535 1.3239594 -0.2252437 0.7308399 -0.6157462 0.1897234
27606.153000 2.9996292 -2.4553836 1.3239556 -0.2252288 0.7308521 -0.6157419 0.1897079
27606.253000 2.9996673 -2.4553909 1.3239527 -0.2252893 0.7308391 -0.6157205 0.1897557
27606.353000 2.9996663 -2.4554161 1.3239500 -0.2251832 0.7308784 -0.6157413 0.1896625
27606.453000 2.9995292 -2.4550247 1.3239732 -0.2251616 0.7307847 -0.6158628 0.1896549
27606.557000 2.9995604 -2.4550161 1.3239714 -0.2252224 0.7307706 -0.6158428 0.1897021
27606.653000 2.9995575 -2.4550387 1.3239688 -0.2251166 0.7308115 -0.6158618 0.1896082
27606.754000 2.9997300 -2.4554514 1.3239407 -0.2251102 0.7309288 -0.6157326 0.1895833
27606.853000 2.9997710 -2.4554698 1.3239372 -0.2251718 0.7309230 -0.6157027 0.1896297
27606.954000 2.9996123 -2.4550897 1.3239605 -0.2250587 0.7308600 -0.6158452 0.1895439
27607.053000 2.9997789 -2.4554882 1.3239333 -0.2250520 0.7309744 -0.6157196 0.1895189
27607.153000 3.0048776 -2.4634248 1.3239661 -0.2252755 0.7308259 -0.6157411 0.1897560
27607.255000 3.0103664 -2.4717891 1.3239659 -0.2252884 0.7308230 -0.6157367 0.1897661
27607.356000 3.0154236 -2.4794870 1.3240411 -0.2253109 0.7306576 -0.6158923 0.1898712
27607.453000 3.0258225 -2.4951737 1.3240658 -0.2253133 0.7305518 -0.6160121 0.1898868
27607.553000 3.0269997 -2.4971213 1.3239645 -0.2252778 0.7308262 -0.6157402 0.1897547
27607.655000 3.0270293 -2.4971547 1.3239605 -0.2252623 0.7308357 -0.6157393 0.1897398
27607.753000 3.0317759 -2.5042750 1.3240526 -0.2252577 0.7305635 -0.6160271 0.1898593
27607.853000 3.0318481 -2.5043327 1.3240653 -0.2252905 0.7305551 -0.6160227 0.1898669
27607.954000 3.0318718 -2.5043536 1.3240622 -0.2252711 0.7305626 -0.6160264 0.1898490
27608.054000 3.0318685 -2.5043850 1.3240591 -0.2251425 0.7306057 -0.6160563 0.1897387
27608.153000 3.0319132 -2.5043902 1.3240563 -0.2252281 0.7305844 -0.6160291 0.1898078
27608.253000 3.0319328 -2.5044058 1.3240535 -0.2252097 0.7305962 -0.6160276 0.1897888
27608.353000 3.0319265 -2.5044330 1.3240508 -0.2250822 0.7306425 -0.6160536 0.1896774
27608.453000 3.0321265 -2.5048437 1.3240223 -0.2251760 0.7307302 -0.6158969 0.1897371
27608.554000 3.0321473 -2.5048648 1.3240193 -0.2251583 0.7307460 -0.6158907 0.1897173
27608.653000 3.0321391 -2.5048893 1.3240168 -0.2250312 0.7307935 -0.6159152 0.1896054
27608.753000 3.0320235 -2.5044836 1.3240400 -0.2251101 0.7306701 -0.6160094 0.1896817
27608.854000 3.0320348 -2.5044817 1.3240385 -0.2250922 0.7306809 -0.6160091 0.1896622
27608.954000 3.0320254 -2.5045044 1.3240362 -0.2249651 0.7307288 -0.6160332 0.1895501
27609.053000 3.0322178 -2.5048991 1.3240088 -0.2250590 0.7308142 -0.6158792 0.1896099
27609.153000 3.0320845 -2.5045233 1.3240310 -0.2250340 0.7307281 -0.6159941 0.1895979
27609.254000 3.0320679 -2.5045298 1.3240299 -0.2249064 0.7307718 -0.6160233 0.1894864
27609.353000 3.0321170 -2.5045418 1.3240260 -0.2249945 0.7307597 -0.6159852 0.1895521
27609.454000 3.0322803 -2.5049412 1.3239994 -0.2249836 0.7308747 -0.6158610 0.1895251
27609.553000 3.0321205 -2.5045759 1.3240219 -0.2248490 0.7308218 -0.6160050 0.1894211
27609.653000 3.0323077 -2.5049594 1.3239953 -0.2249423 0.7309045 -0.6158543 0.1894810
27609.753000 3.0323279 -2.5049831 1.3239923 -0.2249247 0.7309225 -0.6158455 0.1894609
27609.854000 3.0321605 -2.5045978 1.3240160 -0.2247899 0.7308644 -0.6159956 0.1893574
27609.953000 3.0323474 -2.5049810 1.3239894 -0.2248832 0.7309470 -0.6158450 0.1894173
27610.053000 3.0323672 -2.5050042 1.3239864 -0.2248656 0.7309648 -0.6158365 0.1893973
27610.153000 3.0323552 -2.5050231 1.3239845 -0.2247381 0.7310118 -0.6158616 0.1892855
27610.253000 3.0323921 -2.5050173 1.3239827 -0.2248241 0.7309931 -0.6158315 0.1893535
27610.353000 3.0322493 -2.5046182 1.3240066 -0.2247986 0.7309009 -0.6159537 0.1893424
27610.455000 3.0322320 -2.5046238 1.3240056 -0.2246708 0.7309443 -0.6159831 0.1892309
27610.553000 3.0324225 -2.5050180 1.3239783 -0.2247641 0.7310296 -0.6158294 0.1892907
27610.653000 3.0324414 -2.5050401 1.3239755 -0.2247462 0.7310468 -0.6158216 0.1892710
27610.753000 3.0322728 -2.5046526 1.3239996 -0.2246111 0.7309878 -0.6159726 0.1891676
27610.853000 3.0324566 -2.5050300 1.3239734 -0.2247041 0.7310685 -0.6158243 0.1892281
27610.954000 3.0324764 -2.5050549 1.3239704 -0.2246860 0.7310865 -0.6158157 0.1892082
27611.053000 3.0323074 -2.5046668 1.3239946 -0.2245507 0.7310272 -0.6159671 0.1891049
27611.153000 3.0323382 -2.5046463 1.3239937 -0.2246361 0.7310043 -0.6159421 0.1891735
27611.254000 3.0323497 -2.5046501 1.3239922 -0.2246178 0.7310166 -0.6159401 0.1891543
27611.355000 3.0323358 -2.5046663 1.3239906 -0.2244898 0.7310624 -0.6159667 0.1890428
27611.454000 3.0325249 -2.5050589 1.3239635 -0.2245827 0.7311469 -0.6158140 0.1891029
27611.554000 3.0323869 -2.5046737 1.3239867 -0.2245571 0.7310578 -0.6159325 0.1890918
27611.653000 3.0325217 -2.5050778 1.3239605 -0.2244361 0.7312044 -0.6158393 0.1889723
27611.753000 3.0325628 -2.5050852 1.3239580 -0.2245218 0.7311886 -0.6158059 0.1890405
27611.853000 3.0324181 -2.5046829 1.3239823 -0.2244959 0.7310950 -0.6159298 0.1890298
27611.953000 3.0325524 -2.5050864 1.3239562 -0.2243748 0.7312413 -0.6158368 0.1889104
27612.053000 3.0324409 -2.5046963 1.3239790 -0.2244531 0.7311220 -0.6159265 0.1889868
27612.153000 3.0325969 -2.5050784 1.3239534 -0.2244414 0.7312323 -0.6158080 0.1889600
27612.255000 3.0324330 -2.5047048 1.3239768 -0.2243060 0.7311763 -0.6159555 0.1888567
27612.355000 3.0326190 -2.5050911 1.3239502 -0.2243985 0.7312589 -0.6158052 0.1889172
27612.453000 3.0326321 -2.5051012 1.3239483 -0.2243800 0.7312723 -0.6158018 0.1888983
27612.553000 3.0324615 -2.5047099 1.3239729 -0.2242441 0.7312117 -0.6159549 0.1887952
27612.653000 3.0324903 -2.5046867 1.3239724 -0.2243290 0.7311876 -0.6159314 0.1888641
27612.753000 3.0324999 -2.5046877 1.3239711 -0.2243101 0.7311986 -0.6159310 0.1888453
27612.853000 3.0324842 -2.5047011 1.3239699 -0.2241816 0.7312432 -0.6159590 0.1887341
27612.953000 3.0325175 -2.5046899 1.3239687 -0.2242666 0.7312221 -0.6159319 0.1888029
27613.053000 2.9720628 -2.5803483 1.3240723 -0.1852736 0.7416851 -0.6254569 0.1561428
27613.154000 2.9703420 -2.5831498 1.3240399 -0.1840386 0.7421265 -0.6255627 0.1550789
27613.253000 2.9697966 -2.5829123 1.3240632 -0.1821295 0.7424896 -0.6260846 0.1534800
27613.353000 2.9672888 -2.5842246 1.3240417 -0.1713022 0.7451446 -0.6281491 0.1443735
27613.455000 2.9676053 -2.5849808 1.3239701 -0.1711058 0.7453461 -0.6280170 0.1441411
27613.556000 2.9680112 -2.5844491 1.3239900 -0.1730529 0.7448035 -0.6277506 0.1457724
27613.653000 2.9677393 -2.5851407 1.3239539 -0.1713133 0.7453412 -0.6279343 0.1442799
27613.753000 2.9676594 -2.5851017 1.3239591 -0.1710696 0.7453972 -0.6279808 0.1440773
27613.853000 2.9680406 -2.5845302 1.3239828 -0.1730046 0.7448428 -0.6277301 0.1457171
27613.953000 2.9675971 -2.5846643 1.3239870 -0.1713526 0.7452122 -0.6280584 0.1443595
27614.053000 2.9672430 -2.5841726 1.3240446 -0.1712100 0.7451801 -0.6281478 0.1443054
27614.153000 2.9676318 -2.5836915 1.3240601 -0.1729894 0.7446903 -0.6278995 0.1457848
27614.253000 2.9673242 -2.5843657 1.3240290 -0.1712150 0.7452423 -0.6280808 0.1442700
27614.353000 2.9676155 -2.5847292 1.3239756 -0.1711962 0.7453100 -0.6280259 0.1441815
27614.456000 2.9680805 -2.5845758 1.3239741 -0.1730407 0.7448775 -0.6276764 0.1457287
27614.553000 2.9676713 -2.5848263 1.3239704 -0.1712518 0.7452973 -0.6280181 0.1442151
27614.653000 2.9673036 -2.5843452 1.3240276 -0.1710972 0.7452684 -0.6281082 0.1441554
27614.754000 2.9677122 -2.5837701 1.3240510 -0.1730524 0.7447070 -0.6278604 0.1457933
27614.853000 2.9673328 -2.5843214 1.3240302 -0.1712939 0.7451921 -0.6281028 0.1443402
27614.953000 2.9676312 -2.5851036 1.3239573 -0.1710349 0.7454115 -0.6279762 0.1440647
27615.053000 2.9681298 -2.5849640 1.3239551 -0.1730254 0.7449438 -0.6275972 0.1457488
27615.153000 2.9676509 -2.5847452 1.3239795 -0.1712663 0.7452265 -0.6280852 0.1442717
27615.254000 2.9676548 -2.5851015 1.3239603 -0.1711500 0.7453507 -0.6279870 0.1441956
27615.354000 2.9676763 -2.5851366 1.3239562 -0.1711447 0.7453563 -0.6279830 0.1441906
27615.454000 2.9680930 -2.5845356 1.3239820 -0.1730820 0.7447960 -0.6277454 0.1457987
27615.554000 2.9676839 -2.5850825 1.3239635 -0.1712749 0.7452860 -0.6280063 0.1442973
27615.653000 2.9675502 -2.5845572 1.3239985 -0.1711236 0.7452095 -0.6281719 0.1441514
27615.753000 2.9680629 -2.5848862 1.3239655 -0.1729039 0.7449280 -0.6276703 0.1456592
27615.854000 2.9676162 -2.5847970 1.3239798 -0.1712268 0.7452985 -0.6280246 0.1442108
27615.954000 2.9671804 -2.5837462 1.3240677 -0.1710970 0.7451290 -0.6282781 0.1441360
27616.053000 2.9677033 -2.5840715 1.3240370 -0.1729918 0.7447986 -0.6277753 0.1457635
27616.153000 2.9672620 -2.5838658 1.3240595 -0.1713336 0.7450862 -0.6282135 0.1443577
27616.253000 2.9672367 -2.5841851 1.3240415 -0.1711773 0.7452089 -0.6281347 0.1442524
27616.353000 2.9677216 -2.5840708 1.3240384 -0.1731024 0.7447531 -0.6277729 0.1458751
27616.453000 2.9673011 -2.5842877 1.3240382 -0.1712343 0.7451479 -0.6281796 0.1443045
27616.555000 2.9671936 -2.5837810 1.3240692 -0.1710243 0.7450886 -0.6283559 0.1440923
27616.653000 2.9676544 -2.5836093 1.3240694 -0.1729393 0.7446354 -0.6279953 0.1457124
27616.753000 2.9672486 -2.5839023 1.3240682 -0.1713389 0.7450187 -0.6282813 0.1444051
27616.855000 2.9675314 -2.5845340 1.3240001 -0.1710182 0.7452199 -0.6282076 0.1440668
27616.953000 2.9680344 -2.5848541 1.3239681 -0.1728824 0.7449180 -0.6276880 0.1456592
27617.053000 2.9676439 -2.5846569 1.3239834 -0.1712771 0.7452495 -0.6280604 0.1442480
27617.153000 2.9675550 -2.5845663 1.3239908 -0.1710318 0.7452954 -0.6281204 0.1440401
27617.253000 2.9680399 -2.5849409 1.3239564 -0.1727700 0.7450157 -0.6276325 0.1455318
27617.353000 2.9675439 -2.5853646 1.3239375 -0.1711755 0.7454330 -0.6278659 0.1442668
27617.453000 2.9676434 -2.5851457 1.3239519 -0.1710657 0.7454394 -0.6279315 0.1440783
27617.556000 2.9676596 -2.5851617 1.3239488 -0.1710392 0.7454460 -0.6279371 0.1440513
27617.653000 2.9681069 -2.5845723 1.3239739 -0.1729355 0.7448940 -0.6277124 0.1456136
27617.754000 2.9676415 -2.5849812 1.3239749 -0.1712565 0.7452903 -0.6280111 0.1442763
27617.853000 2.9672427 -2.5838045 1.3240663 -0.1711104 0.7451003 -0.6283065 0.1441450
27617.954000 2.9677401 -2.5841169 1.3240352 -0.1730397 0.7447719 -0.6277842 0.1458050
27618.053000 2.9671369 -2.5840784 1.3240512 -0.1712532 0.7451437 -0.6281688 0.1443511
27618.153000 2.9675879 -2.5850494 1.3239618 -0.1710317 0.7454199 -0.6279672 0.1440643
27618.253000 2.9680737 -2.5844785 1.3239842 -0.1729846 0.7448610 -0.6277258 0.1456665
27618.353000 2.9677359 -2.5851177 1.3239571 -0.1714622 0.7452873 -0.6279167 0.1444581
27618.455000 2.9676254 -2.5846531 1.3239870 -0.1711338 0.7452661 -0.6281057 0.1441352
27618.553000 2.9680976 -2.5849690 1.3239560 -0.1729666 0.7449566 -0.6276069 0.1457114
27618.655000 2.9677111 -2.5851835 1.3239492 -0.1712641 0.7453870 -0.6279015 0.1442447
27618.754000 2.9676594 -2.5846881 1.3239787 -0.1711315 0.7453197 -0.6280558 0.1440781
27618.853000 2.9681233 -2.5845656 1.3239744 -0.1729579 0.7449018 -0.6276972 0.1456129
27618.955000 2.9677048 -2.5852043 1.3239474 -0.1712015 0.7454098 -0.6279033 0.1441931
27619.054000 2.9676460 -2.5851513 1.3239524 -0.1710839 0.7454368 -0.6279252 0.1440980
27619.153000 2.9681286 -2.5845803 1.3239742 -0.1729991 0.7448967 -0.6276816 0.1456575
27619.255000 2.9676756 -2.5847240 1.3239779 -0.1711849 0.7452988 -0.6280508 0.1441442
27619.354000 2.9676183 -2.5846289 1.3239851 -0.1710710 0.7453157 -0.6280843 0.1440461
27619.453000 2.9680772 -2.5849210 1.3239581 -0.1729792 0.7449692 -0.6275887 0.1457104
27619.553000 2.9676977 -2.5846956 1.3239803 -0.1713106 0.7452643 -0.6280330 0.1442510
27619.653000 2.9675748 -2.5850316 1.3239647 -0.1710294 0.7454104 -0.6279769 0.1440737
27619.753000 2.9680755 -2.5849526 1.3239568 -0.1729694 0.7449744 -0.6275860 0.1457067
27619.853000 2.9677682 -2.5847787 1.3239718 -0.1713816 0.7452634 -0.6280040 0.1442977
27619.953000 2.9676776 -2.5846970 1.3239795 -0.1711404 0.7453097 -0.6280616 0.1440939
27620.053000 2.9681250 -2.5845260 1.3239819 -0.1730199 0.7448460 -0.6277282 0.1456910
27620.154000 2.9676052 -2.5850029 1.3239735 -0.1711898 0.7452797 -0.6280477 0.1442508
27620.253000 2.9675673 -2.5845427 1.3240016 -0.1710302 0.7452270 -0.6281986 0.1440551
27620.353000 2.9680253 -2.5844423 1.3239948 -0.1728002 0.7448376 -0.6278348 0.1455350
27620.453000 2.9676675 -2.5847821 1.3239823 -0.1712720 0.7452607 -0.6280453 0.1442617
27620.553000 2.9675612 -2.5850341 1.3239683 -0.1710212 0.7453833 -0.6280063 0.1440958
27620.654000 2.9680579 -2.5849465 1.3239605 -0.1729481 0.7449530 -0.6276161 0.1457122
27620.753000 2.9677651 -2.5847667 1.3239739 -0.1713862 0.7452490 -0.6280162 0.1443136
27620.854000 2.9676195 -2.5850964 1.3239596 -0.1711047 0.7453910 -0.6279625 0.1441474
27620.953000 2.9680979 -2.5849828 1.3239547 -0.1730144 0.7449609 -0.6275796 0.1457503
27621.053000 2.9677077 -2.5848004 1.3239746 -0.1712314 0.7453074 -0.6280208 0.1441757
27621.154000 2.9676043 -2.5850699 1.3239611 -0.1710822 0.7454098 -0.6279547 0.1441114
27621.253000 2.9680677 -2.5849224 1.3239604 -0.1729887 0.7449591 -0.6275956 0.1457208
27621.353000 2.9676563 -2.5846316 1.3239896 -0.1711888 0.7452550 -0.6281006 0.1441494
27621.454000 2.9675979 -2.5845380 1.3239970 -0.1710623 0.7452750 -0.6281365 0.1440397
27621.553000 2.9680928 -2.5844430 1.3239904 -0.1729841 0.7448405 -0.6277530 0.1456545
27621.653000 2.9677165 -2.5846958 1.3239832 -0.1712781 0.7452494 -0.6280677 0.1442152
27621.753000 2.9676257 -2.5846217 1.3239901 -0.1710182 0.7453022 -0.6281265 0.1439949
27621.853000 2.9679996 -2.5848856 1.3239665 -0.1727912 0.7449757 -0.6276656 0.1455688
27621.953000 2.9675890 -2.5850123 1.3239691 -0.1711916 0.7453392 -0.6279803 0.1442347
27622.053000 2.9675175 -2.5849504 1.3239747 -0.1710149 0.7453777 -0.6280168 0.1440865
27622.155000 2.9679840 -2.5848277 1.3239715 -0.1728768 0.7449403 -0.6276628 0.1456604
27622.255000 2.9676742 -2.5846083 1.3239920 -0.1712861 0.7452034 -0.6281110 0.1442550
27622.353000 2.9675840 -2.5845272 1.3239997 -0.1710327 0.7452533 -0.6281701 0.1440401
27622.453000 2.9679804 -2.5848507 1.3239697 -0.1728032 0.7449529 -0.6276817 0.1456019
27622.553000 2.9677711 -2.5847889 1.3239719 -0.1713653 0.7452806 -0.6279916 0.1442820
27622.655000 2.9676732 -2.5847003 1.3239798 -0.1710635 0.7453406 -0.6280623 0.1440226
27622.754000 2.9681398 -2.5845787 1.3239770 -0.1729155 0.7449046 -0.6277116 0.1455870
27622.853000 2.9676860 -2.5848661 1.3239779 -0.1712033 0.7452886 -0.6280466 0.1441938
27622.953000 2.9676749 -2.5846859 1.3239857 -0.1710936 0.7452914 -0.6281021 0.1440679
27623.053000 2.9681352 -2.5845109 1.3239861 -0.1729920 0.7448364 -0.6277523 0.1456696
27623.155000 2.9675844 -2.5849621 1.3239766 -0.1712285 0.7452708 -0.6280395 0.1442865
27623.253000 2.9675988 -2.5845305 1.3240016 -0.1710608 0.7452340 -0.6281807 0.1440608
27623.355000 2.9681076 -2.5844447 1.3239912 -0.1729867 0.7448236 -0.6277689 0.1456697
27623.453000 2.9676657 -2.5851208 1.3239555 -0.1713092 0.7453587 -0.6279043 0.1443248
27623.554000 2.9676829 -2.5846973 1.3239799 -0.1711363 0.7453260 -0.6280432 0.1440945
27623.655000 2.9680187 -2.5849004 1.3239628 -0.1728688 0.7449723 -0.6276290 0.1456517
27623.753000 2.9675800 -2.5850031 1.3239738 -0.1712322 0.7452854 -0.6280164 0.1443076
27623.854000 2.9675015 -2.5849384 1.3239796 -0.1710215 0.7453310 -0.6280598 0.1441328
27623.953000 2.9679817 -2.5848189 1.3239742 -0.1728972 0.7449074 -0.6276856 0.1457061
27624.054000 2.9675925 -2.5850211 1.3239695 -0.1712333 0.7453055 -0.6279956 0.1442928
27624.154000 2.9675074 -2.5849478 1.3239767 -0.1710090 0.7453524 -0.6280437 0.1441071
27624.255000 2.9680710 -2.5845012 1.3239875 -0.1727808 0.7448885 -0.6277878 0.1455007
27624.353000 2.9676009 -2.5850402 1.3239707 -0.1712226 0.7453243 -0.6279802 0.1442753
27624.453000 2.9675383 -2.5850227 1.3239696 -0.1710115 0.7453832 -0.6280085 0.1440981
27624.555000 2.9680141 -2.5848950 1.3239656 -0.1728742 0.7449569 -0.6276431 0.1456632
27624.653000 2.9676123 -2.5850791 1.3239647 -0.1712146 0.7453398 -0.6279672 0.1442613
27624.754000 2.9675259 -2.5850051 1.3239720 -0.1709799 0.7453888 -0.6280176 0.1440667
27624.855000 2.9676526 -2.5846795 1.3239853 -0.1709449 0.7453325 -0.6281233 0.1439392
27624.953000 2.9681069 -2.5845153 1.3239846 -0.1727605 0.7449065 -0.6277795 0.1454682
27625.053000 2.9677135 -2.5846471 1.3239893 -0.1712749 0.7452266 -0.6280932 0.1442261
27625.155000 2.9674697 -2.5849005 1.3239828 -0.1709290 0.7453618 -0.6280695 0.1440407
27625.254000 2.9679452 -2.5848149 1.3239742 -0.1727471 0.7449660 -0.6276907 0.1455628
27625.353000 2.9675913 -2.5850651 1.3239630 -0.1711657 0.7453751 -0.6279519 0.1442037
27625.453000 2.9675063 -2.5849910 1.3239702 -0.1709301 0.7454246 -0.6280022 0.1440082
27625.553000 2.9679568 -2.5848374 1.3239702 -0.1727435 0.7449857 -0.6276720 0.1455467
27625.653000 2.9676776 -2.5846008 1.3239942 -0.1712276 0.7452148 -0.6281277 0.1441932
27625.756000 2.9674747 -2.5848514 1.3239862 -0.1710101 0.7453194 -0.6280808 0.1441150
27625.853000 2.9679025 -2.5847514 1.3239820 -0.1727183 0.7449269 -0.6277438 0.1455678
27625.953000 2.9675343 -2.5849355 1.3239800 -0.1712574 0.7452567 -0.6280315 0.1443603
27626.054000 2.9674474 -2.5848474 1.3239889 -0.1710364 0.7452991 -0.6280829 0.1441792
27626.153000 2.9679440 -2.5847704 1.3239799 -0.1728728 0.7448992 -0.6277013 0.1457095
27626.254000 2.9676985 -2.5847660 1.3239819 -0.1711511 0.7452889 -0.6280763 0.1441248
27626.353000 2.9675031 -2.5849903 1.3239742 -0.1709192 0.7453912 -0.6280407 0.1440261
27626.453000 2.9680800 -2.5845624 1.3239839 -0.1726841 0.7449392 -0.6277760 0.1454067
27626.554000 2.9675696 -2.5850030 1.3239717 -0.1712137 0.7453419 -0.6279646 0.1442630
27626.654000 2.9676454 -2.5846464 1.3239887 -0.1710478 0.7453290 -0.6280808 0.1440205
27626.755000 2.9680710 -2.5844905 1.3239890 -0.1727332 0.7449191 -0.6277773 0.1454458
27626.853000 2.9675103 -2.5849164 1.3239815 -0.1711589 0.7452844 -0.6280493 0.1442565
27626.953000 2.9674200 -2.5848391 1.3239900 -0.1709346 0.7453288 -0.6280992 0.1440756
27627.055000 2.9680361 -2.5844031 1.3240002 -0.1727976 0.7448468 -0.6278242 0.1455372
27627.154000 2.9674994 -2.5848783 1.3239865 -0.1711904 0.7452659 -0.6280548 0.1442903
27627.254000 2.9675724 -2.5845189 1.3240053 -0.1710062 0.7452555 -0.6281768 0.1440317
27627.354000 2.9680752 -2.5844478 1.3239947 -0.1728246 0.7448667 -0.6277916 0.1455438
27627.453000 2.9677995 -2.5847776 1.3239734 -0.1713533 0.7452856 -0.6279941 0.1442597
27627.555000 2.9675246 -2.5850167 1.3239690 -0.1709975 0.7454098 -0.6279841 0.1440836
27627.653000 2.9681326 -2.5845901 1.3239794 -0.1728358 0.7449344 -0.6277126 0.1455249
27627.753000 2.9675517 -2.5850308 1.3239681 -0.1711276 0.7453664 -0.6279752 0.1441926
27627.853000 2.9676246 -2.5846597 1.3239892 -0.1709409 0.7453532 -0.6281018 0.1439306
27627.953000 2.9680867 -2.5844972 1.3239902 -0.1727552 0.7449113 -0.6277767 0.1454622
27628.053000 2.9676786 -2.5845838 1.3239991 -0.1712379 0.7452030 -0.6281366 0.1442030
27628.153000 2.9674136 -2.5848308 1.3239932 -0.1708848 0.7453297 -0.6281232 0.1440252
27628.253000 2.9679132 -2.5847664 1.3239841 -0.1727630 0.7449139 -0.6277373 0.1456095
27628.353000 2.9675599 -2.5850404 1.3239713 -0.1712041 0.7453025 -0.6280065 0.1442955
27628.454000 2.9676543 -2.5846846 1.3239909 -0.1710300 0.7452922 -0.6281256 0.1440365
27628.555000 2.9680465 -2.5845730 1.3239904 -0.1727919 0.7448797 -0.6277833 0.1455520
27628.655000 2.9675597 -2.5847264 1.3239981 -0.1711749 0.7452377 -0.6281062 0.1442308
27628.755000 2.9674150 -2.5848307 1.3239936 -0.1710389 0.7452953 -0.6280867 0.1441792
27628.855000 2.9680274 -2.5845028 1.3239967 -0.1729772 0.7448251 -0.6277581 0.1457196
27628.953000 2.9676636 -2.5847180 1.3239882 -0.1712930 0.7452448 -0.6280537 0.1442822
27629.053000 2.9674646 -2.5843065 1.3240278 -0.1711586 0.7452026 -0.6281700 0.1441534
27629.153000 2.9679456 -2.5841577 1.3240260 -0.1730749 0.7447564 -0.6278031 0.1457609
27629.253000 2.9675408 -2.5842548 1.3240289 -0.1714532 0.7451194 -0.6281353 0.1443843
27629.353000 2.9675697 -2.5845673 1.3240017 -0.1710788 0.7452754 -0.6281199 0.1440899
27629.454000 2.9678711 -2.5846881 1.3239911 -0.1728126 0.7448951 -0.6277350 0.1456568
27629.553000 2.9675678 -2.5845933 1.3240063 -0.1711471 0.7451964 -0.6281747 0.1441788
27629.655000 2.9672508 -2.5843980 1.3240363 -0.1709802 0.7451938 -0.6282400 0.1441059
27629.753000 2.9678601 -2.5840631 1.3240414 -0.1728013 0.7447407 -0.6279469 0.1455461
27629.853000 2.9674093 -2.5842739 1.3240402 -0.1712770 0.7451040 -0.6282180 0.1443134
27629.955000 2.9674158 -2.5841493 1.3240451 -0.1711289 0.7451278 -0.6282674 0.1441509
27630.053000 2.9677587 -2.5842857 1.3240302 -0.1729952 0.7447424 -0.6278284 0.1458180
27630.153000 2.9673426 -2.5844952 1.3240227 -0.1712714 0.7451635 -0.6281401 0.1443524
27630.253000 2.9675543 -2.5845517 1.3240063 -0.1710693 0.7452423 -0.6281586 0.1441041
27630.355000 2.9680485 -2.5844732 1.3239995 -0.1728790 0.7448375 -0.6277947 0.1456147
27630.455000 2.9676906 -2.5847295 1.3239881 -0.1712768 0.7452413 -0.6280706 0.1442463
27630.553000 2.9674480 -2.5849147 1.3239851 -0.1709742 0.7453436 -0.6280658 0.1440976
27630.654000 2.9679325 -2.5848010 1.3239815 -0.1728840 0.7449069 -0.6276890 0.1457098
27630.753000 2.9674867 -2.5849536 1.3239798 -0.1711283 0.7453210 -0.6280208 0.1442272
27630.853000 2.9673364 -2.5845779 1.3240155 -0.1710658 0.7452690 -0.6281174 0.1441494
27630.954000 2.9678203 -2.5845031 1.3240083 -0.1728984 0.7448614 -0.6277428 0.1456937
27631.055000 2.9675553 -2.5845070 1.3240110 -0.1713252 0.7452185 -0.6280743 0.1442902
27631.154000 2.9675360 -2.5844033 1.3240171 -0.1711549 0.7452494 -0.6281230 0.1441212
27631.255000 2.9678491 -2.5844960 1.3240071 -0.1729979 0.7448474 -0.6277131 0.1457747
27631.353000 2.9675602 -2.5843947 1.3240191 -0.1712753 0.7451879 -0.6281425 0.1442105
27631.455000 2.9675019 -2.5843238 1.3240264 -0.1710832 0.7452260 -0.6281877 0.1440448
27631.553000 2.9678235 -2.5844326 1.3240136 -0.1729807 0.7448252 -0.6277484 0.1457568
27631.653000 2.9676008 -2.5844267 1.3240122 -0.1714046 0.7451858 -0.6280826 0.1443292
27631.754000 2.9676132 -2.5846647 1.3239916 -0.1710876 0.7453157 -0.6280695 0.1440914
27631.854000 2.9679086 -2.5847758 1.3239807 -0.1728513 0.7449349 -0.6276706 0.1456846
27631.954000 2.9677051 -2.5847677 1.3239837 -0.1713294 0.7452599 -0.6280235 0.1442928
27632.053000 2.9674559 -2.5849276 1.3239823 -0.1710314 0.7453557 -0.6280241 0.1441484
27632.153000 2.9679255 -2.5848070 1.3239794 -0.1729004 0.7449260 -0.6276578 0.1457272
27632.253000 2.9676644 -2.5847503 1.3239854 -0.1712729 0.7452823 -0.6280219 0.1442511
27632.353000 2.9673546 -2.5846049 1.3240109 -0.1710901 0.7452893 -0.6280832 0.1441650
27632.454000 2.9680096 -2.5843189 1.3240117 -0.1729247 0.7448480 -0.6277745 0.1455940
27632.553000 2.9674346 -2.5846759 1.3240059 -0.1712124 0.7452703 -0.6280547 0.1442420
27632.655000 2.9676346 -2.5847341 1.3239868 -0.1710297 0.7453528 -0.6280583 0.1440170
27632.754000 2.9681080 -2.5845455 1.3239906 -0.1729767 0.7448702 -0.6277158 0.1456720
27632.855000 2.9676370 -2.5846056 1.3240005 -0.1712996 0.7451963 -0.6281066 0.1442950
27632.955000 2.9673798 -2.5847585 1.3240001 -0.1710389 0.7452801 -0.6281020 0.1441914
27633.053000 2.9680721 -2.5844590 1.3240003 -0.1730233 0.7448145 -0.6277523 0.1457439
27633.153000 2.9674316 -2.5848341 1.3239912 -0.1711452 0.7452973 -0.6280370 0.1442597
27633.253000 2.9673233 -2.5845394 1.3240186 -0.1711264 0.7452531 -0.6281054 0.1442122
27633.356000 2.9679875 -2.5842333 1.3240210 -0.1729951 0.7447963 -0.6277987 0.1456711
27633.455000 2.9674320 -2.5845740 1.3240142 -0.1714249 0.7451762 -0.6280595 0.1444550
27633.555000 2.9675947 -2.5845886 1.3240023 -0.1711784 0.7452604 -0.6280896 0.1441815
27633.653000 2.9678771 -2.5846448 1.3239948 -0.1729798 0.7448594 -0.6276948 0.1458137
27633.754000 2.9675940 -2.5845950 1.3240018 -0.1712886 0.7452133 -0.6280883 0.1442997
27633.853000 2.9673033 -2.5844682 1.3240253 -0.1711699 0.7452060 -0.6281365 0.1442682
27633.953000 2.9680045 -2.5841982 1.3240242 -0.1731510 0.7447380 -0.6277907 0.1458179
27634.054000 2.9675837 -2.5844506 1.3240157 -0.1713256 0.7451851 -0.6281186 0.1442693
27634.155000 2.9675488 -2.5843774 1.3240221 -0.1712118 0.7452073 -0.6281469 0.1441667
27634.253000 2.9678497 -2.5844646 1.3240115 -0.1730995 0.7447987 -0.6277205 0.1458711
27634.353000 2.9673827 -2.5846211 1.3240101 -0.1712460 0.7452242 -0.6280852 0.1443073
27634.453000 2.9673825 -2.5847835 1.3239959 -0.1710718 0.7453087 -0.6280559 0.1442053
27634.554000 2.9678776 -2.5846661 1.3239925 -0.1729996 0.7448625 -0.6276821 0.1458294
27634.655000 2.9674304 -2.5848190 1.3239939 -0.1711442 0.7452878 -0.6280488 0.1442587
27634.753000 2.9673425 -2.5845782 1.3240148 -0.1711477 0.7452464 -0.6281035 0.1442297
27634.853000 2.9678183 -2.5844787 1.3240100 -0.1729916 0.7448293 -0.6277344 0.1457833
27634.955000 2.9675414 -2.5844632 1.3240155 -0.1713254 0.7452056 -0.6280906 0.1442859
27635.053000 2.9673331 -2.5845455 1.3240167 -0.1711701 0.7452532 -0.6280845 0.1442507
27635.153000 2.9678270 -2.5844802 1.3240098 -0.1730266 0.7448287 -0.6277187 0.1458120
27635.253000 2.9675793 -2.5845563 1.3240091 -0.1712666 0.7452145 -0.6281103 0.1442236
27635.353000 2.9675816 -2.5844754 1.3240134 -0.1711464 0.7452408 -0.6281413 0.1440956
27635.453000 2.9680897 -2.5843568 1.3240088 -0.1731079 0.7447999 -0.6277478 0.1457373
27635.553000 2.9674144 -2.5847096 1.3239997 -0.1711843 0.7452883 -0.6280459 0.1442207
27635.653000 2.9673786 -2.5848291 1.3239906 -0.1709696 0.7453707 -0.6280358 0.1440933
27635.753000 2.9678912 -2.5847348 1.3239852 -0.1729140 0.7449255 -0.6276536 0.1457317
27635.853000 2.9674780 -2.5849132 1.3239824 -0.1712239 0.7453127 -0.6279850 0.1443126
27635.953000 2.9676387 -2.5846998 1.3239909 -0.1711455 0.7453166 -0.6280438 0.1441298
27636.054000 2.9681135 -2.5845427 1.3239925 -0.1730066 0.7448649 -0.6277073 0.1457000
27636.153000 2.9673998 -2.5847418 1.3240029 -0.1711771 0.7452392 -0.6280883 0.1442984
27636.253000 2.9673397 -2.5847037 1.3240075 -0.1710355 0.7452731 -0.6281120 0.1441884
27636.353000 2.9680844 -2.5844518 1.3240038 -0.1730940 0.7447945 -0.6277425 0.1458045
27636.453000 2.9676795 -2.5846082 1.3240002 -0.1714932 0.7451641 -0.6280519 0.1444694
27636.556000 2.9673578 -2.5845613 1.3240189 -0.1712142 0.7452023 -0.6281190 0.1443110
27636.654000 2.9678291 -2.5844862 1.3240118 -0.1730152 0.7448071 -0.6277450 0.1458228
27636.753000 2.9674232 -2.5846603 1.3240041 -0.1713689 0.7452289 -0.6280236 0.1444059
27636.853000 2.9673571 -2.5846042 1.3240110 -0.1711753 0.7452699 -0.6280643 0.1442463
27636.955000 2.9680778 -2.5843599 1.3240078 -0.1731025 0.7448189 -0.6277252 0.1457444
27637.054000 2.9676569 -2.5845380 1.3240031 -0.1714208 0.7452090 -0.6280497 0.1443332
27637.153000 2.9673801 -2.5847586 1.3239962 -0.1711092 0.7453143 -0.6280294 0.1442475
27637.253000 2.9678671 -2.5846853 1.3239906 -0.1729485 0.7448961 -0.6276641 0.1457959
27637.353000 2.9674516 -2.5848910 1.3239845 -0.1712307 0.7453029 -0.6279897 0.1443353
27637.453000 2.9674054 -2.5848334 1.3239913 -0.1710969 0.7453309 -0.6280182 0.1442250
27637.553000 2.9676791 -2.5847335 1.3239891 -0.1711637 0.7453085 -0.6280428 0.1441544
27637.653000 2.9681637 -2.5846272 1.3239849 -0.1729704 0.7448984 -0.6276846 0.1456697
27637.753000 2.9677233 -2.5847694 1.3239808 -0.1713516 0.7452847 -0.6279865 0.1442993
27637.853000 2.9676378 -2.5846870 1.3239914 -0.1711451 0.7453248 -0.6280335 0.1441326
27637.953000 2.9678704 -2.5846848 1.3239913 -0.1729060 0.7449010 -0.6276805 0.1457502
27638.053000 2.9673631 -2.5847444 1.3239994 -0.1711806 0.7452405 -0.6280807 0.1443210
27638.155000 2.9675522 -2.5845175 1.3240110 -0.1711068 0.7452401 -0.6281451 0.1441296
27638.253000 2.9673789 -2.5847066 1.3240053 -0.1710481 0.7452635 -0.6281171 0.1442002
27638.355000 2.9680716 -2.5845032 1.3240004 -0.1728345 0.7448612 -0.6277880 0.1455754
27638.453000 2.9674154 -2.5848023 1.3239982 -0.1711047 0.7452923 -0.6280638 0.1442166
27638.553000 2.9675691 -2.5845967 1.3240045 -0.1710322 0.7452987 -0.6281156 0.1440438
27638.655000 2.9678563 -2.5846060 1.3240014 -0.1729427 0.7448514 -0.6277215 0.1457839
27638.753000 2.9674105 -2.5847113 1.3240043 -0.1713604 0.7451842 -0.6280627 0.1444761
27638.853000 2.9673378 -2.5846848 1.3240095 -0.1710780 0.7452521 -0.6281139 0.1442378
27638.953000 2.9678504 -2.5846017 1.3240022 -0.1729940 0.7448311 -0.6277167 0.1458471
27639.053000 2.9674391 -2.5848255 1.3239893 -0.1712848 0.7452861 -0.6279834 0.1443850
27639.156000 2.9676072 -2.5846660 1.3239944 -0.1711237 0.7453214 -0.6280448 0.1441266
27639.253000 2.9678870 -2.5846686 1.3239934 -0.1729994 0.7448686 -0.6276734 0.1458362
27639.355000 2.9674053 -2.5848044 1.3239965 -0.1711957 0.7452342 -0.6280814 0.1443324
27639.457000 2.9676018 -2.5846311 1.3240032 -0.1711036 0.7452518 -0.6281330 0.1441258
27639.554000 2.9681219 -2.5845158 1.3239983 -0.1730770 0.7448150 -0.6277283 0.1457811
27639.653000 2.9673925 -2.5847772 1.3239943 -0.1711980 0.7452888 -0.6280194 0.1443175
27639.754000 2.9673347 -2.5847266 1.3240016 -0.1710286 0.7453246 -0.6280545 0.1441807
27639.855000 2.9680874 -2.5845256 1.3239955 -0.1729972 0.7448722 -0.6276994 0.1457080
27639.953000 2.9674082 -2.5848112 1.3239919 -0.1711674 0.7452910 -0.6280332 0.1442822
27640.053000 2.9673534 -2.5847616 1.3239990 -0.1710077 0.7453248 -0.6280661 0.1441536
27640.153000 2.9680861 -2.5844903 1.3240009 -0.1730267 0.7448264 -0.6277378 0.1457415
27640.253000 2.9675811 -2.5845059 1.3240149 -0.1712943 0.7451448 -0.6281657 0.1443098
27640.353000 2.9675227 -2.5844660 1.3240211 -0.1710716 0.7451963 -0.6282083 0.1441223
27640.454000 2.9678217 -2.5845165 1.3240129 -0.1729685 0.7447834 -0.6277823 0.1458387
27640.553000 2.9676687 -2.5847197 1.3239918 -0.1713208 0.7452400 -0.6280482 0.1442980
27640.653000 2.9676036 -2.5846724 1.3239986 -0.1710387 0.7453030 -0.6281060 0.1440554
27640.753000 2.9674081 -2.5848163 1.3239972 -0.1709765 0.7453125 -0.6280943 0.1441313
27640.853000 2.9668134 -2.5834080 1.3240581 -0.1708826 0.7455427 -0.6278500 0.1441166
27640.954000 2.9617092 -2.5750659 1.3243900 -0.1699645 0.7469694 -0.6263256 0.1444473
27641.053000 2.9560353 -2.5649068 1.3246310 -0.1689319 0.7486093 -0.6245638 0.1447966
27641.155000 2.9512189 -2.5553397 1.3247042 -0.1680411 0.7500686 -0.6229878 0.1450706
27641.254000 2.9459821 -2.5443748 1.3246121 -0.1670313 0.7517001 -0.6212146 0.1453957
27641.353000 2.9419089 -2.5334463 1.3243447 -0.1662448 0.7532215 -0.6195574 0.1454946
27641.454000 2.9381029 -2.5224626 1.3239060 -0.1654622 0.7547235 -0.6179133 0.1455948
27641.553000 2.9345142 -2.5114179 1.3232951 -0.1646684 0.7562172 -0.6162707 0.1457062
27641.653000 2.9316532 -2.5001273 1.3225091 -0.1639897 0.7576874 -0.6146528 0.1456681
27641.753000 2.9292906 -2.4887027 1.3215484 -0.1633638 0.7591469 -0.6130444 0.1455504
27641.853000 2.9276719 -2.4770658 1.3204098 -0.1628508 0.7605904 -0.6114546 0.1452759
27641.953000 2.9260606 -2.4655316 1.3190999 -0.1622634 0.7620492 -0.6098397 0.1450763
27642.053000 2.9251833 -2.4538280 1.3176113 -0.1617774 0.7635009 -0.6082359 0.1447184
27642.154000 2.9250631 -2.4419654 1.3159408 -0.1613947 0.7649489 -0.6066410 0.1441928
27642.253000 2.9249652 -2.4302567 1.3141012 -0.1609387 0.7664216 -0.6050088 0.1437394
27642.353000 2.9255901 -2.4184402 1.3120793 -0.1605833 0.7678968 -0.6033737 0.1431350
27642.454000 2.9269832 -2.4065176 1.3098706 -0.1603224 0.7693793 -0.6017373 0.1423532
27642.554000 2.9283856 -2.3948091 1.3074974 -0.1599628 0.7709003 -0.6000532 0.1416356
27642.655000 2.9307746 -2.3829447 1.3049271 -0.1597437 0.7724279 -0.5983728 0.1406665
27642.754000 2.9331829 -2.3713251 1.3021958 -0.1594204 0.7740004 -0.5966380 0.1397555
27642.853000 2.9363222 -2.3596867 1.2992742 -0.1591663 0.7755952 -0.5948852 0.1386717
27642.953000 2.9402115 -2.3480397 1.2961566 -0.1589820 0.7772144 -0.5931121 0.1374063
27643.053000 2.9443541 -2.3365961 1.2928693 -0.1587405 0.7788790 -0.5912872 0.1361190
27643.154000 2.9489726 -2.3252845 1.2894003 -0.1584933 0.7805834 -0.5894198 0.1347359
27643.254000 2.9538232 -2.3142156 1.2857685 -0.1581764 0.7823389 -0.5874927 0.1333357
27643.353000 2.9596364 -2.3031214 1.2819153 -0.1579664 0.7841213 -0.5855442 0.1316755
27643.453000 2.9656894 -2.2922975 1.2778969 -0.1576810 0.7859587 -0.5835304 0.1299919
27643.553000 2.9722084 -2.2816788 1.2736961 -0.1573414 0.7878509 -0.5814647 0.1281932
27643.653000 2.9789408 -2.2713722 1.2693394 -0.1569030 0.7898047 -0.5793270 0.1263738
27643.753000 2.9866022 -2.2611153 1.2647451 -0.1565481 0.7917928 -0.5771545 0.1242962
27643.853000 2.9942300 -2.2512890 1.2600243 -0.1560359 0.7938526 -0.5748894 0.1222822
27643.953000 3.0025127 -2.2416433 1.2550923 -0.1555327 0.7959591 -0.5725690 0.1200974
27644.053000 3.0112180 -2.2322781 1.2499758 -0.1549780 0.7981217 -0.5701778 0.1178171
27644.153000 3.0205473 -2.2231160 1.2446371 -0.1544515 0.8003266 -0.5677226 0.1153828
27644.253000 3.0297965 -2.2144446 1.2391911 -0.1537430 0.8026081 -0.5651633 0.1130210
27644.353000 3.0396637 -2.2060151 1.2335221 -0.1530059 0.8049431 -0.5625381 0.1104840
27644.453000 3.0505790 -2.1975162 1.2273758 -0.1522071 0.8074321 -0.5597279 0.1076621
27644.553000 3.0606838 -2.1901609 1.2216226 -0.1513495 0.8097658 -0.5570749 0.1050721
27644.653000 3.0708191 -2.1833140 1.2158586 -0.1504348 0.8120835 -0.5544256 0.1024793
27644.754000 3.0810080 -2.1769262 1.2100613 -0.1494581 0.8144045 -0.5517539 0.0998765
27644.855000 3.0357952 -2.1963338 1.2103702 -0.1583696 0.8145277 -0.5478248 0.1065447
27644.953000 3.0347261 -2.1965021 1.2101792 -0.1584321 0.8147377 -0.5474474 0.1067851
27645.053000 3.0348553 -2.1961325 1.2099963 -0.1584514 0.8146991 -0.5475057 0.1067525
27645.153000 3.0349873 -2.1957798 1.2098266 -0.1584802 0.8146446 -0.5475879 0.1067038
27645.253000 3.0331933 -2.1944337 1.2095933 -0.1591073 0.8142872 -0.5478533 0.1071358
27645.353000 2.9844844 -2.2096772 1.2093193 -0.1704699 0.8115741 -0.5468953 0.1148612
27645.453000 2.9825304 -2.2115974 1.2098427 -0.1708771 0.8116584 -0.5465743 0.1151873
27645.554000 2.9828885 -2.2111178 1.2096009 -0.1709541 0.8116088 -0.5466492 0.1150676
27645.653000 2.9812838 -2.2097704 1.2093009 -0.1714644 0.8112286 -0.5469812 0.1154110
27645.754000 2.9321743 -2.2261920 1.2088838 -0.1828473 0.8081647 -0.5461324 0.1231909
27645.854000 2.9301379 -2.2282286 1.2095723 -0.1829612 0.8083168 -0.5457574 0.1236854
27645.953000 2.9300189 -2.2279447 1.2094332 -0.1829226 0.8082928 -0.5457935 0.1237399
27646.053000 2.9303422 -2.2274781 1.2092084 -0.1830010 0.8082276 -0.5458918 0.1236160
27646.153000 2.9282057 -2.2261700 1.2089203 -0.1834216 0.8078401 -0.5462153 0.1240959
27646.253000 2.8797773 -2.2439882 1.2083940 -0.1946025 0.8046941 -0.5451965 0.1317500
27646.353000 2.8781959 -2.2459143 1.2089712 -0.1948716 0.8047960 -0.5448736 0.1320656
27646.454000 2.8782788 -2.2455231 1.2087803 -0.1948914 0.8047574 -0.5449291 0.1320421
27646.554000 2.8766113 -2.2441577 1.2083841 -0.1953025 0.8043722 -0.5452764 0.1323479
27646.653000 2.8284619 -2.2628205 1.2077122 -0.2063239 0.8009701 -0.5443164 0.1399895
27646.753000 2.8264026 -2.2648916 1.2082609 -0.2066810 0.8010176 -0.5440056 0.1403985
27646.853000 2.8266988 -2.2643700 1.2080124 -0.2067633 0.8009660 -0.5440773 0.1402937
27646.953000 2.8245304 -2.2630263 1.2075996 -0.2071188 0.8005682 -0.5444102 0.1407477
27647.053000 2.7768915 -2.2831478 1.2068694 -0.2179323 0.7970832 -0.5432724 0.1483880
27647.153000 2.7749137 -2.2852507 1.2074021 -0.2182989 0.7971231 -0.5429577 0.1487862
27647.253000 2.7751850 -2.2847179 1.2071530 -0.2183863 0.7970666 -0.5430327 0.1486866
27647.353000 2.7729510 -2.2833788 1.2066986 -0.2187521 0.7966335 -0.5433968 0.1491395
27647.453000 2.7253945 -2.3048798 1.2058180 -0.2296878 0.7928727 -0.5422408 0.1567521
27647.553000 2.7239255 -2.3068162 1.2063705 -0.2299648 0.7929386 -0.5419317 0.1570815
27647.653000 2.7239475 -2.3063986 1.2061679 -0.2300082 0.7928919 -0.5419829 0.1570773
27647.753000 2.7220094 -2.3050776 1.2056652 -0.2303487 0.7924876 -0.5423295 0.1574220
27647.853000 2.6744091 -2.3280164 1.2047318 -0.2410341 0.7885967 -0.5410679 0.1651161
27647.953000 2.6729989 -2.3300039 1.2052988 -0.2413150 0.7886563 -0.5407570 0.1654395
27648.053000 2.6727931 -2.3297116 1.2051386 -0.2413031 0.7886250 -0.5407831 0.1655203
27648.153000 2.6708825 -2.3284869 1.2046297 -0.2416013 0.7882341 -0.5411237 0.1658339
27648.254000 2.6239403 -2.3526454 1.2035671 -0.2522387 0.7841646 -0.5398167 0.1733766
27648.353000 2.6225096 -2.3546686 1.2041389 -0.2525232 0.7842064 -0.5395156 0.1737103
27648.454000 2.6222834 -2.3543796 1.2039737 -0.2525110 0.7841758 -0.5395383 0.1737959
27648.553000 2.6224621 -2.3538461 1.2037368 -0.2526124 0.7840928 -0.5396384 0.1737120
27648.653000 2.6224471 -2.3534615 1.2035589 -0.2526651 0.7840110 -0.5397367 0.1736993
27648.753000 2.6203090 -2.3521913 1.2029924 -0.2529901 0.7835477 -0.5401555 0.1740144
27648.853000 2.5732083 -2.3781199 1.2018906 -0.2635327 0.7792771 -0.5387858 0.1816249
27648.953000 2.5721503 -2.3807319 1.2028272 -0.2636227 0.7795396 -0.5382296 0.1820164
27649.053000 2.5723063 -2.3801687 1.2025675 -0.2637206 0.7794753 -0.5382992 0.1819443
27649.153000 2.5699701 -2.3789387 1.2019510 -0.2640483 0.7790272 -0.5386565 0.1823302
27649.253000 2.5240121 -2.4059618 1.2008653 -0.2743135 0.7747328 -0.5370658 0.1900041
27649.353000 2.5223879 -2.4083506 1.2014460 -0.2747004 0.7747438 -0.5367204 0.1903760
27649.453000 2.5225275 -2.4077778 1.2011826 -0.2748004 0.7746753 -0.5367936 0.1903037
27649.554000 2.5202973 -2.4067068 1.2005858 -0.2750661 0.7742678 -0.5371281 0.1906344
27649.653000 2.4746444 -2.4350823 1.1994147 -0.2851652 0.7698228 -0.5354844 0.1982678
27649.753000 2.4730353 -2.4378058 1.2001208 -0.2855161 0.7699001 -0.5350305 0.1986876
27649.854000 2.4727717 -2.4375294 1.1999394 -0.2855069 0.7698681 -0.5350483 0.1987768
27649.954000 2.4726871 -2.4371335 1.1997381 -0.2855510 0.7697960 -0.5351252 0.1987857
27650.053000 2.4703675 -2.4359365 1.1990462 -0.2858620 0.7693112 -0.5355537 0.1990611
27650.154000 2.4256284 -2.4656204 1.1977937 -0.2958771 0.7646977 -0.5338932 0.2065243
27650.253000 2.4240345 -2.4686364 1.1986076 -0.2962032 0.7647998 -0.5333903 0.2069777
27650.354000 2.4239280 -2.4682198 1.1983817 -0.2962443 0.7647469 -0.5334366 0.2069950
27650.456000 2.4215439 -2.4671083 1.1976610 -0.2965490 0.7642768 -0.5338386 0.2072581
27650.555000 2.3776574 -2.4980536 1.1963896 -0.3063724 0.7595873 -0.5320437 0.2146918
27650.654000 2.3761493 -2.5006234 1.1968927 -0.3069778 0.7594717 -0.5317505 0.2149625
27650.753000 2.3762156 -2.5000435 1.1966189 -0.3070738 0.7593991 -0.5318245 0.2148987
27650.853000 2.3761053 -2.4996449 1.1964077 -0.3071174 0.7593227 -0.5319045 0.2149081
27650.953000 2.3759931 -2.4992724 1.1962151 -0.3071609 0.7592323 -0.5320049 0.2149172
27651.053000 2.3733684 -2.4984767 1.1955494 -0.3074083 0.7587647 -0.5323763 0.2152948
27651.154000 2.3300970 -2.5309760 1.1941892 -0.3173049 0.7538926 -0.5304475 0.2226860
27651.253000 2.3284894 -2.5348098 1.1953301 -0.3175094 0.7541595 -0.5296941 0.2232832
27651.353000 2.3281595 -2.5345671 1.1951331 -0.3174896 0.7541290 -0.5297068 0.2233842
27651.453000 2.3280188 -2.5341810 1.1949190 -0.3175266 0.7540545 -0.5297835 0.2234012
27651.553000 2.3256925 -2.5333559 1.1942349 -0.3177961 0.7535878 -0.5301805 0.2236508
27651.653000 2.3190863 -2.5323099 1.1928495 -0.3183119 0.7525002 -0.5310428 0.2245316
27651.753000 2.2829284 -2.5690127 1.1935564 -0.3278149 0.7486086 -0.5279425 0.2310826
27651.853000 2.2814472 -2.5698836 1.1933506 -0.3280867 0.7484515 -0.5278634 0.2313863
27651.953000 2.2814650 -2.5693318 1.1930922 -0.3281755 0.7483569 -0.5279687 0.2313264
27652.053000 2.2787323 -2.5689539 1.1924666 -0.3283343 0.7479384 -0.5282824 0.2317378
27652.153000 2.2722048 -2.5681061 1.1910228 -0.3288840 0.7468738 -0.5290826 0.2325649
27652.253000 2.2367593 -2.6063178 1.1918499 -0.3382212 0.7429230 -0.5257773 0.2392280
27652.353000 2.2353077 -2.6072202 1.1916370 -0.3384859 0.7427636 -0.5256958 0.2395275
27652.454000 2.2352994 -2.6066736 1.1913762 -0.3385693 0.7426689 -0.5258016 0.2394711
27652.553000 2.2327964 -2.6062631 1.1907150 -0.3387456 0.7422721 -0.5261032 0.2397893
27652.653000 2.2259560 -2.6059313 1.1892594 -0.3391704 0.7412985 -0.5267907 0.2406899
27652.755000 2.1918529 -2.6449333 1.1901018 -0.3483597 0.7372581 -0.5234107 0.2472594
27652.853000 2.1902371 -2.6460819 1.1898460 -0.3487645 0.7370324 -0.5233233 0.2475465
27652.955000 2.1900477 -2.6457059 1.1896161 -0.3487912 0.7369583 -0.5234006 0.2475661
27653.053000 2.1873347 -2.6454777 1.1889448 -0.3489615 0.7365301 -0.5237310 0.2479014
27653.155000 2.1804363 -2.6456182 1.1875550 -0.3493542 0.7355289 -0.5244592 0.2487798
27653.253000 2.1465815 -2.6868552 1.1885237 -0.3585538 0.7313594 -0.5208035 0.2555705
27653.353000 2.1454940 -2.6874658 1.1882981 -0.3587165 0.7312396 -0.5207442 0.2558056
27653.453000 2.1452821 -2.6871016 1.1880651 -0.3587371 0.7311667 -0.5208210 0.2558289
27653.554000 2.1428160 -2.6867740 1.1873474 -0.3589818 0.7307114 -0.5211573 0.2561016
27653.653000 2.1356618 -2.6871351 1.1858185 -0.3594832 0.7296143 -0.5218694 0.2570741
27653.753000 2.1036533 -2.7283830 1.1865946 -0.3687621 0.7251805 -0.5183611 0.2634948
27653.853000 2.1022430 -2.7294355 1.1863606 -0.3690137 0.7250134 -0.5182633 0.2637946
27653.953000 2.1021657 -2.7288980 1.1860897 -0.3690832 0.7249193 -0.5183708 0.2637448
27654.054000 2.0996511 -2.7288692 1.1854266 -0.3692327 0.7245155 -0.5186784 0.2640401
27654.153000 2.0924175 -2.7296741 1.1839026 -0.3696283 0.7234587 -0.5194202 0.2649245
27654.254000 2.0610973 -2.7727279 1.1848790 -0.3786226 0.7190571 -0.5156006 0.2715840
27654.353000 2.0597164 -2.7738159 1.1846387 -0.3788664 0.7188881 -0.5154999 0.2718823
27654.453000 2.0594698 -2.7734668 1.1843958 -0.3788795 0.7188164 -0.5155761 0.2719092
27654.553000 2.0568381 -2.7736742 1.1837320 -0.3790242 0.7184314 -0.5158283 0.2722464
27654.655000 2.0498805 -2.7748515 1.1822475 -0.3794619 0.7174499 -0.5164199 0.2731022
27654.753000 2.0203214 -2.8181468 1.1831505 -0.3884137 0.7128901 -0.5126379 0.2795083
27654.853000 2.0186389 -2.8197322 1.1829024 -0.3887494 0.7126671 -0.5124942 0.2798736
27654.955000 2.0183736 -2.8193942 1.1826546 -0.3887587 0.7125964 -0.5125691 0.2799034
27655.053000 2.0157397 -2.8197110 1.1819734 -0.3888926 0.7122036 -0.5128391 0.2802225
27655.153000 2.0085942 -2.8213906 1.1804638 -0.3892562 0.7112121 -0.5134553 0.2811060
27655.253000 1.9803723 -2.8655434 1.1813539 -0.3982001 0.7064946 -0.5096108 0.2874003
27655.353000 1.9787551 -2.8671437 1.1810971 -0.3985254 0.7062719 -0.5094640 0.2877568
27655.453000 1.9784744 -2.8668137 1.1808438 -0.3985322 0.7062019 -0.5095382 0.2877878
27655.553000 1.9760784 -2.8670909 1.1801621 -0.3986971 0.7058141 -0.5098100 0.2880293
27655.653000 1.9687805 -2.8695044 1.1787041 -0.3989663 0.7048911 -0.5103201 0.2890119
27655.753000 1.9417047 -2.9147167 1.1795309 -0.4080373 0.6999092 -0.5064510 0.2951950
27655.853000 1.9404030 -2.9159301 1.1792658 -0.4082720 0.6997345 -0.5063332 0.2954864
27655.954000 1.9401024 -2.9156143 1.1790075 -0.4082759 0.6996656 -0.5064048 0.2955215
27656.053000 1.9378709 -2.9159405 1.1783482 -0.4084513 0.6992715 -0.5066734 0.2957517
27656.153000 1.9307184 -2.9185394 1.1768404 -0.4088332 0.6982399 -0.5072350 0.2966971
27656.255000 1.9048443 -2.9648111 1.1778455 -0.4173897 0.6934045 -0.5031154 0.3030692
27656.353000 1.9030471 -2.9669598 1.1775733 -0.4177815 0.6931321 -0.5029172 0.3034811
27656.453000 1.9027397 -2.9666435 1.1773091 -0.4177759 0.6930686 -0.5029913 0.3035112
27656.553000 1.9024508 -2.9663388 1.1770682 -0.4177676 0.6929861 -0.5030923 0.3035435
27656.653000 1.9000162 -2.9670892 1.1764415 -0.4179001 0.6925968 -0.5033282 0.3038583
27656.753000 1.8930833 -2.9701639 1.1749955 -0.4183273 0.6915743 -0.5038281 0.3047694
27656.853000 1.8690365 -3.0172598 1.1760896 -0.4271666 0.6864953 -0.4996269 0.3108469
27656.953000 1.8677871 -3.0186149 1.1757646 -0.4275794 0.6862132 -0.4995338 0.3110518
27657.053000 1.8673444 -3.0185052 1.1755180 -0.4275235 0.6861738 -0.4995710 0.3111558
27657.153000 1.8649716 -3.0193557 1.1748777 -0.4276262 0.6858222 -0.4997737 0.3114643
27657.253000 1.8583092 -3.0226135 1.1734020 -0.4280104 0.6848496 -0.5002575 0.3122989
27657.354000 1.8346000 -3.0717979 1.1744579 -0.4365613 0.6796764 -0.4958184 0.3187762
27657.453000 1.8334977 -3.0729473 1.1741503 -0.4368327 0.6794727 -0.4957181 0.3189948
27657.553000 1.8331592 -3.0726507 1.1738758 -0.4368296 0.6794064 -0.4957884 0.3190308
27657.653000 1.8329568 -3.0721620 1.1736052 -0.4368744 0.6792940 -0.4959231 0.3189996
27657.756000 1.8303378 -3.0735060 1.1729781 -0.4369345 0.6789328 -0.4961046 0.3194038
27657.853000 1.8238046 -3.0772884 1.1715476 -0.4373258 0.6779492 -0.4965744 0.3202262
27657.953000 1.8022128 -3.1269684 1.1727665 -0.4459053 0.6727149 -0.4920127 0.3264148
27658.054000 1.8011237 -3.1281911 1.1724574 -0.4461774 0.6724983 -0.4919124 0.3266403
27658.154000 1.8007705 -3.1279110 1.1721808 -0.4461735 0.6724296 -0.4919831 0.3266807
27658.253000 1.7985470 -3.1289506 1.1715393 -0.4463514 0.6720508 -0.4921747 0.3269283
27658.353000 1.7920291 -3.1336659 1.1702061 -0.4466991 0.6711585 -0.4924368 0.3278905
27658.454000 1.7718844 -3.1833706 1.1711769 -0.4553456 0.6655937 -0.4880367 0.3338645
27658.553000 1.7709494 -3.1843850 1.1708440 -0.4556646 0.6653486 -0.4879728 0.3340112
27658.653000 1.7705844 -3.1841139 1.1705620 -0.4556615 0.6652794 -0.4880419 0.3340523
27658.753000 1.7683765 -3.1855396 1.1699845 -0.4557199 0.6649807 -0.4881515 0.3344072
27658.853000 1.7622832 -3.1901864 1.1686132 -0.4561549 0.6640395 -0.4884879 0.3351922
27658.953000 1.7434006 -3.2409155 1.1696506 -0.4644840 0.6584870 -0.4839191 0.3412797
27659.053000 1.7422895 -3.2424692 1.1693122 -0.4648813 0.6581867 -0.4837998 0.3414871
27659.153000 1.7419097 -3.2422120 1.1690237 -0.4648787 0.6581184 -0.4838650 0.3415298
27659.254000 1.7397788 -3.2436931 1.1684296 -0.4650175 0.6577691 -0.4839832 0.3418462
27659.353000 1.7339343 -3.2490018 1.1671668 -0.4654650 0.6568373 -0.4841838 0.3427435
27659.453000 1.7166108 -3.3005431 1.1682005 -0.4738357 0.6510897 -0.4795188 0.3487457
27659.553000 1.7156313 -3.3018523 1.1678743 -0.4740969 0.6508684 -0.4794039 0.3489619
27659.655000 1.7151395 -3.3018404 1.1675969 -0.4740380 0.6508308 -0.4794263 0.3490811
27659.753000 1.7131076 -3.3034447 1.1670125 -0.4741545 0.6505073 -0.4795305 0.3493827
27659.853000 1.7076018 -3.3089845 1.1657520 -0.4746020 0.6496105 -0.4797341 0.3501634
27659.953000 1.6918602 -3.3611915 1.1668091 -0.4828876 0.6437484 -0.4749773 0.3560956
27660.053000 1.6909160 -3.3625413 1.1664777 -0.4831454 0.6435254 -0.4748570 0.3563094
27660.153000 1.6905088 -3.3623328 1.1661832 -0.4831368 0.6434589 -0.4749183 0.3563595
27660.253000 1.6885015 -3.3642641 1.1656325 -0.4831939 0.6431577 -0.4749824 0.3567401
27660.353000 1.6833240 -3.3702050 1.1644489 -0.4836166 0.6422279 -0.4751891 0.3575661
27660.453000 1.6692117 -3.4228988 1.1655523 -0.4916229 0.6363764 -0.4702971 0.3635281
27660.554000 1.6680709 -3.4250178 1.1652252 -0.4919048 0.6361211 -0.4700849 0.3638678
27660.654000 1.6677349 -3.4246186 1.1649188 -0.4919431 0.6360261 -0.4701854 0.3638523
27660.754000 1.6660774 -3.4262742 1.1644052 -0.4920472 0.6357351 -0.4702752 0.3641039
27660.853000 1.6611871 -3.4329970 1.1633197 -0.4924027 0.6349259 -0.4703561 0.3649299
27660.954000 1.6486596 -3.4865445 1.1643923 -0.5007212 0.6286709 -0.4654760 0.3706525
27661.053000 1.6480086 -3.4872249 1.1640432 -0.5009453 0.6284808 -0.4654312 0.3707284
27661.153000 1.6475835 -3.4870505 1.1637395 -0.5009340 0.6284175 -0.4654895 0.3707777
27661.253000 1.6459470 -3.4889691 1.1632237 -0.5010825 0.6280973 -0.4655272 0.3710721
27661.353000 1.6414623 -3.4960842 1.1621970 -0.5015656 0.6272310 -0.4654402 0.3719928
27661.453000 1.6307554 -3.5493549 1.1632959 -0.5095275 0.6210545 -0.4604615 0.3776881
27661.553000 1.6298800 -3.5511386 1.1629471 -0.5099054 0.6207300 -0.4603206 0.3778832
27661.653000 1.6294483 -3.5509840 1.1626413 -0.5098917 0.6206674 -0.4603791 0.3779332
27661.753000 1.6279276 -3.5530986 1.1621579 -0.5099526 0.6204233 -0.4603799 0.3782508
27661.853000 1.6239461 -3.5602956 1.1611808 -0.5103964 0.6196299 -0.4603485 0.3789901
27661.953000 1.6146901 -3.6150385 1.1623192 -0.5182323 0.6133379 -0.4551491 0.3848261
27662.053000 1.6139059 -3.6165558 1.1619686 -0.5184807 0.6131117 -0.4550036 0.3850240
27662.154000 1.6134636 -3.6164316 1.1616589 -0.5184627 0.6130534 -0.4550583 0.3850765
27662.253000 1.6130433 -3.6163158 1.1613790 -0.5184322 0.6129770 -0.4551377 0.3851453
27662.353000 1.6116547 -3.6184574 1.1609142 -0.5185285 0.6126664 -0.4552040 0.3854315
27662.453000 1.6080629 -3.6259951 1.1600029 -0.5189339 0.6118186 -0.4552172 0.3862162
27662.553000 1.6014082 -3.6787981 1.1613542 -0.5268589 0.6054765 -0.4501488 0.3913871
27662.653000 1.6005060 -3.6813657 1.1610052 -0.5272473 0.6051123 -0.4499166 0.3916943
27662.753000 1.6000600 -3.6812655 1.1606956 -0.5272255 0.6050542 -0.4499724 0.3917492
27662.854000 1.5988373 -3.6834400 1.1602438 -0.5273583 0.6047612 -0.4499743 0.3920207
27662.954000 1.5957940 -3.6912468 1.1594251 -0.5278801 0.6039208 -0.4498074 0.3928047
27663.055000 1.5901952 -3.7454322 1.1605799 -0.5353933 0.5975293 -0.4445229 0.3983868
27663.153000 1.5893074 -3.7483332 1.1602240 -0.5357336 0.5971908 -0.4442293 0.3987643
27663.254000 1.5888546 -3.7482636 1.1599114 -0.5357085 0.5971358 -0.4442820 0.3988218
27663.353000 1.5878125 -3.7504171 1.1594863 -0.5358298 0.5968747 -0.4442758 0.3990564
27663.453000 1.5853624 -3.7582105 1.1587469 -0.5364009 0.5960695 -0.4441232 0.3996622
27663.554000 1.5814847 -3.8132998 1.1599209 -0.5441073 0.5893485 -0.4387472 0.4051128
27663.653000 1.5808427 -3.8149196 1.1595639 -0.5443431 0.5891137 -0.4385944 0.4053031
27663.753000 1.5803872 -3.8148670 1.1592484 -0.5443178 0.5890601 -0.4386464 0.4053587
27663.853000 1.5794153 -3.8172174 1.1588184 -0.5444291 0.5887770 -0.4386492 0.4056172
27663.953000 1.5772265 -3.8256821 1.1580815 -0.5448421 0.5879930 -0.4384553 0.4064091
27664.054000 1.5752171 -3.8798079 1.1592604 -0.5524915 0.5811635 -0.4331439 0.4115683
27664.153000 1.5745914 -3.8819748 1.1589037 -0.5527909 0.5808564 -0.4329427 0.4118114
27664.253000 1.5741344 -3.8819468 1.1585878 -0.5527631 0.5808035 -0.4329944 0.4118690
27664.354000 1.5737438 -3.8816927 1.1583102 -0.5527692 0.5806992 -0.4331154 0.4118806
27664.453000 1.5730014 -3.8841175 1.1579540 -0.5528979 0.5804215 -0.4330879 0.4121283
27664.553000 1.5715814 -3.8925930 1.1574127 -0.5533829 0.5797092 -0.4327485 0.4128358
27664.653000 1.5717010 -3.9470985 1.1588648 -0.5607376 0.5730205 -0.4271607 0.4180366
27664.753000 1.5710902 -3.9500655 1.1584931 -0.5610661 0.5726775 -0.4268477 0.4183853
27664.854000 1.5706291 -3.9500696 1.1581736 -0.5610366 0.5726280 -0.4268947 0.4184448
27664.953000 1.5700251 -3.9523167 1.1578017 -0.5612119 0.5723310 -0.4268846 0.4186263
27665.054000 1.5689963 -3.9611537 1.1572305 -0.5616978 0.5716050 -0.4264879 0.4193702
27665.153000 1.5704989 -4.0155477 1.1584366 0.5690841 -0.5645846 0.4209673 -0.4244692
27665.253000 1.5699822 -4.0179955 1.1580643 0.5693303 -0.5643062 0.4207086 -0.4247655
27665.354000 1.5695226 -4.0180244 1.1577455 0.5692984 -0.5642571 0.4207551 -0.4248275
27665.454000 1.5690864 -4.0204210 1.1574091 0.5694580 -0.5639968 0.4206784 -0.4250352
27665.555000 1.5688339 -4.0288553 1.1570155 0.5701824 -0.5631783 0.4202914 -0.4255320
27665.653000 1.5721702 -4.0835172 1.1582702 0.5776557 -0.5559345 0.4146680 -0.4304662
27665.753000 1.5717142 -4.0854787 1.1578955 0.5778272 -0.5557231 0.4144577 -0.4307116
27665.853000 1.5712814 -4.0853002 1.1575917 0.5778401 -0.5556392 0.4145526 -0.4307111
27665.953000 1.5708483 -4.0853376 1.1573045 0.5777921 -0.5555746 0.4146207 -0.4307932
27666.053000 1.5705235 -4.0879361 1.1569890 0.5778480 -0.5553520 0.4145312 -0.4310913
27666.153000 1.5706861 -4.0966790 1.1566351 0.5783772 -0.5545818 0.4141697 -0.4317201
27666.253000 1.5762143 -4.1525145 1.1581032 0.5856535 -0.5473218 0.4082096 -0.4368223
27666.353000 1.5757879 -4.1539439 1.1577232 0.5857556 -0.5471884 0.4080479 -0.4370037
27666.454000 1.5753505 -4.1537858 1.1574202 0.5857666 -0.5471069 0.4081420 -0.4370030
27666.553000 1.5751519 -4.1563583 1.1570810 0.5858502 -0.5469086 0.4080055 -0.4372665
27666.653000 1.5758332 -4.1651402 1.1567189 0.5864632 -0.5461738 0.4075033 -0.4378312
27666.754000 1.5827545 -4.2193173 1.1580185 0.5937843 -0.5386622 0.4017708 -0.4425421
27666.854000 1.5824231 -4.2212931 1.1576372 0.5939484 -0.5384542 0.4015553 -0.4427706
27666.953000 1.5819834 -4.2211506 1.1573372 0.5939552 -0.5383755 0.4016513 -0.4427698
27667.053000 1.5820024 -4.2235001 1.1570626 0.5941038 -0.5381513 0.4015492 -0.4429358
27667.153000 1.5834039 -4.2324066 1.1568553 0.5947471 -0.5374840 0.4009436 -0.4434311
27667.253000 1.5919951 -4.2857962 1.1581367 0.6017167 -0.5300691 0.3951483 -0.4481313
27667.353000 1.5918608 -4.2888319 1.1577547 0.6020108 -0.5297073 0.3948200 -0.4484533
27667.453000 1.5914205 -4.2887136 1.1574575 0.6020156 -0.5296296 0.3949146 -0.4484554
27667.553000 1.5915524 -4.2911062 1.1571817 0.6021298 -0.5294066 0.3948270 -0.4486425
27667.654000 1.5933175 -4.2998663 1.1569660 0.6026288 -0.5287615 0.3942979 -0.4491981
27667.753000 1.6036978 -4.3538039 1.1581976 0.6093874 -0.5212424 0.3883187 -0.4540506
27667.853000 1.6035844 -4.3561182 1.1578367 0.6096611 -0.5209155 0.3880899 -0.4542539
27667.953000 1.6031434 -4.3564708 1.1574941 0.6095734 -0.5209178 0.3880825 -0.4543752
27668.053000 1.6034728 -4.3586901 1.1572666 0.6097772 -0.5206433 0.3879992 -0.4544874
27668.153000 1.6059221 -4.3673534 1.1571511 0.6104642 -0.5199289 0.3873304 -0.4549534
27668.253000 1.6180020 -4.4203377 1.1584232 0.6172871 -0.5122181 0.3813479 -0.4595248
27668.353000 1.6179425 -4.4228553 1.1580308 0.6174937 -0.5119276 0.3810760 -0.4597963
27668.453000 1.6175054 -4.4229760 1.1577137 0.6174434 -0.5118973 0.3811218 -0.4598598
27668.553000 1.6179754 -4.4253678 1.1574754 0.6175787 -0.5116791 0.3809867 -0.4600328
27668.653000 1.6208996 -4.4336568 1.1574181 0.6182242 -0.5109902 0.3803549 -0.4604541
27668.753000 1.6348129 -4.4863118 1.1587895 0.6251656 -0.5030251 0.3743152 -0.4647815
27668.853000 1.6347489 -4.4883144 1.1584107 0.6253147 -0.5028083 0.3740977 -0.4649905
27668.953000 1.6343229 -4.4884849 1.1580946 0.6252630 -0.5027800 0.3741402 -0.4650565
27669.053000 1.6348222 -4.4904087 1.1578925 0.6254485 -0.5025220 0.3740576 -0.4651524
27669.153000 1.6382293 -4.4985993 1.1578635 0.6261644 -0.5017985 0.3733119 -0.4655691
27669.253000 1.6540815 -4.5520596 1.1590865 0.6326871 -0.4938545 0.3669620 -0.4702699
27669.353000 1.6540655 -4.5538522 1.1587269 0.6328853 -0.4936058 0.3667804 -0.4704057
27669.453000 1.6536439 -4.5540101 1.1584112 0.6328346 -0.4935799 0.3668247 -0.4704666
27669.554000 1.6543328 -4.5561884 1.1581943 0.6329604 -0.4933917 0.3666862 -0.4706029
27669.653000 1.6582647 -4.5638280 1.1582705 0.6336766 -0.4927189 0.3660563 -0.4708341
27669.753000 1.6755363 -4.6155683 1.1596137 0.6403452 -0.4845710 0.3598455 -0.4750371
27669.853000 1.6755814 -4.6173907 1.1592595 0.6405302 -0.4843141 0.3596696 -0.4751827
27669.953000 1.6752049 -4.6177939 1.1589204 0.6404407 -0.4843275 0.3596606 -0.4752966
27670.053000 1.6759547 -4.6196779 1.1587453 0.6405990 -0.4840942 0.3595749 -0.4753857
27670.153000 1.6803205 -4.6274181 1.1588143 0.6412372 -0.4834446 0.3588474 -0.4757359
27670.253000 1.6992015 -4.6781128 1.1601500 0.6476798 -0.4753044 0.3525789 -0.4798800
27670.353000 1.6994734 -4.6804163 1.1598004 0.6479221 -0.4749634 0.3523438 -0.4800632
27670.453000 1.6990736 -4.6806167 1.1594901 0.6478659 -0.4749425 0.3523870 -0.4801278
27670.553000 1.6986947 -4.6808056 1.1592086 0.6477900 -0.4749132 0.3524396 -0.4802206
27670.653000 1.6996709 -4.6828418 1.1590540 0.6479259 -0.4747119 0.3522841 -0.4803504
27670.753000 1.7045230 -4.6900183 1.1592338 0.6486730 -0.4740377 0.3515314 -0.4805593
27670.854000 1.7253853 -4.7407651 1.1606071 0.6548371 -0.4659606 0.3449688 -0.4848356
27670.953000 1.7256887 -4.7428805 1.1602866 0.6551021 -0.4655816 0.3447831 -0.4849739
27671.053000 1.7253461 -4.7433106 1.1599496 0.6550116 -0.4655987 0.3447727 -0.4850870
27671.154000 1.7264178 -4.7453627 1.1597670 0.6551357 -0.4654003 0.3446042 -0.4852295
27671.253000 1.7314753 -4.7520765 1.1599374 0.6558252 -0.4646844 0.3439100 -0.4854768
27671.353000 1.7535216 -4.8013092 1.1613179 0.6621922 -0.4562335 0.3375187 -0.4893195
27671.454000 1.7537720 -4.8033562 1.1609241 0.6623115 -0.4560120 0.3372888 -0.4895230
27671.553000 1.7533979 -4.8036060 1.1606168 0.6622492 -0.4559984 0.3373284 -0.4895927
27671.653000 1.7544996 -4.8051673 1.1605137 0.6624433 -0.4557874 0.3372075 -0.4896099
27671.753000 1.7601785 -4.8116340 1.1607815 0.6632402 -0.4551599 0.3363665 -0.4896933
27671.853000 1.7837671 -4.8606450 1.1619388 0.6691197 -0.4468100 0.3297940 -0.4938376
27671.954000 1.7843211 -4.8631312 1.1615616 0.6693048 -0.4465018 0.3294993 -0.4940621
27672.053000 1.7839115 -4.8632092 1.1612907 0.6692789 -0.4464485 0.3295898 -0.4940850
27672.153000 1.7852165 -4.8652048 1.1611061 0.6693795 -0.4463154 0.3293710 -0.4942149
27672.253000 1.7910139 -4.8710691 1.1613903 0.6701300 -0.4456730 0.3286706 -0.4942438
27672.353000 1.8161293 -4.9192193 1.1625858 0.6760453 -0.4371395 0.3220508 -0.4981516
27672.453000 1.8164489 -4.9207749 1.1623003 0.6762478 -0.4368361 0.3219287 -0.4982219
27672.553000 1.8161343 -4.9212854 1.1619486 0.6761376 -0.4368671 0.3219155 -0.4983528
27672.653000 1.8176324 -4.9231000 1.1618271 0.6763027 -0.4366832 0.3216950 -0.4984324
27672.753000 1.8238537 -4.9287030 1.1621484 0.6770855 -0.4360536 0.3208161 -0.4984872
27672.853000 1.8497973 -4.9745778 1.1634056 -0.6828566 0.4275458 -0.3143151 0.5021129
27672.953000 1.8507091 -4.9773325 1.1630733 -0.6831160 0.4270969 -0.3140076 0.5023346
27673.054000 1.8503828 -4.9776341 1.1627769 -0.6830522 0.4270869 -0.3140438 0.5024071
27673.153000 1.8519241 -4.9793052 1.1626709 -0.6831968 0.4269138 -0.3138484 0.5024798
27673.254000 1.8583343 -4.9844318 1.1630414 -0.6839100 0.4263214 -0.3130528 0.5025088
27673.353000 1.8856764 -5.0292917 1.1643951 -0.6897445 0.4175856 -0.3065621 0.5058601
27673.454000 1.8864144 -5.0315460 1.1640666 -0.6899384 0.4172276 -0.3063216 0.5060367
27673.553000 1.8860974 -5.0318514 1.1637739 -0.6898688 0.4172269 -0.3063614 0.5061081
27673.653000 1.8876868 -5.0331275 1.1637558 -0.6900773 0.4170314 -0.3062095 0.5060770
27673.753000 1.8944160 -5.0377167 1.1642217 -0.6908588 0.4164858 -0.3053545 0.5059766
27673.853000 1.9233040 -5.0826798 1.1652518 -0.6962074 0.4078273 -0.2985647 0.5097364
27673.953000 1.9240282 -5.0846966 1.1649661 -0.6964246 0.4074288 -0.2983787 0.5098673
27674.053000 1.9238066 -5.0852146 1.1646366 -0.6963253 0.4074654 -0.2983582 0.5099857
27674.153000 1.9234548 -5.0853372 1.1644118 -0.6962704 0.4074200 -0.2984484 0.5100442
27674.253000 1.9252482 -5.0869384 1.1643204 -0.6963857 0.4073013 -0.2981689 0.5101450
27674.353000 1.9320756 -5.0910547 1.1648052 -0.6971438 0.4067551 -0.2972885 0.5100591
27674.454000 1.9620607 -5.1334267 1.1663663 -0.7028485 0.3978436 -0.2906962 0.5130500
27674.553000 1.9629437 -5.1356302 1.1660461 -0.7030271 0.3974831 -0.2904546 0.5132213
27674.656000 1.9626586 -5.1359622 1.1657602 -0.7029537 0.3974908 -0.2904933 0.5132941
27674.753000 1.9644990 -5.1372554 1.1657359 -0.7031247 0.3973246 -0.2902759 0.5133115
27674.853000 1.9713649 -5.1405237 1.1663832 -0.7039346 0.3967053 -0.2895111 0.5131123
27674.953000 2.0024185 -5.1830219 1.1673883 -0.7090596 0.3878276 -0.2827186 0.5166183
27675.053000 2.0034403 -5.1853610 1.1670309 -0.7091932 0.3875058 -0.2824202 0.5168396
27675.153000 2.0031843 -5.1857224 1.1667475 -0.7091196 0.3875121 -0.2824498 0.5169197
27675.253000 2.0050542 -5.1869015 1.1667250 -0.7092847 0.3873568 -0.2822094 0.5169408
27675.353000 2.0118661 -5.1897391 1.1673550 -0.7100614 0.3867810 -0.2813947 0.5167497
27675.453000 2.0440590 -5.2304921 1.1686745 -0.7154650 0.3775823 -0.2747295 0.5196779
27675.553000 2.0447604 -5.2321910 1.1683664 -0.7155728 0.3773150 -0.2745574 0.5198146
27675.655000 2.0445098 -5.2325451 1.1680892 -0.7154950 0.3773307 -0.2745943 0.5198908
27675.753000 2.0465260 -5.2335304 1.1681369 -0.7156951 0.3772042 -0.2743628 0.5198294
27675.853000 2.0535173 -5.2360401 1.1688159 -0.7164553 0.3768131 -0.2735006 0.5195200
27675.953000 2.0866350 -5.2759637 1.1698540 -0.7213758 0.3677341 -0.2667022 0.5227414
27676.053000 2.0878140 -5.2782462 1.1695046 -0.7215006 0.3674042 -0.2663972 0.5229566
27676.153000 2.0875919 -5.2786252 1.1692295 -0.7214261 0.3674151 -0.2664244 0.5230378
27676.253000 2.0897954 -5.2795392 1.1693061 -0.7216303 0.3672881 -0.2661337 0.5229933
27676.353000 2.0964344 -5.2811677 1.1700980 -0.7223925 0.3668576 -0.2653209 0.5226561
27676.453000 2.1303100 -5.3198465 1.1710929 -0.7272309 0.3577490 -0.2585418 0.5256491
27676.553000 2.1313839 -5.3216873 1.1708615 -0.7274111 0.3573418 -0.2583590 0.5257667
27676.654000 2.1312492 -5.3222813 1.1705314 -0.7272884 0.3574074 -0.2583341 0.5259040
27676.754000 2.1333988 -5.3227629 1.1707236 -0.7275378 0.3572505 -0.2581282 0.5257667
27676.853000 2.1741280 -5.3629649 1.1716553 -0.7328487 0.3474453 -0.2506289 0.5285828
27676.953000 2.1759158 -5.3624709 1.1727749 -0.7333946 0.3470916 -0.2504252 0.5281543
27677.053000 2.1758302 -5.3630801 1.1724331 -0.7333125 0.3471468 -0.2503886 0.5282494
27677.153000 2.1756497 -5.3634771 1.1721688 -0.7332356 0.3471595 -0.2504076 0.5283388
27677.253000 2.1777922 -5.3637588 1.1724145 -0.7335137 0.3469991 -0.2501818 0.5281650
27677.353000 2.2194690 -5.4025173 1.1733692 -0.7386519 0.3372806 -0.2425742 0.5308416
27677.453000 2.2213782 -5.4020770 1.1744105 -0.7391095 0.3370182 -0.2423018 0.5304957
27677.553000 2.2211914 -5.4024882 1.1741259 -0.7390516 0.3370482 -0.2423384 0.5305407
27677.653000 2.2209137 -5.4026416 1.1739363 -0.7390103 0.3370335 -0.2424339 0.5305639
27677.753000 2.2233510 -5.4028937 1.1742282 -0.7392590 0.3369580 -0.2421371 0.5304009
27677.853000 2.2650777 -5.4395523 1.1752497 -0.7441509 0.3272781 -0.2346328 0.5329877
27677.953000 2.2674848 -5.4400806 1.1760075 -0.7444224 0.3270324 -0.2341346 0.5329785
27678.055000 2.2673378 -5.4405120 1.1757290 -0.7443710 0.3270403 -0.2341517 0.5330379
27678.153000 2.2699318 -5.4405420 1.1760952 -0.7446965 0.3269304 -0.2337952 0.5328072
27678.253000 2.3121684 -5.4758631 1.1770920 -0.7494612 0.3171939 -0.2263049 0.5352402
27678.354000 2.3136679 -5.4757743 1.1778031 -0.7497620 0.3169210 -0.2260905 0.5350711
27678.455000 2.3135153 -5.4761913 1.1775338 -0.7496971 0.3169564 -0.2261265 0.5351258
27678.553000 2.3162396 -5.4757777 1.1780933 -0.7500700 0.3169350 -0.2258087 0.5347501
27678.653000 2.3588930 -5.5069715 1.1805716 -0.7549593 0.3070015 -0.2186261 0.5366462
27678.753000 2.3599938 -5.5084612 1.1802090 -0.7552666 0.3067363 -0.2183872 0.5364627
27678.853000 2.3598594 -5.5088818 1.1799473 -0.7551991 0.3067743 -0.2184210 0.5365222
27678.953000 2.3624943 -5.5084447 1.1804870 -0.7555462 0.3067553 -0.2179935 0.5362181
27679.053000 2.4061128 -5.5392719 1.1825271 -0.7598998 0.2969942 -0.2103475 0.5386100
27679.154000 2.4071239 -5.5404616 1.1822712 -0.7602606 0.2966520 -0.2101975 0.5383479
27679.253000 2.4071236 -5.5410983 1.1819483 -0.7601556 0.2967360 -0.2101651 0.5384624
27679.353000 2.4097797 -5.5396703 1.1829012 -0.7606358 0.2966943 -0.2098636 0.5379246
27679.453000 2.4524338 -5.5683843 1.1849620 -0.7649836 0.2869526 -0.2025946 0.5398275
27679.553000 2.4539764 -5.5701222 1.1846703 -0.7651915 0.2865719 -0.2023317 0.5398336
27679.654000 2.4538779 -5.5705443 1.1844238 -0.7651222 0.2866113 -0.2023591 0.5399007
27679.753000 2.4566123 -5.5687963 1.1855341 -0.7656169 0.2866902 -0.2019934 0.5392941
27679.853000 2.4993447 -5.5960974 1.1875788 -0.7698331 0.2769630 -0.1947847 0.5410244
27679.953000 2.5010638 -5.5980143 1.1872331 -0.7699610 0.2766285 -0.1944558 0.5411318
27680.053000 2.5009875 -5.5984423 1.1869921 -0.7698908 0.2766682 -0.1944766 0.5412040
27680.153000 2.5009096 -5.5988400 1.1867729 -0.7698052 0.2767104 -0.1944894 0.5412995
27680.255000 2.5031550 -5.5965054 1.1880752 -0.7703440 0.2768137 -0.1941730 0.5405933
27680.353000 2.5460140 -5.6220884 1.1903030 -0.7745206 0.2670193 -0.1869736 0.5420880
27680.454000 2.5478180 -5.6239110 1.1899814 -0.7746602 0.2666416 -0.1866203 0.5421962
27680.553000 2.5477872 -5.6243398 1.1897469 -0.7746046 0.2666430 -0.1866121 0.5422778
27680.654000 2.5495617 -5.6217532 1.1911271 -0.7751584 0.2666605 -0.1863333 0.5415732
27680.753000 2.5926829 -5.6458712 1.1935397 -0.7792797 0.2567431 -0.1793340 0.5428125
27680.853000 2.5939390 -5.6471859 1.1932764 -0.7794086 0.2564514 -0.1791400 0.5428294
27680.953000 2.5938938 -5.6476074 1.1930498 -0.7793443 0.2564841 -0.1791539 0.5429017
27681.056000 2.5953193 -5.6449303 1.1944511 -0.7798391 0.2567562 -0.1788986 0.5421462
27681.153000 2.6392802 -5.6688056 1.1964304 -0.7834807 0.2471519 -0.1715135 0.5437436
27681.253000 2.6405910 -5.6700969 1.1961732 -0.7836039 0.2468491 -0.1713095 0.5437678
27681.353000 2.6405622 -5.6705145 1.1959535 -0.7835422 0.2468777 -0.1713186 0.5438409
27681.453000 2.6414355 -5.6678637 1.1973062 -0.7839906 0.2471552 -0.1711150 0.5431323
27681.553000 2.6846194 -5.6888494 1.1999903 -0.7878981 0.2371939 -0.1642097 0.5440504
27681.653000 2.6859291 -5.6900633 1.1997371 -0.7880501 0.2368825 -0.1640094 0.5440263
27681.753000 2.6859166 -5.6904797 1.1995229 -0.7879921 0.2369066 -0.1640142 0.5440983
27681.853000 2.6859037 -5.6908725 1.1993262 -0.7879189 0.2369358 -0.1640074 0.5441937
27681.953000 2.6864162 -5.6874730 1.2010407 -0.7884050 0.2373808 -0.1638573 0.5433403
27682.053000 2.7299616 -5.7080492 1.2033740 -0.7919557 0.2275888 -0.1568418 0.5444357
27682.153000 2.7314813 -5.7093895 1.2030860 -0.7920428 0.2273079 -0.1565573 0.5445081
27682.254000 2.7313425 -5.7096544 1.2029293 -0.7920131 0.2272645 -0.1566088 0.5445546
27682.353000 2.7313438 -5.7064943 1.2044895 -0.7924839 0.2275817 -0.1564434 0.5437842
27682.453000 2.7754077 -5.7258701 1.2069550 -0.7959265 0.2177935 -0.1492932 0.5447738
27682.553000 2.7761851 -5.7266276 1.2067673 -0.7960573 0.2175171 -0.1492144 0.5447148
27682.653000 2.7763755 -5.7271712 1.2065198 -0.7959862 0.2175633 -0.1491346 0.5448220
27682.753000 2.7757970 -5.7241181 1.2080059 -0.7963890 0.2179110 -0.1491564 0.5440880
27682.853000 2.8190434 -5.7414171 1.2107893 -0.7996705 0.2083153 -0.1422773 0.5448752
27682.953000 2.8204634 -5.7425108 1.2105505 -0.7998496 0.2079695 -0.1420584 0.5448015
27683.053000 2.8205012 -5.7429122 1.2103572 -0.7998020 0.2079717 -0.1420449 0.5448741
27683.153000 2.8196457 -5.7398788 1.2118336 -0.8002174 0.2083936 -0.1420248 0.5441078
27683.254000 2.8626763 -5.7559524 1.2146256 -0.8034164 0.1987926 -0.1351700 0.5447317
27683.353000 2.8642887 -5.7571411 1.2143486 -0.8035697 0.1984925 -0.1348832 0.5446861
27683.453000 2.8641649 -5.7574064 1.2142088 -0.8035427 0.1984511 -0.1349359 0.5447279
27683.553000 2.8629179 -5.7544081 1.2156765 -0.8038959 0.1989952 -0.1349685 0.5439999
27683.653000 2.9054934 -5.7693293 1.2184130 -0.8068432 0.1896674 -0.1281794 0.5446103
27683.753000 2.9072052 -5.7704086 1.2182325 -0.8070693 0.1891746 -0.1279625 0.5444977
27683.853000 2.9072503 -5.7707952 1.2180563 -0.8070240 0.1891775 -0.1279508 0.5445666
27683.953000 2.9058464 -5.7679703 1.2194525 -0.8073630 0.1897082 -0.1279637 0.5438760
27684.053000 2.9481789 -5.7814878 1.2223782 -0.8102864 0.1801165 -0.1213238 0.5443110
27684.153000 2.9496457 -5.7824453 1.2221601 -0.8104824 0.1797614 -0.1211082 0.5441846
27684.253000 2.9497015 -5.7828300 1.2219904 -0.8104376 0.1797667 -0.1210945 0.5442526
27684.354000 2.9478850 -5.7799275 1.2234362 -0.8107375 0.1803730 -0.1211102 0.5436016
27684.453000 2.9896717 -5.7926524 1.2260786 -0.8132998 0.1711542 -0.1143900 0.5442101
27684.553000 2.9918648 -5.7938117 1.2259097 -0.8135605 0.1705505 -0.1141090 0.5440689
27684.653000 2.9919147 -5.7941849 1.2257498 -0.8135170 0.1705569 -0.1141000 0.5441339
27684.755000 2.9899059 -5.7915124 1.2270759 -0.8138093 0.1711681 -0.1141768 0.5434884
27684.853000 3.0311597 -5.8026714 1.2300263 -0.8163736 0.1617515 -0.1077296 0.5438427
27684.953000 3.0331231 -5.8036951 1.2297994 -0.8166595 0.1612928 -0.1074342 0.5436081
27685.053000 3.0333710 -5.8041841 1.2296042 -0.8165994 0.1613479 -0.1073530 0.5436980
27685.153000 3.0311749 -5.8019325 1.2307073 -0.8168308 0.1618051 -0.1075817 0.5431691
27685.254000 3.0725720 -5.8132382 1.2332024 -0.8193286 0.1525283 -0.1010686 0.5433424
27685.354000 3.0736962 -5.8124482 1.2337326 -0.8196100 0.1520874 -0.1009706 0.5430597
27685.453000 3.0735763 -5.8127084 1.2336207 -0.8195888 0.1520458 -0.1010265 0.5430929
27685.554000 3.0716386 -5.8108190 1.2345668 -0.8197825 0.1525989 -0.1011468 0.5426229
27685.654000 3.1116028 -5.8206419 1.2370916 -0.8221693 0.1435773 -0.0949285 0.5425972
27685.753000 3.1139007 -5.8204222 1.2374789 -0.8224025 0.1430362 -0.0945604 0.5424511
27685.855000 3.1137775 -5.8206688 1.2373752 -0.8223847 0.1429866 -0.0946141 0.5424817
27685.954000 3.1117269 -5.8190104 1.2381942 -0.8225657 0.1433858 -0.0947891 0.5420713
27686.053000 3.1063016 -5.8138908 1.2406200 -0.8230937 0.1445705 -0.0951893 0.5408837
27686.153000 3.1516887 -5.8269881 1.2410966 -0.8250031 0.1342428 -0.0884775 0.5417754
27686.253000 3.1534488 -5.8278067 1.2410024 -0.8250630 0.1337503 -0.0882545 0.5418423
27686.354000 3.1535093 -5.8281319 1.2408811 -0.8250177 0.1337430 -0.0882263 0.5419176
27686.453000 3.1518094 -5.8269360 1.2415157 -0.8251036 0.1341965 -0.0882898 0.5416644
27686.553000 3.1457498 -5.8219678 1.2438839 -0.8255294 0.1354940 -0.0887776 0.5406119
27686.654000 3.1910758 -5.8337497 1.2444632 -0.8273437 0.1252590 -0.0820939 0.5413623
27686.753000 3.1932793 -5.8347701 1.2442958 -0.8273659 0.1248649 -0.0817201 0.5414760
27686.854000 3.1933477 -5.8351004 1.2441777 -0.8273208 0.1248633 -0.0816909 0.5415497
27686.953000 3.1915353 -5.8340390 1.2447321 -0.8274029 0.1252156 -0.0818158 0.5413239
27687.053000 3.1851963 -5.8294461 1.2469219 -0.8278033 0.1264571 -0.0822994 0.5403490
27687.153000 3.2302215 -5.8396036 1.2478155 -0.8296473 0.1159520 -0.0758246 0.5408245
27687.253000 3.2319342 -5.8404375 1.2476541 -0.8296597 0.1156653 -0.0755245 0.5409088
27687.353000 3.2320024 -5.8407652 1.2475409 -0.8296168 0.1156622 -0.0754956 0.5409794
27687.453000 3.2301373 -5.8398075 1.2480187 -0.8297119 0.1159281 -0.0757208 0.5407450
27687.553000 3.2236148 -5.8354651 1.2500460 -0.8301499 0.1172011 -0.0763541 0.5397084
27687.653000 3.2693850 -5.8451374 1.2507586 -0.8317477 0.1070574 -0.0695336 0.5402772
27687.753000 3.2708895 -5.8458276 1.2506335 -0.8317866 0.1067266 -0.0693132 0.5403111
27687.853000 3.2707156 -5.8460398 1.2505613 -0.8317626 0.1066763 -0.0693735 0.5403503
27687.953000 3.2693372 -5.8454517 1.2509032 -0.8318021 0.1070213 -0.0694282 0.5402142
27688.053000 3.2627631 -5.8415393 1.2527383 -0.8321775 0.1082351 -0.0700030 0.5393194
27688.153000 3.3077755 -5.8497017 1.2536471 -0.8337212 0.0979523 -0.0633842 0.5397192
27688.253000 3.3092830 -5.8503517 1.2535230 -0.8337789 0.0976189 -0.0631703 0.5397155
27688.354000 3.3093233 -5.8506709 1.2534216 -0.8337384 0.0976280 -0.0631587 0.5397777
27688.453000 3.3078815 -5.8501908 1.2537054 -0.8337649 0.0978799 -0.0632715 0.5396779
27688.553000 3.3013109 -5.8468196 1.2553158 -0.8340537 0.0989851 -0.0638089 0.5389664
27688.653000 3.3452489 -5.8536601 1.2563409 -0.8354289 0.0887816 -0.0573459 0.5393402
27688.753000 3.3471948 -5.8543411 1.2562068 -0.8355568 0.0883378 -0.0570747 0.5392437
27688.853000 3.3472280 -5.8546581 1.2561096 -0.8355181 0.0883499 -0.0570678 0.5393023
27688.953000 3.3458923 -5.8542871 1.2563363 -0.8355436 0.0885981 -0.0571900 0.5392091
27689.053000 3.3396003 -5.8513013 1.2577491 -0.8358314 0.0898102 -0.0577240 0.5385053
27689.153000 3.3832875 -5.8571303 1.2588021 -0.8370449 0.0796790 -0.0513072 0.5388643
27689.253000 3.3854569 -5.8578304 1.2586292 -0.8372202 0.0792731 -0.0509596 0.5386847
27689.353000 3.3854938 -5.8581466 1.2585354 -0.8371827 0.0792851 -0.0509505 0.5387421
27689.453000 3.3840576 -5.8578321 1.2587424 -0.8372035 0.0795338 -0.0510780 0.5386611
27689.553000 3.3772021 -5.8551024 1.2600242 -0.8374756 0.0805954 -0.0517573 0.5380151
27689.653000 3.4214332 -5.8601921 1.2610206 -0.8385602 0.0702856 -0.0452996 0.5383536
27689.753000 3.4229092 -5.8606840 1.2608730 -0.8387473 0.0699433 -0.0450932 0.5381240
27689.854000 3.4231601 -5.8610735 1.2607609 -0.8386977 0.0700036 -0.0450100 0.5382004
27689.953000 3.4216337 -5.8607846 1.2609420 -0.8387191 0.0701674 -0.0452023 0.5381297
27690.053000 3.4150701 -5.8584350 1.2620577 -0.8389420 0.0712003 -0.0457980 0.5375960
27690.153000 3.4595203 -5.8641109 1.2625348 -0.8398449 0.0610204 -0.0392062 0.5379590
27690.253000 3.4609849 -5.8632432 1.2628223 -0.8400501 0.0606988 -0.0389768 0.5376916
27690.353000 3.4607794 -5.8634763 1.2627583 -0.8400272 0.0606592 -0.0390489 0.5377266
27690.453000 3.4595400 -5.8633541 1.2628760 -0.8400306 0.0608592 -0.0391618 0.5376905
27690.554000 3.4531580 -5.8614144 1.2638060 -0.8402280 0.0618813 -0.0397371 0.5372231
27690.653000 3.4971061 -5.8661745 1.2642463 -0.8410014 0.0519030 -0.0331700 0.5375151
27690.753000 3.4985990 -5.8652174 1.2645585 -0.8412266 0.0513810 -0.0330204 0.5372220
27690.853000 3.4985998 -5.8655154 1.2644780 -0.8411933 0.0513861 -0.0330209 0.5372736
27690.953000 3.4973907 -5.8654697 1.2645662 -0.8411870 0.0515664 -0.0331238 0.5372598
27691.053000 3.4913704 -5.8640023 1.2653159 -0.8413220 0.0525260 -0.0335859 0.5369267
27691.153000 3.5354112 -5.8679137 1.2657280 -0.8419770 0.0423638 -0.0270422 0.5371673
27691.254000 3.5369201 -5.8670931 1.2659596 -0.8421576 0.0420682 -0.0267802 0.5369206
27691.353000 3.5369217 -5.8673897 1.2658810 -0.8421255 0.0420727 -0.0267794 0.5369705
27691.453000 3.5357545 -5.8674000 1.2659443 -0.8421155 0.0422564 -0.0268889 0.5369663
27691.554000 3.5294437 -5.8660977 1.2665958 -0.8422502 0.0431461 -0.0275491 0.5366508
27691.653000 3.5734819 -5.8691319 1.2669640 -0.8427841 0.0331136 -0.0209901 0.5368219
27691.754000 3.5746889 -5.8681486 1.2672497 -0.8429728 0.0327504 -0.0208311 0.5365541
27691.853000 3.5746825 -5.8684431 1.2671733 -0.8429426 0.0327524 -0.0208318 0.5366015
27691.953000 3.5746788 -5.8687197 1.2671046 -0.8429012 0.0327573 -0.0208262 0.5366664
27692.053000 3.5733414 -5.8687437 1.2671568 -0.8428831 0.0328691 -0.0209964 0.5366814
27692.153000 3.5674666 -5.8679222 1.2676472 -0.8429390 0.0338128 -0.0214448 0.5365172
27692.253000 3.6108411 -5.8701508 1.2679553 -0.8433188 0.0237886 -0.0150118 0.5366770
27692.354000 3.6120747 -5.8687734 1.2683292 -0.8435873 0.0232066 -0.0149469 0.5362821
27692.453000 3.6122920 -5.8691107 1.2682429 -0.8435487 0.0232561 -0.0148713 0.5363428
27692.553000 3.6120505 -5.8693369 1.2681889 -0.8435162 0.0232099 -0.0149446 0.5363939
27692.653000 3.6108383 -5.8694461 1.2682139 -0.8434911 0.0233835 -0.0150523 0.5364227
27692.753000 3.6046818 -5.8688207 1.2686000 -0.8435601 0.0242756 -0.0156129 0.5362587
27692.853000 3.6486596 -5.8703168 1.2688221 -0.8438206 0.0141167 -0.0091326 0.5363619
27692.953000 3.6499292 -5.8690778 1.2691271 -0.8440554 0.0137650 -0.0089539 0.5360046
27693.053000 3.6501534 -5.8694070 1.2690446 -0.8440167 0.0138158 -0.0088750 0.5360655
27693.153000 3.6490742 -5.8696122 1.2690333 -0.8439852 0.0139756 -0.0089677 0.5361093
27693.253000 3.6428441 -5.8693614 1.2692826 -0.8440049 0.0148002 -0.0095868 0.5360455
27693.353000 3.6866815 -5.8701903 1.2694183 -0.8441030 0.0047176 -0.0030778 0.5361515
27693.453000 3.6877824 -5.8690745 1.2696877 -0.8442914 0.0043487 -0.0029413 0.5358587
27693.553000 3.6879957 -5.8693942 1.2696083 -0.8442555 0.0043975 -0.0028658 0.5359152
27693.653000 3.6877383 -5.8696294 1.2695529 -0.8442221 0.0043483 -0.0029436 0.5359678
27693.754000 3.6868167 -5.8698868 1.2695250 -0.8441773 0.0045442 -0.0029547 0.5360367
27693.853000 3.6805818 -5.8698271 1.2696832 -0.8441869 0.0052615 -0.0035124 0.5360116
27693.953000 3.7241261 -5.8696594 1.2697809 -0.8441894 -0.0049913 0.0029038 0.5360139
27694.054000 3.7256459 -5.8684532 1.2700701 -0.8443947 -0.0052886 0.0031741 0.5356860
27694.153000 3.7256227 -5.8687403 1.2699996 -0.8443651 -0.0052894 0.0031714 0.5357327
27694.253000 3.7258391 -5.8690368 1.2699304 -0.8443185 -0.0052382 0.0032517 0.5358062
27694.353000 3.7247861 -5.8693207 1.2698871 -0.8442727 -0.0050870 0.0031602 0.5358804
27694.453000 3.7189073 -5.8696299 1.2699161 -0.8442348 -0.0042492 0.0026201 0.5359502
27694.553000 3.7145538 -5.8697756 1.2699350 -0.8441939 -0.0037184 0.0021624 0.5360206
27694.653000 3.7618289 -5.8675164 1.2702275 -0.8443008 -0.0142653 0.0089704 0.5356045
27694.753000 3.7635002 -5.8677361 1.2701614 -0.8442706 -0.0147569 0.0091625 0.5356355
27694.853000 3.7634589 -5.8680030 1.2700990 -0.8442310 -0.0147607 0.0091571 0.5356980
27694.954000 3.7626059 -5.8683530 1.2700312 -0.8441840 -0.0145544 0.0091421 0.5357779
27695.053000 3.7564881 -5.8688867 1.2699479 -0.8441721 -0.0137537 0.0085353 0.5358279
27695.153000 3.7524415 -5.8692283 1.2698819 -0.8441392 -0.0131790 0.0081680 0.5358998
27695.253000 3.7999605 -5.8659984 1.2701722 -0.8441270 -0.0238736 0.0149720 0.5354021
27695.353000 3.8016403 -5.8662344 1.2701000 -0.8440846 -0.0241583 0.0152577 0.5354483
27695.453000 3.8016116 -5.8665020 1.2700374 -0.8440444 -0.0241605 0.0152572 0.5355114
27695.553000 3.8002555 -5.8668769 1.2699568 -0.8439922 -0.0240595 0.0150805 0.5356032
27695.653000 3.7943597 -5.8677687 1.2697641 -0.8438921 -0.0232102 0.0145700 0.5358126
27695.753000 3.8386830 -5.8654419 1.2696289 -0.8434317 -0.0334087 0.0211453 0.5357796
27695.853000 3.8393613 -5.8640590 1.2699173 -0.8436570 -0.0336503 0.0212460 0.5354056
27695.954000 3.8395515 -5.8643480 1.2698467 -0.8436253 -0.0336081 0.0213173 0.5354554
27696.053000 3.8395200 -5.8646156 1.2697839 -0.8435850 -0.0336123 0.0213165 0.5355187
27696.153000 3.8383587 -5.8650751 1.2696760 -0.8435209 -0.0334555 0.0212158 0.5356333
27696.254000 3.8324066 -5.8663015 1.2693581 -0.8433863 -0.0326103 0.0206892 0.5359180
27696.353000 3.8760664 -5.8632232 1.2691376 -0.8427956 -0.0427726 0.0271046 0.5358464
27696.453000 3.8772828 -5.8617839 1.2694357 -0.8430119 -0.0431254 0.0272879 0.5354684
27696.553000 3.8772253 -5.8620672 1.2693645 -0.8429836 -0.0431373 0.0272785 0.5355125
27696.653000 3.8771773 -5.8623354 1.2693008 -0.8429433 -0.0431473 0.0272728 0.5355755
27696.753000 3.8760270 -5.8628509 1.2691693 -0.8428780 -0.0430047 0.0271766 0.5356946
27696.853000 3.8702751 -5.8643936 1.2687254 -0.8427342 -0.0421530 0.0267493 0.5360099
27696.953000 3.9137607 -5.8605233 1.2684290 -0.8420267 -0.0523657 0.0331277 0.5358651
27697.054000 3.9151272 -5.8590905 1.2687226 -0.8422321 -0.0526842 0.0333659 0.5354962
27697.153000 3.9153222 -5.8593705 1.2686543 -0.8422004 -0.0526457 0.0334421 0.5355452
27697.253000 3.9150278 -5.8596454 1.2685855 -0.8421614 -0.0527111 0.0333553 0.5356053
27697.353000 3.9137979 -5.8602388 1.2684237 -0.8420897 -0.0525391 0.0332407 0.5357421
27697.453000 3.9079652 -5.8620946 1.2678516 -0.8419208 -0.0515590 0.0327561 0.5361324
27697.553000 3.9506580 -5.8574978 1.2674978 -0.8411023 -0.0615031 0.0389664 0.5359533
27697.653000 3.9533161 -5.8559080 1.2678043 -0.8412871 -0.0619790 0.0394523 0.5355726
27697.753000 3.9532721 -5.8561953 1.2677309 -0.8412555 -0.0620006 0.0394528 0.5356198
27697.853000 3.9521711 -5.8568112 1.2675558 -0.8411866 -0.0618638 0.0393584 0.5357508
27697.953000 3.9460234 -5.8588907 1.2668840 -0.8409973 -0.0610692 0.0387440 0.5361837
27698.053000 3.9894218 -5.8534400 1.2664374 -0.8400244 -0.0711460 0.0451169 0.5359680
27698.153000 3.9911812 -5.8521419 1.2667106 -0.8401657 -0.0713893 0.0454896 0.5356826
27698.253000 3.9911348 -5.8524341 1.2666341 -0.8401349 -0.0714148 0.0454908 0.5357274
27698.353000 3.9908285 -5.8527294 1.2665568 -0.8400929 -0.0714965 0.0454037 0.5357897
27698.453000 3.9896110 -5.8534556 1.2663429 -0.8400026 -0.0713397 0.0453000 0.5359610
27698.553000 3.9836078 -5.8559590 1.2655160 -0.8397480 -0.0704536 0.0447797 0.5365206
27698.653000 4.0264331 -5.8498135 1.2650278 -0.8386518 -0.0802841 0.0510570 0.5362936
27698.753000 4.0288773 -5.8481224 1.2653471 -0.8388256 -0.0808209 0.0514966 0.5358989
27698.853000 4.0288342 -5.8484192 1.2652682 -0.8387902 -0.0808797 0.0515127 0.5359440
27698.953000 4.0278711 -5.8491846 1.2650328 -0.8387069 -0.0806933 0.0515107 0.5361025
27699.053000 4.0217808 -5.8519558 1.2640704 -0.8384711 -0.0797890 0.0509813 0.5366572
27699.153000 4.0652623 -5.8447807 1.2635245 -0.8372637 -0.0898018 0.0572616 0.5363266
27699.253000 4.0670542 -5.8433960 1.2638138 -0.8374014 -0.0900843 0.0576488 0.5360226
27699.353000 4.0667594 -5.8437288 1.2637194 -0.8373634 -0.0901967 0.0575791 0.5360707
27699.453000 4.0657185 -5.8446066 1.2634415 -0.8372613 -0.0900070 0.0575764 0.5362623
27699.553000 4.0595012 -5.8478415 1.2623030 -0.8369411 -0.0891161 0.0570782 0.5369637
27699.653000 4.1033274 -5.8384603 1.2621699 -0.8355490 -0.0991827 0.0634954 0.5366460
27699.753000 4.1050173 -5.8383324 1.2620342 -0.8357265 -0.0994661 0.0638067 0.5362802
27699.853000 4.1049836 -5.8386342 1.2619505 -0.8356875 -0.0995226 0.0638240 0.5363284
27699.954000 4.1036716 -5.8396150 1.2616220 -0.8355922 -0.0993366 0.0637129 0.5365246
27700.053000 4.0973911 -5.8431403 1.2603222 -0.8353193 -0.0982246 0.0630995 0.5372262
27700.153000 4.1412834 -5.8327319 1.2602086 -0.8339490 -0.1080435 0.0695532 0.5366731
27700.253000 4.1428928 -5.8326014 1.2600498 -0.8340239 -0.1085722 0.0697461 0.5364250
27700.353000 4.1428372 -5.8329107 1.2599613 -0.8339832 -0.1086326 0.0697543 0.5364750
27700.453000 4.1417514 -5.8339709 1.2596047 -0.8338567 -0.1084267 0.0697459 0.5367142
27700.553000 4.1353399 -5.8379893 1.2581300 -0.8334373 -0.1075736 0.0691582 0.5376126
27700.653000 4.1797054 -5.8265780 1.2579983 -0.8319031 -0.1175744 0.0757337 0.5370082
27700.753000 4.1811028 -5.8264887 1.2578552 -0.8319790 -0.1179395 0.0759501 0.5367801
27700.853000 4.1813042 -5.8267498 1.2577822 -0.8319410 -0.1179428 0.0760447 0.5368247
27700.953000 4.1797105 -5.8280061 1.2573408 -0.8318072 -0.1178035 0.0758581 0.5370890
27701.053000 4.1735227 -5.8323778 1.2556877 -0.8313916 -0.1167259 0.0753154 0.5380433
27701.153000 4.2178446 -5.8199870 1.2555864 -0.8298189 -0.1265339 0.0819453 0.5372846
27701.253000 4.2196900 -5.8197641 1.2554490 -0.8298377 -0.1269975 0.0822283 0.5371028
27701.353000 4.2196410 -5.8200826 1.2553520 -0.8297949 -0.1270546 0.0822356 0.5371544
27701.454000 4.2181943 -5.8214340 1.2548589 -0.8296634 -0.1268432 0.0821118 0.5374263
27701.553000 4.2117634 -5.8261852 1.2529985 -0.8292673 -0.1258165 0.0814436 0.5383798
27701.654000 4.2563847 -5.8125710 1.2529709 -0.8276791 -0.1356866 0.0881142 0.5373754
27701.753000 4.2579776 -5.8124006 1.2528215 -0.8276253 -0.1362090 0.0883130 0.5372935
27701.853000 4.2581708 -5.8126591 1.2527436 -0.8275851 -0.1362109 0.0884014 0.5373404
27701.953000 4.2562991 -5.8143765 1.2521087 -0.8273980 -0.1359934 0.0881894 0.5377183
27702.053000 4.2502388 -5.8195678 1.2500755 -0.8268674 -0.1348524 0.0876669 0.5389059
27702.153000 4.2954188 -5.8046057 1.2501445 -0.8251836 -0.1449300 0.0943962 0.5377328
27702.253000 4.2970394 -5.8044187 1.2500476 -0.8251228 -0.1452418 0.0946979 0.5376891
27702.353000 4.2969970 -5.8047427 1.2499427 -0.8250752 -0.1452951 0.0947022 0.5377469
27702.453000 4.2952438 -5.8064918 1.2492803 -0.8248889 -0.1451127 0.0944816 0.5381206
27702.553000 4.2893708 -5.8120212 1.2470647 -0.8243483 -0.1440428 0.0939217 0.5393332
27702.653000 4.3344750 -5.7959838 1.2471687 -0.8225695 -0.1541178 0.1006690 0.5380453
27702.753000 4.3358399 -5.7958460 1.2470400 -0.8224951 -0.1544831 0.1008822 0.5380145
27702.853000 4.3357932 -5.7961770 1.2469287 -0.8224463 -0.1545356 0.1008826 0.5380739
27702.953000 4.3341156 -5.7981957 1.2461444 -0.8222276 -0.1542328 0.1007578 0.5385183
27703.053000 4.3288890 -5.8038542 1.2438428 -0.8216476 -0.1530901 0.1004136 0.5397924
27703.153000 4.3739369 -5.7865700 1.2440636 -0.8197899 -0.1632627 0.1071390 0.5383410
27703.253000 4.3755592 -5.7863173 1.2439613 -0.8197052 -0.1635794 0.1074373 0.5383144
27703.353000 4.3752817 -5.7867325 1.2438162 -0.8196467 -0.1636835 0.1073529 0.5383886
27703.453000 4.3733713 -5.7892054 1.2428294 -0.8193887 -0.1633309 0.1071868 0.5389213
27703.553000 4.3685983 -5.7949537 1.2404439 -0.8188101 -0.1622785 0.1068295 0.5401881
27703.653000 4.4135381 -5.7764450 1.2408248 -0.8169054 -0.1723431 0.1136156 0.5385675
27703.753000 4.4153254 -5.7760891 1.2406906 -0.8167812 -0.1728020 0.1138890 0.5385511
27703.854000 4.4152836 -5.7764263 1.2405697 -0.8167271 -0.1728511 0.1138846 0.5386183
27703.953000 4.4134518 -5.7790980 1.2394822 -0.8164578 -0.1724214 0.1137255 0.5391976
27704.053000 4.4539003 -5.7664561 1.2369875 -0.8136717 -0.1815813 0.1200048 0.5390413
27704.154000 4.4553546 -5.7646264 1.2374379 -0.8137937 -0.1818497 0.1203266 0.5386947
27704.255000 4.4555519 -5.7648923 1.2373320 -0.8137628 -0.1818379 0.1204128 0.5387261
27704.353000 4.4555185 -5.7652321 1.2372061 -0.8137069 -0.1818843 0.1204084 0.5387959
27704.453000 4.4536592 -5.7682952 1.2359415 -0.8133708 -0.1814714 0.1202833 0.5394701
27704.554000 4.4945602 -5.7543664 1.2335425 -0.8104293 -0.1908461 0.1267079 0.5391912
27704.653000 4.4962860 -5.7523410 1.2340626 -0.8105683 -0.1910693 0.1271220 0.5388057
27704.753000 4.4962559 -5.7527048 1.2339182 -0.8105247 -0.1911113 0.1271233 0.5388561
27704.853000 4.4941272 -5.7565195 1.2323305 -0.8100999 -0.1906572 0.1268650 0.5397159
27704.953000 4.5358721 -5.7397753 1.2306808 -0.8070677 -0.2000099 0.1334793 0.5392783
27705.053000 4.5372024 -5.7394728 1.2304774 -0.8071086 -0.2003417 0.1336857 0.5390427
27705.153000 4.5374034 -5.7397366 1.2303637 -0.8070716 -0.2003286 0.1337681 0.5390824
27705.253000 4.5354555 -5.7442115 1.2284467 -0.8065915 -0.1997116 0.1336356 0.5400619
27705.353000 4.5775074 -5.7254767 1.2271458 -0.8036546 -0.2092430 0.1402915 0.5391428
27705.453000 4.5790739 -5.7250646 1.2269949 -0.8036102 -0.2095366 0.1405871 0.5390180
27705.553000 4.5788335 -5.7255470 1.2268024 -0.8035473 -0.2096339 0.1405034 0.5390957
27705.653000 4.5775567 -5.7299640 1.2248774 -0.8030441 -0.2090230 0.1405180 0.5400781
27705.753000 4.6195542 -5.7099811 1.2237391 -0.8000629 -0.2183626 0.1473159 0.5389946
27705.853000 4.6213277 -5.7094277 1.2235425 -0.7999719 -0.2188123 0.1475960 0.5388706
27705.953000 4.6213157 -5.7098093 1.2233795 -0.7999185 -0.2188566 0.1475952 0.5389321
27706.053000 4.6205451 -5.7140342 1.2215146 -0.7994043 -0.2183306 0.1476490 0.5398929
27706.153000 4.6631031 -5.6927270 1.2202772 -0.7961632 -0.2279962 0.1544664 0.5387783
27706.253000 4.6642073 -5.6925003 1.2201107 -0.7961462 -0.2281838 0.1546935 0.5386588
27706.353000 4.6639992 -5.6930052 1.2199018 -0.7960792 -0.2282816 0.1546163 0.5387386
27706.453000 4.6637506 -5.6970815 1.2180759 -0.7955368 -0.2278699 0.1547511 0.5396746
27706.553000 4.7056108 -5.6752468 1.2166971 -0.7920916 -0.2375755 0.1614419 0.5385957
27706.653000 4.7071463 -5.6747448 1.2165220 -0.7920458 -0.2378629 0.1617376 0.5384474
27706.753000 4.7069497 -5.6752637 1.2163035 -0.7919763 -0.2379624 0.1616612 0.5385286
27706.853000 4.7071468 -5.6793589 1.2144335 -0.7913999 -0.2375137 0.1618306 0.5395222
27706.954000 4.7497693 -5.6552422 1.2135191 -0.7880127 -0.2469022 0.1689080 0.5380943
27707.053000 4.7510836 -5.6548473 1.2133013 -0.7879323 -0.2472420 0.1691244 0.5379879
27707.153000 4.7508978 -5.6553798 1.2130745 -0.7878591 -0.2473438 0.1690479 0.5380724
27707.253000 4.7516234 -5.6593607 1.2112008 -0.7872847 -0.2469605 0.1692951 0.5390106
27707.353000 4.7938295 -5.6341853 1.2102397 -0.7837473 -0.2564724 0.1762749 0.5374842
27707.453000 4.7949486 -5.6338911 1.2099733 -0.7836403 -0.2568703 0.1764134 0.5374047
27707.553000 4.7949792 -5.6343013 1.2097798 -0.7835790 -0.2569192 0.1764180 0.5374693
27707.653000 4.7960541 -5.6384200 1.2078215 -0.7828880 -0.2567307 0.1766310 0.5384953
27707.753000 4.8382415 -5.6116509 1.2070473 -0.7792118 -0.2662699 0.1836955 0.5368289
27707.853000 4.8395831 -5.6111749 1.2068167 -0.7791153 -0.2666116 0.1839206 0.5367223
27707.953000 4.8396364 -5.6115829 1.2066179 -0.7790531 -0.2666578 0.1839307 0.5367862
27708.053000 4.8396891 -5.6119678 1.2064365 -0.7789754 -0.2667063 0.1839344 0.5368736
27708.153000 4.8413267 -5.6157989 1.2045383 -0.7783098 -0.2664531 0.1842093 0.5378694
27708.253000 4.8824643 -5.5876400 1.2039108 -0.7745820 -0.2760857 0.1909853 0.5360261
27708.353000 4.8839747 -5.5870043 1.2037153 -0.7744906 -0.2763707 0.1912847 0.5359046
27708.453000 4.8838505 -5.5875553 1.2034686 -0.7744105 -0.2764691 0.1912179 0.5359934
27708.553000 4.8863875 -5.5916258 1.2013483 -0.7736372 -0.2762670 0.1916221 0.5370689
27708.653000 4.9279764 -5.5611307 1.2011526 -0.7699650 -0.2856394 0.1988419 0.5348139
27708.753000 4.9292997 -5.5606012 1.2009177 -0.7698286 -0.2859768 0.1990692 0.5347454
27708.853000 4.9293824 -5.5610082 1.2007089 -0.7697611 -0.2860207 0.1990819 0.5348143
27708.953000 4.9323187 -5.5645769 1.1987366 -0.7689953 -0.2859848 0.1995034 0.5357773
27709.053000 4.9726389 -5.5338377 1.1981842 -0.7649662 -0.2957167 0.2062864 0.5336893
27709.153000 4.9739442 -5.5332817 1.1979366 -0.7648321 -0.2960540 0.2065083 0.5336088
27709.253000 4.9742314 -5.5335343 1.1977631 -0.7647827 -0.2960410 0.2066028 0.5336501
27709.353000 4.9769604 -5.5364016 1.1961221 -0.7640778 -0.2960751 0.2069137 0.5345197
27709.453000 5.0176348 -5.5041213 1.1957490 -0.7599783 -0.3053514 0.2140776 0.5323198
27709.553000 5.0195025 -5.5030280 1.1955271 -0.7598596 -0.3057210 0.2144422 0.5321303
27709.653000 5.0196233 -5.5034338 1.1953027 -0.7597949 -0.3057591 0.2144621 0.5321928
27709.753000 5.0224947 -5.5057429 1.1938585 -0.7591339 -0.3058665 0.2148287 0.5329259
27709.853000 5.0625325 -5.4729361 1.1931712 -0.7546267 -0.3153885 0.2218180 0.5309100
27709.953000 5.0642099 -5.4719341 1.1928915 -0.7545121 -0.3158138 0.2220980 0.5307029
27710.054000 5.0643416 -5.4723444 1.1926580 -0.7544478 -0.3158510 0.2221173 0.5307641
27710.153000 5.0671580 -5.4739170 1.1915035 -0.7539129 -0.3159257 0.2224802 0.5313274
27710.253000 5.1078028 -5.4391335 1.1909974 -0.7492460 -0.3251896 0.2298377 0.5292040
27710.353000 5.1096075 -5.4378895 1.1907245 -0.7492684 -0.3255521 0.2301638 0.5288074
27710.453000 5.1097626 -5.4382954 1.1904828 -0.7492081 -0.3255848 0.2301877 0.5288623
27710.554000 5.1127217 -5.4395401 1.1894020 -0.7486966 -0.3256878 0.2305663 0.5293581
27710.653000 5.1525678 -5.4038011 1.1887459 -0.7437445 -0.3351205 0.2377503 0.5272696
27710.753000 5.1541491 -5.4026948 1.1884129 -0.7437598 -0.3355468 0.2379739 0.5268759
27710.853000 5.1543160 -5.4031022 1.1881634 -0.7436996 -0.3355779 0.2379963 0.5269310
27710.953000 5.1572635 -5.4040101 1.1871893 -0.7432137 -0.3356967 0.2383483 0.5273816
27711.053000 5.1970666 -5.3684837 1.1855908 -0.7381579 -0.3449926 0.2454758 0.5252091
27711.153000 5.1985631 -5.3651720 1.1863423 -0.7381486 -0.3454264 0.2459066 0.5247354
27711.253000 5.1987531 -5.3655714 1.1860862 -0.7380918 -0.3454522 0.2459322 0.5247863
27711.354000 5.2017315 -5.3661597 1.1852023 -0.7376076 -0.3455961 0.2463235 0.5251887
27711.453000 5.2414302 -5.3285649 1.1836688 -0.7323125 -0.3549931 0.2536317 0.5228472
27711.554000 5.2419271 -5.3263411 1.1842368 -0.7322050 -0.3555544 0.2536913 0.5225875
27711.653000 5.2421212 -5.3267507 1.1839710 -0.7321480 -0.3555811 0.2537109 0.5226396
27711.756000 5.2446538 -5.3270811 1.1832359 -0.7317600 -0.3557188 0.2540232 0.5229375
27711.853000 5.2835036 -5.2885215 1.1817012 -0.7264284 -0.3648796 0.2612798 0.5204782
27711.953000 5.2853285 -5.2843762 1.1825817 -0.7264171 -0.3653417 0.2618540 0.5198809
27712.053000 5.2855506 -5.2847728 1.1823063 -0.7263708 -0.3653629 0.2618781 0.5199184
27712.154000 5.2857634 -5.2851475 1.1820587 -0.7262970 -0.3653823 0.2619016 0.5199961
27712.255000 5.2886502 -5.2852295 1.1813035 -0.7258539 -0.3655383 0.2622562 0.5203264
27712.353000 5.3267579 -5.2447031 1.1798354 -0.7203276 -0.3747760 0.2694942 0.5177296
27712.453000 5.3272840 -5.2417340 1.1806250 -0.7202234 -0.3754383 0.2695934 0.5173430
27712.553000 5.3275180 -5.2421299 1.1803452 -0.7201731 -0.3754586 0.2696154 0.5173868
27712.653000 5.3277472 -5.2424953 1.1800947 -0.7200982 -0.3754745 0.2696405 0.5174664
27712.753000 5.3303589 -5.2424016 1.1794336 -0.7196974 -0.3755894 0.2699626 0.5177726
27712.853000 5.3374224 -5.2413284 1.1780127 -0.7187065 -0.3758766 0.2708553 0.5184738
27712.953000 5.3672830 -5.1984405 1.1790174 -0.7142730 -0.3846949 0.2773057 0.5147091
27713.053000 5.3691055 -5.1966899 1.1787301 -0.7139881 -0.3851626 0.2776603 0.5145634
27713.153000 5.3693531 -5.1970499 1.1784717 -0.7139165 -0.3851754 0.2776873 0.5146387
27713.253000 5.3716895 -5.1969735 1.1778205 -0.7135157 -0.3853904 0.2779222 0.5149067
27713.353000 5.3790291 -5.1950839 1.1764746 -0.7125429 -0.3858025 0.2789158 0.5154077
27713.453000 5.4084387 -5.1501521 1.1775229 -0.7079257 -0.3946827 0.2855282 0.5114103
27713.553000 5.4096500 -5.1491659 1.1772278 -0.7077299 -0.3949788 0.2857552 0.5113259
27713.653000 5.4097761 -5.1497097 1.1769321 -0.7076344 -0.3950421 0.2857096 0.5114345
27713.753000 5.4123941 -5.1490739 1.1763636 -0.7072843 -0.3951452 0.2860936 0.5116244
27713.853000 5.4198107 -5.1467419 1.1750017 -0.7062543 -0.3956193 0.2870413 0.5121499
27713.954000 5.4473792 -5.1017693 1.1758412 -0.7012978 -0.4047140 0.2932538 0.5083208
27714.053000 5.4486813 -5.1005794 1.1755709 -0.7011252 -0.4049496 0.2935478 0.5082017
27714.153000 5.4489710 -5.1009091 1.1753050 -0.7010556 -0.4049548 0.2935832 0.5082731
27714.253000 5.4491062 -5.1014275 1.1750310 -0.7009408 -0.4050132 0.2935423 0.5084085
27714.353000 5.4517733 -5.1005691 1.1744791 -0.7005793 -0.4051024 0.2939378 0.5086072
27714.454000 5.4590890 -5.0976890 1.1731817 -0.6995834 -0.4055235 0.2948817 0.5090958
27714.553000 5.4852288 -5.0512455 1.1743686 -0.6947727 -0.4142976 0.3011692 0.5049212
27714.653000 5.4866388 -5.0497746 1.1740635 -0.6945234 -0.4146641 0.3014522 0.5047945
27714.753000 5.4868101 -5.0503048 1.1737624 -0.6944263 -0.4147241 0.3014126 0.5049024
27714.853000 5.4894140 -5.0493241 1.1732019 -0.6940769 -0.4148286 0.3018055 0.5050623
27714.953000 5.4965644 -5.0461407 1.1718805 -0.6930330 -0.4153582 0.3026981 0.5055261
27715.053000 5.5221872 -4.9980063 1.1729751 -0.6880403 -0.4239780 0.3092383 0.5012134
27715.153000 5.5233224 -4.9969074 1.1726648 -0.6878423 -0.4242529 0.3094590 0.5011163
27715.254000 5.5236342 -4.9972318 1.1723878 -0.6877769 -0.4242503 0.3094907 0.5011887
27715.353000 5.5257997 -4.9964937 1.1718313 -0.6874264 -0.4244480 0.3097093 0.5013672
27715.453000 5.5327778 -4.9924515 1.1706751 -0.6865101 -0.4249516 0.3106111 0.5016381
27715.553000 5.5569359 -4.9436300 1.1717050 0.6812665 0.4336530 -0.3169996 -0.4973251
27715.653000 5.5579303 -4.9426923 1.1713629 0.6810407 0.4339818 -0.3171473 -0.4972535
27715.754000 5.5583754 -4.9428052 1.1711041 0.6810020 0.4339290 -0.3172527 -0.4972852
27715.853000 5.5606519 -4.9417415 1.1705675 0.6806551 0.4340599 -0.3175506 -0.4974558
27715.954000 5.5676195 -4.9372634 1.1693852 0.6796469 0.4345231 -0.3184727 -0.4978403
27716.053000 5.5902202 -4.8877632 1.1703961 0.6742342 0.4431852 -0.3247340 -0.4935006
27716.153000 5.5911900 -4.8867915 1.1700490 0.6740065 0.4435148 -0.3248777 -0.4934211
27716.253000 5.5916475 -4.8868871 1.1697833 0.6739685 0.4434624 -0.3249860 -0.4934487
27716.353000 5.5938576 -4.8856595 1.1692567 0.6736258 0.4436234 -0.3253040 -0.4935625
27716.453000 5.6006397 -4.8805795 1.1681071 0.6726184 0.4442014 -0.3262968 -0.4937610
27716.553000 5.6217004 -4.8302894 1.1691170 0.6670880 0.4527892 -0.3324959 -0.4893077
27716.653000 5.6227473 -4.8290823 1.1687903 0.6668815 0.4530597 -0.3327113 -0.4891923
27716.753000 5.6231111 -4.8293614 1.1685006 0.6668152 0.4530569 -0.3327534 -0.4892567
27716.853000 5.6234578 -4.8296245 1.1682382 0.6667297 0.4530473 -0.3328030 -0.4893484
27716.954000 5.6254723 -4.8284909 1.1677130 0.6663508 0.4532354 -0.3330291 -0.4895365
27717.053000 5.6321558 -4.8227637 1.1665927 0.6653785 0.4536939 -0.3340184 -0.4897602
27717.153000 5.6513519 -4.7714045 1.1678574 0.6598379 0.4622074 -0.3400910 -0.4850942
27717.253000 5.6522680 -4.7703643 1.1675069 0.6596026 0.4625277 -0.3402330 -0.4850094
27717.353000 5.6527446 -4.7704218 1.1672295 0.6595647 0.4624751 -0.3403455 -0.4850321
27717.454000 5.6547536 -4.7689463 1.1667332 0.6592459 0.4626217 -0.3406456 -0.4851150
27717.553000 5.6609419 -4.7628929 1.1656796 0.6582958 0.4631758 -0.3415861 -0.4852152
27717.653000 5.6786125 -4.7117242 1.1667123 0.6525462 0.4715639 -0.3475300 -0.4806598
27717.753000 5.6797756 -4.7099436 1.1663752 0.6522757 0.4719137 -0.3477980 -0.4804898
27717.853000 5.6801687 -4.7101839 1.1660776 0.6522103 0.4719088 -0.3478448 -0.4805494
27717.954000 5.6820809 -4.7085079 1.1656188 0.6519294 0.4719904 -0.3481967 -0.4805957
27718.053000 5.6879047 -4.7022201 1.1645762 0.6509113 0.4725903 -0.3490719 -0.4807512
27718.153000 5.7041504 -4.6499790 1.1656068 0.6449041 0.4810371 -0.3549542 -0.4761402
27718.253000 5.7051035 -4.6486277 1.1652625 0.6446971 0.4813065 -0.3551586 -0.4759958
27718.353000 5.7055100 -4.6488481 1.1649595 0.6446340 0.4813003 -0.3552063 -0.4760520
27718.453000 5.7072976 -4.6471015 1.1645069 0.6443724 0.4813719 -0.3555479 -0.4760787
27718.554000 5.7126500 -4.6405638 1.1635117 0.6434233 0.4819336 -0.3563926 -0.4761626
27718.653000 5.7275321 -4.5870482 1.1645868 0.6373397 0.4901896 -0.3623942 -0.4713626
27718.753000 5.7285262 -4.5854486 1.1642457 0.6371731 0.4904062 -0.3626566 -0.4711608
27718.854000 5.7289465 -4.5856440 1.1639381 0.6371132 0.4903971 -0.3627059 -0.4712132
27718.953000 5.7304032 -4.5842977 1.1634811 0.6368034 0.4905833 -0.3628851 -0.4713003
27719.053000 5.7353609 -4.5772176 1.1625593 0.6358970 0.4911759 -0.3637268 -0.4712580
27719.153000 5.7485558 -4.5230898 1.1636439 0.6296770 0.4993622 -0.3696641 -0.4663611
27719.253000 5.7495018 -4.5214526 1.1632955 0.6295109 0.4995789 -0.3699180 -0.4661520
27719.353000 5.7498547 -4.5218432 1.1629765 0.6294215 0.4996176 -0.3699003 -0.4662452
27719.453000 5.7514403 -4.5200077 1.1625051 0.6291083 0.4997558 -0.3701824 -0.4662959
27719.553000 5.7561359 -4.5125682 1.1615596 0.6281426 0.5003050 -0.3710911 -0.4662866
27719.653000 5.7674808 -4.4583597 1.1626605 0.6219698 0.5081837 -0.3770253 -0.4612535
27719.754000 5.7685121 -4.4561182 1.1623120 0.6217203 0.5084728 -0.3773493 -0.4610062
27719.853000 5.7689498 -4.4562652 1.1620009 0.6216623 0.5084576 -0.3774022 -0.4610580
27719.953000 5.7692920 -4.4566282 1.1617145 0.6215527 0.5084816 -0.3774004 -0.4611806
27720.053000 5.7707952 -4.4544586 1.1612864 0.6212374 0.5086288 -0.3776840 -0.4612111
27720.155000 5.7748666 -4.4465712 1.1604867 0.6203706 0.5091970 -0.3784895 -0.4610905
27720.253000 5.7837750 -4.3926273 1.1618380 0.6141079 0.5172174 -0.3839872 -0.4559731
27720.353000 5.7846659 -4.3906028 1.1614837 0.6138252 0.5175399 -0.3842400 -0.4557749
27720.453000 5.7850403 -4.3909581 1.1611683 0.6137344 0.5175731 -0.3842239 -0.4558730
27720.553000 5.7863369 -4.3889497 1.1607413 0.6134501 0.5177150 -0.3844755 -0.4558823
27720.653000 5.7899599 -4.3808702 1.1599582 0.6125731 0.5183118 -0.3852695 -0.4557132
27720.753000 5.7976748 -4.3259817 1.1611125 0.6061261 0.5261067 -0.3909670 -0.4505193
27720.853000 5.7984405 -4.3241432 1.1607513 0.6058137 0.5264807 -0.3911406 -0.4503520
27720.953000 5.7988876 -4.3242568 1.1604350 0.6057578 0.5264633 -0.3911901 -0.4504044
27721.053000 5.7993140 -4.3243556 1.1601498 0.6056846 0.5264311 -0.3912590 -0.4504807
27721.154000 5.8004691 -4.3222599 1.1597596 0.6053918 0.5265496 -0.3915299 -0.4505004
27721.253000 5.8035880 -4.3139428 1.1590500 0.6045106 0.5271016 -0.3923505 -0.4503243
27721.353000 5.8092980 -4.2577320 1.1604418 0.5980432 0.5348024 -0.3981052 -0.4447954
27721.453000 5.8099900 -4.2561602 1.1600800 0.5978250 0.5350461 -0.3982879 -0.4446321
27721.553000 5.8104434 -4.2562420 1.1597625 0.5977713 0.5350248 -0.3983405 -0.4446827
27721.653000 5.8114214 -4.2544008 1.1593538 0.5974592 0.5352113 -0.3985174 -0.4447193
27721.753000 5.8141481 -4.2457203 1.1586190 0.5965819 0.5357976 -0.3993514 -0.4444428
27721.853000 5.8181759 -4.1907383 1.1597847 0.5898103 0.5435240 -0.4047732 -0.4391629
27721.953000 5.8188676 -4.1886169 1.1594201 0.5895214 0.5438439 -0.4049996 -0.4389462
27722.053000 5.8193748 -4.1884442 1.1590956 0.5895041 0.5437715 -0.4051193 -0.4389485
27722.153000 5.8202694 -4.1862354 1.1587073 0.5892469 0.5438964 -0.4053537 -0.4389227
27722.253000 5.8222716 -4.1778052 1.1580912 0.5883974 0.5445260 -0.4059907 -0.4386930
27722.353000 5.8245035 -4.1225114 1.1592758 0.5815605 0.5521012 -0.4113848 -0.4332830
27722.453000 5.8251281 -4.1203687 1.1589099 0.5812711 0.5524115 -0.4116080 -0.4330637
27722.553000 5.8256319 -4.1201692 1.1585817 0.5812557 0.5523375 -0.4117283 -0.4330644
27722.653000 5.8263297 -4.1182011 1.1582195 0.5809754 0.5525051 -0.4118982 -0.4330653
27722.753000 5.8278162 -4.1094202 1.1576632 0.5801754 0.5530948 -0.4126139 -0.4327037
27722.853000 5.8282679 -4.0533265 1.1588527 0.5731980 0.5605945 -0.4180475 -0.4270997
27722.953000 5.8288081 -4.0516243 1.1584857 0.5729677 0.5608349 -0.4182213 -0.4269229
27723.053000 5.8292695 -4.0516293 1.1581641 0.5729182 0.5608082 -0.4182771 -0.4269699
27723.153000 5.8298477 -4.0496466 1.1578130 0.5726234 0.5609841 -0.4184342 -0.4269803
27723.253000 5.8308794 -4.0405748 1.1572783 0.5718071 0.5615537 -0.4191724 -0.4266011
27723.353000 5.8293874 -3.9862004 1.1585168 0.5647335 0.5690075 -0.4241807 -0.4211617
27723.453000 5.8298745 -3.9834529 1.1581487 0.5643636 0.5693826 -0.4244485 -0.4208809
27723.553000 5.8303050 -3.9836622 1.1578387 0.5642795 0.5694019 -0.4244410 -0.4209750
27723.653000 5.8307710 -3.9814197 1.1574938 0.5640310 0.5695361 -0.4246560 -0.4209096
27723.754000 5.8311755 -3.9724526 1.1570342 0.5632234 0.5701760 -0.4253166 -0.4204575
27723.853000 5.8278940 -3.9166750 1.1582578 0.5559798 0.5775300 -0.4305135 -0.4147332
27723.953000 5.8283222 -3.9149275 1.1578896 0.5557429 0.5777657 -0.4306771 -0.4145526
27724.053000 5.8287827 -3.9148827 1.1575669 0.5556963 0.5777353 -0.4307351 -0.4145972
27724.155000 5.8290935 -3.9126358 1.1572463 0.5554569 0.5778713 -0.4309271 -0.4145290
27724.253000 5.8289127 -3.9036485 1.1568709 0.5547167 0.5784778 -0.4315399 -0.4140364
27724.353000 5.8237326 -3.8482210 1.1581401 0.5473208 0.5857851 -0.4365758 -0.4082857
27724.453000 5.8241222 -3.8462464 1.1577536 0.5471225 0.5859721 -0.4367906 -0.4080535
27724.554000 5.8245815 -3.8461706 1.1574296 0.5470799 0.5859376 -0.4368510 -0.4080954
27724.653000 5.8247692 -3.8439554 1.1571198 0.5468483 0.5860538 -0.4370530 -0.4080227
27724.753000 5.8240359 -3.8350165 1.1568023 0.5460644 0.5866662 -0.4376617 -0.4075399
27724.854000 5.8171042 -3.7798719 1.1580259 0.5386911 0.5936623 -0.4427544 -0.4016785
27724.953000 5.8173702 -3.7776221 1.1576586 0.5383837 0.5939518 -0.4429493 -0.4014476
27725.053000 5.8178382 -3.7773027 1.1573158 0.5383807 0.5938685 -0.4430704 -0.4014413
27725.153000 5.8178743 -3.7749963 1.1570127 0.5381544 0.5939950 -0.4432621 -0.4013458
27725.254000 5.8165816 -3.7664256 1.1567516 0.5373620 0.5946925 -0.4437301 -0.4008573
27725.354000 5.8077927 -3.7119463 1.1580540 0.5297260 0.6018943 -0.4484468 -0.3949799
27725.453000 5.8080569 -3.7099476 1.1576665 0.5295212 0.6020631 -0.4486626 -0.3947521
27725.553000 5.8084985 -3.7100647 1.1573676 0.5294442 0.6020693 -0.4486625 -0.3948461
27725.655000 5.8083774 -3.7075663 1.1570752 0.5292447 0.6021705 -0.4488996 -0.3946896
27725.753000 5.8064644 -3.6988788 1.1569105 0.5284571 0.6028887 -0.4493827 -0.3940983
27725.853000 5.7959366 -3.6446214 1.1581530 0.5208814 0.6096914 -0.4542575 -0.3880838
27725.954000 5.7960450 -3.6420772 1.1577659 0.5205968 0.6099267 -0.4545123 -0.3877975
27726.053000 5.7964882 -3.6419454 1.1574450 0.5205623 0.6098829 -0.4545736 -0.3878409
27726.153000 5.7962069 -3.6396027 1.1571765 0.5203555 0.6100117 -0.4547397 -0.3877212
27726.253000 5.7938042 -3.6312597 1.1570436 0.5196493 0.6107007 -0.4551005 -0.3871599
27726.353000 5.7813418 -3.5766862 1.1583111 0.5117951 0.6176133 -0.4598519 -0.3809932
27726.453000 5.7815839 -3.5754629 1.1579486 0.5116329 0.6177522 -0.4599435 -0.3808754
27726.553000 5.7820221 -3.5753471 1.1576301 0.5116023 0.6177049 -0.4600022 -0.3809222
27726.653000 5.7816445 -3.5728720 1.1573416 0.5114184 0.6177771 -0.4602409 -0.3807638
27726.753000 5.7787225 -3.5644580 1.1572487 0.5106594 0.6184391 -0.4606871 -0.3801677
27726.853000 5.7647948 -3.5120967 1.1586167 0.5027347 0.6253245 -0.4649943 -0.3741757
27726.953000 5.7647380 -3.5095725 1.1582357 0.5024417 0.6255419 -0.4652430 -0.3738966
27727.053000 5.7651828 -3.5096190 1.1579439 0.5023749 0.6255315 -0.4652520 -0.3739923
27727.153000 5.7645781 -3.5070516 1.1576769 0.5021832 0.6256361 -0.4654660 -0.3738087
27727.253000 5.7612193 -3.4990628 1.1576246 0.5014083 0.6263546 -0.4658072 -0.3732201
27727.353000 5.7456113 -3.4466724 1.1588691 0.4935516 0.6329116 -0.4702751 -0.3669757
27727.454000 5.7454919 -3.4446155 1.1585540 0.4931840 0.6332099 -0.4704004 -0.3667946
27727.553000 5.7459162 -3.4442144 1.1581994 0.4931949 0.6331076 -0.4705298 -0.3667905
27727.655000 5.7463102 -3.4443050 1.1579556 0.4931210 0.6330855 -0.4705531 -0.3668983
27727.753000 5.7455559 -3.4421173 1.1577771 0.4929096 0.6332213 -0.4706981 -0.3667619
27727.853000 5.7415398 -3.4343145 1.1578650 0.4922321 0.6339404 -0.4709796 -0.3660675
27727.953000 5.7238482 -3.3822464 1.1592912 0.4843291 0.6403506 -0.4754108 -0.3596678
27728.053000 5.7236419 -3.3798827 1.1589366 0.4839874 0.6406004 -0.4756026 -0.3594293
27728.153000 5.7240174 -3.3794756 1.1585969 0.4840009 0.6405102 -0.4757167 -0.3594211
27728.253000 5.7231298 -3.3771853 1.1583816 0.4837947 0.6406456 -0.4758702 -0.3592540
27728.353000 5.7187759 -3.3695072 1.1584012 0.4831229 0.6413101 -0.4762097 -0.3585219
27728.455000 5.7000087 -3.3191522 1.1597346 0.4749666 0.6478241 -0.4802355 -0.3522848
27728.553000 5.6997486 -3.3171045 1.1594325 0.4745880 0.6481056 -0.4803592 -0.3521085
27728.655000 5.7001469 -3.3169102 1.1591252 0.4745652 0.6480496 -0.4804231 -0.3521552
27728.754000 5.6991758 -3.3146215 1.1588956 0.4744067 0.6481534 -0.4805994 -0.3519371
27728.854000 5.6943154 -3.3074189 1.1590288 0.4737307 0.6489247 -0.4807963 -0.3511565
27728.953000 5.6736636 -3.2569176 1.1603341 0.4653855 0.6552657 -0.4849455 -0.3447768
27729.053000 5.6734412 -3.2548785 1.1599562 0.4651590 0.6554079 -0.4851345 -0.3445462
27729.153000 5.6738682 -3.2548383 1.1596775 0.4651008 0.6553857 -0.4851534 -0.3446404
27729.254000 5.6727360 -3.2527695 1.1595100 0.4649078 0.6555224 -0.4852640 -0.3444850
27729.353000 5.6675351 -3.2459030 1.1596830 0.4642769 0.6561908 -0.4854604 -0.3437859
27729.454000 5.6453401 -3.1962658 1.1609703 0.4559013 0.6624179 -0.4894722 -0.3373032
27729.553000 5.6451138 -3.1944768 1.1606270 0.4556417 0.6625830 -0.4896090 -0.3371312
27729.654000 5.6454667 -3.1939911 1.1602723 0.4556661 0.6624735 -0.4897418 -0.3371206
27729.753000 5.6443070 -3.1921035 1.1601030 0.4554859 0.6626130 -0.4898395 -0.3369478
27729.853000 5.6387170 -3.1856039 1.1602945 0.4548419 0.6633605 -0.4899731 -0.3361518
27729.953000 5.6150593 -3.1368719 1.1615766 0.4462996 0.6694642 -0.4939145 -0.3296708
27730.053000 5.6147627 -3.1350626 1.1612366 0.4460313 0.6696284 -0.4940512 -0.3294956
27730.154000 5.6150649 -3.1345899 1.1608997 0.4460552 0.6695331 -0.4941682 -0.3294813
27730.253000 5.6137580 -3.1327709 1.1607560 0.4458782 0.6696886 -0.4942512 -0.3292804
27730.353000 5.6077521 -3.1267127 1.1610323 0.4452530 0.6704826 -0.4943226 -0.3284023
27730.453000 5.5828365 -3.0793660 1.1622932 0.4367695 0.6764261 -0.4980802 -0.3218637
27730.553000 5.5822535 -3.0770912 1.1619568 0.4364186 0.6766350 -0.4982569 -0.3216271
27730.654000 5.5826336 -3.0770590 1.1617127 0.4363689 0.6766171 -0.4982613 -0.3217253
27730.753000 5.5811397 -3.0752287 1.1615801 0.4361777 0.6767654 -0.4983506 -0.3215342
27730.854000 5.5749943 -3.0695558 1.1618349 0.4355440 0.6774616 -0.4984670 -0.3207458
27730.953000 5.5491017 -3.0235660 1.1630187 0.4270262 0.6831578 -0.5021821 -0.3142566
27731.053000 5.5481473 -3.0206574 1.1626490 0.4266256 0.6833743 -0.5024495 -0.3139024
27731.155000 5.5484695 -3.0203455 1.1623519 0.4266172 0.6833077 -0.5025251 -0.3139377
27731.253000 5.5471707 -3.0190134 1.1622644 0.4264122 0.6834692 -0.5025567 -0.3138142
27731.353000 5.5407834 -3.0139161 1.1626080 0.4257984 0.6841969 -0.5026027 -0.3129871
27731.453000 5.5126135 -2.9673777 1.1636999 0.4171452 0.6897383 -0.5064833 -0.3061464
27731.553000 5.5121437 -2.9656151 1.1633674 0.4168847 0.6898835 -0.5066063 -0.3059705
27731.653000 5.5125075 -2.9655530 1.1631326 0.4168415 0.6898620 -0.5066112 -0.3060697
27731.754000 5.5128089 -2.9652670 1.1628658 0.4168361 0.6897747 -0.5067083 -0.3061132
27731.854000 5.5111302 -2.9637206 1.1627949 0.4166561 0.6899254 -0.5067817 -0.3058970
27731.954000 5.5043431 -2.9590577 1.1632257 0.4160243 0.6907089 -0.5067615 -0.3050208
27732.053000 5.4753231 -2.9151053 1.1647449 0.4070833 0.6965684 -0.5099453 -0.2983813
27732.153000 5.4747740 -2.9133202 1.1644236 0.4068049 0.6966989 -0.5100926 -0.2982044
27732.253000 5.4750662 -2.9129899 1.1641359 0.4068019 0.6966290 -0.5101697 -0.2982402
27732.353000 5.4732538 -2.9113800 1.1640303 0.4066959 0.6967598 -0.5102302 -0.2979752
27732.454000 5.4664501 -2.9073384 1.1645025 0.4061979 0.6975196 -0.5100648 -0.2971593
27732.553000 5.4358547 -2.8631560 1.1656254 0.3972260 0.7029327 -0.5136255 -0.2903206
27732.654000 5.4355539 -2.8618742 1.1653087 0.3970495 0.7030052 -0.5137209 -0.2902176
27732.755000 5.4357789 -2.8613044 1.1649635 0.3970990 0.7028856 -0.5138566 -0.2901993
27732.853000 5.4339517 -2.8602172 1.1649885 0.3968729 0.7031154 -0.5138247 -0.2900082
27732.953000 5.4268438 -2.8564462 1.1654909 0.3962658 0.7039031 -0.5137645 -0.2890328
27733.053000 5.3958459 -2.8147081 1.1668241 0.3870764 0.7094530 -0.5167989 -0.2824310
27733.154000 5.3952010 -2.8129966 1.1665152 0.3868015 0.7095661 -0.5169430 -0.2822596
27733.254000 5.3953738 -2.8124515 1.1661911 0.3868474 0.7094600 -0.5170676 -0.2822351
27733.355000 5.3933980 -2.8112360 1.1661721 0.3867326 0.7096256 -0.5170526 -0.2820036
27733.453000 5.3865789 -2.8084206 1.1667743 0.3863097 0.7103642 -0.5167603 -0.2812585
27733.554000 5.3543002 -2.7673302 1.1679345 0.3772180 0.7156093 -0.5198672 -0.2744959
27733.653000 5.3536048 -2.7656448 1.1676297 0.3769530 0.7157109 -0.5200083 -0.2743278
27733.753000 5.3538535 -2.7652904 1.1673546 0.3769688 0.7156310 -0.5200869 -0.2743655
27733.853000 5.3517210 -2.7642467 1.1674006 0.3768171 0.7158317 -0.5200546 -0.2741115
27733.953000 5.3448346 -2.7619122 1.1680864 0.3763329 0.7165909 -0.5197955 -0.2732831
27734.053000 5.3117194 -2.7218185 1.1690316 0.3672979 0.7214569 -0.5230748 -0.2664298
27734.153000 5.3105463 -2.7195440 1.1686823 0.3669734 0.7215731 -0.5232966 -0.2661266
27734.256000 5.3107663 -2.7191647 1.1684092 0.3669845 0.7214965 -0.5233804 -0.2661545
27734.354000 5.3084791 -2.7182341 1.1684883 0.3668380 0.7217122 -0.5233293 -0.2658716
27734.454000 5.3018522 -2.7166212 1.1692540 0.3663674 0.7224802 -0.5229849 -0.2651114
27734.554000 5.2673812 -2.6774100 1.1703038 0.3570234 0.7274523 -0.5259758 -0.2582573
27734.654000 5.2668212 -2.6759351 1.1699439 0.3568957 0.7274498 -0.5261474 -0.2580915
27734.753000 5.2670319 -2.6755569 1.1696763 0.3569203 0.7273655 -0.5262311 -0.2581243
27734.853000 5.2645819 -2.6748527 1.1698424 0.3568078 0.7276050 -0.5261282 -0.2578143
27734.955000 5.2237106 -2.6345049 1.1706931 0.3470933 0.7328689 -0.5289946 -0.2501881
27735.053000 5.2219861 -2.6351165 1.1718028 0.3467501 0.7333609 -0.5286245 -0.2500046
27735.153000 5.2220736 -2.6345210 1.1714667 0.3468029 0.7332797 -0.5287181 -0.2499718
27735.253000 5.2223594 -2.6343100 1.1712542 0.3467722 0.7332319 -0.5287663 -0.2500524
27735.353000 5.2198341 -2.6336233 1.1714077 0.3466885 0.7334534 -0.5286854 -0.2496897
27735.457000 5.1783613 -2.5950012 1.1723128 0.3369475 0.7385430 -0.5313956 -0.2421556
27735.553000 5.1765878 -2.5953878 1.1732958 0.3366803 0.7389585 -0.5310988 -0.2419106
27735.653000 5.1767741 -2.5949792 1.1730151 0.3367101 0.7388971 -0.5311482 -0.2419484
27735.754000 5.1741591 -2.5946904 1.1732980 0.3365839 0.7391920 -0.5309616 -0.2416324
27735.853000 5.1319304 -2.5573612 1.1742101 0.3266582 0.7441658 -0.5336032 -0.2340499
27735.953000 5.1309504 -2.5582695 1.1751363 0.3263627 0.7446311 -0.5331448 -0.2340267
27736.054000 5.1312219 -2.5580853 1.1749322 0.3263501 0.7446073 -0.5331411 -0.2341284
27736.154000 5.1312844 -2.5574760 1.1746163 0.3264292 0.7444798 -0.5332852 -0.2340956
27736.253000 5.1288548 -2.5577668 1.1750870 0.3263277 0.7448245 -0.5329754 -0.2338458
27736.353000 5.0862964 -2.5225958 1.1761891 0.3165225 0.7496597 -0.5353649 -0.2262924
27736.455000 5.0846550 -2.5230697 1.1771255 0.3162042 0.7500689 -0.5350760 -0.2260644
27736.553000 5.0847819 -2.5226384 1.1768571 0.3162097 0.7500155 -0.5351417 -0.2260788
27736.654000 5.0822316 -2.5229054 1.1773142 0.3161362 0.7503421 -0.5348739 -0.2257313
27736.753000 5.0397704 -2.4913852 1.1793851 0.3066800 0.7546822 -0.5373204 -0.2183783
27736.853000 5.0380243 -2.4894630 1.1791056 0.3061097 0.7552473 -0.5369826 -0.2180552
27736.953000 5.0381301 -2.4890296 1.1788439 0.3061133 0.7551935 -0.5370524 -0.2180647
27737.053000 5.0382312 -2.4886211 1.1786045 0.3061201 0.7551195 -0.5371522 -0.2180653
27737.153000 5.0354689 -2.4891595 1.1792078 0.3060818 0.7554744 -0.5368556 -0.2176198
27737.253000 4.9923341 -2.4594417 1.1816615 0.2962753 0.7600813 -0.5387624 -0.2103150
27737.355000 4.9910915 -2.4578100 1.1812750 0.2960369 0.7603247 -0.5386571 -0.2100405
27737.456000 4.9913228 -2.4575992 1.1810886 0.2960317 0.7602936 -0.5386666 -0.2101361
27737.553000 4.9913175 -2.4569870 1.1807887 0.2961201 0.7601674 -0.5388128 -0.2100935
27737.654000 4.9889264 -2.4580739 1.1815588 0.2961374 0.7605772 -0.5383523 -0.2097660
27737.753000 4.9454013 -2.4299801 1.1841035 0.2862050 0.7651643 -0.5400422 -0.2023974
27737.853000 4.9440812 -2.4284082 1.1837480 0.2859196 0.7653822 -0.5399938 -0.2021058
27737.953000 4.9441455 -2.4279725 1.1834993 0.2859213 0.7653274 -0.5400708 -0.2021053
27738.053000 4.9416182 -2.4298281 1.1846280 0.2859189 0.7658263 -0.5394881 -0.2017747
27738.153000 4.8985451 -2.4022776 1.1866676 0.2762141 0.7699915 -0.5412657 -0.1945515
27738.255000 4.8973188 -2.4008756 1.1863902 0.2758925 0.7701450 -0.5412895 -0.1943342
27738.353000 4.8972290 -2.4002839 1.1860989 0.2759382 0.7700626 -0.5414078 -0.1942661
27738.454000 4.8948472 -2.4027638 1.1874924 0.2760067 0.7706453 -0.5406553 -0.1939533
27738.553000 4.8514356 -2.3758407 1.1891948 0.2664700 0.7745020 -0.5425073 -0.1866177
27738.653000 4.8503621 -2.3746979 1.1890010 0.2661458 0.7746383 -0.5425132 -0.1864974
27738.754000 4.8504284 -2.3742866 1.1887741 0.2661807 0.7745701 -0.5425867 -0.1865171
27738.853000 4.8504873 -2.3738898 1.1885625 0.2662219 0.7744850 -0.5426858 -0.1865236
27738.955000 4.8485354 -2.3760245 1.1897774 0.2664270 0.7749403 -0.5420711 -0.1861265
27739.055000 4.8056265 -2.3525891 1.1923805 0.2564806 0.7791684 -0.5431773 -0.1790885
27739.153000 4.8039414 -2.3510007 1.1921191 0.2560567 0.7793370 -0.5432296 -0.1788028
27739.254000 4.8041107 -2.3507386 1.1919467 0.2560115 0.7793072 -0.5432745 -0.1788607
27739.353000 4.8026643 -2.3535365 1.1934238 0.2562558 0.7798137 -0.5425253 -0.1785772
27739.455000 4.7593689 -2.3301854 1.1954696 0.2467888 0.7834309 -0.5440131 -0.1714088
27739.556000 4.7575219 -2.3284435 1.1951484 0.2464448 0.7835466 -0.5441077 -0.1710745
27739.653000 4.7575443 -2.3280194 1.1949278 0.2464757 0.7834824 -0.5441842 -0.1710806
27739.753000 4.7568557 -2.3309023 1.1963633 0.2466775 0.7839894 -0.5434042 -0.1709464
27739.853000 4.7137891 -2.3100117 1.1990041 0.2368918 0.7878445 -0.5443333 -0.1639654
27739.953000 4.7120264 -2.3085159 1.1987480 0.2364797 0.7880242 -0.5443356 -0.1636884
27740.054000 4.7121931 -2.3083026 1.1986022 0.2364555 0.7880005 -0.5443578 -0.1637639
27740.154000 4.7122093 -2.3079161 1.1984083 0.2364839 0.7879273 -0.5444529 -0.1637587
27740.254000 4.7116280 -2.3107405 1.1998784 0.2368604 0.7883356 -0.5437613 -0.1635476
27740.354000 4.6684617 -2.2910446 1.2025068 0.2271506 0.7919257 -0.5447368 -0.1565824
27740.455000 4.6668199 -2.2897561 1.2023155 0.2266663 0.7921186 -0.5447216 -0.1563617
27740.553000 4.6668044 -2.2893511 1.2021112 0.2266664 0.7920677 -0.5447988 -0.1563503
27740.655000 4.6666631 -2.2921805 1.2035505 0.2270417 0.7924677 -0.5441225 -0.1561337
27740.753000 4.6236548 -2.2735418 1.2061132 0.2174518 0.7958565 -0.5450396 -0.1491941
27740.853000 4.6218226 -2.2721559 1.2058781 0.2170157 0.7960206 -0.5450523 -0.1489075
27740.953000 4.6219598 -2.2718967 1.2057299 0.2169712 0.7959921 -0.5450968 -0.1489616
27741.053000 4.6224219 -2.2751882 1.2073596 0.2174291 0.7964389 -0.5442782 -0.1488990
27741.153000 4.5794864 -2.2576651 1.2098916 0.2078920 0.7996898 -0.5450648 -0.1420617
27741.255000 4.5774761 -2.2562000 1.2096159 0.2075050 0.7998254 -0.5451049 -0.1417097
27741.354000 4.5774301 -2.2557952 1.2094229 0.2075101 0.7997744 -0.5451824 -0.1416918
27741.453000 4.5782429 -2.2586736 1.2108470 0.2079312 0.8001447 -0.5444836 -0.1416712
27741.553000 4.5356583 -2.2429383 1.2137096 0.1984698 0.8032630 -0.5451451 -0.1348891
27741.654000 4.5339284 -2.2418101 1.2135216 0.1979634 0.8035153 -0.5450120 -0.1346680
27741.753000 4.5338873 -2.2414175 1.2133377 0.1979657 0.8034687 -0.5450828 -0.1346566
27741.853000 4.5338430 -2.2410434 1.2131674 0.1979750 0.8034073 -0.5451763 -0.1346307
27741.953000 4.5349591 -2.2438935 1.2145687 0.1984467 0.8037647 -0.5444766 -0.1346346
27742.054000 4.4921638 -2.2295859 1.2176566 0.1889318 0.8068698 -0.5449011 -0.1278619
27742.153000 4.4905359 -2.2284699 1.2173791 0.1886237 0.8070681 -0.5447813 -0.1275760
27742.254000 4.4904762 -2.2280733 1.2171995 0.1886302 0.8070211 -0.5448524 -0.1275597
27742.355000 4.4922787 -2.2313327 1.2187892 0.1891104 0.8074031 -0.5440854 -0.1277054
27742.453000 4.4495284 -2.2173948 1.2215141 0.1795239 0.8102810 -0.5445939 -0.1209683
27742.553000 4.4480712 -2.2164243 1.2213052 0.1791823 0.8104297 -0.5445327 -0.1207544
27742.653000 4.4480136 -2.2160409 1.2211367 0.1791884 0.8103828 -0.5446037 -0.1207396
27742.753000 4.4477787 -2.2155544 1.2209375 0.1792463 0.8103040 -0.5447230 -0.1206441
27742.853000 4.4499685 -2.2190711 1.2226653 0.1798745 0.8107122 -0.5438802 -0.1207692
27742.955000 4.4078719 -2.2063115 1.2252129 0.1705451 0.8134028 -0.5443070 -0.1141053
27743.053000 4.4054957 -2.2050080 1.2250165 0.1700052 0.8135732 -0.5442944 -0.1137563
27743.153000 4.4054381 -2.2046364 1.2248568 0.1700171 0.8135257 -0.5443642 -0.1137441
27743.253000 4.4075610 -2.2074251 1.2262380 0.1705761 0.8138263 -0.5437141 -0.1138663
27743.353000 4.3658680 -2.1962851 1.2292346 0.1608867 0.8165300 -0.5439234 -0.1074312
27743.453000 4.3643955 -2.1954174 1.2290301 0.1605315 0.8167279 -0.5437722 -0.1072236
27743.553000 4.3643328 -2.1950454 1.2288761 0.1605411 0.8166836 -0.5438384 -0.1072116
27743.655000 4.3666643 -2.1977152 1.2301939 0.1611186 0.8169759 -0.5431906 -0.1074016
27743.753000 4.3248574 -2.1871180 1.2329215 0.1519187 0.8193036 -0.5436084 -0.1007584
27743.854000 4.3228623 -2.1861411 1.2327001 0.1514575 0.8195818 -0.5433735 -0.1004566
27743.953000 4.3227962 -2.1857775 1.2325533 0.1514623 0.8195401 -0.5434376 -0.1004427
27744.053000 4.3229250 -2.1855473 1.2324584 0.1514256 0.8195028 -0.5434958 -0.1004879
27744.154000 4.3250959 -2.1876444 1.2335094 0.1519271 0.8197101 -0.5430154 -0.1006371
27744.254000 4.2834341 -2.1770658 1.2358560 0.1426628 0.8220423 -0.5431866 -0.0940326
27744.354000 4.2827978 -2.1784062 1.2365517 0.1421038 0.8224183 -0.5427498 -0.0941133
27744.453000 4.2827340 -2.1780531 1.2364119 0.1421000 0.8223823 -0.5428077 -0.0940998
27744.553000 4.2849075 -2.1798808 1.2373262 0.1425298 0.8225795 -0.5423718 -0.0942393
27744.653000 4.2442376 -2.1705060 1.2396637 0.1332705 0.8248115 -0.5424185 -0.0877902
27744.753000 4.2421012 -2.1706566 1.2399253 0.1329344 0.8249551 -0.5423541 -0.0873470
27744.853000 4.2422276 -2.1704204 1.2398283 0.1328768 0.8249398 -0.5423829 -0.0874003
27744.954000 4.2419563 -2.1699781 1.2396665 0.1329204 0.8248744 -0.5424884 -0.0872963
27745.053000 4.2441583 -2.1715767 1.2404562 0.1332860 0.8250441 -0.5421008 -0.0875430
27745.154000 4.2497060 -2.1764028 1.2427740 0.1345414 0.8255378 -0.5409630 -0.0880060
27745.253000 4.2050148 -2.1651503 1.2434856 0.1242181 0.8274338 -0.5415451 -0.0815609
27745.353000 4.2026007 -2.1641311 1.2433558 0.1236827 0.8274834 -0.5416460 -0.0812003
27745.453000 4.2025338 -2.1638054 1.2432384 0.1236796 0.8274375 -0.5417210 -0.0811722
27745.553000 4.2046598 -2.1651677 1.2439160 0.1239899 0.8275748 -0.5414090 -0.0813808
27745.653000 4.2105585 -2.1698136 1.2461414 0.1252157 0.8280295 -0.5403742 -0.0817552
27745.753000 4.1646424 -2.1591230 1.2467714 0.1147801 0.8297761 -0.5409857 -0.0750440
27745.853000 4.1633688 -2.1585201 1.2466844 0.1143976 0.8298134 -0.5410297 -0.0748982
27745.953000 4.1633104 -2.1582028 1.2465739 0.1143911 0.8297700 -0.5411012 -0.0748730
27746.053000 4.1649412 -2.1590868 1.2470669 0.1147594 0.8298399 -0.5409086 -0.0749260
27746.155000 4.1714993 -2.1634583 1.2491513 0.1158231 0.8302656 -0.5399496 -0.0754889
27746.253000 4.1257368 -2.1539074 1.2498381 0.1054131 0.8318951 -0.5404662 -0.0688112
27746.353000 4.1242268 -2.1532232 1.2497178 0.1050758 0.8319182 -0.5405249 -0.0685862
27746.454000 4.1239423 -2.1527987 1.2495762 0.1051206 0.8318588 -0.5406209 -0.0684815
27746.553000 4.1258390 -2.1536805 1.2500376 0.1053777 0.8319360 -0.5404269 -0.0686795
27746.655000 4.1322517 -2.1575707 1.2519161 0.1065742 0.8322897 -0.5395805 -0.0692003
27746.753000 4.0862202 -2.1488735 1.2525591 0.0963665 0.8337401 -0.5400957 -0.0623507
27746.853000 4.0849343 -2.1483220 1.2524725 0.0959915 0.8337861 -0.5401072 -0.0622134
27746.953000 4.0846758 -2.1479109 1.2523402 0.0960469 0.8337288 -0.5401960 -0.0621258
27747.053000 4.0860981 -2.1484398 1.2526474 0.0963046 0.8337768 -0.5400628 -0.0622402
27747.153000 4.0925998 -2.1520087 1.2543544 0.0974248 0.8341639 -0.5391969 -0.0628142
27747.253000 4.0472563 -2.1449451 1.2552765 0.0869294 0.8356047 -0.5394905 -0.0561972
27747.353000 4.0462354 -2.1444370 1.2551559 0.0867036 0.8356522 -0.5394677 -0.0560579
27747.453000 4.0459650 -2.1440275 1.2550279 0.0867637 0.8355966 -0.5395534 -0.0559682
27747.555000 4.0476635 -2.1445660 1.2553348 0.0869882 0.8356433 -0.5394232 -0.0561777
27747.653000 4.0541393 -2.1476250 1.2568341 0.0881405 0.8359383 -0.5387145 -0.0567893
27747.754000 4.0096616 -2.1415824 1.2577208 0.0779482 0.8371749 -0.5390144 -0.0502560
27747.853000 4.0074488 -2.1408489 1.2575678 0.0775542 0.8372578 -0.5389756 -0.0498996
27747.955000 4.0074054 -2.1405353 1.2574737 0.0775665 0.8372185 -0.5390358 -0.0498898
27748.054000 4.0088030 -2.1408561 1.2576955 0.0778089 0.8372376 -0.5389607 -0.0500044
27748.155000 4.0151614 -2.1434613 1.2589973 0.0788681 0.8374856 -0.5383710 -0.0505411
27748.253000 3.9703996 -2.1383101 1.2598913 0.0685805 0.8385762 -0.5386614 -0.0439372
27748.353000 3.9689067 -2.1378001 1.2597613 0.0682395 0.8386964 -0.5385342 -0.0437332
27748.454000 3.9688760 -2.1374931 1.2596721 0.0682500 0.8386588 -0.5385919 -0.0437277
27748.553000 3.9702884 -2.1377604 1.2598687 0.0684625 0.8386797 -0.5385230 -0.0438428
27748.653000 3.9770693 -2.1402550 1.2610947 0.0693576 0.8389542 -0.5379296 -0.0444656
27748.753000 3.9325102 -2.1361460 1.2619938 0.0589285 0.8399587 -0.5381037 -0.0379629
27748.854000 3.9308029 -2.1355945 1.2618468 0.0586427 0.8400550 -0.5380044 -0.0376820
27748.953000 3.9307690 -2.1352893 1.2617611 0.0586544 0.8400173 -0.5380626 -0.0376741
27749.053000 3.9320822 -2.1354383 1.2619075 0.0588708 0.8400229 -0.5380220 -0.0377902
27749.154000 3.9385293 -2.1373981 1.2629252 0.0598970 0.8402250 -0.5375520 -0.0383690
27749.253000 3.8949528 -2.1341587 1.2637738 0.0498337 0.8409741 -0.5378267 -0.0319637
27749.353000 3.8924306 -2.1335938 1.2636128 0.0492786 0.8411782 -0.5375803 -0.0315974
27749.453000 3.8926484 -2.1333642 1.2635523 0.0492352 0.8411546 -0.5376166 -0.0316742
27749.555000 3.8939898 -2.1334596 1.2636764 0.0494316 0.8411576 -0.5375872 -0.0317860
27749.654000 3.9001114 -2.1350148 1.2645257 0.0503987 0.8413225 -0.5372126 -0.0322333
27749.753000 3.8553936 -2.1322449 1.2652457 0.0401748 0.8418831 -0.5375544 -0.0255776
27749.853000 3.8540993 -2.1320044 1.2651267 0.0397792 0.8421301 -0.5372033 -0.0254386
27749.955000 3.8540919 -2.1317110 1.2650484 0.0397840 0.8420955 -0.5372572 -0.0254374
27750.054000 3.8552415 -2.1316979 1.2651220 0.0399548 0.8420907 -0.5372476 -0.0255310
27750.153000 3.8610848 -2.1328688 1.2658025 0.0408806 0.8422398 -0.5369236 -0.0259604
27750.254000 3.8167879 -2.1299800 1.2661690 0.0306745 0.8427518 -0.5370774 -0.0193998
27750.353000 3.8157881 -2.1310499 1.2664692 0.0302588 0.8429621 -0.5367740 -0.0193141
27750.454000 3.8155514 -2.1307027 1.2663758 0.0303116 0.8429200 -0.5368399 -0.0192355
27750.553000 3.8155367 -2.1304251 1.2663057 0.0303196 0.8428772 -0.5369070 -0.0192253
27750.653000 3.8170311 -2.1304343 1.2663906 0.0304490 0.8428680 -0.5369075 -0.0194089
27750.754000 3.8228420 -2.1312632 1.2669502 0.0313446 0.8429516 -0.5367084 -0.0198551
27750.856000 3.7796728 -2.1292598 1.2672691 0.0212809 0.8433099 -0.5368356 -0.0135276
27750.954000 3.7775361 -2.1304493 1.2675902 0.0206988 0.8435604 -0.5364719 -0.0132399
27751.054000 3.7772935 -2.1301099 1.2675006 0.0207522 0.8435192 -0.5365367 -0.0131583
27751.153000 3.7783904 -2.1299715 1.2675287 0.0209140 0.8434952 -0.5365658 -0.0132504
27751.255000 3.7842672 -2.1305306 1.2679786 0.0217554 0.8435475 -0.5364371 -0.0137672
27751.353000 3.7402416 -2.1292756 1.2682452 0.0115812 0.8437670 -0.5365356 -0.0072623
27751.453000 3.7392382 -2.1304322 1.2685533 0.0111628 0.8439648 -0.5362344 -0.0071727
27751.554000 3.7394796 -2.1301858 1.2684925 0.0111132 0.8439424 -0.5362696 -0.0072527
27751.654000 3.7394987 -2.1299172 1.2684275 0.0111132 0.8439018 -0.5363336 -0.0072529
27751.753000 3.7405247 -2.1297300 1.2684335 0.0112529 0.8438690 -0.5363812 -0.0073310
27751.855000 3.7463246 -2.1299743 1.2687557 0.0120302 0.8439066 -0.5362985 -0.0078019
27751.953000 3.7053089 -2.1295186 1.2689496 0.0025913 0.8439887 -0.5363521 -0.0016627
27752.055000 3.7012000 -2.1308035 1.2692694 0.0014940 0.8442286 -0.5359800 -0.0011161
27752.153000 3.7012194 -2.1305182 1.2691976 0.0014920 0.8441992 -0.5360263 -0.0011212
27752.253000 3.7012291 -2.1302486 1.2691330 0.0014941 0.8441586 -0.5360903 -0.0011183
27752.355000 3.7021386 -2.1299912 1.2691179 0.0017046 0.8441199 -0.5361506 -0.0011325
27752.453000 3.7081333 -2.1300235 1.2693514 0.0025383 0.8441568 -0.5360878 -0.0016401
27752.553000 3.6640367 -2.1303774 1.2694801 -0.0076660 0.8441214 -0.5360752 0.0048649
27752.654000 3.6629903 -2.1316934 1.2697847 -0.0080734 0.8443512 -0.5357062 0.0049730
27752.753000 3.6627706 -2.1313813 1.2697060 -0.0080244 0.8443144 -0.5357643 0.0050486
27752.854000 3.6627758 -2.1311129 1.2696424 -0.0080210 0.8442733 -0.5358290 0.0050534
27752.953000 3.6640665 -2.1308557 1.2696214 -0.0079272 0.8442372 -0.5358888 0.0048829
27753.057000 3.6699443 -2.1305214 1.2697300 -0.0071110 0.8442171 -0.5359364 0.0043613
27753.154000 3.6263965 -2.1315627 1.2697882 -0.0171202 0.8440214 -0.5359268 0.0108286
27753.253000 3.6248464 -2.1329516 1.2700925 -0.0176173 0.8442499 -0.5355466 0.0110245
27753.354000 3.6248807 -2.1326700 1.2700224 -0.0176222 0.8442212 -0.5355919 0.0110163
27753.453000 3.6249014 -2.1324030 1.2699595 -0.0176227 0.8441809 -0.5356554 0.0110161
27753.554000 3.6260059 -2.1320555 1.2699098 -0.0174753 0.8441331 -0.5357374 0.0109259
27753.653000 3.6316373 -2.1313794 1.2698947 -0.0166335 0.8440770 -0.5358609 0.0105107
27753.755000 3.5881292 -2.1332783 1.2698860 -0.0268925 0.8437584 -0.5357832 0.0168802
27753.853000 3.5867465 -2.1346027 1.2701782 -0.0272158 0.8439667 -0.5354313 0.0171135
27753.953000 3.5867713 -2.1343189 1.2701081 -0.0272194 0.8439372 -0.5354776 0.0171098
27754.053000 3.5867966 -2.1340525 1.2700454 -0.0272219 0.8438970 -0.5355410 0.0171088
27754.154000 3.5876353 -2.1336422 1.2699724 -0.0270060 0.8438414 -0.5356400 0.0170901
27754.254000 3.5937019 -2.1327345 1.2698624 -0.0261579 0.8437801 -0.5357986 0.0164548
27754.353000 3.5498389 -2.1353204 1.2697704 -0.0362157 0.8433106 -0.5357143 0.0229299
27754.453000 3.5484889 -2.1367379 1.2700709 -0.0365218 0.8435278 -0.5353413 0.0231666
27754.553000 3.5487700 -2.1364643 1.2700028 -0.0365804 0.8435037 -0.5353791 0.0230789
27754.654000 3.5488084 -2.1361975 1.2699397 -0.0365869 0.8434638 -0.5354417 0.0230741
27754.753000 3.5496489 -2.1357319 1.2698455 -0.0363902 0.8434041 -0.5355495 0.0230657
27754.853000 3.5554839 -2.1344706 1.2696061 -0.0355849 0.8433107 -0.5357718 0.0225677
27754.953000 3.5119727 -2.1377906 1.2694386 -0.0457408 0.8427061 -0.5356434 0.0289883
27755.054000 3.5108553 -2.1392439 1.2697319 -0.0461024 0.8429223 -0.5352634 0.0291503
27755.153000 3.5108983 -2.1389605 1.2696601 -0.0461126 0.8428944 -0.5353068 0.0291434
27755.253000 3.5109328 -2.1386922 1.2695962 -0.0461204 0.8428543 -0.5353693 0.0291409
27755.353000 3.5120250 -2.1381929 1.2694878 -0.0459709 0.8427910 -0.5354869 0.0290487
27755.454000 3.5176428 -2.1367028 1.2691613 -0.0450749 0.8426530 -0.5358030 0.0286219
27755.553000 3.5216763 -2.1357236 1.2689313 -0.0445069 0.8425398 -0.5360472 0.0282689
27755.654000 3.4745850 -2.1421431 1.2692285 -0.0552019 0.8421338 -0.5352935 0.0349884
27755.753000 3.4729002 -2.1420237 1.2691570 -0.0554961 0.8420819 -0.5353260 0.0352764
27755.853000 3.4731804 -2.1417485 1.2690900 -0.0555590 0.8420440 -0.5353844 0.0351932
27755.956000 3.4742908 -2.1411842 1.2689547 -0.0554103 0.8419802 -0.5355068 0.0350934
27756.053000 3.4799594 -2.1393561 1.2684878 -0.0544926 0.8418417 -0.5358483 0.0346374
27756.153000 3.4842889 -2.1381385 1.2681558 -0.0539674 0.8417302 -0.5361061 0.0341763
27756.253000 3.4369962 -2.1455056 1.2684566 -0.0645888 0.8412018 -0.5352833 0.0409828
27756.353000 3.4353207 -2.1454189 1.2683857 -0.0648856 0.8411461 -0.5353124 0.0412754
27756.454000 3.4353483 -2.1451472 1.2683192 -0.0649037 0.8411050 -0.5353746 0.0412797
27756.553000 3.4367523 -2.1445058 1.2681567 -0.0648078 0.8410296 -0.5355184 0.0410995
27756.654000 3.4425306 -2.1423967 1.2675852 -0.0638817 0.8408304 -0.5359770 0.0406457
27756.753000 3.4466259 -2.1410082 1.2671887 -0.0633105 0.8406763 -0.5363144 0.0402747
27756.855000 3.3996740 -2.1493300 1.2674936 -0.0739170 0.8400363 -0.5354139 0.0469811
27756.953000 3.3979972 -2.1492775 1.2674223 -0.0742195 0.8399780 -0.5354379 0.0472730
27757.053000 3.3980274 -2.1490025 1.2673536 -0.0742410 0.8399365 -0.5354996 0.0472772
27757.153000 3.3993751 -2.1483275 1.2671708 -0.0741302 0.8398647 -0.5356436 0.0470958
27757.254000 3.4051643 -2.1459850 1.2664809 -0.0730597 0.8396846 -0.5361153 0.0466094
27757.353000 3.4095969 -2.1443958 1.2659867 -0.0724396 0.8395415 -0.5364656 0.0461220
27757.453000 3.3624787 -2.1536782 1.2663040 -0.0829620 0.8387871 -0.5354938 0.0529141
27757.553000 3.3608140 -2.1536563 1.2662326 -0.0832611 0.8387255 -0.5355147 0.0532071
27757.656000 3.3608459 -2.1533777 1.2661616 -0.0832857 0.8386834 -0.5355766 0.0532112
27757.754000 3.3622213 -2.1526149 1.2659446 -0.0831789 0.8386003 -0.5357418 0.0530244
27757.853000 3.3684049 -2.1498282 1.2650793 -0.0821992 0.8383665 -0.5363171 0.0524304
27757.955000 3.3254033 -2.1569056 1.2644863 -0.0920007 0.8370959 -0.5360513 0.0587817
27758.056000 3.3241319 -2.1585150 1.2648155 -0.0923662 0.8372878 -0.5356627 0.0590172
27758.153000 3.3241730 -2.1582130 1.2647319 -0.0924236 0.8372551 -0.5357021 0.0590333
27758.254000 3.3242041 -2.1579280 1.2646574 -0.0924811 0.8372091 -0.5357622 0.0590513
27758.355000 3.3251818 -2.1571258 1.2644177 -0.0922755 0.8371205 -0.5359368 0.0590446
27758.453000 3.3318095 -2.1540000 1.2633819 -0.0913081 0.8368823 -0.5365463 0.0583858
27758.555000 3.2889922 -2.1619401 1.2627219 -0.1010297 0.8355216 -0.5362062 0.0646491
27758.653000 3.2875662 -2.1635838 1.2630656 -0.1013538 0.8357091 -0.5358183 0.0649347
27758.753000 3.2876065 -2.1632768 1.2629783 -0.1014111 0.8356747 -0.5358590 0.0649516
27758.855000 3.2876402 -2.1629872 1.2629005 -0.1014685 0.8356276 -0.5359197 0.0649675
27758.954000 3.2876707 -2.1627126 1.2628296 -0.1015266 0.8355722 -0.5359933 0.0649826
27759.053000 3.2888154 -2.1617749 1.2625366 -0.1012670 0.8354644 -0.5362160 0.0649358
27759.154000 3.2956946 -2.1582024 1.2613032 -0.1001368 0.8351770 -0.5369705 0.0641459
27759.253000 3.2528873 -2.1669455 1.2605714 -0.1097606 0.8336948 -0.5366194 0.0703223
27759.355000 3.2511201 -2.1689275 1.2610112 -0.1100053 0.8339484 -0.5361214 0.0707305
27759.454000 3.2514018 -2.1685712 1.2609045 -0.1101139 0.8339098 -0.5361676 0.0706652
27759.556000 3.2514463 -2.1682752 1.2608222 -0.1101729 0.8338613 -0.5362295 0.0706764
27759.656000 3.2524050 -2.1673845 1.2605314 -0.1099534 0.8337603 -0.5364331 0.0706653
27759.753000 3.2591572 -2.1636171 1.2591734 -0.1088708 0.8334488 -0.5372277 0.0699753
27759.853000 3.2172307 -2.1727642 1.2582758 -0.1183140 0.8318269 -0.5368995 0.0761886
27759.954000 3.2154732 -2.1746563 1.2586530 -0.1187470 0.8320086 -0.5364773 0.0765046
27760.053000 3.2152751 -2.1743878 1.2585729 -0.1187490 0.8319788 -0.5365090 0.0766031
27760.154000 3.2155572 -2.1740344 1.2584670 -0.1188586 0.8319272 -0.5365748 0.0765327
27760.254000 3.2156016 -2.1737458 1.2583866 -0.1189186 0.8318700 -0.5366491 0.0765401
27760.354000 3.2167263 -2.1727158 1.2580315 -0.1186389 0.8317559 -0.5368944 0.0764945
27760.453000 3.2239616 -2.1684212 1.2564014 -0.1173340 0.8314204 -0.5378174 0.0756653
27760.553000 3.1818040 -2.1785494 1.2554746 -0.1266894 0.8297202 -0.5374125 0.0818657
27760.654000 3.1797607 -2.1807159 1.2559483 -0.1270694 0.8299542 -0.5368982 0.0822780
27760.753000 3.1800548 -2.1803320 1.2558242 -0.1271780 0.8299126 -0.5369476 0.0822073
27760.855000 3.1812910 -2.1792779 1.2554385 -0.1269917 0.8298190 -0.5371544 0.0820893
27760.955000 3.1878898 -2.1749426 1.2537026 -0.1256210 0.8295277 -0.5380231 0.0814516
27761.054000 3.1466042 -2.1853911 1.2525117 -0.1350007 0.8276904 -0.5376165 0.0875890
27761.154000 3.1449291 -2.1871598 1.2528665 -0.1354566 0.8278156 -0.5372645 0.0878624
27761.253000 3.1447434 -2.1868901 1.2527792 -0.1354562 0.8277861 -0.5372944 0.0879581
27761.353000 3.1447800 -2.1865767 1.2526807 -0.1355087 0.8277361 -0.5373562 0.0879695
27761.455000 3.1460561 -2.1854229 1.2522454 -0.1352891 0.8276152 -0.5376187 0.0878409
27761.554000 3.1534253 -2.1803902 1.2501735 -0.1338646 0.8272076 -0.5387431 0.0869699
27761.654000 3.1119124 -2.1916401 1.2488382 -0.1432046 0.8252109 -0.5383724 0.0931373
27761.753000 3.1104091 -2.1935481 1.2492975 -0.1434867 0.8253996 -0.5379537 0.0934495
27761.854000 3.1104668 -2.1932054 1.2491785 -0.1435380 0.8253630 -0.5379942 0.0934610
27761.953000 3.1119484 -2.1918751 1.2486396 -0.1432672 0.8252488 -0.5382669 0.0933149
27762.053000 3.1191679 -2.1866501 1.2463466 -0.1416235 0.8248828 -0.5393867 0.0925917
27762.153000 3.0778638 -2.1987774 1.2449381 -0.1510830 0.8228115 -0.5388926 0.0987416
27762.253000 3.0760473 -2.2005627 1.2453851 -0.1513231 0.8229441 -0.5385502 0.0991358
27762.353000 3.0763430 -2.2001383 1.2452287 -0.1514257 0.8228988 -0.5386039 0.0990636
27762.453000 3.0776880 -2.1987305 1.2446304 -0.1510686 0.8227748 -0.5389105 0.0989722
27762.554000 3.0857883 -2.1927114 1.2418830 -0.1494177 0.8223237 -0.5402425 0.0979598
27762.655000 3.0444524 -2.2055365 1.2403434 -0.1587847 0.8201299 -0.5397458 0.1041571
27762.753000 3.0428342 -2.2073239 1.2407986 -0.1590750 0.8202610 -0.5393998 0.1044748
27762.853000 3.0428986 -2.2069658 1.2406621 -0.1591221 0.8202211 -0.5394447 0.1044842
27762.953000 3.0445695 -2.2053773 1.2399458 -0.1587753 0.8200941 -0.5397734 0.1043113
27763.055000 3.0527573 -2.1990408 1.2368650 -0.1568959 0.8196781 -0.5411264 0.1034107
27763.153000 3.0114686 -2.2126896 1.2352190 -0.1662094 0.8174133 -0.5405368 0.1096811
27763.256000 3.0098613 -2.2145337 1.2357138 -0.1664855 0.8175508 -0.5401797 0.1099963
27763.354000 3.0086609 -2.2152321 1.2362388 -0.1665448 0.8171923 -0.5406153 0.1104296
27763.453000 3.0023481 -2.2213773 1.2402058 -0.1670725 0.8150233 -0.5432859 0.1125356
27763.553000 2.9942634 -2.2300856 1.2453926 -0.1675823 0.8123184 -0.5466007 0.1152505
27763.653000 2.9874241 -2.2383823 1.2499892 -0.1679574 0.8099735 -0.5494628 0.1175746
27763.753000 2.9797508 -2.2482424 1.2551203 -0.1682666 0.8073604 -0.5526343 0.1202118
27763.856000 2.9731010 -2.2579508 1.2599178 -0.1686322 0.8048252 -0.5557032 0.1225297
27763.956000 2.9667049 -2.2678305 1.2645140 -0.1688980 0.8023721 -0.5586573 0.1247982
27764.055000 2.9604512 -2.2780101 1.2689708 -0.1690663 0.7999685 -0.5615367 0.1270572
27764.153000 2.9550756 -2.2881964 1.2732167 -0.1693152 0.7975894 -0.5643826 0.1290571
27764.256000 2.9498856 -2.2986427 1.2773182 -0.1694837 0.7952580 -0.5671588 0.1310380
27764.353000 2.9451008 -2.3092526 1.2812537 -0.1696265 0.7929661 -0.5698792 0.1329261
27764.455000 2.9404870 -2.3201046 1.2850384 -0.1696908 0.7907206 -0.5725333 0.1348019
27764.555000 2.9367941 -2.3308948 1.2886216 -0.1698609 0.7884950 -0.5751640 0.1364158
27764.654000 2.9330472 -2.3419895 1.2920658 -0.1699047 0.7863207 -0.5777212 0.1380957
27764.753000 2.9302248 -2.3529930 1.2953140 -0.1700630 0.7841629 -0.5802602 0.1395174
27764.854000 2.9276078 -2.3641732 1.2984057 -0.1701649 0.7820440 -0.5827454 0.1409215
27764.953000 2.9254281 -2.3754253 1.3013281 -0.1702704 0.7799539 -0.5851921 0.1422325
27765.053000 2.9236963 -2.3867307 1.3040803 -0.1703858 0.7778900 -0.5876038 0.1434486
27765.153000 2.9221624 -2.3981745 1.3066697 -0.1704533 0.7758583 -0.5899705 0.1446526
27765.254000 2.9215767 -2.4094440 1.3090740 -0.1706475 0.7738335 -0.5923374 0.1455934
27765.354000 2.9212193 -2.4208102 1.3113144 -0.1707963 0.7718372 -0.5946695 0.1465068
27765.455000 2.9210551 -2.4322718 1.3133889 -0.1709063 0.7698649 -0.5969662 0.1474123
27765.553000 2.9218330 -2.4435134 1.3152833 -0.1711686 0.7678877 -0.5992700 0.1480722
27765.653000 2.9228324 -2.4548078 1.3170110 -0.1714060 0.7659273 -0.6015466 0.1487180
27765.753000 2.9240289 -2.4661487 1.3185702 -0.1716129 0.7639822 -0.6037988 0.1493559
27765.853000 2.9261638 -2.4772224 1.3199528 -0.1719840 0.7620218 -0.6060672 0.1497560
27765.953000 2.9282628 -2.4884040 1.3211683 -0.1722783 0.7600766 -0.6083051 0.1502285
27766.053000 2.9312974 -2.4992867 1.3222087 -0.1727446 0.7581088 -0.6105650 0.1504685
27766.153000 2.9345374 -2.5101471 1.3230791 -0.1732024 0.7561402 -0.6128133 0.1507076
27766.254000 2.9382098 -2.5208781 1.3237777 -0.1737125 0.7541591 -0.6150645 0.1508766
27766.354000 2.9420671 -2.5315621 1.3243056 -0.1742157 0.7521705 -0.6173096 0.1510538
27766.454000 2.9466804 -2.5421580 1.3246649 -0.1748523 0.7501183 -0.6196142 0.1510876
27766.553000 2.9520535 -2.5526057 1.3248461 -0.1756265 0.7480027 -0.6219750 0.1509779
27766.653000 2.9566697 -2.5617707 1.3248568 -0.1762412 0.7461466 -0.6240288 0.1509714
27766.753000 2.9626505 -2.5714767 1.3247029 -0.1771028 0.7440514 -0.6263371 0.1507445
27766.853000 2.9673107 -2.5792618 1.3244595 -0.1777642 0.7423629 -0.6281633 0.1506918
27766.953000 2.9704164 -2.5835902 1.3240109 -0.1838224 0.7422387 -0.6255339 0.1549141
27767.054000 2.9707215 -2.5834987 1.3240044 -0.1841194 0.7421750 -0.6254935 0.1550298
27767.155000 2.9700759 -2.5837966 1.3240042 -0.1821432 0.7426543 -0.6258832 0.1534885
27767.253000 2.9704046 -2.5836417 1.3240034 -0.1838295 0.7422306 -0.6255398 0.1549209
27767.353000 2.9706789 -2.5834414 1.3240092 -0.1841108 0.7421627 -0.6255101 0.1550317
27767.453000 2.9702765 -2.5836585 1.3240054 -0.1821692 0.7426436 -0.6259127 0.1533890
27767.553000 2.9704288 -2.5836344 1.3240042 -0.1838937 0.7422193 -0.6255224 0.1549690
27767.656000 2.9707007 -2.5834506 1.3240088 -0.1841748 0.7421526 -0.6254903 0.1550842
27767.753000 2.9700430 -2.5837627 1.3240077 -0.1821343 0.7426545 -0.6258871 0.1534825
27767.855000 2.9703772 -2.5836137 1.3240063 -0.1837685 0.7422576 -0.6255416 0.1548563
27767.955000 2.9704272 -2.5835196 1.3240139 -0.1840510 0.7421829 -0.6254874 0.1550977
27768.053000 2.9700388 -2.5837251 1.3240110 -0.1822094 0.7426267 -0.6258821 0.1535476
27768.153000 2.9703788 -2.5835710 1.3240125 -0.1838422 0.7421889 -0.6255813 0.1549378
27768.253000 2.9706481 -2.5833593 1.3240195 -0.1841091 0.7421184 -0.6255619 0.1550369
27768.353000 2.9700266 -2.5836985 1.3240146 -0.1821599 0.7426130 -0.6259223 0.1535093
27768.453000 2.9706382 -2.5834509 1.3240077 -0.1839786 0.7421911 -0.6255453 0.1549109
27768.553000 2.9704284 -2.5834908 1.3240160 -0.1840682 0.7421648 -0.6254998 0.1551142
27768.653000 2.9700353 -2.5837500 1.3240091 -0.1821577 0.7426408 -0.6258912 0.1535042
27768.755000 2.9704579 -2.5836973 1.3240005 -0.1838871 0.7422190 -0.6255276 0.1549568
27768.853000 2.9704972 -2.5836167 1.3240071 -0.1841076 0.7421626 -0.6254832 0.1551446
27768.953000 2.9703341 -2.5836769 1.3240037 -0.1823377 0.7426032 -0.6258788 0.1535225
27769.053000 2.9706676 -2.5835036 1.3240033 -0.1840316 0.7421964 -0.6255127 0.1549538
27769.156000 2.9707045 -2.5834287 1.3240086 -0.1841747 0.7421624 -0.6254827 0.1550677
27769.253000 2.9700886 -2.5837547 1.3240055 -0.1823074 0.7426216 -0.6258423 0.1536187
27769.353000 2.9704284 -2.5836214 1.3240043 -0.1838908 0.7422243 -0.6255216 0.1549517
27769.454000 2.9704407 -2.5835579 1.3240093 -0.1840221 0.7421922 -0.6254922 0.1550681
27769.555000 2.9700773 -2.5837800 1.3240030 -0.1822571 0.7426399 -0.6258456 0.1535762
27769.653000 2.9707385 -2.5835760 1.3239914 -0.1840343 0.7422333 -0.6254754 0.1549248
27769.753000 2.9707362 -2.5834910 1.3240009 -0.1841682 0.7421945 -0.6254514 0.1550485
27769.855000 2.9702938 -2.5836542 1.3240026 -0.1822153 0.7426554 -0.6258805 0.1534082
27769.953000 2.9706365 -2.5834030 1.3240119 -0.1840043 0.7421664 -0.6255617 0.1549320
27770.053000 2.9704259 -2.5834686 1.3240181 -0.1841017 0.7421440 -0.6255066 0.1551462
27770.153000 2.9700094 -2.5837036 1.3240127 -0.1821480 0.7426317 -0.6259050 0.1535030
27770.253000 2.9706458 -2.5834409 1.3240096 -0.1840340 0.7421635 -0.6255456 0.1549759
27770.354000 2.9704496 -2.5835001 1.3240156 -0.1841446 0.7421385 -0.6254884 0.1551946
27770.453000 2.9702845 -2.5835697 1.3240113 -0.1823611 0.7425784 -0.6258929 0.1535574
27770.553000 2.9706529 -2.5834702 1.3240054 -0.1839349 0.7421986 -0.6255618 0.1548601
27770.654000 2.9704786 -2.5836698 1.3239981 -0.1840376 0.7422090 -0.6254541 0.1551228
27770.753000 2.9700788 -2.5839037 1.3239914 -0.1821570 0.7426890 -0.6258268 0.1535341
27770.853000 2.9704559 -2.5838490 1.3239821 -0.1837354 0.7423358 -0.6254599 0.1548509
27770.954000 2.9707202 -2.5835992 1.3239910 -0.1840771 0.7422397 -0.6254320 0.1550181
27771.053000 2.9703421 -2.5837626 1.3239900 -0.1823263 0.7426569 -0.6258123 0.1535475
27771.154000 2.9704433 -2.5837403 1.3239929 -0.1838676 0.7422458 -0.6254908 0.1550004
27771.253000 2.9704459 -2.5835247 1.3240120 -0.1841288 0.7421507 -0.6254824 0.1551795
27771.353000 2.9702638 -2.5835749 1.3240107 -0.1822914 0.7425912 -0.6259122 0.1534997
27771.454000 2.9704608 -2.5836594 1.3240030 -0.1838807 0.7422136 -0.6255406 0.1549381
27771.553000 2.9704842 -2.5835840 1.3240090 -0.1841033 0.7421579 -0.6254927 0.1551339
27771.653000 2.9705263 -2.5836204 1.3240056 -0.1841170 0.7421540 -0.6254906 0.1551450
27771.753000 2.9703383 -2.5836038 1.3240083 -0.1824095 0.7425603 -0.6258933 0.1535858
27771.853000 2.9704081 -2.5835543 1.3240117 -0.1839132 0.7421892 -0.6255476 0.1549878
27771.954000 2.9706151 -2.5832730 1.3240245 -0.1841742 0.7421047 -0.6255437 0.1550984
27772.053000 2.9700591 -2.5836813 1.3240129 -0.1823434 0.7425835 -0.6258666 0.1536609
27772.153000 2.9706151 -2.5834974 1.3240093 -0.1839746 0.7421801 -0.6255540 0.1549332
27772.255000 2.9706803 -2.5833939 1.3240135 -0.1841307 0.7421407 -0.6255286 0.1550386
27772.353000 2.9700514 -2.5837711 1.3240066 -0.1821538 0.7426400 -0.6258956 0.1534944
27772.453000 2.9704597 -2.5836438 1.3240043 -0.1839742 0.7421868 -0.6255200 0.1550390
27772.553000 2.9705203 -2.5837513 1.3239930 -0.1840941 0.7421953 -0.6254379 0.1551865
27772.653000 2.9700880 -2.5839214 1.3239917 -0.1821944 0.7426651 -0.6258329 0.1535805
27772.753000 2.9704240 -2.5837164 1.3239954 -0.1838417 0.7422571 -0.6254942 0.1549633
27772.853000 2.9706156 -2.5832508 1.3240243 -0.1841841 0.7421126 -0.6255336 0.1550900
27772.954000 2.9701981 -2.5834524 1.3240221 -0.1822458 0.7425732 -0.6259566 0.1534595
27773.053000 2.9703984 -2.5835203 1.3240177 -0.1839086 0.7421441 -0.6256008 0.1549950
27773.153000 2.9704093 -2.5834411 1.3240242 -0.1840944 0.7420949 -0.6255637 0.1551597
27773.254000 2.9702413 -2.5834935 1.3240186 -0.1823578 0.7425441 -0.6259341 0.1535593
27773.353000 2.9706518 -2.5834838 1.3240018 -0.1840009 0.7422279 -0.6254935 0.1549172
27773.454000 2.9706871 -2.5833978 1.3240071 -0.1841777 0.7421848 -0.6254575 0.1550586
27773.553000 2.9700824 -2.5837294 1.3240042 -0.1823608 0.7426302 -0.6258085 0.1536511
27773.653000 2.9705003 -2.5833363 1.3240237 -0.1838887 0.7421733 -0.6256014 0.1548765
27773.753000 2.9704590 -2.5836483 1.3240004 -0.1840235 0.7422107 -0.6254582 0.1551150
27773.853000 2.9702491 -2.5836669 1.3240012 -0.1822287 0.7426323 -0.6258850 0.1534859
27773.953000 2.9706718 -2.5835521 1.3239985 -0.1839829 0.7421917 -0.6255302 0.1549633
27774.054000 2.9704356 -2.5834363 1.3240210 -0.1841634 0.7421179 -0.6255076 0.1551938
27774.153000 2.9702162 -2.5834635 1.3240200 -0.1823437 0.7425612 -0.6259218 0.1535435
27774.253000 2.9706248 -2.5834330 1.3240068 -0.1839351 0.7422193 -0.6255355 0.1548667
27774.353000 2.9705412 -2.5837918 1.3239841 -0.1840397 0.7422673 -0.6253891 0.1551037
27774.455000 2.9701061 -2.5839563 1.3239852 -0.1821922 0.7427010 -0.6257961 0.1535596
27774.553000 2.9704612 -2.5837484 1.3239942 -0.1838536 0.7422399 -0.6255087 0.1549733
27774.653000 2.9705839 -2.5832216 1.3240284 -0.1841215 0.7420975 -0.6255787 0.1550547
27774.753000 2.9706246 -2.5832477 1.3240253 -0.1841343 0.7420928 -0.6255788 0.1550618
27774.853000 2.9700276 -2.5836894 1.3240130 -0.1821451 0.7426191 -0.6259227 0.1534950
27774.953000 2.9706002 -2.5834227 1.3240131 -0.1838772 0.7421813 -0.6256032 0.1548442
27775.053000 2.9705382 -2.5837523 1.3239925 -0.1840709 0.7422043 -0.6254427 0.1551519
27775.153000 2.9701425 -2.5839490 1.3239878 -0.1823257 0.7426415 -0.6257961 0.1536884
27775.253000 2.9705232 -2.5838293 1.3239850 -0.1839525 0.7422568 -0.6254386 0.1550577
27775.353000 2.9705212 -2.5837874 1.3239863 -0.1840471 0.7422401 -0.6254093 0.1551433
27775.454000 2.9707230 -2.5836098 1.3239900 -0.1840688 0.7422067 -0.6254656 0.1550506
27775.553000 2.9701509 -2.5840191 1.3239793 -0.1821702 0.7427037 -0.6258020 0.1535480
27775.653000 2.9707078 -2.5837177 1.3239851 -0.1840096 0.7422259 -0.6254755 0.1549889
27775.754000 2.9707277 -2.5835848 1.3239926 -0.1840679 0.7422052 -0.6254767 0.1550140
27775.853000 2.9703278 -2.5837739 1.3239895 -0.1822663 0.7426484 -0.6258510 0.1535023
27775.954000 2.9705356 -2.5838435 1.3239850 -0.1839257 0.7422617 -0.6254482 0.1550277
27776.053000 2.9705285 -2.5838070 1.3239861 -0.1840207 0.7422451 -0.6254177 0.1551168
27776.154000 2.9700894 -2.5840224 1.3239815 -0.1820329 0.7427395 -0.6258262 0.1534393
27776.253000 2.9705319 -2.5839002 1.3239773 -0.1838850 0.7422939 -0.6254307 0.1549921
27776.353000 2.9707104 -2.5836104 1.3239902 -0.1840616 0.7422219 -0.6254538 0.1550342
27776.455000 2.9702888 -2.5837460 1.3239933 -0.1822049 0.7426486 -0.6258765 0.1534699
27776.553000 2.9706077 -2.5835517 1.3240027 -0.1837393 0.7422110 -0.6256260 0.1547736
27776.653000 2.9705359 -2.5831493 1.3240384 -0.1840324 0.7420700 -0.6256527 0.1549930
27776.753000 2.9699642 -2.5836199 1.3240219 -0.1820640 0.7426069 -0.6259754 0.1534357
27776.853000 2.9705789 -2.5833723 1.3240165 -0.1839741 0.7421553 -0.6255817 0.1549404
27776.953000 2.9704362 -2.5834995 1.3240150 -0.1840482 0.7421625 -0.6255116 0.1551009
27777.053000 2.9701772 -2.5834212 1.3240241 -0.1822838 0.7425537 -0.6259553 0.1535143
27777.153000 2.9704880 -2.5832090 1.3240320 -0.1839269 0.7421197 -0.6256422 0.1549227
27777.253000 2.9704677 -2.5836700 1.3239991 -0.1839787 0.7422029 -0.6254865 0.1550913
27777.353000 2.9700545 -2.5839134 1.3239922 -0.1820442 0.7426908 -0.6258766 0.1534562
27777.453000 2.9706630 -2.5836310 1.3239919 -0.1839284 0.7422149 -0.6255258 0.1549353
27777.553000 2.9705764 -2.5832046 1.3240288 -0.1841147 0.7420971 -0.6255807 0.1550561
27777.653000 2.9699839 -2.5836445 1.3240164 -0.1821161 0.7426322 -0.6259215 0.1534712
27777.753000 2.9705349 -2.5832476 1.3240249 -0.1839711 0.7421543 -0.6255889 0.1549197
27777.853000 2.9705500 -2.5831564 1.3240316 -0.1840852 0.7421221 -0.6255708 0.1550115
27777.953000 2.9705764 -2.5831946 1.3240282 -0.1840450 0.7421321 -0.6255794 0.1549768
27778.053000 2.9699602 -2.5836578 1.3240163 -0.1818957 0.7426893 -0.6259666 0.1532720
27778.153000 2.9705639 -2.5833068 1.3240227 -0.1839313 0.7421368 -0.6256267 0.1548984
27778.253000 2.9707042 -2.5835218 1.3240007 -0.1840755 0.7421622 -0.6255184 0.1550424
27778.353000 2.9701304 -2.5839850 1.3239846 -0.1820967 0.7427057 -0.6258399 0.1534714
27778.454000 2.9707220 -2.5836694 1.3239841 -0.1840692 0.7422315 -0.6254415 0.1550285
27778.554000 2.9705744 -2.5838083 1.3239818 -0.1840748 0.7422585 -0.6253833 0.1551276
27778.654000 2.9702841 -2.5837882 1.3239876 -0.1821170 0.7426941 -0.6258690 0.1533850
27778.753000 2.9706941 -2.5836647 1.3239878 -0.1838930 0.7422200 -0.6255389 0.1548995
27778.855000 2.9707170 -2.5835771 1.3239941 -0.1840819 0.7421718 -0.6255010 0.1550591
27778.953000 2.9702744 -2.5837368 1.3239950 -0.1822069 0.7426166 -0.6259085 0.1534921
27779.053000 2.9706156 -2.5835361 1.3240068 -0.1840499 0.7421147 -0.6255697 0.1550933
27779.153000 2.9706144 -2.5834172 1.3240129 -0.1841115 0.7420908 -0.6255699 0.1551336
27779.255000 2.9700460 -2.5838730 1.3239965 -0.1820632 0.7426524 -0.6259107 0.1534804
27779.353000 2.9704726 -2.5837956 1.3239883 -0.1837660 0.7422701 -0.6255196 0.1548883
27779.453000 2.9704596 -2.5830964 1.3240396 -0.1840484 0.7420832 -0.6256234 0.1550292
27779.553000 2.9700179 -2.5832925 1.3240359 -0.1820716 0.7425721 -0.6260332 0.1533590
27779.653000 2.9705041 -2.5831542 1.3240343 -0.1839372 0.7421124 -0.6256504 0.1549121
27779.753000 2.9705419 -2.5837369 1.3239905 -0.1839786 0.7422275 -0.6254661 0.1550562
27779.853000 2.9701050 -2.5839362 1.3239875 -0.1820337 0.7427014 -0.6258753 0.1534225
27779.953000 2.9705217 -2.5837957 1.3239912 -0.1838812 0.7422187 -0.6255222 0.1549877
27780.053000 2.9706837 -2.5834237 1.3240067 -0.1839986 0.7421437 -0.6255802 0.1549731
27780.157000 2.9702598 -2.5836608 1.3239976 -0.1819793 0.7426677 -0.6259711 0.1532590
27780.253000 2.9707805 -2.5836188 1.3239829 -0.1840163 0.7422223 -0.6254871 0.1549515
27780.353000 2.9707461 -2.5835428 1.3239900 -0.1840154 0.7422199 -0.6254883 0.1549594
27780.455000 2.9701320 -2.5840393 1.3239755 -0.1818995 0.7427811 -0.6258528 0.1532878
27780.553000 2.9706686 -2.5836083 1.3239927 -0.1837317 0.7422498 -0.6255908 0.1547387
27780.653000 2.9705677 -2.5837969 1.3239866 -0.1839547 0.7422405 -0.6254638 0.1550315
27780.753000 2.9701160 -2.5840304 1.3239797 -0.1818871 0.7427569 -0.6258853 0.1532871
27780.853000 2.9707174 -2.5836589 1.3239853 -0.1837567 0.7422508 -0.6255807 0.1547449
27780.953000 2.9707381 -2.5835365 1.3239936 -0.1839577 0.7421926 -0.6255487 0.1549147
27781.054000 2.9703073 -2.5837272 1.3239899 -0.1820142 0.7426718 -0.6259518 0.1532766
27781.153000 2.9705774 -2.5839353 1.3239757 -0.1837520 0.7422898 -0.6255095 0.1548514
27781.253000 2.9705886 -2.5838500 1.3239816 -0.1839447 0.7422413 -0.6254680 0.1550223
27781.353000 2.9701650 -2.5840582 1.3239750 -0.1820021 0.7427349 -0.6258558 0.1533776
27781.453000 2.9706232 -2.5840016 1.3239657 -0.1838491 0.7423125 -0.6254376 0.1549177
27781.553000 2.9707398 -2.5835672 1.3239889 -0.1839594 0.7422207 -0.6255160 0.1549100
27781.653000 2.9701479 -2.5840663 1.3239732 -0.1818658 0.7427803 -0.6258734 0.1532478
27781.753000 2.9705631 -2.5839400 1.3239766 -0.1837191 0.7422947 -0.6255199 0.1548247
27781.853000 2.9705852 -2.5838378 1.3239831 -0.1839302 0.7422390 -0.6254791 0.1550056
27781.953000 2.9701216 -2.5840282 1.3239796 -0.1818889 0.7427473 -0.6258963 0.1532864
27782.053000 2.9706721 -2.5835688 1.3239945 -0.1838252 0.7422168 -0.6255806 0.1548269
27782.153000 2.9705727 -2.5837828 1.3239865 -0.1839850 0.7422305 -0.6254597 0.1550596
27782.253000 2.9702563 -2.5836576 1.3239973 -0.1820476 0.7426433 -0.6259621 0.1533331
27782.354000 2.9706881 -2.5835631 1.3239965 -0.1838795 0.7421662 -0.6256080 0.1548943
27782.453000 2.9705736 -2.5837953 1.3239874 -0.1839680 0.7422004 -0.6254985 0.1550674
27782.553000 2.9706998 -2.5834891 1.3239991 -0.1839301 0.7421514 -0.6256000 0.1549376
27782.653000 2.9702214 -2.5836882 1.3239940 -0.1817806 0.7426957 -0.6260304 0.1531170
27782.753000 2.9706101 -2.5839285 1.3239728 -0.1839291 0.7422557 -0.6254555 0.1550223
27782.853000 2.9707037 -2.5834728 1.3239978 -0.1840767 0.7421513 -0.6255274 0.1550569
27782.953000 2.9702934 -2.5836791 1.3239910 -0.1821393 0.7426463 -0.6259140 0.1534059
27783.053000 2.9706513 -2.5840038 1.3239650 -0.1839075 0.7423171 -0.6254037 0.1549632
27783.154000 2.9706291 -2.5839181 1.3239712 -0.1839762 0.7422981 -0.6253900 0.1550281
27783.253000 2.9701873 -2.5840920 1.3239693 -0.1820363 0.7427676 -0.6258028 0.1533947
27783.353000 2.9706187 -2.5839459 1.3239729 -0.1839065 0.7422786 -0.6254461 0.1549778
27783.453000 2.9706049 -2.5838508 1.3239799 -0.1839872 0.7422545 -0.6254334 0.1550488
27783.553000 2.9702757 -2.5836927 1.3239914 -0.1820732 0.7426715 -0.6259208 0.1533348
27783.653000 2.9707036 -2.5835914 1.3239877 -0.1838872 0.7422417 -0.6255256 0.1548560
27783.753000 2.9706092 -2.5838381 1.3239773 -0.1839946 0.7422768 -0.6254075 0.1550371
27783.853000 2.9701702 -2.5840687 1.3239700 -0.1820143 0.7427764 -0.6258056 0.1533667
27783.953000 2.9706403 -2.5840018 1.3239639 -0.1838792 0.7423278 -0.6254071 0.1549317
27784.053000 2.9706340 -2.5839181 1.3239691 -0.1839743 0.7423033 -0.6253879 0.1550136
27784.153000 2.9701909 -2.5841141 1.3239652 -0.1820040 0.7427900 -0.6257967 0.1533493
27784.254000 2.9707585 -2.5836310 1.3239823 -0.1839941 0.7422241 -0.6254959 0.1549337
27784.355000 2.9707404 -2.5835281 1.3239894 -0.1840357 0.7422075 -0.6254952 0.1549665
27784.453000 2.9703096 -2.5837146 1.3239866 -0.1821420 0.7426671 -0.6258952 0.1533788
27784.553000 2.9707175 -2.5836153 1.3239881 -0.1839189 0.7422052 -0.6255466 0.1549088
27784.654000 2.9706376 -2.5838779 1.3239764 -0.1840449 0.7422401 -0.6254204 0.1551015
27784.753000 2.9702736 -2.5836916 1.3239925 -0.1821188 0.7426347 -0.6259377 0.1533898
27784.853000 2.9706723 -2.5835139 1.3239979 -0.1838367 0.7421741 -0.6256263 0.1548333
27784.953000 2.9705939 -2.5837900 1.3239860 -0.1839685 0.7422105 -0.6254954 0.1550315
27785.053000 2.9702663 -2.5836791 1.3239937 -0.1820820 0.7426347 -0.6259585 0.1533489
27785.153000 2.9706657 -2.5840696 1.3239590 -0.1837670 0.7423545 -0.6254338 0.1548292
27785.253000 2.9706836 -2.5839902 1.3239646 -0.1840027 0.7422970 -0.6253818 0.1550347
27785.353000 2.9702555 -2.5841808 1.3239609 -0.1821140 0.7427625 -0.6257751 0.1534402
27785.453000 2.9706723 -2.5840410 1.3239641 -0.1839242 0.7423004 -0.6254157 0.1549749
27785.553000 2.9707615 -2.5835858 1.3239869 -0.1840803 0.7421883 -0.6254919 0.1550186
27785.653000 2.9703353 -2.5837587 1.3239844 -0.1821934 0.7426460 -0.6258936 0.1534267
27785.753000 2.9706818 -2.5840097 1.3239666 -0.1839362 0.7422713 -0.6254429 0.1549904
27785.853000 2.9707464 -2.5835552 1.3239910 -0.1840878 0.7421571 -0.6255209 0.1550422
27785.954000 2.9702376 -2.5840957 1.3239703 -0.1821594 0.7427029 -0.6258194 0.1534937
27786.053000 2.9706165 -2.5839109 1.3239789 -0.1838826 0.7422555 -0.6254856 0.1549572
27786.153000 2.9706139 -2.5838437 1.3239813 -0.1839912 0.7422306 -0.6254601 0.1550501
27786.253000 2.9701785 -2.5840559 1.3239753 -0.1820412 0.7427201 -0.6258570 0.1533981
27786.353000 2.9706810 -2.5835724 1.3239904 -0.1838216 0.7422126 -0.6255914 0.1548078
27786.453000 2.9706334 -2.5838612 1.3239770 -0.1839683 0.7422508 -0.6254539 0.1550059
27786.553000 2.9701882 -2.5840895 1.3239698 -0.1820108 0.7427568 -0.6258327 0.1533552
27786.653000 2.9707028 -2.5835959 1.3239840 -0.1839208 0.7422439 -0.6255055 0.1548872
27786.753000 2.9707155 -2.5834832 1.3239914 -0.1841125 0.7421891 -0.6254744 0.1550474
27786.853000 2.9702506 -2.5841187 1.3239635 -0.1821714 0.7427572 -0.6257562 0.1534750
27786.954000 2.9707271 -2.5840908 1.3239562 -0.1839257 0.7423308 -0.6253888 0.1549361
27787.053000 2.9707256 -2.5840105 1.3239616 -0.1840402 0.7423010 -0.6253666 0.1550323
27787.154000 2.9702646 -2.5841956 1.3239582 -0.1820623 0.7427955 -0.6257704 0.1533606
27787.253000 2.9706815 -2.5840231 1.3239592 -0.1838706 0.7423563 -0.6253889 0.1548791
27787.353000 2.9706769 -2.5839374 1.3239654 -0.1839949 0.7423226 -0.6253659 0.1549856
27787.453000 2.9702871 -2.5837521 1.3239819 -0.1821021 0.7426965 -0.6258834 0.1533321
27787.553000 2.9707280 -2.5836651 1.3239794 -0.1838528 0.7422339 -0.6255499 0.1548359
27787.653000 2.9707387 -2.5835660 1.3239861 -0.1840458 0.7421809 -0.6255154 0.1550003
27787.753000 2.9702599 -2.5841701 1.3239612 -0.1820787 0.7427537 -0.6258052 0.1534017
27787.853000 2.9707293 -2.5836259 1.3239857 -0.1839527 0.7421974 -0.6255440 0.1549164
27787.953000 2.9707285 -2.5835082 1.3239932 -0.1840846 0.7421552 -0.6255285 0.1550245
27788.053000 2.9702917 -2.5841594 1.3239610 -0.1821961 0.7427386 -0.6257676 0.1534886
27788.153000 2.9707407 -2.5841404 1.3239485 -0.1839729 0.7423578 -0.6253300 0.1549879
27788.254000 2.9707548 -2.5840628 1.3239524 -0.1841015 0.7423275 -0.6253027 0.1550905
27788.353000 2.9703126 -2.5842237 1.3239528 -0.1822229 0.7427679 -0.6257184 0.1535157
27788.453000 2.9706764 -2.5840125 1.3239664 -0.1839460 0.7422702 -0.6254378 0.1550044
27788.553000 2.9707074 -2.5835097 1.3239937 -0.1841037 0.7421395 -0.6255295 0.1550732
27788.653000 2.9702602 -2.5841077 1.3239675 -0.1821850 0.7427009 -0.6258108 0.1535083
27788.753000 2.9706829 -2.5839839 1.3239679 -0.1839377 0.7422579 -0.6254597 0.1549846
27788.854000 2.9706924 -2.5834680 1.3239977 -0.1840962 0.7421218 -0.6255551 0.1550634
27788.954000 2.9702705 -2.5841010 1.3239676 -0.1821975 0.7426967 -0.6258123 0.1535079
27789.053000 2.9707085 -2.5840719 1.3239588 -0.1838463 0.7423215 -0.6254371 0.1548798
27789.153000 2.9707344 -2.5839725 1.3239651 -0.1840987 0.7422556 -0.6253878 0.1550947
27789.253000 2.9703066 -2.5841586 1.3239608 -0.1822313 0.7427241 -0.6257677 0.1535169
27789.354000 2.9706936 -2.5840248 1.3239624 -0.1839297 0.7423094 -0.6254092 0.1549516
27789.453000 2.9707032 -2.5835109 1.3239906 -0.1840757 0.7421774 -0.6255061 0.1550189
27789.555000 2.9702771 -2.5841479 1.3239605 -0.1821179 0.7427607 -0.6257830 0.1534122
27789.653000 2.9707139 -2.5840869 1.3239557 -0.1838628 0.7423355 -0.6254149 0.1548830
27789.755000 2.9707248 -2.5840028 1.3239602 -0.1839888 0.7423038 -0.6253902 0.1549847
27789.853000 2.9702683 -2.5837587 1.3239810 -0.1820613 0.7426852 -0.6259129 0.1533145
27789.953000 2.9706843 -2.5836320 1.3239809 -0.1838453 0.7422449 -0.6255406 0.1548303
27790.053000 2.9707279 -2.5839629 1.3239620 -0.1840800 0.7422812 -0.6253680 0.1550744
27790.153000 2.9702821 -2.5841984 1.3239553 -0.1820626 0.7427872 -0.6257787 0.1533671
27790.253000 2.9706997 -2.5841143 1.3239551 -0.1837553 0.7423647 -0.6254350 0.1547892
27790.353000 2.9703388 -2.5827917 1.3240584 -0.1840506 0.7420338 -0.6256791 0.1550380
27790.453000 2.9699051 -2.5829420 1.3240567 -0.1821723 0.7424955 -0.6260716 0.1534535
27790.553000 2.9702474 -2.5831704 1.3240491 -0.1838650 0.7421537 -0.6256117 0.1549568
27790.653000 2.9706995 -2.5839674 1.3239627 -0.1839742 0.7423096 -0.6253889 0.1549793
27790.753000 2.9702282 -2.5836905 1.3239873 -0.1820841 0.7426623 -0.6259243 0.1533522
27790.853000 2.9704999 -2.5837842 1.3239846 -0.1838947 0.7422161 -0.6255171 0.1550046
27790.953000 2.9702631 -2.5826707 1.3240722 -0.1840646 0.7419800 -0.6257247 0.1550948
27791.053000 2.9698603 -2.5833342 1.3240398 -0.1820436 0.7425897 -0.6260054 0.1534208
27791.153000 2.9702883 -2.5828933 1.3240578 -0.1839202 0.7420476 -0.6257161 0.1549776
27791.253000 2.9706937 -2.5835380 1.3239889 -0.1840525 0.7421566 -0.6255356 0.1550273
27791.353000 2.9702643 -2.5837074 1.3239850 -0.1821882 0.7426280 -0.6259109 0.1534491
27791.453000 2.9707229 -2.5840530 1.3239562 -0.1839305 0.7423279 -0.6253894 0.1549420
27791.553000 2.9703519 -2.5831794 1.3240355 -0.1841455 0.7421185 -0.6255159 0.1551789
27791.653000 2.9698768 -2.5829519 1.3240548 -0.1821792 0.7425158 -0.6260396 0.1534781
27791.753000 2.9703439 -2.5829423 1.3240462 -0.1840455 0.7420978 -0.6256037 0.1550420
27791.855000 2.9707752 -2.5840730 1.3239493 -0.1840316 0.7423535 -0.6253159 0.1549956
27791.953000 2.9702613 -2.5837925 1.3239763 -0.1820869 0.7427133 -0.6258677 0.1533330
27792.053000 2.9707134 -2.5840572 1.3239570 -0.1838320 0.7423458 -0.6254219 0.1548418
27792.154000 2.9707238 -2.5839868 1.3239615 -0.1839803 0.7423098 -0.6253893 0.1549695
27792.253000 2.9702878 -2.5841662 1.3239598 -0.1820815 0.7427664 -0.6257956 0.1533763
27792.353000 2.9706962 -2.5840045 1.3239657 -0.1838861 0.7422821 -0.6254621 0.1549206
27792.454000 2.9707052 -2.5839164 1.3239713 -0.1840457 0.7422391 -0.6254317 0.1550596
27792.553000 2.9702491 -2.5841325 1.3239663 -0.1820132 0.7427435 -0.6258493 0.1533490
27792.653000 2.9707133 -2.5840126 1.3239651 -0.1839688 0.7422556 -0.6254468 0.1550113
27792.754000 2.9703253 -2.5831169 1.3240471 -0.1841506 0.7420472 -0.6255870 0.1552271
27792.853000 2.9698530 -2.5829016 1.3240639 -0.1822861 0.7424346 -0.6260702 0.1536186
27792.953000 2.9702829 -2.5829238 1.3240494 -0.1839376 0.7421075 -0.6256410 0.1549734
27793.053000 2.9707961 -2.5840238 1.3239536 -0.1841569 0.7423055 -0.6253090 0.1551047
27793.153000 2.9708197 -2.5840567 1.3239495 -0.1841442 0.7423127 -0.6253071 0.1550927
27793.253000 2.9703171 -2.5842604 1.3239479 -0.1819702 0.7428412 -0.6257653 0.1532694
27793.353000 2.9706911 -2.5837553 1.3239726 -0.1839066 0.7422445 -0.6255023 0.1549135
27793.453000 2.9703794 -2.5832207 1.3240341 -0.1841393 0.7421156 -0.6255187 0.1551885
27793.553000 2.9698777 -2.5829973 1.3240542 -0.1822527 0.7424884 -0.6260262 0.1535777
27793.654000 2.9702702 -2.5828670 1.3240529 -0.1839453 0.7420770 -0.6256721 0.1549847
27793.753000 2.9702712 -2.5827790 1.3240594 -0.1840742 0.7420410 -0.6256491 0.1550971
27793.853000 2.9702923 -2.5828005 1.3240562 -0.1840567 0.7420465 -0.6256517 0.1550810
27793.953000 2.9699865 -2.5834042 1.3240265 -0.1822688 0.7426057 -0.6258828 0.1535763
27794.053000 2.9702349 -2.5829631 1.3240451 -0.1837520 0.7421647 -0.6256647 0.1548237
27794.153000 2.9703447 -2.5832243 1.3240306 -0.1839836 0.7421959 -0.6255103 0.1550231
27794.255000 2.9699388 -2.5834171 1.3240265 -0.1821539 0.7426530 -0.6258836 0.1534805
27794.355000 2.9688788 -2.5838347 1.3240224 -0.1775770 0.7437652 -0.6268111 0.1496249
27794.455000 2.9687809 -2.5834354 1.3240451 -0.1775020 0.7436815 -0.6269469 0.1495607
27794.553000 2.9687946 -2.5834387 1.3240431 -0.1774832 0.7436886 -0.6269483 0.1495422
27794.653000 2.9689126 -2.5838720 1.3240149 -0.1774653 0.7438047 -0.6268201 0.1495232
27794.753000 2.9689324 -2.5839029 1.3240112 -0.1774469 0.7438208 -0.6268107 0.1495043
27794.854000 2.9688446 -2.5834928 1.3240344 -0.1774280 0.7437270 -0.6269318 0.1494856
27794.954000 2.9688561 -2.5834916 1.3240327 -0.1774097 0.7437363 -0.6269305 0.1494665
27795.053000 2.9688703 -2.5835027 1.3240303 -0.1773917 0.7437489 -0.6269252 0.1494476
27795.154000 2.9688840 -2.5835126 1.3240280 -0.1773733 0.7437616 -0.6269199 0.1494283
27795.253000 2.9690005 -2.5839478 1.3239999 -0.1773557 0.7438810 -0.6267879 0.1494089
27795.353000 2.9689111 -2.5835430 1.3240232 -0.1773362 0.7437891 -0.6269066 0.1493909
27795.453000 2.9689281 -2.5835487 1.3240204 -0.1773196 0.7438032 -0.6268997 0.1493699
27795.553000 2.9690417 -2.5839735 1.3239929 -0.1773019 0.7439202 -0.6267704 0.1493506
27795.653000 2.9689558 -2.5835763 1.3240155 -0.1772832 0.7438313 -0.6268857 0.1493318
27795.753000 2.9689651 -2.5835708 1.3240142 -0.1772650 0.7438407 -0.6268842 0.1493126
27795.853000 2.9689775 -2.5835784 1.3240121 -0.1772470 0.7438534 -0.6268788 0.1492937
27795.955000 2.9689898 -2.5835856 1.3240101 -0.1772287 0.7438660 -0.6268736 0.1492744
27796.054000 2.9691055 -2.5840194 1.3239820 -0.1772110 0.7439855 -0.6267413 0.1492551
27796.153000 2.9690191 -2.5836204 1.3240048 -0.1771923 0.7438963 -0.6268570 0.1492363
27796.253000 2.9690258 -2.5836057 1.3240041 -0.1771740 0.7439033 -0.6268584 0.1492173
27796.355000 2.9691409 -2.5840387 1.3239761 -0.1771563 0.7440225 -0.6267265 0.1491980
27796.453000 2.9691546 -2.5840534 1.3239737 -0.1771381 0.7440368 -0.6267192 0.1491791
27796.553000 2.9690636 -2.5836362 1.3239976 -0.1771192 0.7439429 -0.6268404 0.1491605
27796.653000 2.9691740 -2.5840513 1.3239708 -0.1771016 0.7440574 -0.6267140 0.1491415
27796.753000 2.9690860 -2.5836467 1.3239940 -0.1770826 0.7439666 -0.6268316 0.1491228
27796.853000 2.9691951 -2.5840569 1.3239674 -0.1770647 0.7440799 -0.6267067 0.1491037
27796.953000 2.9691099 -2.5836646 1.3239899 -0.1770458 0.7439920 -0.6268208 0.1490852
27797.053000 2.9692166 -2.5840654 1.3239639 -0.1770279 0.7441028 -0.6266988 0.1490662
27797.153000 2.9691293 -2.5836646 1.3239870 -0.1770090 0.7440127 -0.6268155 0.1490478
27797.253000 2.9692377 -2.5840736 1.3239605 -0.1769911 0.7441255 -0.6266912 0.1490288
27797.353000 2.9691501 -2.5836719 1.3239837 -0.1769721 0.7440351 -0.6268082 0.1490104
27797.453000 2.9691571 -2.5836622 1.3239828 -0.1769538 0.7440428 -0.6268086 0.1489920
27797.553000 2.9692683 -2.5840834 1.3239556 -0.1769356 0.7441586 -0.6266808 0.1489730
27797.653000 2.9692825 -2.5841037 1.3239530 -0.1769171 0.7441738 -0.6266724 0.1489545
27797.753000 2.9692924 -2.5841065 1.3239514 -0.1768987 0.7441845 -0.6266692 0.1489361
27797.853000 2.9692001 -2.5836862 1.3239758 -0.1768794 0.7440893 -0.6267920 0.1489177
27797.953000 2.9692066 -2.5836753 1.3239751 -0.1768608 0.7440966 -0.6267930 0.1488993
27798.053000 2.9692161 -2.5836773 1.3239736 -0.1768423 0.7441071 -0.6267902 0.1488809
27798.153000 2.9693265 -2.5840975 1.3239465 -0.1768242 0.7442222 -0.6266630 0.1488623
27798.253000 2.9693400 -2.5841163 1.3239440 -0.1768055 0.7442368 -0.6266553 0.1488439
27798.353000 2.9693492 -2.5841177 1.3239426 -0.1767869 0.7442470 -0.6266528 0.1488256
27798.453000 2.9693583 -2.5841190 1.3239412 -0.1767684 0.7442571 -0.6266504 0.1488074
27798.553000 2.9693673 -2.5841199 1.3239399 -0.1767496 0.7442671 -0.6266481 0.1487890
27798.654000 2.9693762 -2.5841206 1.3239385 -0.1767308 0.7442771 -0.6266459 0.1487707
27798.753000 2.9692832 -2.5836988 1.3239631 -0.1767116 0.7441811 -0.6267696 0.1487527
27798.853000 2.9693895 -2.5841044 1.3239369 -0.1766934 0.7442923 -0.6266470 0.1487344
27798.953000 2.9694023 -2.5841218 1.3239346 -0.1766747 0.7443063 -0.6266399 0.1487162
27799.054000 2.9693091 -2.5836994 1.3239593 -0.1766554 0.7442101 -0.6267639 0.1486982
27799.154000 2.9694141 -2.5841005 1.3239334 -0.1766373 0.7443201 -0.6266427 0.1486801
27799.253000 2.9694275 -2.5841214 1.3239309 -0.1766184 0.7443349 -0.6266348 0.1486619
27799.353000 2.9693341 -2.5836984 1.3239556 -0.1765991 0.7442385 -0.6267590 0.1486440
27799.453000 2.9693391 -2.5836846 1.3239552 -0.1765803 0.7442445 -0.6267614 0.1486260
27799.556000 2.9694499 -2.5841106 1.3239278 -0.1765619 0.7443606 -0.6266330 0.1486078
27799.653000 2.9693583 -2.5836956 1.3239521 -0.1765426 0.7442661 -0.6267549 0.1485900
27799.753000 2.9693631 -2.5836815 1.3239518 -0.1765238 0.7442719 -0.6267576 0.1485720
27799.853000 2.9694735 -2.5841071 1.3239245 -0.1765054 0.7443878 -0.6266294 0.1485539
27799.953000 2.9693818 -2.5836917 1.3239488 -0.1764861 0.7442931 -0.6267515 0.1485361
27800.053000 2.9694869 -2.5840955 1.3239228 -0.1764676 0.7444035 -0.6266299 0.1485181
27800.153000 2.9693971 -2.5836885 1.3239466 -0.1764483 0.7443108 -0.6267496 0.1485004
27800.253000 2.9694015 -2.5836733 1.3239464 -0.1764294 0.7443162 -0.6267527 0.1484825
27800.353000 2.9694089 -2.5836712 1.3239454 -0.1764105 0.7443249 -0.6267520 0.1484647
27800.453000 2.9695187 -2.5840958 1.3239181 -0.1763920 0.7444404 -0.6266243 0.1484468
27800.554000 2.9694266 -2.5836795 1.3239426 -0.1763726 0.7443453 -0.6267469 0.1484291
27800.653000 2.9694307 -2.5836641 1.3239424 -0.1763537 0.7443505 -0.6267502 0.1484114
27800.754000 2.9694379 -2.5836614 1.3239414 -0.1763347 0.7443589 -0.6267497 0.1483936
27800.854000 2.9694450 -2.5836586 1.3239405 -0.1763158 0.7443672 -0.6267493 0.1483759
27800.953000 2.9694520 -2.5836556 1.3239396 -0.1762968 0.7443755 -0.6267490 0.1483582
27801.053000 2.9694589 -2.5836526 1.3239386 -0.1762779 0.7443838 -0.6267488 0.1483406
27801.154000 2.9694658 -2.5836494 1.3239377 -0.1762589 0.7443919 -0.6267486 0.1483229
27801.253000 2.9695728 -2.5840644 1.3239111 -0.1762403 0.7445048 -0.6266239 0.1483051
27801.354000 2.9695836 -2.5840782 1.3239092 -0.1762213 0.7445172 -0.6266187 0.1482875
27801.453000 2.9694891 -2.5836522 1.3239343 -0.1762019 0.7444194 -0.6267444 0.1482701
27801.554000 2.9694926 -2.5836353 1.3239343 -0.1761829 0.7444241 -0.6267484 0.1482525
27801.653000 2.9695993 -2.5840499 1.3239077 -0.1761643 0.7445367 -0.6266240 0.1482348
27801.753000 2.9695087 -2.5836407 1.3239318 -0.1761448 0.7444431 -0.6267448 0.1482174
27801.853000 2.9695120 -2.5836234 1.3239318 -0.1761258 0.7444476 -0.6267490 0.1481999
27801.953000 2.9696185 -2.5840377 1.3239053 -0.1761072 0.7445601 -0.6266248 0.1481823
27802.053000 2.9696289 -2.5840506 1.3239034 -0.1760881 0.7445721 -0.6266200 0.1481648
27802.153000 2.9696351 -2.5840462 1.3239026 -0.1760691 0.7445797 -0.6266204 0.1481473
27802.253000 2.9696413 -2.5840417 1.3239019 -0.1760500 0.7445873 -0.6266208 0.1481299
27802.354000 2.9696474 -2.5840371 1.3239011 -0.1760309 0.7445948 -0.6266214 0.1481125
27802.453000 2.9695525 -2.5836099 1.3239264 -0.1760115 0.7444966 -0.6267476 0.1480952
27802.553000 2.9696553 -2.5840103 1.3239007 -0.1759928 0.7446055 -0.6266277 0.1480777
27802.654000 2.9695645 -2.5836001 1.3239250 -0.1759733 0.7445114 -0.6267489 0.1480604
27802.753000 2.9695672 -2.5835820 1.3239251 -0.1759544 0.7445155 -0.6267535 0.1480432
27802.855000 2.9695731 -2.5835767 1.3239244 -0.1759351 0.7445228 -0.6267543 0.1480257
27802.953000 2.9696778 -2.5839859 1.3238982 -0.1759166 0.7446337 -0.6266318 0.1480084
27803.054000 2.9695879 -2.5835795 1.3239222 -0.1758969 0.7445406 -0.6267521 0.1479911
27803.153000 2.9695904 -2.5835607 1.3239224 -0.1758778 0.7445445 -0.6267569 0.1479738
27803.253000 2.9695961 -2.5835552 1.3239218 -0.1758587 0.7445516 -0.6267579 0.1479565
27803.353000 2.9697015 -2.5839680 1.3238953 -0.1758400 0.7446634 -0.6266344 0.1479392
27803.453000 2.9697112 -2.5839796 1.3238936 -0.1758209 0.7446748 -0.6266303 0.1479219
27803.553000 2.9696180 -2.5835596 1.3239186 -0.1758014 0.7445782 -0.6267546 0.1479047
27803.654000 2.9696183 -2.5835322 1.3239193 -0.1757822 0.7445798 -0.6267622 0.1478875
27803.753000 2.9696238 -2.5835262 1.3239187 -0.1757631 0.7445867 -0.6267634 0.1478703
27803.853000 2.9697288 -2.5839386 1.3238923 -0.1757443 0.7446983 -0.6266401 0.1478531
27803.953000 2.9697383 -2.5839497 1.3238906 -0.1757252 0.7447095 -0.6266362 0.1478359
27804.053000 2.9697436 -2.5839435 1.3238901 -0.1757061 0.7447163 -0.6266375 0.1478188
27804.153000 2.9696483 -2.5835147 1.3239156 -0.1756866 0.7446174 -0.6267646 0.1478017
27804.254000 2.9696504 -2.5834951 1.3239158 -0.1756674 0.7446209 -0.6267699 0.1477845
27804.355000 2.9697551 -2.5839071 1.3238895 -0.1756486 0.7447323 -0.6266468 0.1477674
27804.455000 2.9696638 -2.5834953 1.3239139 -0.1756291 0.7446376 -0.6267688 0.1477503
27804.553000 2.9697653 -2.5838940 1.3238884 -0.1756103 0.7447456 -0.6266497 0.1477332
27804.653000 2.9696740 -2.5834820 1.3239129 -0.1755908 0.7446508 -0.6267718 0.1477162
27804.753000 2.9696759 -2.5834620 1.3239132 -0.1755717 0.7446541 -0.6267773 0.1476991
27804.853000 2.9697804 -2.5838737 1.3238869 -0.1755528 0.7447654 -0.6266544 0.1476820
27804.953000 2.9696890 -2.5834615 1.3239114 -0.1755333 0.7446705 -0.6267766 0.1476650
27805.054000 2.9697902 -2.5838598 1.3238859 -0.1755145 0.7447784 -0.6266577 0.1476480
27805.153000 2.9696988 -2.5834475 1.3239104 -0.1754950 0.7446834 -0.6267800 0.1476310
27805.253000 2.9697999 -2.5838457 1.3238850 -0.1754762 0.7447912 -0.6266612 0.1476140
27805.353000 2.9697085 -2.5834332 1.3239095 -0.1754567 0.7446962 -0.6267835 0.1475970
27805.454000 2.9698115 -2.5838397 1.3238835 -0.1754378 0.7448061 -0.6266622 0.1475800
27805.553000 2.9698183 -2.5838412 1.3238825 -0.1754187 0.7448146 -0.6266614 0.1475631
27805.654000 2.9697228 -2.5834112 1.3239082 -0.1753992 0.7447152 -0.6267890 0.1475461
27805.753000 2.9697243 -2.5833906 1.3239085 -0.1753800 0.7447182 -0.6267948 0.1475292
27805.853000 2.9697290 -2.5833831 1.3239081 -0.1753608 0.7447245 -0.6267968 0.1475123
27805.953000 2.9697336 -2.5833755 1.3239077 -0.1753416 0.7447307 -0.6267987 0.1474954
27806.053000 2.9698364 -2.5837824 1.3238817 -0.1753229 0.7448405 -0.6266774 0.1474787
27806.155000 2.9698460 -2.5837960 1.3238800 -0.1753036 0.7448520 -0.6266731 0.1474616
27806.253000 2.9697504 -2.5833656 1.3239057 -0.1752841 0.7447525 -0.6268008 0.1474447
27806.353000 2.9697518 -2.5833446 1.3239061 -0.1752649 0.7447553 -0.6268068 0.1474279
27806.453000 2.9697563 -2.5833368 1.3239057 -0.1752458 0.7447614 -0.6268089 0.1474110
27806.553000 2.9698618 -2.5837559 1.3238790 -0.1752269 0.7448742 -0.6266840 0.1473942
27806.653000 2.9698683 -2.5837567 1.3238780 -0.1752077 0.7448825 -0.6266836 0.1473774
27806.753000 2.9697747 -2.5833345 1.3239032 -0.1751882 0.7447849 -0.6268089 0.1473605
27806.854000 2.9698728 -2.5837230 1.3238784 -0.1751693 0.7448901 -0.6266932 0.1473438
27806.956000 2.9697814 -2.5833099 1.3239030 -0.1751499 0.7447947 -0.6268159 0.1473269
27807.053000 2.9697826 -2.5832885 1.3239035 -0.1751307 0.7447974 -0.6268220 0.1473101
27807.154000 2.9697869 -2.5832803 1.3239032 -0.1751115 0.7448033 -0.6268243 0.1472934
27807.255000 2.9698910 -2.5836949 1.3238767 -0.1750928 0.7449149 -0.6267008 0.1472768
27807.355000 2.9697985 -2.5832768 1.3239017 -0.1750732 0.7448183 -0.6268250 0.1472598
27807.453000 2.9697996 -2.5832553 1.3239021 -0.1750540 0.7448209 -0.6268313 0.1472431
27807.554000 2.9698038 -2.5832469 1.3239018 -0.1750348 0.7448267 -0.6268336 0.1472264
27807.653000 2.9699088 -2.5836655 1.3238751 -0.1750159 0.7449393 -0.6267090 0.1472097
27807.753000 2.9698151 -2.5832429 1.3239004 -0.1749965 0.7448415 -0.6268346 0.1471929
27807.854000 2.9698162 -2.5832215 1.3239009 -0.1749775 0.7448440 -0.6268408 0.1471764
27807.953000 2.9698203 -2.5832128 1.3239006 -0.1749581 0.7448498 -0.6268433 0.1471595
27808.054000 2.9698244 -2.5832041 1.3239003 -0.1749389 0.7448555 -0.6268458 0.1471428
27808.153000 2.9699291 -2.5836225 1.3238736 -0.1749200 0.7449680 -0.6267212 0.1471263
27808.253000 2.9698355 -2.5831996 1.3238989 -0.1749006 0.7448701 -0.6268469 0.1471095
27808.356000 2.9698365 -2.5831779 1.3238994 -0.1748814 0.7448726 -0.6268533 0.1470928
27808.453000 2.9699391 -2.5835877 1.3238733 -0.1748625 0.7449829 -0.6267313 0.1470763
27808.554000 2.9699471 -2.5835961 1.3238719 -0.1748433 0.7449928 -0.6267288 0.1470597
27808.654000 2.9698515 -2.5831646 1.3238978 -0.1748240 0.7448927 -0.6268571 0.1470429
27808.755000 2.9698523 -2.5831424 1.3238983 -0.1748048 0.7448950 -0.6268636 0.1470263
27808.853000 2.9698562 -2.5831334 1.3238980 -0.1747856 0.7449006 -0.6268662 0.1470097
27808.953000 2.9698601 -2.5831244 1.3238978 -0.1747665 0.7449061 -0.6268689 0.1469931
27809.053000 2.9699625 -2.5835340 1.3238717 -0.1747475 0.7450163 -0.6267470 0.1469766
27809.153000 2.9698709 -2.5831195 1.3238965 -0.1747282 0.7449205 -0.6268703 0.1469599
27809.254000 2.9698716 -2.5830972 1.3238970 -0.1747090 0.7449227 -0.6268769 0.1469434
27809.353000 2.9699739 -2.5835067 1.3238709 -0.1746901 0.7450328 -0.6267551 0.1469269
27809.454000 2.9699817 -2.5835148 1.3238696 -0.1746709 0.7450426 -0.6267527 0.1469104
27809.553000 2.9699854 -2.5835057 1.3238694 -0.1746519 0.7450480 -0.6267554 0.1468940
27809.654000 2.9698899 -2.5830737 1.3238952 -0.1746324 0.7449478 -0.6268838 0.1468772
27809.754000 2.9698905 -2.5830510 1.3238958 -0.1746133 0.7449499 -0.6268906 0.1468606
27809.853000 2.9698943 -2.5830417 1.3238956 -0.1745941 0.7449553 -0.6268934 0.1468441
27809.953000 2.9699963 -2.5834511 1.3238695 -0.1745752 0.7450654 -0.6267717 0.1468278
27810.053000 2.9700040 -2.5834589 1.3238682 -0.1745560 0.7450750 -0.6267693 0.1468113
27810.153000 2.9699084 -2.5830268 1.3238941 -0.1745367 0.7449747 -0.6268979 0.1467946
27810.253000 2.9699090 -2.5830041 1.3238947 -0.1745176 0.7449767 -0.6269047 0.1467781
27810.353000 2.9699126 -2.5829946 1.3238945 -0.1744984 0.7449821 -0.6269075 0.1467617
27810.453000 2.9699163 -2.5829851 1.3238943 -0.1744793 0.7449874 -0.6269104 0.1467452
27810.553000 2.9700190 -2.5833986 1.3238680 -0.1744606 0.7450984 -0.6267875 0.1467291
27810.654000 2.9700257 -2.5834020 1.3238670 -0.1744413 0.7451069 -0.6267865 0.1467125
27810.755000 2.9699302 -2.5829696 1.3238929 -0.1744220 0.7450065 -0.6269151 0.1466958
27810.853000 2.9699306 -2.5829467 1.3238935 -0.1744028 0.7450085 -0.6269220 0.1466794
27810.953000 2.9700313 -2.5833518 1.3238677 -0.1743841 0.7451173 -0.6268016 0.1466633
27811.055000 2.9700399 -2.5833634 1.3238662 -0.1743648 0.7451279 -0.6267982 0.1466467
27811.153000 2.9699444 -2.5829309 1.3238922 -0.1743455 0.7450275 -0.6269269 0.1466301
27811.253000 2.9700448 -2.5833352 1.3238664 -0.1743265 0.7451361 -0.6268068 0.1466139
27811.355000 2.9699513 -2.5829111 1.3238918 -0.1743073 0.7450378 -0.6269329 0.1465973
27811.453000 2.9699518 -2.5828884 1.3238925 -0.1742882 0.7450397 -0.6269398 0.1465809
27811.554000 2.9700531 -2.5832970 1.3238664 -0.1742692 0.7451495 -0.6268184 0.1465647
27811.653000 2.9699618 -2.5828820 1.3238913 -0.1742500 0.7450533 -0.6269419 0.1465482
27811.753000 2.9700601 -2.5832777 1.3238661 -0.1742310 0.7451598 -0.6268243 0.1465320
27811.854000 2.9699687 -2.5828622 1.3238910 -0.1742118 0.7450636 -0.6269479 0.1465155
27811.953000 2.9699691 -2.5828391 1.3238916 -0.1741927 0.7450654 -0.6269549 0.1464991
27812.053000 2.9699725 -2.5828292 1.3238915 -0.1741736 0.7450705 -0.6269580 0.1464827
27812.153000 2.9699759 -2.5828192 1.3238913 -0.1741546 0.7450756 -0.6269610 0.1464664
27812.253000 2.9700771 -2.5832280 1.3238653 -0.1741356 0.7451853 -0.6268396 0.1464503
27812.353000 2.9700845 -2.5832353 1.3238641 -0.1741166 0.7451947 -0.6268376 0.1464340
27812.453000 2.9700878 -2.5832253 1.3238639 -0.1740975 0.7451998 -0.6268407 0.1464177
27812.554000 2.9700911 -2.5832153 1.3238638 -0.1740786 0.7452048 -0.6268437 0.1464015
27812.655000 2.9700944 -2.5832053 1.3238636 -0.1740595 0.7452098 -0.6268468 0.1463852
27812.755000 2.9699991 -2.5827721 1.3238896 -0.1740402 0.7451092 -0.6269757 0.1463685
27812.856000 2.9699994 -2.5827489 1.3238903 -0.1740211 0.7451109 -0.6269828 0.1463522
27812.954000 2.9701004 -2.5831576 1.3238643 -0.1740022 0.7452206 -0.6268614 0.1463362
27813.053000 2.9701077 -2.5831647 1.3238631 -0.1739831 0.7452299 -0.6268594 0.1463200
27813.153000 2.9700124 -2.5827316 1.3238891 -0.1739640 0.7451292 -0.6269883 0.1463034
27813.253000 2.9700126 -2.5827082 1.3238898 -0.1739449 0.7451309 -0.6269954 0.1462872
27813.354000 2.9701134 -2.5831169 1.3238637 -0.1739260 0.7452405 -0.6268740 0.1462712
27813.455000 2.9700222 -2.5827010 1.3238887 -0.1739069 0.7451441 -0.6269978 0.1462547
27813.553000 2.9700224 -2.5826776 1.3238894 -0.1738878 0.7451457 -0.6270049 0.1462384
27813.654000 2.9700256 -2.5826673 1.3238893 -0.1738688 0.7451507 -0.6270081 0.1462222
27813.753000 2.9701264 -2.5830759 1.3238632 -0.1738499 0.7452603 -0.6268868 0.1462062
27813.855000 2.9701336 -2.5830829 1.3238621 -0.1738308 0.7452695 -0.6268849 0.1461900
27813.954000 2.9700384 -2.5826496 1.3238881 -0.1738118 0.7451687 -0.6270138 0.1461735
27814.053000 2.9701360 -2.5830450 1.3238629 -0.1737928 0.7452750 -0.6268965 0.1461576
27814.154000 2.9701431 -2.5830520 1.3238617 -0.1737740 0.7452842 -0.6268945 0.1461416
27814.253000 2.9701463 -2.5830416 1.3238616 -0.1737548 0.7452891 -0.6268978 0.1461252
27814.353000 2.9700512 -2.5826082 1.3238876 -0.1737357 0.7451883 -0.6270268 0.1461088
27814.454000 2.9700513 -2.5825846 1.3238883 -0.1737167 0.7451898 -0.6270339 0.1460926
27814.553000 2.9700545 -2.5825742 1.3238882 -0.1736977 0.7451947 -0.6270372 0.1460764
27814.653000 2.9700577 -2.5825637 1.3238881 -0.1736788 0.7451995 -0.6270405 0.1460602
27814.753000 2.9701600 -2.5829807 1.3238616 -0.1736598 0.7453112 -0.6269167 0.1460444
27814.855000 2.9700707 -2.5825719 1.3238861 -0.1736408 0.7452165 -0.6270384 0.1460279
27814.954000 2.9701642 -2.5829506 1.3238620 -0.1736219 0.7453185 -0.6269260 0.1460121
27815.054000 2.9700743 -2.5825394 1.3238867 -0.1736030 0.7452232 -0.6270483 0.1459958
27815.155000 2.9700734 -2.5825114 1.3238876 -0.1735839 0.7452237 -0.6270569 0.1459795
27815.256000 2.9701736 -2.5829198 1.3238616 -0.1735650 0.7453331 -0.6269357 0.1459637
27815.354000 2.9701807 -2.5829266 1.3238605 -0.1735460 0.7453422 -0.6269338 0.1459476
27815.453000 2.9701838 -2.5829160 1.3238604 -0.1735270 0.7453470 -0.6269371 0.1459315
27815.555000 2.9700889 -2.5824825 1.3238864 -0.1735081 0.7452461 -0.6270662 0.1459150
27815.655000 2.9701860 -2.5828776 1.3238613 -0.1734891 0.7453523 -0.6269489 0.1458993
27815.753000 2.9701930 -2.5828843 1.3238601 -0.1734702 0.7453613 -0.6269471 0.1458832
27815.855000 2.9700981 -2.5824507 1.3238862 -0.1734512 0.7452604 -0.6270761 0.1458667
27815.953000 2.9700981 -2.5824269 1.3238869 -0.1734323 0.7452619 -0.6270834 0.1458507
27816.054000 2.9701012 -2.5824162 1.3238868 -0.1734134 0.7452666 -0.6270867 0.1458346
27816.155000 2.9702012 -2.5828246 1.3238609 -0.1733945 0.7453760 -0.6269656 0.1458188
27816.253000 2.9701104 -2.5824082 1.3238859 -0.1733755 0.7452794 -0.6270895 0.1458024
27816.353000 2.9701103 -2.5823843 1.3238866 -0.1733566 0.7452808 -0.6270968 0.1457864
27816.455000 2.9702103 -2.5827926 1.3238606 -0.1733377 0.7453902 -0.6269756 0.1457707
27816.553000 2.9701195 -2.5823762 1.3238856 -0.1733188 0.7452935 -0.6270996 0.1457543
27816.653000 2.9701194 -2.5823523 1.3238864 -0.1732999 0.7452949 -0.6271068 0.1457382
27816.753000 2.9701225 -2.5823416 1.3238863 -0.1732810 0.7452996 -0.6271102 0.1457222
27816.853000 2.9701255 -2.5823308 1.3238862 -0.1732621 0.7453043 -0.6271136 0.1457062
27816.953000 2.9702252 -2.5827388 1.3238603 -0.1732432 0.7454136 -0.6269926 0.1456905
27817.055000 2.9702323 -2.5827457 1.3238591 -0.1732243 0.7454227 -0.6269907 0.1456745
27817.153000 2.9702352 -2.5827350 1.3238590 -0.1732054 0.7454273 -0.6269941 0.1456585
27817.254000 2.9701405 -2.5823008 1.3238851 -0.1731866 0.7453262 -0.6271233 0.1456421
27817.354000 2.9701405 -2.5822771 1.3238859 -0.1731677 0.7453277 -0.6271305 0.1456261
27817.453000 2.9701435 -2.5822663 1.3238858 -0.1731488 0.7453323 -0.6271339 0.1456101
27817.554000 2.9701464 -2.5822555 1.3238857 -0.1731300 0.7453370 -0.6271373 0.1455941
27817.653000 2.9701494 -2.5822447 1.3238857 -0.1731111 0.7453416 -0.6271407 0.1455781
27817.753000 2.9702490 -2.5826530 1.3238597 -0.1730922 0.7454509 -0.6270196 0.1455626
27817.855000 2.9702559 -2.5826595 1.3238586 -0.1730734 0.7454599 -0.6270179 0.1455466
27817.953000 2.9702588 -2.5826488 1.3238585 -0.1730547 0.7454644 -0.6270212 0.1455308
27818.053000 2.9702618 -2.5826378 1.3238584 -0.1730357 0.7454691 -0.6270247 0.1455147
27818.153000 2.9701673 -2.5822038 1.3238845 -0.1730169 0.7453680 -0.6271538 0.1454983
27818.253000 2.9702656 -2.5826073 1.3238589 -0.1729980 0.7454761 -0.6270341 0.1454828
27818.353000 2.9701731 -2.5821818 1.3238844 -0.1729792 0.7453772 -0.6271607 0.1454664
27818.454000 2.9702695 -2.5825771 1.3238593 -0.1729604 0.7454832 -0.6270435 0.1454509
27818.553000 2.9701790 -2.5821603 1.3238843 -0.1729416 0.7453864 -0.6271675 0.1454346
27818.655000 2.9702773 -2.5825638 1.3238586 -0.1729228 0.7454945 -0.6270478 0.1454190
27818.754000 2.9701848 -2.5821383 1.3238842 -0.1729040 0.7453955 -0.6271744 0.1454027
27818.853000 2.9701847 -2.5821144 1.3238850 -0.1728852 0.7453969 -0.6271817 0.1453868
27818.953000 2.9702840 -2.5825227 1.3238590 -0.1728663 0.7455061 -0.6270606 0.1453713
27819.053000 2.9701936 -2.5821058 1.3238840 -0.1728476 0.7454093 -0.6271847 0.1453550
27819.153000 2.9701935 -2.5820817 1.3238848 -0.1728288 0.7454106 -0.6271920 0.1453391
27819.254000 2.9702917 -2.5824859 1.3238591 -0.1728102 0.7455187 -0.6270721 0.1453238
27819.353000 2.9702023 -2.5820732 1.3238839 -0.1727913 0.7454230 -0.6271949 0.1453073
27819.453000 2.9702022 -2.5820488 1.3238847 -0.1727725 0.7454242 -0.6272024 0.1452914
27819.555000 2.9703013 -2.5824570 1.3238587 -0.1727537 0.7455334 -0.6270813 0.1452760
27819.653000 2.9702110 -2.5820401 1.3238837 -0.1727350 0.7454366 -0.6272053 0.1452597
27819.753000 2.9702108 -2.5820159 1.3238845 -0.1727162 0.7454378 -0.6272127 0.1452438
27819.853000 2.9702137 -2.5820050 1.3238845 -0.1726975 0.7454424 -0.6272162 0.1452279
27819.954000 2.9703127 -2.5824132 1.3238585 -0.1726786 0.7455516 -0.6270951 0.1452125
27820.055000 2.9703196 -2.5824195 1.3238574 -0.1726599 0.7455604 -0.6270934 0.1451967
