29190.848000 0.0926837 -0.0123592 1.3240460 0.5405995 -0.5405672 0.4558614 -0.4557737
29190.848000 0.0926837 -0.0123592 1.3240460 0.5405995 -0.5405672 0.4558614 -0.4557737
29190.928000 0.0927429 -0.0124569 1.3240440 -0.5406384 0.5406692 -0.4557726 0.4556953
29191.028000 0.0927890 -0.0124539 1.3240401 0.5406572 -0.5406567 0.4557552 -0.4557053
29191.128000 0.0923915 -0.0123555 1.3240629 0.5406185 -0.5405525 0.4558448 -0.4557852
29191.228000 0.0924110 -0.0123479 1.3240605 0.5406375 -0.5405372 0.4558289 -0.4557968
29191.328000 0.0924376 -0.0123424 1.3240577 0.5406583 -0.5405246 0.4558099 -0.4558060
29191.428000 0.0928776 -0.0124265 1.3240300 0.5407359 -0.5405995 0.4556869 -0.4557481
29191.529000 0.0929234 -0.0124256 1.3240261 0.5407608 -0.5405924 0.4556612 -0.4557527
29191.628000 0.0929463 -0.0124199 1.3240235 0.5407831 -0.5405810 0.4556405 -0.4557604
29191.728000 0.0929683 -0.0124142 1.3240211 0.5408056 -0.5405699 0.4556195 -0.4557678
29191.828000 0.0929895 -0.0124085 1.3240187 0.5408283 -0.5405588 0.4555984 -0.4557751
29191.928000 0.0925823 -0.0123104 1.3240421 0.5407934 -0.5404581 0.4556835 -0.4558510
29192.028000 0.0930171 -0.0123943 1.3240148 0.5408720 -0.5405343 0.4555592 -0.4557916
29192.128000 0.0930494 -0.0123915 1.3240117 0.5408966 -0.5405261 0.4555347 -0.4557966
29192.228000 0.0930683 -0.0123858 1.3240095 0.5409193 -0.5405152 0.4555135 -0.4558038
29192.328000 0.0930866 -0.0123801 1.3240073 0.5409420 -0.5405042 0.4554924 -0.4558110
29192.428000 0.0926849 -0.0122839 1.3240306 0.5409081 -0.5404051 0.4555754 -0.4558857
29192.528000 0.0931078 -0.0123658 1.3240040 0.5409853 -0.5404791 0.4554537 -0.4558280
29192.628000 0.0931361 -0.0123630 1.3240013 0.5410091 -0.5404703 0.4554301 -0.4558338
29192.728000 0.0931443 -0.0123573 1.3240001 0.5410296 -0.5404571 0.4554115 -0.4558437
29192.828000 0.0927617 -0.0122612 1.3240215 0.5410002 -0.5403625 0.4554892 -0.4559130
29192.928000 0.0931814 -0.0123430 1.3239952 0.5410767 -0.5404358 0.4553684 -0.4558561
29193.028000 0.0932095 -0.0123402 1.3239925 0.5411005 -0.5404270 0.4553447 -0.4558620
29193.128000 0.0932246 -0.0123345 1.3239907 0.5411226 -0.5404154 0.4553242 -0.4558699
29193.228000 0.0932396 -0.0123288 1.3239888 0.5411447 -0.5404038 0.4553038 -0.4558778
29193.328000 0.0928267 -0.0122310 1.3240129 0.5411091 -0.5403024 0.4553896 -0.4559546
29193.429000 0.0932560 -0.0123146 1.3239859 0.5411869 -0.5403776 0.4552664 -0.4558960
29193.528000 0.0932833 -0.0123117 1.3239833 0.5412106 -0.5403686 0.4552430 -0.4559021
29193.628000 0.0932973 -0.0123059 1.3239816 0.5412324 -0.5403567 0.4552229 -0.4559104
29193.728000 0.0928876 -0.0122093 1.3240055 0.5411968 -0.5402561 0.4553081 -0.4559867
29193.828000 0.0933115 -0.0122917 1.3239789 0.5412740 -0.5403300 0.4551862 -0.4559293
29193.928000 0.0933378 -0.0122889 1.3239764 0.5412972 -0.5403208 0.4551633 -0.4559356
29194.028000 0.0933507 -0.0122831 1.3239748 0.5413188 -0.5403084 0.4551434 -0.4559443
29194.128000 0.0933634 -0.0122774 1.3239731 0.5413403 -0.5402962 0.4551237 -0.4559530
29194.228000 0.0933759 -0.0122717 1.3239715 0.5413616 -0.5402839 0.4551041 -0.4559618
29194.328000 0.0933881 -0.0122659 1.3239699 0.5413829 -0.5402715 0.4550846 -0.4559707
29194.428000 0.0934000 -0.0122602 1.3239684 0.5414042 -0.5402590 0.4550652 -0.4559796
29194.529000 0.0934117 -0.0122545 1.3239668 0.5414253 -0.5402465 0.4550459 -0.4559886
29194.628000 0.0930042 -0.0121590 1.3239908 0.5413899 -0.5401461 0.4551306 -0.4560651
29194.728000 0.0929978 -0.0121495 1.3239904 0.5414086 -0.5401297 0.4551158 -0.4560771
29194.828000 0.0930087 -0.0121438 1.3239889 0.5414295 -0.5401170 0.4550967 -0.4560864
29194.928000 0.0934431 -0.0122289 1.3239617 0.5415075 -0.5401930 0.4549725 -0.4560276
29195.028000 0.0934665 -0.0122259 1.3239595 0.5415301 -0.5401828 0.4549504 -0.4560349
29195.128000 0.0930491 -0.0121286 1.3239841 0.5414932 -0.5400802 0.4550376 -0.4561132
29195.228000 0.0934739 -0.0122117 1.3239575 0.5415698 -0.5401542 0.4549159 -0.4560561
29195.328000 0.0934967 -0.0122087 1.3239553 0.5415922 -0.5401438 0.4548940 -0.4560636
29195.428000 0.0935063 -0.0122030 1.3239540 0.5416127 -0.5401307 0.4548753 -0.4560734
29195.528000 0.0935157 -0.0121973 1.3239527 0.5416332 -0.5401175 0.4548568 -0.4560831
29195.629000 0.0935249 -0.0121916 1.3239514 0.5416537 -0.5401043 0.4548383 -0.4560930
29195.728000 0.0935339 -0.0121858 1.3239501 0.5416741 -0.5400910 0.4548198 -0.4561029
29195.828000 0.0931234 -0.0120906 1.3239744 0.5416379 -0.5399898 0.4549054 -0.4561803
29195.928000 0.0935381 -0.0121716 1.3239484 0.5417129 -0.5400614 0.4547864 -0.4561250
29196.029000 0.0931404 -0.0120792 1.3239720 0.5416784 -0.5399629 0.4548689 -0.4562005
29196.128000 0.0935547 -0.0121601 1.3239460 0.5417533 -0.5400344 0.4547500 -0.4561453
29196.228000 0.0935759 -0.0121572 1.3239440 0.5417753 -0.5400236 0.4547286 -0.4561534
29196.328000 0.0935837 -0.0121515 1.3239429 0.5417953 -0.5400100 0.4547105 -0.4561637
29196.428000 0.0935914 -0.0121458 1.3239417 0.5418153 -0.5399963 0.4546925 -0.4561741
29196.528000 0.0935988 -0.0121400 1.3239406 0.5418353 -0.5399826 0.4546746 -0.4561845
29196.628000 0.0931868 -0.0120450 1.3239651 0.5417987 -0.5398810 0.4547607 -0.4562625
29196.729000 0.0931767 -0.0120356 1.3239651 0.5418162 -0.5398635 0.4547471 -0.4562758
29196.828000 0.0936031 -0.0121193 1.3239384 0.5418924 -0.5399377 0.4546255 -0.4562188
29196.928000 0.0932120 -0.0120289 1.3239616 0.5418585 -0.5398404 0.4547065 -0.4562934
29197.028000 0.0931969 -0.0120185 1.3239619 0.5418755 -0.5398218 0.4546940 -0.4563078
29197.128000 0.0932034 -0.0120128 1.3239609 0.5418952 -0.5398077 0.4546764 -0.4563185
29197.228000 0.0936330 -0.0120971 1.3239341 0.5419719 -0.5398823 0.4545539 -0.4562612
29197.328000 0.0936523 -0.0120942 1.3239323 0.5419933 -0.5398709 0.4545331 -0.4562699
29197.428000 0.0936583 -0.0120885 1.3239313 0.5420127 -0.5398569 0.4545158 -0.4562807
29197.528000 0.0936641 -0.0120828 1.3239303 0.5420322 -0.5398427 0.4544984 -0.4562917
29197.628000 0.0932548 -0.0119890 1.3239547 0.5419956 -0.5397416 0.4545840 -0.4563695
29197.728000 0.0936618 -0.0120685 1.3239293 0.5420694 -0.5398112 0.4544670 -0.4563161
29197.828000 0.0936806 -0.0120656 1.3239276 0.5420906 -0.5397997 0.4544464 -0.4563250
29197.928000 0.0932580 -0.0119691 1.3239528 0.5420522 -0.5396958 0.4545353 -0.4564051
29198.028000 0.0936821 -0.0120522 1.3239263 0.5421282 -0.5397689 0.4544141 -0.4563490
29198.128000 0.0936957 -0.0120484 1.3239249 0.5421485 -0.5397564 0.4543950 -0.4563587
29198.228000 0.0932813 -0.0119538 1.3239497 0.5421111 -0.5396542 0.4544818 -0.4564375
29198.328000 0.0932686 -0.0119444 1.3239499 0.5421279 -0.5396360 0.4544691 -0.4564516
29198.429000 0.0936965 -0.0120284 1.3239232 0.5422042 -0.5397100 0.4543472 -0.4563949
29198.528000 0.0932948 -0.0119367 1.3239472 0.5421685 -0.5396104 0.4544309 -0.4564717
29198.628000 0.0937051 -0.0120170 1.3239216 0.5422424 -0.5396808 0.4543134 -0.4564178
29198.728000 0.0937225 -0.0120140 1.3239200 0.5422632 -0.5396688 0.4542933 -0.4564272
29198.828000 0.0933072 -0.0119196 1.3239448 0.5422256 -0.5395664 0.4543804 -0.4565063
29198.928000 0.0937171 -0.0119998 1.3239192 0.5422994 -0.5396366 0.4542630 -0.4564525
29199.028000 0.0937341 -0.0119969 1.3239177 0.5423201 -0.5396246 0.4542430 -0.4564620
29199.128000 0.0933185 -0.0119025 1.3239426 0.5422824 -0.5395220 0.4543302 -0.4565412
29199.228000 0.0937280 -0.0119826 1.3239170 0.5423561 -0.5395921 0.4542129 -0.4564875
29199.329000 0.0937447 -0.0119797 1.3239155 0.5423767 -0.5395800 0.4541931 -0.4564972
29199.428000 0.0937480 -0.0119740 1.3239148 0.5423955 -0.5395650 0.4541765 -0.4565090
29199.528000 0.0933318 -0.0118797 1.3239397 0.5423576 -0.5394623 0.4542639 -0.4565884
29199.628000 0.0937410 -0.0119597 1.3239142 0.5424312 -0.5395323 0.4541467 -0.4565348
29199.728000 0.0933249 -0.0118655 1.3239392 0.5423935 -0.5394295 0.4542339 -0.4566144
29199.829000 0.0933234 -0.0118590 1.3239388 0.5424114 -0.5394137 0.4542187 -0.4566269
29199.928000 0.0933262 -0.0118533 1.3239381 0.5424300 -0.5393986 0.4542024 -0.4566389
29200.028000 0.0933289 -0.0118476 1.3239375 0.5424485 -0.5393836 0.4541861 -0.4566507
29200.128000 0.0937549 -0.0119311 1.3239109 0.5425244 -0.5394569 0.4540647 -0.4565947
29200.228000 0.0937704 -0.0119282 1.3239095 0.5425448 -0.5394445 0.4540452 -0.4566047
29200.328000 0.0933534 -0.0118341 1.3239346 0.5425067 -0.5393415 0.4541328 -0.4566844
29200.428000 0.0937618 -0.0119139 1.3239091 0.5425800 -0.5394112 0.4540160 -0.4566311
29200.528000 0.0937772 -0.0119110 1.3239077 0.5426003 -0.5393987 0.4539965 -0.4566411
29200.628000 0.0937792 -0.0119053 1.3239071 0.5426187 -0.5393835 0.4539803 -0.4566533
29200.728000 0.0933619 -0.0118114 1.3239322 0.5425805 -0.5392805 0.4540681 -0.4567331
29200.828000 0.0937698 -0.0118911 1.3239068 0.5426538 -0.5393500 0.4539514 -0.4566800
29200.928000 0.0937849 -0.0118881 1.3239054 0.5426739 -0.5393374 0.4539320 -0.4566901
29201.028000 0.0937866 -0.0118824 1.3239049 0.5426923 -0.5393220 0.4539160 -0.4567025
29201.128000 0.0933604 -0.0117868 1.3239305 0.5426528 -0.5392172 0.4540059 -0.4567838
29201.228000 0.0937767 -0.0118683 1.3239046 0.5427272 -0.5392885 0.4538872 -0.4567293
29201.328000 0.0937911 -0.0118653 1.3239033 0.5427472 -0.5392757 0.4538680 -0.4567396
29201.428000 0.0933647 -0.0117698 1.3239290 0.5427076 -0.5391708 0.4539580 -0.4568210
29201.528000 0.0933571 -0.0117622 1.3239290 0.5427247 -0.5391534 0.4539443 -0.4568349
29201.628000 0.0937818 -0.0118453 1.3239026 0.5428001 -0.5392264 0.4538235 -0.4567792
29201.728000 0.0937961 -0.0118424 1.3239013 0.5428201 -0.5392136 0.4538044 -0.4567895
29201.828000 0.0937972 -0.0118367 1.3239008 0.5428382 -0.5391980 0.4537885 -0.4568021
29201.928000 0.0937981 -0.0118310 1.3239003 0.5428564 -0.5391824 0.4537727 -0.4568147
29202.028000 0.0937990 -0.0118253 1.3238998 0.5428745 -0.5391668 0.4537569 -0.4568273
29202.128000 0.0937998 -0.0118196 1.3238994 0.5428926 -0.5391511 0.4537411 -0.4568399
29202.228000 0.0933812 -0.0117260 1.3239246 0.5428540 -0.5390478 0.4538292 -0.4569202
29202.328000 0.0937880 -0.0118054 1.3238993 0.5429270 -0.5391170 0.4537130 -0.4568673
29202.428000 0.0933825 -0.0117147 1.3239237 0.5428901 -0.5390164 0.4537978 -0.4569455
29202.528000 0.0937892 -0.0117939 1.3238984 0.5429630 -0.5390855 0.4536816 -0.4568928
29202.628000 0.0938029 -0.0117910 1.3238972 0.5429828 -0.5390725 0.4536627 -0.4569034
29202.728000 0.0938033 -0.0117853 1.3238968 0.5430008 -0.5390567 0.4536470 -0.4569161
29202.828000 0.0938036 -0.0117796 1.3238964 0.5430188 -0.5390409 0.4536314 -0.4569289
29202.928000 0.0938039 -0.0117739 1.3238960 0.5430367 -0.5390251 0.4536158 -0.4569417
29203.028000 0.0938041 -0.0117682 1.3238956 0.5430546 -0.5390093 0.4536002 -0.4569545
29203.128000 0.0933848 -0.0116749 1.3239209 0.5430159 -0.5389058 0.4536885 -0.4570350
29203.228000 0.0937911 -0.0117540 1.3238956 0.5430887 -0.5389748 0.4535724 -0.4569824
29203.328000 0.0938043 -0.0117510 1.3238944 0.5431083 -0.5389617 0.4535537 -0.4569931
29203.428000 0.0938043 -0.0117453 1.3238940 0.5431262 -0.5389458 0.4535382 -0.4570061
29203.528000 0.0933806 -0.0116514 1.3239196 0.5430866 -0.5388415 0.4536277 -0.4570872
29203.628000 0.0937910 -0.0117312 1.3238941 0.5431601 -0.5389112 0.4535105 -0.4570340
29203.728000 0.0933759 -0.0116391 1.3239192 0.5431218 -0.5388085 0.4535977 -0.4571139
29203.828000 0.0933669 -0.0116316 1.3239194 0.5431383 -0.5387909 0.4535846 -0.4571282
29203.928000 0.0933665 -0.0116259 1.3239190 0.5431562 -0.5387747 0.4535691 -0.4571414
29204.028000 0.0933661 -0.0116202 1.3239187 0.5431740 -0.5387587 0.4535537 -0.4571544
29204.128000 0.0933657 -0.0116145 1.3239183 0.5431917 -0.5387427 0.4535383 -0.4571674
29204.228000 0.0937887 -0.0116970 1.3238921 0.5432667 -0.5388151 0.4534181 -0.4571121
29204.328000 0.0938014 -0.0116940 1.3238909 0.5432862 -0.5388018 0.4533995 -0.4571231
29204.428000 0.0933772 -0.0116003 1.3239166 0.5432465 -0.5386974 0.4534892 -0.4572044
29204.528000 0.0933635 -0.0115918 1.3239171 0.5432626 -0.5386785 0.4534770 -0.4572198
29204.628000 0.0933628 -0.0115862 1.3239168 0.5432802 -0.5386624 0.4534617 -0.4572329
29204.728000 0.0937856 -0.0116685 1.3238905 0.5433552 -0.5387347 0.4533416 -0.4571777
29204.828000 0.0937980 -0.0116655 1.3238894 0.5433746 -0.5387213 0.4533231 -0.4571887
29204.928000 0.0933692 -0.0115710 1.3239153 0.5433344 -0.5386158 0.4534137 -0.4572710
29205.028000 0.0937833 -0.0116514 1.3238896 0.5434082 -0.5386863 0.4532958 -0.4572172
29205.128000 0.0937954 -0.0116484 1.3238885 0.5434275 -0.5386728 0.4532774 -0.4572283
29205.228000 0.0937944 -0.0116428 1.3238882 0.5434451 -0.5386566 0.4532622 -0.4572415
29205.329000 0.0937934 -0.0116371 1.3238880 0.5434627 -0.5386404 0.4532470 -0.4572547
29205.428000 0.0937924 -0.0116314 1.3238877 0.5434803 -0.5386242 0.4532319 -0.4572680
29205.528000 0.0933718 -0.0115388 1.3239131 0.5434411 -0.5385204 0.4533205 -0.4573490
29205.628000 0.0937769 -0.0116172 1.3238880 0.5435136 -0.5385890 0.4532048 -0.4572967
29205.728000 0.0933653 -0.0115266 1.3239129 0.5434755 -0.5384872 0.4532914 -0.4573761
29205.828000 0.0937747 -0.0116059 1.3238874 0.5435487 -0.5385565 0.4531745 -0.4573232
29205.928000 0.0933628 -0.0115153 1.3239124 0.5435105 -0.5384547 0.4532611 -0.4574027
29206.028000 0.0937721 -0.0115945 1.3238869 0.5435837 -0.5385239 0.4531443 -0.4573499
29206.128000 0.0937839 -0.0115915 1.3238859 0.5436030 -0.5385103 0.4531260 -0.4573611
29206.228000 0.0937825 -0.0115858 1.3238857 0.5436205 -0.5384940 0.4531109 -0.4573745
29206.328000 0.0937811 -0.0115802 1.3238854 0.5436380 -0.5384777 0.4530959 -0.4573878
29206.428000 0.0937796 -0.0115745 1.3238852 0.5436554 -0.5384614 0.4530808 -0.4574012
29206.528000 0.0937782 -0.0115688 1.3238850 0.5436729 -0.5384450 0.4530658 -0.4574146
29206.628000 0.0933571 -0.0114765 1.3239105 0.5436336 -0.5383411 0.4531545 -0.4574958
29206.728000 0.0937618 -0.0115547 1.3238853 0.5437060 -0.5384095 0.4530390 -0.4574436
29206.828000 0.0937735 -0.0115517 1.3238843 0.5437252 -0.5383959 0.4530208 -0.4574549
29206.928000 0.0933438 -0.0114578 1.3239103 0.5436847 -0.5382902 0.4531116 -0.4575375
29207.028000 0.0933333 -0.0114503 1.3239107 0.5437009 -0.5382719 0.4530988 -0.4575524
29207.128000 0.0933317 -0.0114446 1.3239105 0.5437183 -0.5382555 0.4530838 -0.4575658
29207.228000 0.0937536 -0.0115263 1.3238843 0.5437930 -0.5383275 0.4529641 -0.4575108
29207.328000 0.0937650 -0.0115233 1.3238833 0.5438122 -0.5383138 0.4529459 -0.4575222
29207.428000 0.0937633 -0.0115177 1.3238831 0.5438296 -0.5382974 0.4529309 -0.4575357
29207.528000 0.0937614 -0.0115120 1.3238829 0.5438469 -0.5382809 0.4529160 -0.4575492
29207.628000 0.0937596 -0.0115063 1.3238827 0.5438643 -0.5382645 0.4529011 -0.4575627
29207.728000 0.0937578 -0.0115007 1.3238825 0.5438815 -0.5382481 0.4528863 -0.4575761
29207.829000 0.0937558 -0.0114949 1.3238823 0.5438990 -0.5382315 0.4528713 -0.4575898
29207.928000 0.0933343 -0.0114030 1.3239079 0.5438595 -0.5381275 0.4529601 -0.4576711
29208.028000 0.0933150 -0.0113938 1.3239088 0.5438745 -0.5381074 0.4529494 -0.4576875
29208.128000 0.0937367 -0.0114752 1.3238826 0.5439491 -0.5381792 0.4528298 -0.4576326
29208.228000 0.0933198 -0.0113843 1.3239079 0.5439103 -0.5380762 0.4529175 -0.4577132
29208.328000 0.0937329 -0.0114639 1.3238822 0.5439838 -0.5381462 0.4528000 -0.4576597
29208.428000 0.0937438 -0.0114609 1.3238813 0.5440028 -0.5381324 0.4527820 -0.4576712
29208.528000 0.0937417 -0.0114552 1.3238811 0.5440201 -0.5381159 0.4527671 -0.4576848
29208.628000 0.0933199 -0.0113635 1.3239067 0.5439806 -0.5380118 0.4528560 -0.4577663
29208.728000 0.0933005 -0.0113543 1.3239076 0.5439955 -0.5379916 0.4528454 -0.4577827
29208.828000 0.0937223 -0.0114355 1.3238814 0.5440702 -0.5380635 0.4527258 -0.4577278
29208.928000 0.0937330 -0.0114325 1.3238805 0.5440892 -0.5380496 0.4527078 -0.4577393
29209.028000 0.0937308 -0.0114268 1.3238803 0.5441066 -0.5380328 0.4526928 -0.4577531
29209.131000 0.0933004 -0.0113335 1.3239064 0.5440657 -0.5379271 0.4527839 -0.4578358
29209.228000 0.0937092 -0.0114121 1.3238811 0.5441384 -0.5379964 0.4526677 -0.4577829
29209.328000 0.0937240 -0.0114099 1.3238799 0.5441581 -0.5379832 0.4526486 -0.4577939
29209.428000 0.0937217 -0.0114042 1.3238797 0.5441754 -0.5379666 0.4526338 -0.4578076
29209.528000 0.0932912 -0.0113109 1.3239058 0.5441346 -0.5378607 0.4527248 -0.4578905
29209.629000 0.0937040 -0.0113902 1.3238802 0.5442080 -0.5379306 0.4526074 -0.4578371
29209.728000 0.0937146 -0.0113872 1.3238793 0.5442270 -0.5379167 0.4525895 -0.4578487
29209.829000 0.0937122 -0.0113815 1.3238792 0.5442442 -0.5379000 0.4525747 -0.4578624
29209.928000 0.0937098 -0.0113759 1.3238790 0.5442614 -0.5378834 0.4525600 -0.4578761
29210.028000 0.0932876 -0.0112845 1.3239047 0.5442217 -0.5377792 0.4526489 -0.4579577
29210.128000 0.0936916 -0.0113619 1.3238796 0.5442940 -0.5378473 0.4525337 -0.4579057
29210.228000 0.0937024 -0.0113589 1.3238787 0.5443128 -0.5378335 0.4525159 -0.4579172
29210.328000 0.0932718 -0.0112659 1.3239048 0.5442721 -0.5377274 0.4526067 -0.4580003
29210.429000 0.0932603 -0.0112584 1.3239052 0.5442880 -0.5377089 0.4525942 -0.4580155
29210.528000 0.0932578 -0.0112529 1.3239051 0.5443050 -0.5376924 0.4525796 -0.4580291
29210.628000 0.0936791 -0.0113336 1.3238790 0.5443798 -0.5377638 0.4524601 -0.4579744
29210.728000 0.0932614 -0.0112433 1.3239043 0.5443407 -0.5376606 0.4525479 -0.4580553
29210.828000 0.0932500 -0.0112360 1.3239048 0.5443565 -0.5376422 0.4525355 -0.4580704
29210.928000 0.0932474 -0.0112303 1.3239046 0.5443738 -0.5376254 0.4525206 -0.4580843
29211.028000 0.0936773 -0.0113126 1.3238780 0.5444499 -0.5376984 0.4523988 -0.4580284
29211.128000 0.0936791 -0.0113080 1.3238776 0.5444673 -0.5376830 0.4523833 -0.4580412
29211.228000 0.0936765 -0.0113024 1.3238775 0.5444842 -0.5376664 0.4523688 -0.4580549
29211.328000 0.0936738 -0.0112967 1.3238774 0.5445015 -0.5376495 0.4523540 -0.4580688
29211.428000 0.0936711 -0.0112910 1.3238773 0.5445186 -0.5376327 0.4523393 -0.4580826
29211.529000 0.0932444 -0.0111992 1.3239032 0.5444781 -0.5375278 0.4524294 -0.4581649
29211.628000 0.0936525 -0.0112771 1.3238779 0.5445511 -0.5375965 0.4523132 -0.4581124
29211.728000 0.0936629 -0.0112741 1.3238770 0.5445700 -0.5375824 0.4522953 -0.4581241
29211.828000 0.0936601 -0.0112684 1.3238769 0.5445871 -0.5375657 0.4522806 -0.4581379
29211.928000 0.0936573 -0.0112628 1.3238768 0.5446042 -0.5375489 0.4522660 -0.4581517
29212.028000 0.0936545 -0.0112571 1.3238767 0.5446212 -0.5375321 0.4522513 -0.4581656
29212.128000 0.0936517 -0.0112515 1.3238766 0.5446383 -0.5375153 0.4522367 -0.4581794
29212.229000 0.0936489 -0.0112458 1.3238765 0.5446554 -0.5374985 0.4522220 -0.4581933
29212.328000 0.0936461 -0.0112402 1.3238764 0.5446725 -0.5374817 0.4522074 -0.4582071
29212.428000 0.0936432 -0.0112345 1.3238763 0.5446896 -0.5374649 0.4521927 -0.4582210
29212.528000 0.0932205 -0.0111438 1.3239020 0.5446497 -0.5373606 0.4522817 -0.4583028
29212.628000 0.0936242 -0.0112206 1.3238770 0.5447219 -0.5374285 0.4521667 -0.4582509
29212.728000 0.0936346 -0.0112176 1.3238761 0.5447408 -0.5374144 0.4521488 -0.4582626
29212.829000 0.0932033 -0.0111253 1.3239023 0.5446997 -0.5373084 0.4522399 -0.4583458
29212.928000 0.0936158 -0.0112037 1.3238767 0.5447731 -0.5373781 0.4521228 -0.4582925
29213.028000 0.0936258 -0.0112007 1.3238758 0.5447919 -0.5373639 0.4521050 -0.4583043
29213.128000 0.0932030 -0.0111101 1.3239015 0.5447520 -0.5372597 0.4521940 -0.4583862
29213.228000 0.0936067 -0.0111867 1.3238765 0.5448242 -0.5373275 0.4520790 -0.4583342
29213.328000 0.0936169 -0.0111837 1.3238756 0.5448431 -0.5373134 0.4520612 -0.4583460
29213.428000 0.0936140 -0.0111781 1.3238755 0.5448601 -0.5372965 0.4520466 -0.4583599
29213.528000 0.0936110 -0.0111725 1.3238754 0.5448772 -0.5372797 0.4520320 -0.4583738
29213.628000 0.0936080 -0.0111668 1.3238754 0.5448942 -0.5372628 0.4520174 -0.4583877
29213.728000 0.0931809 -0.0110756 1.3239013 0.5448535 -0.5371578 0.4521075 -0.4584702
29213.828000 0.0935888 -0.0111529 1.3238760 0.5449265 -0.5372263 0.4519914 -0.4584177
29213.928000 0.0931790 -0.0110652 1.3239009 0.5448883 -0.5371248 0.4520771 -0.4584975
29214.028000 0.0935742 -0.0111399 1.3238764 0.5449594 -0.5371908 0.4519643 -0.4584469
29214.128000 0.0935928 -0.0111386 1.3238750 0.5449793 -0.5371784 0.4519444 -0.4584573
29214.228000 0.0931698 -0.0110484 1.3239007 0.5449394 -0.5370741 0.4520334 -0.4585393
29214.328000 0.0935734 -0.0111247 1.3238757 0.5450116 -0.5371419 0.4519185 -0.4584874
29214.428000 0.0935835 -0.0111217 1.3238748 0.5450304 -0.5371277 0.4519007 -0.4584992
29214.528000 0.0935804 -0.0111161 1.3238748 0.5450474 -0.5371108 0.4518861 -0.4585131
29214.628000 0.0935773 -0.0111105 1.3238747 0.5450644 -0.5370939 0.4518715 -0.4585271
29214.728000 0.0931543 -0.0110204 1.3239004 0.5450244 -0.5369896 0.4519605 -0.4586091
29214.828000 0.0931338 -0.0110113 1.3239014 0.5450390 -0.5369691 0.4519502 -0.4586258
29214.928000 0.0935547 -0.0110909 1.3238753 0.5451136 -0.5370404 0.4518311 -0.4585711
29215.028000 0.0935648 -0.0110880 1.3238745 0.5451324 -0.5370262 0.4518132 -0.4585829
29215.128000 0.0931375 -0.0109972 1.3239004 0.5450916 -0.5369212 0.4519034 -0.4586655
29215.228000 0.0935453 -0.0110741 1.3238752 0.5451646 -0.5369897 0.4517874 -0.4586130
29215.328000 0.0935553 -0.0110711 1.3238743 0.5451834 -0.5369755 0.4517696 -0.4586248
29215.428000 0.0931280 -0.0109804 1.3239003 0.5451426 -0.5368704 0.4518597 -0.4587074
29215.529000 0.0935358 -0.0110572 1.3238750 0.5452155 -0.5369388 0.4517437 -0.4586549
29215.628000 0.0935457 -0.0110542 1.3238741 0.5452343 -0.5369246 0.4517259 -0.4586668
29215.728000 0.0935425 -0.0110486 1.3238741 0.5452513 -0.5369077 0.4517113 -0.4586808
29215.828000 0.0935393 -0.0110429 1.3238740 0.5452683 -0.5368907 0.4516968 -0.4586948
29215.928000 0.0935360 -0.0110373 1.3238740 0.5452852 -0.5368738 0.4516822 -0.4587087
29216.028000 0.0935328 -0.0110317 1.3238739 0.5453022 -0.5368568 0.4516677 -0.4587227
29216.129000 0.0935296 -0.0110261 1.3238739 0.5453192 -0.5368398 0.4516531 -0.4587367
29216.228000 0.0935263 -0.0110205 1.3238738 0.5453362 -0.5368229 0.4516386 -0.4587507
29216.328000 0.0935231 -0.0110148 1.3238738 0.5453531 -0.5368059 0.4516241 -0.4587648
29216.428000 0.0935198 -0.0110092 1.3238737 0.5453701 -0.5367889 0.4516095 -0.4587788
29216.529000 0.0935165 -0.0110036 1.3238737 0.5453871 -0.5367719 0.4515950 -0.4587928
29216.629000 0.0935133 -0.0109980 1.3238736 0.5454040 -0.5367550 0.4515804 -0.4588068
29216.728000 0.0930899 -0.0109084 1.3238994 0.5453639 -0.5366506 0.4516694 -0.4588889
29216.828000 0.0930693 -0.0108994 1.3239004 0.5453785 -0.5366300 0.4516591 -0.4589057
29216.928000 0.0934904 -0.0109785 1.3238743 0.5454531 -0.5367013 0.4515400 -0.4588509
29217.028000 0.0935001 -0.0109755 1.3238735 0.5454719 -0.5366870 0.4515223 -0.4588629
29217.128000 0.0930682 -0.0108844 1.3238997 0.5454306 -0.5365809 0.4516133 -0.4589464
29217.228000 0.0934805 -0.0109617 1.3238742 0.5455040 -0.5366503 0.4514964 -0.4588930
29217.328000 0.0930701 -0.0108749 1.3238991 0.5454657 -0.5365487 0.4515822 -0.4589731
29217.429000 0.0934735 -0.0109504 1.3238741 0.5455379 -0.5366162 0.4514674 -0.4589211
29217.528000 0.0930549 -0.0108620 1.3238995 0.5454984 -0.5365129 0.4515552 -0.4590025
29217.629000 0.0930427 -0.0108547 1.3239001 0.5455140 -0.5364942 0.4515430 -0.4590178
29217.729000 0.0934636 -0.0109336 1.3238740 0.5455887 -0.5365652 0.4514238 -0.4589632
29217.828000 0.0934734 -0.0109306 1.3238731 0.5456075 -0.5365509 0.4514060 -0.4589751
29217.928000 0.0930500 -0.0108414 1.3238989 0.5455673 -0.5364466 0.4514950 -0.4590573
29218.028000 0.0934492 -0.0109159 1.3238742 0.5456388 -0.5365134 0.4513814 -0.4590059
29218.128000 0.0930348 -0.0108285 1.3238993 0.5456000 -0.5364108 0.4514680 -0.4590868
29218.228000 0.0934469 -0.0109056 1.3238738 0.5456734 -0.5364801 0.4513512 -0.4590334
29218.328000 0.0934565 -0.0109025 1.3238730 0.5456922 -0.5364658 0.4513334 -0.4590454
29218.428000 0.0930372 -0.0108143 1.3238985 0.5456524 -0.5363625 0.4514215 -0.4591268
29218.528000 0.0934364 -0.0108887 1.3238737 0.5457242 -0.5364290 0.4513077 -0.4590756
29218.628000 0.0934464 -0.0108857 1.3238729 0.5457430 -0.5364147 0.4512899 -0.4590875
29218.728000 0.0930228 -0.0107967 1.3238986 0.5457028 -0.5363103 0.4513788 -0.4591698
29218.828000 0.0934263 -0.0108719 1.3238736 0.5457750 -0.5363778 0.4512641 -0.4591178
29218.928000 0.0934361 -0.0108689 1.3238728 0.5457937 -0.5363635 0.4512463 -0.4591297
29219.028000 0.0934327 -0.0108633 1.3238727 0.5458107 -0.5363465 0.4512318 -0.4591438
29219.128000 0.0934293 -0.0108577 1.3238727 0.5458276 -0.5363294 0.4512173 -0.4591579
29219.228000 0.0934259 -0.0108521 1.3238727 0.5458445 -0.5363124 0.4512028 -0.4591719
29219.328000 0.0934224 -0.0108465 1.3238727 0.5458615 -0.5362953 0.4511882 -0.4591860
29219.428000 0.0930030 -0.0107585 1.3238981 0.5458217 -0.5361920 0.4512763 -0.4592675
29219.528000 0.0929781 -0.0107487 1.3238994 0.5458358 -0.5361703 0.4512669 -0.4592851
29219.628000 0.0933988 -0.0108271 1.3238734 0.5459104 -0.5362414 0.4511480 -0.4592304
29219.728000 0.0934087 -0.0108241 1.3238725 0.5459291 -0.5362270 0.4511302 -0.4592423
29219.828000 0.0929765 -0.0107337 1.3238988 0.5458878 -0.5361209 0.4512212 -0.4593260
29219.928000 0.0933887 -0.0108103 1.3238733 0.5459612 -0.5361902 0.4511043 -0.4592726
29220.028000 0.0929696 -0.0107226 1.3238987 0.5459216 -0.5360868 0.4511922 -0.4593541
29220.128000 0.0933818 -0.0107991 1.3238732 0.5459951 -0.5361560 0.4510753 -0.4593007
29220.228000 0.0933913 -0.0107961 1.3238724 0.5460137 -0.5361417 0.4510576 -0.4593127
29220.328000 0.0929676 -0.0107075 1.3238982 0.5459735 -0.5360373 0.4511465 -0.4593950
29220.428000 0.0933711 -0.0107823 1.3238732 0.5460458 -0.5361047 0.4510318 -0.4593430
29220.528000 0.0929565 -0.0106956 1.3238984 0.5460066 -0.5360024 0.4511187 -0.4594237
29220.628000 0.0933643 -0.0107711 1.3238731 0.5460796 -0.5360706 0.4510028 -0.4593712
29220.728000 0.0929452 -0.0106836 1.3238986 0.5460400 -0.5359672 0.4510905 -0.4594528
29220.829000 0.0933574 -0.0107600 1.3238731 0.5461135 -0.5360364 0.4509737 -0.4593994
29220.928000 0.0933669 -0.0107570 1.3238722 0.5461321 -0.5360220 0.4509560 -0.4594114
29221.028000 0.0933634 -0.0107514 1.3238722 0.5461490 -0.5360049 0.4509415 -0.4594255
29221.128000 0.0933599 -0.0107458 1.3238722 0.5461660 -0.5359878 0.4509270 -0.4594396
29221.228000 0.0933564 -0.0107402 1.3238722 0.5461829 -0.5359707 0.4509125 -0.4594537
29221.328000 0.0933529 -0.0107346 1.3238722 0.5461998 -0.5359536 0.4508979 -0.4594678
29221.428000 0.0933494 -0.0107290 1.3238721 0.5462167 -0.5359365 0.4508834 -0.4594819
29221.528000 0.0933458 -0.0107234 1.3238721 0.5462338 -0.5359192 0.4508688 -0.4594961
29221.628000 0.0933423 -0.0107178 1.3238721 0.5462505 -0.5359022 0.4508544 -0.4595101
29221.728000 0.0933388 -0.0107122 1.3238721 0.5462674 -0.5358851 0.4508399 -0.4595242
29221.828000 0.0929191 -0.0106249 1.3238976 0.5462275 -0.5357817 0.4509279 -0.4596058
29221.928000 0.0933184 -0.0106984 1.3238729 0.5462994 -0.5358481 0.4508142 -0.4595546
29222.028000 0.0933282 -0.0106955 1.3238720 0.5463181 -0.5358337 0.4507963 -0.4595665
29222.128000 0.0933247 -0.0106900 1.3238720 0.5463349 -0.5358168 0.4507820 -0.4595805
29222.229000 0.0933211 -0.0106843 1.3238720 0.5463519 -0.5357995 0.4507673 -0.4595947
29222.328000 0.0928888 -0.0105946 1.3238982 0.5463105 -0.5356933 0.4508583 -0.4596785
29222.428000 0.0933010 -0.0106706 1.3238727 0.5463840 -0.5357625 0.4507415 -0.4596251
29222.528000 0.0933105 -0.0106676 1.3238719 0.5464026 -0.5357481 0.4507238 -0.4596371
29222.628000 0.0933069 -0.0106620 1.3238719 0.5464195 -0.5357309 0.4507093 -0.4596512
29222.728000 0.0933034 -0.0106564 1.3238719 0.5464364 -0.5357138 0.4506947 -0.4596653
29222.829000 0.0932998 -0.0106508 1.3238719 0.5464533 -0.5356966 0.4506802 -0.4596795
29222.928000 0.0928674 -0.0105613 1.3238981 0.5464119 -0.5355905 0.4507712 -0.4597633
29223.028000 0.0928550 -0.0105540 1.3238987 0.5464276 -0.5355715 0.4507588 -0.4597788
29223.128000 0.0932761 -0.0106315 1.3238726 0.5465023 -0.5356425 0.4506399 -0.4597239
29223.228000 0.0932856 -0.0106285 1.3238718 0.5465209 -0.5356280 0.4506222 -0.4597360
29223.328000 0.0932820 -0.0106229 1.3238718 0.5465378 -0.5356109 0.4506076 -0.4597501
29223.429000 0.0932784 -0.0106173 1.3238718 0.5465547 -0.5355937 0.4505931 -0.4597642
29223.528000 0.0928545 -0.0105296 1.3238975 0.5465144 -0.5354893 0.4506820 -0.4598467
29223.628000 0.0932580 -0.0106036 1.3238726 0.5465867 -0.5355567 0.4505673 -0.4597946
29223.728000 0.0932677 -0.0106006 1.3238717 0.5466054 -0.5355422 0.4505496 -0.4598066
29223.828000 0.0932641 -0.0105950 1.3238717 0.5466223 -0.5355251 0.4505350 -0.4598207
29223.928000 0.0928360 -0.0105067 1.3238977 0.5465812 -0.5354200 0.4506250 -0.4599038
29224.028000 0.0932438 -0.0105813 1.3238725 0.5466543 -0.5354880 0.4505092 -0.4598511
29224.128000 0.0928329 -0.0104963 1.3238974 0.5466158 -0.5353864 0.4505948 -0.4599315
29224.228000 0.0928120 -0.0104874 1.3238985 0.5466303 -0.5353656 0.4505846 -0.4599484
29224.328000 0.0932329 -0.0105646 1.3238725 0.5467050 -0.5354365 0.4504657 -0.4598936
29224.428000 0.0928136 -0.0104781 1.3238979 0.5466653 -0.5353331 0.4505533 -0.4599753
29224.528000 0.0932260 -0.0105535 1.3238724 0.5467388 -0.5354022 0.4504366 -0.4599218
29224.628000 0.0932354 -0.0105505 1.3238716 0.5467575 -0.5353877 0.4504189 -0.4599338
29224.728000 0.0932318 -0.0105449 1.3238716 0.5467744 -0.5353705 0.4504043 -0.4599480
29224.828000 0.0932282 -0.0105393 1.3238716 0.5467913 -0.5353533 0.4503898 -0.4599621
29224.928000 0.0932245 -0.0105338 1.3238716 0.5468082 -0.5353361 0.4503753 -0.4599763
29225.028000 0.0932209 -0.0105282 1.3238716 0.5468251 -0.5353189 0.4503608 -0.4599904
29225.128000 0.0927886 -0.0104393 1.3238978 0.5467835 -0.5352128 0.4504516 -0.4600743
29225.229000 0.0932007 -0.0105145 1.3238723 0.5468571 -0.5352819 0.4503349 -0.4600208
29225.328000 0.0932101 -0.0105115 1.3238715 0.5468757 -0.5352674 0.4503172 -0.4600329
29225.428000 0.0932065 -0.0105059 1.3238715 0.5468926 -0.5352502 0.4503026 -0.4600470
29225.528000 0.0932029 -0.0105004 1.3238715 0.5469095 -0.5352330 0.4502881 -0.4600611
29225.628000 0.0927746 -0.0104125 1.3238975 0.5468684 -0.5351279 0.4503781 -0.4601442
29225.728000 0.0927578 -0.0104043 1.3238983 0.5468836 -0.5351078 0.4503666 -0.4601607
29225.828000 0.0931703 -0.0104795 1.3238728 0.5469572 -0.5351769 0.4502498 -0.4601071
29225.928000 0.0931884 -0.0104781 1.3238715 0.5469771 -0.5351641 0.4502300 -0.4601178
29226.028000 0.0927558 -0.0103894 1.3238977 0.5469355 -0.5350580 0.4503209 -0.4602017
29226.128000 0.0931681 -0.0104645 1.3238722 0.5470091 -0.5351270 0.4502041 -0.4601482
29226.228000 0.0931775 -0.0104614 1.3238714 0.5470278 -0.5351125 0.4501864 -0.4601602
29226.328000 0.0931739 -0.0104559 1.3238714 0.5470447 -0.5350953 0.4501719 -0.4601744
29226.428000 0.0927497 -0.0103689 1.3238972 0.5470042 -0.5349909 0.4502606 -0.4602569
29226.528000 0.0927287 -0.0103601 1.3238982 0.5470188 -0.5349701 0.4502503 -0.4602739
29226.629000 0.0931497 -0.0104366 1.3238722 0.5470935 -0.5350409 0.4501315 -0.4602190
29226.728000 0.0931593 -0.0104336 1.3238714 0.5471122 -0.5350264 0.4501137 -0.4602310
29226.828000 0.0931557 -0.0104281 1.3238714 0.5471291 -0.5350092 0.4500992 -0.4602452
29226.928000 0.0931520 -0.0104225 1.3238714 0.5471460 -0.5349920 0.4500846 -0.4602593
29227.028000 0.0931484 -0.0104170 1.3238713 0.5471629 -0.5349748 0.4500701 -0.4602735
29227.128000 0.0931447 -0.0104114 1.3238713 0.5471798 -0.5349575 0.4500555 -0.4602876
29227.228000 0.0927205 -0.0103247 1.3238971 0.5471394 -0.5348531 0.4501443 -0.4603702
29227.328000 0.0931242 -0.0103978 1.3238721 0.5472118 -0.5349203 0.4500297 -0.4603181
29227.428000 0.0927132 -0.0103137 1.3238971 0.5471731 -0.5348187 0.4501152 -0.4603986
29227.528000 0.0931169 -0.0103867 1.3238721 0.5472456 -0.5348858 0.4500006 -0.4603465
29227.628000 0.0927059 -0.0103026 1.3238971 0.5472069 -0.5347842 0.4500861 -0.4604269
29227.728000 0.0931096 -0.0103756 1.3238721 0.5472793 -0.5348514 0.4499715 -0.4603748
29227.828000 0.0926944 -0.0102908 1.3238973 0.5472400 -0.5347490 0.4500582 -0.4604558
29227.928000 0.0930982 -0.0103637 1.3238723 0.5473124 -0.5348162 0.4499436 -0.4604037
29228.028000 0.0931119 -0.0103615 1.3238713 0.5473318 -0.5348024 0.4499246 -0.4604151
29228.128000 0.0926791 -0.0102734 1.3238976 0.5472902 -0.5346962 0.4500154 -0.4604992
29228.228000 0.0930915 -0.0103479 1.3238721 0.5473638 -0.5347652 0.4498987 -0.4604456
29228.328000 0.0931009 -0.0103448 1.3238712 0.5473825 -0.5347506 0.4498810 -0.4604576
29228.428000 0.0926681 -0.0102568 1.3238975 0.5473409 -0.5346445 0.4499718 -0.4605417
29228.529000 0.0930806 -0.0103312 1.3238720 0.5474145 -0.5347134 0.4498551 -0.4604881
29228.628000 0.0930899 -0.0103282 1.3238712 0.5474332 -0.5346989 0.4498373 -0.4605002
29228.728000 0.0930862 -0.0103226 1.3238712 0.5474501 -0.5346816 0.4498228 -0.4605143
29228.828000 0.0926578 -0.0102356 1.3238972 0.5474089 -0.5345765 0.4499126 -0.4605975
29228.928000 0.0926409 -0.0102275 1.3238980 0.5474241 -0.5345564 0.4499012 -0.4606140
29229.029000 0.0926373 -0.0102220 1.3238980 0.5474408 -0.5345393 0.4498867 -0.4606280
29229.128000 0.0930584 -0.0102979 1.3238720 0.5475159 -0.5346098 0.4497678 -0.4605732
29229.228000 0.0930679 -0.0102950 1.3238712 0.5475344 -0.5345955 0.4497501 -0.4605851
29229.328000 0.0930642 -0.0102894 1.3238712 0.5475514 -0.5345780 0.4497354 -0.4605994
29229.428000 0.0926399 -0.0102033 1.3238969 0.5475109 -0.5344736 0.4498241 -0.4606821
29229.528000 0.0926188 -0.0101944 1.3238980 0.5475255 -0.5344528 0.4498138 -0.4606991
29229.628000 0.0930357 -0.0102694 1.3238722 0.5475996 -0.5345227 0.4496962 -0.4606446
29229.728000 0.0930495 -0.0102673 1.3238712 0.5476188 -0.5345091 0.4496773 -0.4606560
29229.828000 0.0930458 -0.0102617 1.3238712 0.5476359 -0.5344917 0.4496626 -0.4606703
29229.928000 0.0930421 -0.0102561 1.3238711 0.5476528 -0.5344744 0.4496480 -0.4606845
29230.028000 0.0930385 -0.0102506 1.3238711 0.5476697 -0.5344571 0.4496335 -0.4606987
29230.128000 0.0926056 -0.0101630 1.3238974 0.5476280 -0.5343510 0.4497242 -0.4607828
29230.228000 0.0925930 -0.0101558 1.3238980 0.5476437 -0.5343318 0.4497118 -0.4607984
29230.329000 0.0930144 -0.0102315 1.3238719 0.5477186 -0.5344025 0.4495930 -0.4607433
29230.428000 0.0926030 -0.0101481 1.3238969 0.5476799 -0.5343009 0.4496784 -0.4608239
29230.528000 0.0925820 -0.0101393 1.3238979 0.5476944 -0.5342800 0.4496681 -0.4608409
29230.628000 0.0925783 -0.0101338 1.3238979 0.5477113 -0.5342627 0.4496535 -0.4608551
29230.728000 0.0929952 -0.0102086 1.3238722 0.5477854 -0.5343326 0.4495359 -0.4608007
29230.828000 0.0930090 -0.0102063 1.3238711 0.5478049 -0.5343188 0.4495169 -0.4608121
29230.928000 0.0925845 -0.0101206 1.3238969 0.5477643 -0.5342144 0.4496055 -0.4608949
29231.028000 0.0929883 -0.0101927 1.3238719 0.5478368 -0.5342814 0.4494910 -0.4608427
29231.128000 0.0929979 -0.0101897 1.3238711 0.5478556 -0.5342669 0.4494732 -0.4608547
29231.228000 0.0925776 -0.0101049 1.3238966 0.5478154 -0.5341635 0.4495609 -0.4609366
29231.328000 0.0929771 -0.0101761 1.3238719 0.5478875 -0.5342295 0.4494473 -0.4608853
29231.428000 0.0929868 -0.0101731 1.3238711 0.5479062 -0.5342150 0.4494294 -0.4608973
29231.528000 0.0925538 -0.0100860 1.3238974 0.5478645 -0.5341088 0.4495201 -0.4609814
29231.628000 0.0925413 -0.0100788 1.3238979 0.5478801 -0.5340899 0.4495078 -0.4609969
29231.728000 0.0929626 -0.0101540 1.3238719 0.5479551 -0.5341603 0.4493889 -0.4609420
29231.828000 0.0929720 -0.0101510 1.3238711 0.5479738 -0.5341457 0.4493711 -0.4609540
29231.929000 0.0925475 -0.0100656 1.3238968 0.5479333 -0.5340414 0.4494597 -0.4610368
29232.028000 0.0929513 -0.0101374 1.3238719 0.5480058 -0.5341084 0.4493452 -0.4609846
29232.128000 0.0929609 -0.0101344 1.3238710 0.5480245 -0.5340938 0.4493273 -0.4609966
29232.228000 0.0929572 -0.0101289 1.3238710 0.5480414 -0.5340765 0.4493127 -0.4610108
29232.328000 0.0929535 -0.0101234 1.3238710 0.5480583 -0.5340592 0.4492981 -0.4610250
29232.428000 0.0929498 -0.0101179 1.3238710 0.5480752 -0.5340418 0.4492835 -0.4610392
29232.528000 0.0929461 -0.0101123 1.3238710 0.5480921 -0.5340245 0.4492690 -0.4610534
29232.628000 0.0929424 -0.0101069 1.3238710 0.5481089 -0.5340073 0.4492545 -0.4610675
29232.728000 0.0925180 -0.0100216 1.3238968 0.5480685 -0.5339028 0.4493429 -0.4611504
29232.829000 0.0929217 -0.0100933 1.3238718 0.5481410 -0.5339698 0.4492284 -0.4610982
29232.928000 0.0929313 -0.0100903 1.3238710 0.5481597 -0.5339552 0.4492106 -0.4611102
29233.029000 0.0929276 -0.0100847 1.3238710 0.5481766 -0.5339379 0.4491960 -0.4611244
29233.128000 0.0925030 -0.0099996 1.3238968 0.5481361 -0.5338335 0.4492845 -0.4612072
29233.228000 0.0929069 -0.0100712 1.3238718 0.5482086 -0.5339004 0.4491700 -0.4611550
29233.328000 0.0924914 -0.0099879 1.3238970 0.5481691 -0.5337981 0.4492565 -0.4612362
29233.428000 0.0924745 -0.0099799 1.3238978 0.5481844 -0.5337779 0.4492450 -0.4612527
29233.528000 0.0928957 -0.0100546 1.3238718 0.5482593 -0.5338484 0.4491262 -0.4611976
29233.628000 0.0929053 -0.0100516 1.3238710 0.5482781 -0.5338338 0.4491083 -0.4612096
29233.728000 0.0929016 -0.0100461 1.3238710 0.5482950 -0.5338165 0.4490937 -0.4612238
29233.829000 0.0928979 -0.0100406 1.3238710 0.5483119 -0.5337991 0.4490791 -0.4612380
29233.928000 0.0928941 -0.0100351 1.3238710 0.5483288 -0.5337818 0.4490645 -0.4612522
29234.028000 0.0924695 -0.0099502 1.3238967 0.5482882 -0.5336774 0.4491530 -0.4613351
29234.128000 0.0928734 -0.0100216 1.3238718 0.5483608 -0.5337443 0.4490385 -0.4612828
29234.228000 0.0928830 -0.0100186 1.3238710 0.5483793 -0.5337299 0.4490208 -0.4612947
29234.328000 0.0924585 -0.0099338 1.3238967 0.5483389 -0.5336254 0.4491092 -0.4613777
29234.428000 0.0928581 -0.0100043 1.3238720 0.5484108 -0.5336916 0.4489959 -0.4613260
29234.528000 0.0928718 -0.0100020 1.3238710 0.5484302 -0.5336777 0.4489768 -0.4613375
29234.628000 0.0928681 -0.0099965 1.3238710 0.5484471 -0.5336603 0.4489622 -0.4613517
29234.728000 0.0928644 -0.0099910 1.3238710 0.5484640 -0.5336429 0.4489476 -0.4613659
29234.828000 0.0928607 -0.0099855 1.3238710 0.5484809 -0.5336256 0.4489330 -0.4613801
29234.928000 0.0928569 -0.0099800 1.3238710 0.5484978 -0.5336082 0.4489184 -0.4613943
29235.028000 0.0924323 -0.0098954 1.3238967 0.5484572 -0.5335038 0.4490068 -0.4614772
29235.128000 0.0924112 -0.0098866 1.3238978 0.5484717 -0.5334829 0.4489965 -0.4614942
29235.228000 0.0928325 -0.0099610 1.3238718 0.5485468 -0.5335534 0.4488777 -0.4614391
29235.329000 0.0928420 -0.0099579 1.3238709 0.5485655 -0.5335387 0.4488599 -0.4614511
29235.428000 0.0924088 -0.0098719 1.3238972 0.5485237 -0.5334326 0.4489504 -0.4615354
29235.528000 0.0928216 -0.0099445 1.3238717 0.5485975 -0.5335013 0.4488338 -0.4614817
29235.628000 0.0924099 -0.0098625 1.3238967 0.5485587 -0.5333996 0.4489191 -0.4615625
29235.728000 0.0928138 -0.0099334 1.3238717 0.5486313 -0.5334665 0.4488046 -0.4615102
29235.828000 0.0928234 -0.0099304 1.3238709 0.5486500 -0.5334519 0.4487867 -0.4615222
29235.928000 0.0923987 -0.0098461 1.3238967 0.5486094 -0.5333475 0.4488752 -0.4616051
29236.028000 0.0928026 -0.0099169 1.3238717 0.5486821 -0.5334143 0.4487607 -0.4615528
29236.129000 0.0928122 -0.0099139 1.3238709 0.5487008 -0.5333997 0.4487428 -0.4615649
29236.228000 0.0928085 -0.0099085 1.3238709 0.5487175 -0.5333825 0.4487283 -0.4615789
29236.328000 0.0928047 -0.0099029 1.3238709 0.5487346 -0.5333649 0.4487135 -0.4615933
29236.428000 0.0928010 -0.0098974 1.3238709 0.5487515 -0.5333475 0.4486989 -0.4616075
29236.528000 0.0927973 -0.0098919 1.3238709 0.5487684 -0.5333301 0.4486842 -0.4616217
29236.629000 0.0923725 -0.0098078 1.3238967 0.5487278 -0.5332258 0.4487727 -0.4617047
29236.728000 0.0927765 -0.0098784 1.3238717 0.5488005 -0.5332926 0.4486582 -0.4616523
29236.828000 0.0927861 -0.0098754 1.3238709 0.5488192 -0.5332780 0.4486403 -0.4616644
29236.928000 0.0927823 -0.0098699 1.3238709 0.5488361 -0.5332606 0.4486257 -0.4616786
29237.028000 0.0923490 -0.0097843 1.3238972 0.5487943 -0.5331544 0.4487162 -0.4617630
29237.128000 0.0923365 -0.0097772 1.3238977 0.5488098 -0.5331354 0.4487038 -0.4617785
29237.228000 0.0927579 -0.0098510 1.3238717 0.5488851 -0.5332056 0.4485849 -0.4617234
29237.328000 0.0927674 -0.0098479 1.3238709 0.5489038 -0.5331909 0.4485671 -0.4617355
29237.428000 0.0927636 -0.0098425 1.3238709 0.5489205 -0.5331737 0.4485525 -0.4617496
29237.528000 0.0923390 -0.0097586 1.3238967 0.5488800 -0.5330692 0.4486408 -0.4618327
29237.628000 0.0927428 -0.0098290 1.3238717 0.5489527 -0.5331360 0.4485263 -0.4617803
29237.729000 0.0927524 -0.0098260 1.3238709 0.5489715 -0.5331213 0.4485084 -0.4617924
29237.828000 0.0927486 -0.0098205 1.3238709 0.5489884 -0.5331039 0.4484938 -0.4618066
29237.928000 0.0923153 -0.0097351 1.3238972 0.5489465 -0.5329978 0.4485842 -0.4618910
29238.028000 0.0927281 -0.0098071 1.3238717 0.5490204 -0.5330664 0.4484676 -0.4618372
29238.128000 0.0923163 -0.0097257 1.3238967 0.5489815 -0.5329647 0.4485528 -0.4619181
29238.229000 0.0922952 -0.0097171 1.3238977 0.5489960 -0.5329437 0.4485424 -0.4619352
29238.328000 0.0927166 -0.0097905 1.3238717 0.5490712 -0.5330140 0.4484237 -0.4618799
29238.428000 0.0922965 -0.0097078 1.3238972 0.5490311 -0.5329107 0.4485109 -0.4619622
29238.528000 0.0927094 -0.0097796 1.3238717 0.5491050 -0.5329792 0.4483943 -0.4619083
29238.628000 0.0927187 -0.0097765 1.3238709 0.5491238 -0.5329645 0.4483765 -0.4619204
29238.728000 0.0922853 -0.0096914 1.3238972 0.5490819 -0.5328584 0.4484669 -0.4620049
29238.828000 0.0926981 -0.0097632 1.3238717 0.5491558 -0.5329270 0.4483503 -0.4619510
29238.928000 0.0927074 -0.0097601 1.3238709 0.5491745 -0.5329122 0.4483324 -0.4619631
29239.028000 0.0927037 -0.0097546 1.3238709 0.5491915 -0.5328948 0.4483178 -0.4619774
29239.128000 0.0926999 -0.0097491 1.3238709 0.5492084 -0.5328773 0.4483031 -0.4619916
29239.228000 0.0922711 -0.0096650 1.3238969 0.5491669 -0.5327723 0.4483925 -0.4620752
29239.328000 0.0926792 -0.0097357 1.3238717 0.5492404 -0.5328398 0.4482770 -0.4620222
29239.428000 0.0926886 -0.0097327 1.3238709 0.5492592 -0.5328250 0.4482591 -0.4620343
29239.528000 0.0926849 -0.0097272 1.3238709 0.5492761 -0.5328076 0.4482444 -0.4620485
29239.628000 0.0926811 -0.0097217 1.3238709 0.5492930 -0.5327901 0.4482297 -0.4620628
29239.728000 0.0926774 -0.0097162 1.3238709 0.5493100 -0.5327727 0.4482150 -0.4620770
29239.828000 0.0922439 -0.0096314 1.3238971 0.5492680 -0.5326666 0.4483054 -0.4621615
29239.928000 0.0922313 -0.0096243 1.3238977 0.5492838 -0.5326473 0.4482929 -0.4621772
29240.029000 0.0926531 -0.0096974 1.3238717 0.5493590 -0.5327176 0.4481741 -0.4621218
29240.128000 0.0922326 -0.0096150 1.3238971 0.5493188 -0.5326142 0.4482613 -0.4622042
29240.228000 0.0922200 -0.0096080 1.3238977 0.5493344 -0.5325951 0.4482490 -0.4622197
29240.328000 0.0926417 -0.0096809 1.3238717 0.5494097 -0.5326653 0.4481301 -0.4621646
29240.428000 0.0926511 -0.0096779 1.3238709 0.5494285 -0.5326505 0.4481122 -0.4621767
29240.528000 0.0922261 -0.0095948 1.3238966 0.5493877 -0.5325461 0.4482005 -0.4622598
29240.629000 0.0926302 -0.0096645 1.3238717 0.5494605 -0.5326128 0.4480860 -0.4622073
29240.728000 0.0922185 -0.0095839 1.3238966 0.5494216 -0.5325112 0.4481711 -0.4622882
29240.828000 0.0926227 -0.0096535 1.3238717 0.5494944 -0.5325779 0.4480566 -0.4622358
29240.928000 0.0922152 -0.0095738 1.3238964 0.5494558 -0.5324773 0.4481408 -0.4623159
29241.028000 0.0926150 -0.0096426 1.3238717 0.5495282 -0.5325429 0.4480273 -0.4622643
29241.128000 0.0921950 -0.0095605 1.3238971 0.5494881 -0.5324396 0.4481144 -0.4623466
29241.228000 0.0926079 -0.0096317 1.3238716 0.5495622 -0.5325081 0.4479978 -0.4622927
29241.328000 0.0926172 -0.0096286 1.3238708 0.5495809 -0.5324933 0.4479799 -0.4623048
29241.428000 0.0926134 -0.0096231 1.3238708 0.5495978 -0.5324758 0.4479652 -0.4623191
29241.528000 0.0926096 -0.0096177 1.3238708 0.5496148 -0.5324583 0.4479505 -0.4623333
29241.628000 0.0926059 -0.0096122 1.3238708 0.5496317 -0.5324409 0.4479358 -0.4623476
29241.728000 0.0926021 -0.0096067 1.3238708 0.5496487 -0.5324234 0.4479210 -0.4623618
29241.828000 0.0925983 -0.0096013 1.3238708 0.5496656 -0.5324059 0.4479063 -0.4623761
29241.928000 0.0925946 -0.0095958 1.3238708 0.5496825 -0.5323884 0.4478916 -0.4623903
29242.028000 0.0925908 -0.0095903 1.3238708 0.5496995 -0.5323709 0.4478769 -0.4624045
29242.128000 0.0921572 -0.0095061 1.3238971 0.5496575 -0.5322648 0.4479672 -0.4624891
29242.228000 0.0925702 -0.0095770 1.3238716 0.5497316 -0.5323333 0.4478507 -0.4624352
29242.328000 0.0925795 -0.0095739 1.3238708 0.5497503 -0.5323185 0.4478327 -0.4624473
29242.428000 0.0925757 -0.0095685 1.3238708 0.5497672 -0.5323010 0.4478180 -0.4624615
29242.528000 0.0925719 -0.0095630 1.3238708 0.5497842 -0.5322835 0.4478033 -0.4624758
29242.628000 0.0925681 -0.0095575 1.3238708 0.5498011 -0.5322660 0.4477886 -0.4624900
29242.728000 0.0925644 -0.0095521 1.3238708 0.5498181 -0.5322485 0.4477739 -0.4625043
29242.828000 0.0925606 -0.0095466 1.3238708 0.5498350 -0.5322310 0.4477591 -0.4625185
29242.928000 0.0925568 -0.0095411 1.3238708 0.5498520 -0.5322135 0.4477444 -0.4625328
29243.028000 0.0925530 -0.0095357 1.3238708 0.5498689 -0.5321960 0.4477297 -0.4625470
29243.128000 0.0925492 -0.0095302 1.3238708 0.5498859 -0.5321785 0.4477149 -0.4625613
29243.228000 0.0921156 -0.0094463 1.3238971 0.5498439 -0.5320723 0.4478052 -0.4626459
29243.328000 0.0925287 -0.0095169 1.3238716 0.5499180 -0.5321407 0.4476887 -0.4625919
29243.428000 0.0921166 -0.0094370 1.3238966 0.5498789 -0.5320391 0.4477737 -0.4626730
29243.528000 0.0925208 -0.0095060 1.3238716 0.5499518 -0.5321057 0.4476593 -0.4626205
29243.628000 0.0925303 -0.0095029 1.3238708 0.5499706 -0.5320909 0.4476413 -0.4626326
29243.728000 0.0925266 -0.0094975 1.3238708 0.5499876 -0.5320734 0.4476265 -0.4626468
29243.828000 0.0925228 -0.0094920 1.3238708 0.5500045 -0.5320559 0.4476118 -0.4626611
29243.928000 0.0920976 -0.0094099 1.3238966 0.5499637 -0.5319515 0.4477000 -0.4627443
29244.029000 0.0920764 -0.0094013 1.3238976 0.5499782 -0.5319304 0.4476895 -0.4627614
29244.128000 0.0924984 -0.0094733 1.3238716 0.5500536 -0.5320006 0.4475707 -0.4627060
29244.228000 0.0925076 -0.0094702 1.3238708 0.5500723 -0.5319858 0.4475528 -0.4627181
29244.328000 0.0920866 -0.0093889 1.3238963 0.5500319 -0.5318824 0.4476401 -0.4628006
29244.428000 0.0920613 -0.0093796 1.3238976 0.5500459 -0.5318605 0.4476306 -0.4628183
29244.528000 0.0924828 -0.0094514 1.3238716 0.5501214 -0.5319304 0.4475118 -0.4627631
29244.628000 0.0920669 -0.0093712 1.3238968 0.5500816 -0.5318281 0.4475979 -0.4628447
29244.728000 0.0924755 -0.0094405 1.3238716 0.5501553 -0.5318954 0.4474823 -0.4627916
29244.828000 0.0920635 -0.0093610 1.3238966 0.5501163 -0.5317937 0.4475672 -0.4628727
29244.928000 0.0924678 -0.0094296 1.3238716 0.5501892 -0.5318603 0.4474528 -0.4628201
29245.028000 0.0920559 -0.0093502 1.3238966 0.5501502 -0.5317587 0.4475377 -0.4629012
29245.128000 0.0924602 -0.0094187 1.3238716 0.5502231 -0.5318252 0.4474233 -0.4628487
29245.228000 0.0924697 -0.0094157 1.3238708 0.5502419 -0.5318104 0.4474053 -0.4628607
29245.328000 0.0924659 -0.0094102 1.3238708 0.5502589 -0.5317929 0.4473905 -0.4628750
29245.428000 0.0924621 -0.0094048 1.3238708 0.5502758 -0.5317753 0.4473757 -0.4628893
29245.528000 0.0924583 -0.0093993 1.3238708 0.5502930 -0.5317576 0.4473608 -0.4629037
29245.628000 0.0924545 -0.0093939 1.3238708 0.5503098 -0.5317402 0.4473462 -0.4629178
29245.729000 0.0924507 -0.0093884 1.3238708 0.5503267 -0.5317227 0.4473314 -0.4629321
29245.828000 0.0920255 -0.0093068 1.3238966 0.5502858 -0.5316183 0.4474195 -0.4630154
29245.928000 0.0924298 -0.0093751 1.3238716 0.5503588 -0.5316848 0.4473051 -0.4629628
29246.028000 0.0924394 -0.0093722 1.3238708 0.5503774 -0.5316702 0.4472873 -0.4629747
29246.128000 0.0924355 -0.0093667 1.3238708 0.5503946 -0.5316524 0.4472723 -0.4629891
29246.229000 0.0920103 -0.0092851 1.3238966 0.5503537 -0.5315481 0.4473604 -0.4630725
29246.328000 0.0919891 -0.0092766 1.3238976 0.5503683 -0.5315269 0.4473499 -0.4630896
29246.428000 0.0919853 -0.0092712 1.3238976 0.5503852 -0.5315094 0.4473351 -0.4631039
29246.528000 0.0924073 -0.0093425 1.3238716 0.5504607 -0.5315795 0.4472164 -0.4630484
29246.628000 0.0919950 -0.0092635 1.3238966 0.5504215 -0.5314778 0.4473013 -0.4631296
29246.728000 0.0919739 -0.0092550 1.3238976 0.5504360 -0.5314568 0.4472909 -0.4631466
29246.828000 0.0923955 -0.0093261 1.3238716 0.5505115 -0.5315267 0.4471722 -0.4630912
29246.928000 0.0919836 -0.0092472 1.3238966 0.5504724 -0.5314251 0.4472569 -0.4631724
29247.028000 0.0923880 -0.0093153 1.3238716 0.5505455 -0.5314916 0.4471426 -0.4631198
29247.128000 0.0923975 -0.0093123 1.3238708 0.5505643 -0.5314767 0.4471245 -0.4631319
29247.228000 0.0923937 -0.0093068 1.3238708 0.5505812 -0.5314592 0.4471097 -0.4631461
29247.328000 0.0919642 -0.0092249 1.3238968 0.5505396 -0.5313541 0.4471990 -0.4632301
29247.428000 0.0919472 -0.0092171 1.3238976 0.5505549 -0.5313336 0.4471872 -0.4632466
29247.528000 0.0923690 -0.0092881 1.3238716 0.5506303 -0.5314037 0.4470686 -0.4631912
29247.628000 0.0919569 -0.0092094 1.3238966 0.5505912 -0.5313021 0.4471534 -0.4632723
29247.728000 0.0923613 -0.0092772 1.3238716 0.5506643 -0.5313685 0.4470390 -0.4632197
29247.828000 0.0923708 -0.0092742 1.3238708 0.5506831 -0.5313536 0.4470210 -0.4632318
29247.928000 0.0923670 -0.0092688 1.3238708 0.5507001 -0.5313361 0.4470062 -0.4632461
29248.028000 0.0923632 -0.0092634 1.3238708 0.5507169 -0.5313186 0.4469915 -0.4632602
29248.129000 0.0923594 -0.0092579 1.3238708 0.5507340 -0.5313009 0.4469765 -0.4632746
29248.228000 0.0919255 -0.0091754 1.3238971 0.5506919 -0.5311948 0.4470666 -0.4633594
29248.329000 0.0919128 -0.0091684 1.3238976 0.5507077 -0.5311753 0.4470540 -0.4633752
29248.428000 0.0923346 -0.0092392 1.3238716 0.5507831 -0.5312453 0.4469354 -0.4633197
29248.528000 0.0919140 -0.0091592 1.3238971 0.5507428 -0.5311420 0.4470222 -0.4634023
29248.628000 0.0923273 -0.0092284 1.3238716 0.5508171 -0.5312102 0.4469057 -0.4633482
29248.728000 0.0923365 -0.0092253 1.3238708 0.5508359 -0.5311953 0.4468877 -0.4633603
29248.829000 0.0923327 -0.0092199 1.3238708 0.5508529 -0.5311776 0.4468729 -0.4633746
29248.928000 0.0923288 -0.0092145 1.3238708 0.5508699 -0.5311600 0.4468581 -0.4633889
29249.028000 0.0919034 -0.0091337 1.3238966 0.5508289 -0.5310557 0.4469460 -0.4634723
29249.128000 0.0923079 -0.0092012 1.3238716 0.5509020 -0.5311221 0.4468317 -0.4634197
29249.229000 0.0923174 -0.0091982 1.3238708 0.5509208 -0.5311072 0.4468136 -0.4634318
29249.328000 0.0923136 -0.0091928 1.3238708 0.5509378 -0.5310896 0.4467988 -0.4634461
29249.428000 0.0918881 -0.0091121 1.3238966 0.5508968 -0.5309852 0.4468867 -0.4635295
29249.528000 0.0918669 -0.0091036 1.3238976 0.5509114 -0.5309640 0.4468762 -0.4635467
29249.628000 0.0922888 -0.0091741 1.3238716 0.5509869 -0.5310340 0.4467575 -0.4634911
29249.728000 0.0922983 -0.0091711 1.3238708 0.5510058 -0.5310191 0.4467395 -0.4635032
29249.828000 0.0922944 -0.0091657 1.3238708 0.5510227 -0.5310015 0.4467246 -0.4635175
29249.928000 0.0922906 -0.0091602 1.3238708 0.5510397 -0.5309838 0.4467098 -0.4635318
29250.028000 0.0922868 -0.0091548 1.3238708 0.5510567 -0.5309662 0.4466950 -0.4635461
29250.129000 0.0922829 -0.0091494 1.3238708 0.5510737 -0.5309486 0.4466801 -0.4635604
29250.228000 0.0918489 -0.0090675 1.3238971 0.5510316 -0.5308424 0.4467702 -0.4636453
29250.328000 0.0922622 -0.0091362 1.3238716 0.5511059 -0.5309106 0.4466536 -0.4635911
29250.428000 0.0922715 -0.0091332 1.3238708 0.5511245 -0.5308958 0.4466358 -0.4636031
29250.528000 0.0918461 -0.0090528 1.3238965 0.5510837 -0.5307913 0.4467235 -0.4636867
29250.628000 0.0918247 -0.0090443 1.3238976 0.5510983 -0.5307701 0.4467129 -0.4637039
29250.728000 0.0922466 -0.0091145 1.3238716 0.5511739 -0.5308400 0.4465943 -0.4636483
29250.828000 0.0922561 -0.0091115 1.3238708 0.5511927 -0.5308251 0.4465762 -0.4636605
29250.928000 0.0918347 -0.0090320 1.3238963 0.5511521 -0.5307217 0.4466633 -0.4637431
29251.028000 0.0922350 -0.0090983 1.3238716 0.5512248 -0.5307870 0.4465498 -0.4636912
29251.128000 0.0922446 -0.0090952 1.3238708 0.5512437 -0.5307721 0.4465317 -0.4637033
29251.228000 0.0922408 -0.0090898 1.3238708 0.5512607 -0.5307545 0.4465168 -0.4637176
29251.328000 0.0918194 -0.0090105 1.3238963 0.5512201 -0.5306511 0.4466039 -0.4638003
29251.428000 0.0922196 -0.0090766 1.3238716 0.5512928 -0.5307164 0.4464904 -0.4637484
29251.528000 0.0922292 -0.0090736 1.3238708 0.5513117 -0.5307015 0.4464723 -0.4637605
29251.628000 0.0922254 -0.0090682 1.3238708 0.5513287 -0.5306838 0.4464574 -0.4637748
29251.728000 0.0922216 -0.0090627 1.3238708 0.5513457 -0.5306662 0.4464426 -0.4637892
29251.828000 0.0922177 -0.0090573 1.3238708 0.5513627 -0.5306485 0.4464277 -0.4638035
29251.928000 0.0922139 -0.0090519 1.3238708 0.5513797 -0.5306308 0.4464128 -0.4638178
29252.028000 0.0922100 -0.0090465 1.3238708 0.5513967 -0.5306132 0.4463980 -0.4638321
29252.128000 0.0922062 -0.0090411 1.3238708 0.5514137 -0.5305955 0.4463831 -0.4638464
29252.228000 0.0922023 -0.0090357 1.3238708 0.5514307 -0.5305778 0.4463682 -0.4638607
29252.328000 0.0921985 -0.0090303 1.3238708 0.5514477 -0.5305602 0.4463534 -0.4638750
29252.428000 0.0917643 -0.0089490 1.3238971 0.5514055 -0.5304541 0.4464433 -0.4639599
29252.528000 0.0921777 -0.0090172 1.3238716 0.5514799 -0.5305221 0.4463268 -0.4639057
29252.628000 0.0921869 -0.0090140 1.3238708 0.5514989 -0.5305070 0.4463086 -0.4639180
29252.728000 0.0921831 -0.0090087 1.3238708 0.5515158 -0.5304894 0.4462939 -0.4639322
29252.828000 0.0921793 -0.0090033 1.3238708 0.5515326 -0.5304719 0.4462791 -0.4639464
29252.928000 0.0917538 -0.0089236 1.3238965 0.5514918 -0.5303674 0.4463668 -0.4640301
29253.028000 0.0921582 -0.0089901 1.3238716 0.5515650 -0.5304337 0.4462525 -0.4639773
29253.128000 0.0917459 -0.0089129 1.3238965 0.5515258 -0.5303320 0.4463371 -0.4640587
29253.228000 0.0921505 -0.0089793 1.3238716 0.5515990 -0.5303983 0.4462227 -0.4640059
29253.329000 0.0921600 -0.0089763 1.3238708 0.5516178 -0.5303833 0.4462046 -0.4640181
29253.428000 0.0921561 -0.0089709 1.3238708 0.5516348 -0.5303656 0.4461897 -0.4640324
29253.528000 0.0921522 -0.0089655 1.3238708 0.5516519 -0.5303479 0.4461748 -0.4640467
29253.628000 0.0917266 -0.0088860 1.3238965 0.5516108 -0.5302436 0.4462626 -0.4641303
29253.728000 0.0921312 -0.0089523 1.3238716 0.5516841 -0.5303098 0.4461483 -0.4640775
29253.828000 0.0917103 -0.0088738 1.3238971 0.5516437 -0.5302064 0.4462349 -0.4641603
29253.928000 0.0916976 -0.0088668 1.3238976 0.5516595 -0.5301869 0.4462222 -0.4641761
29254.028000 0.0921196 -0.0089361 1.3238716 0.5517351 -0.5302567 0.4461036 -0.4641205
29254.129000 0.0921291 -0.0089331 1.3238708 0.5517540 -0.5302417 0.4460854 -0.4641326
29254.228000 0.0916948 -0.0088523 1.3238971 0.5517117 -0.5301356 0.4461753 -0.4642176
29254.328000 0.0921083 -0.0089200 1.3238716 0.5517862 -0.5302036 0.4460588 -0.4641634
29254.429000 0.0921175 -0.0089169 1.3238708 0.5518050 -0.5301886 0.4460407 -0.4641755
29254.528000 0.0916959 -0.0088384 1.3238963 0.5517644 -0.5300852 0.4461277 -0.4642584
29254.628000 0.0916705 -0.0088293 1.3238976 0.5517786 -0.5300629 0.4461179 -0.4642764
29254.728000 0.0920926 -0.0088984 1.3238716 0.5518543 -0.5301327 0.4459993 -0.4642207
29254.828000 0.0916801 -0.0088216 1.3238965 0.5518150 -0.5300310 0.4460838 -0.4643022
29254.928000 0.0920892 -0.0088883 1.3238713 0.5518891 -0.5300980 0.4459682 -0.4642488
29255.028000 0.0920943 -0.0088845 1.3238708 0.5519072 -0.5300822 0.4459513 -0.4642615
29255.128000 0.0920904 -0.0088791 1.3238708 0.5519242 -0.5300645 0.4459364 -0.4642758
29255.228000 0.0920865 -0.0088737 1.3238708 0.5519413 -0.5300468 0.4459215 -0.4642901
29255.328000 0.0920826 -0.0088684 1.3238708 0.5519583 -0.5300290 0.4459065 -0.4643045
29255.428000 0.0920788 -0.0088630 1.3238708 0.5519753 -0.5300113 0.4458916 -0.4643188
29255.528000 0.0920749 -0.0088576 1.3238708 0.5519923 -0.5299936 0.4458767 -0.4643331
29255.628000 0.0916491 -0.0087787 1.3238965 0.5519513 -0.5298892 0.4459644 -0.4644168
29255.728000 0.0920538 -0.0088445 1.3238716 0.5520246 -0.5299554 0.4458501 -0.4643639
29255.828000 0.0920633 -0.0088414 1.3238708 0.5520434 -0.5299404 0.4458319 -0.4643761
29255.928000 0.0916333 -0.0087619 1.3238968 0.5520016 -0.5298353 0.4459208 -0.4644603
29256.028000 0.0916162 -0.0087542 1.3238976 0.5520170 -0.5298147 0.4459090 -0.4644770
29256.128000 0.0920383 -0.0088229 1.3238716 0.5520927 -0.5298844 0.4457904 -0.4644213
29256.228000 0.0920477 -0.0088199 1.3238708 0.5521116 -0.5298694 0.4457722 -0.4644334
29256.328000 0.0920439 -0.0088145 1.3238708 0.5521286 -0.5298516 0.4457573 -0.4644477
29256.428000 0.0920400 -0.0088091 1.3238708 0.5521457 -0.5298339 0.4457423 -0.4644621
29256.528000 0.0920361 -0.0088037 1.3238708 0.5521627 -0.5298161 0.4457274 -0.4644764
29256.628000 0.0916017 -0.0087236 1.3238970 0.5521204 -0.5297100 0.4458172 -0.4645615
29256.728000 0.0920153 -0.0087907 1.3238716 0.5521950 -0.5297779 0.4457007 -0.4645072
29256.828000 0.0916025 -0.0087144 1.3238965 0.5521557 -0.5296762 0.4457852 -0.4645888
29256.928000 0.0915812 -0.0087060 1.3238976 0.5521703 -0.5296549 0.4457745 -0.4646060
29257.028000 0.0919991 -0.0087738 1.3238718 0.5522453 -0.5297239 0.4456571 -0.4645508
29257.128000 0.0915910 -0.0086984 1.3238965 0.5522068 -0.5296230 0.4457403 -0.4646318
29257.228000 0.0915695 -0.0086900 1.3238976 0.5522214 -0.5296016 0.4457296 -0.4646490
29257.328000 0.0915656 -0.0086846 1.3238976 0.5522385 -0.5295838 0.4457147 -0.4646634
29257.428000 0.0919836 -0.0087523 1.3238718 0.5523135 -0.5296528 0.4455973 -0.4646082
29257.528000 0.0919972 -0.0087499 1.3238708 0.5523331 -0.5296384 0.4455779 -0.4646198
29257.628000 0.0919933 -0.0087446 1.3238708 0.5523502 -0.5296207 0.4455630 -0.4646341
29257.728000 0.0915589 -0.0086648 1.3238970 0.5523079 -0.5295145 0.4456527 -0.4647193
29257.828000 0.0919725 -0.0087316 1.3238716 0.5523825 -0.5295824 0.4455362 -0.4646649
29257.928000 0.0919816 -0.0087284 1.3238708 0.5524013 -0.5295673 0.4455181 -0.4646771
29258.028000 0.0919777 -0.0087231 1.3238708 0.5524184 -0.5295495 0.4455031 -0.4646915
29258.128000 0.0915433 -0.0086434 1.3238970 0.5523761 -0.5294434 0.4455928 -0.4647767
29258.228000 0.0919569 -0.0087101 1.3238715 0.5524507 -0.5295113 0.4454764 -0.4647223
29258.328000 0.0919660 -0.0087070 1.3238707 0.5524695 -0.5294962 0.4454582 -0.4647345
29258.428000 0.0915401 -0.0086288 1.3238965 0.5524284 -0.5293918 0.4455459 -0.4648183
29258.528000 0.0919449 -0.0086939 1.3238716 0.5525018 -0.5294578 0.4454315 -0.4647654
29258.628000 0.0919543 -0.0086908 1.3238707 0.5525207 -0.5294428 0.4454133 -0.4647776
29258.728000 0.0915283 -0.0086128 1.3238965 0.5524796 -0.5293384 0.4455009 -0.4648614
29258.828000 0.0915071 -0.0086045 1.3238976 0.5524940 -0.5293172 0.4454903 -0.4648784
29258.928000 0.0919294 -0.0086725 1.3238716 0.5525701 -0.5293867 0.4453716 -0.4648228
29259.028000 0.0919387 -0.0086694 1.3238707 0.5525889 -0.5293716 0.4453534 -0.4648350
29259.128000 0.0915085 -0.0085908 1.3238968 0.5525470 -0.5292665 0.4454422 -0.4649193
29259.228000 0.0919177 -0.0086564 1.3238716 0.5526212 -0.5293333 0.4453267 -0.4648658
29259.328000 0.0919269 -0.0086533 1.3238707 0.5526401 -0.5293181 0.4453085 -0.4648780
29259.428000 0.0919230 -0.0086479 1.3238707 0.5526572 -0.5293003 0.4452935 -0.4648924
29259.528000 0.0919191 -0.0086425 1.3238707 0.5526742 -0.5292825 0.4452785 -0.4649067
29259.628000 0.0919152 -0.0086372 1.3238707 0.5526913 -0.5292647 0.4452635 -0.4649211
29259.728000 0.0919113 -0.0086318 1.3238707 0.5527084 -0.5292469 0.4452485 -0.4649354
29259.829000 0.0919074 -0.0086264 1.3238707 0.5527254 -0.5292291 0.4452335 -0.4649498
29259.928000 0.0914813 -0.0085487 1.3238965 0.5526843 -0.5291247 0.4453211 -0.4650336
29260.028000 0.0918862 -0.0086134 1.3238716 0.5527577 -0.5291907 0.4452068 -0.4649807
29260.128000 0.0918956 -0.0086104 1.3238707 0.5527766 -0.5291756 0.4451885 -0.4649929
29260.229000 0.0918917 -0.0086050 1.3238707 0.5527937 -0.5291577 0.4451735 -0.4650072
29260.328000 0.0918878 -0.0085996 1.3238707 0.5528108 -0.5291399 0.4451585 -0.4650216
29260.428000 0.0914617 -0.0085221 1.3238965 0.5527696 -0.5290355 0.4452461 -0.4651055
29260.528000 0.0914404 -0.0085138 1.3238976 0.5527843 -0.5290141 0.4452353 -0.4651227
29260.628000 0.0918629 -0.0085813 1.3238715 0.5528602 -0.5290837 0.4451167 -0.4650668
29260.728000 0.0914499 -0.0085061 1.3238965 0.5528208 -0.5289820 0.4452011 -0.4651486
29260.828000 0.0914286 -0.0084978 1.3238976 0.5528355 -0.5289606 0.4451903 -0.4651658
29260.929000 0.0918509 -0.0085652 1.3238716 0.5529114 -0.5290301 0.4450717 -0.4651099
29261.028000 0.0914381 -0.0084901 1.3238965 0.5528720 -0.5289285 0.4451560 -0.4651917
29261.128000 0.0918430 -0.0085545 1.3238716 0.5529455 -0.5289945 0.4450417 -0.4651387
29261.228000 0.0918524 -0.0085514 1.3238707 0.5529645 -0.5289793 0.4450234 -0.4651508
29261.328000 0.0914221 -0.0084734 1.3238968 0.5529225 -0.5288743 0.4451121 -0.4652353
29261.428000 0.0918314 -0.0085385 1.3238715 0.5529968 -0.5289409 0.4449966 -0.4651818
29261.529000 0.0918406 -0.0085354 1.3238707 0.5530157 -0.5289258 0.4449784 -0.4651940
29261.628000 0.0914103 -0.0084575 1.3238968 0.5529737 -0.5288207 0.4450670 -0.4652784
29261.728000 0.0918196 -0.0085224 1.3238715 0.5530480 -0.5288874 0.4449515 -0.4652249
29261.828000 0.0914066 -0.0084475 1.3238965 0.5530087 -0.5287857 0.4450358 -0.4653066
29261.928000 0.0918116 -0.0085117 1.3238716 0.5530822 -0.5288516 0.4449215 -0.4652536
29262.028000 0.0913902 -0.0084354 1.3238970 0.5530416 -0.5287482 0.4450078 -0.4653368
29262.128000 0.0918040 -0.0085011 1.3238715 0.5531164 -0.5288159 0.4448914 -0.4652823
29262.228000 0.0918131 -0.0084979 1.3238707 0.5531353 -0.5288007 0.4448732 -0.4652945
29262.328000 0.0913784 -0.0084194 1.3238970 0.5530929 -0.5286946 0.4449627 -0.4653799
29262.428000 0.0913655 -0.0084126 1.3238976 0.5531088 -0.5286749 0.4449498 -0.4653957
29262.528000 0.0917879 -0.0084796 1.3238716 0.5531847 -0.5287444 0.4448313 -0.4653399
29262.628000 0.0917973 -0.0084765 1.3238707 0.5532036 -0.5287292 0.4448130 -0.4653520
29262.728000 0.0917933 -0.0084712 1.3238707 0.5532207 -0.5287113 0.4447980 -0.4653664
29262.828000 0.0913672 -0.0083943 1.3238965 0.5531795 -0.5286070 0.4448854 -0.4654504
29262.928000 0.0917721 -0.0084582 1.3238716 0.5532531 -0.5286728 0.4447711 -0.4653974
29263.028000 0.0917815 -0.0084552 1.3238707 0.5532720 -0.5286577 0.4447528 -0.4654096
29263.128000 0.0913468 -0.0083769 1.3238970 0.5532296 -0.5285516 0.4448423 -0.4654950
29263.228000 0.0917605 -0.0084423 1.3238715 0.5533044 -0.5286192 0.4447259 -0.4654405
29263.328000 0.0917696 -0.0084391 1.3238707 0.5533233 -0.5286040 0.4447077 -0.4654527
29263.428000 0.0913434 -0.0083624 1.3238965 0.5532821 -0.5284996 0.4447951 -0.4655367
29263.528000 0.0917484 -0.0084262 1.3238716 0.5533557 -0.5285655 0.4446808 -0.4654837
29263.628000 0.0913313 -0.0083511 1.3238968 0.5533155 -0.5284631 0.4447662 -0.4655660
29263.728000 0.0917406 -0.0084156 1.3238715 0.5533899 -0.5285297 0.4446507 -0.4655124
29263.828000 0.0917499 -0.0084124 1.3238707 0.5534088 -0.5285145 0.4446324 -0.4655246
29263.928000 0.0913236 -0.0083358 1.3238965 0.5533675 -0.5284101 0.4447198 -0.4656086
29264.029000 0.0917286 -0.0083995 1.3238715 0.5534412 -0.5284760 0.4446055 -0.4655556
29264.128000 0.0913071 -0.0083238 1.3238970 0.5534006 -0.5283726 0.4446917 -0.4656388
29264.228000 0.0912943 -0.0083170 1.3238976 0.5534164 -0.5283528 0.4446788 -0.4656547
29264.328000 0.0917167 -0.0083835 1.3238715 0.5534925 -0.5284222 0.4445603 -0.4655988
29264.428000 0.0917261 -0.0083804 1.3238707 0.5535114 -0.5284070 0.4445420 -0.4656110
29264.528000 0.0917221 -0.0083751 1.3238707 0.5535285 -0.5283891 0.4445269 -0.4656253
29264.629000 0.0917182 -0.0083698 1.3238707 0.5535456 -0.5283712 0.4445118 -0.4656397
29264.728000 0.0917142 -0.0083644 1.3238707 0.5535627 -0.5283533 0.4444967 -0.4656541
29264.828000 0.0917102 -0.0083591 1.3238707 0.5535799 -0.5283353 0.4444817 -0.4656685
29264.928000 0.0917062 -0.0083538 1.3238707 0.5535970 -0.5283174 0.4444666 -0.4656829
29265.028000 0.0917023 -0.0083484 1.3238707 0.5536141 -0.5282995 0.4444515 -0.4656973
29265.129000 0.0916983 -0.0083431 1.3238707 0.5536312 -0.5282815 0.4444364 -0.4657117
29265.228000 0.0912634 -0.0082654 1.3238970 0.5535887 -0.5281754 0.4445258 -0.4657972
29265.328000 0.0912506 -0.0082586 1.3238976 0.5536046 -0.5281557 0.4445129 -0.4658130
29265.428000 0.0916733 -0.0083249 1.3238715 0.5536807 -0.5282251 0.4443943 -0.4657570
29265.528000 0.0916824 -0.0083218 1.3238707 0.5536995 -0.5282100 0.4443762 -0.4657692
29265.629000 0.0916784 -0.0083165 1.3238707 0.5537168 -0.5281919 0.4443610 -0.4657837
29265.728000 0.0916744 -0.0083111 1.3238707 0.5537339 -0.5281739 0.4443459 -0.4657981
29265.828000 0.0916705 -0.0083058 1.3238707 0.5537510 -0.5281560 0.4443308 -0.4658125
29265.928000 0.0916665 -0.0083005 1.3238707 0.5537681 -0.5281380 0.4443157 -0.4658269
29266.028000 0.0916625 -0.0082951 1.3238707 0.5537852 -0.5281201 0.4443006 -0.4658413
29266.128000 0.0916585 -0.0082898 1.3238707 0.5538024 -0.5281021 0.4442855 -0.4658557
29266.228000 0.0916545 -0.0082845 1.3238707 0.5538195 -0.5280842 0.4442704 -0.4658701
29266.329000 0.0912281 -0.0082086 1.3238965 0.5537782 -0.5279798 0.4443577 -0.4659542
29266.428000 0.0916332 -0.0082716 1.3238715 0.5538519 -0.5280455 0.4442434 -0.4659011
29266.528000 0.0916426 -0.0082685 1.3238707 0.5538709 -0.5280303 0.4442250 -0.4659133
29266.628000 0.0912120 -0.0081920 1.3238968 0.5538288 -0.5279252 0.4443135 -0.4659980
29266.728000 0.0916214 -0.0082557 1.3238715 0.5539033 -0.5279917 0.4441980 -0.4659443
29266.828000 0.0916306 -0.0082526 1.3238707 0.5539222 -0.5279764 0.4441797 -0.4659565
29266.928000 0.0916266 -0.0082472 1.3238707 0.5539394 -0.5279584 0.4441646 -0.4659710
29267.029000 0.0912043 -0.0081723 1.3238962 0.5538985 -0.5278550 0.4442510 -0.4660543
29267.128000 0.0911787 -0.0081633 1.3238976 0.5539128 -0.5278325 0.4442410 -0.4660724
29267.229000 0.0911748 -0.0081581 1.3238976 0.5539297 -0.5278147 0.4442260 -0.4660867
29267.328000 0.0915974 -0.0082238 1.3238715 0.5540061 -0.5278838 0.4441073 -0.4660308
29267.428000 0.0916066 -0.0082207 1.3238707 0.5540250 -0.5278685 0.4440890 -0.4660430
29267.528000 0.0916026 -0.0082153 1.3238707 0.5540422 -0.5278505 0.4440738 -0.4660574
29267.628000 0.0915986 -0.0082100 1.3238707 0.5540593 -0.5278326 0.4440587 -0.4660718
29267.728000 0.0911721 -0.0081345 1.3238965 0.5540180 -0.5277282 0.4441459 -0.4661560
29267.828000 0.0911507 -0.0081263 1.3238976 0.5540327 -0.5277066 0.4441350 -0.4661733
29267.928000 0.0911467 -0.0081210 1.3238976 0.5540498 -0.5276886 0.4441199 -0.4661877
29268.029000 0.0915695 -0.0081866 1.3238715 0.5541260 -0.5277579 0.4440013 -0.4661317
29268.128000 0.0911561 -0.0081134 1.3238965 0.5540865 -0.5276562 0.4440854 -0.4662137
29268.228000 0.0915612 -0.0081759 1.3238715 0.5541603 -0.5277219 0.4439711 -0.4661605
29268.328000 0.0915706 -0.0081728 1.3238707 0.5541793 -0.5277066 0.4439527 -0.4661728
29268.428000 0.0915665 -0.0081675 1.3238707 0.5541964 -0.5276886 0.4439376 -0.4661872
29268.528000 0.0911400 -0.0080922 1.3238965 0.5541551 -0.5275842 0.4440248 -0.4662714
29268.628000 0.0911186 -0.0080841 1.3238976 0.5541697 -0.5275628 0.4440140 -0.4662886
29268.728000 0.0915410 -0.0081494 1.3238715 0.5542460 -0.5276318 0.4438954 -0.4662327
29268.828000 0.0915505 -0.0081463 1.3238707 0.5542650 -0.5276166 0.4438770 -0.4662449
29268.928000 0.0911154 -0.0080697 1.3238970 0.5542225 -0.5275104 0.4439663 -0.4663305
29269.028000 0.0911026 -0.0080630 1.3238976 0.5542382 -0.5274908 0.4439534 -0.4663463
29269.128000 0.0915252 -0.0081282 1.3238715 0.5543146 -0.5275598 0.4438347 -0.4662903
29269.229000 0.0915345 -0.0081251 1.3238707 0.5543334 -0.5275447 0.4438165 -0.4663024
29269.328000 0.0915304 -0.0081198 1.3238707 0.5543507 -0.5275265 0.4438012 -0.4663170
29269.428000 0.0915264 -0.0081145 1.3238707 0.5543679 -0.5275084 0.4437860 -0.4663314
29269.528000 0.0915223 -0.0081092 1.3238707 0.5543851 -0.5274904 0.4437709 -0.4663459
29269.629000 0.0915183 -0.0081039 1.3238707 0.5544022 -0.5274724 0.4437557 -0.4663603
29269.728000 0.0910917 -0.0080289 1.3238965 0.5543609 -0.5273680 0.4438429 -0.4664446
29269.829000 0.0914969 -0.0080911 1.3238715 0.5544347 -0.5274336 0.4437286 -0.4663914
29269.928000 0.0915062 -0.0080879 1.3238707 0.5544537 -0.5274183 0.4437102 -0.4664036
29270.028000 0.0915022 -0.0080826 1.3238707 0.5544708 -0.5274003 0.4436950 -0.4664180
29270.128000 0.0910671 -0.0080064 1.3238970 0.5544283 -0.5272941 0.4437842 -0.4665037
29270.228000 0.0910541 -0.0079997 1.3238975 0.5544442 -0.5272743 0.4437712 -0.4665196
29270.328000 0.0914768 -0.0080646 1.3238715 0.5545205 -0.5273434 0.4436527 -0.4664635
29270.428000 0.0910549 -0.0079906 1.3238970 0.5544798 -0.5272400 0.4437387 -0.4665470
29270.528000 0.0910421 -0.0079839 1.3238975 0.5544955 -0.5272203 0.4437258 -0.4665628
29270.629000 0.0914648 -0.0080487 1.3238715 0.5545720 -0.5272893 0.4436071 -0.4665068
29270.728000 0.0910428 -0.0079748 1.3238970 0.5545313 -0.5271859 0.4436931 -0.4665904
29270.828000 0.0910299 -0.0079681 1.3238975 0.5545470 -0.5271662 0.4436802 -0.4666061
29270.929000 0.0914527 -0.0080328 1.3238715 0.5546235 -0.5272351 0.4435616 -0.4665502
29271.028000 0.0910392 -0.0079604 1.3238965 0.5545839 -0.5271334 0.4436455 -0.4666323
29271.129000 0.0914402 -0.0080215 1.3238718 0.5546570 -0.5271983 0.4435324 -0.4665796
29271.228000 0.0914537 -0.0080191 1.3238707 0.5546768 -0.5271836 0.4435128 -0.4665913
29271.328000 0.0914497 -0.0080138 1.3238707 0.5546940 -0.5271656 0.4434976 -0.4666058
29271.428000 0.0910188 -0.0079387 1.3238967 0.5546519 -0.5270605 0.4435859 -0.4666906
29271.528000 0.0910015 -0.0079312 1.3238975 0.5546674 -0.5270396 0.4435737 -0.4667074
29271.628000 0.0909975 -0.0079259 1.3238975 0.5546845 -0.5270215 0.4435585 -0.4667219
29271.728000 0.0909934 -0.0079207 1.3238975 0.5547017 -0.5270034 0.4435433 -0.4667363
29271.829000 0.0914161 -0.0079852 1.3238715 0.5547780 -0.5270725 0.4434248 -0.4666802
29271.928000 0.0914254 -0.0079821 1.3238707 0.5547970 -0.5270571 0.4434064 -0.4666924
29272.028000 0.0914213 -0.0079768 1.3238707 0.5548142 -0.5270390 0.4433911 -0.4667069
29272.128000 0.0914173 -0.0079715 1.3238707 0.5548314 -0.5270210 0.4433759 -0.4667213
29272.229000 0.0914132 -0.0079662 1.3238707 0.5548486 -0.5270029 0.4433607 -0.4667358
29272.328000 0.0914091 -0.0079609 1.3238707 0.5548658 -0.5269848 0.4433455 -0.4667502
29272.428000 0.0909824 -0.0078867 1.3238965 0.5548244 -0.5268804 0.4434326 -0.4668346
29272.528000 0.0913835 -0.0079475 1.3238718 0.5548975 -0.5269452 0.4433195 -0.4667819
29272.628000 0.0913970 -0.0079451 1.3238707 0.5549173 -0.5269305 0.4432998 -0.4667936
29272.728000 0.0913929 -0.0079398 1.3238707 0.5549345 -0.5269124 0.4432846 -0.4668081
29272.828000 0.0913888 -0.0079345 1.3238707 0.5549517 -0.5268943 0.4432694 -0.4668225
29272.928000 0.0909579 -0.0078598 1.3238967 0.5549095 -0.5267892 0.4433576 -0.4669075
29273.028000 0.0913675 -0.0079218 1.3238715 0.5549842 -0.5268554 0.4432421 -0.4668536
29273.129000 0.0909539 -0.0078499 1.3238965 0.5549446 -0.5267537 0.4433260 -0.4669358
29273.228000 0.0909324 -0.0078418 1.3238975 0.5549594 -0.5267320 0.4433149 -0.4669532
29273.328000 0.0913551 -0.0079059 1.3238715 0.5550358 -0.5268011 0.4431965 -0.4668970
29273.428000 0.0909417 -0.0078342 1.3238965 0.5549962 -0.5266994 0.4432802 -0.4669792
29273.529000 0.0913470 -0.0078954 1.3238715 0.5550702 -0.5267648 0.4431660 -0.4669260
29273.628000 0.0909250 -0.0078223 1.3238970 0.5550294 -0.5266614 0.4432518 -0.4670096
29273.728000 0.0913391 -0.0078848 1.3238715 0.5551046 -0.5267287 0.4431354 -0.4669548
29273.828000 0.0913481 -0.0078817 1.3238707 0.5551236 -0.5267132 0.4431170 -0.4669671
29273.928000 0.0913440 -0.0078764 1.3238707 0.5551408 -0.5266951 0.4431018 -0.4669816
29274.029000 0.0909086 -0.0078013 1.3238970 0.5550982 -0.5265889 0.4431908 -0.4670674
29274.128000 0.0908957 -0.0077946 1.3238975 0.5551141 -0.5265690 0.4431777 -0.4670834
29274.229000 0.0913184 -0.0078584 1.3238715 0.5551905 -0.5266380 0.4430593 -0.4670272
29274.328000 0.0913277 -0.0078553 1.3238707 0.5552096 -0.5266226 0.4430408 -0.4670395
29274.428000 0.0913236 -0.0078500 1.3238707 0.5552268 -0.5266044 0.4430255 -0.4670539
29274.528000 0.0913195 -0.0078448 1.3238707 0.5552440 -0.5265863 0.4430103 -0.4670684
29274.628000 0.0913154 -0.0078395 1.3238707 0.5552612 -0.5265681 0.4429950 -0.4670829
29274.729000 0.0908800 -0.0077646 1.3238970 0.5552186 -0.5264620 0.4430840 -0.4671688
29274.828000 0.0912941 -0.0078269 1.3238715 0.5552938 -0.5265292 0.4429676 -0.4671140
29274.928000 0.0913032 -0.0078237 1.3238707 0.5553126 -0.5265139 0.4429494 -0.4671262
29275.028000 0.0912990 -0.0078184 1.3238707 0.5553300 -0.5264956 0.4429339 -0.4671408
29275.128000 0.0912949 -0.0078132 1.3238707 0.5553472 -0.5264774 0.4429187 -0.4671553
29275.228000 0.0912908 -0.0078079 1.3238707 0.5553644 -0.5264593 0.4429034 -0.4671697
29275.328000 0.0912867 -0.0078026 1.3238707 0.5553816 -0.5264411 0.4428881 -0.4671842
29275.428000 0.0908513 -0.0077279 1.3238970 0.5553390 -0.5263350 0.4429771 -0.4672701
29275.528000 0.0912654 -0.0077900 1.3238715 0.5554143 -0.5264021 0.4428607 -0.4672153
29275.628000 0.0908516 -0.0077188 1.3238965 0.5553746 -0.5263004 0.4429445 -0.4672977
29275.728000 0.0912570 -0.0077794 1.3238715 0.5554487 -0.5263657 0.4428302 -0.4672443
29275.828000 0.0908434 -0.0077083 1.3238965 0.5554090 -0.5262641 0.4429139 -0.4673266
29275.928000 0.0912488 -0.0077689 1.3238715 0.5554831 -0.5263294 0.4427997 -0.4672733
29276.028000 0.0912580 -0.0077658 1.3238707 0.5555022 -0.5263140 0.4427812 -0.4672856
29276.128000 0.0912539 -0.0077605 1.3238707 0.5555194 -0.5262958 0.4427659 -0.4673001
29276.229000 0.0908184 -0.0076860 1.3238970 0.5554767 -0.5261896 0.4428548 -0.4673860
29276.328000 0.0908054 -0.0076794 1.3238975 0.5554925 -0.5261698 0.4428418 -0.4674018
29276.428000 0.0912281 -0.0077426 1.3238715 0.5555692 -0.5262385 0.4427233 -0.4673458
29276.529000 0.0912374 -0.0077395 1.3238707 0.5555883 -0.5262231 0.4427047 -0.4673580
29276.628000 0.0912333 -0.0077342 1.3238707 0.5556055 -0.5262049 0.4426894 -0.4673725
29276.728000 0.0912292 -0.0077289 1.3238707 0.5556227 -0.5261867 0.4426741 -0.4673870
29276.829000 0.0908022 -0.0076560 1.3238965 0.5555812 -0.5260823 0.4427610 -0.4674715
29276.928000 0.0912076 -0.0077163 1.3238715 0.5556553 -0.5261476 0.4426467 -0.4674182
29277.028000 0.0912168 -0.0077132 1.3238707 0.5556744 -0.5261321 0.4426282 -0.4674305
29277.128000 0.0907813 -0.0076389 1.3238970 0.5556317 -0.5260260 0.4427171 -0.4675164
29277.228000 0.0911955 -0.0077006 1.3238715 0.5557070 -0.5260931 0.4426007 -0.4674616
29277.329000 0.0907816 -0.0076299 1.3238965 0.5556674 -0.5259913 0.4426844 -0.4675440
29277.428000 0.0911870 -0.0076900 1.3238715 0.5557415 -0.5260566 0.4425702 -0.4674907
29277.528000 0.0907648 -0.0076180 1.3238970 0.5557006 -0.5259532 0.4426559 -0.4675744
29277.628000 0.0911790 -0.0076796 1.3238715 0.5557760 -0.5260203 0.4425395 -0.4675196
29277.729000 0.0911879 -0.0076764 1.3238707 0.5557950 -0.5260047 0.4425210 -0.4675319
29277.828000 0.0911838 -0.0076712 1.3238707 0.5558122 -0.5259865 0.4425057 -0.4675464
29277.929000 0.0907567 -0.0075985 1.3238965 0.5557707 -0.5258821 0.4425925 -0.4676310
29278.028000 0.0907352 -0.0075905 1.3238975 0.5557856 -0.5258603 0.4425814 -0.4676484
29278.128000 0.0911580 -0.0076533 1.3238715 0.5558621 -0.5259291 0.4424629 -0.4675922
29278.228000 0.0911672 -0.0076502 1.3238707 0.5558812 -0.5259136 0.4424444 -0.4676044
29278.328000 0.0907316 -0.0075763 1.3238970 0.5558385 -0.5258075 0.4425332 -0.4676905
29278.428000 0.0911459 -0.0076376 1.3238715 0.5559139 -0.5258745 0.4424169 -0.4676356
29278.528000 0.0911548 -0.0076344 1.3238707 0.5559329 -0.5258590 0.4423984 -0.4676480
29278.628000 0.0907277 -0.0075620 1.3238965 0.5558914 -0.5257545 0.4424852 -0.4677326
29278.728000 0.0907061 -0.0075540 1.3238975 0.5559062 -0.5257328 0.4424740 -0.4677500
29278.828000 0.0911290 -0.0076166 1.3238715 0.5559828 -0.5258015 0.4423556 -0.4676937
29278.928000 0.0907067 -0.0075450 1.3238970 0.5559419 -0.5256981 0.4424412 -0.4677775
29279.028000 0.0911210 -0.0076061 1.3238715 0.5560173 -0.5257651 0.4423248 -0.4677227
29279.128000 0.0911299 -0.0076029 1.3238707 0.5560364 -0.5257495 0.4423063 -0.4677350
29279.228000 0.0911258 -0.0075977 1.3238707 0.5560537 -0.5257313 0.4422910 -0.4677495
29279.328000 0.0911216 -0.0075925 1.3238707 0.5560709 -0.5257131 0.4422756 -0.4677640
29279.428000 0.0911174 -0.0075872 1.3238707 0.5560882 -0.5256948 0.4422603 -0.4677785
29279.528000 0.0911133 -0.0075820 1.3238707 0.5561054 -0.5256766 0.4422449 -0.4677931
29279.628000 0.0911091 -0.0075767 1.3238707 0.5561227 -0.5256583 0.4422296 -0.4678076
29279.728000 0.0911050 -0.0075715 1.3238707 0.5561399 -0.5256401 0.4422142 -0.4678221
29279.828000 0.0911008 -0.0075663 1.3238707 0.5561572 -0.5256218 0.4421989 -0.4678366
29279.928000 0.0910966 -0.0075610 1.3238707 0.5561744 -0.5256035 0.4421835 -0.4678511
29280.028000 0.0906695 -0.0074890 1.3238965 0.5561329 -0.5254991 0.4422702 -0.4679358
29280.128000 0.0910707 -0.0075478 1.3238718 0.5562063 -0.5255636 0.4421572 -0.4678829
29280.228000 0.0910842 -0.0075454 1.3238707 0.5562260 -0.5255489 0.4421376 -0.4678945
29280.328000 0.0910800 -0.0075401 1.3238707 0.5562435 -0.5255305 0.4421221 -0.4679092
29280.429000 0.0906528 -0.0074682 1.3238965 0.5562019 -0.5254261 0.4422088 -0.4679939
29280.528000 0.0906312 -0.0074602 1.3238975 0.5562168 -0.5254042 0.4421976 -0.4680113
29280.629000 0.0906270 -0.0074550 1.3238975 0.5562340 -0.5253860 0.4421822 -0.4680258
29280.728000 0.0910502 -0.0075171 1.3238715 0.5563107 -0.5254547 0.4420637 -0.4679695
29280.828000 0.0910591 -0.0075139 1.3238707 0.5563298 -0.5254391 0.4420452 -0.4679818
29280.928000 0.0910549 -0.0075087 1.3238707 0.5563471 -0.5254208 0.4420298 -0.4679963
29281.028000 0.0910507 -0.0075035 1.3238707 0.5563643 -0.5254025 0.4420144 -0.4680109
29281.128000 0.0910465 -0.0074982 1.3238707 0.5563816 -0.5253843 0.4419990 -0.4680254
29281.228000 0.0910424 -0.0074930 1.3238707 0.5563989 -0.5253660 0.4419837 -0.4680399
29281.328000 0.0906066 -0.0074200 1.3238970 0.5563561 -0.5252598 0.4420724 -0.4681261
29281.428000 0.0910209 -0.0074805 1.3238715 0.5564316 -0.5253267 0.4419560 -0.4680711
29281.528000 0.0910298 -0.0074773 1.3238707 0.5564507 -0.5253111 0.4419375 -0.4680835
29281.628000 0.0905940 -0.0074044 1.3238970 0.5564079 -0.5252049 0.4420262 -0.4681697
29281.728000 0.0910083 -0.0074648 1.3238715 0.5564834 -0.5252718 0.4419099 -0.4681147
29281.829000 0.0910172 -0.0074616 1.3238707 0.5565025 -0.5252562 0.4418913 -0.4681271
29281.928000 0.0905900 -0.0073901 1.3238965 0.5564609 -0.5251518 0.4419780 -0.4682119
29282.028000 0.0909955 -0.0074491 1.3238715 0.5565352 -0.5252169 0.4418637 -0.4681584
29282.128000 0.0910046 -0.0074460 1.3238707 0.5565543 -0.5252013 0.4418451 -0.4681707
29282.228000 0.0905732 -0.0073739 1.3238967 0.5565120 -0.5250962 0.4419329 -0.4682560
29282.328000 0.0909830 -0.0074335 1.3238715 0.5565870 -0.5251620 0.4418175 -0.4682020
29282.428000 0.0905604 -0.0073628 1.3238970 0.5565461 -0.5250585 0.4419030 -0.4682860
29282.528000 0.0909747 -0.0074230 1.3238715 0.5566216 -0.5251254 0.4417866 -0.4682310
29282.628000 0.0905520 -0.0073525 1.3238970 0.5565807 -0.5250219 0.4418722 -0.4683151
29282.729000 0.0905389 -0.0073459 1.3238975 0.5565966 -0.5250019 0.4418590 -0.4683309
29282.828000 0.0909620 -0.0074074 1.3238715 0.5566735 -0.5250704 0.4417404 -0.4682747
29282.928000 0.0909710 -0.0074042 1.3238707 0.5566926 -0.5250547 0.4417218 -0.4682870
29283.028000 0.0909668 -0.0073990 1.3238707 0.5567099 -0.5250364 0.4417064 -0.4683016
29283.128000 0.0905353 -0.0073272 1.3238967 0.5566675 -0.5249313 0.4417942 -0.4683869
29283.228000 0.0909451 -0.0073865 1.3238715 0.5567426 -0.5249971 0.4416787 -0.4683328
29283.328000 0.0905310 -0.0073175 1.3238965 0.5567029 -0.5248953 0.4417621 -0.4684155
29283.428000 0.0909366 -0.0073761 1.3238715 0.5567772 -0.5249603 0.4416479 -0.4683619
29283.528000 0.0905226 -0.0073071 1.3238965 0.5567374 -0.5248586 0.4417313 -0.4684446
29283.628000 0.0905009 -0.0072992 1.3238975 0.5567523 -0.5248367 0.4417201 -0.4684620
29283.729000 0.0904967 -0.0072940 1.3238975 0.5567696 -0.5248184 0.4417046 -0.4684766
29283.829000 0.0909199 -0.0073553 1.3238715 0.5568464 -0.5248870 0.4415861 -0.4684201
29283.928000 0.0909288 -0.0073521 1.3238707 0.5568655 -0.5248713 0.4415675 -0.4684325
29284.029000 0.0909246 -0.0073469 1.3238707 0.5568828 -0.5248530 0.4415521 -0.4684470
29284.128000 0.0904886 -0.0072747 1.3238970 0.5568400 -0.5247468 0.4416407 -0.4685333
29284.228000 0.0909030 -0.0073344 1.3238715 0.5569156 -0.5248136 0.4415244 -0.4684783
29284.328000 0.0909119 -0.0073312 1.3238707 0.5569347 -0.5247979 0.4415058 -0.4684907
29284.428000 0.0909076 -0.0073260 1.3238707 0.5569520 -0.5247796 0.4414903 -0.4685052
29284.528000 0.0909034 -0.0073208 1.3238707 0.5569693 -0.5247612 0.4414749 -0.4685198
29284.628000 0.0904718 -0.0072495 1.3238967 0.5569269 -0.5246561 0.4415626 -0.4686052
29284.729000 0.0908775 -0.0073078 1.3238717 0.5570013 -0.5247211 0.4414483 -0.4685517
29284.828000 0.0908907 -0.0073052 1.3238707 0.5570212 -0.5247061 0.4414285 -0.4685635
29284.928000 0.0908865 -0.0073000 1.3238707 0.5570385 -0.5246877 0.4414131 -0.4685780
29285.029000 0.0908822 -0.0072949 1.3238707 0.5570557 -0.5246695 0.4413978 -0.4685924
29285.128000 0.0908780 -0.0072896 1.3238707 0.5570731 -0.5246510 0.4413822 -0.4686071
29285.228000 0.0904547 -0.0072197 1.3238962 0.5570319 -0.5245476 0.4414678 -0.4686912
29285.328000 0.0908560 -0.0072771 1.3238715 0.5571059 -0.5246115 0.4413545 -0.4686385
29285.428000 0.0908652 -0.0072740 1.3238707 0.5571251 -0.5245958 0.4413358 -0.4686508
29285.528000 0.0908610 -0.0072688 1.3238707 0.5571424 -0.5245775 0.4413203 -0.4686654
29285.628000 0.0904249 -0.0071970 1.3238970 0.5570995 -0.5244713 0.4414089 -0.4687517
29285.728000 0.0908394 -0.0072564 1.3238715 0.5571752 -0.5245380 0.4412925 -0.4686967
29285.828000 0.0904164 -0.0071867 1.3238970 0.5571342 -0.5244345 0.4413779 -0.4687809
29285.929000 0.0908309 -0.0072460 1.3238715 0.5572098 -0.5245012 0.4412616 -0.4687258
29286.028000 0.0908397 -0.0072428 1.3238707 0.5572290 -0.5244855 0.4412430 -0.4687382
29286.128000 0.0908354 -0.0072376 1.3238707 0.5572463 -0.5244671 0.4412275 -0.4687528
29286.228000 0.0908312 -0.0072324 1.3238707 0.5572636 -0.5244487 0.4412120 -0.4687673
29286.329000 0.0903951 -0.0071609 1.3238970 0.5572207 -0.5243425 0.4413005 -0.4688537
29286.428000 0.0908095 -0.0072200 1.3238715 0.5572964 -0.5244092 0.4411842 -0.4687987
29286.528000 0.0908184 -0.0072168 1.3238707 0.5573156 -0.5243935 0.4411655 -0.4688111
29286.628000 0.0903823 -0.0071454 1.3238970 0.5572727 -0.5242873 0.4412541 -0.4688974
29286.728000 0.0903691 -0.0071389 1.3238975 0.5572888 -0.5242671 0.4412407 -0.4689135
29286.828000 0.0903648 -0.0071337 1.3238975 0.5573061 -0.5242487 0.4412252 -0.4689281
29286.928000 0.0903605 -0.0071285 1.3238975 0.5573234 -0.5242303 0.4412097 -0.4689426
29287.029000 0.0907881 -0.0071895 1.3238712 0.5574011 -0.5242994 0.4410901 -0.4688855
29287.129000 0.0907927 -0.0071857 1.3238707 0.5574195 -0.5242830 0.4410726 -0.4688985
29287.228000 0.0907884 -0.0071805 1.3238707 0.5574368 -0.5242646 0.4410571 -0.4689131
29287.328000 0.0903609 -0.0071106 1.3238964 0.5573951 -0.5241602 0.4411435 -0.4689981
29287.428000 0.0907665 -0.0071681 1.3238715 0.5574696 -0.5242250 0.4410293 -0.4689444
29287.528000 0.0907756 -0.0071650 1.3238707 0.5574888 -0.5242093 0.4410106 -0.4689568
29287.628000 0.0907713 -0.0071598 1.3238707 0.5575061 -0.5241909 0.4409951 -0.4689714
29287.728000 0.0907670 -0.0071546 1.3238707 0.5575235 -0.5241724 0.4409796 -0.4689860
29287.828000 0.0907627 -0.0071494 1.3238707 0.5575408 -0.5241540 0.4409641 -0.4690005
29287.928000 0.0903351 -0.0070796 1.3238964 0.5574991 -0.5240496 0.4410505 -0.4690856
29288.028000 0.0903134 -0.0070718 1.3238975 0.5575140 -0.5240276 0.4410392 -0.4691030
29288.128000 0.0907368 -0.0071319 1.3238715 0.5575910 -0.5240960 0.4409207 -0.4690465
29288.228000 0.0903264 -0.0070649 1.3238962 0.5575515 -0.5239953 0.4410031 -0.4691285
29288.328000 0.0907278 -0.0071214 1.3238715 0.5576256 -0.5240591 0.4408898 -0.4690757
29288.428000 0.0903136 -0.0070539 1.3238964 0.5575858 -0.5239574 0.4409729 -0.4691585
29288.529000 0.0907193 -0.0071111 1.3238715 0.5576603 -0.5240222 0.4408587 -0.4691049
29288.628000 0.0907284 -0.0071080 1.3238707 0.5576795 -0.5240064 0.4408399 -0.4691172
29288.728000 0.0907241 -0.0071028 1.3238707 0.5576967 -0.5239882 0.4408246 -0.4691317
29288.829000 0.0907198 -0.0070976 1.3238707 0.5577142 -0.5239695 0.4408089 -0.4691464
29288.928000 0.0902963 -0.0070288 1.3238962 0.5576729 -0.5238661 0.4408944 -0.4692306
29289.028000 0.0906976 -0.0070852 1.3238715 0.5577470 -0.5239299 0.4407811 -0.4691778
29289.128000 0.0902749 -0.0070165 1.3238970 0.5577060 -0.5238264 0.4408662 -0.4692621
29289.228000 0.0906894 -0.0070749 1.3238715 0.5577817 -0.5238930 0.4407499 -0.4692069
29289.328000 0.0906982 -0.0070717 1.3238707 0.5578011 -0.5238770 0.4407311 -0.4692195
29289.428000 0.0906939 -0.0070666 1.3238707 0.5578183 -0.5238587 0.4407157 -0.4692339
29289.528000 0.0906896 -0.0070614 1.3238707 0.5578356 -0.5238403 0.4407001 -0.4692485
29289.628000 0.0902577 -0.0069915 1.3238967 0.5577931 -0.5237352 0.4407876 -0.4693342
29289.729000 0.0906677 -0.0070491 1.3238715 0.5578685 -0.5238006 0.4406722 -0.4692799
29289.828000 0.0906766 -0.0070459 1.3238707 0.5578877 -0.5237848 0.4406535 -0.4692923
29289.928000 0.0902447 -0.0069761 1.3238967 0.5578452 -0.5236797 0.4407410 -0.4693780
29290.028000 0.0902271 -0.0069689 1.3238975 0.5578608 -0.5236584 0.4407285 -0.4693949
29290.128000 0.0906460 -0.0070278 1.3238717 0.5579371 -0.5237260 0.4406113 -0.4693389
29290.228000 0.0902361 -0.0069613 1.3238964 0.5578980 -0.5236250 0.4406931 -0.4694212
29290.329000 0.0902141 -0.0069535 1.3238975 0.5579129 -0.5236029 0.4406818 -0.4694387
29290.428000 0.0906330 -0.0070123 1.3238717 0.5579892 -0.5236705 0.4405646 -0.4693827
29290.528000 0.0906463 -0.0070097 1.3238707 0.5580091 -0.5236554 0.4405446 -0.4693945
29290.628000 0.0906420 -0.0070046 1.3238707 0.5580265 -0.5236369 0.4405291 -0.4694091
29290.728000 0.0902100 -0.0069350 1.3238967 0.5579840 -0.5235318 0.4406165 -0.4694948
29290.828000 0.0906201 -0.0069922 1.3238715 0.5580594 -0.5235973 0.4405011 -0.4694405
29290.928000 0.0906289 -0.0069891 1.3238707 0.5580786 -0.5235814 0.4404824 -0.4694529
29291.028000 0.0901970 -0.0069196 1.3238967 0.5580361 -0.5234763 0.4405698 -0.4695386
29291.128000 0.0906070 -0.0069768 1.3238715 0.5581115 -0.5235417 0.4404544 -0.4694843
29291.228000 0.0901924 -0.0069099 1.3238964 0.5580716 -0.5234400 0.4405375 -0.4695673
29291.328000 0.0905982 -0.0069664 1.3238715 0.5581462 -0.5235047 0.4404233 -0.4695136
29291.428000 0.0906072 -0.0069633 1.3238707 0.5581654 -0.5234889 0.4404045 -0.4695260
29291.528000 0.0906029 -0.0069581 1.3238707 0.5581828 -0.5234704 0.4403890 -0.4695406
29291.628000 0.0905985 -0.0069530 1.3238707 0.5582001 -0.5234518 0.4403734 -0.4695552
29291.728000 0.0905941 -0.0069478 1.3238707 0.5582175 -0.5234333 0.4403578 -0.4695698
29291.829000 0.0905898 -0.0069427 1.3238707 0.5582349 -0.5234148 0.4403422 -0.4695844
29291.928000 0.0901578 -0.0068734 1.3238967 0.5581923 -0.5233097 0.4404296 -0.4696701
29292.028000 0.0901401 -0.0068663 1.3238975 0.5582080 -0.5232883 0.4404171 -0.4696871
29292.128000 0.0901358 -0.0068612 1.3238975 0.5582254 -0.5232698 0.4404015 -0.4697017
29292.228000 0.0905590 -0.0069200 1.3238715 0.5583025 -0.5233380 0.4402831 -0.4696451
29292.328000 0.0905680 -0.0069169 1.3238707 0.5583217 -0.5233222 0.4402643 -0.4696575
29292.429000 0.0901359 -0.0068478 1.3238967 0.5582792 -0.5232170 0.4403517 -0.4697432
29292.528000 0.0901183 -0.0068407 1.3238975 0.5582949 -0.5231956 0.4403391 -0.4697602
29292.628000 0.0905330 -0.0068982 1.3238720 0.5583708 -0.5232621 0.4402227 -0.4697049
29292.728000 0.0905505 -0.0068963 1.3238707 0.5583912 -0.5232480 0.4402019 -0.4697159
29292.828000 0.0905461 -0.0068911 1.3238707 0.5584086 -0.5232295 0.4401863 -0.4697305
29292.928000 0.0901224 -0.0068235 1.3238962 0.5583672 -0.5231260 0.4402716 -0.4698149
29293.029000 0.0905239 -0.0068788 1.3238715 0.5584415 -0.5231896 0.4401583 -0.4697620
29293.128000 0.0901009 -0.0068113 1.3238969 0.5584004 -0.5230862 0.4402433 -0.4698464
29293.229000 0.0905072 -0.0068674 1.3238720 0.5584751 -0.5231509 0.4401290 -0.4697926
29293.328000 0.0905242 -0.0068654 1.3238707 0.5584955 -0.5231367 0.4401083 -0.4698036
29293.429000 0.0905198 -0.0068603 1.3238707 0.5585129 -0.5231182 0.4400927 -0.4698183
29293.528000 0.0905154 -0.0068551 1.3238707 0.5585303 -0.5230996 0.4400771 -0.4698329
29293.628000 0.0905111 -0.0068500 1.3238707 0.5585476 -0.5230810 0.4400614 -0.4698475
29293.728000 0.0900831 -0.0067819 1.3238964 0.5585058 -0.5229766 0.4401476 -0.4699328
29293.828000 0.0900613 -0.0067742 1.3238975 0.5585208 -0.5229545 0.4401362 -0.4699503
29293.928000 0.0900569 -0.0067691 1.3238975 0.5585380 -0.5229361 0.4401207 -0.4699648
29294.028000 0.0904803 -0.0068275 1.3238715 0.5586153 -0.5230041 0.4400021 -0.4699082
29294.128000 0.0904891 -0.0068243 1.3238707 0.5586346 -0.5229882 0.4399833 -0.4699206
29294.228000 0.0904847 -0.0068192 1.3238707 0.5586520 -0.5229696 0.4399677 -0.4699353
29294.328000 0.0900482 -0.0067500 1.3238969 0.5586090 -0.5228635 0.4400559 -0.4700220
29294.428000 0.0904628 -0.0068069 1.3238715 0.5586849 -0.5229298 0.4399396 -0.4699667
29294.528000 0.0900437 -0.0067404 1.3238967 0.5586442 -0.5228274 0.4400238 -0.4700504
29294.628000 0.0904538 -0.0067967 1.3238715 0.5587197 -0.5228926 0.4399084 -0.4699960
29294.728000 0.0900305 -0.0067295 1.3238969 0.5586785 -0.5227891 0.4399934 -0.4700805
29294.829000 0.0904452 -0.0067864 1.3238715 0.5587545 -0.5228555 0.4398771 -0.4700252
29294.928000 0.0904538 -0.0067832 1.3238707 0.5587737 -0.5228396 0.4398583 -0.4700377
29295.029000 0.0904495 -0.0067781 1.3238707 0.5587909 -0.5228212 0.4398428 -0.4700522
29295.128000 0.0904450 -0.0067730 1.3238707 0.5588085 -0.5228024 0.4398270 -0.4700669
29295.228000 0.0900170 -0.0067053 1.3238964 0.5587667 -0.5226979 0.4399131 -0.4701522
29295.328000 0.0904228 -0.0067607 1.3238715 0.5588414 -0.5227625 0.4397989 -0.4700984
29295.428000 0.0900081 -0.0066951 1.3238964 0.5588015 -0.5226608 0.4398818 -0.4701815
29295.528000 0.0904140 -0.0067505 1.3238715 0.5588762 -0.5227253 0.4397676 -0.4701277
29295.628000 0.0899907 -0.0066836 1.3238969 0.5588350 -0.5226218 0.4398526 -0.4702122
29295.728000 0.0904054 -0.0067403 1.3238715 0.5589110 -0.5226881 0.4397363 -0.4701569
29295.829000 0.0904141 -0.0067371 1.3238707 0.5589303 -0.5226722 0.4397175 -0.4701694
29295.928000 0.0904096 -0.0067320 1.3238707 0.5589477 -0.5226536 0.4397018 -0.4701840
29296.029000 0.0899816 -0.0066645 1.3238964 0.5589058 -0.5225491 0.4397879 -0.4702694
29296.128000 0.0903874 -0.0067197 1.3238715 0.5589806 -0.5226137 0.4396737 -0.4702155
29296.228000 0.0903963 -0.0067166 1.3238707 0.5589999 -0.5225977 0.4396549 -0.4702279
29296.328000 0.0903919 -0.0067115 1.3238707 0.5590173 -0.5225791 0.4396392 -0.4702426
29296.428000 0.0903875 -0.0067063 1.3238707 0.5590347 -0.5225605 0.4396235 -0.4702572
29296.528000 0.0903830 -0.0067012 1.3238707 0.5590521 -0.5225419 0.4396079 -0.4702719
29296.628000 0.0903786 -0.0066961 1.3238707 0.5590695 -0.5225233 0.4395922 -0.4702865
29296.728000 0.0903741 -0.0066910 1.3238707 0.5590869 -0.5225046 0.4395765 -0.4703012
29296.828000 0.0899374 -0.0066225 1.3238969 0.5590439 -0.5223985 0.4396646 -0.4703880
29296.928000 0.0903521 -0.0066788 1.3238715 0.5591199 -0.5224647 0.4395483 -0.4703326
29297.028000 0.0903608 -0.0066756 1.3238707 0.5591391 -0.5224488 0.4395295 -0.4703451
29297.128000 0.0899241 -0.0066073 1.3238969 0.5590961 -0.5223426 0.4396176 -0.4704319
29297.228000 0.0903388 -0.0066635 1.3238715 0.5591721 -0.5224088 0.4395013 -0.4703766
29297.329000 0.0899195 -0.0065978 1.3238967 0.5591313 -0.5223064 0.4395853 -0.4704603
29297.428000 0.0903297 -0.0066532 1.3238715 0.5592069 -0.5223715 0.4394700 -0.4704059
29297.528000 0.0903385 -0.0066501 1.3238707 0.5592260 -0.5223558 0.4394513 -0.4704182
29297.628000 0.0899019 -0.0065819 1.3238969 0.5591831 -0.5222494 0.4395392 -0.4705051
29297.728000 0.0903165 -0.0066379 1.3238715 0.5592592 -0.5223156 0.4394229 -0.4704498
29297.828000 0.0903251 -0.0066347 1.3238707 0.5592784 -0.5222996 0.4394041 -0.4704623
29297.929000 0.0903207 -0.0066296 1.3238707 0.5592959 -0.5222810 0.4393884 -0.4704769
29298.028000 0.0898883 -0.0065622 1.3238967 0.5592532 -0.5221759 0.4394755 -0.4705629
29298.128000 0.0902985 -0.0066175 1.3238715 0.5593288 -0.5222410 0.4393602 -0.4705084
29298.228000 0.0903072 -0.0066143 1.3238706 0.5593481 -0.5222250 0.4393413 -0.4705209
29298.328000 0.0903028 -0.0066092 1.3238706 0.5593655 -0.5222064 0.4393256 -0.4705355
29298.428000 0.0898706 -0.0065419 1.3238967 0.5593229 -0.5221013 0.4394127 -0.4706215
29298.528000 0.0902764 -0.0065965 1.3238717 0.5593977 -0.5221657 0.4392986 -0.4705676
29298.628000 0.0898571 -0.0065311 1.3238969 0.5593573 -0.5220629 0.4393822 -0.4706517
29298.728000 0.0902717 -0.0065869 1.3238714 0.5594334 -0.5221291 0.4392660 -0.4705963
29298.828000 0.0902803 -0.0065836 1.3238706 0.5594528 -0.5221129 0.4392470 -0.4706089
29298.928000 0.0902759 -0.0065786 1.3238706 0.5594701 -0.5220944 0.4392314 -0.4706235
29299.028000 0.0898391 -0.0065108 1.3238969 0.5594269 -0.5219882 0.4393194 -0.4707103
29299.129000 0.0902496 -0.0065659 1.3238717 0.5595023 -0.5220537 0.4392043 -0.4706555
29299.228000 0.0902624 -0.0065633 1.3238706 0.5595223 -0.5220384 0.4391843 -0.4706674
29299.328000 0.0898256 -0.0064956 1.3238969 0.5594792 -0.5219322 0.4392723 -0.4707543
29299.428000 0.0902403 -0.0065512 1.3238714 0.5595553 -0.5219984 0.4391560 -0.4706989
29299.528000 0.0898252 -0.0064867 1.3238964 0.5595153 -0.5218966 0.4392388 -0.4707822
29299.628000 0.0902311 -0.0065410 1.3238715 0.5595902 -0.5219610 0.4391247 -0.4707283
29299.729000 0.0902399 -0.0065378 1.3238706 0.5596095 -0.5219450 0.4391057 -0.4707407
29299.828000 0.0902354 -0.0065327 1.3238706 0.5596269 -0.5219263 0.4390900 -0.4707554
29299.929000 0.0902309 -0.0065276 1.3238706 0.5596443 -0.5219076 0.4390743 -0.4707700
29300.028000 0.0898026 -0.0064614 1.3238964 0.5596024 -0.5218032 0.4391602 -0.4708555
29300.129000 0.0902085 -0.0065155 1.3238715 0.5596773 -0.5218675 0.4390461 -0.4708016
29300.228000 0.0902174 -0.0065124 1.3238706 0.5596966 -0.5218516 0.4390271 -0.4708140
29300.328000 0.0902129 -0.0065073 1.3238706 0.5597140 -0.5218329 0.4390114 -0.4708287
29300.428000 0.0897804 -0.0064406 1.3238967 0.5596713 -0.5217277 0.4390984 -0.4709148
29300.528000 0.0901906 -0.0064952 1.3238715 0.5597470 -0.5217928 0.4389831 -0.4708602
29300.629000 0.0897755 -0.0064310 1.3238964 0.5597069 -0.5216910 0.4390658 -0.4709435
29300.728000 0.0901814 -0.0064850 1.3238715 0.5597819 -0.5217554 0.4389517 -0.4708896
29300.829000 0.0901902 -0.0064818 1.3238706 0.5598014 -0.5217392 0.4389326 -0.4709022
29300.928000 0.0901858 -0.0064767 1.3238706 0.5598186 -0.5217207 0.4389170 -0.4709167
29301.028000 0.0901812 -0.0064717 1.3238706 0.5598361 -0.5217020 0.4389013 -0.4709313
29301.129000 0.0897443 -0.0064045 1.3238969 0.5597929 -0.5215958 0.4389892 -0.4710183
29301.228000 0.0897309 -0.0063982 1.3238975 0.5598091 -0.5215753 0.4389756 -0.4710345
29301.328000 0.0897263 -0.0063931 1.3238975 0.5598265 -0.5215566 0.4389598 -0.4710491
29301.428000 0.0901500 -0.0064495 1.3238714 0.5599040 -0.5216245 0.4388414 -0.4709922
29301.528000 0.0901586 -0.0064463 1.3238706 0.5599232 -0.5216084 0.4388226 -0.4710047
29301.628000 0.0901540 -0.0064412 1.3238706 0.5599407 -0.5215897 0.4388068 -0.4710194
29301.729000 0.0897171 -0.0063742 1.3238969 0.5598975 -0.5214835 0.4388947 -0.4711063
29301.828000 0.0897037 -0.0063679 1.3238975 0.5599135 -0.5214632 0.4388812 -0.4711224
29301.928000 0.0896991 -0.0063628 1.3238975 0.5599311 -0.5214443 0.4388653 -0.4711372
29302.029000 0.0901225 -0.0064190 1.3238715 0.5600086 -0.5215121 0.4387470 -0.4710803
29302.128000 0.0896989 -0.0063540 1.3238969 0.5599672 -0.5214086 0.4388317 -0.4711650
29302.228000 0.0901095 -0.0064083 1.3238717 0.5600427 -0.5214740 0.4387166 -0.4711101
29302.328000 0.0896985 -0.0063452 1.3238964 0.5600033 -0.5213729 0.4387981 -0.4711929
29302.428000 0.0901043 -0.0063987 1.3238715 0.5600783 -0.5214372 0.4386840 -0.4711390
29302.528000 0.0896807 -0.0063338 1.3238969 0.5600370 -0.5213337 0.4387686 -0.4712237
29302.628000 0.0900954 -0.0063886 1.3238714 0.5601132 -0.5213997 0.4386524 -0.4711683
29302.728000 0.0901040 -0.0063854 1.3238706 0.5601325 -0.5213837 0.4386335 -0.4711807
29302.828000 0.0896670 -0.0063187 1.3238969 0.5600893 -0.5212775 0.4387213 -0.4712678
29302.928000 0.0896535 -0.0063124 1.3238975 0.5601054 -0.5212571 0.4387079 -0.4712838
29303.028000 0.0900768 -0.0063682 1.3238715 0.5601830 -0.5213247 0.4385894 -0.4712270
29303.128000 0.0896618 -0.0063048 1.3238964 0.5601429 -0.5212230 0.4386720 -0.4713104
29303.229000 0.0896398 -0.0062973 1.3238975 0.5601578 -0.5212007 0.4386604 -0.4713280
29303.328000 0.0900635 -0.0063531 1.3238714 0.5602354 -0.5212685 0.4385420 -0.4712710
29303.428000 0.0900721 -0.0063499 1.3238706 0.5602545 -0.5212526 0.4385233 -0.4712833
29303.528000 0.0900674 -0.0063448 1.3238706 0.5602721 -0.5212337 0.4385073 -0.4712981
29303.628000 0.0900629 -0.0063398 1.3238706 0.5602895 -0.5212149 0.4384916 -0.4713128
29303.728000 0.0900583 -0.0063347 1.3238706 0.5603070 -0.5211962 0.4384758 -0.4713275
29303.828000 0.0900537 -0.0063297 1.3238706 0.5603244 -0.5211774 0.4384600 -0.4713422
29303.928000 0.0900491 -0.0063246 1.3238706 0.5603419 -0.5211587 0.4384442 -0.4713569
29304.028000 0.0900445 -0.0063195 1.3238706 0.5603593 -0.5211399 0.4384284 -0.4713715
29304.128000 0.0900400 -0.0063145 1.3238706 0.5603768 -0.5211211 0.4384127 -0.4713862
29304.228000 0.0896114 -0.0062494 1.3238964 0.5603348 -0.5210167 0.4384984 -0.4714719
29304.328000 0.0895893 -0.0062419 1.3238975 0.5603497 -0.5209944 0.4384868 -0.4714895
29304.428000 0.0895847 -0.0062369 1.3238975 0.5603672 -0.5209756 0.4384710 -0.4715042
29304.528000 0.0900082 -0.0062924 1.3238714 0.5604447 -0.5210434 0.4383527 -0.4714472
29304.628000 0.0895930 -0.0062293 1.3238964 0.5604045 -0.5209416 0.4384352 -0.4715306
29304.728000 0.0899990 -0.0062823 1.3238714 0.5604796 -0.5210058 0.4383211 -0.4714765
29304.828000 0.0900078 -0.0062791 1.3238706 0.5604989 -0.5209898 0.4383021 -0.4714890
29304.928000 0.0895707 -0.0062131 1.3238969 0.5604557 -0.5208836 0.4383899 -0.4715761
29305.029000 0.0899855 -0.0062671 1.3238714 0.5605320 -0.5209495 0.4382737 -0.4715205
29305.128000 0.0899940 -0.0062640 1.3238706 0.5605511 -0.5209336 0.4382549 -0.4715329
29305.229000 0.0899894 -0.0062589 1.3238706 0.5605688 -0.5209146 0.4382389 -0.4715477
29305.329000 0.0895608 -0.0061942 1.3238964 0.5605267 -0.5208102 0.4383246 -0.4716334
29305.428000 0.0899668 -0.0062469 1.3238714 0.5606018 -0.5208744 0.4382105 -0.4715793
29305.528000 0.0899756 -0.0062437 1.3238706 0.5606211 -0.5208583 0.4381915 -0.4715918
29305.628000 0.0899709 -0.0062387 1.3238706 0.5606386 -0.5208395 0.4381757 -0.4716064
29305.728000 0.0895423 -0.0061741 1.3238964 0.5605965 -0.5207351 0.4382614 -0.4716922
29305.828000 0.0899483 -0.0062267 1.3238714 0.5606716 -0.5207992 0.4381473 -0.4716381
29305.929000 0.0895331 -0.0061641 1.3238964 0.5606314 -0.5206975 0.4382298 -0.4717215
29306.028000 0.0895110 -0.0061566 1.3238975 0.5606464 -0.5206752 0.4382181 -0.4717392
29306.128000 0.0899345 -0.0062116 1.3238714 0.5607240 -0.5207428 0.4380999 -0.4716821
29306.228000 0.0895192 -0.0061490 1.3238964 0.5606838 -0.5206411 0.4381823 -0.4717656
29306.328000 0.0899252 -0.0062015 1.3238714 0.5607589 -0.5207052 0.4380682 -0.4717115
29306.428000 0.0899340 -0.0061984 1.3238706 0.5607782 -0.5206891 0.4380492 -0.4717239
29306.528000 0.0899293 -0.0061933 1.3238706 0.5607957 -0.5206703 0.4380334 -0.4717386
29306.628000 0.0899247 -0.0061883 1.3238706 0.5608132 -0.5206515 0.4380176 -0.4717533
29306.728000 0.0894874 -0.0061228 1.3238969 0.5607699 -0.5205454 0.4381053 -0.4718405
29306.828000 0.0894739 -0.0061165 1.3238975 0.5607861 -0.5205248 0.4380916 -0.4718567
29306.928000 0.0894693 -0.0061116 1.3238975 0.5608034 -0.5205061 0.4380759 -0.4718712
29307.028000 0.0894646 -0.0061065 1.3238975 0.5608210 -0.5204872 0.4380599 -0.4718861
29307.128000 0.0898881 -0.0061613 1.3238714 0.5608986 -0.5205548 0.4379417 -0.4718290
29307.228000 0.0898969 -0.0061581 1.3238706 0.5609179 -0.5205387 0.4379226 -0.4718414
29307.328000 0.0894596 -0.0060928 1.3238969 0.5608746 -0.5204325 0.4380103 -0.4719286
29307.428000 0.0898744 -0.0061462 1.3238714 0.5609510 -0.5204984 0.4378941 -0.4718730
29307.528000 0.0898829 -0.0061430 1.3238706 0.5609703 -0.5204822 0.4378751 -0.4718855
29307.628000 0.0898783 -0.0061380 1.3238706 0.5609878 -0.5204634 0.4378593 -0.4719002
29307.729000 0.0898736 -0.0061329 1.3238706 0.5610052 -0.5204446 0.4378435 -0.4719149
29307.828000 0.0898689 -0.0061279 1.3238706 0.5610227 -0.5204257 0.4378276 -0.4719296
29307.929000 0.0894360 -0.0060634 1.3238966 0.5609798 -0.5203207 0.4379144 -0.4720159
29308.028000 0.0894180 -0.0060566 1.3238974 0.5609956 -0.5202990 0.4379016 -0.4720330
29308.128000 0.0894134 -0.0060516 1.3238974 0.5610130 -0.5202801 0.4378857 -0.4720477
29308.228000 0.0898369 -0.0061060 1.3238714 0.5610907 -0.5203477 0.4377675 -0.4719906
29308.328000 0.0898456 -0.0061028 1.3238706 0.5611100 -0.5203316 0.4377485 -0.4720030
29308.428000 0.0898410 -0.0060978 1.3238706 0.5611275 -0.5203128 0.4377326 -0.4720177
29308.528000 0.0898363 -0.0060928 1.3238706 0.5611450 -0.5202939 0.4377168 -0.4720324
29308.628000 0.0898316 -0.0060877 1.3238706 0.5611624 -0.5202751 0.4377009 -0.4720471
29308.728000 0.0898269 -0.0060827 1.3238706 0.5611799 -0.5202563 0.4376851 -0.4720618
29308.828000 0.0898223 -0.0060777 1.3238706 0.5611973 -0.5202374 0.4376692 -0.4720765
29308.928000 0.0893849 -0.0060129 1.3238969 0.5611540 -0.5201313 0.4377568 -0.4721637
29309.028000 0.0897998 -0.0060659 1.3238714 0.5612304 -0.5201971 0.4376407 -0.4721081
29309.128000 0.0898082 -0.0060627 1.3238706 0.5612497 -0.5201809 0.4376217 -0.4721206
29309.228000 0.0893794 -0.0059991 1.3238964 0.5612076 -0.5200765 0.4377072 -0.4722064
29309.328000 0.0897855 -0.0060508 1.3238714 0.5612828 -0.5201405 0.4375932 -0.4721522
29309.428000 0.0897942 -0.0060476 1.3238706 0.5613021 -0.5201244 0.4375741 -0.4721646
29309.528000 0.0893568 -0.0059830 1.3238969 0.5612588 -0.5200182 0.4376617 -0.4722519
29309.628000 0.0893431 -0.0059768 1.3238974 0.5612750 -0.5199976 0.4376480 -0.4722681
29309.728000 0.0897667 -0.0060307 1.3238714 0.5613527 -0.5200651 0.4375297 -0.4722110
29309.828000 0.0897754 -0.0060276 1.3238706 0.5613720 -0.5200490 0.4375107 -0.4722234
29309.928000 0.0893380 -0.0059630 1.3238969 0.5613286 -0.5199428 0.4375982 -0.4723107
29310.028000 0.0897487 -0.0060152 1.3238717 0.5614043 -0.5200079 0.4374832 -0.4722556
29310.128000 0.0897613 -0.0060126 1.3238706 0.5614244 -0.5199924 0.4374631 -0.4722675
29310.228000 0.0897566 -0.0060076 1.3238706 0.5614419 -0.5199735 0.4374472 -0.4722822
29310.328000 0.0897519 -0.0060026 1.3238706 0.5614593 -0.5199547 0.4374314 -0.4722969
29310.428000 0.0897472 -0.0059975 1.3238706 0.5614768 -0.5199358 0.4374155 -0.4723116
29310.529000 0.0893097 -0.0059332 1.3238969 0.5614334 -0.5198297 0.4375030 -0.4723989
29310.628000 0.0897246 -0.0059857 1.3238714 0.5615099 -0.5198954 0.4373869 -0.4723432
29310.728000 0.0897330 -0.0059825 1.3238706 0.5615292 -0.5198792 0.4373679 -0.4723557
29310.828000 0.0897283 -0.0059775 1.3238706 0.5615467 -0.5198603 0.4373520 -0.4723704
29310.928000 0.0897236 -0.0059725 1.3238706 0.5615642 -0.5198415 0.4373361 -0.4723851
29311.028000 0.0897189 -0.0059675 1.3238706 0.5615816 -0.5198226 0.4373203 -0.4723998
29311.128000 0.0897142 -0.0059626 1.3238706 0.5615991 -0.5198037 0.4373044 -0.4724144
29311.228000 0.0892852 -0.0058996 1.3238964 0.5615569 -0.5196993 0.4373898 -0.4725004
29311.328000 0.0896913 -0.0059507 1.3238714 0.5616322 -0.5197633 0.4372758 -0.4724461
29311.428000 0.0897000 -0.0059476 1.3238706 0.5616515 -0.5197471 0.4372567 -0.4724585
29311.528000 0.0892625 -0.0058835 1.3238969 0.5616081 -0.5196410 0.4373442 -0.4725459
29311.628000 0.0896774 -0.0059358 1.3238714 0.5616846 -0.5197067 0.4372281 -0.4724901
29311.728000 0.0896858 -0.0059326 1.3238706 0.5617039 -0.5196905 0.4372091 -0.4725026
29311.828000 0.0892483 -0.0058686 1.3238969 0.5616605 -0.5195844 0.4372966 -0.4725900
29311.928000 0.0896632 -0.0059208 1.3238714 0.5617370 -0.5196501 0.4371805 -0.4725342
29312.028000 0.0896716 -0.0059176 1.3238706 0.5617563 -0.5196338 0.4371614 -0.4725467
29312.128000 0.0896669 -0.0059126 1.3238706 0.5617738 -0.5196149 0.4371456 -0.4725614
29312.228000 0.0896621 -0.0059076 1.3238706 0.5617913 -0.5195961 0.4371297 -0.4725761
29312.328000 0.0896574 -0.0059027 1.3238706 0.5618087 -0.5195772 0.4371138 -0.4725908
29312.428000 0.0896526 -0.0058977 1.3238706 0.5618262 -0.5195583 0.4370979 -0.4726055
29312.529000 0.0896479 -0.0058927 1.3238706 0.5618435 -0.5195396 0.4370822 -0.4726200
29312.628000 0.0896431 -0.0058877 1.3238706 0.5618611 -0.5195205 0.4370661 -0.4726349
29312.728000 0.0892055 -0.0058240 1.3238969 0.5618177 -0.5194144 0.4371536 -0.4727223
29312.828000 0.0896205 -0.0058760 1.3238714 0.5618942 -0.5194801 0.4370375 -0.4726665
29312.928000 0.0891960 -0.0058141 1.3238969 0.5618526 -0.5193766 0.4371218 -0.4727517
29313.029000 0.0896110 -0.0058660 1.3238714 0.5619292 -0.5194423 0.4370057 -0.4726959
29313.128000 0.0896193 -0.0058628 1.3238706 0.5619485 -0.5194260 0.4369866 -0.4727084
29313.228000 0.0891817 -0.0057993 1.3238969 0.5619050 -0.5193199 0.4370741 -0.4727958
29313.328000 0.0895967 -0.0058511 1.3238714 0.5619816 -0.5193856 0.4369580 -0.4727400
29313.428000 0.0891722 -0.0057894 1.3238969 0.5619399 -0.5192821 0.4370423 -0.4728252
29313.528000 0.0895872 -0.0058411 1.3238714 0.5620165 -0.5193478 0.4369262 -0.4727693
29313.629000 0.0895955 -0.0058379 1.3238706 0.5620358 -0.5193315 0.4369071 -0.4727818
29313.728000 0.0895907 -0.0058330 1.3238706 0.5620533 -0.5193126 0.4368912 -0.4727965
29313.829000 0.0895860 -0.0058280 1.3238706 0.5620708 -0.5192937 0.4368753 -0.4728112
29313.928000 0.0895812 -0.0058230 1.3238706 0.5620882 -0.5192748 0.4368594 -0.4728259
29314.028000 0.0891521 -0.0057609 1.3238964 0.5620459 -0.5191704 0.4369448 -0.4729119
29314.128000 0.0891298 -0.0057536 1.3238974 0.5620609 -0.5191480 0.4369330 -0.4729296
29314.229000 0.0895535 -0.0058063 1.3238714 0.5621388 -0.5192154 0.4368149 -0.4728723
29314.328000 0.0891377 -0.0057460 1.3238964 0.5620983 -0.5191137 0.4368970 -0.4729560
29314.428000 0.0895439 -0.0057964 1.3238714 0.5621737 -0.5191776 0.4367831 -0.4729016
29314.528000 0.0895525 -0.0057932 1.3238706 0.5621930 -0.5191613 0.4367640 -0.4729141
29314.628000 0.0895477 -0.0057882 1.3238706 0.5622105 -0.5191424 0.4367480 -0.4729288
29314.728000 0.0891186 -0.0057263 1.3238964 0.5621682 -0.5190381 0.4368334 -0.4730148
29314.828000 0.0890963 -0.0057190 1.3238974 0.5621832 -0.5190156 0.4368216 -0.4730324
29314.928000 0.0895199 -0.0057716 1.3238714 0.5622610 -0.5190830 0.4367035 -0.4729751
29315.028000 0.0891042 -0.0057115 1.3238964 0.5622206 -0.5189813 0.4367856 -0.4730589
29315.128000 0.0890818 -0.0057042 1.3238974 0.5622356 -0.5189589 0.4367739 -0.4730765
29315.228000 0.0895058 -0.0057567 1.3238714 0.5623135 -0.5190263 0.4366557 -0.4730191
29315.328000 0.0895141 -0.0057535 1.3238706 0.5623328 -0.5190100 0.4366366 -0.4730316
29315.428000 0.0890764 -0.0056906 1.3238969 0.5622892 -0.5189039 0.4367240 -0.4731191
29315.528000 0.0890626 -0.0056845 1.3238974 0.5623054 -0.5188832 0.4367102 -0.4731353
29315.628000 0.0890578 -0.0056796 1.3238974 0.5623229 -0.5188643 0.4366943 -0.4731500
29315.728000 0.0890530 -0.0056747 1.3238974 0.5623404 -0.5188453 0.4366784 -0.4731647
29315.828000 0.0894767 -0.0057270 1.3238714 0.5624182 -0.5189127 0.4365602 -0.4731074
29315.928000 0.0894852 -0.0057238 1.3238706 0.5624376 -0.5188964 0.4365411 -0.4731198
29316.028000 0.0890474 -0.0056611 1.3238969 0.5623940 -0.5187903 0.4366284 -0.4732073
29316.128000 0.0894625 -0.0057121 1.3238714 0.5624707 -0.5188559 0.4365124 -0.4731514
29316.228000 0.0890464 -0.0056524 1.3238964 0.5624302 -0.5187542 0.4365945 -0.4732352
29316.328000 0.0890240 -0.0056451 1.3238974 0.5624451 -0.5187318 0.4365828 -0.4732529
29316.428000 0.0894477 -0.0056973 1.3238714 0.5625230 -0.5187991 0.4364647 -0.4731955
29316.528000 0.0894563 -0.0056941 1.3238706 0.5625424 -0.5187828 0.4364455 -0.4732079
29316.628000 0.0890270 -0.0056327 1.3238964 0.5625000 -0.5186785 0.4365308 -0.4732940
29316.728000 0.0890047 -0.0056255 1.3238974 0.5625150 -0.5186560 0.4365191 -0.4733117
29316.828000 0.0894287 -0.0056775 1.3238714 0.5625929 -0.5187234 0.4364009 -0.4732542
29316.928000 0.0894370 -0.0056743 1.3238706 0.5626122 -0.5187071 0.4363818 -0.4732667
29317.028000 0.0890035 -0.0056126 1.3238966 0.5625691 -0.5186021 0.4364682 -0.4733534
29317.128000 0.0894140 -0.0056627 1.3238714 0.5626453 -0.5186665 0.4363531 -0.4732983
29317.228000 0.0889938 -0.0056027 1.3238966 0.5626040 -0.5185642 0.4364364 -0.4733828
29317.328000 0.0894043 -0.0056528 1.3238714 0.5626802 -0.5186286 0.4363212 -0.4733277
29317.428000 0.0894128 -0.0056497 1.3238706 0.5626994 -0.5186125 0.4363023 -0.4733400
29317.528000 0.0894079 -0.0056447 1.3238706 0.5627170 -0.5185934 0.4362862 -0.4733548
29317.628000 0.0894030 -0.0056398 1.3238706 0.5627345 -0.5185745 0.4362702 -0.4733695
29317.728000 0.0893982 -0.0056348 1.3238706 0.5627519 -0.5185555 0.4362543 -0.4733842
29317.828000 0.0893933 -0.0056299 1.3238706 0.5627694 -0.5185366 0.4362384 -0.4733989
29317.929000 0.0893885 -0.0056250 1.3238706 0.5627868 -0.5185176 0.4362224 -0.4734136
29318.028000 0.0893836 -0.0056200 1.3238706 0.5628043 -0.5184987 0.4362065 -0.4734283
29318.128000 0.0893788 -0.0056151 1.3238706 0.5628218 -0.5184797 0.4361905 -0.4734430
29318.228000 0.0889408 -0.0055531 1.3238969 0.5627781 -0.5183737 0.4362778 -0.4735305
29318.328000 0.0893559 -0.0056035 1.3238714 0.5628548 -0.5184392 0.4361618 -0.4734746
29318.428000 0.0889266 -0.0055426 1.3238972 0.5628126 -0.5183347 0.4362468 -0.4735608
29318.529000 0.0893462 -0.0055937 1.3238714 0.5628897 -0.5184013 0.4361299 -0.4735039
29318.628000 0.0893544 -0.0055905 1.3238706 0.5629090 -0.5183850 0.4361108 -0.4735164
29318.728000 0.0889251 -0.0055297 1.3238964 0.5628666 -0.5182806 0.4361960 -0.4736026
29318.828000 0.0893313 -0.0055789 1.3238714 0.5629421 -0.5183444 0.4360821 -0.4735480
29318.928000 0.0893398 -0.0055757 1.3238706 0.5629614 -0.5183281 0.4360630 -0.4735605
29319.028000 0.0889104 -0.0055150 1.3238964 0.5629190 -0.5182238 0.4361482 -0.4736466
29319.129000 0.0893166 -0.0055641 1.3238714 0.5629944 -0.5182875 0.4360343 -0.4735921
29319.228000 0.0893252 -0.0055610 1.3238706 0.5630136 -0.5182714 0.4360153 -0.4736044
29319.328000 0.0893203 -0.0055560 1.3238706 0.5630312 -0.5182523 0.4359992 -0.4736192
29319.429000 0.0893154 -0.0055511 1.3238706 0.5630487 -0.5182333 0.4359832 -0.4736339
29319.528000 0.0888860 -0.0054906 1.3238964 0.5630062 -0.5181290 0.4360684 -0.4737200
29319.628000 0.0892922 -0.0055395 1.3238714 0.5630817 -0.5181927 0.4359545 -0.4736655
29319.728000 0.0893007 -0.0055363 1.3238706 0.5631011 -0.5181764 0.4359354 -0.4736779
29319.828000 0.0888713 -0.0054759 1.3238964 0.5630586 -0.5180721 0.4360206 -0.4737641
29319.928000 0.0888489 -0.0054688 1.3238974 0.5630734 -0.5180498 0.4360089 -0.4737816
29320.028000 0.0892728 -0.0055199 1.3238714 0.5631515 -0.5181168 0.4358907 -0.4737242
29320.128000 0.0892811 -0.0055167 1.3238706 0.5631709 -0.5181005 0.4358716 -0.4737366
29320.228000 0.0888431 -0.0054553 1.3238969 0.5631272 -0.5179945 0.4359588 -0.4738243
29320.328000 0.0888292 -0.0054492 1.3238974 0.5631433 -0.5179737 0.4359449 -0.4738405
29320.428000 0.0892530 -0.0055002 1.3238714 0.5632213 -0.5180409 0.4358269 -0.4737829
29320.528000 0.0892615 -0.0054971 1.3238706 0.5632407 -0.5180247 0.4358077 -0.4737954
29320.628000 0.0888362 -0.0054375 1.3238961 0.5631986 -0.5179214 0.4358920 -0.4738807
29320.728000 0.0892381 -0.0054855 1.3238714 0.5632736 -0.5179840 0.4357790 -0.4738270
29320.828000 0.0888136 -0.0054260 1.3238969 0.5632318 -0.5178807 0.4358630 -0.4739124
29320.928000 0.0892287 -0.0054757 1.3238714 0.5633086 -0.5179461 0.4357470 -0.4738563
29321.029000 0.0892369 -0.0054725 1.3238706 0.5633279 -0.5179298 0.4357279 -0.4738687
29321.128000 0.0892320 -0.0054676 1.3238706 0.5633453 -0.5179108 0.4357120 -0.4738834
29321.228000 0.0892271 -0.0054627 1.3238706 0.5633628 -0.5178919 0.4356960 -0.4738981
29321.328000 0.0892221 -0.0054578 1.3238706 0.5633802 -0.5178729 0.4356800 -0.4739128
29321.428000 0.0892172 -0.0054530 1.3238706 0.5633977 -0.5178539 0.4356641 -0.4739274
29321.528000 0.0892123 -0.0054481 1.3238706 0.5634151 -0.5178349 0.4356481 -0.4739421
29321.628000 0.0887742 -0.0053871 1.3238969 0.5633714 -0.5177289 0.4357353 -0.4740298
29321.729000 0.0891893 -0.0054366 1.3238714 0.5634481 -0.5177943 0.4356193 -0.4739737
29321.828000 0.0887729 -0.0053784 1.3238964 0.5634075 -0.5176927 0.4357013 -0.4740577
29321.928000 0.0891791 -0.0054267 1.3238714 0.5634830 -0.5177563 0.4355874 -0.4740031
29322.028000 0.0891876 -0.0054236 1.3238706 0.5635023 -0.5177400 0.4355683 -0.4740155
29322.128000 0.0891826 -0.0054187 1.3238706 0.5635198 -0.5177211 0.4355523 -0.4740301
29322.228000 0.0887445 -0.0053579 1.3238969 0.5634760 -0.5176151 0.4356395 -0.4741178
29322.329000 0.0891596 -0.0054072 1.3238714 0.5635528 -0.5176805 0.4355235 -0.4740617
29322.428000 0.0891678 -0.0054040 1.3238706 0.5635721 -0.5176641 0.4355044 -0.4740741
29322.528000 0.0887382 -0.0053444 1.3238964 0.5635295 -0.5175598 0.4355895 -0.4741604
29322.628000 0.0891445 -0.0053925 1.3238714 0.5636050 -0.5176235 0.4354757 -0.4741057
29322.728000 0.0887283 -0.0053347 1.3238964 0.5635644 -0.5175219 0.4355576 -0.4741897
29322.828000 0.0891346 -0.0053828 1.3238714 0.5636399 -0.5175855 0.4354437 -0.4741351
29322.928000 0.0891430 -0.0053796 1.3238706 0.5636592 -0.5175692 0.4354246 -0.4741475
29323.028000 0.0891381 -0.0053747 1.3238706 0.5636767 -0.5175502 0.4354086 -0.4741621
29323.128000 0.0887043 -0.0053148 1.3238966 0.5636333 -0.5174453 0.4354948 -0.4742490
29323.228000 0.0891149 -0.0053633 1.3238714 0.5637097 -0.5175096 0.4353798 -0.4741937
29323.328000 0.0891232 -0.0053601 1.3238706 0.5637290 -0.5174933 0.4353607 -0.4742061
29323.428000 0.0886850 -0.0052996 1.3238969 0.5636852 -0.5173873 0.4354478 -0.4742939
29323.528000 0.0891001 -0.0053487 1.3238714 0.5637620 -0.5174526 0.4353318 -0.4742377
29323.628000 0.0891082 -0.0053455 1.3238706 0.5637813 -0.5174363 0.4353127 -0.4742501
29323.728000 0.0891033 -0.0053406 1.3238706 0.5637987 -0.5174173 0.4352968 -0.4742648
29323.829000 0.0886650 -0.0052803 1.3238969 0.5637549 -0.5173113 0.4353839 -0.4743525
29323.928000 0.0886511 -0.0052743 1.3238974 0.5637710 -0.5172905 0.4353700 -0.4743687
29324.028000 0.0890752 -0.0053243 1.3238714 0.5638491 -0.5173577 0.4352520 -0.4743110
29324.128000 0.0890833 -0.0053211 1.3238706 0.5638684 -0.5173413 0.4352329 -0.4743234
29324.228000 0.0886537 -0.0052620 1.3238963 0.5638258 -0.5172371 0.4353179 -0.4744097
29324.328000 0.0890600 -0.0053097 1.3238714 0.5639013 -0.5173007 0.4352041 -0.4743550
29324.428000 0.0886351 -0.0052512 1.3238969 0.5638594 -0.5171974 0.4352880 -0.4744405
29324.528000 0.0886212 -0.0052452 1.3238974 0.5638755 -0.5171766 0.4352742 -0.4744567
29324.628000 0.0890450 -0.0052951 1.3238714 0.5639536 -0.5172437 0.4351562 -0.4743990
29324.728000 0.0886201 -0.0052367 1.3238969 0.5639116 -0.5171404 0.4352401 -0.4744845
29324.828000 0.0890311 -0.0052849 1.3238716 0.5639877 -0.5172051 0.4351253 -0.4744288
29324.928000 0.0890434 -0.0052822 1.3238706 0.5640078 -0.5171894 0.4351051 -0.4744407
29325.028000 0.0890384 -0.0052773 1.3238706 0.5640252 -0.5171704 0.4350891 -0.4744553
29325.128000 0.0890334 -0.0052725 1.3238706 0.5640426 -0.5171514 0.4350731 -0.4744700
29325.228000 0.0890284 -0.0052676 1.3238706 0.5640600 -0.5171324 0.4350571 -0.4744846
29325.328000 0.0890234 -0.0052628 1.3238706 0.5640774 -0.5171134 0.4350411 -0.4744993
29325.428000 0.0890184 -0.0052579 1.3238706 0.5640948 -0.5170944 0.4350252 -0.4745139
29325.528000 0.0885800 -0.0051981 1.3238969 0.5640510 -0.5169885 0.4351122 -0.4746017
29325.628000 0.0885661 -0.0051921 1.3238974 0.5640671 -0.5169677 0.4350984 -0.4746179
29325.728000 0.0885611 -0.0051873 1.3238974 0.5640845 -0.5169487 0.4350824 -0.4746325
29325.829000 0.0885560 -0.0051825 1.3238974 0.5641019 -0.5169297 0.4350664 -0.4746472
29325.928000 0.0889799 -0.0052319 1.3238714 0.5641800 -0.5169968 0.4349484 -0.4745894
29326.028000 0.0889882 -0.0052288 1.3238706 0.5641993 -0.5169805 0.4349293 -0.4746018
29326.128000 0.0889832 -0.0052239 1.3238706 0.5642167 -0.5169615 0.4349133 -0.4746164
29326.228000 0.0885534 -0.0051654 1.3238963 0.5641740 -0.5168573 0.4349983 -0.4747028
29326.328000 0.0889598 -0.0052126 1.3238714 0.5642496 -0.5169208 0.4348845 -0.4746480
29326.429000 0.0885348 -0.0051547 1.3238969 0.5642076 -0.5168175 0.4349684 -0.4747335
29326.528000 0.0885208 -0.0051488 1.3238974 0.5642237 -0.5167968 0.4349545 -0.4747497
29326.628000 0.0885158 -0.0051439 1.3238974 0.5642411 -0.5167778 0.4349385 -0.4747643
29326.728000 0.0889396 -0.0051932 1.3238714 0.5643192 -0.5168448 0.4348206 -0.4747065
29326.828000 0.0889480 -0.0051900 1.3238706 0.5643385 -0.5168285 0.4348014 -0.4747189
29326.928000 0.0889429 -0.0051852 1.3238706 0.5643559 -0.5168095 0.4347854 -0.4747336
29327.028000 0.0889379 -0.0051804 1.3238706 0.5643733 -0.5167905 0.4347695 -0.4747482
29327.129000 0.0885081 -0.0051221 1.3238963 0.5643306 -0.5166863 0.4348544 -0.4748346
29327.228000 0.0889144 -0.0051690 1.3238714 0.5644062 -0.5167498 0.4347407 -0.4747797
29327.328000 0.0889227 -0.0051658 1.3238706 0.5644255 -0.5167335 0.4347215 -0.4747921
29327.428000 0.0884929 -0.0051077 1.3238963 0.5643828 -0.5166293 0.4348065 -0.4748785
29327.529000 0.0888992 -0.0051545 1.3238714 0.5644584 -0.5166928 0.4346927 -0.4748236
29327.628000 0.0884828 -0.0050981 1.3238963 0.5644176 -0.5165913 0.4347745 -0.4749078
29327.728000 0.0884602 -0.0050911 1.3238974 0.5644325 -0.5165688 0.4347627 -0.4749253
29327.828000 0.0888843 -0.0051400 1.3238714 0.5645106 -0.5166359 0.4346447 -0.4748675
29327.928000 0.0888924 -0.0051369 1.3238706 0.5645299 -0.5166195 0.4346256 -0.4748799
29328.028000 0.0884539 -0.0050778 1.3238969 0.5644859 -0.5165136 0.4347126 -0.4749677
29328.128000 0.0884399 -0.0050719 1.3238974 0.5645020 -0.5164928 0.4346987 -0.4749839
29328.228000 0.0888638 -0.0051207 1.3238714 0.5645801 -0.5165598 0.4345808 -0.4749260
29328.328000 0.0888721 -0.0051176 1.3238706 0.5645994 -0.5165435 0.4345617 -0.4749384
29328.428000 0.0888670 -0.0051127 1.3238706 0.5646168 -0.5165245 0.4345457 -0.4749530
29328.528000 0.0888620 -0.0051079 1.3238706 0.5646342 -0.5165055 0.4345297 -0.4749676
29328.628000 0.0888569 -0.0051031 1.3238706 0.5646516 -0.5164865 0.4345137 -0.4749822
29328.728000 0.0888518 -0.0050983 1.3238706 0.5646690 -0.5164675 0.4344977 -0.4749969
29328.828000 0.0888467 -0.0050934 1.3238706 0.5646863 -0.5164485 0.4344817 -0.4750115
29328.928000 0.0888416 -0.0050886 1.3238706 0.5647037 -0.5164295 0.4344658 -0.4750261
29329.028000 0.0888365 -0.0050838 1.3238706 0.5647211 -0.5164105 0.4344498 -0.4750407
29329.128000 0.0888315 -0.0050790 1.3238706 0.5647385 -0.5163915 0.4344338 -0.4750553
29329.228000 0.0884015 -0.0050214 1.3238963 0.5646956 -0.5162873 0.4345187 -0.4751418
29329.328000 0.0888079 -0.0050677 1.3238714 0.5647713 -0.5163508 0.4344050 -0.4750868
29329.428000 0.0888162 -0.0050646 1.3238706 0.5647906 -0.5163345 0.4343858 -0.4750992
29329.528000 0.0888111 -0.0050597 1.3238706 0.5648080 -0.5163155 0.4343699 -0.4751138
29329.628000 0.0888060 -0.0050550 1.3238706 0.5648252 -0.5162967 0.4343540 -0.4751283
29329.728000 0.0883762 -0.0049975 1.3238963 0.5647825 -0.5161924 0.4344387 -0.4752148
29329.828000 0.0887824 -0.0050437 1.3238714 0.5648582 -0.5162558 0.4343251 -0.4751599
29329.928000 0.0883572 -0.0049868 1.3238969 0.5648160 -0.5161526 0.4344088 -0.4752455
29330.028000 0.0887724 -0.0050341 1.3238714 0.5648929 -0.5162178 0.4342931 -0.4751891
29330.128000 0.0887805 -0.0050309 1.3238706 0.5649122 -0.5162015 0.4342739 -0.4752015
29330.229000 0.0887753 -0.0050261 1.3238706 0.5649295 -0.5161825 0.4342580 -0.4752161
29330.328000 0.0887702 -0.0050213 1.3238706 0.5649469 -0.5161635 0.4342420 -0.4752307
29330.428000 0.0883402 -0.0049640 1.3238963 0.5649040 -0.5160593 0.4343269 -0.4753171
29330.528000 0.0887466 -0.0050100 1.3238714 0.5649797 -0.5161228 0.4342132 -0.4752621
29330.628000 0.0887549 -0.0050069 1.3238706 0.5649990 -0.5161065 0.4341940 -0.4752745
29330.729000 0.0883163 -0.0049486 1.3238968 0.5649549 -0.5160006 0.4342809 -0.4753624
29330.828000 0.0883022 -0.0049428 1.3238974 0.5649708 -0.5159800 0.4342672 -0.4753784
29330.928000 0.0882971 -0.0049380 1.3238974 0.5649883 -0.5159609 0.4342511 -0.4753931
29331.028000 0.0887210 -0.0049860 1.3238714 0.5650665 -0.5160278 0.4341333 -0.4753351
29331.128000 0.0883043 -0.0049306 1.3238963 0.5650255 -0.5159264 0.4342150 -0.4754193
29331.228000 0.0887107 -0.0049765 1.3238714 0.5651012 -0.5159898 0.4341013 -0.4753643
29331.328000 0.0882899 -0.0049206 1.3238966 0.5650594 -0.5158877 0.4341842 -0.4754491
29331.428000 0.0887006 -0.0049669 1.3238714 0.5651359 -0.5159518 0.4340693 -0.4753935
29331.528000 0.0882838 -0.0049116 1.3238963 0.5650949 -0.5158504 0.4341510 -0.4754777
29331.628000 0.0886901 -0.0049573 1.3238714 0.5651706 -0.5159138 0.4340374 -0.4754227
29331.728000 0.0886984 -0.0049542 1.3238706 0.5651898 -0.5158975 0.4340182 -0.4754350
29331.828000 0.0882683 -0.0048973 1.3238963 0.5651469 -0.5157934 0.4341031 -0.4755215
29331.928000 0.0886747 -0.0049430 1.3238714 0.5652226 -0.5158568 0.4339894 -0.4754665
29332.028000 0.0886830 -0.0049398 1.3238706 0.5652418 -0.5158405 0.4339703 -0.4754788
29332.128000 0.0886778 -0.0049350 1.3238706 0.5652592 -0.5158215 0.4339543 -0.4754934
29332.228000 0.0886727 -0.0049302 1.3238706 0.5652765 -0.5158025 0.4339383 -0.4755079
29332.328000 0.0882426 -0.0048735 1.3238963 0.5652336 -0.5156984 0.4340232 -0.4755944
29332.428000 0.0882199 -0.0048666 1.3238974 0.5652484 -0.5156759 0.4340113 -0.4756120
29332.528000 0.0882147 -0.0048619 1.3238974 0.5652657 -0.5156569 0.4339953 -0.4756266
29332.628000 0.0886389 -0.0049095 1.3238714 0.5653440 -0.5157239 0.4338775 -0.4755685
29332.728000 0.0882133 -0.0048535 1.3238968 0.5653016 -0.5156207 0.4339613 -0.4756542
29332.828000 0.0881992 -0.0048477 1.3238974 0.5653177 -0.5155999 0.4339474 -0.4756703
29332.928000 0.0886234 -0.0048952 1.3238714 0.5653959 -0.5156669 0.4338296 -0.4756122
29333.028000 0.0881978 -0.0048393 1.3238968 0.5653536 -0.5155637 0.4339133 -0.4756980
29333.128000 0.0886130 -0.0048857 1.3238714 0.5654306 -0.5156289 0.4337976 -0.4756414
29333.228000 0.0886210 -0.0048825 1.3238706 0.5654498 -0.5156125 0.4337785 -0.4756537
29333.328000 0.0881866 -0.0048256 1.3238966 0.5654060 -0.5155078 0.4338645 -0.4757408
29333.428000 0.0885974 -0.0048713 1.3238714 0.5654825 -0.5155719 0.4337497 -0.4756851
29333.528000 0.0886055 -0.0048682 1.3238706 0.5655016 -0.5155557 0.4337307 -0.4756973
29333.628000 0.0881755 -0.0048119 1.3238963 0.5654588 -0.5154516 0.4338154 -0.4757839
29333.728000 0.0885817 -0.0048570 1.3238714 0.5655345 -0.5155149 0.4337018 -0.4757288
29333.828000 0.0881649 -0.0048024 1.3238963 0.5654934 -0.5154135 0.4337834 -0.4758131
29333.928000 0.0881422 -0.0047955 1.3238974 0.5655082 -0.5153910 0.4337716 -0.4758306
29334.028000 0.0885664 -0.0048428 1.3238714 0.5655864 -0.5154580 0.4336538 -0.4757725
29334.129000 0.0885743 -0.0048396 1.3238706 0.5656056 -0.5154416 0.4336347 -0.4757848
29334.228000 0.0881355 -0.0047824 1.3238968 0.5655614 -0.5153359 0.4337216 -0.4758728
29334.328000 0.0885508 -0.0048285 1.3238714 0.5656384 -0.5154010 0.4336059 -0.4758161
29334.428000 0.0885587 -0.0048253 1.3238706 0.5656577 -0.5153845 0.4335866 -0.4758286
29334.528000 0.0885535 -0.0048206 1.3238706 0.5656748 -0.5153657 0.4335708 -0.4758430
29334.628000 0.0885483 -0.0048158 1.3238706 0.5656921 -0.5153467 0.4335548 -0.4758576
29334.728000 0.0885431 -0.0048111 1.3238706 0.5657094 -0.5153277 0.4335389 -0.4758721
29334.828000 0.0880998 -0.0047535 1.3238971 0.5656647 -0.5152209 0.4336266 -0.4759610
29334.928000 0.0885196 -0.0048000 1.3238714 0.5657421 -0.5152871 0.4335100 -0.4759035
29335.028000 0.0885275 -0.0047968 1.3238706 0.5657613 -0.5152707 0.4334909 -0.4759158
29335.129000 0.0880972 -0.0047409 1.3238963 0.5657182 -0.5151667 0.4335757 -0.4760023
29335.228000 0.0880745 -0.0047342 1.3238974 0.5657329 -0.5151444 0.4335641 -0.4760197
29335.328000 0.0884983 -0.0047809 1.3238714 0.5658113 -0.5152111 0.4334462 -0.4759617
29335.428000 0.0885067 -0.0047779 1.3238706 0.5658303 -0.5151950 0.4334272 -0.4759738
29335.528000 0.0885014 -0.0047731 1.3238706 0.5658477 -0.5151758 0.4334111 -0.4759885
29335.628000 0.0884962 -0.0047683 1.3238706 0.5658650 -0.5151568 0.4333951 -0.4760030
29335.728000 0.0884909 -0.0047636 1.3238706 0.5658823 -0.5151378 0.4333791 -0.4760176
29335.828000 0.0880606 -0.0047079 1.3238963 0.5658392 -0.5150338 0.4334639 -0.4761041
29335.929000 0.0884628 -0.0047520 1.3238716 0.5659142 -0.5150965 0.4333516 -0.4760495
29336.028000 0.0880503 -0.0046985 1.3238963 0.5658738 -0.5149959 0.4334319 -0.4761332
29336.129000 0.0884566 -0.0047430 1.3238714 0.5659495 -0.5150592 0.4333185 -0.4760780
29336.228000 0.0884648 -0.0047399 1.3238706 0.5659687 -0.5150429 0.4332993 -0.4760902
29336.328000 0.0884595 -0.0047352 1.3238706 0.5659860 -0.5150239 0.4332833 -0.4761048
29336.428000 0.0884543 -0.0047304 1.3238706 0.5660032 -0.5150050 0.4332674 -0.4761193
29336.528000 0.0880239 -0.0046750 1.3238963 0.5659601 -0.5149010 0.4333521 -0.4762059
29336.628000 0.0884304 -0.0047194 1.3238714 0.5660359 -0.5149643 0.4332386 -0.4761506
29336.729000 0.0884385 -0.0047162 1.3238706 0.5660550 -0.5149480 0.4332195 -0.4761629
29336.828000 0.0884333 -0.0047115 1.3238706 0.5660723 -0.5149291 0.4332035 -0.4761774
29336.929000 0.0880029 -0.0046562 1.3238963 0.5660292 -0.5148251 0.4332883 -0.4762640
29337.028000 0.0884094 -0.0047005 1.3238714 0.5661049 -0.5148884 0.4331748 -0.4762087
29337.128000 0.0884175 -0.0046973 1.3238706 0.5661241 -0.5148721 0.4331556 -0.4762210
29337.228000 0.0884123 -0.0046926 1.3238706 0.5661413 -0.5148532 0.4331397 -0.4762355
29337.328000 0.0879733 -0.0046364 1.3238968 0.5660970 -0.5147475 0.4332265 -0.4763235
29337.429000 0.0883886 -0.0046816 1.3238714 0.5661740 -0.5148126 0.4331109 -0.4762667
29337.528000 0.0879713 -0.0046280 1.3238963 0.5661327 -0.5147113 0.4331925 -0.4763511
29337.628000 0.0883778 -0.0046721 1.3238714 0.5662084 -0.5147746 0.4330790 -0.4762958
29337.728000 0.0879650 -0.0046192 1.3238961 0.5661676 -0.5146743 0.4331597 -0.4763793
29337.828000 0.0883671 -0.0046627 1.3238714 0.5662429 -0.5147366 0.4330471 -0.4763248
29337.928000 0.0883754 -0.0046596 1.3238706 0.5662621 -0.5147204 0.4330280 -0.4763370
29338.029000 0.0879450 -0.0046046 1.3238963 0.5662189 -0.5146164 0.4331127 -0.4764237
29338.128000 0.0883514 -0.0046485 1.3238714 0.5662947 -0.5146798 0.4329992 -0.4763683
29338.228000 0.0883595 -0.0046454 1.3238706 0.5663138 -0.5146635 0.4329801 -0.4763805
29338.328000 0.0879291 -0.0045905 1.3238963 0.5662706 -0.5145595 0.4330648 -0.4764672
29338.428000 0.0883356 -0.0046344 1.3238714 0.5663464 -0.5146229 0.4329514 -0.4764118
29338.528000 0.0879185 -0.0045811 1.3238963 0.5663050 -0.5145216 0.4330329 -0.4764962
29338.628000 0.0878958 -0.0045744 1.3238974 0.5663196 -0.5144993 0.4330213 -0.4765135
29338.728000 0.0883198 -0.0046203 1.3238714 0.5663981 -0.5145660 0.4329035 -0.4764553
29338.828000 0.0878941 -0.0045661 1.3238968 0.5663555 -0.5144630 0.4329871 -0.4765411
29338.928000 0.0883094 -0.0046109 1.3238713 0.5664325 -0.5145281 0.4328715 -0.4764842
29339.028000 0.0878921 -0.0045578 1.3238963 0.5663912 -0.5144268 0.4329531 -0.4765686
29339.128000 0.0882985 -0.0046015 1.3238714 0.5664670 -0.5144901 0.4328397 -0.4765133
29339.229000 0.0883066 -0.0045984 1.3238705 0.5664861 -0.5144739 0.4328206 -0.4765255
29339.328000 0.0883013 -0.0045937 1.3238705 0.5665033 -0.5144549 0.4328046 -0.4765399
29339.428000 0.0878708 -0.0045391 1.3238963 0.5664600 -0.5143510 0.4328893 -0.4766266
29339.528000 0.0882773 -0.0045827 1.3238714 0.5665358 -0.5144143 0.4327759 -0.4765712
29339.628000 0.0882854 -0.0045796 1.3238705 0.5665549 -0.5143980 0.4327568 -0.4765834
29339.728000 0.0878463 -0.0045241 1.3238968 0.5665104 -0.5142924 0.4328435 -0.4766715
29339.828000 0.0882616 -0.0045686 1.3238713 0.5665875 -0.5143575 0.4327280 -0.4766146
29339.928000 0.0878443 -0.0045157 1.3238963 0.5665461 -0.5142562 0.4328096 -0.4766990
29340.028000 0.0882507 -0.0045592 1.3238714 0.5666218 -0.5143195 0.4326962 -0.4766436
29340.128000 0.0882588 -0.0045561 1.3238705 0.5666410 -0.5143033 0.4326771 -0.4766558
29340.228000 0.0882535 -0.0045515 1.3238705 0.5666580 -0.5142845 0.4326613 -0.4766701
29340.328000 0.0882482 -0.0045467 1.3238705 0.5666753 -0.5142654 0.4326452 -0.4766847
29340.428000 0.0882428 -0.0045420 1.3238705 0.5666925 -0.5142464 0.4326293 -0.4766992
29340.528000 0.0878123 -0.0044878 1.3238963 0.5666492 -0.5141426 0.4327139 -0.4767858
29340.628000 0.0882188 -0.0045311 1.3238714 0.5667250 -0.5142059 0.4326006 -0.4767304
29340.728000 0.0877974 -0.0044780 1.3238966 0.5666828 -0.5141040 0.4326832 -0.4768153
29340.828000 0.0877787 -0.0044718 1.3238974 0.5666983 -0.5140823 0.4326703 -0.4768322
29340.928000 0.0882027 -0.0045170 1.3238714 0.5667766 -0.5141490 0.4325527 -0.4767737
29341.028000 0.0882108 -0.0045139 1.3238705 0.5667957 -0.5141328 0.4325336 -0.4767859
29341.128000 0.0882055 -0.0045093 1.3238705 0.5668129 -0.5141138 0.4325177 -0.4768004
29341.228000 0.0877663 -0.0044542 1.3238968 0.5667683 -0.5140083 0.4326044 -0.4768885
29341.328000 0.0881816 -0.0044984 1.3238713 0.5668453 -0.5140733 0.4324890 -0.4768315
29341.428000 0.0877642 -0.0044459 1.3238963 0.5668038 -0.5139721 0.4325705 -0.4769159
29341.528000 0.0881707 -0.0044890 1.3238714 0.5668796 -0.5140354 0.4324572 -0.4768604
29341.628000 0.0877577 -0.0044371 1.3238961 0.5668386 -0.5139353 0.4325378 -0.4769440
29341.728000 0.0881598 -0.0044796 1.3238714 0.5669140 -0.5139975 0.4324253 -0.4768893
29341.828000 0.0881680 -0.0044765 1.3238705 0.5669331 -0.5139813 0.4324062 -0.4769015
29341.928000 0.0881627 -0.0044719 1.3238705 0.5669502 -0.5139624 0.4323903 -0.4769159
29342.028000 0.0881573 -0.0044672 1.3238705 0.5669674 -0.5139434 0.4323743 -0.4769304
29342.129000 0.0881519 -0.0044625 1.3238705 0.5669845 -0.5139245 0.4323584 -0.4769448
29342.228000 0.0881466 -0.0044579 1.3238705 0.5670017 -0.5139056 0.4323425 -0.4769592
29342.328000 0.0881412 -0.0044532 1.3238705 0.5670189 -0.5138866 0.4323266 -0.4769736
29342.429000 0.0881358 -0.0044485 1.3238705 0.5670360 -0.5138677 0.4323107 -0.4769881
29342.528000 0.0881305 -0.0044439 1.3238705 0.5670532 -0.5138488 0.4322947 -0.4770025
29342.628000 0.0881251 -0.0044392 1.3238705 0.5670703 -0.5138299 0.4322788 -0.4770169
29342.728000 0.0881198 -0.0044346 1.3238705 0.5670873 -0.5138111 0.4322631 -0.4770312
29342.829000 0.0881143 -0.0044299 1.3238705 0.5671046 -0.5137920 0.4322470 -0.4770458
29342.928000 0.0881090 -0.0044252 1.3238705 0.5671217 -0.5137731 0.4322311 -0.4770602
29343.028000 0.0881036 -0.0044206 1.3238705 0.5671389 -0.5137542 0.4322152 -0.4770746
29343.128000 0.0880982 -0.0044159 1.3238705 0.5671560 -0.5137353 0.4321992 -0.4770890
29343.228000 0.0876589 -0.0043615 1.3238968 0.5671113 -0.5136298 0.4322859 -0.4771772
29343.328000 0.0880743 -0.0044051 1.3238713 0.5671884 -0.5136948 0.4321705 -0.4771201
29343.428000 0.0880820 -0.0044020 1.3238705 0.5672074 -0.5136785 0.4321515 -0.4771323
29343.528000 0.0876427 -0.0043476 1.3238968 0.5671627 -0.5135730 0.4322382 -0.4772204
29343.628000 0.0880581 -0.0043911 1.3238713 0.5672398 -0.5136381 0.4321228 -0.4771633
29343.728000 0.0876319 -0.0043384 1.3238968 0.5671970 -0.5135352 0.4322064 -0.4772492
29343.828000 0.0880473 -0.0043819 1.3238713 0.5672740 -0.5136003 0.4320910 -0.4771921
29343.928000 0.0880550 -0.0043787 1.3238705 0.5672930 -0.5135840 0.4320720 -0.4772043
29344.028000 0.0880496 -0.0043741 1.3238705 0.5673102 -0.5135651 0.4320561 -0.4772187
29344.128000 0.0880442 -0.0043694 1.3238705 0.5673273 -0.5135462 0.4320402 -0.4772331
29344.228000 0.0876091 -0.0043157 1.3238966 0.5672833 -0.5134414 0.4321257 -0.4773207
29344.328000 0.0880200 -0.0043586 1.3238714 0.5673596 -0.5135057 0.4320115 -0.4772642
29344.428000 0.0880280 -0.0043555 1.3238705 0.5673786 -0.5134895 0.4319924 -0.4772763
29344.528000 0.0880226 -0.0043509 1.3238705 0.5673957 -0.5134706 0.4319765 -0.4772907
29344.629000 0.0880172 -0.0043462 1.3238705 0.5674128 -0.5134517 0.4319606 -0.4773050
29344.728000 0.0875825 -0.0042928 1.3238965 0.5673685 -0.5133473 0.4320464 -0.4773923
29344.828000 0.0879931 -0.0043354 1.3238713 0.5674451 -0.5134112 0.4319320 -0.4773361
29344.928000 0.0880009 -0.0043323 1.3238705 0.5674641 -0.5133950 0.4319130 -0.4773482
29345.028000 0.0879955 -0.0043277 1.3238705 0.5674812 -0.5133761 0.4318971 -0.4773626
29345.128000 0.0875605 -0.0042743 1.3238966 0.5674369 -0.5132717 0.4319828 -0.4774499
29345.228000 0.0875417 -0.0042682 1.3238974 0.5674522 -0.5132500 0.4319699 -0.4774667
29345.329000 0.0879658 -0.0043123 1.3238714 0.5675305 -0.5133167 0.4318526 -0.4774080
29345.428000 0.0875484 -0.0042610 1.3238963 0.5674889 -0.5132157 0.4319340 -0.4774924
29345.528000 0.0879549 -0.0043030 1.3238713 0.5675647 -0.5132790 0.4318208 -0.4774367
29345.628000 0.0879629 -0.0042999 1.3238705 0.5675837 -0.5132627 0.4318017 -0.4774488
29345.728000 0.0875279 -0.0042468 1.3238965 0.5675393 -0.5131584 0.4318875 -0.4775361
29345.828000 0.0879387 -0.0042892 1.3238713 0.5676160 -0.5132223 0.4317731 -0.4774798
29345.928000 0.0879466 -0.0042860 1.3238705 0.5676349 -0.5132061 0.4317541 -0.4774919
29346.028000 0.0879412 -0.0042815 1.3238705 0.5676518 -0.5131874 0.4317383 -0.4775061
29346.128000 0.0879357 -0.0042768 1.3238705 0.5676691 -0.5131684 0.4317223 -0.4775206
29346.228000 0.0879302 -0.0042722 1.3238705 0.5676861 -0.5131495 0.4317064 -0.4775350
29346.328000 0.0879248 -0.0042676 1.3238705 0.5677032 -0.5131306 0.4316905 -0.4775493
29346.428000 0.0879193 -0.0042630 1.3238705 0.5677202 -0.5131117 0.4316747 -0.4775637
29346.528000 0.0879139 -0.0042583 1.3238705 0.5677373 -0.5130928 0.4316588 -0.4775780
29346.628000 0.0874744 -0.0042049 1.3238968 0.5676924 -0.5129875 0.4317454 -0.4776662
29346.728000 0.0878898 -0.0042476 1.3238713 0.5677695 -0.5130525 0.4316302 -0.4776090
29346.828000 0.0874763 -0.0041972 1.3238960 0.5677282 -0.5129525 0.4317108 -0.4776926
29346.928000 0.0874491 -0.0041902 1.3238973 0.5677423 -0.5129291 0.4316999 -0.4777108
29347.028000 0.0878731 -0.0042338 1.3238713 0.5678206 -0.5129958 0.4315826 -0.4776520
29347.129000 0.0878811 -0.0042307 1.3238705 0.5678396 -0.5129796 0.4315636 -0.4776641
29347.228000 0.0874416 -0.0041774 1.3238968 0.5677947 -0.5128743 0.4316502 -0.4777523
29347.329000 0.0878570 -0.0042200 1.3238713 0.5678718 -0.5129393 0.4315349 -0.4776950
29347.428000 0.0878647 -0.0042169 1.3238705 0.5678907 -0.5129231 0.4315160 -0.4777071
29347.528000 0.0874338 -0.0041647 1.3238963 0.5678470 -0.5128194 0.4316006 -0.4777938
29347.628000 0.0878403 -0.0042062 1.3238713 0.5679229 -0.5128827 0.4314874 -0.4777380
29347.728000 0.0878482 -0.0042031 1.3238705 0.5679418 -0.5128665 0.4314684 -0.4777500
29347.828000 0.0878427 -0.0041985 1.3238705 0.5679588 -0.5128477 0.4314525 -0.4777644
29347.929000 0.0878372 -0.0041939 1.3238705 0.5679758 -0.5128288 0.4314367 -0.4777787
29348.028000 0.0878318 -0.0041893 1.3238705 0.5679929 -0.5128100 0.4314208 -0.4777930
29348.128000 0.0878263 -0.0041847 1.3238705 0.5680097 -0.5127913 0.4314051 -0.4778072
29348.228000 0.0878208 -0.0041801 1.3238705 0.5680269 -0.5127723 0.4313891 -0.4778216
29348.328000 0.0878153 -0.0041755 1.3238705 0.5680439 -0.5127534 0.4313732 -0.4778359
29348.428000 0.0873843 -0.0041236 1.3238963 0.5680002 -0.5126498 0.4314578 -0.4779227
29348.528000 0.0877823 -0.0041639 1.3238719 0.5680748 -0.5127114 0.4313467 -0.4778683
29348.628000 0.0877988 -0.0041617 1.3238705 0.5680949 -0.5126969 0.4313257 -0.4778789
29348.728000 0.0877933 -0.0041571 1.3238705 0.5681119 -0.5126781 0.4313098 -0.4778932
29348.828000 0.0877878 -0.0041525 1.3238705 0.5681289 -0.5126592 0.4312940 -0.4779075
29348.928000 0.0877823 -0.0041479 1.3238705 0.5681459 -0.5126404 0.4312782 -0.4779218
29349.028000 0.0877767 -0.0041434 1.3238705 0.5681629 -0.5126216 0.4312623 -0.4779360
29349.128000 0.0873458 -0.0040916 1.3238963 0.5681191 -0.5125180 0.4313469 -0.4780228
29349.228000 0.0877481 -0.0041323 1.3238716 0.5681942 -0.5125805 0.4312350 -0.4779675
29349.328000 0.0873349 -0.0040826 1.3238963 0.5681531 -0.5124804 0.4313152 -0.4780514
29349.428000 0.0873117 -0.0040760 1.3238973 0.5681676 -0.5124580 0.4313035 -0.4780687
29349.528000 0.0873061 -0.0040715 1.3238973 0.5681846 -0.5124392 0.4312877 -0.4780830
29349.629000 0.0873006 -0.0040669 1.3238973 0.5682015 -0.5124204 0.4312718 -0.4780973
29349.728000 0.0877250 -0.0041098 1.3238713 0.5682799 -0.5124871 0.4311546 -0.4780383
29349.828000 0.0872985 -0.0040588 1.3238968 0.5682368 -0.5123845 0.4312380 -0.4781243
29349.928000 0.0872840 -0.0040533 1.3238973 0.5682524 -0.5123639 0.4312243 -0.4781401
29350.028000 0.0877084 -0.0040961 1.3238713 0.5683308 -0.5124307 0.4311071 -0.4780811
29350.128000 0.0877160 -0.0040930 1.3238705 0.5683497 -0.5124145 0.4310881 -0.4780931
29350.228000 0.0872764 -0.0040407 1.3238968 0.5683046 -0.5123093 0.4311747 -0.4781814
29350.328000 0.0876918 -0.0040824 1.3238713 0.5683817 -0.5123743 0.4310596 -0.4781239
29350.428000 0.0876994 -0.0040793 1.3238705 0.5684005 -0.5123581 0.4310407 -0.4781359
29350.528000 0.0876938 -0.0040747 1.3238705 0.5684175 -0.5123393 0.4310248 -0.4781502
29350.628000 0.0876883 -0.0040702 1.3238705 0.5684344 -0.5123205 0.4310090 -0.4781645
29350.728000 0.0876827 -0.0040656 1.3238705 0.5684514 -0.5123017 0.4309932 -0.4781787
29350.829000 0.0876771 -0.0040610 1.3238705 0.5684685 -0.5122827 0.4309772 -0.4781931
29350.928000 0.0876716 -0.0040565 1.3238705 0.5684853 -0.5122641 0.4309616 -0.4782072
29351.028000 0.0872320 -0.0040044 1.3238968 0.5684402 -0.5121588 0.4310482 -0.4782955
29351.128000 0.0876474 -0.0040459 1.3238713 0.5685173 -0.5122238 0.4309330 -0.4782380
29351.228000 0.0872294 -0.0039963 1.3238963 0.5684753 -0.5121230 0.4310145 -0.4783225
29351.328000 0.0876275 -0.0040358 1.3238719 0.5685499 -0.5121845 0.4309035 -0.4782680
29351.429000 0.0872099 -0.0039863 1.3238968 0.5685079 -0.5120837 0.4309849 -0.4783524
29351.528000 0.0876251 -0.0040277 1.3238713 0.5685850 -0.5121487 0.4308698 -0.4782949
29351.628000 0.0872072 -0.0039782 1.3238963 0.5685430 -0.5120478 0.4309513 -0.4783795
29351.728000 0.0876137 -0.0040186 1.3238713 0.5686188 -0.5121111 0.4308383 -0.4783234
29351.828000 0.0871960 -0.0039691 1.3238963 0.5685768 -0.5120103 0.4309197 -0.4784080
29351.928000 0.0876026 -0.0040095 1.3238713 0.5686526 -0.5120735 0.4308067 -0.4783519
29352.028000 0.0876104 -0.0040064 1.3238705 0.5686715 -0.5120574 0.4307877 -0.4783638
29352.128000 0.0876049 -0.0040018 1.3238705 0.5686884 -0.5120386 0.4307719 -0.4783781
29352.228000 0.0875993 -0.0039973 1.3238705 0.5687053 -0.5120198 0.4307561 -0.4783923
29352.328000 0.0875937 -0.0039927 1.3238705 0.5687222 -0.5120011 0.4307403 -0.4784065
29352.428000 0.0871583 -0.0039416 1.3238965 0.5686774 -0.5118970 0.4308260 -0.4784939
29352.528000 0.0875692 -0.0039822 1.3238713 0.5687541 -0.5119609 0.4307119 -0.4784372
29352.628000 0.0875769 -0.0039791 1.3238705 0.5687729 -0.5119447 0.4306930 -0.4784491
29352.728000 0.0875713 -0.0039746 1.3238705 0.5687898 -0.5119260 0.4306772 -0.4784634
29352.829000 0.0875658 -0.0039700 1.3238705 0.5688066 -0.5119072 0.4306614 -0.4784776
29352.928000 0.0875602 -0.0039655 1.3238705 0.5688235 -0.5118885 0.4306456 -0.4784918
29353.028000 0.0875546 -0.0039610 1.3238705 0.5688404 -0.5118697 0.4306298 -0.4785060
29353.129000 0.0871234 -0.0039104 1.3238963 0.5687964 -0.5117663 0.4307144 -0.4785928
29353.228000 0.0871002 -0.0039040 1.3238973 0.5688108 -0.5117440 0.4307027 -0.4786100
29353.329000 0.0875243 -0.0039459 1.3238713 0.5688891 -0.5118108 0.4305856 -0.4785509
29353.428000 0.0871024 -0.0038965 1.3238965 0.5688463 -0.5117094 0.4306682 -0.4786360
29353.528000 0.0870835 -0.0038906 1.3238973 0.5688612 -0.5116880 0.4306555 -0.4786524
29353.629000 0.0875076 -0.0039323 1.3238713 0.5689397 -0.5117545 0.4305383 -0.4785934
29353.728000 0.0875153 -0.0039292 1.3238705 0.5689585 -0.5117384 0.4305194 -0.4786053
29353.828000 0.0870841 -0.0038789 1.3238963 0.5689145 -0.5116351 0.4306039 -0.4786921
29353.928000 0.0870609 -0.0038725 1.3238973 0.5689288 -0.5116128 0.4305923 -0.4787093
29354.028000 0.0874851 -0.0039142 1.3238713 0.5690072 -0.5116795 0.4304753 -0.4786501
29354.128000 0.0870587 -0.0038645 1.3238968 0.5689638 -0.5115771 0.4305586 -0.4787361
29354.228000 0.0874741 -0.0039052 1.3238713 0.5690409 -0.5116421 0.4304437 -0.4786784
29354.329000 0.0874816 -0.0039021 1.3238705 0.5690596 -0.5116260 0.4304248 -0.4786904
29354.428000 0.0874760 -0.0038976 1.3238705 0.5690765 -0.5116073 0.4304090 -0.4787045
29354.528000 0.0874704 -0.0038931 1.3238705 0.5690933 -0.5115885 0.4303933 -0.4787187
29354.628000 0.0874647 -0.0038885 1.3238705 0.5691101 -0.5115698 0.4303775 -0.4787329
29354.728000 0.0870293 -0.0038381 1.3238965 0.5690653 -0.5114658 0.4304632 -0.4788203
29354.828000 0.0874402 -0.0038781 1.3238713 0.5691419 -0.5115297 0.4303492 -0.4787634
29354.929000 0.0870222 -0.0038295 1.3238963 0.5690997 -0.5114290 0.4304306 -0.4788480
29355.028000 0.0874288 -0.0038691 1.3238713 0.5691755 -0.5114923 0.4303177 -0.4787918
29355.129000 0.0874366 -0.0038660 1.3238705 0.5691943 -0.5114762 0.4302988 -0.4788036
29355.228000 0.0870053 -0.0038161 1.3238963 0.5691502 -0.5113729 0.4303833 -0.4788905
29355.328000 0.0874118 -0.0038555 1.3238713 0.5692260 -0.5114361 0.4302705 -0.4788342
29355.428000 0.0869940 -0.0038071 1.3238963 0.5691838 -0.5113355 0.4303518 -0.4789188
29355.528000 0.0873920 -0.0038456 1.3238718 0.5692584 -0.5113970 0.4302410 -0.4788640
29355.628000 0.0874083 -0.0038434 1.3238705 0.5692783 -0.5113827 0.4302201 -0.4788743
29355.728000 0.0874027 -0.0038389 1.3238705 0.5692951 -0.5113640 0.4302044 -0.4788885
29355.828000 0.0873970 -0.0038344 1.3238705 0.5693119 -0.5113453 0.4301886 -0.4789026
29355.928000 0.0873914 -0.0038299 1.3238705 0.5693287 -0.5113266 0.4301729 -0.4789167
29356.029000 0.0873857 -0.0038254 1.3238705 0.5693455 -0.5113079 0.4301572 -0.4789309
29356.128000 0.0873800 -0.0038209 1.3238705 0.5693623 -0.5112892 0.4301414 -0.4789450
29356.228000 0.0873744 -0.0038164 1.3238705 0.5693791 -0.5112705 0.4301257 -0.4789591
29356.328000 0.0873687 -0.0038119 1.3238705 0.5693959 -0.5112518 0.4301100 -0.4789732
29356.428000 0.0869374 -0.0037624 1.3238963 0.5693517 -0.5111485 0.4301945 -0.4790601
29356.528000 0.0873439 -0.0038015 1.3238713 0.5694275 -0.5112117 0.4300817 -0.4790038
29356.628000 0.0869260 -0.0037534 1.3238963 0.5693852 -0.5111111 0.4301631 -0.4790883
29356.728000 0.0873283 -0.0037921 1.3238716 0.5694603 -0.5111737 0.4300514 -0.4790326
29356.828000 0.0873403 -0.0037895 1.3238705 0.5694797 -0.5111584 0.4300314 -0.4790438
29356.928000 0.0873347 -0.0037850 1.3238705 0.5694965 -0.5111397 0.4300157 -0.4790579
29357.028000 0.0868947 -0.0037347 1.3238968 0.5694511 -0.5110347 0.4301022 -0.4791462
29357.129000 0.0873101 -0.0037746 1.3238713 0.5695281 -0.5110997 0.4299874 -0.4790883
29357.228000 0.0873176 -0.0037715 1.3238705 0.5695468 -0.5110837 0.4299686 -0.4791002
29357.329000 0.0873119 -0.0037671 1.3238705 0.5695635 -0.5110650 0.4299529 -0.4791143
29357.428000 0.0868805 -0.0037178 1.3238963 0.5695193 -0.5109618 0.4300374 -0.4792011
29357.528000 0.0868573 -0.0037115 1.3238973 0.5695335 -0.5109396 0.4300258 -0.4792182
29357.628000 0.0872817 -0.0037522 1.3238713 0.5696119 -0.5110064 0.4299089 -0.4791588
29357.728000 0.0868635 -0.0037044 1.3238963 0.5695695 -0.5109058 0.4299903 -0.4792434
29357.828000 0.0872700 -0.0037432 1.3238713 0.5696453 -0.5109690 0.4298775 -0.4791870
29357.928000 0.0868435 -0.0036946 1.3238968 0.5696017 -0.5108668 0.4299609 -0.4792730
29358.028000 0.0872589 -0.0037343 1.3238713 0.5696788 -0.5109318 0.4298461 -0.4792151
29358.128000 0.0868407 -0.0036866 1.3238963 0.5696364 -0.5108312 0.4299275 -0.4792997
29358.228000 0.0872472 -0.0037253 1.3238713 0.5697122 -0.5108944 0.4298148 -0.4792433
29358.328000 0.0868250 -0.0036773 1.3238965 0.5696691 -0.5107932 0.4298973 -0.4793284
29358.428000 0.0872360 -0.0037164 1.3238713 0.5697457 -0.5108572 0.4297834 -0.4792714
29358.529000 0.0872435 -0.0037133 1.3238705 0.5697643 -0.5108412 0.4297646 -0.4792832
29358.628000 0.0868035 -0.0036635 1.3238968 0.5697188 -0.5107363 0.4298511 -0.4793715
29358.728000 0.0872189 -0.0037030 1.3238713 0.5697958 -0.5108013 0.4297363 -0.4793135
29358.828000 0.0868007 -0.0036555 1.3238963 0.5697534 -0.5107007 0.4298177 -0.4793981
29358.928000 0.0872072 -0.0036941 1.3238713 0.5698292 -0.5107640 0.4297050 -0.4793417
29359.028000 0.0872150 -0.0036910 1.3238705 0.5698478 -0.5107480 0.4296862 -0.4793534
29359.128000 0.0872092 -0.0036865 1.3238705 0.5698645 -0.5107294 0.4296705 -0.4793675
29359.228000 0.0872035 -0.0036821 1.3238705 0.5698812 -0.5107108 0.4296548 -0.4793815
29359.328000 0.0867720 -0.0036334 1.3238963 0.5698369 -0.5106076 0.4297393 -0.4794684
29359.429000 0.0871786 -0.0036718 1.3238713 0.5699127 -0.5106708 0.4296267 -0.4794119
29359.528000 0.0871863 -0.0036687 1.3238705 0.5699313 -0.5106549 0.4296079 -0.4794236
29359.628000 0.0867506 -0.0036197 1.3238965 0.5698861 -0.5105511 0.4296935 -0.4795111
29359.728000 0.0867315 -0.0036138 1.3238973 0.5699011 -0.5105297 0.4296808 -0.4795275
29359.828000 0.0867258 -0.0036094 1.3238973 0.5699176 -0.5105112 0.4296653 -0.4795414
29359.928000 0.0871498 -0.0036495 1.3238713 0.5699960 -0.5105778 0.4295484 -0.4794820
29360.028000 0.0871576 -0.0036464 1.3238705 0.5700146 -0.5105619 0.4295296 -0.4794938
29360.128000 0.0871519 -0.0036420 1.3238705 0.5700313 -0.5105433 0.4295139 -0.4795078
29360.228000 0.0871461 -0.0036375 1.3238705 0.5700479 -0.5105247 0.4294983 -0.4795218
29360.328000 0.0867146 -0.0035891 1.3238963 0.5700035 -0.5104215 0.4295828 -0.4796086
29360.428000 0.0871212 -0.0036273 1.3238713 0.5700793 -0.5104848 0.4294702 -0.4795521
29360.528000 0.0866989 -0.0035799 1.3238965 0.5700361 -0.5103837 0.4295527 -0.4796372
29360.628000 0.0871056 -0.0036180 1.3238716 0.5701119 -0.5104470 0.4294400 -0.4795807
29360.729000 0.0871174 -0.0036153 1.3238705 0.5701312 -0.5104317 0.4294201 -0.4795918
29360.828000 0.0871116 -0.0036109 1.3238705 0.5701478 -0.5104131 0.4294045 -0.4796058
29360.928000 0.0866804 -0.0035627 1.3238962 0.5701034 -0.5103101 0.4294889 -0.4796926
29361.028000 0.0870867 -0.0036006 1.3238713 0.5701792 -0.5103733 0.4293764 -0.4796361
29361.128000 0.0870943 -0.0035976 1.3238705 0.5701977 -0.5103574 0.4293576 -0.4796478
29361.229000 0.0870886 -0.0035931 1.3238705 0.5702143 -0.5103388 0.4293419 -0.4796618
29361.328000 0.0866612 -0.0035455 1.3238960 0.5701703 -0.5102367 0.4294256 -0.4797478
29361.428000 0.0870634 -0.0035829 1.3238713 0.5702456 -0.5102990 0.4293139 -0.4796920
29361.528000 0.0870712 -0.0035798 1.3238705 0.5702642 -0.5102831 0.4292951 -0.4797037
29361.628000 0.0866311 -0.0035309 1.3238968 0.5702185 -0.5101783 0.4293816 -0.4797920
29361.728000 0.0870465 -0.0035696 1.3238713 0.5702955 -0.5102434 0.4292669 -0.4797339
29361.829000 0.0870539 -0.0035665 1.3238705 0.5703140 -0.5102274 0.4292482 -0.4797456
29361.928000 0.0866223 -0.0035186 1.3238963 0.5702695 -0.5101244 0.4293327 -0.4798325
29362.028000 0.0865990 -0.0035124 1.3238973 0.5702836 -0.5101024 0.4293212 -0.4798494
29362.128000 0.0870231 -0.0035519 1.3238713 0.5703619 -0.5101691 0.4292046 -0.4797898
29362.228000 0.0870308 -0.0035488 1.3238705 0.5703804 -0.5101532 0.4291858 -0.4798015
29362.328000 0.0865991 -0.0035010 1.3238963 0.5703359 -0.5100502 0.4292703 -0.4798883
29362.428000 0.0865758 -0.0034948 1.3238973 0.5703499 -0.5100282 0.4292588 -0.4799053
29362.528000 0.0870000 -0.0035342 1.3238713 0.5704282 -0.5100949 0.4291422 -0.4798456
29362.628000 0.0870076 -0.0035311 1.3238705 0.5704467 -0.5100790 0.4291234 -0.4798572
29362.728000 0.0865760 -0.0034834 1.3238963 0.5704022 -0.5099761 0.4292079 -0.4799441
29362.828000 0.0869826 -0.0035209 1.3238713 0.5704780 -0.5100393 0.4290954 -0.4798874
29362.928000 0.0865643 -0.0034746 1.3238962 0.5704353 -0.5099390 0.4291767 -0.4799720
29363.028000 0.0869709 -0.0035121 1.3238713 0.5705111 -0.5100023 0.4290642 -0.4799153
29363.128000 0.0869786 -0.0035091 1.3238705 0.5705296 -0.5099864 0.4290455 -0.4799269
29363.228000 0.0869728 -0.0035046 1.3238705 0.5705461 -0.5099679 0.4290299 -0.4799409
29363.329000 0.0869670 -0.0035002 1.3238705 0.5705627 -0.5099494 0.4290143 -0.4799548
29363.428000 0.0869611 -0.0034958 1.3238705 0.5705792 -0.5099309 0.4289987 -0.4799687
29363.528000 0.0869553 -0.0034914 1.3238705 0.5705958 -0.5099123 0.4289832 -0.4799826
29363.628000 0.0869495 -0.0034870 1.3238705 0.5706123 -0.5098938 0.4289676 -0.4799965
29363.728000 0.0865178 -0.0034396 1.3238962 0.5705677 -0.5097909 0.4290521 -0.4800834
29363.828000 0.0869244 -0.0034768 1.3238713 0.5706435 -0.5098542 0.4289396 -0.4800267
29363.928000 0.0864976 -0.0034299 1.3238968 0.5705995 -0.5097522 0.4290230 -0.4801127
29364.028000 0.0869130 -0.0034681 1.3238713 0.5706766 -0.5098172 0.4289084 -0.4800544
29364.128000 0.0869204 -0.0034650 1.3238705 0.5706950 -0.5098013 0.4288898 -0.4800661
29364.228000 0.0864887 -0.0034177 1.3238962 0.5706503 -0.5096984 0.4289743 -0.4801529
29364.328000 0.0868953 -0.0034548 1.3238713 0.5707261 -0.5097617 0.4288618 -0.4800962
29364.428000 0.0864684 -0.0034081 1.3238968 0.5706821 -0.5096597 0.4289452 -0.4801822
29364.528000 0.0868839 -0.0034461 1.3238713 0.5707591 -0.5097248 0.4288307 -0.4801239
29364.628000 0.0868913 -0.0034430 1.3238705 0.5707774 -0.5097091 0.4288122 -0.4801354
29364.728000 0.0868854 -0.0034386 1.3238705 0.5707940 -0.5096904 0.4287965 -0.4801494
29364.828000 0.0868795 -0.0034342 1.3238705 0.5708105 -0.5096719 0.4287809 -0.4801633
29364.928000 0.0868737 -0.0034298 1.3238705 0.5708270 -0.5096535 0.4287654 -0.4801772
29365.028000 0.0864419 -0.0033827 1.3238962 0.5707823 -0.5095506 0.4288499 -0.4802640
29365.128000 0.0868485 -0.0034197 1.3238713 0.5708581 -0.5096139 0.4287375 -0.4802072
29365.228000 0.0864260 -0.0033736 1.3238965 0.5708145 -0.5095130 0.4288200 -0.4802924
29365.328000 0.0864068 -0.0033679 1.3238973 0.5708292 -0.5094917 0.4288074 -0.4803086
29365.428000 0.0868310 -0.0034065 1.3238713 0.5709075 -0.5095585 0.4286909 -0.4802488
29365.528000 0.0868386 -0.0034035 1.3238705 0.5709259 -0.5095427 0.4286722 -0.4802604
29365.628000 0.0868327 -0.0033991 1.3238705 0.5709424 -0.5095242 0.4286567 -0.4802742
29365.728000 0.0868268 -0.0033947 1.3238705 0.5709589 -0.5095058 0.4286411 -0.4802881
29365.828000 0.0868210 -0.0033903 1.3238705 0.5709753 -0.5094873 0.4286256 -0.4803019
29365.928000 0.0868151 -0.0033860 1.3238705 0.5709918 -0.5094689 0.4286101 -0.4803158
29366.028000 0.0863833 -0.0033392 1.3238962 0.5709470 -0.5093660 0.4286946 -0.4804026
29366.128000 0.0863599 -0.0033331 1.3238973 0.5709609 -0.5093441 0.4286832 -0.4804195
29366.228000 0.0863540 -0.0033287 1.3238973 0.5709774 -0.5093257 0.4286677 -0.4804333
29366.328000 0.0867782 -0.0033671 1.3238713 0.5710557 -0.5093925 0.4285512 -0.4803734
29366.428000 0.0867858 -0.0033641 1.3238705 0.5710740 -0.5093767 0.4285326 -0.4803849
29366.528000 0.0867799 -0.0033597 1.3238705 0.5710905 -0.5093583 0.4285171 -0.4803988
29366.628000 0.0863394 -0.0033122 1.3238968 0.5710444 -0.5092538 0.4286036 -0.4804871
29366.728000 0.0867549 -0.0033497 1.3238713 0.5711214 -0.5093188 0.4284892 -0.4804287
29366.828000 0.0867622 -0.0033466 1.3238705 0.5711398 -0.5093030 0.4284706 -0.4804402
29366.928000 0.0863304 -0.0033001 1.3238962 0.5710949 -0.5092002 0.4285551 -0.4805271
29367.028000 0.0867370 -0.0033365 1.3238713 0.5711707 -0.5092635 0.4284427 -0.4804702
29367.128000 0.0867446 -0.0033335 1.3238705 0.5711890 -0.5092478 0.4284241 -0.4804817
29367.228000 0.0867387 -0.0033292 1.3238705 0.5712053 -0.5092295 0.4284088 -0.4804953
29367.328000 0.0867328 -0.0033248 1.3238705 0.5712218 -0.5092110 0.4283931 -0.4805093
29367.428000 0.0867269 -0.0033204 1.3238705 0.5712382 -0.5091925 0.4283776 -0.4805231
29367.528000 0.0862950 -0.0032740 1.3238962 0.5711934 -0.5090898 0.4284621 -0.4806099
29367.628000 0.0866931 -0.0033095 1.3238718 0.5712679 -0.5091514 0.4283518 -0.4805544
29367.728000 0.0862748 -0.0032646 1.3238967 0.5712249 -0.5090513 0.4284332 -0.4806390
29367.828000 0.0866901 -0.0033017 1.3238713 0.5713019 -0.5091164 0.4283188 -0.4805805
29367.928000 0.0862628 -0.0032559 1.3238968 0.5712577 -0.5090145 0.4284023 -0.4806666
29368.028000 0.0866783 -0.0032930 1.3238713 0.5713347 -0.5090796 0.4282879 -0.4806081
29368.128000 0.0866855 -0.0032899 1.3238705 0.5713530 -0.5090638 0.4282694 -0.4806196
29368.228000 0.0866796 -0.0032855 1.3238705 0.5713693 -0.5090454 0.4282539 -0.4806334
29368.328000 0.0866737 -0.0032812 1.3238705 0.5713857 -0.5090271 0.4282384 -0.4806471
29368.428000 0.0862418 -0.0032351 1.3238962 0.5713408 -0.5089244 0.4283229 -0.4807340
29368.528000 0.0862183 -0.0032291 1.3238973 0.5713546 -0.5089025 0.4283116 -0.4807508
29368.628000 0.0866425 -0.0032668 1.3238713 0.5714329 -0.5089693 0.4281952 -0.4806907
29368.728000 0.0862154 -0.0032213 1.3238968 0.5713886 -0.5088676 0.4282786 -0.4807768
29368.828000 0.0866309 -0.0032582 1.3238713 0.5714656 -0.5089326 0.4281643 -0.4807182
29368.929000 0.0866382 -0.0032551 1.3238705 0.5714839 -0.5089169 0.4281457 -0.4807297
29369.028000 0.0866322 -0.0032508 1.3238705 0.5715002 -0.5088985 0.4281303 -0.4807434
29369.128000 0.0866263 -0.0032464 1.3238705 0.5715165 -0.5088802 0.4281149 -0.4807572
29369.229000 0.0861947 -0.0032006 1.3238962 0.5714716 -0.5087776 0.4281993 -0.4808440
29369.328000 0.0866010 -0.0032364 1.3238713 0.5715473 -0.5088408 0.4280872 -0.4807870
29369.428000 0.0866085 -0.0032334 1.3238705 0.5715655 -0.5088251 0.4280686 -0.4807984
29369.528000 0.0866025 -0.0032291 1.3238705 0.5715819 -0.5088068 0.4280531 -0.4808121
29369.628000 0.0861706 -0.0031833 1.3238962 0.5715369 -0.5087042 0.4281376 -0.4808990
29369.728000 0.0865772 -0.0032191 1.3238713 0.5716126 -0.5087675 0.4280255 -0.4808419
29369.828000 0.0861587 -0.0031747 1.3238962 0.5715695 -0.5086675 0.4281068 -0.4809265
29369.928000 0.0861352 -0.0031687 1.3238973 0.5715833 -0.5086457 0.4280955 -0.4809432
29370.028000 0.0861292 -0.0031644 1.3238973 0.5715996 -0.5086274 0.4280801 -0.4809569
29370.128000 0.0861233 -0.0031601 1.3238973 0.5716159 -0.5086091 0.4280647 -0.4809706
29370.228000 0.0865475 -0.0031974 1.3238713 0.5716941 -0.5086759 0.4279484 -0.4809105
29370.328000 0.0861203 -0.0031524 1.3238968 0.5716497 -0.5085742 0.4280317 -0.4809965
29370.428000 0.0861053 -0.0031471 1.3238973 0.5716649 -0.5085540 0.4280183 -0.4810119
29370.528000 0.0865299 -0.0031845 1.3238713 0.5717430 -0.5086210 0.4279021 -0.4809516
29370.628000 0.0861024 -0.0031395 1.3238967 0.5716986 -0.5085193 0.4279855 -0.4810376
29370.729000 0.0865179 -0.0031758 1.3238713 0.5717756 -0.5085844 0.4278713 -0.4809789
29370.828000 0.0865251 -0.0031728 1.3238705 0.5717937 -0.5085687 0.4278528 -0.4809904
29370.928000 0.0865192 -0.0031685 1.3238705 0.5718100 -0.5085504 0.4278374 -0.4810041
29371.028000 0.0860872 -0.0031231 1.3238962 0.5717649 -0.5084478 0.4279219 -0.4810909
29371.128000 0.0864938 -0.0031585 1.3238713 0.5718406 -0.5085112 0.4278098 -0.4810337
29371.228000 0.0865012 -0.0031555 1.3238705 0.5718588 -0.5084956 0.4277913 -0.4810451
29371.328000 0.0864953 -0.0031512 1.3238705 0.5718751 -0.5084773 0.4277759 -0.4810588
29371.428000 0.0864893 -0.0031469 1.3238705 0.5718913 -0.5084590 0.4277605 -0.4810725
29371.528000 0.0860573 -0.0031017 1.3238962 0.5718462 -0.5083564 0.4278450 -0.4811593
29371.628000 0.0864639 -0.0031370 1.3238713 0.5719219 -0.5084198 0.4277329 -0.4811021
29371.728000 0.0860453 -0.0030931 1.3238962 0.5718787 -0.5083199 0.4278143 -0.4811866
29371.828000 0.0864519 -0.0031283 1.3238713 0.5719543 -0.5083833 0.4277022 -0.4811294
29371.929000 0.0864594 -0.0031253 1.3238705 0.5719725 -0.5083677 0.4276837 -0.4811408
29372.028000 0.0864534 -0.0031210 1.3238705 0.5719887 -0.5083494 0.4276683 -0.4811544
29372.128000 0.0864474 -0.0031167 1.3238705 0.5720050 -0.5083311 0.4276530 -0.4811681
29372.229000 0.0860153 -0.0030717 1.3238962 0.5719598 -0.5082286 0.4277375 -0.4812549
29372.328000 0.0859917 -0.0030657 1.3238973 0.5719735 -0.5082069 0.4277262 -0.4812716
29372.429000 0.0864159 -0.0031025 1.3238713 0.5720517 -0.5082737 0.4276101 -0.4812113
29372.528000 0.0859931 -0.0030585 1.3238965 0.5720077 -0.5081732 0.4276926 -0.4812964
29372.628000 0.0859737 -0.0030529 1.3238973 0.5720221 -0.5081522 0.4276802 -0.4813125
29372.728000 0.0859677 -0.0030486 1.3238973 0.5720383 -0.5081339 0.4276649 -0.4813261
29372.828000 0.0863922 -0.0030853 1.3238713 0.5721165 -0.5082008 0.4275486 -0.4812658
29372.928000 0.0859733 -0.0030418 1.3238962 0.5720732 -0.5081010 0.4276301 -0.4813504
29373.028000 0.0859497 -0.0030358 1.3238973 0.5720869 -0.5080793 0.4276188 -0.4813670
29373.128000 0.0863739 -0.0030724 1.3238713 0.5721651 -0.5081461 0.4275027 -0.4813067
29373.228000 0.0859552 -0.0030290 1.3238962 0.5721218 -0.5080463 0.4275841 -0.4813912
29373.328000 0.0863619 -0.0030638 1.3238713 0.5721974 -0.5081097 0.4274721 -0.4813339
29373.428000 0.0863693 -0.0030608 1.3238705 0.5722155 -0.5080941 0.4274536 -0.4813452
29373.528000 0.0863633 -0.0030565 1.3238705 0.5722317 -0.5080759 0.4274383 -0.4813588
29373.628000 0.0863572 -0.0030522 1.3238705 0.5722479 -0.5080577 0.4274230 -0.4813724
29373.728000 0.0863512 -0.0030480 1.3238705 0.5722640 -0.5080395 0.4274076 -0.4813860
29373.828000 0.0863452 -0.0030437 1.3238705 0.5722802 -0.5080213 0.4273923 -0.4813996
29373.928000 0.0859131 -0.0029991 1.3238962 0.5722349 -0.5079189 0.4274768 -0.4814864
29374.028000 0.0858894 -0.0029932 1.3238973 0.5722485 -0.5078972 0.4274656 -0.4815030
29374.128000 0.0863137 -0.0030295 1.3238713 0.5723267 -0.5079641 0.4273496 -0.4814426
29374.228000 0.0858949 -0.0029864 1.3238962 0.5722833 -0.5078643 0.4274309 -0.4815272
29374.328000 0.0863016 -0.0030210 1.3238713 0.5723590 -0.5079277 0.4273190 -0.4814698
29374.428000 0.0863090 -0.0030180 1.3238705 0.5723770 -0.5079122 0.4273005 -0.4814811
29374.528000 0.0863029 -0.0030137 1.3238705 0.5723932 -0.5078940 0.4272852 -0.4814946
29374.628000 0.0858750 -0.0029698 1.3238960 0.5723483 -0.5077926 0.4273689 -0.4815806
29374.728000 0.0862773 -0.0030039 1.3238713 0.5724235 -0.5078550 0.4272578 -0.4815241
29374.828000 0.0858501 -0.0029601 1.3238967 0.5723788 -0.5077536 0.4273412 -0.4816101
29374.928000 0.0862656 -0.0029953 1.3238713 0.5724557 -0.5078187 0.4272272 -0.4815511
29375.028000 0.0862727 -0.0029923 1.3238705 0.5724738 -0.5078032 0.4272088 -0.4815624
29375.128000 0.0862667 -0.0029880 1.3238705 0.5724899 -0.5077850 0.4271936 -0.4815760
29375.228000 0.0858345 -0.0029439 1.3238962 0.5724445 -0.5076827 0.4272781 -0.4816628
29375.328000 0.0858108 -0.0029380 1.3238973 0.5724581 -0.5076610 0.4272669 -0.4816794
29375.428000 0.0858048 -0.0029338 1.3238973 0.5724741 -0.5076429 0.4272516 -0.4816929
29375.528000 0.0862290 -0.0029697 1.3238713 0.5725523 -0.5077098 0.4271356 -0.4816324
29375.628000 0.0862364 -0.0029667 1.3238705 0.5725703 -0.5076943 0.4271172 -0.4816437
29375.728000 0.0862303 -0.0029624 1.3238705 0.5725864 -0.5076761 0.4271020 -0.4816572
29375.828000 0.0857939 -0.0029181 1.3238965 0.5725402 -0.5075732 0.4271876 -0.4817446
29375.928000 0.0862049 -0.0029527 1.3238713 0.5726166 -0.5076373 0.4270746 -0.4816865
29376.028000 0.0857773 -0.0029092 1.3238967 0.5725719 -0.5075359 0.4271580 -0.4817726
29376.128000 0.0861928 -0.0029442 1.3238713 0.5726488 -0.5076010 0.4270441 -0.4817135
29376.228000 0.0861999 -0.0029411 1.3238705 0.5726667 -0.5075855 0.4270257 -0.4817248
29376.328000 0.0857681 -0.0028973 1.3238962 0.5726214 -0.5074833 0.4271102 -0.4818116
29376.428000 0.0861743 -0.0029314 1.3238713 0.5726969 -0.5075466 0.4269984 -0.4817541
29376.528000 0.0857555 -0.0028888 1.3238962 0.5726534 -0.5074470 0.4270798 -0.4818386
29376.628000 0.0857319 -0.0028830 1.3238973 0.5726669 -0.5074254 0.4270687 -0.4818552
29376.728000 0.0857258 -0.0028787 1.3238973 0.5726829 -0.5074073 0.4270534 -0.4818686
29376.829000 0.0861503 -0.0029144 1.3238713 0.5727611 -0.5074743 0.4269374 -0.4818080
29376.928000 0.0857312 -0.0028719 1.3238962 0.5727175 -0.5073746 0.4270189 -0.4818926
29377.028000 0.0861378 -0.0029058 1.3238713 0.5727931 -0.5074381 0.4269071 -0.4818350
29377.128000 0.0861452 -0.0029029 1.3238705 0.5728110 -0.5074228 0.4268888 -0.4818461
29377.229000 0.0861391 -0.0028986 1.3238705 0.5728271 -0.5074045 0.4268735 -0.4818597
29377.328000 0.0861330 -0.0028943 1.3238705 0.5728431 -0.5073865 0.4268583 -0.4818731
29377.428000 0.0856921 -0.0028500 1.3238967 0.5727964 -0.5072825 0.4269448 -0.4819615
29377.528000 0.0861076 -0.0028846 1.3238713 0.5728733 -0.5073477 0.4268309 -0.4819024
29377.628000 0.0861147 -0.0028816 1.3238705 0.5728912 -0.5073322 0.4268127 -0.4819135
29377.728000 0.0861086 -0.0028774 1.3238705 0.5729072 -0.5073142 0.4267975 -0.4819270
29377.828000 0.0856763 -0.0028340 1.3238962 0.5728616 -0.5072120 0.4268820 -0.4820138
29377.928000 0.0860829 -0.0028677 1.3238713 0.5729372 -0.5072754 0.4267702 -0.4819562
29378.028000 0.0856641 -0.0028255 1.3238962 0.5728936 -0.5071759 0.4268516 -0.4820408
29378.128000 0.0860707 -0.0028592 1.3238713 0.5729692 -0.5072393 0.4267399 -0.4819831
29378.228000 0.0860780 -0.0028562 1.3238705 0.5729871 -0.5072239 0.4267215 -0.4819942
29378.329000 0.0856371 -0.0028121 1.3238967 0.5729403 -0.5071200 0.4268081 -0.4820826
29378.428000 0.0860526 -0.0028465 1.3238713 0.5730171 -0.5071852 0.4266942 -0.4820234
29378.528000 0.0860597 -0.0028435 1.3238705 0.5730350 -0.5071698 0.4266760 -0.4820345
29378.628000 0.0860536 -0.0028392 1.3238705 0.5730510 -0.5071518 0.4266608 -0.4820480
29378.728000 0.0860474 -0.0028350 1.3238705 0.5730669 -0.5071337 0.4266457 -0.4820614
29378.828000 0.0860413 -0.0028308 1.3238705 0.5730829 -0.5071157 0.4266305 -0.4820748
29378.928000 0.0860352 -0.0028266 1.3238705 0.5730988 -0.5070977 0.4266153 -0.4820882
29379.028000 0.0860291 -0.0028223 1.3238705 0.5731148 -0.5070797 0.4266002 -0.4821016
29379.128000 0.0860229 -0.0028181 1.3238705 0.5731307 -0.5070616 0.4265850 -0.4821150
29379.228000 0.0860168 -0.0028139 1.3238705 0.5731466 -0.5070436 0.4265699 -0.4821285
29379.328000 0.0855844 -0.0027709 1.3238962 0.5731010 -0.5069415 0.4266544 -0.4822153
29379.428000 0.0859911 -0.0028042 1.3238713 0.5731765 -0.5070050 0.4265427 -0.4821576
29379.528000 0.0855721 -0.0027625 1.3238962 0.5731328 -0.5069055 0.4266241 -0.4822421
29379.628000 0.0859788 -0.0027958 1.3238713 0.5732084 -0.5069690 0.4265124 -0.4821844
29379.728000 0.0859861 -0.0027928 1.3238705 0.5732262 -0.5069536 0.4264941 -0.4821954
29379.828000 0.0859800 -0.0027885 1.3238705 0.5732422 -0.5069356 0.4264790 -0.4822088
29379.928000 0.0855434 -0.0027454 1.3238965 0.5731957 -0.5068329 0.4265647 -0.4822963
29380.029000 0.0859543 -0.0027789 1.3238713 0.5732720 -0.5068970 0.4264519 -0.4822379
29380.128000 0.0855353 -0.0027373 1.3238962 0.5732283 -0.5067976 0.4265333 -0.4823224
29380.228000 0.0859419 -0.0027705 1.3238713 0.5733038 -0.5068611 0.4264217 -0.4822646
29380.328000 0.0859492 -0.0027675 1.3238705 0.5733216 -0.5068457 0.4264034 -0.4822757
29380.428000 0.0859430 -0.0027633 1.3238705 0.5733375 -0.5068278 0.4263883 -0.4822890
29380.528000 0.0855020 -0.0027198 1.3238967 0.5732906 -0.5067240 0.4264748 -0.4823774
29380.628000 0.0859175 -0.0027537 1.3238713 0.5733674 -0.5067893 0.4263611 -0.4823180
29380.728000 0.0859246 -0.0027506 1.3238705 0.5733852 -0.5067739 0.4263429 -0.4823291
29380.828000 0.0854835 -0.0027073 1.3238967 0.5733382 -0.5066702 0.4264295 -0.4824174
29380.928000 0.0854684 -0.0027023 1.3238973 0.5733527 -0.5066504 0.4264165 -0.4824323
29381.028000 0.0858926 -0.0027368 1.3238713 0.5734308 -0.5067174 0.4263008 -0.4823715
29381.128000 0.0858999 -0.0027338 1.3238705 0.5734486 -0.5067021 0.4262826 -0.4823825
29381.228000 0.0858937 -0.0027296 1.3238705 0.5734645 -0.5066842 0.4262675 -0.4823958
29381.328000 0.0858876 -0.0027254 1.3238705 0.5734803 -0.5066662 0.4262524 -0.4824091
29381.429000 0.0858814 -0.0027212 1.3238705 0.5734961 -0.5066483 0.4262373 -0.4824225
29381.528000 0.0858752 -0.0027170 1.3238705 0.5735120 -0.5066304 0.4262222 -0.4824358
29381.628000 0.0858690 -0.0027128 1.3238705 0.5735278 -0.5066124 0.4262071 -0.4824491
29381.728000 0.0854324 -0.0026701 1.3238965 0.5734812 -0.5065098 0.4262928 -0.4825365
29381.828000 0.0858433 -0.0027032 1.3238713 0.5735575 -0.5065740 0.4261801 -0.4824780
29381.928000 0.0858505 -0.0027002 1.3238705 0.5735753 -0.5065587 0.4261619 -0.4824891
29382.028000 0.0854180 -0.0026580 1.3238962 0.5735295 -0.5064567 0.4262465 -0.4825759
29382.128000 0.0858247 -0.0026906 1.3238713 0.5736050 -0.5065202 0.4261349 -0.4825180
29382.228000 0.0858319 -0.0026876 1.3238705 0.5736227 -0.5065050 0.4261167 -0.4825290
29382.329000 0.0858257 -0.0026835 1.3238705 0.5736385 -0.5064871 0.4261017 -0.4825423
29382.428000 0.0853932 -0.0026413 1.3238962 0.5735927 -0.5063851 0.4261862 -0.4826291
29382.529000 0.0857999 -0.0026739 1.3238713 0.5736682 -0.5064487 0.4260747 -0.4825711
29382.628000 0.0858071 -0.0026709 1.3238705 0.5736859 -0.5064334 0.4260565 -0.4825821
29382.728000 0.0853746 -0.0026288 1.3238962 0.5736400 -0.5063315 0.4261411 -0.4826689
29382.828000 0.0857813 -0.0026613 1.3238713 0.5737155 -0.5063950 0.4260296 -0.4826110
29382.928000 0.0857885 -0.0026583 1.3238705 0.5737333 -0.5063798 0.4260114 -0.4826219
29383.028000 0.0857823 -0.0026542 1.3238705 0.5737490 -0.5063619 0.4259964 -0.4826352
29383.128000 0.0857761 -0.0026500 1.3238704 0.5737648 -0.5063440 0.4259813 -0.4826485
29383.228000 0.0857699 -0.0026458 1.3238704 0.5737806 -0.5063262 0.4259663 -0.4826617
29383.328000 0.0853374 -0.0026039 1.3238962 0.5737347 -0.5062243 0.4260509 -0.4827486
29383.428000 0.0853136 -0.0025982 1.3238973 0.5737477 -0.5062031 0.4260401 -0.4827647
29383.528000 0.0857377 -0.0026321 1.3238713 0.5738259 -0.5062699 0.4259244 -0.4827038
29383.628000 0.0853145 -0.0025911 1.3238965 0.5737811 -0.5061701 0.4260070 -0.4827889
29383.728000 0.0857255 -0.0026237 1.3238713 0.5738574 -0.5062343 0.4258943 -0.4827303
29383.828000 0.0857326 -0.0026207 1.3238704 0.5738751 -0.5062191 0.4258762 -0.4827412
29383.928000 0.0857264 -0.0026166 1.3238704 0.5738908 -0.5062012 0.4258612 -0.4827545
29384.028000 0.0852938 -0.0025749 1.3238962 0.5738448 -0.5060994 0.4259458 -0.4828413
29384.128000 0.0857005 -0.0026070 1.3238713 0.5739203 -0.5061629 0.4258343 -0.4827832
29384.228000 0.0852814 -0.0025666 1.3238962 0.5738763 -0.5060637 0.4259158 -0.4828677
29384.328000 0.0852576 -0.0025609 1.3238973 0.5738894 -0.5060425 0.4259049 -0.4828840
29384.428000 0.0856818 -0.0025945 1.3238713 0.5739675 -0.5061095 0.4257894 -0.4828229
29384.528000 0.0856890 -0.0025915 1.3238704 0.5739851 -0.5060943 0.4257712 -0.4828338
29384.628000 0.0852478 -0.0025493 1.3238967 0.5739379 -0.5059908 0.4258578 -0.4829221
29384.728000 0.0856634 -0.0025821 1.3238712 0.5740146 -0.5060561 0.4257444 -0.4828625
29384.828000 0.0852440 -0.0025417 1.3238962 0.5739705 -0.5059569 0.4258259 -0.4829470
29384.928000 0.0856506 -0.0025737 1.3238713 0.5740460 -0.5060204 0.4257145 -0.4828889
29385.028000 0.0856578 -0.0025707 1.3238704 0.5740636 -0.5060053 0.4256964 -0.4828998
29385.128000 0.0856516 -0.0025666 1.3238704 0.5740793 -0.5059875 0.4256814 -0.4829130
29385.228000 0.0856453 -0.0025624 1.3238704 0.5740950 -0.5059697 0.4256664 -0.4829262
29385.328000 0.0856391 -0.0025583 1.3238704 0.5741106 -0.5059519 0.4256515 -0.4829394
29385.428000 0.0856328 -0.0025541 1.3238704 0.5741263 -0.5059342 0.4256365 -0.4829526
29385.528000 0.0852002 -0.0025128 1.3238962 0.5740802 -0.5058324 0.4257211 -0.4830394
29385.628000 0.0856069 -0.0025446 1.3238713 0.5741557 -0.5058960 0.4256098 -0.4829812
29385.729000 0.0851791 -0.0025038 1.3238967 0.5741103 -0.5057952 0.4256932 -0.4830672
29385.828000 0.0855946 -0.0025363 1.3238712 0.5741870 -0.5058605 0.4255798 -0.4830075
29385.928000 0.0856016 -0.0025333 1.3238704 0.5742046 -0.5058453 0.4255618 -0.4830184
29386.028000 0.0855953 -0.0025292 1.3238704 0.5742202 -0.5058276 0.4255469 -0.4830316
29386.128000 0.0855890 -0.0025250 1.3238704 0.5742358 -0.5058098 0.4255319 -0.4830447
29386.228000 0.0851522 -0.0024836 1.3238965 0.5741890 -0.5057074 0.4256177 -0.4831321
29386.328000 0.0851325 -0.0024783 1.3238973 0.5742028 -0.5056869 0.4256057 -0.4831477
29386.428000 0.0851263 -0.0024742 1.3238973 0.5742183 -0.5056693 0.4255909 -0.4831607
29386.528000 0.0855504 -0.0025073 1.3238713 0.5742964 -0.5057362 0.4254754 -0.4830996
29386.628000 0.0855577 -0.0025043 1.3238704 0.5743140 -0.5057211 0.4254573 -0.4831104
29386.728000 0.0855514 -0.0025002 1.3238704 0.5743296 -0.5057034 0.4254424 -0.4831236
29386.828000 0.0855451 -0.0024960 1.3238704 0.5743452 -0.5056857 0.4254275 -0.4831367
29386.928000 0.0855389 -0.0024919 1.3238704 0.5743608 -0.5056680 0.4254126 -0.4831498
29387.028000 0.0855326 -0.0024877 1.3238704 0.5743764 -0.5056502 0.4253977 -0.4831629
29387.128000 0.0855263 -0.0024836 1.3238704 0.5743920 -0.5056325 0.4253828 -0.4831761
29387.228000 0.0850936 -0.0024428 1.3238962 0.5743458 -0.5055309 0.4254674 -0.4832629
29387.328000 0.0850698 -0.0024372 1.3238973 0.5743588 -0.5055097 0.4254566 -0.4832790
29387.428000 0.0854940 -0.0024700 1.3238713 0.5744368 -0.5055768 0.4253412 -0.4832177
29387.529000 0.0850748 -0.0024305 1.3238962 0.5743925 -0.5054778 0.4254227 -0.4833022
29387.628000 0.0854814 -0.0024618 1.3238713 0.5744679 -0.5055414 0.4253115 -0.4832439
29387.728000 0.0854886 -0.0024588 1.3238704 0.5744854 -0.5055263 0.4252934 -0.4832547
29387.828000 0.0850559 -0.0024181 1.3238962 0.5744392 -0.5054247 0.4253781 -0.4833415
29387.928000 0.0854625 -0.0024494 1.3238713 0.5745146 -0.5054883 0.4252668 -0.4832832
29388.028000 0.0850433 -0.0024099 1.3238962 0.5744703 -0.5053894 0.4253483 -0.4833676
29388.128000 0.0854499 -0.0024411 1.3238713 0.5745457 -0.5054530 0.4252371 -0.4833093
29388.228000 0.0850221 -0.0024010 1.3238967 0.5745001 -0.5053523 0.4253206 -0.4833953
29388.328000 0.0854376 -0.0024329 1.3238712 0.5745768 -0.5054177 0.4252073 -0.4833355
29388.428000 0.0854445 -0.0024299 1.3238704 0.5745943 -0.5054026 0.4251894 -0.4833462
29388.528000 0.0850031 -0.0023887 1.3238967 0.5745467 -0.5052994 0.4252760 -0.4834345
29388.628000 0.0849879 -0.0023839 1.3238972 0.5745608 -0.5052801 0.4252634 -0.4834490
29388.728000 0.0849815 -0.0023798 1.3238972 0.5745765 -0.5052623 0.4252484 -0.4834622
29388.828000 0.0849753 -0.0023757 1.3238972 0.5745918 -0.5052448 0.4252337 -0.4834751
29388.928000 0.0853996 -0.0024082 1.3238712 0.5746699 -0.5053118 0.4251183 -0.4834138
29389.028000 0.0854066 -0.0024052 1.3238704 0.5746874 -0.5052968 0.4251003 -0.4834246
29389.128000 0.0849652 -0.0023642 1.3238967 0.5746398 -0.5051935 0.4251869 -0.4835128
29389.228000 0.0853808 -0.0023958 1.3238712 0.5747165 -0.5052589 0.4250737 -0.4834529
29389.328000 0.0853877 -0.0023928 1.3238704 0.5747339 -0.5052439 0.4250558 -0.4834637
29389.428000 0.0849549 -0.0023526 1.3238962 0.5746875 -0.5051423 0.4251405 -0.4835505
29389.528000 0.0849310 -0.0023471 1.3238972 0.5747003 -0.5051214 0.4251299 -0.4835664
29389.628000 0.0853554 -0.0023794 1.3238712 0.5747784 -0.5051884 0.4250145 -0.4835051
29389.729000 0.0849273 -0.0023396 1.3238967 0.5747327 -0.5050878 0.4250980 -0.4835910
29389.828000 0.0853428 -0.0023712 1.3238712 0.5748094 -0.5051532 0.4249848 -0.4835311
29389.928000 0.0849232 -0.0023322 1.3238962 0.5747649 -0.5050543 0.4250664 -0.4836156
29390.028000 0.0853299 -0.0023629 1.3238712 0.5748403 -0.5051180 0.4249553 -0.4835571
29390.128000 0.0849019 -0.0023233 1.3238967 0.5747946 -0.5050174 0.4250388 -0.4836431
29390.228000 0.0848866 -0.0023185 1.3238972 0.5748087 -0.5049981 0.4250261 -0.4836576
29390.328000 0.0853024 -0.0023499 1.3238718 0.5748854 -0.5050635 0.4249129 -0.4835976
29390.428000 0.0853180 -0.0023476 1.3238704 0.5749040 -0.5050503 0.4248930 -0.4836068
29390.528000 0.0848766 -0.0023070 1.3238967 0.5748563 -0.5049471 0.4249796 -0.4836951
29390.628000 0.0848613 -0.0023022 1.3238972 0.5748705 -0.5049278 0.4249669 -0.4837096
29390.728000 0.0852855 -0.0023342 1.3238712 0.5749484 -0.5049949 0.4248518 -0.4836481
29390.828000 0.0848662 -0.0022955 1.3238962 0.5749039 -0.5048961 0.4249333 -0.4837325
29390.929000 0.0852728 -0.0023260 1.3238712 0.5749792 -0.5049598 0.4248222 -0.4836740
29391.028000 0.0848448 -0.0022866 1.3238967 0.5749335 -0.5048593 0.4249057 -0.4837600
29391.128000 0.0852604 -0.0023178 1.3238712 0.5750101 -0.5049248 0.4247926 -0.4836999
29391.228000 0.0852672 -0.0023148 1.3238704 0.5750274 -0.5049098 0.4247748 -0.4837106
29391.328000 0.0848344 -0.0022752 1.3238962 0.5749809 -0.5048084 0.4248594 -0.4837974
29391.428000 0.0852410 -0.0023055 1.3238712 0.5750563 -0.5048721 0.4247484 -0.4837388
29391.529000 0.0848130 -0.0022663 1.3238967 0.5750105 -0.5047716 0.4248319 -0.4838248
29391.628000 0.0852286 -0.0022974 1.3238712 0.5750871 -0.5048371 0.4247189 -0.4837647
29391.728000 0.0848089 -0.0022589 1.3238962 0.5750425 -0.5047383 0.4248004 -0.4838492
29391.828000 0.0847850 -0.0022534 1.3238972 0.5750553 -0.5047173 0.4247898 -0.4838651
29391.929000 0.0847786 -0.0022493 1.3238972 0.5750707 -0.5046998 0.4247751 -0.4838781
29392.028000 0.0847722 -0.0022452 1.3238972 0.5750860 -0.5046823 0.4247603 -0.4838910
29392.128000 0.0851965 -0.0022769 1.3238712 0.5751639 -0.5047494 0.4246452 -0.4838294
29392.228000 0.0852036 -0.0022740 1.3238704 0.5751812 -0.5047346 0.4246274 -0.4838400
29392.328000 0.0851972 -0.0022699 1.3238704 0.5751966 -0.5047171 0.4246127 -0.4838529
29392.428000 0.0847557 -0.0022298 1.3238967 0.5751488 -0.5046140 0.4246993 -0.4839412
29392.528000 0.0847403 -0.0022250 1.3238972 0.5751628 -0.5045948 0.4246867 -0.4839556
29392.628000 0.0851565 -0.0022558 1.3238717 0.5752395 -0.5046604 0.4245735 -0.4838954
29392.728000 0.0851717 -0.0022535 1.3238704 0.5752580 -0.5046471 0.4245538 -0.4839046
29392.828000 0.0847302 -0.0022136 1.3238967 0.5752101 -0.5045441 0.4246405 -0.4839928
29392.928000 0.0851415 -0.0022440 1.3238715 0.5752860 -0.5046089 0.4245286 -0.4839332
29393.028000 0.0847175 -0.0022055 1.3238967 0.5752408 -0.5045092 0.4246111 -0.4840186
29393.128000 0.0851329 -0.0022362 1.3238712 0.5753174 -0.5045746 0.4244981 -0.4839584
29393.228000 0.0847132 -0.0021981 1.3238962 0.5752727 -0.5044759 0.4245797 -0.4840429
29393.328000 0.0851199 -0.0022280 1.3238712 0.5753479 -0.5045397 0.4244688 -0.4839842
29393.428000 0.0847004 -0.0021900 1.3238962 0.5753033 -0.5044410 0.4245503 -0.4840686
29393.528000 0.0851071 -0.0022198 1.3238712 0.5753786 -0.5045048 0.4244394 -0.4840100
29393.628000 0.0846790 -0.0021812 1.3238967 0.5753326 -0.5044044 0.4245230 -0.4840959
29393.728000 0.0850946 -0.0022117 1.3238712 0.5754092 -0.5044699 0.4244100 -0.4840357
29393.828000 0.0851014 -0.0022087 1.3238704 0.5754264 -0.5044551 0.4243922 -0.4840462
29393.928000 0.0850950 -0.0022047 1.3238704 0.5754417 -0.5044377 0.4243776 -0.4840591
29394.028000 0.0850885 -0.0022006 1.3238704 0.5754569 -0.5044202 0.4243629 -0.4840719
29394.129000 0.0846470 -0.0021610 1.3238967 0.5754090 -0.5043173 0.4244496 -0.4841602
29394.228000 0.0846316 -0.0021562 1.3238972 0.5754230 -0.5042981 0.4244371 -0.4841746
29394.329000 0.0850559 -0.0021873 1.3238712 0.5755008 -0.5043653 0.4243221 -0.4841128
29394.428000 0.0850629 -0.0021844 1.3238704 0.5755180 -0.5043506 0.4243043 -0.4841233
29394.528000 0.0846300 -0.0021455 1.3238962 0.5754713 -0.5042493 0.4243890 -0.4842100
29394.628000 0.0850366 -0.0021751 1.3238712 0.5755466 -0.5043131 0.4242782 -0.4841513
29394.728000 0.0850437 -0.0021722 1.3238704 0.5755638 -0.5042984 0.4242604 -0.4841618
29394.828000 0.0850372 -0.0021681 1.3238704 0.5755790 -0.5042810 0.4242458 -0.4841746
29394.928000 0.0850308 -0.0021641 1.3238704 0.5755942 -0.5042636 0.4242311 -0.4841874
29395.028000 0.0845892 -0.0021247 1.3238967 0.5755462 -0.5041607 0.4243178 -0.4842757
29395.129000 0.0845738 -0.0021199 1.3238972 0.5755602 -0.5041415 0.4243053 -0.4842900
29395.228000 0.0849981 -0.0021508 1.3238712 0.5756380 -0.5042088 0.4241904 -0.4842282
29395.328000 0.0845786 -0.0021133 1.3238962 0.5755932 -0.5041102 0.4242720 -0.4843126
29395.428000 0.0849852 -0.0021427 1.3238712 0.5756684 -0.5041740 0.4241612 -0.4842538
29395.528000 0.0849923 -0.0021397 1.3238704 0.5756856 -0.5041593 0.4241434 -0.4842643
29395.628000 0.0849858 -0.0021357 1.3238704 0.5757008 -0.5041420 0.4241288 -0.4842770
29395.728000 0.0849794 -0.0021316 1.3238704 0.5757160 -0.5041246 0.4241142 -0.4842898
29395.828000 0.0845464 -0.0020932 1.3238962 0.5756692 -0.5040235 0.4241989 -0.4843765
29395.928000 0.0845224 -0.0020877 1.3238972 0.5756818 -0.5040027 0.4241884 -0.4843924
29396.028000 0.0849466 -0.0021184 1.3238712 0.5757596 -0.5040699 0.4240736 -0.4843305
29396.128000 0.0849537 -0.0021155 1.3238704 0.5757767 -0.5040552 0.4240559 -0.4843409
29396.228000 0.0845120 -0.0020764 1.3238967 0.5757286 -0.5039524 0.4241426 -0.4844291
29396.328000 0.0844967 -0.0020717 1.3238972 0.5757423 -0.5039335 0.4241302 -0.4844433
29396.428000 0.0849210 -0.0021023 1.3238712 0.5758203 -0.5040006 0.4240152 -0.4843815
29396.528000 0.0845013 -0.0020650 1.3238962 0.5757754 -0.5039021 0.4240968 -0.4844659
29396.628000 0.0844773 -0.0020596 1.3238972 0.5757880 -0.5038814 0.4240864 -0.4844817
29396.728000 0.0844708 -0.0020556 1.3238972 0.5758031 -0.5038640 0.4240718 -0.4844945
29396.828000 0.0848953 -0.0020861 1.3238712 0.5758809 -0.5039314 0.4239569 -0.4844325
29396.928000 0.0844755 -0.0020490 1.3238962 0.5758360 -0.5038329 0.4240386 -0.4845169
29397.028000 0.0848822 -0.0020780 1.3238712 0.5759112 -0.5038967 0.4239279 -0.4844580
29397.129000 0.0844584 -0.0020407 1.3238964 0.5758655 -0.5037976 0.4240106 -0.4845430
29397.228000 0.0848694 -0.0020700 1.3238712 0.5759414 -0.5038622 0.4238988 -0.4844834
29397.328000 0.0848762 -0.0020670 1.3238704 0.5759585 -0.5038475 0.4238811 -0.4844939
29397.428000 0.0844432 -0.0020289 1.3238962 0.5759116 -0.5037464 0.4239658 -0.4845806
29397.528000 0.0844191 -0.0020235 1.3238972 0.5759241 -0.5037257 0.4239554 -0.4845963
29397.628000 0.0848434 -0.0020538 1.3238712 0.5760019 -0.5037930 0.4238406 -0.4845343
29397.728000 0.0848504 -0.0020509 1.3238704 0.5760190 -0.5037784 0.4238230 -0.4845447
29397.828000 0.0844087 -0.0020122 1.3238967 0.5759708 -0.5036757 0.4239097 -0.4846329
29397.928000 0.0848242 -0.0020418 1.3238712 0.5760472 -0.5037413 0.4237970 -0.4845724
29398.028000 0.0848310 -0.0020388 1.3238704 0.5760641 -0.5037268 0.4237795 -0.4845827
29398.128000 0.0843894 -0.0020002 1.3238967 0.5760160 -0.5036239 0.4238661 -0.4846710
29398.228000 0.0848048 -0.0020297 1.3238712 0.5760925 -0.5036895 0.4237535 -0.4846105
29398.328000 0.0843849 -0.0019929 1.3238962 0.5760474 -0.5035911 0.4238351 -0.4846949
29398.428000 0.0847873 -0.0020213 1.3238715 0.5761218 -0.5036543 0.4237256 -0.4846365
29398.528000 0.0847986 -0.0020187 1.3238704 0.5761396 -0.5036404 0.4237069 -0.4846462
29398.628000 0.0847921 -0.0020146 1.3238704 0.5761547 -0.5036232 0.4236924 -0.4846589
29398.728000 0.0847856 -0.0020106 1.3238704 0.5761698 -0.5036059 0.4236779 -0.4846716
29398.829000 0.0843525 -0.0019729 1.3238962 0.5761227 -0.5035050 0.4237626 -0.4847582
29398.928000 0.0847592 -0.0020015 1.3238712 0.5761979 -0.5035689 0.4236521 -0.4846992
29399.028000 0.0843353 -0.0019647 1.3238964 0.5761520 -0.5034699 0.4237348 -0.4847842
29399.128000 0.0847463 -0.0019935 1.3238712 0.5762280 -0.5035345 0.4236231 -0.4847245
29399.228000 0.0847532 -0.0019905 1.3238704 0.5762450 -0.5035199 0.4236055 -0.4847348
29399.328000 0.0843114 -0.0019523 1.3238967 0.5761967 -0.5034173 0.4236923 -0.4848230
29399.428000 0.0847270 -0.0019815 1.3238712 0.5762731 -0.5034829 0.4235796 -0.4847624
29399.528000 0.0847337 -0.0019785 1.3238704 0.5762900 -0.5034683 0.4235621 -0.4847728
29399.628000 0.0847272 -0.0019745 1.3238704 0.5763051 -0.5034511 0.4235476 -0.4847854
29399.728000 0.0847207 -0.0019705 1.3238704 0.5763201 -0.5034339 0.4235332 -0.4847980
29399.828000 0.0842789 -0.0019324 1.3238967 0.5762717 -0.5033313 0.4236200 -0.4848862
29399.928000 0.0846945 -0.0019614 1.3238712 0.5763482 -0.5033970 0.4235074 -0.4848255
29400.028000 0.0842659 -0.0019244 1.3238967 0.5763017 -0.5032970 0.4235911 -0.4849114
29400.129000 0.0846814 -0.0019534 1.3238712 0.5763781 -0.5033626 0.4234785 -0.4848508
29400.228000 0.0842615 -0.0019171 1.3238962 0.5763329 -0.5032644 0.4235602 -0.4849351
29400.328000 0.0842374 -0.0019118 1.3238972 0.5763452 -0.5032439 0.4235500 -0.4849507
29400.429000 0.0842309 -0.0019078 1.3238972 0.5763603 -0.5032266 0.4235354 -0.4849634
29400.528000 0.0842243 -0.0019038 1.3238972 0.5763753 -0.5032095 0.4235210 -0.4849760
29400.628000 0.0842178 -0.0018999 1.3238972 0.5763903 -0.5031923 0.4235066 -0.4849886
29400.728000 0.0846424 -0.0019294 1.3238712 0.5764680 -0.5032598 0.4233919 -0.4849263
29400.828000 0.0846490 -0.0019264 1.3238704 0.5764849 -0.5032452 0.4233744 -0.4849366
29400.928000 0.0846425 -0.0019224 1.3238704 0.5764998 -0.5032281 0.4233600 -0.4849492
29401.028000 0.0846360 -0.0019184 1.3238704 0.5765148 -0.5032110 0.4233456 -0.4849618
29401.128000 0.0842028 -0.0018814 1.3238962 0.5764676 -0.5031102 0.4234304 -0.4850485
29401.228000 0.0841787 -0.0018760 1.3238972 0.5764799 -0.5030896 0.4234201 -0.4850641
29401.328000 0.0845987 -0.0019051 1.3238715 0.5765568 -0.5031563 0.4233067 -0.4850025
29401.428000 0.0846099 -0.0019025 1.3238704 0.5765745 -0.5031425 0.4232880 -0.4850120
29401.528000 0.0841681 -0.0018648 1.3238967 0.5765260 -0.5030400 0.4233748 -0.4851002
29401.628000 0.0845836 -0.0018935 1.3238712 0.5766024 -0.5031057 0.4232623 -0.4850394
29401.728000 0.0845903 -0.0018905 1.3238704 0.5766193 -0.5030912 0.4232449 -0.4850497
29401.828000 0.0841571 -0.0018536 1.3238962 0.5765720 -0.5029905 0.4233297 -0.4851364
29401.928000 0.0845637 -0.0018815 1.3238712 0.5766471 -0.5030544 0.4232193 -0.4850771
29402.028000 0.0841440 -0.0018457 1.3238962 0.5766018 -0.5029563 0.4233009 -0.4851614
29402.128000 0.0841199 -0.0018404 1.3238972 0.5766140 -0.5029359 0.4232908 -0.4851769
29402.229000 0.0841134 -0.0018364 1.3238972 0.5766289 -0.5029189 0.4232764 -0.4851894
29402.328000 0.0845377 -0.0018655 1.3238712 0.5767067 -0.5029862 0.4231618 -0.4851272
29402.428000 0.0845445 -0.0018626 1.3238704 0.5767235 -0.5029717 0.4231443 -0.4851374
29402.528000 0.0841113 -0.0018259 1.3238962 0.5766762 -0.5028710 0.4232292 -0.4852241
29402.628000 0.0845179 -0.0018536 1.3238712 0.5767513 -0.5029350 0.4231188 -0.4851648
29402.728000 0.0845248 -0.0018506 1.3238704 0.5767681 -0.5029205 0.4231013 -0.4851749
29402.828000 0.0840916 -0.0018140 1.3238962 0.5767208 -0.5028198 0.4231861 -0.4852616
29402.928000 0.0844940 -0.0018414 1.3238715 0.5767951 -0.5028831 0.4230769 -0.4852029
29403.028000 0.0840787 -0.0018061 1.3238961 0.5767506 -0.5027858 0.4231574 -0.4852865
29403.128000 0.0840543 -0.0018008 1.3238972 0.5767628 -0.5027653 0.4231472 -0.4853021
29403.228000 0.0844789 -0.0018297 1.3238712 0.5768405 -0.5028328 0.4230327 -0.4852397
29403.328000 0.0844855 -0.0018268 1.3238704 0.5768572 -0.5028183 0.4230153 -0.4852499
29403.428000 0.0844789 -0.0018228 1.3238704 0.5768721 -0.5028013 0.4230010 -0.4852624
29403.528000 0.0844724 -0.0018188 1.3238704 0.5768869 -0.5027843 0.4229867 -0.4852748
29403.628000 0.0840391 -0.0017824 1.3238962 0.5768395 -0.5026837 0.4230715 -0.4853615
29403.728000 0.0844458 -0.0018098 1.3238712 0.5769146 -0.5027477 0.4229612 -0.4853021
29403.829000 0.0844527 -0.0018069 1.3238704 0.5769314 -0.5027333 0.4229438 -0.4853122
29403.928000 0.0844461 -0.0018029 1.3238704 0.5769462 -0.5027163 0.4229295 -0.4853247
29404.028000 0.0844395 -0.0017990 1.3238704 0.5769610 -0.5026993 0.4229152 -0.4853372
29404.128000 0.0844329 -0.0017950 1.3238704 0.5769758 -0.5026823 0.4229009 -0.4853496
29404.229000 0.0839954 -0.0017585 1.3238964 0.5769276 -0.5025811 0.4229869 -0.4854369
29404.328000 0.0839755 -0.0017535 1.3238972 0.5769406 -0.5025613 0.4229756 -0.4854517
29404.428000 0.0839689 -0.0017495 1.3238972 0.5769554 -0.5025443 0.4229613 -0.4854642
29404.528000 0.0843934 -0.0017781 1.3238712 0.5770330 -0.5026119 0.4228469 -0.4854017
29404.628000 0.0839733 -0.0017430 1.3238962 0.5769875 -0.5025139 0.4229286 -0.4854860
29404.728000 0.0839491 -0.0017377 1.3238972 0.5769997 -0.5024934 0.4229185 -0.4855015
29404.828000 0.0839425 -0.0017338 1.3238972 0.5770145 -0.5024765 0.4229042 -0.4855139
29404.929000 0.0843671 -0.0017623 1.3238712 0.5770921 -0.5025440 0.4227898 -0.4854514
29405.028000 0.0843737 -0.0017593 1.3238704 0.5771088 -0.5025297 0.4227725 -0.4854615
29405.128000 0.0843671 -0.0017554 1.3238704 0.5771235 -0.5025127 0.4227582 -0.4854739
29405.228000 0.0843606 -0.0017514 1.3238704 0.5771381 -0.5024960 0.4227441 -0.4854862
29405.328000 0.0843539 -0.0017474 1.3238704 0.5771530 -0.5024789 0.4227297 -0.4854987
29405.428000 0.0839120 -0.0017109 1.3238967 0.5771042 -0.5023766 0.4228166 -0.4855868
29405.528000 0.0843275 -0.0017385 1.3238712 0.5771805 -0.5024424 0.4227043 -0.4855258
29405.628000 0.0843341 -0.0017356 1.3238704 0.5771972 -0.5024281 0.4226870 -0.4855359
29405.728000 0.0839008 -0.0016997 1.3238962 0.5771497 -0.5023276 0.4227719 -0.4856225
29405.828000 0.0838766 -0.0016945 1.3238972 0.5771618 -0.5023072 0.4227617 -0.4856379
29405.928000 0.0843008 -0.0017227 1.3238712 0.5772394 -0.5023747 0.4226475 -0.4855754
29406.028000 0.0838723 -0.0016873 1.3238967 0.5771926 -0.5022752 0.4227312 -0.4856611
29406.128000 0.0842879 -0.0017148 1.3238712 0.5772688 -0.5023410 0.4226190 -0.4856001
29406.228000 0.0838677 -0.0016801 1.3238961 0.5772232 -0.5022431 0.4227008 -0.4856844
29406.329000 0.0842744 -0.0017069 1.3238712 0.5772982 -0.5023072 0.4225906 -0.4856248
29406.428000 0.0842812 -0.0017040 1.3238704 0.5773149 -0.5022929 0.4225733 -0.4856348
29406.528000 0.0842746 -0.0017000 1.3238704 0.5773295 -0.5022760 0.4225591 -0.4856472
29406.628000 0.0842680 -0.0016961 1.3238704 0.5773442 -0.5022592 0.4225449 -0.4856595
29406.728000 0.0838346 -0.0016605 1.3238961 0.5772966 -0.5021587 0.4226298 -0.4857461
29406.828000 0.0838104 -0.0016552 1.3238972 0.5773087 -0.5021384 0.4226197 -0.4857615
29406.928000 0.0842347 -0.0016832 1.3238712 0.5773863 -0.5022059 0.4225055 -0.4856989
29407.028000 0.0838148 -0.0016487 1.3238961 0.5773406 -0.5021081 0.4225872 -0.4857832
29407.128000 0.0842214 -0.0016754 1.3238712 0.5774156 -0.5021722 0.4224771 -0.4857236
29407.228000 0.0842283 -0.0016724 1.3238704 0.5774322 -0.5021580 0.4224598 -0.4857336
29407.328000 0.0842217 -0.0016685 1.3238704 0.5774468 -0.5021412 0.4224457 -0.4857459
29407.428000 0.0837883 -0.0016331 1.3238961 0.5773992 -0.5020408 0.4225305 -0.4858325
29407.528000 0.0841949 -0.0016596 1.3238712 0.5774742 -0.5021049 0.4224205 -0.4857728
29407.629000 0.0837664 -0.0016246 1.3238967 0.5774272 -0.5020054 0.4225042 -0.4858586
29407.728000 0.0841819 -0.0016518 1.3238712 0.5775035 -0.5020713 0.4223921 -0.4857974
29407.828000 0.0841885 -0.0016488 1.3238704 0.5775200 -0.5020570 0.4223749 -0.4858074
29407.928000 0.0841819 -0.0016449 1.3238704 0.5775346 -0.5020402 0.4223607 -0.4858197
29408.028000 0.0841752 -0.0016409 1.3238704 0.5775492 -0.5020234 0.4223466 -0.4858320
29408.128000 0.0837332 -0.0016051 1.3238967 0.5775003 -0.5019214 0.4224335 -0.4859201
29408.228000 0.0841446 -0.0016318 1.3238715 0.5775758 -0.5019866 0.4223225 -0.4858595
29408.328000 0.0841553 -0.0016291 1.3238704 0.5775930 -0.5019730 0.4223042 -0.4858689
29408.429000 0.0837132 -0.0015933 1.3238967 0.5775441 -0.5018710 0.4223911 -0.4859569
29408.528000 0.0841288 -0.0016203 1.3238712 0.5776203 -0.5019368 0.4222790 -0.4858957
29408.628000 0.0836999 -0.0015855 1.3238967 0.5775732 -0.5018374 0.4223629 -0.4859815
29408.728000 0.0841155 -0.0016125 1.3238712 0.5776495 -0.5019033 0.4222508 -0.4859202
29408.828000 0.0836866 -0.0015777 1.3238967 0.5776024 -0.5018039 0.4223346 -0.4860060
29408.928000 0.0841022 -0.0016046 1.3238712 0.5776786 -0.5018697 0.4222226 -0.4859448
29409.028000 0.0836819 -0.0015706 1.3238961 0.5776328 -0.5017720 0.4223044 -0.4860290
29409.128000 0.0840886 -0.0015967 1.3238712 0.5777077 -0.5018362 0.4221944 -0.4859693
29409.228000 0.0836686 -0.0015628 1.3238961 0.5776619 -0.5017385 0.4222762 -0.4860535
29409.328000 0.0840753 -0.0015889 1.3238712 0.5777368 -0.5018027 0.4221662 -0.4859938
29409.428000 0.0840821 -0.0015860 1.3238704 0.5777533 -0.5017886 0.4221490 -0.4860037
29409.528000 0.0840754 -0.0015820 1.3238704 0.5777678 -0.5017718 0.4221349 -0.4860159
29409.628000 0.0840688 -0.0015781 1.3238704 0.5777824 -0.5017551 0.4221209 -0.4860281
29409.728000 0.0840621 -0.0015742 1.3238704 0.5777969 -0.5017384 0.4221068 -0.4860404
29409.828000 0.0836286 -0.0015394 1.3238961 0.5777491 -0.5016381 0.4221917 -0.4861269
29409.928000 0.0840268 -0.0015648 1.3238717 0.5778227 -0.5017006 0.4220837 -0.4860686
29410.028000 0.0836156 -0.0015316 1.3238961 0.5777782 -0.5016047 0.4221635 -0.4861513
29410.129000 0.0840219 -0.0015576 1.3238712 0.5778530 -0.5016688 0.4220536 -0.4860916
29410.228000 0.0836019 -0.0015238 1.3238961 0.5778071 -0.5015712 0.4221355 -0.4861758
29410.328000 0.0840086 -0.0015497 1.3238712 0.5778820 -0.5016354 0.4220255 -0.4861160
29410.428000 0.0835886 -0.0015161 1.3238961 0.5778361 -0.5015378 0.4221074 -0.4862002
29410.528000 0.0839952 -0.0015419 1.3238712 0.5779110 -0.5016020 0.4219974 -0.4861403
29410.628000 0.0840020 -0.0015390 1.3238704 0.5779275 -0.5015880 0.4219803 -0.4861502
29410.728000 0.0835685 -0.0015044 1.3238961 0.5778796 -0.5014878 0.4220652 -0.4862367
29410.828000 0.0839752 -0.0015302 1.3238712 0.5779544 -0.5015520 0.4219553 -0.4861769
29410.929000 0.0839820 -0.0015272 1.3238704 0.5779709 -0.5015379 0.4219382 -0.4861867
29411.028000 0.0839753 -0.0015233 1.3238704 0.5779854 -0.5015213 0.4219242 -0.4861989
29411.128000 0.0839686 -0.0015194 1.3238704 0.5779998 -0.5015046 0.4219101 -0.4862111
29411.228000 0.0839619 -0.0015155 1.3238704 0.5780143 -0.5014879 0.4218961 -0.4862232
29411.328000 0.0835284 -0.0014811 1.3238961 0.5779663 -0.5013878 0.4219811 -0.4863097
29411.428000 0.0835041 -0.0014760 1.3238972 0.5779782 -0.5013677 0.4219711 -0.4863250
29411.528000 0.0834974 -0.0014721 1.3238972 0.5779927 -0.5013510 0.4219571 -0.4863371
29411.629000 0.0839217 -0.0014989 1.3238712 0.5780701 -0.5014187 0.4218432 -0.4862742
29411.728000 0.0835016 -0.0014656 1.3238961 0.5780241 -0.5013212 0.4219251 -0.4863584
29411.828000 0.0834774 -0.0014605 1.3238972 0.5780358 -0.5013013 0.4219153 -0.4863734
29411.928000 0.0839017 -0.0014873 1.3238712 0.5781134 -0.5013688 0.4218012 -0.4863106
29412.028000 0.0839083 -0.0014843 1.3238704 0.5781298 -0.5013548 0.4217841 -0.4863204
29412.128000 0.0834662 -0.0014495 1.3238967 0.5780805 -0.5012530 0.4218711 -0.4864084
29412.228000 0.0834505 -0.0014450 1.3238972 0.5780936 -0.5012346 0.4218592 -0.4864221
29412.328000 0.0838662 -0.0014711 1.3238717 0.5781698 -0.5013007 0.4217473 -0.4863606
29412.429000 0.0838815 -0.0014687 1.3238704 0.5781874 -0.5012884 0.4217282 -0.4863688
29412.528000 0.0838748 -0.0014648 1.3238704 0.5782018 -0.5012718 0.4217143 -0.4863809
29412.629000 0.0838681 -0.0014609 1.3238704 0.5782162 -0.5012552 0.4217003 -0.4863930
29412.728000 0.0838613 -0.0014570 1.3238704 0.5782305 -0.5012386 0.4216863 -0.4864051
29412.828000 0.0834278 -0.0014230 1.3238961 0.5781825 -0.5011385 0.4217713 -0.4864917
29412.928000 0.0834035 -0.0014179 1.3238972 0.5781943 -0.5011185 0.4217614 -0.4865068
29413.028000 0.0838196 -0.0014438 1.3238717 0.5782705 -0.5011846 0.4216495 -0.4864452
29413.128000 0.0838345 -0.0014415 1.3238704 0.5782880 -0.5011722 0.4216305 -0.4864535
29413.228000 0.0834009 -0.0014075 1.3238961 0.5782400 -0.5010722 0.4217155 -0.4865400
29413.328000 0.0838076 -0.0014328 1.3238712 0.5783148 -0.5011365 0.4216058 -0.4864800
29413.428000 0.0838143 -0.0014298 1.3238704 0.5783311 -0.5011226 0.4215887 -0.4864897
29413.528000 0.0838076 -0.0014260 1.3238704 0.5783453 -0.5011062 0.4215750 -0.4865017
29413.629000 0.0833742 -0.0013921 1.3238961 0.5782974 -0.5010060 0.4216598 -0.4865883
29413.728000 0.0833497 -0.0013870 1.3238972 0.5783091 -0.5009860 0.4216500 -0.4866034
29413.828000 0.0837739 -0.0014133 1.3238712 0.5783865 -0.5010537 0.4215362 -0.4865403
29413.928000 0.0837807 -0.0014104 1.3238704 0.5784028 -0.5010398 0.4215192 -0.4865500
29414.028000 0.0833471 -0.0013767 1.3238961 0.5783546 -0.5009398 0.4216042 -0.4866365
29414.128000 0.0837537 -0.0014017 1.3238712 0.5784294 -0.5010041 0.4214945 -0.4865765
29414.228000 0.0837604 -0.0013987 1.3238704 0.5784457 -0.5009902 0.4214774 -0.4865862
29414.328000 0.0837537 -0.0013949 1.3238704 0.5784600 -0.5009737 0.4214635 -0.4865982
29414.428000 0.0837470 -0.0013910 1.3238704 0.5784743 -0.5009572 0.4214497 -0.4866102
29414.528000 0.0833133 -0.0013574 1.3238961 0.5784262 -0.5008573 0.4215347 -0.4866967
29414.628000 0.0837200 -0.0013823 1.3238712 0.5785009 -0.5009216 0.4214250 -0.4866366
29414.728000 0.0832999 -0.0013497 1.3238961 0.5784547 -0.5008243 0.4215069 -0.4867208
29414.828000 0.0837065 -0.0013745 1.3238712 0.5785295 -0.5008886 0.4213973 -0.4866606
29414.928000 0.0832864 -0.0013420 1.3238961 0.5784833 -0.5007913 0.4214791 -0.4867448
29415.028000 0.0836930 -0.0013668 1.3238712 0.5785581 -0.5008556 0.4213695 -0.4866847
29415.129000 0.0836997 -0.0013639 1.3238704 0.5785743 -0.5008418 0.4213525 -0.4866943
29415.228000 0.0832575 -0.0013298 1.3238966 0.5785248 -0.5007402 0.4214396 -0.4867823
29415.328000 0.0832417 -0.0013254 1.3238972 0.5785378 -0.5007220 0.4214278 -0.4867959
29415.428000 0.0832350 -0.0013215 1.3238972 0.5785520 -0.5007055 0.4214139 -0.4868079
29415.528000 0.0836592 -0.0013474 1.3238712 0.5786293 -0.5007733 0.4213002 -0.4867446
29415.628000 0.0836659 -0.0013445 1.3238704 0.5786456 -0.5007594 0.4212833 -0.4867543
29415.728000 0.0836592 -0.0013406 1.3238704 0.5786598 -0.5007430 0.4212694 -0.4867662
29415.828000 0.0836524 -0.0013368 1.3238704 0.5786740 -0.5007265 0.4212556 -0.4867782
29415.928000 0.0836457 -0.0013329 1.3238704 0.5786882 -0.5007101 0.4212418 -0.4867902
29416.028000 0.0832162 -0.0013000 1.3238959 0.5786405 -0.5006112 0.4213260 -0.4868758
29416.128000 0.0836185 -0.0013242 1.3238712 0.5787147 -0.5006746 0.4212173 -0.4868165
29416.228000 0.0836254 -0.0013213 1.3238704 0.5787309 -0.5006608 0.4212003 -0.4868261
29416.328000 0.0831878 -0.0012879 1.3238964 0.5786819 -0.5005604 0.4212864 -0.4869131
29416.428000 0.0831673 -0.0012831 1.3238972 0.5786942 -0.5005411 0.4212756 -0.4869275
29416.529000 0.0835918 -0.0013088 1.3238712 0.5787716 -0.5006090 0.4211619 -0.4868642
29416.628000 0.0835983 -0.0013059 1.3238704 0.5787877 -0.5005951 0.4211451 -0.4868738
29416.728000 0.0831646 -0.0012728 1.3238961 0.5787394 -0.5004953 0.4212301 -0.4869603
29416.828000 0.0831403 -0.0012678 1.3238972 0.5787508 -0.5004757 0.4212205 -0.4869752
29416.928000 0.0831334 -0.0012639 1.3238972 0.5787651 -0.5004591 0.4212066 -0.4869872
29417.028000 0.0835621 -0.0012898 1.3238709 0.5788432 -0.5005276 0.4210918 -0.4869232
29417.128000 0.0831375 -0.0012575 1.3238961 0.5787961 -0.5004298 0.4211749 -0.4870080
29417.228000 0.0831131 -0.0012524 1.3238972 0.5788077 -0.5004100 0.4211652 -0.4870230
29417.328000 0.0835376 -0.0012780 1.3238712 0.5788850 -0.5004778 0.4210516 -0.4869596
29417.428000 0.0835440 -0.0012750 1.3238704 0.5789011 -0.5004641 0.4210348 -0.4869692
29417.528000 0.0835372 -0.0012711 1.3238704 0.5789152 -0.5004477 0.4210210 -0.4869811
29417.628000 0.0835304 -0.0012673 1.3238704 0.5789294 -0.5004313 0.4210073 -0.4869930
29417.728000 0.0830881 -0.0012339 1.3238966 0.5788797 -0.5003299 0.4210943 -0.4870810
29417.828000 0.0835036 -0.0012587 1.3238712 0.5789557 -0.5003960 0.4209828 -0.4870191
29417.928000 0.0835101 -0.0012557 1.3238704 0.5789718 -0.5003823 0.4209660 -0.4870287
29418.028000 0.0835033 -0.0012519 1.3238704 0.5789859 -0.5003659 0.4209522 -0.4870405
29418.128000 0.0830609 -0.0012186 1.3238966 0.5789362 -0.5002645 0.4210393 -0.4871285
29418.228000 0.0834765 -0.0012433 1.3238712 0.5790122 -0.5003307 0.4209278 -0.4870666
29418.328000 0.0830473 -0.0012110 1.3238966 0.5789644 -0.5002319 0.4210118 -0.4871522
29418.428000 0.0834587 -0.0012354 1.3238714 0.5790396 -0.5002974 0.4209015 -0.4870910
29418.528000 0.0834693 -0.0012326 1.3238704 0.5790564 -0.5002843 0.4208836 -0.4870999
29418.628000 0.0830355 -0.0012001 1.3238961 0.5790080 -0.5001846 0.4209687 -0.4871863
29418.728000 0.0834422 -0.0012240 1.3238712 0.5790826 -0.5002491 0.4208592 -0.4871259
29418.828000 0.0834488 -0.0012211 1.3238704 0.5790987 -0.5002354 0.4208424 -0.4871354
29418.928000 0.0834420 -0.0012173 1.3238704 0.5791128 -0.5002191 0.4208287 -0.4871473
29419.028000 0.0829996 -0.0011842 1.3238966 0.5790630 -0.5001178 0.4209158 -0.4872352
29419.128000 0.0834152 -0.0012087 1.3238712 0.5791390 -0.5001839 0.4208043 -0.4871733
29419.228000 0.0829989 -0.0011775 1.3238959 0.5790929 -0.5000878 0.4208855 -0.4872565
29419.328000 0.0834012 -0.0012010 1.3238712 0.5791670 -0.5001513 0.4207771 -0.4871970
29419.428000 0.0834079 -0.0011981 1.3238704 0.5791831 -0.5001377 0.4207602 -0.4872064
29419.528000 0.0829700 -0.0011655 1.3238964 0.5791338 -0.5000374 0.4208464 -0.4872935
29419.628000 0.0833810 -0.0011895 1.3238712 0.5792092 -0.5001025 0.4207359 -0.4872324
29419.728000 0.0833874 -0.0011865 1.3238704 0.5792254 -0.5000887 0.4207190 -0.4872420
29419.828000 0.0833807 -0.0011827 1.3238704 0.5792393 -0.5000726 0.4207055 -0.4872537
29419.928000 0.0829469 -0.0011505 1.3238961 0.5791907 -0.4999730 0.4207906 -0.4873401
29420.028000 0.0833535 -0.0011741 1.3238712 0.5792653 -0.5000375 0.4206813 -0.4872796
29420.128000 0.0829246 -0.0011423 1.3238966 0.5792175 -0.4999389 0.4207653 -0.4873652
29420.228000 0.0833401 -0.0011665 1.3238712 0.5792934 -0.5000051 0.4206539 -0.4873032
29420.328000 0.0833465 -0.0011635 1.3238704 0.5793093 -0.4999914 0.4206372 -0.4873127
29420.429000 0.0829127 -0.0011314 1.3238961 0.5792608 -0.4998919 0.4207223 -0.4873991
29420.528000 0.0833194 -0.0011550 1.3238712 0.5793354 -0.4999563 0.4206130 -0.4873386
29420.629000 0.0833260 -0.0011521 1.3238704 0.5793513 -0.4999428 0.4205962 -0.4873480
29420.728000 0.0833192 -0.0011482 1.3238704 0.5793653 -0.4999265 0.4205826 -0.4873598
29420.828000 0.0828854 -0.0011162 1.3238961 0.5793167 -0.4998270 0.4206677 -0.4874462
29420.928000 0.0828610 -0.0011113 1.3238972 0.5793280 -0.4998075 0.4206583 -0.4874609
29421.028000 0.0832853 -0.0011359 1.3238712 0.5794053 -0.4998753 0.4205448 -0.4873974
29421.128000 0.0832918 -0.0011329 1.3238704 0.5794212 -0.4998617 0.4205281 -0.4874068
29421.228000 0.0832850 -0.0011291 1.3238704 0.5794352 -0.4998456 0.4205145 -0.4874185
29421.328000 0.0832781 -0.0011253 1.3238704 0.5794492 -0.4998294 0.4205009 -0.4874303
29421.428000 0.0832714 -0.0011215 1.3238704 0.5794630 -0.4998134 0.4204874 -0.4874419
29421.528000 0.0828376 -0.0010896 1.3238961 0.5794145 -0.4997138 0.4205724 -0.4875284
29421.628000 0.0828130 -0.0010846 1.3238972 0.5794258 -0.4996941 0.4205629 -0.4875432
29421.728000 0.0832373 -0.0011091 1.3238712 0.5795030 -0.4997621 0.4204496 -0.4874796
29421.828000 0.0828083 -0.0010776 1.3238966 0.5794550 -0.4996636 0.4205336 -0.4875651
29421.928000 0.0832238 -0.0011015 1.3238712 0.5795309 -0.4997298 0.4204223 -0.4875030
29422.028000 0.0828032 -0.0010706 1.3238961 0.5794841 -0.4996329 0.4205044 -0.4875870
29422.129000 0.0832098 -0.0010938 1.3238712 0.5795587 -0.4996975 0.4203952 -0.4875264
29422.228000 0.0832165 -0.0010909 1.3238704 0.5795746 -0.4996840 0.4203785 -0.4875358
29422.328000 0.0827826 -0.0010592 1.3238961 0.5795259 -0.4995845 0.4204637 -0.4876222
29422.428000 0.0831893 -0.0010824 1.3238712 0.5796004 -0.4996491 0.4203545 -0.4875615
29422.528000 0.0827689 -0.0010516 1.3238961 0.5795537 -0.4995523 0.4204365 -0.4876456
29422.628000 0.0831755 -0.0010747 1.3238712 0.5796282 -0.4996168 0.4203274 -0.4875849
29422.729000 0.0827465 -0.0010435 1.3238966 0.5795802 -0.4995184 0.4204114 -0.4876704
29422.828000 0.0831621 -0.0010671 1.3238712 0.5796560 -0.4995847 0.4203002 -0.4876082
29422.928000 0.0827414 -0.0010365 1.3238961 0.5796092 -0.4994878 0.4203823 -0.4876923
29423.028000 0.0831481 -0.0010595 1.3238712 0.5796838 -0.4995524 0.4202732 -0.4876316
29423.128000 0.0827277 -0.0010289 1.3238961 0.5796369 -0.4994556 0.4203552 -0.4877156
29423.228000 0.0831343 -0.0010519 1.3238712 0.5797115 -0.4995202 0.4202461 -0.4876550
29423.329000 0.0827139 -0.0010213 1.3238961 0.5796647 -0.4994235 0.4203282 -0.4877390
29423.428000 0.0826894 -0.0010164 1.3238972 0.5796759 -0.4994040 0.4203187 -0.4877537
29423.528000 0.0831137 -0.0010404 1.3238712 0.5797531 -0.4994720 0.4202055 -0.4876899
29423.628000 0.0831203 -0.0010375 1.3238704 0.5797689 -0.4994585 0.4201889 -0.4876992
29423.728000 0.0826778 -0.0010056 1.3238966 0.5797188 -0.4993575 0.4202761 -0.4877871
29423.829000 0.0826620 -0.0010013 1.3238972 0.5797312 -0.4993399 0.4202648 -0.4878002
29423.928000 0.0826550 -0.0009975 1.3238972 0.5797451 -0.4993237 0.4202511 -0.4878119
29424.029000 0.0826481 -0.0009937 1.3238972 0.5797589 -0.4993076 0.4202376 -0.4878236
29424.128000 0.0830768 -0.0010179 1.3238709 0.5798368 -0.4993763 0.4201233 -0.4877591
29424.228000 0.0826520 -0.0009873 1.3238961 0.5797892 -0.4992789 0.4202065 -0.4878437
29424.328000 0.0830586 -0.0010100 1.3238712 0.5798637 -0.4993435 0.4200975 -0.4877830
29424.428000 0.0826296 -0.0009792 1.3238966 0.5798155 -0.4992452 0.4201816 -0.4878685
29424.528000 0.0830451 -0.0010024 1.3238712 0.5798913 -0.4993115 0.4200704 -0.4878062
29424.628000 0.0826244 -0.0009722 1.3238961 0.5798444 -0.4992148 0.4201526 -0.4878902
29424.728000 0.0825999 -0.0009673 1.3238972 0.5798556 -0.4991954 0.4201432 -0.4879049
29424.828000 0.0825930 -0.0009635 1.3238972 0.5798694 -0.4991794 0.4201297 -0.4879165
29424.928000 0.0830172 -0.0009872 1.3238712 0.5799464 -0.4992474 0.4200166 -0.4878526
29425.028000 0.0830238 -0.0009843 1.3238704 0.5799622 -0.4992341 0.4200000 -0.4878618
29425.128000 0.0830169 -0.0009805 1.3238704 0.5799760 -0.4992181 0.4199866 -0.4878734
29425.228000 0.0830100 -0.0009767 1.3238704 0.5799897 -0.4992021 0.4199731 -0.4878850
29425.328000 0.0830031 -0.0009729 1.3238704 0.5800035 -0.4991861 0.4199597 -0.4878966
29425.429000 0.0829962 -0.0009691 1.3238704 0.5800172 -0.4991701 0.4199462 -0.4879082
29425.528000 0.0825536 -0.0009377 1.3238966 0.5799670 -0.4990692 0.4200335 -0.4879960
29425.629000 0.0825378 -0.0009333 1.3238972 0.5799794 -0.4990515 0.4200221 -0.4880091
29425.728000 0.0825308 -0.0009296 1.3238972 0.5799932 -0.4990355 0.4200087 -0.4880207
29425.828000 0.0825239 -0.0009258 1.3238972 0.5800069 -0.4990196 0.4199952 -0.4880323
29425.928000 0.0825170 -0.0009220 1.3238972 0.5800206 -0.4990036 0.4199818 -0.4880438
29426.028000 0.0829413 -0.0009455 1.3238712 0.5800977 -0.4990717 0.4198688 -0.4879799
29426.128000 0.0829479 -0.0009426 1.3238704 0.5801133 -0.4990585 0.4198524 -0.4879889
29426.228000 0.0825141 -0.0009118 1.3238961 0.5800644 -0.4989592 0.4199374 -0.4880753
29426.328000 0.0824894 -0.0009070 1.3238972 0.5800754 -0.4989400 0.4199283 -0.4880899
29426.428000 0.0829135 -0.0009303 1.3238712 0.5801525 -0.4990079 0.4198152 -0.4880260
29426.528000 0.0824931 -0.0009005 1.3238961 0.5801055 -0.4989114 0.4198973 -0.4881100
29426.628000 0.0828998 -0.0009228 1.3238712 0.5801799 -0.4989761 0.4197883 -0.4880490
29426.728000 0.0829063 -0.0009198 1.3238704 0.5801956 -0.4989628 0.4197718 -0.4880582
29426.828000 0.0828994 -0.0009160 1.3238704 0.5802093 -0.4989469 0.4197584 -0.4880697
29426.928000 0.0828924 -0.0009123 1.3238704 0.5802230 -0.4989310 0.4197451 -0.4880812
29427.028000 0.0828855 -0.0009085 1.3238704 0.5802367 -0.4989151 0.4197317 -0.4880927
29427.129000 0.0828786 -0.0009047 1.3238704 0.5802503 -0.4988992 0.4197183 -0.4881042
29427.228000 0.0824360 -0.0008737 1.3238966 0.5802000 -0.4987984 0.4198056 -0.4881920
29427.328000 0.0828515 -0.0008963 1.3238712 0.5802757 -0.4988648 0.4196946 -0.4881295
29427.428000 0.0824221 -0.0008662 1.3238966 0.5802273 -0.4987666 0.4197788 -0.4882150
29427.528000 0.0824062 -0.0008619 1.3238972 0.5802396 -0.4987490 0.4197675 -0.4882281
29427.628000 0.0828307 -0.0008850 1.3238712 0.5803167 -0.4988172 0.4196545 -0.4881640
29427.729000 0.0828370 -0.0008820 1.3238704 0.5803322 -0.4988039 0.4196381 -0.4881731
29427.828000 0.0824030 -0.0008517 1.3238961 0.5802831 -0.4987048 0.4197234 -0.4882594
29427.928000 0.0823784 -0.0008468 1.3238972 0.5802942 -0.4986855 0.4197141 -0.4882740
29428.028000 0.0823715 -0.0008431 1.3238972 0.5803078 -0.4986697 0.4197008 -0.4882855
29428.128000 0.0827957 -0.0008661 1.3238712 0.5803848 -0.4987378 0.4195879 -0.4882214
29428.228000 0.0828023 -0.0008631 1.3238704 0.5804004 -0.4987246 0.4195715 -0.4882305
29428.328000 0.0827953 -0.0008593 1.3238704 0.5804140 -0.4987088 0.4195581 -0.4882419
29428.428000 0.0827884 -0.0008556 1.3238704 0.5804276 -0.4986929 0.4195448 -0.4882533
29428.528000 0.0827814 -0.0008518 1.3238704 0.5804412 -0.4986771 0.4195315 -0.4882648
29428.628000 0.0827745 -0.0008480 1.3238704 0.5804548 -0.4986613 0.4195182 -0.4882762
29428.728000 0.0827675 -0.0008443 1.3238704 0.5804684 -0.4986454 0.4195049 -0.4882877
29428.828000 0.0827606 -0.0008405 1.3238704 0.5804820 -0.4986296 0.4194916 -0.4882991
29428.928000 0.0827536 -0.0008367 1.3238704 0.5804955 -0.4986138 0.4194783 -0.4883105
29429.029000 0.0827467 -0.0008329 1.3238704 0.5805091 -0.4985980 0.4194650 -0.4883219
29429.128000 0.0827397 -0.0008292 1.3238704 0.5805227 -0.4985822 0.4194517 -0.4883334
29429.228000 0.0827327 -0.0008254 1.3238704 0.5805363 -0.4985664 0.4194384 -0.4883448
29429.328000 0.0822987 -0.0007954 1.3238961 0.5804870 -0.4984675 0.4195237 -0.4884310
29429.428000 0.0827054 -0.0008170 1.3238712 0.5805614 -0.4985322 0.4194149 -0.4883699
29429.528000 0.0827119 -0.0008141 1.3238704 0.5805769 -0.4985191 0.4193986 -0.4883790
29429.628000 0.0822778 -0.0007842 1.3238961 0.5805277 -0.4984201 0.4194839 -0.4884652
29429.728000 0.0826845 -0.0008058 1.3238712 0.5806020 -0.4984849 0.4193751 -0.4884041
29429.828000 0.0826910 -0.0008028 1.3238704 0.5806176 -0.4984718 0.4193588 -0.4884131
29429.928000 0.0822527 -0.0007728 1.3238964 0.5805675 -0.4983722 0.4194452 -0.4885000
29430.028000 0.0826637 -0.0007945 1.3238712 0.5806426 -0.4984376 0.4193353 -0.4884382
29430.129000 0.0826701 -0.0007915 1.3238704 0.5806581 -0.4984245 0.4193190 -0.4884473
29430.228000 0.0826631 -0.0007878 1.3238704 0.5806716 -0.4984087 0.4193058 -0.4884586
29430.328000 0.0822290 -0.0007580 1.3238961 0.5806223 -0.4983099 0.4193911 -0.4885449
29430.428000 0.0822044 -0.0007532 1.3238972 0.5806332 -0.4982907 0.4193819 -0.4885594
29430.529000 0.0826289 -0.0007757 1.3238712 0.5807102 -0.4983590 0.4192691 -0.4884950
29430.628000 0.0826352 -0.0007727 1.3238704 0.5807257 -0.4983458 0.4192528 -0.4885041
29430.728000 0.0821925 -0.0007426 1.3238966 0.5806750 -0.4982453 0.4193401 -0.4885919
29430.828000 0.0821765 -0.0007383 1.3238972 0.5806872 -0.4982278 0.4193290 -0.4886048
29430.928000 0.0826008 -0.0007606 1.3238712 0.5807641 -0.4982960 0.4192163 -0.4885405
29431.028000 0.0826073 -0.0007577 1.3238704 0.5807796 -0.4982830 0.4191999 -0.4885495
29431.128000 0.0826003 -0.0007540 1.3238704 0.5807929 -0.4982674 0.4191869 -0.4885607
29431.228000 0.0821664 -0.0007244 1.3238961 0.5807437 -0.4981685 0.4192720 -0.4886470
29431.328000 0.0825728 -0.0007456 1.3238712 0.5808180 -0.4982333 0.4191634 -0.4885858
29431.428000 0.0825793 -0.0007427 1.3238704 0.5808334 -0.4982202 0.4191471 -0.4885948
29431.528000 0.0825723 -0.0007389 1.3238704 0.5808469 -0.4982045 0.4191339 -0.4886061
29431.629000 0.0821296 -0.0007090 1.3238966 0.5807962 -0.4981040 0.4192213 -0.4886938
29431.728000 0.0825451 -0.0007306 1.3238712 0.5808718 -0.4981706 0.4191106 -0.4886310
29431.828000 0.0825513 -0.0007277 1.3238704 0.5808872 -0.4981575 0.4190944 -0.4886400
29431.928000 0.0821086 -0.0006978 1.3238966 0.5808365 -0.4980570 0.4191817 -0.4887277
29432.028000 0.0825241 -0.0007194 1.3238712 0.5809121 -0.4981236 0.4190711 -0.4886649
29432.128000 0.0821032 -0.0006909 1.3238961 0.5808646 -0.4980274 0.4191534 -0.4887488
29432.229000 0.0825099 -0.0007119 1.3238712 0.5809389 -0.4980923 0.4190448 -0.4886875
29432.328000 0.0825164 -0.0007090 1.3238704 0.5809542 -0.4980794 0.4190287 -0.4886963
29432.429000 0.0825093 -0.0007052 1.3238704 0.5809677 -0.4980636 0.4190154 -0.4887077
29432.528000 0.0820666 -0.0006755 1.3238966 0.5809170 -0.4979632 0.4191028 -0.4887955
29432.628000 0.0820506 -0.0006712 1.3238972 0.5809291 -0.4979458 0.4190917 -0.4888083
29432.728000 0.0824748 -0.0006931 1.3238712 0.5810059 -0.4980141 0.4189791 -0.4887439
29432.828000 0.0824813 -0.0006902 1.3238704 0.5810213 -0.4980011 0.4189628 -0.4887528
29432.928000 0.0824743 -0.0006864 1.3238704 0.5810347 -0.4979855 0.4189497 -0.4887640
29433.028000 0.0824673 -0.0006827 1.3238704 0.5810480 -0.4979699 0.4189366 -0.4887753
29433.129000 0.0820245 -0.0006531 1.3238966 0.5809973 -0.4978695 0.4190239 -0.4888630
29433.228000 0.0824401 -0.0006744 1.3238711 0.5810728 -0.4979361 0.4189134 -0.4888001
29433.328000 0.0820105 -0.0006457 1.3238966 0.5810240 -0.4978383 0.4189977 -0.4888855
29433.428000 0.0824176 -0.0006665 1.3238717 0.5810983 -0.4979033 0.4188891 -0.4888240
29433.528000 0.0824322 -0.0006640 1.3238704 0.5811149 -0.4978920 0.4188710 -0.4888315
29433.628000 0.0819895 -0.0006345 1.3238966 0.5810640 -0.4977916 0.4189584 -0.4889192
29433.728000 0.0824050 -0.0006557 1.3238711 0.5811396 -0.4978582 0.4188478 -0.4888563
29433.828000 0.0824112 -0.0006528 1.3238704 0.5811549 -0.4978452 0.4188317 -0.4888652
29433.928000 0.0824041 -0.0006490 1.3238704 0.5811682 -0.4978297 0.4188186 -0.4888764
29434.028000 0.0823972 -0.0006453 1.3238704 0.5811814 -0.4978143 0.4188057 -0.4888875
29434.128000 0.0823901 -0.0006416 1.3238703 0.5811948 -0.4977986 0.4187924 -0.4888988
29434.228000 0.0819559 -0.0006128 1.3238961 0.5811453 -0.4976999 0.4188778 -0.4889850
29434.328000 0.0819313 -0.0006080 1.3238972 0.5811560 -0.4976810 0.4188688 -0.4889993
29434.428000 0.0823555 -0.0006296 1.3238712 0.5812328 -0.4977493 0.4187563 -0.4889347
29434.528000 0.0819348 -0.0006016 1.3238961 0.5811852 -0.4976533 0.4188386 -0.4890186
29434.628000 0.0823415 -0.0006221 1.3238712 0.5812594 -0.4977183 0.4187302 -0.4889571
29434.728000 0.0819121 -0.0005937 1.3238966 0.5812105 -0.4976206 0.4188145 -0.4890424
29434.828000 0.0823277 -0.0006147 1.3238711 0.5812860 -0.4976873 0.4187040 -0.4889794
29434.928000 0.0819067 -0.0005868 1.3238961 0.5812383 -0.4975913 0.4187864 -0.4890633
29435.028000 0.0818820 -0.0005821 1.3238971 0.5812490 -0.4975724 0.4187774 -0.4890775
29435.129000 0.0823063 -0.0006035 1.3238712 0.5813258 -0.4976407 0.4186650 -0.4890130
29435.228000 0.0823127 -0.0006005 1.3238703 0.5813410 -0.4976279 0.4186488 -0.4890218
29435.328000 0.0823057 -0.0005968 1.3238703 0.5813543 -0.4976124 0.4186358 -0.4890329
29435.428000 0.0818715 -0.0005683 1.3238961 0.5813046 -0.4975138 0.4187212 -0.4891191
29435.528000 0.0822781 -0.0005885 1.3238712 0.5813788 -0.4975788 0.4186129 -0.4890576
29435.629000 0.0818574 -0.0005609 1.3238961 0.5813311 -0.4974829 0.4186952 -0.4891414
29435.728000 0.0818327 -0.0005561 1.3238971 0.5813417 -0.4974640 0.4186862 -0.4891556
29435.828000 0.0822570 -0.0005774 1.3238712 0.5814185 -0.4975324 0.4185738 -0.4890910
29435.928000 0.0822634 -0.0005744 1.3238703 0.5814338 -0.4975195 0.4185577 -0.4890998
29436.028000 0.0822563 -0.0005707 1.3238703 0.5814470 -0.4975041 0.4185447 -0.4891109
29436.128000 0.0822494 -0.0005670 1.3238703 0.5814601 -0.4974888 0.4185318 -0.4891219
29436.228000 0.0822422 -0.0005632 1.3238703 0.5814734 -0.4974732 0.4185187 -0.4891331
29436.328000 0.0822352 -0.0005595 1.3238703 0.5814866 -0.4974577 0.4185057 -0.4891442
29436.428000 0.0817923 -0.0005307 1.3238966 0.5814356 -0.4973576 0.4185932 -0.4892319
29436.528000 0.0822079 -0.0005513 1.3238711 0.5815111 -0.4974243 0.4184828 -0.4891688
29436.629000 0.0822140 -0.0005484 1.3238703 0.5815262 -0.4974115 0.4184668 -0.4891775
29436.728000 0.0817756 -0.0005199 1.3238963 0.5814757 -0.4973123 0.4185533 -0.4892643
29436.828000 0.0821865 -0.0005402 1.3238712 0.5815506 -0.4973780 0.4184439 -0.4892021
29436.928000 0.0821928 -0.0005372 1.3238703 0.5815658 -0.4973652 0.4184279 -0.4892108
29437.028000 0.0817586 -0.0005091 1.3238961 0.5815160 -0.4972668 0.4185133 -0.4892970
29437.128000 0.0817340 -0.0005044 1.3238971 0.5815264 -0.4972481 0.4185046 -0.4893110
29437.228000 0.0817269 -0.0005007 1.3238971 0.5815397 -0.4972326 0.4184915 -0.4893222
29437.328000 0.0817198 -0.0004970 1.3238971 0.5815529 -0.4972172 0.4184785 -0.4893333
29437.428000 0.0821440 -0.0005178 1.3238712 0.5816296 -0.4972856 0.4183662 -0.4892686
29437.528000 0.0821504 -0.0005149 1.3238703 0.5816447 -0.4972729 0.4183502 -0.4892772
29437.628000 0.0817075 -0.0004864 1.3238966 0.5815936 -0.4971728 0.4184377 -0.4893649
29437.728000 0.0821231 -0.0005067 1.3238711 0.5816691 -0.4972395 0.4183274 -0.4893017
29437.828000 0.0821292 -0.0005038 1.3238703 0.5816842 -0.4972267 0.4183114 -0.4893104
29437.928000 0.0821221 -0.0005000 1.3238703 0.5816973 -0.4972114 0.4182985 -0.4893214
29438.028000 0.0816879 -0.0004721 1.3238961 0.5816474 -0.4971130 0.4183840 -0.4894076
29438.128000 0.0816632 -0.0004674 1.3238971 0.5816579 -0.4970942 0.4183751 -0.4894217
29438.228000 0.0820874 -0.0004881 1.3238712 0.5817347 -0.4971627 0.4182628 -0.4893569
29438.328000 0.0816666 -0.0004611 1.3238961 0.5816868 -0.4970670 0.4183452 -0.4894407
29438.428000 0.0816419 -0.0004564 1.3238971 0.5816973 -0.4970482 0.4183364 -0.4894548
29438.528000 0.0820661 -0.0004770 1.3238712 0.5817740 -0.4971167 0.4182241 -0.4893900
29438.628000 0.0820725 -0.0004741 1.3238703 0.5817891 -0.4971040 0.4182082 -0.4893986
29438.728000 0.0820654 -0.0004704 1.3238703 0.5818021 -0.4970887 0.4181953 -0.4894097
29438.828000 0.0816312 -0.0004426 1.3238961 0.5817522 -0.4969904 0.4182808 -0.4894958
29438.928000 0.0820378 -0.0004622 1.3238712 0.5818263 -0.4970555 0.4181726 -0.4894340
29439.028000 0.0820442 -0.0004592 1.3238703 0.5818414 -0.4970428 0.4181566 -0.4894427
29439.128000 0.0820371 -0.0004555 1.3238703 0.5818544 -0.4970275 0.4181438 -0.4894537
29439.228000 0.0820300 -0.0004518 1.3238703 0.5818675 -0.4970122 0.4181309 -0.4894646
29439.328000 0.0820229 -0.0004481 1.3238703 0.5818806 -0.4969969 0.4181180 -0.4894756
29439.428000 0.0820159 -0.0004444 1.3238703 0.5818935 -0.4969818 0.4181053 -0.4894865
29439.528000 0.0820087 -0.0004407 1.3238703 0.5819067 -0.4969663 0.4180923 -0.4894976
29439.628000 0.0815744 -0.0004132 1.3238961 0.5818567 -0.4968681 0.4181778 -0.4895837
29439.728000 0.0819810 -0.0004326 1.3238712 0.5819308 -0.4969332 0.4180697 -0.4895219
29439.828000 0.0819874 -0.0004296 1.3238703 0.5819458 -0.4969205 0.4180538 -0.4895305
29439.928000 0.0819803 -0.0004259 1.3238703 0.5819588 -0.4969053 0.4180410 -0.4895415
29440.028000 0.0819732 -0.0004222 1.3238703 0.5819718 -0.4968900 0.4180281 -0.4895524
29440.128000 0.0819661 -0.0004185 1.3238703 0.5819849 -0.4968748 0.4180153 -0.4895634
29440.228000 0.0819590 -0.0004148 1.3238703 0.5819979 -0.4968595 0.4180025 -0.4895743
29440.328000 0.0819519 -0.0004111 1.3238703 0.5820108 -0.4968444 0.4179898 -0.4895851
29440.428000 0.0819448 -0.0004074 1.3238703 0.5820239 -0.4968291 0.4179769 -0.4895962
29440.528000 0.0819376 -0.0004037 1.3238703 0.5820369 -0.4968138 0.4179640 -0.4896071
29440.628000 0.0815033 -0.0003764 1.3238961 0.5819868 -0.4967156 0.4180496 -0.4896932
29440.728000 0.0814786 -0.0003717 1.3238971 0.5819972 -0.4966970 0.4180408 -0.4897072
29440.828000 0.0819031 -0.0003919 1.3238711 0.5820739 -0.4967656 0.4179287 -0.4896422
29440.928000 0.0819092 -0.0003889 1.3238703 0.5820888 -0.4967530 0.4179128 -0.4896508
29441.028000 0.0814662 -0.0003612 1.3238966 0.5820375 -0.4966531 0.4180004 -0.4897384
29441.129000 0.0818817 -0.0003808 1.3238711 0.5821128 -0.4967200 0.4178903 -0.4896750
29441.228000 0.0814606 -0.0003544 1.3238961 0.5820647 -0.4966244 0.4179728 -0.4897587
29441.328000 0.0818672 -0.0003734 1.3238712 0.5821387 -0.4966896 0.4178648 -0.4896968
29441.428000 0.0818736 -0.0003704 1.3238703 0.5821536 -0.4966770 0.4178489 -0.4897053
29441.528000 0.0814306 -0.0003429 1.3238966 0.5821023 -0.4965772 0.4179365 -0.4897929
29441.628000 0.0818461 -0.0003623 1.3238711 0.5821776 -0.4966441 0.4178265 -0.4897294
29441.728000 0.0818522 -0.0003594 1.3238703 0.5821925 -0.4966315 0.4178107 -0.4897380
29441.828000 0.0818451 -0.0003557 1.3238703 0.5822054 -0.4966164 0.4177979 -0.4897489
29441.928000 0.0814021 -0.0003282 1.3238966 0.5821540 -0.4965166 0.4178855 -0.4898365
29442.028000 0.0818176 -0.0003476 1.3238711 0.5822293 -0.4965835 0.4177754 -0.4897730
29442.128000 0.0818237 -0.0003446 1.3238703 0.5822442 -0.4965709 0.4177597 -0.4897815
29442.228000 0.0818165 -0.0003409 1.3238703 0.5822571 -0.4965558 0.4177469 -0.4897924
29442.328000 0.0818094 -0.0003372 1.3238703 0.5822700 -0.4965406 0.4177342 -0.4898032
29442.428000 0.0813751 -0.0003103 1.3238961 0.5822198 -0.4964426 0.4178198 -0.4898893
29442.528000 0.0817816 -0.0003291 1.3238711 0.5822938 -0.4965078 0.4177118 -0.4898273
29442.628000 0.0817880 -0.0003262 1.3238703 0.5823087 -0.4964952 0.4176960 -0.4898358
29442.728000 0.0813579 -0.0002996 1.3238958 0.5822590 -0.4963982 0.4177808 -0.4899210
29442.828000 0.0813289 -0.0002947 1.3238971 0.5822688 -0.4963787 0.4177730 -0.4899358
29442.928000 0.0817531 -0.0003144 1.3238711 0.5823454 -0.4964473 0.4176610 -0.4898707
29443.028000 0.0817594 -0.0003114 1.3238703 0.5823602 -0.4964348 0.4176452 -0.4898791
29443.128000 0.0813251 -0.0002847 1.3238961 0.5823100 -0.4963368 0.4177308 -0.4899652
29443.228000 0.0817316 -0.0003033 1.3238711 0.5823840 -0.4964020 0.4176229 -0.4899031
29443.329000 0.0813108 -0.0002774 1.3238961 0.5823357 -0.4963066 0.4177054 -0.4899868
29443.428000 0.0812860 -0.0002728 1.3238971 0.5823459 -0.4962881 0.4176968 -0.4900007
29443.528000 0.0812788 -0.0002691 1.3238971 0.5823588 -0.4962731 0.4176841 -0.4900115
29443.628000 0.0817030 -0.0002886 1.3238711 0.5824354 -0.4963417 0.4175722 -0.4899464
29443.728000 0.0817094 -0.0002857 1.3238703 0.5824502 -0.4963293 0.4175564 -0.4899548
29443.829000 0.0817022 -0.0002820 1.3238703 0.5824630 -0.4963142 0.4175437 -0.4899656
29443.928000 0.0816950 -0.0002783 1.3238703 0.5824758 -0.4962992 0.4175311 -0.4899764
29444.028000 0.0816879 -0.0002746 1.3238703 0.5824887 -0.4962841 0.4175184 -0.4899872
29444.128000 0.0812535 -0.0002481 1.3238961 0.5824384 -0.4961861 0.4176040 -0.4900732
29444.228000 0.0816645 -0.0002667 1.3238709 0.5825131 -0.4962521 0.4174950 -0.4900104
29444.328000 0.0812350 -0.0002406 1.3238963 0.5824632 -0.4961554 0.4175798 -0.4900954
29444.428000 0.0816459 -0.0002592 1.3238711 0.5825379 -0.4962214 0.4174709 -0.4900326
29444.528000 0.0812249 -0.0002335 1.3238961 0.5824896 -0.4961260 0.4175534 -0.4901163
29444.628000 0.0812001 -0.0002289 1.3238971 0.5824998 -0.4961076 0.4175449 -0.4901302
29444.728000 0.0816243 -0.0002482 1.3238711 0.5825763 -0.4961763 0.4174330 -0.4900649
29444.828000 0.0816306 -0.0002452 1.3238703 0.5825911 -0.4961639 0.4174173 -0.4900733
29444.928000 0.0816234 -0.0002415 1.3238703 0.5826038 -0.4961489 0.4174047 -0.4900841
29445.028000 0.0816162 -0.0002379 1.3238703 0.5826166 -0.4961339 0.4173920 -0.4900948
29445.128000 0.0816091 -0.0002342 1.3238703 0.5826294 -0.4961189 0.4173794 -0.4901055
29445.228000 0.0816019 -0.0002305 1.3238703 0.5826421 -0.4961039 0.4173668 -0.4901163
29445.328000 0.0811589 -0.0002038 1.3238966 0.5825905 -0.4960044 0.4174545 -0.4902038
29445.428000 0.0815743 -0.0002225 1.3238711 0.5826657 -0.4960714 0.4173447 -0.4901401
29445.528000 0.0815804 -0.0002195 1.3238703 0.5826803 -0.4960591 0.4173291 -0.4901484
29445.628000 0.0815732 -0.0002158 1.3238703 0.5826931 -0.4960440 0.4173164 -0.4901592
29445.728000 0.0815660 -0.0002122 1.3238703 0.5827059 -0.4960291 0.4173038 -0.4901699
29445.828000 0.0811319 -0.0001860 1.3238960 0.5826555 -0.4959313 0.4173894 -0.4902558
29445.928000 0.0811068 -0.0001815 1.3238971 0.5826656 -0.4959128 0.4173810 -0.4902697
29446.028000 0.0815310 -0.0002004 1.3238711 0.5827421 -0.4959816 0.4172692 -0.4902044
29446.128000 0.0815373 -0.0001975 1.3238703 0.5827568 -0.4959693 0.4172535 -0.4902127
29446.228000 0.0811028 -0.0001714 1.3238961 0.5827063 -0.4958714 0.4173392 -0.4902987
29446.328000 0.0815094 -0.0001894 1.3238711 0.5827802 -0.4959368 0.4172315 -0.4902365
29446.428000 0.0815157 -0.0001865 1.3238703 0.5827949 -0.4959245 0.4172159 -0.4902448
29446.528000 0.0810813 -0.0001605 1.3238961 0.5827444 -0.4958267 0.4173015 -0.4903308
29446.628000 0.0814879 -0.0001784 1.3238711 0.5828183 -0.4958920 0.4171939 -0.4902685
29446.728000 0.0814941 -0.0001755 1.3238703 0.5828330 -0.4958797 0.4171782 -0.4902768
29446.828000 0.0814869 -0.0001718 1.3238703 0.5828457 -0.4958648 0.4171657 -0.4902875
29446.929000 0.0814797 -0.0001682 1.3238703 0.5828583 -0.4958499 0.4171531 -0.4902982
29447.028000 0.0814726 -0.0001645 1.3238703 0.5828710 -0.4958350 0.4171406 -0.4903088
29447.128000 0.0814654 -0.0001608 1.3238703 0.5828837 -0.4958201 0.4171281 -0.4903195
29447.228000 0.0814582 -0.0001572 1.3238703 0.5828963 -0.4958052 0.4171156 -0.4903301
29447.328000 0.0814510 -0.0001535 1.3238703 0.5829089 -0.4957905 0.4171032 -0.4903407
29447.428000 0.0814438 -0.0001498 1.3238703 0.5829216 -0.4957755 0.4170905 -0.4903514
29447.528000 0.0814366 -0.0001462 1.3238703 0.5829342 -0.4957608 0.4170781 -0.4903619
29447.628000 0.0809980 -0.0001203 1.3238963 0.5828830 -0.4956622 0.4171648 -0.4904486
29447.728000 0.0814088 -0.0001382 1.3238711 0.5829576 -0.4957283 0.4170561 -0.4903857
29447.828000 0.0814149 -0.0001352 1.3238703 0.5829722 -0.4957160 0.4170405 -0.4903939
29447.928000 0.0809765 -0.0001094 1.3238963 0.5829209 -0.4956177 0.4171273 -0.4904805
29448.029000 0.0813916 -0.0001274 1.3238709 0.5829963 -0.4956845 0.4170175 -0.4904169
29448.128000 0.0809660 -0.0001023 1.3238961 0.5829469 -0.4955887 0.4171013 -0.4905011
29448.228000 0.0813770 -0.0001201 1.3238709 0.5830215 -0.4956548 0.4169925 -0.4904381
29448.328000 0.0809516 -0.0000950 1.3238961 0.5829721 -0.4955590 0.4170763 -0.4905224
29448.429000 0.0813582 -0.0001126 1.3238711 0.5830459 -0.4956244 0.4169687 -0.4904600
29448.528000 0.0813645 -0.0001096 1.3238703 0.5830605 -0.4956122 0.4169532 -0.4904682
29448.629000 0.0809213 -0.0000837 1.3238966 0.5830086 -0.4955129 0.4170409 -0.4905557
29448.728000 0.0813368 -0.0001016 1.3238711 0.5830837 -0.4955800 0.4169313 -0.4904917
29448.828000 0.0813429 -0.0000987 1.3238703 0.5830981 -0.4955679 0.4169159 -0.4904999
29448.928000 0.0813356 -0.0000950 1.3238703 0.5831108 -0.4955530 0.4169033 -0.4905105
29449.028000 0.0813284 -0.0000913 1.3238703 0.5831234 -0.4955382 0.4168909 -0.4905211
29449.128000 0.0808852 -0.0000655 1.3238966 0.5830715 -0.4954389 0.4169786 -0.4906086
29449.228000 0.0813007 -0.0000834 1.3238711 0.5831466 -0.4955061 0.4168691 -0.4905446
29449.328000 0.0813067 -0.0000804 1.3238703 0.5831611 -0.4954938 0.4168536 -0.4905528
29449.428000 0.0812995 -0.0000767 1.3238703 0.5831736 -0.4954791 0.4168412 -0.4905634
29449.528000 0.0808650 -0.0000514 1.3238961 0.5831230 -0.4953815 0.4169269 -0.4906493
29449.628000 0.0812715 -0.0000687 1.3238711 0.5831967 -0.4954469 0.4168194 -0.4905869
29449.728000 0.0812778 -0.0000658 1.3238703 0.5832113 -0.4954348 0.4168039 -0.4905950
29449.828000 0.0808346 -0.0000401 1.3238966 0.5831593 -0.4953355 0.4168916 -0.4906825
29449.928000 0.0812588 -0.0000582 1.3238706 0.5832359 -0.4954041 0.4167799 -0.4906171
29450.028000 0.0812561 -0.0000548 1.3238703 0.5832489 -0.4953905 0.4167667 -0.4906267
29450.128000 0.0812488 -0.0000512 1.3238703 0.5832614 -0.4953758 0.4167543 -0.4906372
29450.228000 0.0808057 -0.0000256 1.3238966 0.5832094 -0.4952766 0.4168420 -0.4907246
29450.328000 0.0807895 -0.0000216 1.3238971 0.5832204 -0.4952603 0.4168318 -0.4907366
29450.428000 0.0812138 -0.0000396 1.3238711 0.5832969 -0.4953290 0.4167202 -0.4906711
29450.528000 0.0812199 -0.0000366 1.3238703 0.5833114 -0.4953169 0.4167047 -0.4906793
29450.628000 0.0812126 -0.0000329 1.3238703 0.5833239 -0.4953022 0.4166924 -0.4906898
29450.729000 0.0812054 -0.0000293 1.3238703 0.5833364 -0.4952875 0.4166800 -0.4907003
29450.828000 0.0811982 -0.0000257 1.3238703 0.5833488 -0.4952728 0.4166676 -0.4907108
29450.929000 0.0811909 -0.0000220 1.3238703 0.5833613 -0.4952581 0.4166553 -0.4907213
29451.028000 0.0811837 -0.0000184 1.3238703 0.5833738 -0.4952434 0.4166429 -0.4907318
29451.128000 0.0811764 -0.0000147 1.3238703 0.5833863 -0.4952287 0.4166306 -0.4907422
29451.228000 0.0811692 -0.0000111 1.3238703 0.5833987 -0.4952140 0.4166182 -0.4907527
29451.328000 0.0811619 -0.0000074 1.3238703 0.5834112 -0.4951994 0.4166059 -0.4907632
29451.428000 0.0807274 0.0000174 1.3238961 0.5833604 -0.4951019 0.4166917 -0.4908491
29451.528000 0.0811339 0.0000005 1.3238711 0.5834341 -0.4951674 0.4165843 -0.4907865
29451.628000 0.0807129 0.0000247 1.3238961 0.5833852 -0.4950726 0.4166670 -0.4908701
29451.728000 0.0806880 0.0000292 1.3238971 0.5833951 -0.4950545 0.4166587 -0.4908836
29451.828000 0.0811122 0.0000114 1.3238711 0.5834714 -0.4951235 0.4165473 -0.4908179
29451.928000 0.0811184 0.0000144 1.3238703 0.5834858 -0.4951114 0.4165319 -0.4908260
29452.028000 0.0806752 0.0000396 1.3238966 0.5834337 -0.4950123 0.4166197 -0.4909134
29452.128000 0.0810907 0.0000223 1.3238711 0.5835087 -0.4950796 0.4165103 -0.4908492
29452.228000 0.0810966 0.0000253 1.3238703 0.5835231 -0.4950675 0.4164950 -0.4908573
29452.328000 0.0810893 0.0000290 1.3238703 0.5835355 -0.4950529 0.4164827 -0.4908678
29452.428000 0.0810821 0.0000326 1.3238703 0.5835479 -0.4950383 0.4164704 -0.4908782
29452.529000 0.0810748 0.0000362 1.3238703 0.5835603 -0.4950237 0.4164581 -0.4908886
29452.628000 0.0810676 0.0000399 1.3238703 0.5835727 -0.4950091 0.4164458 -0.4908991
29452.729000 0.0810603 0.0000435 1.3238703 0.5835851 -0.4949945 0.4164335 -0.4909095
29452.828000 0.0806215 0.0000683 1.3238963 0.5835334 -0.4948964 0.4165204 -0.4909960
29452.929000 0.0810324 0.0000514 1.3238711 0.5836078 -0.4949627 0.4164120 -0.4909327
29453.028000 0.0810385 0.0000544 1.3238703 0.5836222 -0.4949507 0.4163967 -0.4909407
29453.128000 0.0810312 0.0000580 1.3238703 0.5836346 -0.4949361 0.4163844 -0.4909511
29453.229000 0.0810239 0.0000617 1.3238703 0.5836469 -0.4949215 0.4163721 -0.4909615
29453.328000 0.0810167 0.0000653 1.3238703 0.5836593 -0.4949070 0.4163599 -0.4909719
29453.429000 0.0805821 0.0000898 1.3238961 0.5836083 -0.4948096 0.4164457 -0.4910578
29453.528000 0.0805572 0.0000942 1.3238971 0.5836180 -0.4947917 0.4164375 -0.4910713
29453.629000 0.0809816 0.0000769 1.3238711 0.5836944 -0.4948607 0.4163262 -0.4910054
29453.728000 0.0805602 0.0001006 1.3238961 0.5836453 -0.4947660 0.4164090 -0.4910889
29453.828000 0.0809668 0.0000841 1.3238711 0.5837190 -0.4948316 0.4163017 -0.4910262
29453.928000 0.0805415 0.0001080 1.3238963 0.5836692 -0.4947362 0.4163856 -0.4911103
29454.028000 0.0805208 0.0001123 1.3238971 0.5836797 -0.4947189 0.4163763 -0.4911232
29454.128000 0.0809449 0.0000950 1.3238711 0.5837560 -0.4947880 0.4162650 -0.4910573
29454.228000 0.0809511 0.0000980 1.3238703 0.5837703 -0.4947760 0.4162497 -0.4910653
29454.328000 0.0809438 0.0001016 1.3238703 0.5837826 -0.4947615 0.4162375 -0.4910756
29454.428000 0.0809366 0.0001052 1.3238703 0.5837949 -0.4947470 0.4162253 -0.4910860
29454.528000 0.0809293 0.0001089 1.3238703 0.5838072 -0.4947325 0.4162131 -0.4910963
29454.628000 0.0809220 0.0001125 1.3238703 0.5838195 -0.4947180 0.4162009 -0.4911067
29454.728000 0.0809147 0.0001161 1.3238703 0.5838318 -0.4947035 0.4161887 -0.4911170
29454.828000 0.0809074 0.0001198 1.3238703 0.5838440 -0.4946890 0.4161765 -0.4911273
29454.928000 0.0809001 0.0001234 1.3238703 0.5838563 -0.4946745 0.4161643 -0.4911377
29455.028000 0.0804569 0.0001479 1.3238966 0.5838040 -0.4945756 0.4162522 -0.4912250
29455.128000 0.0808723 0.0001313 1.3238711 0.5838789 -0.4946430 0.4161430 -0.4911606
29455.228000 0.0804509 0.0001547 1.3238961 0.5838298 -0.4945483 0.4162258 -0.4912441
29455.328000 0.0804260 0.0001591 1.3238971 0.5838394 -0.4945305 0.4162177 -0.4912576
29455.428000 0.0808501 0.0001422 1.3238711 0.5839156 -0.4945995 0.4161065 -0.4911916
29455.528000 0.0804204 0.0001659 1.3238966 0.5838652 -0.4945033 0.4161913 -0.4912766
29455.628000 0.0808358 0.0001494 1.3238711 0.5839402 -0.4945707 0.4160821 -0.4912122
29455.728000 0.0804144 0.0001727 1.3238961 0.5838910 -0.4944760 0.4161650 -0.4912957
29455.828000 0.0808209 0.0001566 1.3238711 0.5839646 -0.4945417 0.4160579 -0.4912328
29455.928000 0.0803956 0.0001801 1.3238963 0.5839147 -0.4944465 0.4161418 -0.4913169
29456.028000 0.0808064 0.0001639 1.3238711 0.5839891 -0.4945129 0.4160336 -0.4912534
29456.128000 0.0808125 0.0001669 1.3238703 0.5840033 -0.4945010 0.4160184 -0.4912613
29456.228000 0.0808052 0.0001704 1.3238703 0.5840154 -0.4944867 0.4160064 -0.4912715
29456.328000 0.0803707 0.0001943 1.3238960 0.5839643 -0.4943895 0.4160921 -0.4913573
29456.428000 0.0807771 0.0001784 1.3238711 0.5840379 -0.4944552 0.4159851 -0.4912945
29456.528000 0.0803559 0.0002015 1.3238961 0.5839887 -0.4943607 0.4160679 -0.4913779
29456.628000 0.0807624 0.0001856 1.3238711 0.5840623 -0.4944263 0.4159608 -0.4913150
29456.728000 0.0807686 0.0001886 1.3238703 0.5840765 -0.4944146 0.4159456 -0.4913229
29456.828000 0.0803253 0.0002127 1.3238966 0.5840240 -0.4943158 0.4160336 -0.4914102
29456.928000 0.0807408 0.0001964 1.3238711 0.5840989 -0.4943832 0.4159245 -0.4913457
29457.028000 0.0803151 0.0002196 1.3238963 0.5840489 -0.4942880 0.4160085 -0.4914298
29457.128000 0.0807260 0.0002037 1.3238711 0.5841232 -0.4943544 0.4159003 -0.4913662
29457.228000 0.0807320 0.0002067 1.3238703 0.5841373 -0.4943427 0.4158852 -0.4913741
29457.328000 0.0807247 0.0002103 1.3238703 0.5841495 -0.4943283 0.4158731 -0.4913843
29457.428000 0.0807174 0.0002139 1.3238703 0.5841616 -0.4943139 0.4158610 -0.4913945
29457.528000 0.0802827 0.0002374 1.3238960 0.5841104 -0.4942169 0.4159469 -0.4914803
29457.628000 0.0802578 0.0002419 1.3238971 0.5841199 -0.4941991 0.4159389 -0.4914936
29457.728000 0.0806819 0.0002254 1.3238711 0.5841961 -0.4942683 0.4158279 -0.4914275
29457.828000 0.0806881 0.0002284 1.3238703 0.5842102 -0.4942565 0.4158127 -0.4914354
29457.929000 0.0806807 0.0002320 1.3238703 0.5842223 -0.4942422 0.4158006 -0.4914456
29458.028000 0.0802461 0.0002554 1.3238960 0.5841710 -0.4941452 0.4158866 -0.4915313
29458.128000 0.0806526 0.0002398 1.3238711 0.5842446 -0.4942109 0.4157796 -0.4914683
29458.228000 0.0806587 0.0002428 1.3238703 0.5842587 -0.4941992 0.4157645 -0.4914762
29458.328000 0.0806514 0.0002464 1.3238703 0.5842708 -0.4941849 0.4157524 -0.4914863
29458.428000 0.0806441 0.0002500 1.3238703 0.5842829 -0.4941706 0.4157404 -0.4914965
29458.528000 0.0806367 0.0002536 1.3238703 0.5842950 -0.4941563 0.4157284 -0.4915067
29458.628000 0.0801934 0.0002773 1.3238966 0.5842424 -0.4940577 0.4158163 -0.4915940
29458.728000 0.0806047 0.0002616 1.3238714 0.5843165 -0.4941245 0.4157084 -0.4915300
29458.828000 0.0806146 0.0002645 1.3238703 0.5843314 -0.4941133 0.4156922 -0.4915373
29458.928000 0.0806074 0.0002681 1.3238703 0.5843433 -0.4940991 0.4156803 -0.4915474
29459.028000 0.0806000 0.0002717 1.3238703 0.5843554 -0.4940848 0.4156683 -0.4915575
29459.128000 0.0805927 0.0002753 1.3238703 0.5843675 -0.4940706 0.4156563 -0.4915677
29459.228000 0.0801494 0.0002989 1.3238966 0.5843148 -0.4939720 0.4157442 -0.4916550
29459.329000 0.0805564 0.0002835 1.3238716 0.5843884 -0.4940379 0.4156372 -0.4915918
29459.428000 0.0805706 0.0002861 1.3238703 0.5844037 -0.4940278 0.4156203 -0.4915981
29459.528000 0.0805633 0.0002897 1.3238703 0.5844157 -0.4940135 0.4156083 -0.4916082
29459.628000 0.0805559 0.0002933 1.3238703 0.5844278 -0.4939993 0.4155963 -0.4916184
29459.728000 0.0801212 0.0003164 1.3238960 0.5843763 -0.4939024 0.4156823 -0.4917041
29459.828000 0.0805278 0.0003012 1.3238711 0.5844498 -0.4939682 0.4155754 -0.4916410
29459.928000 0.0801065 0.0003236 1.3238960 0.5844004 -0.4938739 0.4156583 -0.4917244
29460.028000 0.0805131 0.0003084 1.3238711 0.5844739 -0.4939397 0.4155515 -0.4916613
29460.128000 0.0805192 0.0003114 1.3238703 0.5844879 -0.4939281 0.4155364 -0.4916690
29460.228000 0.0805118 0.0003150 1.3238703 0.5844999 -0.4939139 0.4155245 -0.4916791
29460.328000 0.0805045 0.0003186 1.3238703 0.5845119 -0.4938997 0.4155125 -0.4916892
29460.428000 0.0804971 0.0003222 1.3238703 0.5845239 -0.4938855 0.4155006 -0.4916993
29460.528000 0.0800538 0.0003455 1.3238966 0.5844712 -0.4937870 0.4155886 -0.4917865
29460.628000 0.0804692 0.0003300 1.3238711 0.5845460 -0.4938545 0.4154797 -0.4917218
29460.728000 0.0800390 0.0003526 1.3238966 0.5844952 -0.4937586 0.4155647 -0.4918067
29460.828000 0.0800227 0.0003566 1.3238971 0.5845058 -0.4937427 0.4155548 -0.4918184
29460.928000 0.0804471 0.0003408 1.3238711 0.5845819 -0.4938120 0.4154439 -0.4917521
29461.028000 0.0804529 0.0003438 1.3238703 0.5845959 -0.4938004 0.4154289 -0.4917598
29461.128000 0.0804456 0.0003474 1.3238703 0.5846078 -0.4937862 0.4154170 -0.4917699
29461.228000 0.0804382 0.0003510 1.3238703 0.5846198 -0.4937720 0.4154051 -0.4917799
29461.329000 0.0804308 0.0003546 1.3238703 0.5846318 -0.4937579 0.4153932 -0.4917900
29461.428000 0.0804235 0.0003582 1.3238703 0.5846437 -0.4937437 0.4153813 -0.4918000
29461.528000 0.0804161 0.0003618 1.3238703 0.5846557 -0.4937296 0.4153694 -0.4918101
29461.628000 0.0799856 0.0003842 1.3238958 0.5846046 -0.4936337 0.4154546 -0.4918950
29461.728000 0.0803877 0.0003696 1.3238711 0.5846775 -0.4936986 0.4153487 -0.4918326
29461.828000 0.0803940 0.0003726 1.3238703 0.5846915 -0.4936871 0.4153337 -0.4918402
29461.928000 0.0803866 0.0003762 1.3238703 0.5847034 -0.4936730 0.4153218 -0.4918503
29462.028000 0.0803793 0.0003797 1.3238703 0.5847152 -0.4936590 0.4153100 -0.4918602
29462.128000 0.0799447 0.0004023 1.3238960 0.5846638 -0.4935622 0.4153960 -0.4919460
29462.228000 0.0803510 0.0003876 1.3238711 0.5847372 -0.4936280 0.4152893 -0.4918827
29462.328000 0.0803571 0.0003905 1.3238703 0.5847511 -0.4936165 0.4152743 -0.4918904
29462.428000 0.0803497 0.0003941 1.3238703 0.5847630 -0.4936024 0.4152624 -0.4919004
29462.528000 0.0803423 0.0003977 1.3238703 0.5847749 -0.4935883 0.4152506 -0.4919104
29462.628000 0.0803349 0.0004013 1.3238703 0.5847868 -0.4935742 0.4152387 -0.4919204
29462.728000 0.0803276 0.0004049 1.3238703 0.5847987 -0.4935602 0.4152269 -0.4919304
29462.828000 0.0803202 0.0004085 1.3238703 0.5848106 -0.4935461 0.4152150 -0.4919404
29462.928000 0.0798768 0.0004313 1.3238966 0.5847577 -0.4934477 0.4153031 -0.4920276
29463.028000 0.0802922 0.0004163 1.3238711 0.5848324 -0.4935154 0.4151944 -0.4919627
29463.128000 0.0802980 0.0004193 1.3238703 0.5848462 -0.4935039 0.4151795 -0.4919704
29463.228000 0.0798590 0.0004418 1.3238963 0.5847938 -0.4934065 0.4152667 -0.4920567
29463.328000 0.0802699 0.0004271 1.3238711 0.5848679 -0.4934732 0.4151589 -0.4919927
29463.428000 0.0798484 0.0004488 1.3238960 0.5848183 -0.4933791 0.4152419 -0.4920760
29463.528000 0.0802549 0.0004343 1.3238711 0.5848916 -0.4934450 0.4151353 -0.4920127
29463.628000 0.0802610 0.0004373 1.3238703 0.5849055 -0.4934336 0.4151204 -0.4920202
29463.728000 0.0802536 0.0004408 1.3238703 0.5849173 -0.4934196 0.4151086 -0.4920302
29463.828000 0.0802462 0.0004444 1.3238703 0.5849292 -0.4934055 0.4150968 -0.4920402
29463.928000 0.0798115 0.0004666 1.3238960 0.5848775 -0.4933089 0.4151829 -0.4921258
29464.029000 0.0797865 0.0004709 1.3238971 0.5848866 -0.4932916 0.4151752 -0.4921388
29464.128000 0.0802107 0.0004558 1.3238711 0.5849627 -0.4933609 0.4150645 -0.4920724
29464.228000 0.0802166 0.0004588 1.3238703 0.5849765 -0.4933494 0.4150496 -0.4920800
29464.329000 0.0797777 0.0004811 1.3238963 0.5849240 -0.4932522 0.4151368 -0.4921663
29464.428000 0.0801885 0.0004666 1.3238711 0.5849981 -0.4933189 0.4150291 -0.4921022
29464.528000 0.0797670 0.0004880 1.3238960 0.5849483 -0.4932249 0.4151122 -0.4921855
29464.628000 0.0801735 0.0004737 1.3238711 0.5850217 -0.4932908 0.4150056 -0.4921221
29464.728000 0.0801796 0.0004767 1.3238703 0.5850355 -0.4932795 0.4149907 -0.4921296
29464.829000 0.0801722 0.0004803 1.3238703 0.5850473 -0.4932655 0.4149790 -0.4921395
29464.928000 0.0801648 0.0004839 1.3238703 0.5850590 -0.4932515 0.4149672 -0.4921494
29465.028000 0.0801575 0.0004875 1.3238703 0.5850707 -0.4932377 0.4149556 -0.4921592
29465.128000 0.0801500 0.0004911 1.3238703 0.5850826 -0.4932236 0.4149437 -0.4921692
29465.228000 0.0801426 0.0004947 1.3238703 0.5850944 -0.4932096 0.4149320 -0.4921791
29465.328000 0.0797078 0.0005166 1.3238960 0.5850426 -0.4931131 0.4150181 -0.4922648
29465.428000 0.0796827 0.0005209 1.3238971 0.5850517 -0.4930957 0.4150104 -0.4922778
29465.528000 0.0801068 0.0005060 1.3238711 0.5851276 -0.4931652 0.4148999 -0.4922112
29465.628000 0.0796813 0.0005274 1.3238963 0.5850771 -0.4930706 0.4149840 -0.4922951
29465.729000 0.0800921 0.0005132 1.3238711 0.5851511 -0.4931373 0.4148764 -0.4922309
29465.828000 0.0800981 0.0005162 1.3238703 0.5851649 -0.4931260 0.4148616 -0.4922385
29465.929000 0.0800906 0.0005198 1.3238703 0.5851766 -0.4931120 0.4148499 -0.4922483
29466.028000 0.0800832 0.0005233 1.3238703 0.5851883 -0.4930981 0.4148382 -0.4922582
29466.128000 0.0800758 0.0005269 1.3238703 0.5852001 -0.4930842 0.4148265 -0.4922681
29466.228000 0.0796410 0.0005486 1.3238960 0.5851482 -0.4929878 0.4149126 -0.4923537
29466.328000 0.0800475 0.0005347 1.3238711 0.5852215 -0.4930538 0.4148062 -0.4922902
29466.428000 0.0800535 0.0005377 1.3238703 0.5852352 -0.4930425 0.4147914 -0.4922976
29466.528000 0.0800461 0.0005412 1.3238703 0.5852469 -0.4930286 0.4147797 -0.4923075
29466.629000 0.0800387 0.0005448 1.3238703 0.5852586 -0.4930147 0.4147680 -0.4923173
29466.728000 0.0795996 0.0005666 1.3238963 0.5852060 -0.4929176 0.4148553 -0.4924036
29466.828000 0.0800105 0.0005525 1.3238711 0.5852800 -0.4929844 0.4147477 -0.4923393
29466.928000 0.0795890 0.0005735 1.3238960 0.5852301 -0.4928905 0.4148309 -0.4924226
29467.028000 0.0799955 0.0005597 1.3238711 0.5853033 -0.4929566 0.4147244 -0.4923590
29467.129000 0.0800015 0.0005627 1.3238703 0.5853170 -0.4929454 0.4147097 -0.4923665
29467.228000 0.0799941 0.0005663 1.3238703 0.5853287 -0.4929315 0.4146980 -0.4923763
29467.328000 0.0799866 0.0005699 1.3238703 0.5853404 -0.4929176 0.4146864 -0.4923861
29467.428000 0.0799792 0.0005735 1.3238703 0.5853520 -0.4929038 0.4146747 -0.4923959
29467.529000 0.0795402 0.0005950 1.3238963 0.5852993 -0.4928067 0.4147620 -0.4924822
29467.628000 0.0799510 0.0005812 1.3238711 0.5853733 -0.4928736 0.4146545 -0.4924179
29467.728000 0.0799569 0.0005842 1.3238703 0.5853870 -0.4928623 0.4146398 -0.4924253
29467.829000 0.0799494 0.0005878 1.3238703 0.5853986 -0.4928485 0.4146282 -0.4924351
29467.928000 0.0795146 0.0006091 1.3238960 0.5853467 -0.4927521 0.4147144 -0.4925207
29468.029000 0.0799211 0.0005955 1.3238711 0.5854199 -0.4928182 0.4146080 -0.4924571
29468.128000 0.0794997 0.0006162 1.3238960 0.5853699 -0.4927245 0.4146911 -0.4925403
29468.228000 0.0799062 0.0006026 1.3238711 0.5854431 -0.4927906 0.4145848 -0.4924766
29468.328000 0.0799122 0.0006056 1.3238703 0.5854568 -0.4927794 0.4145701 -0.4924840
29468.428000 0.0794774 0.0006269 1.3238960 0.5854048 -0.4926831 0.4146563 -0.4925696
29468.528000 0.0794523 0.0006312 1.3238971 0.5854137 -0.4926659 0.4146487 -0.4925825
29468.628000 0.0794448 0.0006347 1.3238971 0.5854253 -0.4926521 0.4146371 -0.4925922
29468.728000 0.0798689 0.0006205 1.3238711 0.5855012 -0.4927217 0.4145268 -0.4925254
29468.828000 0.0798750 0.0006235 1.3238703 0.5855148 -0.4927105 0.4145121 -0.4925328
29468.928000 0.0798674 0.0006271 1.3238703 0.5855265 -0.4926966 0.4145004 -0.4925426
29469.028000 0.0798601 0.0006306 1.3238703 0.5855379 -0.4926830 0.4144889 -0.4925523
29469.128000 0.0794166 0.0006521 1.3238965 0.5854846 -0.4925850 0.4145771 -0.4926394
29469.228000 0.0798319 0.0006383 1.3238711 0.5855591 -0.4926529 0.4144688 -0.4925741
29469.328000 0.0798377 0.0006414 1.3238703 0.5855727 -0.4926417 0.4144542 -0.4925815
29469.428000 0.0798302 0.0006449 1.3238703 0.5855842 -0.4926279 0.4144427 -0.4925912
29469.528000 0.0798228 0.0006485 1.3238703 0.5855958 -0.4926142 0.4144311 -0.4926009
29469.628000 0.0798152 0.0006521 1.3238703 0.5856074 -0.4926003 0.4144194 -0.4926108
29469.728000 0.0798079 0.0006556 1.3238703 0.5856189 -0.4925867 0.4144080 -0.4926204
29469.828000 0.0798005 0.0006592 1.3238703 0.5856303 -0.4925732 0.4143966 -0.4926300
29469.928000 0.0797929 0.0006628 1.3238703 0.5856420 -0.4925593 0.4143849 -0.4926398
29470.028000 0.0793580 0.0006837 1.3238960 0.5855899 -0.4924631 0.4144712 -0.4927254
29470.129000 0.0793330 0.0006880 1.3238971 0.5855988 -0.4924460 0.4144637 -0.4927382
29470.228000 0.0793255 0.0006915 1.3238971 0.5856103 -0.4924323 0.4144521 -0.4927479
29470.328000 0.0797496 0.0006776 1.3238711 0.5856861 -0.4925019 0.4143419 -0.4926810
29470.428000 0.0797556 0.0006806 1.3238703 0.5856996 -0.4924908 0.4143273 -0.4926883
29470.529000 0.0797481 0.0006842 1.3238703 0.5857111 -0.4924771 0.4143158 -0.4926980
29470.628000 0.0797407 0.0006878 1.3238703 0.5857226 -0.4924634 0.4143042 -0.4927076
29470.728000 0.0797332 0.0006913 1.3238703 0.5857341 -0.4924497 0.4142927 -0.4927173
29470.828000 0.0792983 0.0007121 1.3238960 0.5856819 -0.4923536 0.4143790 -0.4928029
29470.928000 0.0792733 0.0007163 1.3238971 0.5856907 -0.4923367 0.4143717 -0.4928156
29471.028000 0.0796974 0.0007026 1.3238711 0.5857666 -0.4924062 0.4142613 -0.4927487
29471.129000 0.0797033 0.0007056 1.3238703 0.5857801 -0.4923951 0.4142468 -0.4927560
29471.228000 0.0792684 0.0007263 1.3238960 0.5857279 -0.4922990 0.4143330 -0.4928415
29471.328000 0.0796748 0.0007133 1.3238711 0.5858010 -0.4923652 0.4142269 -0.4927777
29471.428000 0.0792448 0.0007337 1.3238965 0.5857495 -0.4922700 0.4143121 -0.4928623
29471.529000 0.0796601 0.0007204 1.3238711 0.5858240 -0.4923379 0.4142039 -0.4927969
29471.628000 0.0792384 0.0007405 1.3238960 0.5857737 -0.4922444 0.4142871 -0.4928801
29471.729000 0.0796449 0.0007275 1.3238711 0.5858468 -0.4923106 0.4141810 -0.4928162
29471.828000 0.0796509 0.0007305 1.3238703 0.5858603 -0.4922996 0.4141665 -0.4928235
29471.929000 0.0792074 0.0007514 1.3238965 0.5858068 -0.4922019 0.4142547 -0.4929105
29472.028000 0.0796227 0.0007382 1.3238711 0.5858812 -0.4922698 0.4141466 -0.4928451
29472.128000 0.0796285 0.0007412 1.3238703 0.5858946 -0.4922588 0.4141321 -0.4928523
29472.228000 0.0796210 0.0007448 1.3238703 0.5859060 -0.4922452 0.4141207 -0.4928619
29472.329000 0.0796135 0.0007484 1.3238703 0.5859174 -0.4922316 0.4141092 -0.4928715
29472.428000 0.0791785 0.0007688 1.3238960 0.5858652 -0.4921355 0.4141955 -0.4929571
29472.528000 0.0791534 0.0007730 1.3238971 0.5858740 -0.4921186 0.4141881 -0.4929698
29472.628000 0.0795775 0.0007596 1.3238711 0.5859497 -0.4921882 0.4140780 -0.4929027
29472.728000 0.0795835 0.0007626 1.3238703 0.5859631 -0.4921773 0.4140635 -0.4929099
29472.828000 0.0791444 0.0007831 1.3238963 0.5859100 -0.4920805 0.4141509 -0.4929961
29472.928000 0.0795552 0.0007702 1.3238711 0.5859839 -0.4921476 0.4140437 -0.4929315
29473.029000 0.0795610 0.0007733 1.3238703 0.5859973 -0.4921366 0.4140293 -0.4929387
29473.128000 0.0791261 0.0007936 1.3238960 0.5859449 -0.4920406 0.4141156 -0.4930242
29473.228000 0.0791010 0.0007978 1.3238971 0.5859537 -0.4920236 0.4141082 -0.4930369
29473.328000 0.0795165 0.0007848 1.3238716 0.5860281 -0.4920917 0.4140001 -0.4929713
29473.428000 0.0791039 0.0008042 1.3238960 0.5859791 -0.4920000 0.4140813 -0.4930528
29473.529000 0.0795100 0.0007916 1.3238711 0.5860521 -0.4920662 0.4139754 -0.4929889
29473.628000 0.0795160 0.0007946 1.3238703 0.5860655 -0.4920553 0.4139609 -0.4929961
29473.728000 0.0790769 0.0008149 1.3238963 0.5860124 -0.4919587 0.4140484 -0.4930822
29473.828000 0.0794877 0.0008023 1.3238711 0.5860862 -0.4920257 0.4139412 -0.4930176
29473.928000 0.0794935 0.0008053 1.3238703 0.5860996 -0.4920148 0.4139268 -0.4930247
29474.028000 0.0794860 0.0008089 1.3238703 0.5861109 -0.4920012 0.4139154 -0.4930343
29474.128000 0.0794785 0.0008124 1.3238703 0.5861222 -0.4919877 0.4139041 -0.4930438
29474.228000 0.0790435 0.0008325 1.3238960 0.5860698 -0.4918918 0.4139904 -0.4931293
29474.328000 0.0794500 0.0008200 1.3238711 0.5861429 -0.4919581 0.4138845 -0.4930653
29474.428000 0.0794560 0.0008231 1.3238703 0.5861562 -0.4919473 0.4138700 -0.4930724
29474.528000 0.0790124 0.0008434 1.3238965 0.5861025 -0.4918497 0.4139584 -0.4931594
29474.629000 0.0789959 0.0008473 1.3238971 0.5861125 -0.4918345 0.4139491 -0.4931705
29474.728000 0.0794202 0.0008343 1.3238711 0.5861882 -0.4919043 0.4138390 -0.4931033
29474.828000 0.0794259 0.0008373 1.3238703 0.5862015 -0.4918934 0.4138247 -0.4931105
29474.928000 0.0794184 0.0008409 1.3238703 0.5862127 -0.4918799 0.4138134 -0.4931200
29475.028000 0.0789838 0.0008608 1.3238960 0.5861604 -0.4917841 0.4138997 -0.4932054
29475.128000 0.0793899 0.0008485 1.3238711 0.5862333 -0.4918504 0.4137938 -0.4931413
29475.228000 0.0793958 0.0008515 1.3238703 0.5862466 -0.4918395 0.4137794 -0.4931484
29475.328000 0.0793883 0.0008551 1.3238703 0.5862579 -0.4918261 0.4137681 -0.4931579
29475.428000 0.0789447 0.0008752 1.3238965 0.5862041 -0.4917286 0.4138565 -0.4932449
29475.528000 0.0793600 0.0008627 1.3238711 0.5862785 -0.4917967 0.4137485 -0.4931792
29475.628000 0.0793657 0.0008657 1.3238703 0.5862917 -0.4917858 0.4137342 -0.4931864
29475.728000 0.0793582 0.0008693 1.3238703 0.5863030 -0.4917724 0.4137229 -0.4931958
29475.828000 0.0793507 0.0008728 1.3238703 0.5863142 -0.4917590 0.4137116 -0.4932053
29475.928000 0.0793432 0.0008764 1.3238703 0.5863255 -0.4917455 0.4137003 -0.4932148
29476.028000 0.0793356 0.0008799 1.3238703 0.5863367 -0.4917321 0.4136891 -0.4932242
29476.129000 0.0788920 0.0009000 1.3238965 0.5862829 -0.4916347 0.4137774 -0.4933112
29476.229000 0.0788755 0.0009038 1.3238971 0.5862928 -0.4916195 0.4137682 -0.4933223
29476.328000 0.0792998 0.0008911 1.3238711 0.5863684 -0.4916894 0.4136583 -0.4932549
29476.428000 0.0793055 0.0008941 1.3238703 0.5863816 -0.4916786 0.4136440 -0.4932620
29476.528000 0.0792980 0.0008977 1.3238703 0.5863929 -0.4916652 0.4136327 -0.4932715
29476.628000 0.0788543 0.0009176 1.3238965 0.5863390 -0.4915677 0.4137211 -0.4933584
29476.728000 0.0788378 0.0009215 1.3238971 0.5863489 -0.4915526 0.4137119 -0.4933695
29476.828000 0.0788303 0.0009250 1.3238971 0.5863601 -0.4915393 0.4137007 -0.4933789
29476.928000 0.0792546 0.0009124 1.3238711 0.5864357 -0.4916092 0.4135908 -0.4933115
29477.028000 0.0792604 0.0009154 1.3238703 0.5864488 -0.4915985 0.4135766 -0.4933185
29477.128000 0.0788255 0.0009349 1.3238960 0.5863963 -0.4915026 0.4136629 -0.4934040
29477.228000 0.0788001 0.0009391 1.3238971 0.5864049 -0.4914859 0.4136557 -0.4934166
29477.328000 0.0792242 0.0009266 1.3238711 0.5864804 -0.4915557 0.4135459 -0.4933492
29477.428000 0.0792301 0.0009296 1.3238703 0.5864936 -0.4915450 0.4135316 -0.4933562
29477.528000 0.0792226 0.0009332 1.3238703 0.5865048 -0.4915316 0.4135204 -0.4933656
29477.628000 0.0792150 0.0009367 1.3238703 0.5865160 -0.4915183 0.4135092 -0.4933750
29477.728000 0.0792075 0.0009403 1.3238703 0.5865271 -0.4915050 0.4134980 -0.4933844
29477.828000 0.0791999 0.0009438 1.3238703 0.5865383 -0.4914917 0.4134868 -0.4933938
29477.929000 0.0791924 0.0009474 1.3238703 0.5865494 -0.4914784 0.4134756 -0.4934032
29478.028000 0.0787577 0.0009667 1.3238960 0.5864969 -0.4913828 0.4135619 -0.4934885
29478.128000 0.0791638 0.0009549 1.3238711 0.5865697 -0.4914492 0.4134563 -0.4934243
29478.228000 0.0791698 0.0009580 1.3238703 0.5865829 -0.4914385 0.4134420 -0.4934313
29478.328000 0.0791621 0.0009616 1.3238703 0.5865941 -0.4914250 0.4134307 -0.4934408
29478.428000 0.0791547 0.0009651 1.3238703 0.5866051 -0.4914119 0.4134196 -0.4934501
29478.528000 0.0791471 0.0009686 1.3238703 0.5866163 -0.4913986 0.4134085 -0.4934594
29478.628000 0.0791395 0.0009722 1.3238703 0.5866274 -0.4913853 0.4133973 -0.4934688
29478.728000 0.0787045 0.0009914 1.3238960 0.5865747 -0.4912897 0.4134838 -0.4935542
29478.828000 0.0791109 0.0009798 1.3238711 0.5866476 -0.4913562 0.4133781 -0.4934899
29478.929000 0.0786852 0.0009985 1.3238963 0.5865962 -0.4912625 0.4134626 -0.4935735
29479.028000 0.0790960 0.0009868 1.3238711 0.5866698 -0.4913297 0.4133557 -0.4935085
29479.128000 0.0791018 0.0009899 1.3238703 0.5866829 -0.4913190 0.4133415 -0.4935155
29479.228000 0.0790942 0.0009934 1.3238703 0.5866940 -0.4913058 0.4133304 -0.4935248
29479.328000 0.0790866 0.0009970 1.3238703 0.5867051 -0.4912925 0.4133193 -0.4935341
29479.428000 0.0786520 0.0010160 1.3238960 0.5866524 -0.4911970 0.4134057 -0.4936195
29479.529000 0.0790580 0.0010045 1.3238711 0.5867253 -0.4912635 0.4133001 -0.4935552
29479.628000 0.0790639 0.0010076 1.3238703 0.5867383 -0.4912529 0.4132859 -0.4935621
29479.728000 0.0790564 0.0010111 1.3238703 0.5867494 -0.4912396 0.4132747 -0.4935714
29479.828000 0.0790488 0.0010147 1.3238703 0.5867605 -0.4912264 0.4132636 -0.4935807
29479.928000 0.0790412 0.0010182 1.3238703 0.5867715 -0.4912132 0.4132525 -0.4935900
29480.028000 0.0790337 0.0010218 1.3238703 0.5867826 -0.4912000 0.4132414 -0.4935993
29480.129000 0.0785900 0.0010410 1.3238965 0.5867285 -0.4911028 0.4133299 -0.4936862
29480.228000 0.0790053 0.0010293 1.3238711 0.5868027 -0.4911711 0.4132222 -0.4936203
29480.328000 0.0790110 0.0010324 1.3238703 0.5868157 -0.4911604 0.4132081 -0.4936272
29480.428000 0.0790034 0.0010359 1.3238703 0.5868268 -0.4911472 0.4131970 -0.4936365
29480.528000 0.0789958 0.0010395 1.3238703 0.5868378 -0.4911341 0.4131859 -0.4936458
29480.629000 0.0785521 0.0010586 1.3238965 0.5867837 -0.4910369 0.4132744 -0.4937327
29480.728000 0.0789675 0.0010470 1.3238711 0.5868579 -0.4911052 0.4131668 -0.4936666
29480.828000 0.0789731 0.0010501 1.3238703 0.5868708 -0.4910946 0.4131527 -0.4936736
29480.928000 0.0785380 0.0010688 1.3238960 0.5868180 -0.4909991 0.4132392 -0.4937589
29481.028000 0.0785128 0.0010730 1.3238971 0.5868264 -0.4909825 0.4132322 -0.4937713
29481.128000 0.0785053 0.0010765 1.3238971 0.5868374 -0.4909694 0.4132211 -0.4937806
29481.229000 0.0789293 0.0010647 1.3238711 0.5869128 -0.4910394 0.4131115 -0.4937130
29481.328000 0.0789352 0.0010678 1.3238703 0.5869259 -0.4910288 0.4130974 -0.4937198
29481.428000 0.0789276 0.0010713 1.3238703 0.5869368 -0.4910157 0.4130863 -0.4937291
29481.528000 0.0789200 0.0010748 1.3238703 0.5869478 -0.4910026 0.4130753 -0.4937383
29481.628000 0.0789125 0.0010784 1.3238703 0.5869588 -0.4909894 0.4130643 -0.4937476
29481.729000 0.0789049 0.0010819 1.3238703 0.5869698 -0.4909763 0.4130532 -0.4937568
29481.828000 0.0784698 0.0011005 1.3238960 0.5869169 -0.4908809 0.4131398 -0.4938421
29481.928000 0.0784446 0.0011046 1.3238971 0.5869252 -0.4908644 0.4131328 -0.4938545
29482.028000 0.0788686 0.0010930 1.3238711 0.5870007 -0.4909344 0.4130232 -0.4937869
29482.128000 0.0784470 0.0011110 1.3238960 0.5869498 -0.4908416 0.4131067 -0.4938698
29482.228000 0.0788534 0.0011001 1.3238711 0.5870226 -0.4909082 0.4130012 -0.4938053
29482.328000 0.0784232 0.0011184 1.3238965 0.5869704 -0.4908137 0.4130866 -0.4938898
29482.428000 0.0788385 0.0011071 1.3238711 0.5870445 -0.4908821 0.4129791 -0.4938237
29482.528000 0.0788442 0.0011102 1.3238703 0.5870574 -0.4908716 0.4129651 -0.4938305
29482.628000 0.0784091 0.0011286 1.3238960 0.5870044 -0.4907762 0.4130517 -0.4939158
29482.728000 0.0783838 0.0011328 1.3238971 0.5870127 -0.4907597 0.4130447 -0.4939282
29482.828000 0.0788079 0.0011213 1.3238711 0.5870882 -0.4908297 0.4129352 -0.4938605
29482.928000 0.0788138 0.0011243 1.3238703 0.5871011 -0.4908193 0.4129211 -0.4938673
29483.028000 0.0788062 0.0011279 1.3238703 0.5871120 -0.4908062 0.4129101 -0.4938764
29483.129000 0.0783624 0.0011465 1.3238965 0.5870577 -0.4907092 0.4129987 -0.4939633
29483.228000 0.0787778 0.0011354 1.3238711 0.5871319 -0.4907776 0.4128912 -0.4938971
29483.328000 0.0787834 0.0011385 1.3238703 0.5871447 -0.4907671 0.4128772 -0.4939040
29483.428000 0.0787758 0.0011420 1.3238703 0.5871556 -0.4907541 0.4128663 -0.4939131
29483.528000 0.0783320 0.0011606 1.3238965 0.5871013 -0.4906571 0.4129548 -0.4940000
29483.628000 0.0787473 0.0011495 1.3238711 0.5871754 -0.4907255 0.4128474 -0.4939338
29483.728000 0.0787530 0.0011526 1.3238703 0.5871883 -0.4907150 0.4128334 -0.4939406
29483.828000 0.0787454 0.0011561 1.3238703 0.5871992 -0.4907020 0.4128224 -0.4939497
29483.928000 0.0787377 0.0011597 1.3238703 0.5872100 -0.4906890 0.4128115 -0.4939589
29484.028000 0.0787301 0.0011632 1.3238703 0.5872209 -0.4906760 0.4128006 -0.4939680
29484.128000 0.0782950 0.0011813 1.3238960 0.5871678 -0.4905807 0.4128872 -0.4940533
29484.228000 0.0787014 0.0011707 1.3238711 0.5872406 -0.4906474 0.4127818 -0.4939887
29484.328000 0.0787073 0.0011738 1.3238703 0.5872535 -0.4906370 0.4127678 -0.4939954
29484.429000 0.0782636 0.0011922 1.3238965 0.5871991 -0.4905401 0.4128564 -0.4940823
29484.528000 0.0786789 0.0011813 1.3238711 0.5872732 -0.4906085 0.4127489 -0.4940160
29484.628000 0.0786845 0.0011844 1.3238703 0.5872860 -0.4905980 0.4127350 -0.4940228
29484.728000 0.0782494 0.0012024 1.3238960 0.5872329 -0.4905028 0.4128216 -0.4941081
29484.828000 0.0786557 0.0011919 1.3238711 0.5873056 -0.4905695 0.4127163 -0.4940434
29484.929000 0.0786616 0.0011950 1.3238703 0.5873185 -0.4905592 0.4127023 -0.4940501
29485.028000 0.0782265 0.0012129 1.3238960 0.5872654 -0.4904639 0.4127889 -0.4941354
29485.128000 0.0782013 0.0012170 1.3238971 0.5872736 -0.4904476 0.4127820 -0.4941477
29485.228000 0.0786253 0.0012060 1.3238711 0.5873489 -0.4905177 0.4126727 -0.4940798
29485.328000 0.0786311 0.0012091 1.3238703 0.5873617 -0.4905074 0.4126587 -0.4940865
29485.428000 0.0786235 0.0012126 1.3238703 0.5873725 -0.4904944 0.4126478 -0.4940956
29485.529000 0.0786159 0.0012161 1.3238703 0.5873833 -0.4904815 0.4126370 -0.4941047
29485.628000 0.0781721 0.0012343 1.3238965 0.5873289 -0.4903847 0.4127256 -0.4941915
29485.728000 0.0781555 0.0012381 1.3238971 0.5873383 -0.4903700 0.4127168 -0.4942022
29485.828000 0.0781479 0.0012416 1.3238971 0.5873491 -0.4903571 0.4127059 -0.4942113
29485.928000 0.0785722 0.0012307 1.3238711 0.5874245 -0.4904273 0.4125965 -0.4941433
29486.029000 0.0785778 0.0012338 1.3238703 0.5874373 -0.4904169 0.4125826 -0.4941500
29486.128000 0.0781340 0.0012518 1.3238965 0.5873828 -0.4903201 0.4126713 -0.4942369
29486.228000 0.0785493 0.0012413 1.3238711 0.5874568 -0.4903886 0.4125640 -0.4941705
29486.328000 0.0785549 0.0012444 1.3238703 0.5874696 -0.4903782 0.4125501 -0.4941772
29486.428000 0.0781111 0.0012623 1.3238965 0.5874151 -0.4902815 0.4126387 -0.4942640
29486.528000 0.0785264 0.0012518 1.3238711 0.5874891 -0.4903499 0.4125314 -0.4941977
29486.628000 0.0781087 0.0012689 1.3238957 0.5874384 -0.4902583 0.4126142 -0.4942797
29486.729000 0.0785107 0.0012589 1.3238711 0.5875105 -0.4903241 0.4125099 -0.4942158
29486.828000 0.0785167 0.0012620 1.3238703 0.5875233 -0.4903139 0.4124959 -0.4942224
29486.929000 0.0785091 0.0012655 1.3238703 0.5875340 -0.4903010 0.4124851 -0.4942314
29487.028000 0.0785014 0.0012690 1.3238703 0.5875448 -0.4902881 0.4124743 -0.4942405
29487.128000 0.0780621 0.0012867 1.3238963 0.5874908 -0.4901924 0.4125621 -0.4943264
29487.228000 0.0784728 0.0012765 1.3238711 0.5875642 -0.4902599 0.4124557 -0.4942609
29487.328000 0.0784785 0.0012796 1.3238703 0.5875769 -0.4902496 0.4124419 -0.4942675
29487.428000 0.0780437 0.0012971 1.3238960 0.5875237 -0.4901546 0.4125285 -0.4943527
29487.528000 0.0784497 0.0012871 1.3238711 0.5875963 -0.4902213 0.4124234 -0.4942879
29487.628000 0.0784556 0.0012902 1.3238703 0.5876090 -0.4902111 0.4124095 -0.4942945
29487.728000 0.0780162 0.0013077 1.3238963 0.5875550 -0.4901154 0.4124973 -0.4943805
29487.828000 0.0784313 0.0012976 1.3238708 0.5876292 -0.4901836 0.4123899 -0.4943142
29487.928000 0.0780051 0.0013146 1.3238960 0.5875771 -0.4900904 0.4124746 -0.4943978
29488.028000 0.0779799 0.0013187 1.3238971 0.5875852 -0.4900742 0.4124679 -0.4944099
29488.128000 0.0784039 0.0013082 1.3238711 0.5876605 -0.4901445 0.4123587 -0.4943419
29488.228000 0.0779780 0.0013253 1.3238963 0.5876084 -0.4900513 0.4124434 -0.4944254
29488.328000 0.0783887 0.0013153 1.3238711 0.5876818 -0.4901189 0.4123371 -0.4943598
29488.428000 0.0779583 0.0013324 1.3238965 0.5876292 -0.4900248 0.4124228 -0.4944442
29488.528000 0.0783735 0.0013223 1.3238711 0.5877032 -0.4900934 0.4123156 -0.4943777
29488.629000 0.0779430 0.0013394 1.3238965 0.5876505 -0.4899992 0.4124013 -0.4944622
29488.728000 0.0783582 0.0013294 1.3238711 0.5877245 -0.4900678 0.4122941 -0.4943957
29488.828000 0.0783638 0.0013325 1.3238703 0.5877371 -0.4900576 0.4122803 -0.4944023
29488.928000 0.0779286 0.0013497 1.3238960 0.5876837 -0.4899626 0.4123671 -0.4944875
29489.028000 0.0783350 0.0013399 1.3238711 0.5877564 -0.4900295 0.4122619 -0.4944226
29489.128000 0.0783408 0.0013430 1.3238703 0.5877690 -0.4900193 0.4122481 -0.4944291
29489.229000 0.0783332 0.0013465 1.3238703 0.5877796 -0.4900066 0.4122374 -0.4944381
29489.328000 0.0783255 0.0013501 1.3238703 0.5877903 -0.4899938 0.4122267 -0.4944470
29489.429000 0.0778817 0.0013675 1.3238965 0.5877356 -0.4898972 0.4123154 -0.4945337
29489.528000 0.0782970 0.0013575 1.3238711 0.5878095 -0.4899658 0.4122083 -0.4944672
29489.628000 0.0783025 0.0013606 1.3238703 0.5878221 -0.4899556 0.4121946 -0.4944738
29489.728000 0.0782949 0.0013641 1.3238703 0.5878327 -0.4899429 0.4121839 -0.4944827
29489.828000 0.0778597 0.0013812 1.3238960 0.5877793 -0.4898480 0.4122706 -0.4945679
29489.928000 0.0778344 0.0013852 1.3238971 0.5877872 -0.4898319 0.4122639 -0.4945800
29490.028000 0.0782503 0.0013754 1.3238716 0.5878613 -0.4899006 0.4121567 -0.4945133
29490.129000 0.0782642 0.0013782 1.3238703 0.5878751 -0.4898920 0.4121411 -0.4945183
29490.228000 0.0778204 0.0013955 1.3238965 0.5878203 -0.4897955 0.4122298 -0.4946051
29490.328000 0.0782356 0.0013857 1.3238711 0.5878943 -0.4898641 0.4121227 -0.4945385
29490.428000 0.0782412 0.0013888 1.3238703 0.5879068 -0.4898540 0.4121091 -0.4945450
29490.528000 0.0778018 0.0014058 1.3238963 0.5878526 -0.4897584 0.4121969 -0.4946309
29490.628000 0.0777807 0.0014097 1.3238971 0.5878613 -0.4897430 0.4121892 -0.4946423
29490.728000 0.0782047 0.0013997 1.3238711 0.5879365 -0.4898133 0.4120801 -0.4945741
29490.828000 0.0782105 0.0014028 1.3238703 0.5879491 -0.4898033 0.4120664 -0.4945806
29490.928000 0.0782027 0.0014064 1.3238703 0.5879597 -0.4897905 0.4120556 -0.4945896
29491.028000 0.0777590 0.0014235 1.3238965 0.5879048 -0.4896941 0.4121445 -0.4946762
29491.128000 0.0781742 0.0014138 1.3238711 0.5879787 -0.4897627 0.4120375 -0.4946096
29491.228000 0.0781798 0.0014169 1.3238703 0.5879912 -0.4897526 0.4120238 -0.4946161
29491.328000 0.0781721 0.0014204 1.3238703 0.5880018 -0.4897400 0.4120132 -0.4946249
29491.428000 0.0777327 0.0014373 1.3238963 0.5879475 -0.4896445 0.4121010 -0.4947108
29491.528000 0.0781434 0.0014279 1.3238711 0.5880208 -0.4897121 0.4119949 -0.4946450
29491.628000 0.0781491 0.0014310 1.3238703 0.5880333 -0.4897021 0.4119813 -0.4946515
29491.728000 0.0781414 0.0014345 1.3238703 0.5880439 -0.4896895 0.4119707 -0.4946603
29491.829000 0.0781337 0.0014380 1.3238703 0.5880544 -0.4896768 0.4119600 -0.4946692
29491.928000 0.0777028 0.0014545 1.3238957 0.5880013 -0.4895830 0.4120460 -0.4947535
29492.028000 0.0776733 0.0014587 1.3238971 0.5880086 -0.4895662 0.4120403 -0.4947662
29492.128000 0.0776655 0.0014622 1.3238971 0.5880192 -0.4895535 0.4120296 -0.4947751
29492.228000 0.0780895 0.0014525 1.3238711 0.5880943 -0.4896238 0.4119207 -0.4947069
29492.328000 0.0776678 0.0014687 1.3238960 0.5880428 -0.4895316 0.4120044 -0.4947897
29492.428000 0.0780741 0.0014595 1.3238711 0.5881153 -0.4895986 0.4118995 -0.4947245
29492.528000 0.0776437 0.0014759 1.3238965 0.5880625 -0.4895048 0.4119852 -0.4948088
29492.628000 0.0776271 0.0014797 1.3238971 0.5880716 -0.4894905 0.4119767 -0.4948193
29492.728000 0.0780513 0.0014700 1.3238711 0.5881468 -0.4895609 0.4118677 -0.4947509
29492.828000 0.0776293 0.0014861 1.3238960 0.5880952 -0.4894687 0.4119515 -0.4948337
29492.930000 0.0776040 0.0014902 1.3238970 0.5881030 -0.4894528 0.4119449 -0.4948457
29493.029000 0.0775963 0.0014937 1.3238970 0.5881134 -0.4894402 0.4119344 -0.4948545
29493.128000 0.0780200 0.0014841 1.3238711 0.5881885 -0.4895106 0.4118255 -0.4947862
29493.228000 0.0780260 0.0014872 1.3238703 0.5882011 -0.4895005 0.4118117 -0.4947926
29493.328000 0.0780183 0.0014907 1.3238703 0.5882115 -0.4894881 0.4118013 -0.4948013
29493.428000 0.0780106 0.0014942 1.3238703 0.5882219 -0.4894756 0.4117907 -0.4948101
29493.531000 0.0775668 0.0015109 1.3238965 0.5881670 -0.4893792 0.4118795 -0.4948968
29493.628000 0.0779820 0.0015017 1.3238711 0.5882408 -0.4894480 0.4117726 -0.4948300
29493.728000 0.0779875 0.0015048 1.3238703 0.5882532 -0.4894380 0.4117591 -0.4948364
29493.828000 0.0779795 0.0015084 1.3238703 0.5882640 -0.4894249 0.4117481 -0.4948455
29493.928000 0.0779721 0.0015118 1.3238703 0.5882740 -0.4894129 0.4117380 -0.4948540
29494.028000 0.0775493 0.0015277 1.3238952 0.5882221 -0.4893208 0.4118222 -0.4949368
29494.128000 0.0779428 0.0015192 1.3238711 0.5882928 -0.4893852 0.4117201 -0.4948740
29494.228000 0.0779490 0.0015223 1.3238703 0.5883053 -0.4893754 0.4117065 -0.4948802
29494.328000 0.0779413 0.0015258 1.3238703 0.5883157 -0.4893629 0.4116959 -0.4948890
29494.428000 0.0779336 0.0015294 1.3238703 0.5883260 -0.4893504 0.4116854 -0.4948977
29494.528000 0.0779259 0.0015329 1.3238703 0.5883364 -0.4893379 0.4116749 -0.4949065
29494.638000 0.0779182 0.0015364 1.3238703 0.5883468 -0.4893254 0.4116644 -0.4949152
29494.728000 0.0774788 0.0015526 1.3238962 0.5882924 -0.4892301 0.4117524 -0.4950010
29494.828000 0.0778728 0.0015443 1.3238721 0.5883631 -0.4892947 0.4116503 -0.4949380
29494.929000 0.0778951 0.0015469 1.3238703 0.5883779 -0.4892880 0.4116329 -0.4949414
29495.028000 0.0778874 0.0015504 1.3238703 0.5883883 -0.4892755 0.4116225 -0.4949501
29495.133000 0.0778796 0.0015539 1.3238703 0.5883987 -0.4892631 0.4116120 -0.4949588
29495.228000 0.0778719 0.0015574 1.3238703 0.5884090 -0.4892506 0.4116015 -0.4949675
29495.328000 0.0778642 0.0015610 1.3238703 0.5884194 -0.4892382 0.4115910 -0.4949762
29495.428000 0.0778565 0.0015645 1.3238703 0.5884297 -0.4892257 0.4115806 -0.4949849
29495.528000 0.0778488 0.0015680 1.3238703 0.5884401 -0.4892133 0.4115701 -0.4949936
29495.628000 0.0778411 0.0015715 1.3238703 0.5884504 -0.4892009 0.4115596 -0.4950023
29495.728000 0.0778333 0.0015750 1.3238703 0.5884607 -0.4891884 0.4115492 -0.4950110
29495.828000 0.0773939 0.0015910 1.3238962 0.5884062 -0.4890932 0.4116371 -0.4950968
29495.928000 0.0778045 0.0015824 1.3238711 0.5884794 -0.4891610 0.4115313 -0.4950308
29496.028000 0.0778102 0.0015855 1.3238703 0.5884917 -0.4891512 0.4115178 -0.4950371
29496.128000 0.0778024 0.0015890 1.3238703 0.5885020 -0.4891388 0.4115074 -0.4950458
29496.228000 0.0777948 0.0015925 1.3238703 0.5885123 -0.4891265 0.4114970 -0.4950544
29496.328000 0.0777870 0.0015960 1.3238703 0.5885227 -0.4891139 0.4114865 -0.4950631
29496.428000 0.0773431 0.0016121 1.3238965 0.5884675 -0.4890178 0.4115754 -0.4951497
29496.529000 0.0777583 0.0016034 1.3238711 0.5885413 -0.4890866 0.4114687 -0.4950828
29496.628000 0.0777638 0.0016066 1.3238703 0.5885536 -0.4890768 0.4114552 -0.4950891
29496.728000 0.0773286 0.0016223 1.3238960 0.5884997 -0.4889823 0.4115421 -0.4951742
29496.828000 0.0773033 0.0016263 1.3238970 0.5885073 -0.4889666 0.4115358 -0.4951859
29496.928000 0.0772955 0.0016298 1.3238970 0.5885176 -0.4889542 0.4115253 -0.4951946
29497.028000 0.0777197 0.0016210 1.3238711 0.5885927 -0.4890247 0.4114166 -0.4951261
29497.128000 0.0772890 0.0016366 1.3238965 0.5885395 -0.4889312 0.4115025 -0.4952103
29497.228000 0.0777042 0.0016280 1.3238711 0.5886132 -0.4890000 0.4113958 -0.4951433
29497.328000 0.0777097 0.0016311 1.3238703 0.5886255 -0.4889902 0.4113824 -0.4951496
29497.429000 0.0777020 0.0016346 1.3238703 0.5886358 -0.4889778 0.4113720 -0.4951582
29497.528000 0.0772667 0.0016503 1.3238960 0.5885819 -0.4888834 0.4114589 -0.4952433
29497.628000 0.0776730 0.0016420 1.3238711 0.5886542 -0.4889506 0.4113543 -0.4951779
29497.728000 0.0772512 0.0016572 1.3238960 0.5886024 -0.4888587 0.4114382 -0.4952606
29497.828000 0.0776533 0.0016491 1.3238713 0.5886740 -0.4889252 0.4113347 -0.4951958
29497.928000 0.0776633 0.0016522 1.3238703 0.5886870 -0.4889162 0.4113201 -0.4952013
29498.028000 0.0776555 0.0016557 1.3238703 0.5886972 -0.4889038 0.4113098 -0.4952099
29498.128000 0.0772116 0.0016714 1.3238965 0.5886420 -0.4888078 0.4113987 -0.4952965
29498.228000 0.0771950 0.0016751 1.3238970 0.5886508 -0.4887939 0.4113905 -0.4953067
29498.329000 0.0771872 0.0016787 1.3238970 0.5886611 -0.4887815 0.4113800 -0.4953154
29498.428000 0.0776111 0.0016701 1.3238711 0.5887361 -0.4888520 0.4112714 -0.4952468
29498.528000 0.0776168 0.0016732 1.3238703 0.5887483 -0.4888423 0.4112580 -0.4952529
29498.628000 0.0771773 0.0016887 1.3238962 0.5886936 -0.4887473 0.4113460 -0.4953387
29498.728000 0.0775924 0.0016805 1.3238708 0.5887675 -0.4888159 0.4112393 -0.4952718
29498.828000 0.0775936 0.0016837 1.3238703 0.5887789 -0.4888055 0.4112270 -0.4952787
29498.928000 0.0775858 0.0016872 1.3238703 0.5887891 -0.4887932 0.4112167 -0.4952873
29499.028000 0.0771506 0.0017026 1.3238960 0.5887351 -0.4886989 0.4113036 -0.4953723
29499.128000 0.0771252 0.0017066 1.3238970 0.5887427 -0.4886832 0.4112973 -0.4953840
29499.228000 0.0775491 0.0016981 1.3238711 0.5888176 -0.4887538 0.4111888 -0.4953154
29499.329000 0.0775548 0.0017012 1.3238702 0.5888298 -0.4887441 0.4111754 -0.4953215
29499.428000 0.0775471 0.0017047 1.3238702 0.5888400 -0.4887319 0.4111651 -0.4953301
29499.528000 0.0771118 0.0017200 1.3238960 0.5887860 -0.4886376 0.4112521 -0.4954151
29499.628000 0.0775181 0.0017121 1.3238711 0.5888583 -0.4887048 0.4111476 -0.4953496
29499.728000 0.0775238 0.0017153 1.3238702 0.5888705 -0.4886951 0.4111342 -0.4953557
29499.828000 0.1021716 -0.0118208 1.3239992 0.5426677 -0.5386806 0.4540744 -0.4573307
29499.928000 0.1036222 -0.0124478 1.3239697 0.5407713 -0.5407418 0.4556227 -0.4556015
29500.029000 0.1032485 -0.0123536 1.3239913 0.5407353 -0.5406402 0.4557077 -0.4556797
29500.128000 0.1036846 -0.0124359 1.3239635 0.5408096 -0.5407111 0.4555895 -0.4556257
29500.228000 0.1033062 -0.0123422 1.3239854 0.5407753 -0.5406125 0.4556720 -0.4557009
29500.328000 0.1037471 -0.0124263 1.3239573 0.5408522 -0.5406870 0.4555496 -0.4556435
29500.428000 0.1124445 -0.0124611 1.3240446 -0.5406367 0.5406742 -0.4557720 0.4556920
29500.528000 0.1228960 -0.0123636 1.3239964 0.5407058 -0.5406662 0.4557323 -0.4556592
29500.628000 0.1414900 -0.0123699 1.3240745 -0.5405582 0.5405798 -0.4558999 0.4557693
29500.728000 0.1531851 -0.0124555 1.3239740 -0.5407457 0.5407547 -0.4556450 0.4555942
29500.828000 0.1624421 -0.0124614 1.3240443 -0.5406356 0.5406758 -0.4557729 0.4556904
29500.928000 0.1724463 -0.0124612 1.3240441 -0.5406340 0.5406776 -0.4557744 0.4556888
29501.028000 0.1921218 -0.0124644 1.3240477 -0.5406181 0.5406740 -0.4557896 0.4556967
29501.128000 0.2121529 -0.0124611 1.3240185 -0.5406439 0.5406767 -0.4557621 0.4556906
29501.228000 0.2233588 -0.0124819 1.3239783 -0.5406924 0.5407730 -0.4556804 0.4556002
29501.328000 0.2328746 -0.0123689 1.3240002 0.5406793 -0.5406692 0.4557575 -0.4556621
29501.428000 0.2521312 -0.0124622 1.3240453 -0.5406190 0.5406876 -0.4557889 0.4556804
29501.529000 0.2618499 -0.0123745 1.3240685 -0.5405678 0.5406006 -0.4558866 0.4557465
29501.628000 0.2727534 -0.0123730 1.3240030 0.5406595 -0.5406570 0.4557733 -0.4556841
29501.728000 0.2823986 -0.0124629 1.3240498 -0.5406142 0.5406624 -0.4557941 0.4557107
29501.828000 0.2928752 -0.0123689 1.3239995 0.5406844 -0.5406697 0.4557521 -0.4556607
29501.928000 0.3032047 -0.0124522 1.3239718 0.5407572 -0.5407547 0.4556342 -0.4555915
29502.028000 0.3221027 -0.0124663 1.3240502 -0.5406059 0.5406659 -0.4558018 0.4557086
29502.128000 0.3324370 -0.0124627 1.3240452 -0.5406293 0.5406800 -0.4557783 0.4556876
29502.228000 0.3428929 -0.0123643 1.3239967 0.5407037 -0.5406677 0.4557341 -0.4556583
29502.328000 0.3533072 -0.0124527 1.3239713 0.5407591 -0.5407546 0.4556321 -0.4555914
29502.428000 0.3719292 -0.0124148 1.3240636 -0.5405935 0.5406418 -0.4558393 0.4557143
29502.528000 0.3829025 -0.0123667 1.3239962 0.5406940 -0.5406770 0.4557429 -0.4556498
29502.628000 0.3923887 -0.0124629 1.3240528 -0.5406099 0.5406381 -0.4557972 0.4557416
29502.729000 0.4024158 -0.0124651 1.3240489 -0.5406131 0.5406687 -0.4557946 0.4557040
29502.828000 0.4219191 -0.0124149 1.3240646 -0.5405929 0.5406405 -0.4558399 0.4557162
29502.928000 0.4328678 -0.0123667 1.3240001 0.5406828 -0.5406691 0.4557547 -0.4556608
29503.028000 0.4418956 -0.0123688 1.3240728 -0.5405674 0.5405839 -0.4558901 0.4557633
29503.128000 0.4528799 -0.0123608 1.3239972 0.5407039 -0.5406636 0.4557357 -0.4556612
29503.228000 0.4619135 -0.0123663 1.3240705 -0.5405778 0.5405833 -0.4558807 0.4557612
29503.328000 0.4727873 -0.0123598 1.3239967 0.5407067 -0.5406613 0.4557334 -0.4556629
29503.428000 0.4824332 -0.0124578 1.3240447 -0.5406360 0.5406713 -0.4557745 0.4556938
29503.528000 0.5024075 -0.0123644 1.3239958 0.5406917 -0.5406790 0.4557457 -0.4556474
29503.628000 0.5128903 -0.0123636 1.3239963 0.5406908 -0.5406768 0.4557473 -0.4556496
29503.728000 0.5228237 -0.0123872 1.3240062 -0.5406216 0.5406798 -0.4558026 0.4556727
29503.828000 0.5318806 -0.0123723 1.3240757 -0.5405584 0.5405678 -0.4558958 0.4557874
29503.928000 0.5424056 -0.0124616 1.3240485 -0.5406161 0.5406714 -0.4557931 0.4556987
29504.028000 0.5533060 -0.0124586 1.3239724 -0.5407516 0.5407591 -0.4556372 0.4555899
29504.128000 0.5632145 -0.0124575 1.3239716 -0.5407542 0.5407606 -0.4556345 0.4555875
29504.229000 0.5728881 -0.0123648 1.3239969 0.5407003 -0.5406707 0.4557370 -0.4556559
29504.328000 0.5919040 -0.0123602 1.3240450 0.5405984 -0.5405715 0.4558618 -0.4557695
29504.428000 0.6033689 -0.0124698 1.3239771 -0.5407175 0.5407544 -0.4556626 0.4556105
29504.529000 0.6126958 -0.0123702 1.3239994 0.5406831 -0.5406712 0.4557527 -0.4556599
29504.628000 0.6231955 -0.0124523 1.3239719 0.5407565 -0.5407550 0.4556348 -0.4555912
29504.729000 0.6328943 -0.0123634 1.3239962 0.5407043 -0.5406680 0.4557336 -0.4556576
29504.828000 0.6533919 -0.0127407 1.3239499 -0.5407295 0.5408473 -0.4555470 0.4556015
29504.928000 0.6620076 -0.0123809 1.3240724 -0.5405644 0.5405857 -0.4558881 0.4557667
29505.028000 0.6724175 -0.0124607 1.3240469 -0.5406236 0.5406763 -0.4557853 0.4556917
29505.128000 0.6931217 -0.0124994 1.3239874 -0.5407261 0.5407577 -0.4556502 0.4556087
29505.228000 0.7020932 -0.0123723 1.3240735 -0.5405609 0.5405855 -0.4558951 0.4557641
29505.328000 0.7127736 -0.0123646 1.3239996 0.5406890 -0.5406669 0.4557494 -0.4556613
29505.428000 0.7218928 -0.0123687 1.3240726 -0.5405684 0.5405843 -0.4558891 0.4557627
29505.528000 0.7324163 -0.0124604 1.3240466 -0.5406250 0.5406768 -0.4557839 0.4556909
29505.628000 0.7427942 -0.0123667 1.3239973 0.5406990 -0.5406706 0.4557377 -0.4556568
29505.728000 0.7528724 -0.0123624 1.3239980 0.5406967 -0.5406686 0.4557419 -0.4556577
29505.828000 0.7624250 -0.0124596 1.3240459 -0.5406306 0.5406745 -0.4557789 0.4556920
29505.928000 0.7733159 -0.0124564 1.3239710 0.5407601 -0.5407570 0.4556293 -0.4555900
29506.028000 0.7921451 -0.0124650 1.3240444 -0.5406210 0.5406903 -0.4557853 0.4556783
29506.128000 0.8020316 -0.0123728 1.3240691 -0.5405664 0.5405990 -0.4558889 0.4557476
29506.228000 0.8131944 -0.0124544 1.3239731 -0.5407491 0.5407576 -0.4556413 0.4555903
29506.328000 0.8219169 -0.0123717 1.3240705 -0.5405750 0.5405892 -0.4558806 0.4557574
29506.428000 0.8417014 -0.0123717 1.3240711 -0.5405646 0.5405958 -0.4558912 0.4557513
29506.528000 0.8526440 -0.0124652 1.3240319 -0.5406384 0.5406618 -0.4557608 0.4557159
29506.628000 0.8633870 -0.0124705 1.3239757 -0.5407183 0.5407633 -0.4556629 0.4555986
29506.729000 0.8819249 -0.0124149 1.3240646 -0.5405930 0.5406403 -0.4558397 0.4557164
29506.828000 0.8928902 -0.0123620 1.3239965 0.5406897 -0.5406772 0.4557490 -0.4556487
29506.928000 0.9028939 -0.0123638 1.3239963 0.5406912 -0.5406766 0.4557468 -0.4556497
29507.028000 0.9125125 -0.0124719 1.3240422 -0.5406228 0.5406531 -0.4557707 0.4557348
29507.128000 0.9228688 -0.0123758 1.3240009 -0.5406653 0.5406753 -0.4557668 0.4556620
29507.228000 0.9324101 -0.0124613 1.3240483 -0.5406207 0.5406692 -0.4557887 0.4557004
29507.328000 0.9425295 -0.0124637 1.3240463 -0.5406246 0.5406787 -0.4557828 0.4556902
29507.428000 0.9528861 -0.0123658 1.3239976 0.5406984 -0.5406697 0.4557387 -0.4556574
29507.528000 0.9624258 -0.0124595 1.3240458 -0.5406311 0.5406744 -0.4557785 0.4556920
29507.628000 0.9825907 -0.0123670 1.3239970 0.5406902 -0.5406797 0.4557460 -0.4556481
29507.728000 0.9920476 -0.0124210 1.3240838 0.5405918 -0.5405587 0.4558719 -0.4557824
29507.828000 1.0024089 -0.0124664 1.3240502 -0.5406056 0.5406662 -0.4558020 0.4557084
29507.929000 1.0132978 -0.0124619 1.3239740 -0.5407375 0.5407600 -0.4556503 0.4555923
29508.028000 1.0224413 -0.0124620 1.3240447 -0.5406339 0.5406769 -0.4557744 0.4556899
29508.129000 1.0328967 -0.0123635 1.3239963 0.5407062 -0.5406659 0.4557319 -0.4556595
29508.228000 1.0528170 -0.0124258 1.3239729 -0.5407511 0.5407611 -0.4556499 0.4555752
29508.328000 1.0624161 -0.0124640 1.3240483 -0.5406165 0.5406721 -0.4557921 0.4556984
29508.428000 1.0728937 -0.0123642 1.3239966 0.5407041 -0.5406674 0.4557337 -0.4556584
29508.528000 1.0824305 -0.0124588 1.3240452 -0.5406334 0.5406734 -0.4557766 0.4556924
29508.628000 1.0928982 -0.0123632 1.3239961 0.5407072 -0.5406652 0.4557312 -0.4556600
29508.728000 1.1021084 -0.0123663 1.3240704 -0.5405778 0.5405833 -0.4558806 0.4557611
29508.828000 1.1231862 -0.0124630 1.3239752 -0.5407305 0.5407574 -0.4556557 0.4555984
29508.928000 1.1328761 -0.0123685 1.3239999 0.5406817 -0.5406698 0.4557550 -0.4556609
29509.028000 1.1434072 -0.0124542 1.3239713 0.5407580 -0.5407567 0.4556323 -0.4555898
29509.128000 1.1524473 -0.0124615 1.3240444 -0.5406354 0.5406760 -0.4557731 0.4556904
29509.228000 1.1726078 -0.0123715 1.3239955 0.5406914 -0.5406823 0.4557430 -0.4556465
29509.328000 1.1833916 -0.0124576 1.3239735 -0.5407442 0.5407593 -0.4556451 0.4555905
29509.428000 1.1924348 -0.0124633 1.3240459 -0.5406285 0.5406769 -0.4557793 0.4556913
29509.528000 1.2024344 -0.0124631 1.3240455 -0.5406280 0.5406798 -0.4557795 0.4556882
29509.628000 1.2229871 -0.0124089 1.3239913 -0.5407186 0.5407201 -0.4556956 0.4556168
29509.728000 1.2227449 -0.0124589 1.3240442 -0.5406374 0.5406723 -0.4557726 0.4556930
29509.828000 1.2227852 -0.0124546 1.3240404 -0.5406551 0.5406585 -0.4557570 0.4557038
29509.928000 1.2223879 -0.0123562 1.3240632 0.5406162 -0.5405541 0.4558469 -0.4557839
29510.028000 1.2228315 -0.0124404 1.3240353 0.5406921 -0.5406277 0.4557258 -0.4557276
29510.128000 1.2224518 -0.0123467 1.3240570 0.5406582 -0.5405296 0.4558078 -0.4558022
29510.228000 1.2228833 -0.0124290 1.3240298 0.5407345 -0.5406027 0.4556872 -0.4557457
29510.328000 1.2229206 -0.0124262 1.3240264 0.5407582 -0.5405938 0.4556636 -0.4557517
29510.428000 1.2229436 -0.0124206 1.3240238 0.5407804 -0.5405824 0.4556430 -0.4557595
29510.528000 1.2229657 -0.0124149 1.3240214 0.5408029 -0.5405712 0.4556221 -0.4557670
29510.628000 1.2332224 -0.0124710 1.3239919 -0.5406728 0.5407401 -0.4557174 0.4556256
29510.728000 1.2332089 -0.0123611 1.3239951 0.5407128 -0.5406600 0.4557267 -0.4556639
29510.828000 1.2332290 -0.0123519 1.3239927 0.5407298 -0.5406405 0.4557142 -0.4556794
29510.928000 1.2332594 -0.0123462 1.3239897 0.5407489 -0.5406259 0.4556974 -0.4556908
29511.028000 1.2332876 -0.0123404 1.3239868 0.5407693 -0.5406123 0.4556790 -0.4557011
29511.128000 1.2337420 -0.0124274 1.3239579 0.5408480 -0.5406894 0.4555536 -0.4556417
29511.229000 1.2333521 -0.0123319 1.3239805 0.5408137 -0.5405902 0.4556368 -0.4557169
29511.328000 1.2333631 -0.0123234 1.3239786 0.5408339 -0.5405758 0.4556196 -0.4557271
29511.428000 1.2424158 -0.0124595 1.3240471 -0.5406287 0.5406700 -0.4557811 0.4556974
29511.528000 1.2423479 -0.0123668 1.3240674 0.5405892 -0.5405787 0.4558691 -0.4557646
29511.628000 1.2427864 -0.0124491 1.3240398 0.5406617 -0.5406490 0.4557530 -0.4557113
29511.728000 1.2428293 -0.0124463 1.3240361 0.5406829 -0.5406377 0.4557325 -0.4557201
29511.828000 1.2428570 -0.0124406 1.3240332 0.5407034 -0.5406245 0.4557140 -0.4557300
29511.928000 1.2524153 -0.0124643 1.3240489 -0.5406153 0.5406664 -0.4557928 0.4557059
29512.028000 1.2527612 -0.0124589 1.3240427 -0.5406402 0.5406721 -0.4557695 0.4556930
29512.128000 1.2527938 -0.0124532 1.3240396 0.5406577 -0.5406569 0.4557547 -0.4557050
29512.229000 1.2528239 -0.0124475 1.3240366 0.5406769 -0.5406426 0.4557378 -0.4557161
29512.328000 1.2524324 -0.0123509 1.3240590 0.5406406 -0.5405412 0.4558237 -0.4557935
29512.428000 1.2528650 -0.0124333 1.3240317 0.5407164 -0.5406139 0.4557035 -0.4557374
29512.528000 1.2529031 -0.0124305 1.3240283 0.5407399 -0.5406047 0.4556803 -0.4557438
29512.628000 1.2529269 -0.0124248 1.3240257 0.5407617 -0.5405932 0.4556601 -0.4557517
29512.728000 1.2628674 -0.0123718 1.3240004 0.5406781 -0.5406668 0.4557559 -0.4556679
29512.828000 1.2632007 -0.0123573 1.3239954 0.5407137 -0.5406548 0.4557278 -0.4556680
29512.928000 1.2632334 -0.0123511 1.3239923 0.5407324 -0.5406383 0.4557119 -0.4556811
29513.028000 1.2632634 -0.0123453 1.3239893 0.5407519 -0.5406238 0.4556947 -0.4556924
29513.128000 1.2632914 -0.0123396 1.3239864 0.5407722 -0.5406105 0.4556764 -0.4557025
29513.228000 1.2633176 -0.0123340 1.3239836 0.5407933 -0.5405979 0.4556571 -0.4557117
29513.328000 1.2732007 -0.0124518 1.3239722 0.5407583 -0.5407526 0.4556332 -0.4555935
29513.428000 1.2923939 -0.0123797 1.3240177 -0.5406129 0.5406535 -0.4558252 0.4556916
29513.528000 1.3028548 -0.0123686 1.3240021 0.5406700 -0.5406622 0.4557665 -0.4556724
29513.628000 1.3124060 -0.0124620 1.3240490 -0.5406147 0.5406694 -0.4557951 0.4557008
29513.729000 1.3325962 -0.0122824 1.3239945 0.5407050 -0.5406667 0.4557628 -0.4556291
29513.828000 1.3431852 -0.0124529 1.3239747 -0.5407391 0.5407553 -0.4556527 0.4555937
29513.928000 1.3524201 -0.0124642 1.3240475 -0.5406224 0.5406720 -0.4557854 0.4556983
29514.028000 1.3627002 -0.0123683 1.3239977 0.5406961 -0.5406713 0.4557400 -0.4556570
29514.129000 1.3636304 -0.0124480 1.3239691 0.5407739 -0.5407407 0.4556199 -0.4556024
29514.228000 1.3632520 -0.0123529 1.3239909 0.5407376 -0.5406384 0.4557057 -0.4556812
29514.328000 1.3632686 -0.0123443 1.3239887 0.5407555 -0.5406213 0.4556915 -0.4556943
29514.428000 1.3632962 -0.0123386 1.3239859 0.5407760 -0.5406081 0.4556730 -0.4557042
29514.528000 1.3633222 -0.0123329 1.3239831 0.5407972 -0.5405957 0.4556536 -0.4557132
29514.628000 1.3637706 -0.0124190 1.3239546 0.5408758 -0.5406728 0.4555285 -0.4556535
29514.728000 1.3638072 -0.0124161 1.3239511 0.5408999 -0.5406638 0.4555046 -0.4556594
29514.828000 1.3638298 -0.0124103 1.3239486 0.5409223 -0.5406525 0.4554838 -0.4556670
29514.928000 1.3634279 -0.0123130 1.3239720 0.5408878 -0.5405525 0.4555680 -0.4557424
29515.028000 1.3634361 -0.0123045 1.3239704 0.5409088 -0.5405388 0.4555500 -0.4557518
29515.128000 1.3638844 -0.0123912 1.3239418 0.5409892 -0.5406177 0.4554224 -0.4556902
29515.228000 1.3634895 -0.0122959 1.3239648 0.5409562 -0.5405198 0.4555041 -0.4557639
29515.328000 1.3634961 -0.0122874 1.3239633 0.5409773 -0.5405062 0.4554860 -0.4557731
29515.428000 1.3639387 -0.0123731 1.3239352 0.5410570 -0.5405844 0.4553596 -0.4557120
29515.528000 1.3635470 -0.0122788 1.3239581 0.5410248 -0.5404873 0.4554401 -0.4557851
29515.628000 1.3639718 -0.0123607 1.3239310 0.5411023 -0.5405616 0.4553179 -0.4557269
29515.728000 1.3635846 -0.0122673 1.3239536 0.5410706 -0.5404657 0.4553973 -0.4557991
29515.828000 1.3640114 -0.0123492 1.3239263 0.5411487 -0.5405405 0.4552745 -0.4557403
29515.929000 1.3640272 -0.0123472 1.3239250 0.5411693 -0.5405287 0.4552543 -0.4557500
29516.028000 1.3636267 -0.0122501 1.3239482 0.5411362 -0.5404301 0.4553368 -0.4558238
29516.128000 1.3636318 -0.0122416 1.3239469 0.5411572 -0.5404165 0.4553187 -0.4558330
29516.228000 1.3640719 -0.0123271 1.3239189 0.5412366 -0.5404942 0.4551928 -0.4557723
29516.328000 1.3636775 -0.0122330 1.3239421 0.5412038 -0.5403966 0.4552739 -0.4558461
29516.428000 1.3636799 -0.0122244 1.3239409 0.5412242 -0.5403823 0.4552566 -0.4558561
29516.528000 1.3636949 -0.0122187 1.3239391 0.5412463 -0.5403707 0.4552361 -0.4558640
29516.628000 1.3641332 -0.0123041 1.3239112 0.5413252 -0.5404480 0.4551108 -0.4558039
29516.728000 1.3641606 -0.0123011 1.3239086 0.5413490 -0.5404388 0.4550872 -0.4558101
29516.829000 1.3637511 -0.0122043 1.3239328 0.5413138 -0.5403380 0.4551722 -0.4558864
29516.928000 1.3637519 -0.0121957 1.3239319 0.5413338 -0.5403234 0.4551554 -0.4558969
29517.028000 1.3637654 -0.0121901 1.3239301 0.5413553 -0.5403115 0.4551356 -0.4559052
29517.128000 1.3642062 -0.0122761 1.3239022 0.5414346 -0.5403889 0.4550095 -0.4558451
29517.229000 1.3638045 -0.0121813 1.3239260 0.5414003 -0.5402897 0.4550927 -0.4559204
29517.328000 1.3530197 -0.0144906 1.3240490 0.5408870 -0.5403970 0.4555655 -0.4559303
29517.429000 1.3523569 -0.0144640 1.3240681 0.5408500 -0.5403161 0.4556496 -0.4559860
29517.528000 1.3525642 -0.0161249 1.3240419 -0.5363277 0.5449572 -0.4593648 0.4520600
29517.629000 1.3526064 -0.0161707 1.3240373 -0.5362063 0.5450865 -0.4594633 0.4519480
29517.728000 1.3527527 -0.0155847 1.3240321 -0.5379317 0.5433987 -0.4580279 0.4533848
29517.828000 1.3523819 -0.0159823 1.3240490 -0.5364148 0.5447782 -0.4593477 0.4521898
29517.928000 1.3522647 -0.0160359 1.3240577 -0.5362381 0.5449380 -0.4594972 0.4520549
29518.028000 1.3527312 -0.0155640 1.3240355 -0.5379728 0.5433355 -0.4579990 0.4534410
29518.128000 1.3521816 -0.0159962 1.3240679 -0.5362981 0.5447879 -0.4594650 0.4521973
29518.228000 1.3525066 -0.0161385 1.3240493 -0.5362479 0.5449713 -0.4594464 0.4520548
29518.328000 1.3526226 -0.0155649 1.3240470 -0.5379428 0.5432904 -0.4580354 0.4534939
29518.428000 1.3525758 -0.0161567 1.3240469 -0.5362145 0.5449739 -0.4594736 0.4520636
29518.528000 1.3533895 -0.0161774 1.3239768 -0.5363081 0.5450872 -0.4593489 0.4519426
29518.628000 1.3535774 -0.0155975 1.3239647 -0.5380149 0.5434686 -0.4579253 0.4533059
29518.728000 1.3532716 -0.0160104 1.3239714 -0.5364282 0.5450042 -0.4593032 0.4519466
29518.828000 1.3531714 -0.0160488 1.3239785 -0.5362954 0.5451245 -0.4594161 0.4518443
29518.928000 1.3532992 -0.0154582 1.3239734 -0.5380251 0.5434333 -0.4579739 0.4532871
29519.029000 1.3532919 -0.0159626 1.3239674 -0.5364029 0.5450629 -0.4593351 0.4518735
29519.128000 1.3535950 -0.0161884 1.3239505 -0.5363577 0.5452361 -0.4592803 0.4517739
29519.228000 1.3537149 -0.0155793 1.3239481 -0.5381275 0.5434767 -0.4578130 0.4532759
29519.328000 1.3532108 -0.0160313 1.3239780 -0.5363235 0.5450732 -0.4593984 0.4518909
29519.428000 1.3531066 -0.0160355 1.3239852 -0.5362776 0.5451057 -0.4594408 0.4518630
29519.528000 1.3536410 -0.0156225 1.3239545 -0.5379616 0.5435988 -0.4579610 0.4531769
29519.628000 1.3535884 -0.0161706 1.3239548 -0.5364200 0.5451257 -0.4592326 0.4518816
29519.728000 1.3526218 -0.0161536 1.3240350 -0.5362692 0.5450619 -0.4594123 0.4519549
29519.829000 1.3527593 -0.0155547 1.3240296 -0.5380186 0.5433420 -0.4579567 0.4534215
29519.928000 1.3523298 -0.0159619 1.3240531 -0.5363656 0.5448333 -0.4594077 0.4521208
29520.029000 1.3535129 -0.0161981 1.3239585 -0.5362969 0.5452378 -0.4593363 0.4517870
29520.128000 1.3531911 -0.0154747 1.3239833 -0.5378586 0.5435498 -0.4581256 0.4531916
29520.228000 1.3529877 -0.0161506 1.3240006 -0.5362717 0.5450464 -0.4594148 0.4519680
29520.328000 1.3525824 -0.0161640 1.3240394 -0.5361815 0.5451168 -0.4595042 0.4518992
29520.428000 1.3527611 -0.0155884 1.3240307 -0.5378548 0.5434802 -0.4581090 0.4532965
29520.529000 1.3527751 -0.0161186 1.3240297 -0.5363825 0.5449231 -0.4593303 0.4520711
29520.628000 1.3531702 -0.0160397 1.3239821 -0.5361881 0.5451837 -0.4595207 0.4517940
29520.728000 1.3532430 -0.0154172 1.3239813 -0.5379404 0.5434495 -0.4580710 0.4532699
29520.828000 1.3536304 -0.0161669 1.3239537 -0.5363858 0.5451267 -0.4592798 0.4518730
29520.928000 1.3526689 -0.0161772 1.3240337 -0.5361292 0.5451710 -0.4595511 0.4518482
29521.028000 1.3527650 -0.0155852 1.3240301 -0.5378486 0.5434817 -0.4581155 0.4532955
29521.128000 1.3527065 -0.0161147 1.3240301 -0.5363990 0.5449113 -0.4593089 0.4520875
29521.228000 1.3521892 -0.0159765 1.3240631 -0.5361700 0.5449876 -0.4595900 0.4519814
29521.328000 1.3527286 -0.0155679 1.3240325 -0.5379046 0.5434195 -0.4580628 0.4533568
29521.428000 1.3525273 -0.0160122 1.3240468 -0.5363601 0.5448598 -0.4593937 0.4521095
29521.528000 1.3535743 -0.0162049 1.3239567 -0.5362875 0.5452272 -0.4593407 0.4518065
29521.628000 1.3532250 -0.0154237 1.3239838 -0.5379295 0.5434525 -0.4580736 0.4532768
29521.728000 1.3531670 -0.0159792 1.3239874 -0.5363593 0.5449813 -0.4593879 0.4519699
29521.828000 1.3534402 -0.0162096 1.3239689 -0.5361996 0.5452619 -0.4594380 0.4517701
29521.928000 1.3531646 -0.0154666 1.3239891 -0.5377717 0.5435845 -0.4582146 0.4531631
29522.028000 1.3532771 -0.0162067 1.3239807 -0.5363194 0.5450632 -0.4593302 0.4519773
29522.128000 1.3525933 -0.0161763 1.3240411 -0.5361537 0.5451086 -0.4595246 0.4519214
29522.228000 1.3527585 -0.0156140 1.3240325 -0.5377776 0.5435255 -0.4581753 0.4532665
29522.328000 1.3524427 -0.0159572 1.3240492 -0.5362419 0.5449296 -0.4595423 0.4520147
29522.428000 1.3527050 -0.0161777 1.3240319 -0.5361284 0.5451594 -0.4595521 0.4518622
29522.528000 1.3523818 -0.0153905 1.3240569 -0.5377986 0.5433623 -0.4582572 0.4533546
29522.628000 1.3526160 -0.0159787 1.3240455 -0.5363863 0.5448303 -0.4593904 0.4521175
29522.729000 1.3537270 -0.0160352 1.3239502 -0.5363375 0.5451461 -0.4593774 0.4518077
29522.828000 1.3531424 -0.0153701 1.3239918 -0.5379472 0.5433877 -0.4580685 0.4533385
29522.928000 1.3535764 -0.0161583 1.3239583 -0.5364168 0.5450776 -0.4592458 0.4519300
29523.028000 1.3531171 -0.0160278 1.3239876 -0.5361503 0.5452130 -0.4595586 0.4517648
29523.128000 1.3531973 -0.0154325 1.3239853 -0.5378479 0.5435399 -0.4581476 0.4531940
29523.228000 1.3534755 -0.0161992 1.3239655 -0.5363634 0.5451236 -0.4592777 0.4519055
29523.328000 1.3530388 -0.0160141 1.3239923 -0.5361993 0.5451620 -0.4595117 0.4518161
29523.428000 1.3535295 -0.0156303 1.3239652 -0.5378978 0.5436059 -0.4580160 0.4531885
29523.528000 1.3532074 -0.0159783 1.3239859 -0.5363494 0.5450066 -0.4594011 0.4519377
29523.628000 1.3530733 -0.0160016 1.3239936 -0.5361586 0.5451760 -0.4595726 0.4517855
29523.728000 1.3531737 -0.0154250 1.3239910 -0.5378139 0.5435310 -0.4581968 0.4531954
29523.828000 1.3534603 -0.0161719 1.3239713 -0.5363473 0.5450657 -0.4593195 0.4519518
29523.928000 1.3530291 -0.0160093 1.3239986 -0.5361404 0.5451476 -0.4595862 0.4518274
29524.028000 1.3535492 -0.0156285 1.3239671 -0.5378937 0.5435746 -0.4580252 0.4532218
29524.128000 1.3536208 -0.0161552 1.3239562 -0.5364843 0.5450243 -0.4591782 0.4519830
29524.228000 1.3535293 -0.0162244 1.3239623 -0.5362551 0.5452455 -0.4593683 0.4517949
29524.328000 1.3535824 -0.0156907 1.3239628 -0.5377680 0.5437360 -0.4581169 0.4530845
29524.428000 1.3531055 -0.0159858 1.3239925 -0.5363170 0.5450117 -0.4594240 0.4519468
29524.528000 1.3529788 -0.0160046 1.3240002 -0.5361397 0.5451685 -0.4595844 0.4518050
29524.628000 1.3531534 -0.0154171 1.3239931 -0.5378319 0.5435026 -0.4581790 0.4532261
29524.728000 1.3531980 -0.0159540 1.3239869 -0.5363084 0.5450021 -0.4594495 0.4519427
29524.828000 1.3531083 -0.0160015 1.3239933 -0.5361359 0.5451657 -0.4595923 0.4518048
29524.928000 1.3535424 -0.0156473 1.3239700 -0.5378423 0.5435962 -0.4580692 0.4532124
29525.028000 1.3534596 -0.0161541 1.3239725 -0.5364672 0.5449431 -0.4591988 0.4520801
29525.128000 1.3530435 -0.0159861 1.3239999 -0.5362304 0.5450579 -0.4594960 0.4519207
29525.228000 1.3535484 -0.0156396 1.3239680 -0.5379276 0.5435514 -0.4579784 0.4532566
29525.328000 1.3533359 -0.0160024 1.3239716 -0.5364928 0.5449704 -0.4592273 0.4519879
29525.428000 1.3531820 -0.0159684 1.3239817 -0.5363266 0.5451055 -0.4593978 0.4518489
29525.528000 1.3535778 -0.0156382 1.3239631 -0.5379451 0.5435831 -0.4579608 0.4532157
29525.628000 1.3534100 -0.0161934 1.3239746 -0.5363428 0.5450845 -0.4593098 0.4519445
29525.728000 1.3530200 -0.0160002 1.3240000 -0.5361603 0.5451529 -0.4595634 0.4518206
29525.828000 1.3533620 -0.0162333 1.3239771 -0.5361415 0.5452778 -0.4594815 0.4517756
29525.928000 1.3532417 -0.0154417 1.3239877 -0.5377698 0.5435969 -0.4582169 0.4531483
29526.028000 1.3533247 -0.0159805 1.3239773 -0.5364153 0.5449858 -0.4593144 0.4519727
29526.128000 1.3534863 -0.0162292 1.3239672 -0.5362602 0.5452238 -0.4593576 0.4518259
29526.228000 1.3532777 -0.0153965 1.3239865 -0.5379431 0.5434290 -0.4580636 0.4532989
29526.328000 1.3531530 -0.0159429 1.3239928 -0.5363868 0.5449050 -0.4593655 0.4520521
29526.428000 1.3530604 -0.0159790 1.3239993 -0.5362150 0.5450658 -0.4595129 0.4519122
29526.528000 1.3535121 -0.0156478 1.3239721 -0.5379008 0.5435528 -0.4580029 0.4532620
29526.628000 1.3532546 -0.0160397 1.3239832 -0.5363934 0.5450321 -0.4593144 0.4519430
29526.728000 1.3530915 -0.0159882 1.3239912 -0.5362269 0.5451642 -0.4594913 0.4518013
29526.828000 1.3531864 -0.0154071 1.3239913 -0.5378761 0.5435024 -0.4581252 0.4532281
29526.928000 1.3530802 -0.0159473 1.3239975 -0.5363633 0.5449269 -0.4593865 0.4520323
29527.028000 1.3529884 -0.0159814 1.3240040 -0.5361930 0.5450866 -0.4595326 0.4518931
29527.128000 1.3531489 -0.0154038 1.3239971 -0.5378587 0.5434710 -0.4581456 0.4532657
29527.228000 1.3531545 -0.0159420 1.3239907 -0.5363749 0.5449775 -0.4593751 0.4519691
29527.328000 1.3530652 -0.0159813 1.3239973 -0.5362029 0.5451405 -0.4595204 0.4518288
29527.429000 1.3534658 -0.0156467 1.3239761 -0.5378692 0.5435868 -0.4580364 0.4532248
29527.528000 1.3531400 -0.0159634 1.3239941 -0.5363726 0.5449546 -0.4593793 0.4519952
29527.628000 1.3533013 -0.0162228 1.3239835 -0.5362032 0.5452018 -0.4594310 0.4518454
29527.728000 1.3532250 -0.0153972 1.3239896 -0.5378900 0.5434930 -0.4581173 0.4532309
29527.828000 1.3532803 -0.0159382 1.3239759 -0.5364366 0.5450038 -0.4593057 0.4519347
29527.928000 1.3534650 -0.0162362 1.3239646 -0.5362626 0.5452638 -0.4593461 0.4517864
29528.028000 1.3533209 -0.0153867 1.3239796 -0.5379502 0.5434964 -0.4580511 0.4532223
29528.128000 1.3532615 -0.0159659 1.3239817 -0.5363935 0.5450107 -0.4593462 0.4519363
29528.228000 1.3534187 -0.0162370 1.3239713 -0.5362155 0.5452655 -0.4594009 0.4517845
29528.328000 1.3532737 -0.0154211 1.3239847 -0.5378337 0.5435839 -0.4581517 0.4531539
29528.429000 1.3530562 -0.0158501 1.3239926 -0.5364319 0.5449153 -0.4593458 0.4520061
29528.528000 1.3533594 -0.0162347 1.3239752 -0.5362604 0.5452156 -0.4593463 0.4518469
29528.628000 1.3534027 -0.0162405 1.3239713 -0.5362131 0.5452658 -0.4593832 0.4518050
29528.728000 1.3535542 -0.0156397 1.3239657 -0.5379165 0.5435980 -0.4579673 0.4532252
29528.828000 1.3535531 -0.0161728 1.3239610 -0.5365130 0.5449938 -0.4591370 0.4520275
29528.928000 1.3531736 -0.0159736 1.3239871 -0.5362749 0.5451281 -0.4594420 0.4518381
29529.028000 1.3532858 -0.0153759 1.3239831 -0.5379470 0.5434888 -0.4580545 0.4532317
29529.128000 1.3532171 -0.0159293 1.3239812 -0.5364084 0.5450191 -0.4593377 0.4519171
29529.229000 1.3533776 -0.0162507 1.3239717 -0.5362074 0.5452997 -0.4593951 0.4517588
29529.328000 1.3532452 -0.0154021 1.3239857 -0.5378685 0.5435588 -0.4581261 0.4531687
29529.429000 1.3531596 -0.0159349 1.3239890 -0.5363422 0.5450200 -0.4594144 0.4519166
29529.528000 1.3530703 -0.0159886 1.3239956 -0.5361422 0.5452125 -0.4595792 0.4517541
29529.628000 1.3532396 -0.0154096 1.3239872 -0.5378070 0.5436013 -0.4581877 0.4531284
29529.728000 1.3535110 -0.0161815 1.3239638 -0.5364571 0.5450592 -0.4591927 0.4519583
29529.828000 1.3531951 -0.0159914 1.3239844 -0.5362221 0.5452080 -0.4594897 0.4517558
29529.928000 1.3532733 -0.0153933 1.3239843 -0.5379004 0.5435384 -0.4580950 0.4531867
29530.028000 1.3533736 -0.0162302 1.3239756 -0.5363388 0.5451261 -0.4592830 0.4519262
29530.128000 1.3530738 -0.0160016 1.3239951 -0.5361959 0.5451883 -0.4595055 0.4517945
29530.229000 1.3532166 -0.0154027 1.3239891 -0.5378797 0.5435407 -0.4581087 0.4531947
29530.328000 1.3534062 -0.0162330 1.3239728 -0.5363407 0.5451463 -0.4592817 0.4519010
29530.428000 1.3531275 -0.0160008 1.3239898 -0.5362055 0.5452082 -0.4594975 0.4517673
29530.528000 1.3534136 -0.0156659 1.3239783 -0.5378617 0.5435992 -0.4580273 0.4532281
29530.628000 1.3530374 -0.0159159 1.3240025 -0.5363317 0.5449338 -0.4594319 0.4520153
29530.728000 1.3531709 -0.0162555 1.3239955 -0.5361264 0.5452093 -0.4594879 0.4518697
29530.828000 1.3531402 -0.0154195 1.3239984 -0.5378015 0.5435446 -0.4581871 0.4532035
29530.928000 1.3531955 -0.0159568 1.3239850 -0.5364076 0.5450221 -0.4593242 0.4519283
29531.028000 1.3531006 -0.0159880 1.3239914 -0.5362191 0.5452006 -0.4594860 0.4517720
29531.128000 1.3532527 -0.0154067 1.3239847 -0.5378744 0.5435822 -0.4581062 0.4531537
29531.228000 1.3534490 -0.0162363 1.3239662 -0.5363939 0.5451297 -0.4592203 0.4519202
29531.328000 1.3531717 -0.0159893 1.3239848 -0.5362617 0.5451875 -0.4594374 0.4517867
29531.428000 1.3534758 -0.0156745 1.3239703 -0.5378828 0.5436430 -0.4579899 0.4531883
29531.528000 1.3533538 -0.0162371 1.3239768 -0.5363572 0.5451021 -0.4592680 0.4519486
29531.629000 1.3530852 -0.0159826 1.3239947 -0.5362283 0.5451603 -0.4594843 0.4518116
29531.728000 1.3531958 -0.0153949 1.3239920 -0.5378621 0.5435476 -0.4581292 0.4531865
29531.829000 1.3531498 -0.0160022 1.3239922 -0.5364317 0.5449596 -0.4592898 0.4520100
29531.928000 1.3530416 -0.0159834 1.3239989 -0.5362077 0.5451690 -0.4595041 0.4518054
29532.028000 1.3534203 -0.0156792 1.3239767 -0.5378539 0.5436391 -0.4580218 0.4531950
29532.128000 1.3532711 -0.0160693 1.3239827 -0.5363731 0.5450729 -0.4593153 0.4519170
29532.228000 1.3527957 -0.0159976 1.3240208 -0.5362797 0.5450640 -0.4594650 0.4518863
29532.328000 1.3529126 -0.0153936 1.3240180 -0.5380238 0.5433389 -0.4580140 0.4533612
29532.428000 1.3530187 -0.0161738 1.3240050 -0.5364185 0.5449811 -0.4592627 0.4520271
29532.529000 1.3531389 -0.0160553 1.3239903 -0.5362774 0.5451463 -0.4594060 0.4518498
29532.628000 1.3532278 -0.0154428 1.3239915 -0.5379860 0.5434309 -0.4579977 0.4533123
29532.728000 1.3531301 -0.0159810 1.3239956 -0.5364145 0.5449342 -0.4593198 0.4520304
29532.828000 1.3526833 -0.0159857 1.3240340 -0.5361985 0.5450560 -0.4595590 0.4518968
29532.928000 1.3530356 -0.0156164 1.3240126 -0.5379186 0.5434635 -0.4580315 0.4533191
29533.028000 1.3530606 -0.0161659 1.3240019 -0.5364447 0.5449915 -0.4592439 0.4520027
29533.128000 1.3528233 -0.0159737 1.3240174 -0.5362728 0.5451027 -0.4594787 0.4518338
29533.228000 1.3530734 -0.0156114 1.3240072 -0.5379388 0.5434875 -0.4580122 0.4532857
29533.328000 1.3528449 -0.0159333 1.3240185 -0.5363718 0.5449494 -0.4594225 0.4519584
29533.428000 1.3532473 -0.0162797 1.3239852 -0.5361556 0.5452879 -0.4594465 0.4517823
29533.528000 1.3532937 -0.0162803 1.3239814 -0.5361085 0.5453365 -0.4594837 0.4517417
29533.628000 1.3534206 -0.0156705 1.3239797 -0.5378085 0.5436453 -0.4580728 0.4531900
29533.728000 1.3533675 -0.0162371 1.3239796 -0.5363523 0.5450538 -0.4592803 0.4520003
29533.828000 1.3529267 -0.0162159 1.3240178 -0.5361810 0.5451369 -0.4594849 0.4518952
29533.928000 1.3530165 -0.0156278 1.3240179 -0.5378213 0.5434932 -0.4581258 0.4533036
29534.029000 1.3528703 -0.0161862 1.3240247 -0.5362970 0.5449428 -0.4594043 0.4520736
29534.128000 1.3529872 -0.0160121 1.3240103 -0.5361751 0.5450915 -0.4595393 0.4519018
29534.228000 1.3532719 -0.0156629 1.3239944 -0.5378418 0.5435296 -0.4580506 0.4533117
29534.328000 1.3532667 -0.0162255 1.3239857 -0.5364238 0.5449908 -0.4592056 0.4520672
29534.428000 1.3530427 -0.0160250 1.3240017 -0.5362134 0.5451450 -0.4594768 0.4518552
29534.528000 1.3531675 -0.0154272 1.3239992 -0.5378433 0.5435298 -0.4581336 0.4532257
29534.628000 1.3532217 -0.0162510 1.3239927 -0.5362534 0.5451249 -0.4593786 0.4519320
29534.728000 1.3531561 -0.0162868 1.3239967 -0.5361165 0.5452607 -0.4594859 0.4518215
29534.828000 1.3532177 -0.0154234 1.3239953 -0.5378625 0.5435290 -0.4581215 0.4532161
29534.928000 1.3532515 -0.0160011 1.3239837 -0.5364088 0.5450187 -0.4593103 0.4519451
29535.028000 1.3531762 -0.0160163 1.3239888 -0.5362311 0.5451932 -0.4594645 0.4517887
29535.128000 1.3532188 -0.0154116 1.3239935 -0.5378982 0.5435061 -0.4580849 0.4532381
29535.228000 1.3530473 -0.0159963 1.3240017 -0.5363168 0.5450127 -0.4594063 0.4519638
29535.328000 1.3530895 -0.0162854 1.3239999 -0.5361188 0.5452466 -0.4594747 0.4518471
29535.428000 1.3532837 -0.0156955 1.3239906 -0.5378122 0.5436016 -0.4580581 0.4532528
29535.528000 1.3531876 -0.0159956 1.3239889 -0.5363950 0.5449901 -0.4593250 0.4519809
29535.628000 1.3531102 -0.0160143 1.3239949 -0.5362258 0.5451551 -0.4594702 0.4518351
29535.728000 1.3532548 -0.0154208 1.3239894 -0.5378968 0.5435295 -0.4580766 0.4532202
29535.828000 1.3532412 -0.0160297 1.3239847 -0.5364491 0.5450065 -0.4592521 0.4519711
29535.928000 1.3532706 -0.0162674 1.3239813 -0.5362663 0.5452229 -0.4593251 0.4518527
29536.028000 1.3533437 -0.0156762 1.3239852 -0.5378939 0.5435631 -0.4579824 0.4532785
29536.128000 1.3530818 -0.0160367 1.3240051 -0.5363516 0.5449544 -0.4593656 0.4520343
29536.229000 1.3530037 -0.0160044 1.3240089 -0.5361947 0.5451078 -0.4595167 0.4518818
29536.328000 1.3531378 -0.0153897 1.3240054 -0.5379019 0.5434231 -0.4580978 0.4533203
29536.428000 1.3531800 -0.0162438 1.3239967 -0.5363046 0.5450332 -0.4593304 0.4520308
29536.528000 1.3528494 -0.0162205 1.3240260 -0.5361548 0.5451152 -0.4595133 0.4519236
29536.628000 1.3530418 -0.0156172 1.3240158 -0.5378613 0.5434730 -0.4580836 0.4533231
29536.728000 1.3531126 -0.0161740 1.3240005 -0.5364557 0.5449418 -0.4592342 0.4520594
29536.828000 1.3531780 -0.0160062 1.3239908 -0.5362811 0.5451376 -0.4594131 0.4518486
29536.928000 1.3533022 -0.0162259 1.3239824 -0.5362524 0.5451922 -0.4593452 0.4518858
29537.028000 1.3533151 -0.0153598 1.3239865 -0.5379625 0.5434740 -0.4580233 0.4532626
29537.128000 1.3532161 -0.0160173 1.3239859 -0.5362865 0.5451281 -0.4594275 0.4518391
29537.229000 1.3529666 -0.0162164 1.3240102 -0.5361867 0.5451931 -0.4594767 0.4518290
29537.328000 1.3530860 -0.0155913 1.3240096 -0.5379324 0.5434487 -0.4580260 0.4533259
29537.429000 1.3529352 -0.0161847 1.3240191 -0.5363376 0.5449543 -0.4593662 0.4520503
29537.528000 1.3528687 -0.0162035 1.3240238 -0.5362031 0.5450904 -0.4594751 0.4519351
29537.629000 1.3530114 -0.0155702 1.3240180 -0.5379709 0.5433652 -0.4580010 0.4534057
29537.728000 1.3529878 -0.0161886 1.3240101 -0.5363751 0.5449786 -0.4593187 0.4520248
29537.828000 1.3528109 -0.0159388 1.3240233 -0.5362602 0.5450529 -0.4595127 0.4518743
29537.928000 1.3530849 -0.0155689 1.3240089 -0.5379913 0.5434008 -0.4579727 0.4533673
29538.029000 1.3530281 -0.0159775 1.3240073 -0.5364563 0.5449203 -0.4593141 0.4520034
29538.128000 1.3531172 -0.0159869 1.3239956 -0.5363020 0.5451060 -0.4594062 0.4518689
29538.229000 1.3533081 -0.0156362 1.3239883 -0.5379750 0.5434759 -0.4579190 0.4533509
29538.328000 1.3531198 -0.0159951 1.3239975 -0.5364231 0.5449520 -0.4593001 0.4520188
29538.428000 1.3530407 -0.0159778 1.3240030 -0.5363108 0.5450609 -0.4594021 0.4519170
29538.529000 1.3532894 -0.0156044 1.3239901 -0.5380621 0.5433832 -0.4578432 0.4534353
29538.628000 1.3533033 -0.0162730 1.3239800 -0.5363529 0.5451121 -0.4592506 0.4519593
29538.728000 1.3530529 -0.0162091 1.3240026 -0.5363031 0.5451175 -0.4593513 0.4519095
29538.828000 1.3531313 -0.0155908 1.3240043 -0.5379865 0.5434252 -0.4579628 0.4533538
29538.928000 1.3529202 -0.0159172 1.3240163 -0.5364359 0.5448736 -0.4593687 0.4520285
29539.028000 1.3528912 -0.0161926 1.3240192 -0.5362397 0.5450832 -0.4594408 0.4519352
29539.128000 1.3530578 -0.0155647 1.3240130 -0.5380137 0.5433407 -0.4579583 0.4534273
29539.228000 1.3529505 -0.0159736 1.3240155 -0.5363209 0.5449792 -0.4594523 0.4519527
29539.328000 1.3528605 -0.0159398 1.3240222 -0.5362507 0.5450410 -0.4595196 0.4518929
29539.429000 1.3530706 -0.0155648 1.3240120 -0.5379994 0.5433591 -0.4579682 0.4534122
29539.528000 1.3530229 -0.0162042 1.3240077 -0.5363499 0.5450112 -0.4593369 0.4519969
29539.628000 1.3528733 -0.0159400 1.3240189 -0.5362656 0.5450659 -0.4595051 0.4518601
29539.728000 1.3530820 -0.0155597 1.3240094 -0.5380226 0.5433533 -0.4579436 0.4534165
29539.828000 1.3529999 -0.0159502 1.3240087 -0.5364295 0.5448997 -0.4593465 0.4520271
29539.928000 1.3530954 -0.0162538 1.3239989 -0.5362511 0.5451215 -0.4593493 0.4519686
29540.028000 1.3531530 -0.0153731 1.3239998 -0.5379857 0.5433995 -0.4580061 0.4533419
29540.128000 1.3530644 -0.0160347 1.3240022 -0.5363547 0.5450197 -0.4593574 0.4519601
29540.228000 1.3529881 -0.0159909 1.3240061 -0.5362464 0.5451270 -0.4594634 0.4518515
29540.329000 1.3531466 -0.0153507 1.3240008 -0.5380099 0.5433790 -0.4579956 0.4533482
29540.428000 1.3531515 -0.0159908 1.3239953 -0.5363687 0.5449876 -0.4593563 0.4519833
29540.528000 1.3530677 -0.0159929 1.3240017 -0.5362406 0.5451104 -0.4594643 0.4518774
29540.628000 1.3532191 -0.0156384 1.3239968 -0.5379164 0.5434732 -0.4579743 0.4533677
29540.728000 1.3530926 -0.0162395 1.3240039 -0.5363092 0.5450441 -0.4593240 0.4520186
29540.828000 1.3529239 -0.0162145 1.3240162 -0.5362155 0.5451143 -0.4594487 0.4519184
29540.928000 1.3530223 -0.0153257 1.3240137 -0.5379566 0.5433924 -0.4580979 0.4532921
29541.028000 1.3529630 -0.0159531 1.3240118 -0.5363099 0.5450242 -0.4594770 0.4518862
29541.128000 1.3530110 -0.0162615 1.3240063 -0.5361560 0.5452101 -0.4594532 0.4518689
29541.228000 1.3531518 -0.0156508 1.3240015 -0.5378692 0.5435277 -0.4580170 0.4533152
29541.328000 1.3531463 -0.0162296 1.3239957 -0.5364495 0.5449477 -0.4591804 0.4521143
29541.428000 1.3530427 -0.0159814 1.3240027 -0.5363246 0.5450622 -0.4593771 0.4519246
29541.529000 1.3531817 -0.0153348 1.3239994 -0.5380574 0.5433321 -0.4579421 0.4534021
29541.628000 1.3531875 -0.0162635 1.3239945 -0.5363179 0.5450314 -0.4592994 0.4520486
29541.728000 1.3530070 -0.0159457 1.3240103 -0.5362638 0.5450539 -0.4594940 0.4518878
29541.828000 1.3531100 -0.0152968 1.3240076 -0.5380236 0.5433298 -0.4580302 0.4533560
29541.928000 1.3530338 -0.0162061 1.3240060 -0.5363633 0.5449968 -0.4593142 0.4520214
29542.028000 1.3529176 -0.0159502 1.3240149 -0.5362704 0.5450720 -0.4594830 0.4518694
29542.128000 1.3530600 -0.0155942 1.3240120 -0.5378692 0.5434770 -0.4580732 0.4533192
29542.228000 1.3529917 -0.0161785 1.3240154 -0.5363777 0.5448892 -0.4593321 0.4521158
29542.328000 1.3528863 -0.0162151 1.3240232 -0.5361559 0.5450977 -0.4595161 0.4519405
29542.428000 1.3530663 -0.0153132 1.3240120 -0.5379452 0.5433852 -0.4581122 0.4532999
29542.528000 1.3531287 -0.0162216 1.3239956 -0.5363461 0.5450623 -0.4593271 0.4519498
29542.628000 1.3530387 -0.0162250 1.3240033 -0.5362151 0.5451868 -0.4594349 0.4518455
29542.728000 1.3531325 -0.0155932 1.3240031 -0.5379105 0.5434944 -0.4580314 0.4532916
29542.828000 1.3530284 -0.0162213 1.3240059 -0.5363294 0.5450193 -0.4593524 0.4519958
29542.929000 1.3529476 -0.0162162 1.3240126 -0.5362020 0.5451446 -0.4594593 0.4518871
29543.028000 1.3530753 -0.0153135 1.3240103 -0.5379527 0.5433933 -0.4581021 0.4532913
29543.128000 1.3530518 -0.0162001 1.3240103 -0.5363087 0.5449860 -0.4593858 0.4520265
29543.228000 1.3529718 -0.0162193 1.3240155 -0.5361762 0.5451159 -0.4594888 0.4519223
29543.328000 1.3530730 -0.0153234 1.3240126 -0.5379356 0.5433821 -0.4581178 0.4533093
29543.428000 1.3529793 -0.0159586 1.3240124 -0.5363289 0.5449737 -0.4594539 0.4519481
29543.528000 1.3528860 -0.0159374 1.3240199 -0.5362415 0.5450517 -0.4595292 0.4518813
29543.628000 1.3530930 -0.0155590 1.3240090 -0.5379634 0.5433934 -0.4579992 0.4533826
29543.728000 1.3531627 -0.0162148 1.3239949 -0.5363694 0.5450270 -0.4593114 0.4519807
29543.828000 1.3530731 -0.0162176 1.3240018 -0.5362350 0.5451554 -0.4594227 0.4518720
29543.928000 1.3531897 -0.0155870 1.3239999 -0.5379325 0.5434747 -0.4580161 0.4533046
29544.028000 1.3531172 -0.0162205 1.3240006 -0.5363231 0.5450506 -0.4593606 0.4519571
29544.129000 1.3530311 -0.0162234 1.3240073 -0.5361898 0.5451787 -0.4594710 0.4518486
29544.228000 1.3530852 -0.0159093 1.3240025 -0.5362452 0.5451266 -0.4595172 0.4517987
29544.328000 1.3532026 -0.0154874 1.3240014 -0.5380524 0.5433215 -0.4579238 0.4534391
29544.428000 1.3531406 -0.0162052 1.3240009 -0.5363668 0.5449514 -0.4593198 0.4520662
29544.528000 1.3530191 -0.0162099 1.3240109 -0.5362267 0.5450800 -0.4594374 0.4519580
29544.628000 1.3530780 -0.0159028 1.3240056 -0.5362816 0.5450302 -0.4594815 0.4519080
29544.728000 1.3532273 -0.0155270 1.3239980 -0.5379722 0.5434108 -0.4579754 0.4533753
29544.829000 1.3532473 -0.0162104 1.3239850 -0.5364633 0.5449915 -0.4592011 0.4520241
29544.928000 1.3531435 -0.0159520 1.3239934 -0.5363760 0.5450736 -0.4593649 0.4518621
29545.028000 1.3531858 -0.0158966 1.3239899 -0.5363849 0.5450647 -0.4593608 0.4518665
29545.128000 1.3532020 -0.0161099 1.3239887 -0.5363455 0.5451003 -0.4593036 0.4519285
29545.229000 1.3532373 -0.0160710 1.3239856 -0.5363543 0.5450972 -0.4592924 0.4519331
29545.328000 1.3506857 -0.0156783 1.3241510 -0.5364237 0.5449417 -0.4593741 0.4519553
29545.428000 1.3351872 -0.0153983 1.3250010 -0.5364519 0.5443172 -0.4595691 0.4524758
29545.529000 1.3129666 -0.0147830 1.3257324 -0.5365376 0.5433712 -0.4599206 0.4531536
29545.628000 1.2952183 -0.0143800 1.3259065 -0.5365857 0.5426176 -0.4602071 0.4537085
29545.728000 1.2793670 -0.0140907 1.3257542 -0.5366151 0.5419460 -0.4604663 0.4542132
29545.828000 1.2631701 -0.0138660 1.3252979 -0.5366365 0.5412621 -0.4607333 0.4547322
29545.928000 1.2469321 -0.0137122 1.3245348 -0.5366492 0.5405785 -0.4610032 0.4552565
29546.029000 1.2308444 -0.0133720 1.3234740 -0.5367011 0.5398610 -0.4613212 0.4557245
29546.128000 1.2147557 -0.0133485 1.3221131 -0.5366974 0.5391845 -0.4615958 0.4562513
29546.228000 1.1986814 -0.0134060 1.3204505 -0.5366822 0.5385114 -0.4618711 0.4567852
29546.329000 1.1826035 -0.0137901 1.3184855 -0.5366082 0.5378806 -0.4621015 0.4573820
29546.428000 1.1665777 -0.0139943 1.3162190 -0.5365718 0.5372120 -0.4623807 0.4579280
29546.528000 1.1506139 -0.0140009 1.3136522 0.5365769 -0.5365029 0.4627114 -0.4584191
29546.628000 1.1346387 -0.0145870 1.3107819 0.5364736 -0.5358765 0.4629508 -0.4590305
29546.728000 1.1187630 -0.0147411 1.3076144 0.5364571 -0.5351728 0.4632844 -0.4595339
29546.828000 1.1028882 -0.0154617 1.3041427 0.5363336 -0.5345503 0.4635288 -0.4601558
29546.928000 1.0871259 -0.0157616 1.3003770 0.5362953 -0.5338524 0.4638647 -0.4606718
29547.029000 1.0713769 -0.0166141 1.2963072 0.5361513 -0.5332341 0.4641136 -0.4613044
29547.128000 1.0557546 -0.0170439 1.2919472 0.5360937 -0.5325405 0.4644539 -0.4618298
29547.228000 1.0401557 -0.0180349 1.2872831 0.5359274 -0.5319285 0.4647050 -0.4624751
29547.329000 1.0246689 -0.0188567 1.2823283 0.5358023 -0.5312770 0.4649974 -0.4630746
29547.428000 1.0092744 -0.0197380 1.2770804 0.5356689 -0.5306267 0.4652915 -0.4636788
29547.528000 0.9940064 -0.0204386 1.2715472 0.5355749 -0.5299400 0.4656317 -0.4642308
29547.628000 0.9787845 -0.0216895 1.2657115 0.5353712 -0.5293351 0.4658831 -0.4649031
29547.728000 0.9637295 -0.0225348 1.2596012 0.5352594 -0.5286520 0.4662181 -0.4654731
29547.828000 0.9487339 -0.0239311 1.2531899 0.5350503 -0.5280379 0.4664554 -0.4661722
29547.928000 0.9338879 -0.0251626 1.2465017 0.5348778 -0.5273905 0.4667348 -0.4668230
29548.029000 0.9192011 -0.0262054 1.2395416 0.5347468 -0.5267067 0.4670611 -0.4674182
29548.128000 0.9045883 -0.0277907 1.2322827 0.5345028 -0.5261068 0.4672978 -0.4681359
29548.228000 0.8901434 -0.0292091 1.2247558 0.5342936 -0.5254764 0.4675784 -0.4688020
29548.328000 0.8758447 -0.0306812 1.2169548 0.5340727 -0.5248519 0.4678615 -0.4694704
29548.428000 0.8616970 -0.0322128 1.2088819 0.5338385 -0.5242347 0.4681452 -0.4701432
29548.528000 0.8477362 -0.0335672 1.2005534 0.5336427 -0.5235851 0.4684741 -0.4707612
29548.628000 0.8338781 -0.0354404 1.1919327 0.5333318 -0.5230212 0.4687151 -0.4714999
29548.728000 0.8202467 -0.0369132 1.1830763 0.5331089 -0.5223876 0.4690431 -0.4721279
29548.828000 0.8067295 -0.0388928 1.1739313 0.5327715 -0.5218389 0.4692827 -0.4728768
29548.928000 0.7934200 -0.0407030 1.1645438 0.5324721 -0.5212586 0.4695625 -0.4735757
29549.028000 0.7803203 -0.0423352 1.1549183 0.5322156 -0.5206400 0.4698845 -0.4742247
29549.128000 0.7673707 -0.0442636 1.1450225 0.5318887 -0.5200647 0.4701582 -0.4749509
29549.228000 0.7546235 -0.0462284 1.1348840 0.5315545 -0.5194966 0.4704283 -0.4756788
29549.328000 0.7420703 -0.0484196 1.1244952 0.5311727 -0.5189736 0.4706509 -0.4764553
29549.428000 0.7297351 -0.0504596 1.1138784 0.5308235 -0.5184192 0.4709105 -0.4771910
29549.528000 0.7176249 -0.0523334 1.1030408 0.5305116 -0.5178306 0.4712103 -0.4778805
29549.628000 0.7057016 -0.0546380 1.0919479 0.5300987 -0.5173258 0.4714194 -0.4786785
29549.728000 0.6940110 -0.0567910 1.0806409 0.5297192 -0.5167901 0.4716645 -0.4794353
29549.828000 0.6825450 -0.0589725 1.0691125 0.5293309 -0.5162596 0.4719055 -0.4801978
29549.928000 0.6713221 -0.0609908 1.0573824 0.5289804 -0.5156954 0.4721852 -0.4809150
29550.028000 0.6602844 -0.0632395 1.0453876 0.5285722 -0.5151753 0.4724166 -0.4816933
29550.128000 0.6493990 -0.0657284 1.0330823 0.5281037 -0.5147002 0.4725972 -0.4825371
29550.228000 0.6388961 -0.0678426 1.0207316 0.5277247 -0.5141580 0.4728557 -0.4832760
29550.328000 0.6287618 -0.0703185 1.0083390 0.5272454 -0.5137062 0.4730208 -0.4841174
29550.428000 0.6169178 -0.0731029 0.9932143 0.5267118 -0.5131263 0.4732629 -0.4850755
29550.528000 0.6046681 -0.0761031 0.9767458 0.5261688 -0.5125513 0.4734727 -0.4860670
29550.628000 0.5978139 -0.0778492 0.9671397 0.5258608 -0.5122328 0.4735733 -0.4866378
29550.728000 0.6089805 -0.1505117 0.9761435 0.5352669 -0.5091389 0.4645903 -0.4882854
29550.828000 0.6086214 -0.1528689 0.9754714 0.5354343 -0.5089065 0.4644465 -0.4884810
29550.928000 0.6081956 -0.1527622 0.9748858 0.5354290 -0.5087943 0.4645587 -0.4884971
29551.028000 0.6080570 -0.1568820 0.9741464 0.5355066 -0.5085122 0.4644194 -0.4888381
29551.129000 0.6084339 -0.1654540 0.9733539 0.5358903 -0.5078337 0.4641523 -0.4893763
29551.228000 0.6152827 -0.2394118 0.9755439 0.5426227 -0.5012099 0.4575463 -0.4949754
29551.328000 0.6149480 -0.2412522 0.9748659 0.5426809 -0.5010578 0.4574099 -0.4951915
29551.428000 0.6145248 -0.2411791 0.9742950 0.5426669 -0.5009393 0.4575243 -0.4952211
29551.528000 0.6145112 -0.2446755 0.9736085 0.5427581 -0.5006102 0.4574624 -0.4955111
29551.628000 0.6155322 -0.2558006 0.9726792 0.5431369 -0.4997989 0.4570129 -0.4963291
29551.728000 0.6250204 -0.3298256 0.9751444 -0.5497708 0.4931063 -0.4503027 0.5018224
29551.828000 0.6248186 -0.3322144 0.9744702 -0.5499530 0.4928552 -0.4501377 0.5020174
29551.928000 0.6243915 -0.3321528 0.9738889 -0.5499454 0.4927420 -0.4502520 0.5020343
29552.028000 0.6246224 -0.3360060 0.9731879 -0.5500344 0.4924830 -0.4500876 0.5023383
29552.128000 0.6265115 -0.3478412 0.9723171 -0.5506330 0.4916695 -0.4494879 0.5030159
29552.228000 0.6386600 -0.4229464 0.9747541 -0.5573159 0.4846707 -0.4426273 0.5085022
29552.328000 0.6384442 -0.4247985 0.9740415 -0.5574025 0.4845433 -0.4424664 0.5086686
29552.428000 0.6380208 -0.4249522 0.9734267 -0.5573440 0.4844807 -0.4425328 0.5087346
29552.528000 0.6376054 -0.4249056 0.9728947 -0.5573056 0.4843538 -0.4426642 0.5087831
29552.628000 0.6380815 -0.4291346 0.9721673 -0.5573770 0.4840069 -0.4425051 0.5091732
29552.728000 0.6405413 -0.4412884 0.9711630 -0.5579178 0.4830004 -0.4419269 0.5100381
29552.828000 0.6553645 -0.5154500 0.9738994 -0.5643650 0.4760945 -0.4348845 0.5154625
29552.928000 0.6553246 -0.5178531 0.9732206 -0.5645526 0.4758475 -0.4347145 0.5156286
29553.028000 0.6549179 -0.5182062 0.9725765 -0.5644429 0.4758294 -0.4347388 0.5157449
29553.128000 0.6554511 -0.5215900 0.9718759 -0.5645881 0.4754646 -0.4346672 0.5159826
29553.228000 0.6585602 -0.5336812 0.9707899 -0.5651391 0.4745101 -0.4340019 0.5168176
29553.328000 0.6753783 -0.6061878 0.9732107 -0.5717282 0.4673884 -0.4270652 0.5218145
29553.428000 0.6755439 -0.6095641 0.9724556 -0.5718812 0.4671335 -0.4267779 0.5221100
29553.528000 0.6751002 -0.6096128 0.9718622 -0.5718085 0.4670191 -0.4269201 0.5221757
29553.628000 0.6758846 -0.6134028 0.9711017 -0.5718767 0.4667182 -0.4267628 0.5224985
29553.728000 0.6795174 -0.6247440 0.9701070 -0.5724817 0.4656935 -0.4262036 0.5232063
29553.828000 0.6987531 -0.6976003 0.9723508 -0.5787754 0.4585206 -0.4190042 0.5284065
29553.928000 0.6988650 -0.6997072 0.9717571 -0.5790068 0.4582222 -0.4189152 0.5284823
29554.028000 0.6984523 -0.7001449 0.9710764 -0.5788525 0.4582283 -0.4189456 0.5286220
29554.128000 0.6995555 -0.7036085 0.9704930 -0.5790402 0.4578699 -0.4188709 0.5287860
29554.228000 0.7038387 -0.7146952 0.9696336 -0.5795121 0.4571236 -0.4181676 0.5294711
29554.328000 0.7253310 -0.7865819 0.9719680 -0.5858360 0.4497090 -0.4109432 0.5344938
29554.428000 0.7253280 -0.7885266 0.9712272 -0.5858429 0.4495871 -0.4108115 0.5346900
29554.528000 0.7249279 -0.7887269 0.9706279 -0.5857487 0.4495422 -0.4109055 0.5347588
29554.628000 0.7262065 -0.7921006 0.9700689 -0.5859178 0.4491422 -0.4108482 0.5349537
29554.728000 0.7308250 -0.8025390 0.9692507 -0.5863042 0.4483119 -0.4102021 0.5357221
29554.828000 0.7541972 -0.8727987 0.9715108 -0.5923957 0.4409520 -0.4029118 0.5406392
29554.928000 0.7544621 -0.8751847 0.9708600 -0.5925166 0.4406945 -0.4027830 0.5408126
29555.028000 0.7540702 -0.8753909 0.9702690 -0.5924168 0.4406511 -0.4028831 0.5408827
29555.128000 0.7556874 -0.8791386 0.9696809 -0.5924993 0.4403490 -0.4027416 0.5411438
29555.229000 0.7605941 -0.8884052 0.9691205 -0.5928702 0.4396482 -0.4021789 0.5417255
29555.328000 0.7858741 -0.9571129 0.9714419 -0.5989325 0.4321727 -0.3949000 0.5464070
29555.428000 0.7862315 -0.9597534 0.9707131 -0.5989646 0.4319705 -0.3947150 0.5466653
29555.528000 0.7858321 -0.9597136 0.9702172 -0.5989260 0.4318725 -0.3948813 0.5466649
29555.628000 0.7874499 -0.9631810 0.9696350 -0.5989253 0.4316776 -0.3946974 0.5469524
29555.728000 0.7927217 -0.9717127 0.9693109 -0.5993144 0.4310590 -0.3941360 0.5474187
29555.828000 0.8199090 -1.0388186 0.9717048 -0.6052533 0.4235675 -0.3868329 0.5519233
29555.928000 0.8205782 -1.0418529 0.9710709 -0.6054056 0.4232290 -0.3866465 0.5521465
29556.028000 0.8202285 -1.0423575 0.9703945 -0.6052206 0.4232539 -0.3866852 0.5523031
29556.128000 0.8224277 -1.0459471 0.9700325 -0.6053345 0.4229308 -0.3865091 0.5525491
29556.228000 0.8275957 -1.0531913 0.9699768 -0.6056905 0.4222856 -0.3859961 0.5530108
29556.328000 0.8563992 -1.1189623 0.9722195 -0.6115027 0.4147204 -0.3786723 0.5573856
29556.428000 0.8571935 -1.1222414 0.9715032 -0.6115622 0.4144400 -0.3784232 0.5576979
29556.528000 0.8568306 -1.1224949 0.9709302 -0.6114376 0.4144081 -0.3785278 0.5577874
29556.628000 0.8590714 -1.1254235 0.9708068 -0.6115787 0.4141113 -0.3784614 0.5578981
29556.728000 0.8643221 -1.1320162 0.9709283 -0.6117697 0.4137207 -0.3779756 0.5583077
29556.828000 0.8952265 -1.1975110 0.9729258 -0.6171295 0.4062205 -0.3704211 0.5629603
29556.928000 0.8960436 -1.2002348 0.9724109 -0.6173184 0.4058179 -0.3703061 0.5631191
29557.028000 0.8956882 -1.2004840 0.9718493 -0.6171936 0.4057862 -0.3704157 0.5632067
29557.129000 0.8984859 -1.2037195 0.9718588 -0.6173251 0.4055715 -0.3702016 0.5633580
29557.228000 0.9350910 -1.2747376 0.9722534 -0.6226662 0.3973892 -0.3624840 0.5683080
29557.328000 0.9372728 -1.2751491 0.9745634 -0.6236504 0.3972049 -0.3619638 0.5676888
29557.428000 0.9369226 -1.2754393 0.9739588 -0.6235469 0.3971884 -0.3620758 0.5677427
29557.528000 0.9395919 -1.2781516 0.9740617 -0.6236904 0.3969779 -0.3618966 0.5678466
29557.628000 0.9780052 -1.3469755 0.9748493 -0.6290630 0.3885682 -0.3542848 0.5725179
29557.728000 0.9802241 -1.3487798 0.9762121 -0.6292113 0.3885794 -0.3535980 0.5727718
29557.828000 0.9798315 -1.3488191 0.9757156 -0.6291724 0.3885043 -0.3537816 0.5727522
29557.928000 0.9830898 -1.3515327 0.9761186 -0.6293517 0.3883660 -0.3535522 0.5727907
29558.028000 1.0240446 -1.4171402 0.9792047 -0.6347912 0.3801638 -0.3455594 0.5771519
29558.128000 1.0248569 -1.4194346 0.9785102 -0.6350232 0.3799561 -0.3453636 0.5771506
29558.228000 1.0245260 -1.4197449 0.9779216 -0.6349082 0.3799475 -0.3454795 0.5772135
29558.328000 1.0281873 -1.4221728 0.9787043 -0.6351605 0.3797979 -0.3452136 0.5771934
29558.428000 1.0703454 -1.4856511 0.9818804 -0.6405599 0.3715511 -0.3371785 0.5813291
29558.528000 1.0712679 -1.4881608 0.9811237 -0.6406670 0.3713836 -0.3369503 0.5814503
29558.628000 1.0708793 -1.4882187 0.9806523 -0.6406108 0.3713151 -0.3371384 0.5814469
29558.728000 1.0748932 -1.4903732 0.9817651 -0.6408754 0.3711845 -0.3369000 0.5813769
29558.828000 1.1179208 -1.5516150 0.9848171 -0.6460441 0.3630534 -0.3288898 0.5853637
29558.928000 1.1191396 -1.5541846 0.9842933 -0.6462808 0.3626658 -0.3287500 0.5854213
29559.029000 1.1188238 -1.5545027 0.9837280 -0.6461553 0.3626637 -0.3288699 0.5854937
29559.128000 1.1228723 -1.5562378 0.9850490 -0.6464410 0.3625865 -0.3285469 0.5854075
29559.228000 1.1676310 -1.6158735 0.9884723 -0.6518941 0.3542130 -0.3204653 0.5889560
29559.328000 1.1685179 -1.6178150 0.9879559 -0.6520754 0.3539060 -0.3204031 0.5889738
29559.428000 1.1682916 -1.6184043 0.9872861 -0.6518822 0.3539748 -0.3204501 0.5891206
29559.528000 1.1679901 -1.6187323 0.9867583 -0.6517195 0.3539760 -0.3205539 0.5892435
29559.628000 1.1720400 -1.6200860 0.9883129 -0.6519207 0.3539432 -0.3202576 0.5892018
29559.728000 1.2182329 -1.6778101 0.9918801 -0.6568487 0.3458212 -0.3119942 0.5929731
29559.828000 1.2195818 -1.6802925 0.9913835 -0.6570503 0.3454235 -0.3118685 0.5930477
29559.929000 1.2192811 -1.6806935 0.9908020 -0.6569084 0.3454362 -0.3119774 0.5931402
29560.028000 1.2234896 -1.6816530 0.9926406 -0.6572362 0.3455238 -0.3116335 0.5929068
29560.128000 1.2702083 -1.7367853 0.9963591 -0.6625446 0.3370621 -0.3037654 0.5959450
29560.228000 1.2717952 -1.7397457 0.9956369 -0.6625804 0.3367973 -0.3034933 0.5961934
29560.328000 1.2715437 -1.7401736 0.9950685 -0.6624150 0.3367996 -0.3035905 0.5963263
29560.429000 1.2754216 -1.7404533 0.9971221 -0.6627679 0.3367712 -0.3033889 0.5960530
29560.528000 1.3242153 -1.7955314 1.0003341 -0.6674055 0.3284541 -0.2951335 0.5996532
29560.628000 1.3253774 -1.7976682 0.9997415 -0.6674806 0.3281887 -0.2949958 0.5997827
29560.728000 1.3252272 -1.7982346 0.9991343 -0.6673157 0.3282386 -0.2950352 0.5999194
29560.828000 1.3290627 -1.7982214 1.0013108 -0.6677070 0.3283442 -0.2947426 0.5995700
29560.928000 1.3789865 -1.8509728 1.0049897 -0.6725622 0.3198561 -0.2866169 0.6026631
29561.029000 1.3801917 -1.8530542 1.0044052 -0.6726425 0.3195898 -0.2864794 0.6027802
29561.128000 1.3800573 -1.8536263 1.0038052 -0.6724795 0.3196409 -0.2865174 0.6029170
29561.228000 1.3833900 -1.8532272 1.0059253 -0.6728480 0.3195973 -0.2863321 0.6026168
29561.328000 1.4346438 -1.9042641 1.0097939 -0.6777167 0.3109510 -0.2781967 0.6054884
29561.428000 1.4359287 -1.9063362 1.0092091 -0.6778088 0.3106830 -0.2780480 0.6055911
29561.529000 1.4356105 -1.9065882 1.0087483 -0.6777196 0.3106285 -0.2782024 0.6056480
29561.628000 1.4354935 -1.9071455 1.0081919 -0.6775364 0.3106774 -0.2782212 0.6058193
29561.728000 1.4386706 -1.9063414 1.0104997 -0.6779485 0.3107184 -0.2779974 0.6054398
29561.828000 1.4916849 -1.9558067 1.0146414 -0.6825105 0.3022921 -0.2695421 0.6083962
29561.928000 1.4930093 -1.9578225 1.0140666 -0.6826039 0.3020214 -0.2693942 0.6084914
29562.029000 1.4928113 -1.9582525 1.0135452 -0.6824803 0.3020197 -0.2694838 0.6085912
29562.128000 1.4958299 -1.9574576 1.0157192 -0.6827867 0.3021094 -0.2692479 0.6083073
29562.228000 1.5497707 -2.0053756 1.0198255 -0.6874749 0.2932714 -0.2610548 0.6109178
29562.328000 1.5507702 -2.0070272 1.0191904 -0.6874997 0.2931360 -0.2609179 0.6110133
29562.428000 1.5505924 -2.0074724 1.0186743 -0.6873762 0.2931352 -0.2610014 0.6111170
29562.528000 1.5534937 -2.0062817 1.0210438 -0.6877811 0.2932822 -0.2607822 0.6106843
29562.628000 1.6075152 -2.0516356 1.0250635 -0.6921691 0.2846905 -0.2526671 0.6131986
29562.729000 1.6094702 -2.0540682 1.0245098 -0.6922924 0.2843202 -0.2524367 0.6133261
29562.828000 1.6094224 -2.0546757 1.0239371 -0.6921372 0.2843710 -0.2524555 0.6134700
29562.928000 1.6121411 -2.0532093 1.0264071 -0.6925582 0.2844804 -0.2522408 0.6130323
29563.028000 1.6679851 -2.0978640 1.0303128 -0.6968911 0.2756167 -0.2439785 0.6155101
29563.128000 1.6690722 -2.0994634 1.0297008 -0.6969002 0.2754745 -0.2438384 0.6156189
29563.228000 1.6688082 -2.0997681 1.0292700 -0.6968099 0.2754186 -0.2439738 0.6156926
29563.329000 1.6713254 -2.0984321 1.0314967 -0.6971401 0.2755584 -0.2436859 0.6153702
29563.428000 1.7277133 -2.1407829 1.0354314 -0.7010741 0.2670204 -0.2352892 0.6179274
29563.528000 1.7297996 -2.1431062 1.0348914 -0.7012010 0.2666432 -0.2350498 0.6180373
29563.628000 1.7296674 -2.1435678 1.0344024 -0.7010817 0.2666392 -0.2351234 0.6181464
29563.728000 1.7294047 -2.1438513 1.0340155 -0.7009724 0.2665811 -0.2352399 0.6182511
29563.828000 1.7314916 -2.1421778 1.0362949 -0.7013467 0.2667178 -0.2350234 0.6178498
29563.929000 1.7886600 -2.1821188 1.0408269 -0.7055213 0.2580770 -0.2266837 0.6198794
29564.028000 1.7908122 -2.1843859 1.0402899 -0.7056614 0.2576971 -0.2264385 0.6199676
29564.128000 1.7906955 -2.1848536 1.0398080 -0.7055437 0.2576934 -0.2265097 0.6200770
29564.228000 1.7923307 -2.1830286 1.0420098 -0.7058721 0.2577475 -0.2264253 0.6197116
29564.328000 1.8512670 -2.2224666 1.0462046 -0.7097729 0.2488634 -0.2179957 0.6219063
29564.428000 1.8522216 -2.2236700 1.0457441 -0.7098890 0.2486022 -0.2179704 0.6218870
29564.528000 1.8522513 -2.2242883 1.0452041 -0.7097425 0.2486535 -0.2179773 0.6220312
29564.629000 1.8539095 -2.2223725 1.0474579 -0.7100960 0.2488230 -0.2177866 0.6216267
29564.728000 1.9129624 -2.2595375 1.0518468 -0.7141495 0.2396638 -0.2096011 0.6233932
29564.828000 1.9140677 -2.2608485 1.0513321 -0.7142267 0.2394565 -0.2095162 0.6234130
29564.928000 1.9141184 -2.2614706 1.0508002 -0.7140802 0.2395107 -0.2095186 0.6235592
29565.029000 1.9156088 -2.2591740 1.0532821 -0.7145560 0.2396202 -0.2093316 0.6230346
29565.128000 1.9752380 -2.2948170 1.0572333 -0.7181622 0.2307488 -0.2009072 0.6250075
29565.228000 1.9771499 -2.2966701 1.0566634 -0.7182350 0.2304964 -0.2006714 0.6250926
29565.328000 1.9770776 -2.2971509 1.0562070 -0.7181177 0.2304971 -0.2007342 0.6252070
29565.428000 1.9780221 -2.2948352 1.0585428 -0.7184779 0.2306181 -0.2006734 0.6247679
29565.528000 2.0380878 -2.3285365 1.0626984 -0.7220403 0.2216585 -0.1923749 0.6265119
29565.628000 2.0398648 -2.3301738 1.0622016 -0.7221490 0.2213533 -0.1922061 0.6265464
29565.728000 2.0399493 -2.3307920 1.0616895 -0.7220057 0.2214090 -0.1922042 0.6266925
29565.828000 2.0406302 -2.3285651 1.0638422 -0.7223676 0.2214622 -0.1921090 0.6262857
29565.928000 2.1015813 -2.3604446 1.0683257 -0.7260555 0.2121493 -0.1838327 0.6277274
29566.028000 2.1029495 -2.3618003 1.0677703 -0.7261239 0.2119879 -0.1836780 0.6277481
29566.128000 2.1029063 -2.3622875 1.0673296 -0.7260081 0.2119912 -0.1837366 0.6278637
29566.228000 2.1032519 -2.3597405 1.0696902 -0.7264074 0.2120939 -0.1837072 0.6273756
29566.328000 2.1644123 -2.3901634 1.0737238 -0.7297361 0.2030785 -0.1753441 0.6288870
29566.428000 2.1662486 -2.3916993 1.0732459 -0.7298292 0.2027750 -0.1751748 0.6289241
29566.528000 2.1662122 -2.3921825 1.0728179 -0.7297137 0.2027780 -0.1752326 0.6290410
29566.628000 2.1663742 -2.3897075 1.0751040 -0.7300753 0.2029360 -0.1751608 0.6285903
29566.728000 2.2269483 -2.4178356 1.0792472 -0.7332965 0.1938587 -0.1670226 0.6299195
29566.828000 2.2295891 -2.4197754 1.0787179 -0.7333993 0.1935096 -0.1667109 0.6299897
29566.928000 2.2294073 -2.4201347 1.0783611 -0.7333093 0.1934593 -0.1668322 0.6300778
29567.028000 2.2294289 -2.4174514 1.0808347 -0.7336778 0.1937388 -0.1667028 0.6295970
29567.128000 2.2911280 -2.4446007 1.0846643 -0.7367498 0.1846095 -0.1584359 0.6308860
29567.228000 2.2928782 -2.4459249 1.0842731 -0.7368495 0.1842457 -0.1583316 0.6309021
29567.328000 2.2930181 -2.4465295 1.0838037 -0.7367109 0.1843064 -0.1583230 0.6310484
29567.428000 2.2923458 -2.4436898 1.0862760 -0.7371035 0.1844349 -0.1583031 0.6305572
29567.528000 2.3546380 -2.4691888 1.0901338 -0.7399487 0.1754029 -0.1498197 0.6318733
29567.628000 2.3565601 -2.4705765 1.0896898 -0.7400238 0.1750957 -0.1496521 0.6319103
29567.728000 2.3565527 -2.4710617 1.0892901 -0.7399096 0.1751035 -0.1497060 0.6320290
29567.828000 2.3555750 -2.4682562 1.0917419 -0.7402950 0.1753614 -0.1497269 0.6315010
29567.928000 2.4173852 -2.4917721 1.0957744 -0.7432965 0.1660692 -0.1416472 0.6323507
29568.029000 2.4193778 -2.4931339 1.0953393 -0.7433622 0.1657584 -0.1414719 0.6323943
29568.128000 2.4193789 -2.4936189 1.0949491 -0.7432484 0.1657678 -0.1415245 0.6325137
29568.228000 2.4178912 -2.4906686 1.0975248 -0.7436107 0.1660756 -0.1415554 0.6320000
29568.328000 2.4801207 -2.5129422 1.1012459 -0.7463055 0.1568720 -0.1333566 0.6329576
29568.428000 2.4821131 -2.5142439 1.1008240 -0.7463597 0.1565637 -0.1331849 0.6330062
29568.528000 2.4821220 -2.5147278 1.1004434 -0.7462465 0.1565744 -0.1332360 0.6331262
29568.628000 2.4801370 -2.5117954 1.1029449 -0.7466567 0.1568010 -0.1333736 0.6325573
29568.728000 2.5424222 -2.5321016 1.1069734 -0.7493304 0.1476348 -0.1251502 0.6332815
29568.828000 2.5444436 -2.5333423 1.1065557 -0.7494058 0.1473227 -0.1249780 0.6332988
29568.928000 2.5444597 -2.5338189 1.1061838 -0.7492947 0.1473348 -0.1250291 0.6334174
29569.028000 2.5421029 -2.5308932 1.1087352 -0.7496646 0.1476306 -0.1251037 0.6328959
29569.128000 2.6045380 -2.5499580 1.1124766 -0.7520093 0.1384724 -0.1168199 0.6337670
29569.228000 2.6065718 -2.5511516 1.1120739 -0.7520723 0.1381532 -0.1166471 0.6337937
29569.328000 2.6067779 -2.5517364 1.1116541 -0.7519433 0.1382181 -0.1166265 0.6339364
29569.428000 2.6037368 -2.5487575 1.1142578 -0.7523251 0.1386532 -0.1168863 0.6333402
29569.528000 2.6658449 -2.5661099 1.1180921 -0.7546783 0.1295419 -0.1088586 0.6339001
29569.628000 2.6678940 -2.5672498 1.1176971 -0.7547427 0.1292304 -0.1086893 0.6339161
29569.728000 2.6681104 -2.5678700 1.1172671 -0.7546029 0.1293059 -0.1086661 0.6340711
29569.828000 2.6647082 -2.5650153 1.1197784 -0.7549744 0.1296320 -0.1088942 0.6335228
29569.928000 2.7274728 -2.5810324 1.1236599 -0.7572461 0.1203372 -0.1006733 0.6340049
29570.029000 2.7287133 -2.5818310 1.1233252 -0.7573060 0.1200512 -0.1006376 0.6339932
29570.128000 2.7287520 -2.5823036 1.1229808 -0.7572028 0.1200498 -0.1006777 0.6341104
29570.228000 2.7251644 -2.5797467 1.1253379 -0.7575134 0.1204588 -0.1009247 0.6336224
29570.328000 2.7876664 -2.5942648 1.1292247 -0.7595898 0.1112655 -0.0928391 0.6340538
29570.428000 2.7888823 -2.5949759 1.1289137 -0.7596894 0.1109839 -0.0928261 0.6339857
29570.528000 2.7889048 -2.5954464 1.1285773 -0.7595872 0.1109986 -0.0928799 0.6340977
29570.628000 2.7854833 -2.5933528 1.1306050 -0.7598455 0.1114980 -0.0930295 0.6336786
29570.728000 2.8464355 -2.6056249 1.1349091 -0.7618812 0.1023068 -0.0851253 0.6338959
29570.828000 2.8485702 -2.6065959 1.1345243 -0.7620244 0.1019455 -0.0849407 0.6338067
29570.928000 2.8488251 -2.6071529 1.1341409 -0.7619128 0.1019939 -0.0849050 0.6339379
29571.028000 2.8453745 -2.6054341 1.1358521 -0.7621108 0.1024206 -0.0851527 0.6335978
29571.128000 2.9059274 -2.6181173 1.1389181 -0.7637210 0.0935343 -0.0775257 0.6340121
29571.228000 2.9073755 -2.6169214 1.1400580 -0.7642376 0.0930184 -0.0773762 0.6334836
29571.328000 2.9074105 -2.6174000 1.1397266 -0.7641468 0.0930342 -0.0774332 0.6335838
29571.428000 2.9037375 -2.6158257 1.1413466 -0.7643318 0.0934381 -0.0777645 0.6332605
29571.528000 2.9636824 -2.6268915 1.1445401 -0.7658736 0.0843621 -0.0702517 0.6335499
29571.628000 2.9662116 -2.6262184 1.1452745 -0.7660855 0.0842029 -0.0696465 0.6333816
29571.728000 2.9662917 -2.6266900 1.1449473 -0.7660022 0.0841878 -0.0696763 0.6334811
29571.828000 2.9630389 -2.6255708 1.1461803 -0.7661380 0.0845472 -0.0699357 0.6332404
29571.928000 2.9555124 -2.6222362 1.1494120 -0.7665812 0.0853242 -0.0704701 0.6325402
29572.028000 3.0206877 -2.6333062 1.1506312 -0.7680428 0.0755952 -0.0627055 0.6328220
29572.128000 3.0236640 -2.6344263 1.1502434 -0.7679798 0.0752779 -0.0623640 0.6329700
29572.228000 3.0236959 -2.6348874 1.1499416 -0.7678787 0.0753011 -0.0624011 0.6330862
29572.328000 3.0202135 -2.6338778 1.1510706 -0.7679900 0.0755974 -0.0627639 0.6328800
29572.428000 3.0122070 -2.6307983 1.1541642 -0.7683744 0.0764649 -0.0632994 0.6322556
29572.528000 3.0789098 -2.6404527 1.1554319 -0.7696629 0.0666931 -0.0550675 0.6325651
29572.628000 3.0808947 -2.6412176 1.1551448 -0.7696361 0.0663097 -0.0549135 0.6326514
29572.728000 3.0811590 -2.6417273 1.1548091 -0.7695320 0.0663492 -0.0548599 0.6327785
29572.829000 3.0783291 -2.6411573 1.1555782 -0.7695805 0.0666658 -0.0551247 0.6326632
29572.928000 3.0697039 -2.6383149 1.1585115 -0.7699622 0.0676646 -0.0557682 0.6320361
29573.028000 3.1348954 -2.6460743 1.1600715 -0.7712049 0.0581476 -0.0478857 0.6321145
29573.128000 3.1376782 -2.6469606 1.1597432 -0.7711821 0.0577559 -0.0476170 0.6321986
29573.228000 3.1377138 -2.6474182 1.1594455 -0.7710949 0.0577693 -0.0476538 0.6323009
29573.328000 3.1377418 -2.6478543 1.1591703 -0.7709910 0.0577876 -0.0476739 0.6324245
29573.429000 3.1343895 -2.6472453 1.1599517 -0.7710654 0.0580607 -0.0480493 0.6322803
29573.528000 3.1253573 -2.6447254 1.1625771 -0.7714581 0.0590307 -0.0486947 0.6316618
29573.628000 3.1918598 -2.6509987 1.1641989 -0.7725620 0.0493873 -0.0404327 0.6317230
29573.728000 3.1940139 -2.6517297 1.1638690 -0.7725387 0.0490574 -0.0402140 0.6317913
29573.829000 3.1942955 -2.6522308 1.1635374 -0.7724485 0.0490947 -0.0401571 0.6319022
29573.928000 3.1914118 -2.6519682 1.1640248 -0.7724492 0.0493172 -0.0404994 0.6318621
29574.028000 3.1822666 -2.6499884 1.1662284 -0.7726747 0.0503120 -0.0412216 0.6314613
29574.128000 3.2472275 -2.6548018 1.1680083 -0.7736215 0.0408146 -0.0333290 0.6314531
29574.228000 3.2496038 -2.6555854 1.1676175 -0.7736159 0.0405684 -0.0330565 0.6314902
29574.328000 3.2494224 -2.6559571 1.1673628 -0.7735649 0.0405183 -0.0331677 0.6315501
29574.428000 3.2470926 -2.6560124 1.1675922 -0.7735245 0.0408378 -0.0333669 0.6315685
29574.528000 3.2375419 -2.6543921 1.1694014 -0.7737425 0.0417209 -0.0341494 0.6312018
29574.628000 3.3019881 -2.6577357 1.1712681 -0.7745357 0.0321303 -0.0261742 0.6311711
29574.728000 3.3041730 -2.6583611 1.1709105 -0.7746028 0.0317819 -0.0259478 0.6311158
29574.829000 3.3042615 -2.6588139 1.1706024 -0.7745411 0.0317578 -0.0259564 0.6311923
29574.928000 3.3026323 -2.6591261 1.1705114 -0.7745581 0.0320073 -0.0261027 0.6311528
29575.028000 3.2969880 -2.6587336 1.1711070 -0.7746975 0.0325422 -0.0266999 0.6309294
29575.128000 3.2921727 -2.6581057 1.1718559 -0.7746613 0.0331386 -0.0270077 0.6309297
29575.228000 3.3562543 -2.6622269 1.1722922 -0.7749765 0.0237462 -0.0193630 0.6312469
29575.328000 3.3580427 -2.6601997 1.1736562 -0.7754560 0.0233986 -0.0191091 0.6306785
29575.428000 3.3580817 -2.6606650 1.1733389 -0.7754041 0.0234057 -0.0191433 0.6307410
29575.528000 3.3562402 -2.6610195 1.1731896 -0.7754105 0.0236318 -0.0193728 0.6307177
29575.628000 3.3506111 -2.6609376 1.1734988 -0.7754812 0.0242877 -0.0199299 0.6305884
29575.728000 3.3455684 -2.6605650 1.1739990 -0.7753903 0.0248676 -0.0203351 0.6306647
29575.828000 3.4091443 -2.6634630 1.1742828 -0.7755377 0.0155917 -0.0125150 0.6309846
29575.928000 3.4113668 -2.6613613 1.1757055 -0.7760045 0.0150525 -0.0122434 0.6304289
29576.028000 3.4114520 -2.6618187 1.1753795 -0.7759634 0.0150199 -0.0122471 0.6304802
29576.128000 3.4115391 -2.6622529 1.1750869 -0.7758946 0.0149954 -0.0122376 0.6305656
29576.228000 3.4118460 -2.6627080 1.1747935 -0.7757962 0.0150353 -0.0121439 0.6306875
29576.328000 3.4097589 -2.6631451 1.1745694 -0.7757686 0.0151713 -0.0124077 0.6307131
29576.429000 3.4039580 -2.6633831 1.1745856 -0.7757775 0.0157867 -0.0129480 0.6306762
29576.528000 3.3988066 -2.6630896 1.1749769 -0.7756432 0.0163252 -0.0133264 0.6308198
29576.629000 3.3947593 -2.6628671 1.1752458 -0.7755098 0.0167676 -0.0135535 0.6309673
29576.728000 3.4614674 -2.6617706 1.1770988 -0.7763707 0.0069626 -0.0058399 0.6302110
29576.828000 3.4636900 -2.6622857 1.1767626 -0.7763394 0.0066277 -0.0055864 0.6302555
29576.928000 3.4637774 -2.6627211 1.1764642 -0.7762760 0.0066008 -0.0055735 0.6303340
29577.028000 3.4620234 -2.6632421 1.1761453 -0.7762629 0.0067445 -0.0057804 0.6303467
29577.128000 3.4557985 -2.6636669 1.1759493 -0.7763242 0.0072738 -0.0064734 0.6302586
29577.228000 3.4512223 -2.6636929 1.1760581 -0.7761674 0.0078917 -0.0067486 0.6304414
29577.328000 3.4463729 -2.6635870 1.1762124 -0.7760053 0.0084874 -0.0070284 0.6306301
29577.428000 3.5128333 -2.6615266 1.1778730 -0.7764926 -0.0009365 0.0008965 0.6301250
29577.528000 3.5156722 -2.6620066 1.1775204 -0.7764759 -0.0013662 0.0012257 0.6301443
29577.628000 3.5155312 -2.6624147 1.1772317 -0.7764302 -0.0014572 0.0011659 0.6302005
29577.728000 3.5133165 -2.6628727 1.1769885 -0.7763592 -0.0012381 0.0009341 0.6302888
29577.828000 3.5032251 -2.6632838 1.1768783 -0.7762939 -0.0001152 -0.0000212 0.6303711
29577.929000 3.4969530 -2.6635219 1.1767415 -0.7761977 0.0006153 -0.0004899 0.6304892
29578.029000 3.5638225 -2.6606855 1.1781327 -0.7765395 -0.0091962 0.0072806 0.6299594
29578.128000 3.5659970 -2.6611193 1.1777842 -0.7765099 -0.0095282 0.0075410 0.6299878
29578.228000 3.5660790 -2.6615558 1.1774769 -0.7764524 -0.0095581 0.0075609 0.6300580
29578.328000 3.5639815 -2.6620743 1.1771992 -0.7763794 -0.0093443 0.0073552 0.6301536
29578.428000 3.5535852 -2.6627685 1.1769559 -0.7763184 -0.0082594 0.0063106 0.6302553
29578.528000 3.5467278 -2.6632419 1.1767176 -0.7762048 -0.0073677 0.0058117 0.6304110
29578.628000 3.6134715 -2.6590932 1.1781410 -0.7763676 -0.0168090 0.0137610 0.6299059
29578.728000 3.6160597 -2.6594439 1.1777994 -0.7763490 -0.0173004 0.0140212 0.6299098
29578.828000 3.6161280 -2.6598833 1.1774854 -0.7762963 -0.0173327 0.0140403 0.6299735
29578.928000 3.6162028 -2.6603025 1.1772046 -0.7762196 -0.0173607 0.0140655 0.6300666
29579.028000 3.6137681 -2.6608968 1.1769264 -0.7761284 -0.0171102 0.0138540 0.6301904
29579.128000 3.6031614 -2.6619389 1.1766008 -0.7760247 -0.0159422 0.0129093 0.6303688
29579.228000 3.5961924 -2.6625812 1.1763504 -0.7758947 -0.0151659 0.0123292 0.6305596
29579.328000 3.6631286 -2.6568068 1.1779895 -0.7761061 -0.0248460 0.0201517 0.6297903
29579.428000 3.6652713 -2.6571650 1.1776324 -0.7760763 -0.0251732 0.0204119 0.6298057
29579.528000 3.6653345 -2.6576052 1.1773183 -0.7760225 -0.0251997 0.0204323 0.6298703
29579.629000 3.6631534 -2.6582626 1.1770058 -0.7759526 -0.0249410 0.0202413 0.6299729
29579.728000 3.6529496 -2.6596370 1.1766067 -0.7758727 -0.0235883 0.0193457 0.6301514
29579.828000 3.6451144 -2.6605208 1.1763162 -0.7757686 -0.0227274 0.0185602 0.6303348
29579.928000 3.7119627 -2.6538237 1.1777876 -0.7757698 -0.0324305 0.0264109 0.6296284
29580.028000 3.7140800 -2.6541465 1.1774259 -0.7757421 -0.0327446 0.0266640 0.6296356
29580.128000 3.7141178 -2.6545903 1.1771085 -0.7756908 -0.0327568 0.0266743 0.6296978
29580.228000 3.7119159 -2.6552962 1.1767942 -0.7756211 -0.0324862 0.0264842 0.6298057
29580.328000 3.7014428 -2.6568662 1.1764045 -0.7755404 -0.0312036 0.0255060 0.6300102
29580.428000 3.6938034 -2.6579222 1.1761012 -0.7754234 -0.0303064 0.0247455 0.6302283
29580.528000 3.7604563 -2.6500243 1.1775554 -0.7753384 -0.0401400 0.0325334 0.6294289
29580.628000 3.7623232 -2.6503034 1.1771988 -0.7753122 -0.0405097 0.0327095 0.6294284
29580.728000 3.7625745 -2.6507538 1.1768786 -0.7752555 -0.0404541 0.0327928 0.6294974
29580.828000 3.7604119 -2.6515264 1.1765324 -0.7751869 -0.0402003 0.0326265 0.6296068
29580.928000 3.7501330 -2.6534086 1.1759854 -0.7751147 -0.0390366 0.0317282 0.6298148
29581.029000 3.7426272 -2.6546924 1.1755612 -0.7750046 -0.0382322 0.0309894 0.6300364
29581.128000 3.8095122 -2.6455658 1.1769935 -0.7748028 -0.0480078 0.0389019 0.6291760
29581.228000 3.8115940 -2.6458123 1.1766375 -0.7747653 -0.0483123 0.0391559 0.6291832
29581.328000 3.8115997 -2.6462562 1.1763241 -0.7747113 -0.0483145 0.0391620 0.6292491
29581.428000 3.8096574 -2.6471875 1.1758178 -0.7746855 -0.0480833 0.0389961 0.6293089
29581.529000 3.8032012 -2.6490070 1.1750142 -0.7746686 -0.0473025 0.0384125 0.6294248
29581.628000 3.7977684 -2.6501157 1.1746791 -0.7744671 -0.0467131 0.0378379 0.6297514
29581.728000 3.7924672 -2.6511669 1.1743689 -0.7742352 -0.0459850 0.0373234 0.6301208
29581.828000 3.8592495 -2.6403468 1.1760727 -0.7740437 -0.0556327 0.0453129 0.6290534
29581.928000 3.8613102 -2.6405570 1.1757139 -0.7740101 -0.0559379 0.0455688 0.6290491
29582.028000 3.8613060 -2.6410044 1.1753986 -0.7739569 -0.0559397 0.0455781 0.6291137
29582.128000 3.8594400 -2.6419944 1.1748390 -0.7739264 -0.0556806 0.0454642 0.6291825
29582.228000 3.8533128 -2.6439549 1.1738847 -0.7738854 -0.0548866 0.0449919 0.6293367
29582.328000 3.8480387 -2.6452333 1.1733879 -0.7736682 -0.0542967 0.0444635 0.6296922
29582.428000 3.8430186 -2.6464037 1.1729175 -0.7734388 -0.0536774 0.0439441 0.6300635
29582.528000 3.9092913 -2.6344322 1.1745043 -0.7731630 -0.0635864 0.0516802 0.6288918
29582.628000 3.9113282 -2.6346062 1.1741538 -0.7731164 -0.0638871 0.0519423 0.6288971
29582.728000 3.9113178 -2.6350526 1.1738437 -0.7730577 -0.0638905 0.0519556 0.6289677
29582.828000 3.9092634 -2.6361882 1.1731690 -0.7730052 -0.0636631 0.0518166 0.6290668
29582.928000 3.9031057 -2.6384185 1.1719528 -0.7728913 -0.0629636 0.0513356 0.6293165
29583.028000 3.8976123 -2.6399409 1.1712238 -0.7726149 -0.0624164 0.0507813 0.6297552
29583.128000 3.8933886 -2.6411826 1.1706033 -0.7723564 -0.0618700 0.0503858 0.6301580
29583.228000 3.9600455 -2.6279528 1.1722119 -0.7720212 -0.0713834 0.0584186 0.6288680
29583.328000 3.9625209 -2.6279913 1.1718617 -0.7719474 -0.0718491 0.0586896 0.6288803
29583.428000 3.9627398 -2.6284160 1.1715713 -0.7718790 -0.0717930 0.0587837 0.6289618
29583.528000 3.9605368 -2.6296554 1.1707913 -0.7718177 -0.0715874 0.0586163 0.6290761
29583.629000 3.9547433 -2.6319943 1.1693819 -0.7716851 -0.0708609 0.0582139 0.6293584
29583.728000 3.9496076 -2.6336069 1.1684894 -0.7714014 -0.0702253 0.0577587 0.6298192
29583.828000 4.0123032 -2.6226739 1.1677735 -0.7702195 -0.0796601 0.0652148 0.6294149
29583.928000 4.0143732 -2.6198153 1.1693458 -0.7707277 -0.0799412 0.0654153 0.6287361
29584.029000 4.0143523 -2.6202820 1.1690145 -0.7706801 -0.0799458 0.0654456 0.6287907
29584.128000 4.0118006 -2.6216837 1.1681367 -0.7705182 -0.0796246 0.0652929 0.6290457
29584.228000 4.0017800 -2.6256221 1.1656027 -0.7701017 -0.0784151 0.0644191 0.6297972
29584.328000 4.0651719 -2.6114859 1.1659793 -0.7690470 -0.0880350 0.0718382 0.6290118
29584.428000 4.0667570 -2.6116224 1.1656210 -0.7691018 -0.0881684 0.0721200 0.6288938
29584.528000 4.0665110 -2.6121143 1.1652814 -0.7690399 -0.0882371 0.0720774 0.6289648
29584.628000 4.0641328 -2.6136053 1.1642887 -0.7688566 -0.0878579 0.0720008 0.6292506
29584.728000 4.0544231 -2.6178067 1.1613655 -0.7684077 -0.0866999 0.0711822 0.6300523
29584.828000 4.1182684 -2.6020910 1.1619154 -0.7673930 -0.0960317 0.0788671 0.6290198
29584.928000 4.1202769 -2.6020930 1.1615468 -0.7673872 -0.0963302 0.0791557 0.6289449
29585.028000 4.1202567 -2.6025546 1.1612267 -0.7673193 -0.0963393 0.0791926 0.6290217
29585.128000 4.1177791 -2.6042591 1.1600436 -0.7670933 -0.0959350 0.0791173 0.6293686
29585.228000 4.1081986 -2.6089318 1.1566485 -0.7665397 -0.0948608 0.0782638 0.6303119
29585.328000 4.1713147 -2.5920145 1.1571601 -0.7654485 -0.1043913 0.0856782 0.6291663
29585.428000 4.1742099 -2.5917785 1.1568270 -0.7653819 -0.1047226 0.0861325 0.6291303
29585.528000 4.1741979 -2.5922370 1.1565095 -0.7653058 -0.1047309 0.0861730 0.6292160
29585.628000 4.1711101 -2.5943179 1.1550059 -0.7650431 -0.1043380 0.0859879 0.6296258
29585.728000 4.1621180 -2.5992349 1.1512670 -0.7644804 -0.1032164 0.0852493 0.6305939
29585.829000 4.2269800 -2.5803298 1.1520836 -0.7633870 -0.1127591 0.0930227 0.6291839
29585.929000 4.2287546 -2.5803093 1.1517048 -0.7632909 -0.1131257 0.0932429 0.6292022
29586.028000 4.2287309 -2.5807675 1.1513875 -0.7632057 -0.1131388 0.0932779 0.6292980
29586.128000 4.2256748 -2.5831336 1.1496221 -0.7628949 -0.1126929 0.0931723 0.6297702
29586.229000 4.2174359 -2.5882363 1.1456551 -0.7622791 -0.1117475 0.0925545 0.6307747
29586.328000 4.2818844 -2.5678665 1.1466648 -0.7611527 -0.1212328 0.1003077 0.6291959
29586.428000 4.2845307 -2.5675621 1.1463157 -0.7610271 -0.1216314 0.1006864 0.6292105
29586.528000 4.2845165 -2.5680167 1.1459984 -0.7609348 -0.1216424 0.1007225 0.6293142
29586.628000 4.2811025 -2.5707890 1.1439155 -0.7605353 -0.1211803 0.1004945 0.6299225
29586.728000 4.2734274 -2.5760862 1.1397876 -0.7598046 -0.1202570 0.0997979 0.6310908
29586.828000 4.3386910 -2.5538938 1.1409576 -0.7586028 -0.1297728 0.1077380 0.6293435
29586.928000 4.3404452 -2.5537990 1.1405749 -0.7584745 -0.1301338 0.1079597 0.6293857
29587.028000 4.3406472 -2.5541945 1.1402860 -0.7583822 -0.1300827 0.1080690 0.6294887
29587.128000 4.3406517 -2.5546237 1.1399909 -0.7582680 -0.1300935 0.1080911 0.6296203
29587.228000 4.3373240 -2.5575904 1.1377157 -0.7578498 -0.1296747 0.1078771 0.6302465
29587.328000 4.3951199 -2.5409817 1.1335196 -0.7554701 -0.1385859 0.1152312 0.6299053
29587.428000 4.3978565 -2.5379265 1.1351416 -0.7560117 -0.1385367 0.1156771 0.6291841
29587.528000 4.3976301 -2.5384675 1.1347534 -0.7559261 -0.1385994 0.1156570 0.6292769
29587.628000 4.3976136 -2.5389220 1.1344272 -0.7558232 -0.1386097 0.1156876 0.6293926
29587.728000 4.3946774 -2.5419684 1.1320347 -0.7554217 -0.1380768 0.1155910 0.6300092
29587.828000 4.4534191 -2.5236206 1.1280036 -0.7529793 -0.1468443 0.1232186 0.6295047
29587.928000 4.4549050 -2.5212897 1.1291481 -0.7532987 -0.1472499 0.1231487 0.6290413
29588.028000 4.4546655 -2.5218391 1.1287497 -0.7532069 -0.1473193 0.1231221 0.6291402
29588.129000 4.4511581 -2.5257677 1.1256641 -0.7526561 -0.1468780 0.1229534 0.6299350
29588.228000 4.5119187 -2.5032906 1.1234843 -0.7503272 -0.1558296 0.1308092 0.6289795
29588.328000 4.5131577 -2.5032297 1.1230653 -0.7503823 -0.1559892 0.1310343 0.6288274
29588.428000 4.5131275 -2.5037030 1.1227043 -0.7502902 -0.1559899 0.1310798 0.6289276
29588.528000 4.5102194 -2.5076940 1.1195180 -0.7497542 -0.1554134 0.1309871 0.6297283
29588.628000 4.5696781 -2.4841368 1.1172444 -0.7473444 -0.1645407 0.1383954 0.6286887
29588.728000 4.5715937 -2.4837752 1.1168239 -0.7473324 -0.1648068 0.1387054 0.6285649
29588.828000 4.5715684 -2.4842476 1.1164560 -0.7472366 -0.1648061 0.1387496 0.6286692
29588.928000 4.5682536 -2.4891500 1.1125203 -0.7465540 -0.1642519 0.1385847 0.6296608
29589.028000 4.6290611 -2.4629475 1.1111088 -0.7442852 -0.1732269 0.1464181 0.6281669
29589.128000 4.6311973 -2.4624901 1.1107320 -0.7441945 -0.1734364 0.1468071 0.6281258
29589.228000 4.6309575 -2.4630294 1.1103252 -0.7440875 -0.1735022 0.1467675 0.6282436
29589.328000 4.6279092 -2.4684916 1.1058744 -0.7433248 -0.1729629 0.1467178 0.6293060
29589.428000 4.6879589 -2.4405339 1.1049077 -0.7410033 -0.1821545 0.1543390 0.6276252
29589.528000 4.6904918 -2.4398100 1.1044957 -0.7408513 -0.1825250 0.1547279 0.6276012
29589.628000 4.6904834 -2.4402755 1.1041196 -0.7407449 -0.1825219 0.1547661 0.6277182
29589.728000 4.6878783 -2.4457475 1.0996239 -0.7399835 -0.1820509 0.1546373 0.6287839
29589.828000 4.7486847 -2.4156316 1.0989086 -0.7376228 -0.1911205 0.1625288 0.6268732
29589.928000 4.7504053 -2.4152161 1.0984480 -0.7374808 -0.1914696 0.1627617 0.6268732
29590.028000 4.7503953 -2.4156851 1.0980614 -0.7373728 -0.1914672 0.1627967 0.6269919
29590.128000 4.7490132 -2.4204597 1.0940360 -0.7366689 -0.1909708 0.1628394 0.6279590
29590.228000 4.8092945 -2.3891555 1.0930145 -0.7341687 -0.1999521 0.1707565 0.6259853
29590.328000 4.8111684 -2.3886333 1.0925761 -0.7340445 -0.2002256 0.1710616 0.6259603
29590.428000 4.8111746 -2.3891008 1.0921797 -0.7339374 -0.2002178 0.1711018 0.6260774
29590.528000 4.8114114 -2.3894558 1.0918523 -0.7338200 -0.2001426 0.1712050 0.6262108
29590.628000 4.8102850 -2.3942718 1.0877892 -0.7330232 -0.1998693 0.1712106 0.6272290
29590.728000 4.8698461 -2.3612304 1.0869729 -0.7303543 -0.2090984 0.1789700 0.6251641
29590.828000 4.8717589 -2.3606598 1.0865246 -0.7302257 -0.2093838 0.1792982 0.6251248
29590.928000 4.8718118 -2.3611330 1.0861176 -0.7301120 -0.2093940 0.1793580 0.6252370
29591.028000 4.8714380 -2.3658393 1.0820043 -0.7293597 -0.2090253 0.1794826 0.6262020
29591.128000 4.9316631 -2.3306643 1.0812266 -0.7266645 -0.2179417 0.1875552 0.6239256
29591.228000 4.9326995 -2.3305025 1.0807293 -0.7265475 -0.2181812 0.1876988 0.6239350
29591.328000 4.9329284 -2.3308743 1.0803552 -0.7264480 -0.2181018 0.1878183 0.6240426
29591.428000 4.9329394 -2.3354101 1.0763039 -0.7257134 -0.2177990 0.1878866 0.6249818
29591.528000 4.9916565 -2.2994614 1.0752596 -0.7227148 -0.2269333 0.1956540 0.6228195
29591.628000 4.9935520 -2.2987942 1.0747925 -0.7225713 -0.2272216 0.1959885 0.6227756
29591.728000 4.9936359 -2.2992660 1.0743677 -0.7224528 -0.2272361 0.1960570 0.6228863
29591.828000 4.9943970 -2.3037540 1.0701786 -0.7216652 -0.2270412 0.1962884 0.6237968
29591.928000 5.0522912 -2.2657766 1.0697018 -0.7188606 -0.2357682 0.2041819 0.6212589
29592.028000 5.0544833 -2.2647817 1.0691861 -0.7186701 -0.2361868 0.2044842 0.6212209
29592.128000 5.0547236 -2.2651429 1.0687954 -0.7185702 -0.2361050 0.2046043 0.6213279
29592.228000 5.0558763 -2.2692540 1.0647996 -0.7178376 -0.2358150 0.2048389 0.6222069
29592.328000 5.1131431 -2.2300128 1.0638967 -0.7146151 -0.2449858 0.2125341 0.6197875
29592.428000 5.1150310 -2.2292366 1.0634098 -0.7144557 -0.2452819 0.2128751 0.6197371
29592.528000 5.1149954 -2.2298221 1.0629173 -0.7143136 -0.2453558 0.2128870 0.6198676
29592.628000 5.1170250 -2.2338555 1.0587274 -0.7135163 -0.2450853 0.2132796 0.6207571
29592.728000 5.1736990 -2.1923429 1.0583210 -0.7103798 -0.2539641 0.2210488 0.6180616
29592.828000 5.1755521 -2.1915286 1.0578280 -0.7102070 -0.2542546 0.2213866 0.6180198
29592.928000 5.1756855 -2.1919900 1.0573789 -0.7100811 -0.2542736 0.2214666 0.6181281
29593.028000 5.1758258 -2.1924273 1.0569621 -0.7099354 -0.2542937 0.2215281 0.6182651
29593.128000 5.1781097 -2.1962567 1.0528549 -0.7090780 -0.2540973 0.2218647 0.6192084
29593.228000 5.2340534 -2.1526557 1.0528399 -0.7060518 -0.2628059 0.2296709 0.6161779
29593.328000 5.2358868 -2.1517926 1.0523346 -0.7058772 -0.2630963 0.2300085 0.6161280
29593.428000 5.2360360 -2.1522495 1.0518760 -0.7057505 -0.2631153 0.2300927 0.6162337
29593.528000 5.2388901 -2.1557665 1.0477821 -0.7049555 -0.2629256 0.2305011 0.6170714
29593.628000 5.2941882 -2.1104090 1.0475710 -0.7016718 -0.2718598 0.2382131 0.6140061
29593.728000 5.2957423 -2.1088265 1.0476848 -0.7020809 -0.2718060 0.2387113 0.6133684
29593.828000 5.2956782 -2.1105489 1.0465190 -0.7013686 -0.2720187 0.2385509 0.6141509
29593.928000 5.2986687 -2.1130815 1.0430876 -0.7010155 -0.2718154 0.2390056 0.6144672
29594.028000 5.3523492 -2.0678392 1.0421735 -0.6969570 -0.2806713 0.2465651 0.6121113
29594.128000 5.3544497 -2.0665262 1.0416126 -0.6967463 -0.2810842 0.2468841 0.6120331
29594.228000 5.3547521 -2.0668566 1.0411755 -0.6966459 -0.2810071 0.2470243 0.6121262
29594.328000 5.3584074 -2.0697664 1.0371601 -0.6958185 -0.2809486 0.2474344 0.6129279
29594.428000 5.4116389 -2.0216360 1.0369667 -0.6921734 -0.2897731 0.2552038 0.6097529
29594.528000 5.4132918 -2.0207446 1.0363868 -0.6919571 -0.2901146 0.2554841 0.6097186
29594.628000 5.4136137 -2.0210507 1.0359531 -0.6918494 -0.2900767 0.2556369 0.6097948
29594.728000 5.4179401 -2.0236446 1.0318172 -0.6910669 -0.2899378 0.2561811 0.6105193
29594.828000 5.4697331 -1.9735410 1.0320604 -0.6875835 -0.2985053 0.2639022 0.6070249
29594.928000 5.4714891 -1.9724662 1.0315237 -0.6873812 -0.2987873 0.2642419 0.6069674
29595.028000 5.4716952 -1.9728941 1.0310351 -0.6872501 -0.2988006 0.2643339 0.6070692
29595.128000 5.4719048 -1.9732983 1.0305820 -0.6870980 -0.2988126 0.2644097 0.6072025
29595.228000 5.4766726 -1.9753460 1.0266623 -0.6862306 -0.2986781 0.2649296 0.6080224
29595.328000 5.5271508 -1.9227131 1.0274841 -0.6829191 -0.3074600 0.2723665 0.6040747
29595.429000 5.5284375 -1.9224815 1.0266994 -0.6825961 -0.3076312 0.2725922 0.6042509
29595.528000 5.5284615 -1.9229165 1.0262496 -0.6825666 -0.3076444 0.2726085 0.6042701
29595.628000 5.5333429 -1.9245197 1.0225376 -0.6817343 -0.3075720 0.2731861 0.6049853
29595.728000 5.5826103 -1.8722377 1.0224088 -0.6775370 -0.3162593 0.2807513 0.6017495
29595.828000 5.5847953 -1.8705293 1.0218551 -0.6772963 -0.3166213 0.2811676 0.6016357
29595.928000 5.5851466 -1.8708002 1.0213980 -0.6771930 -0.3165729 0.2813245 0.6017040
29596.028000 5.5852610 -1.8713297 1.0208815 -0.6770177 -0.3166306 0.2813430 0.6018622
29596.128000 5.5905346 -1.8724007 1.0173002 -0.6762005 -0.3165865 0.2819451 0.6025220
29596.228000 5.6385475 -1.8173789 1.0181412 -0.6725821 -0.3248099 0.2896023 0.5985502
29596.328000 5.6405340 -1.8157316 1.0175403 -0.6723265 -0.3252253 0.2899379 0.5984494
29596.428000 5.6407538 -1.8161495 1.0170239 -0.6722007 -0.3252289 0.2900256 0.5985462
29596.528000 5.6456047 -1.8166949 1.0139440 -0.6715245 -0.3252212 0.2905154 0.5990716
29596.628000 5.6938420 -1.7596575 1.0139673 -0.6673165 -0.3337594 0.2982192 0.5952804
29596.728000 5.6949182 -1.7590724 1.0133407 -0.6671478 -0.3339918 0.2984138 0.5952416
29596.828000 5.6951694 -1.7594770 1.0128137 -0.6670238 -0.3339939 0.2985095 0.5953314
29596.928000 5.6954252 -1.7598532 1.0123282 -0.6668766 -0.3339906 0.2985936 0.5954559
29597.028000 5.7001566 -1.7598189 1.0096873 -0.6662044 -0.3341031 0.2991239 0.5958789
29597.128000 5.7463526 -1.7017576 1.0101169 -0.6620290 -0.3424991 0.3066603 0.5919217
29597.228000 5.7482841 -1.6999958 1.0094738 -0.6618096 -0.3428977 0.3069938 0.5917634
29597.328000 5.7486584 -1.7002411 1.0089815 -0.6617183 -0.3428425 0.3071542 0.5918144
29597.429000 5.7489289 -1.7006067 1.0084864 -0.6615750 -0.3428351 0.3072430 0.5919327
29597.528000 5.7535610 -1.7002132 1.0060463 -0.6609459 -0.3429159 0.3077418 0.5923295
29597.628000 5.7988057 -1.6403958 1.0062067 -0.6563781 -0.3515031 0.3151504 0.5884671
29597.728000 5.8002565 -1.6391638 1.0055524 -0.6562117 -0.3518167 0.3153992 0.5883320
29597.828000 5.8005316 -1.6395543 1.0050036 -0.6560941 -0.3518155 0.3154974 0.5884113
29597.928000 5.8048774 -1.6386183 1.0030108 -0.6555952 -0.3518519 0.3160225 0.5886638
29598.028000 5.8495738 -1.5768489 1.0029392 -0.6508385 -0.3602536 0.3236566 0.5846990
29598.128000 5.8509926 -1.5755426 1.0022684 -0.6507156 -0.3605783 0.3238868 0.5845082
29598.228000 5.8513852 -1.5757624 1.0017551 -0.6506321 -0.3605195 0.3240493 0.5845474
29598.328000 5.8516816 -1.5761056 1.0012444 -0.6504936 -0.3605061 0.3241438 0.5846574
29598.428000 5.8556789 -1.5749658 0.9995139 -0.6499784 -0.3606639 0.3245832 0.5848892
29598.528000 5.8990928 -1.5109321 0.9999441 -0.6450126 -0.3691357 0.3321834 0.5808198
29598.628000 5.9005735 -1.5092856 0.9993262 -0.6451015 -0.3694231 0.3324389 0.5803921
29598.728000 5.9007860 -1.5098057 0.9987141 -0.6449656 -0.3694711 0.3324835 0.5804870
29598.828000 5.9048646 -1.5081694 0.9971235 -0.6445261 -0.3695732 0.3329898 0.5806199
29598.929000 5.9482841 -1.4438671 0.9949431 -0.6391346 -0.3779108 0.3409268 0.5765928
29599.028000 5.9484287 -1.4410659 0.9965228 -0.6393329 -0.3782990 0.3408361 0.5761719
29599.128000 5.9488438 -1.4412590 0.9959842 -0.6392597 -0.3782411 0.3410014 0.5761934
29599.228000 5.9527661 -1.4393725 0.9945444 -0.6387945 -0.3784319 0.3414659 0.5763089
29599.328000 5.9946860 -1.3731097 0.9924941 -0.6332150 -0.3868351 0.3493446 0.5721502
29599.428000 5.9950232 -1.3697848 0.9942368 -0.6335695 -0.3870641 0.3494339 0.5715479
29599.528000 5.9953659 -1.3701178 0.9936498 -0.6334703 -0.3870588 0.3495424 0.5715952
29599.628000 5.9990886 -1.3679608 0.9923863 -0.6330001 -0.3872815 0.3500107 0.5716786
29599.728000 6.0396482 -1.2993322 0.9905316 -0.6272608 -0.3956349 0.3579832 0.5673314
29599.829000 6.0397074 -1.2964054 0.9921654 -0.6274410 -0.3960027 0.3579312 0.5669082
29599.928000 6.0401466 -1.2965625 0.9916067 -0.6273763 -0.3959458 0.3580974 0.5669146
29600.028000 6.0404218 -1.2970108 0.9910280 -0.6272172 -0.3959813 0.3581479 0.5670340
29600.129000 6.0438621 -1.2944840 0.9900396 -0.6268664 -0.3961262 0.3586369 0.5670116
29600.228000 6.0508090 -1.2888315 0.9884323 -0.6261597 -0.3966388 0.3593739 0.5669674
29600.329000 6.0812712 -1.2226030 0.9905344 -0.6215004 -0.4047013 0.3660827 0.5620832
29600.428000 6.0826340 -1.2208609 0.9899299 -0.6212534 -0.4049393 0.3664126 0.5619700
29600.529000 6.0829229 -1.2213039 0.9893429 -0.6210962 -0.4049765 0.3664621 0.5620846
29600.628000 6.0858792 -1.2190426 0.9884145 -0.6206775 -0.4051540 0.3668677 0.5621546
29600.729000 6.0932905 -1.2121082 0.9868996 -0.6198288 -0.4056026 0.3678129 0.5621498
29600.828000 6.1217604 -1.1450896 0.9890686 -0.6151292 -0.4135332 0.3744209 0.5571493
29600.929000 6.1233529 -1.1426752 0.9884461 -0.6148399 -0.4138481 0.3748060 0.5569759
29601.028000 6.1238091 -1.1427687 0.9879145 -0.6147553 -0.4137792 0.3749735 0.5570077
29601.128000 6.1267782 -1.1400143 0.9870859 -0.6143700 -0.4140172 0.3753793 0.5569826
29601.229000 6.1338962 -1.1321947 0.9858394 -0.6135774 -0.4146786 0.3762212 0.5567962
29601.328000 6.1607787 -1.0631371 0.9880674 -0.6088072 -0.4225226 0.3829522 0.5515216
29601.428000 6.1620278 -1.0613261 0.9874382 -0.6085720 -0.4227576 0.3832619 0.5513859
29601.528000 6.1624202 -1.0615693 0.9868684 -0.6084584 -0.4227396 0.3833698 0.5514501
29601.628000 6.1652911 -1.0584692 0.9861148 -0.6081041 -0.4229174 0.3838539 0.5513678
29601.728000 6.1722793 -1.0498370 0.9849198 -0.6072185 -0.4236575 0.3847458 0.5511539
29601.828000 6.1970258 -0.9800064 0.9870749 -0.6020972 -0.4315516 0.3913238 0.5459926
29601.928000 6.1982246 -0.9781358 0.9864388 -0.6018690 -0.4317806 0.3916280 0.5458450
29602.028000 6.1986269 -0.9783604 0.9858623 -0.6017608 -0.4317601 0.3917337 0.5459046
29602.128000 6.2010711 -0.9755271 0.9851405 -0.6013868 -0.4319665 0.3921293 0.5458695
29602.228000 6.2078545 -0.9659191 0.9840801 -0.6004806 -0.4326783 0.3930993 0.5456056
29602.328000 6.2308382 -0.8941969 0.9863755 -0.5953560 -0.4404359 0.3997743 0.5401370
29602.428000 6.2319745 -0.8922887 0.9857245 -0.5951392 -0.4406694 0.4000594 0.5399743
29602.528000 6.2323866 -0.8924945 0.9851382 -0.5950389 -0.4406474 0.4001615 0.5400271
29602.628000 6.2346419 -0.8895264 0.9844440 -0.5946874 -0.4408528 0.4005488 0.5399597
29602.728000 6.2410748 -0.8790636 0.9834560 -0.5937938 -0.4416094 0.4015334 0.5395934
29602.829000 6.2618862 -0.8063308 0.9857230 -0.5883993 -0.4493668 0.4081248 0.5341253
29602.928000 6.2629622 -0.8043690 0.9850610 -0.5881973 -0.4496017 0.4083942 0.5339442
29603.028000 6.2633829 -0.8045543 0.9844663 -0.5881042 -0.4495780 0.4084920 0.5339919
29603.128000 6.2654617 -0.8013803 0.9838184 -0.5877965 -0.4497252 0.4089197 0.5338793
29603.228000 6.2713298 -0.7904662 0.9828866 -0.5868339 -0.4505646 0.4098450 0.5335209
29603.328000 6.2898674 -0.7169518 0.9851868 -0.5813296 -0.4581634 0.4164162 0.5279580
29603.428000 6.2910667 -0.7142355 0.9845150 -0.5810846 -0.4584736 0.4167350 0.5277068
29603.528000 6.2914419 -0.7145769 0.9838961 -0.5809613 -0.4585004 0.4167707 0.5277911
29603.628000 6.2918572 -0.7147323 0.9833462 -0.5808440 -0.4584594 0.4168734 0.5278748
29603.728000 6.2937080 -0.7116134 0.9827003 -0.5804799 -0.4586531 0.4172512 0.5278086
29603.828000 6.2990959 -0.7000539 0.9817587 -0.5795162 -0.4594718 0.4182612 0.5273559
29603.929000 6.3150542 -0.6248302 0.9845172 -0.5738936 -0.4671975 0.4247027 0.5215364
29604.028000 6.3159951 -0.6227739 0.9838339 -0.5737201 -0.4674452 0.4249305 0.5213198
29604.128000 6.3164302 -0.6229130 0.9832247 -0.5736396 -0.4674190 0.4250183 0.5213603
29604.228000 6.3169020 -0.6228591 0.9826830 -0.5735666 -0.4673216 0.4251780 0.5213978
29604.328000 6.3185526 -0.6198450 0.9819961 -0.5731515 -0.4675376 0.4255072 0.5213919
29604.428000 6.3234901 -0.6078081 0.9809493 -0.5720972 -0.4682823 0.4265750 0.5210089
29604.528000 6.3370294 -0.5318788 0.9836553 -0.5662111 -0.4759766 0.4329391 0.5151845
29604.629000 6.3378564 -0.5299557 0.9829546 -0.5660091 -0.4762806 0.4330927 0.5149963
29604.728000 6.3383397 -0.5298920 0.9823492 -0.5659707 -0.4762024 0.4332308 0.5149947
29604.828000 6.3397960 -0.5267189 0.9816615 -0.5656669 -0.4763753 0.4335670 0.5148856
29604.928000 6.3439077 -0.5144858 0.9806866 -0.5647855 -0.4771345 0.4345215 0.5143453
29605.028000 6.3553483 -0.4376117 0.9829840 -0.5586921 -0.4846239 0.4410136 0.5084386
29605.128000 6.3561423 -0.4354668 0.9822835 -0.5585419 -0.4848905 0.4411977 0.5081897
29605.228000 6.3565868 -0.4355554 0.9816632 -0.5584713 -0.4848617 0.4412746 0.5082278
29605.328000 6.3579114 -0.4322525 0.9809358 -0.5581462 -0.4850393 0.4416099 0.5081244
29605.428000 6.3614965 -0.4196969 0.9798200 -0.5571301 -0.4858659 0.4425362 0.5076436
29605.528000 6.3703180 -0.3427983 0.9820638 -0.5510968 -0.4930192 0.4490661 0.5015615
29605.628000 6.3711083 -0.3400414 0.9813623 -0.5508284 -0.4933959 0.4492628 0.5013098
29605.729000 6.3715539 -0.3401080 0.9807408 -0.5507583 -0.4933664 0.4493345 0.5013515
29605.828000 6.3727144 -0.3366829 0.9799999 -0.5504179 -0.4935496 0.4496696 0.5012446
29605.928000 6.3756771 -0.3237385 0.9788468 -0.5493797 -0.4943454 0.4506540 0.5007150
29606.028000 6.3818062 -0.2465980 0.9810833 0.5430401 0.5016503 -0.4569657 -0.4946077
29606.129000 6.3824625 -0.2443761 0.9803832 0.5428618 0.5018996 -0.4571488 -0.4943813
29606.228000 6.3829104 -0.2444094 0.9797605 0.5427946 0.5018662 -0.4572191 -0.4944240
29606.329000 6.3838800 -0.2409371 0.9790209 0.5424645 0.5020399 -0.4575521 -0.4943018
29606.428000 6.3861665 -0.2276595 0.9778689 0.5414940 0.5027594 -0.4586070 -0.4936567
29606.528000 6.3895912 -0.1507053 0.9801389 0.5349667 0.5100937 -0.4647087 -0.4875048
29606.628000 6.3901715 -0.1484488 0.9794355 0.5347873 0.5103446 -0.4648799 -0.4872758
29606.728000 6.3906197 -0.1484548 0.9788104 0.5347223 0.5103096 -0.4649464 -0.4873202
29606.828000 6.3914197 -0.1450122 0.9780560 0.5343975 0.5104515 -0.4652630 -0.4872258
29606.928000 6.3930556 -0.1320265 0.9768565 0.5333974 0.5111057 -0.4662332 -0.4867081
29607.029000 6.3939209 -0.0546008 0.9791010 0.5268359 0.5181793 -0.4724036 -0.4803842
29607.128000 6.3944251 -0.0523123 0.9783963 0.5266514 0.5184285 -0.4725669 -0.4801570
29607.228000 6.3948725 -0.0522909 0.9777700 0.5265877 0.5183916 -0.4726306 -0.4802040
29607.328000 6.3954766 -0.0488011 0.9770289 0.5262596 0.5185465 -0.4729331 -0.4800987
29607.428000 6.3963759 -0.0357494 0.9758846 0.5252440 0.5192526 -0.4738645 -0.4795288
29607.528000 6.3945587 0.0421358 0.9781657 0.5184637 0.5263597 -0.4799441 -0.4730693
29607.628000 6.3950039 0.0438958 0.9774468 0.5183815 0.5264920 -0.4800932 -0.4728607
29607.728000 6.3954498 0.0439493 0.9768196 0.5183204 0.5264511 -0.4801561 -0.4729095
29607.828000 6.3958812 0.0439958 0.9762496 0.5182322 0.5263839 -0.4802489 -0.4729867
29607.928000 6.3962665 0.0471190 0.9755906 0.5178542 0.5265558 -0.4805014 -0.4729530
29608.028000 6.3964469 0.0598029 0.9745511 0.5168295 0.5272423 -0.4814100 -0.4723846
29608.128000 6.3915889 0.1377386 0.9773107 0.5101884 0.5341010 -0.4874724 -0.4656336
29608.228000 6.3919308 0.1400539 0.9765997 0.5100135 0.5343621 -0.4875969 -0.4653951
29608.328000 6.3923842 0.1403156 0.9759518 0.5099965 0.5342713 -0.4877084 -0.4654012
29608.428000 6.3926018 0.1438133 0.9752283 0.5096984 0.5344070 -0.4879795 -0.4652878
29608.528000 6.3920698 0.1563119 0.9741920 0.5087460 0.5351071 -0.4887486 -0.4647179
29608.628000 6.3850672 0.2326372 0.9764447 0.5019885 0.5417874 -0.4946218 -0.4580647
29608.729000 6.3852826 0.2357382 0.9757394 0.5017216 0.5420958 -0.4948212 -0.4577768
29608.828000 6.3857147 0.2356543 0.9751352 0.5016158 0.5421018 -0.4948271 -0.4578791
29608.928000 6.3861433 0.2359336 0.9745439 0.5015715 0.5419818 -0.4949732 -0.4579118
29609.028000 6.3861588 0.2393001 0.9738855 0.5011923 0.5421430 -0.4952289 -0.4578597
29609.128000 6.3849690 0.2519749 0.9728605 0.5002057 0.5427744 -0.4961009 -0.4572462
29609.228000 6.3750029 0.3270906 0.9757078 0.4933764 0.5496586 -0.5014924 -0.4505114
29609.328000 6.3751143 0.3303850 0.9749785 0.4931482 0.5499177 -0.5017313 -0.4501790
29609.428000 6.3755460 0.3303337 0.9743777 0.4930444 0.5499179 -0.5017391 -0.4502837
29609.528000 6.3754143 0.3337628 0.9736558 0.4927227 0.5500404 -0.5020115 -0.4501826
29609.628000 6.3735900 0.3463237 0.9725812 0.4917270 0.5506575 -0.5028698 -0.4495585
29609.728000 6.3614418 0.4222491 0.9748005 0.4847322 0.5571840 -0.5085736 -0.4426438
29609.828000 6.3615574 0.4246317 0.9741057 0.4845112 0.5574007 -0.5087195 -0.4424452
29609.928000 6.3619823 0.4247805 0.9734857 0.4844496 0.5573472 -0.5087797 -0.4425109
29610.028000 6.3623941 0.4249202 0.9729198 0.4843677 0.5572640 -0.5088771 -0.4425933
29610.129000 6.3619603 0.4287506 0.9722225 0.4839364 0.5574211 -0.5091689 -0.4425316
29610.228000 6.3595366 0.4410739 0.9711263 0.4829059 0.5579536 -0.5100659 -0.4419529
29610.328000 6.3446869 0.5156771 0.9737684 0.4760119 0.5643430 -0.5155831 -0.4348606
29610.428000 6.3447214 0.5181090 0.9730865 0.4757662 0.5645350 -0.5157487 -0.4346838
29610.528000 6.3451379 0.5182770 0.9724738 0.4757046 0.5644730 -0.5158125 -0.4347561
29610.628000 6.3455420 0.5184341 0.9719133 0.4756246 0.5643819 -0.5159136 -0.4348419
29610.728000 6.3448291 0.5223843 0.9712438 0.4752696 0.5645151 -0.5162138 -0.4347008
29610.828000 6.3415858 0.5345097 0.9702939 0.4743864 0.5650931 -0.5169998 -0.4339799
29610.928000 6.3243926 0.6073452 0.9731381 0.4673271 0.5717879 -0.5219403 -0.4268984
29611.028000 6.3243629 0.6095934 0.9725007 0.4670274 0.5720105 -0.5220587 -0.4267835
29611.128000 6.3247562 0.6099646 0.9718575 0.4670109 0.5718954 -0.5221762 -0.4268122
29611.229000 6.3239566 0.6137184 0.9711159 0.4666707 0.5719784 -0.5224683 -0.4267154
29611.328000 6.3203843 0.6251821 0.9700585 0.4657389 0.5724200 -0.5232525 -0.4261800
29611.428000 6.3012624 0.6975965 0.9723368 0.4585668 0.5787290 -0.5283712 -0.4190622
29611.528000 6.3011517 0.6999872 0.9716694 0.4583187 0.5788821 -0.5285348 -0.4189158
29611.628000 6.3015557 0.6998906 0.9711467 0.4582110 0.5788738 -0.5285148 -0.4190703
29611.728000 6.3004946 0.7038956 0.9703734 0.4579354 0.5789019 -0.5288787 -0.4188736
29611.828000 6.2963136 0.7147783 0.9694765 0.4570561 0.5793998 -0.5296084 -0.4182231
29611.928000 6.2752062 0.7852465 0.9718176 0.4497843 0.5856096 -0.5345366 -0.4111279
29612.028000 6.2748241 0.7885984 0.9710784 0.4495129 0.5857318 -0.5348352 -0.4108622
29612.128000 6.2752242 0.7887988 0.9704789 0.4494680 0.5856375 -0.5349040 -0.4109562
29612.228000 6.2739072 0.7921628 0.9699541 0.4491092 0.5858163 -0.5350666 -0.4108819
29612.328000 6.2691618 0.8026045 0.9692344 0.4483946 0.5862345 -0.5357410 -0.4101865
29612.428000 6.2459806 0.8719135 0.9716054 0.4410614 0.5923486 -0.5405197 -0.4030217
29612.528000 6.2454932 0.8752531 0.9708690 0.4407873 0.5924564 -0.5408191 -0.4027614
29612.628000 6.2458849 0.8754682 0.9702742 0.4407461 0.5923549 -0.5408909 -0.4028594
29612.729000 6.2444336 0.8789285 0.9696846 0.4404438 0.5924337 -0.5411355 -0.4027455
29612.828000 6.2395437 0.8881958 0.9691080 0.4396865 0.5928409 -0.5417063 -0.4022060
29612.929000 6.2140439 0.9576260 0.9713041 0.4322544 0.5986135 -0.5467323 -0.3948440
29613.028000 6.2137025 0.9599957 0.9706611 0.4319946 0.5987274 -0.5469018 -0.3947208
29613.128000 6.2140855 0.9602167 0.9700736 0.4319553 0.5986221 -0.5469739 -0.3948238
29613.228000 6.2120786 0.9640154 0.9696014 0.4316465 0.5987432 -0.5472172 -0.3946407
29613.328000 6.2069455 0.9722278 0.9693308 0.4309963 0.5991614 -0.5476839 -0.3940687
29613.428000 6.1797891 1.0399934 0.9714866 0.4235051 0.6050467 -0.5523092 -0.3866736
29613.528000 6.1793486 1.0426261 0.9707639 0.4233030 0.6050626 -0.5525742 -0.3864914
29613.628000 6.1797449 1.0425985 0.9702802 0.4232069 0.6050156 -0.5525807 -0.3866607
29613.728000 6.1776310 1.0463416 0.9697915 0.4229935 0.6050176 -0.5528940 -0.3864433
29613.828000 6.1724826 1.0534030 0.9697705 0.4223791 0.6053947 -0.5532493 -0.3860160
29613.928000 6.1432654 1.1201087 0.9720186 0.4148056 0.6112185 -0.5577281 -0.3785335
29614.028000 6.1427759 1.1224612 0.9713937 0.4145436 0.6112978 -0.5579138 -0.3784188
29614.128000 6.1431397 1.1227071 0.9708219 0.4145102 0.6111771 -0.5579984 -0.3785255
29614.228000 6.1406441 1.1263707 0.9705294 0.4143049 0.6112091 -0.5582866 -0.3782737
29614.328000 6.1057461 1.1993007 0.9707790 0.4060111 0.6167417 -0.5633912 -0.3706414
29614.428000 6.1035554 1.1997943 0.9731243 0.4058314 0.6177106 -0.5628017 -0.3701199
29614.528000 6.1039166 1.2000732 0.9725093 0.4058116 0.6176157 -0.5628480 -0.3702294
29614.628000 6.1042711 1.2003305 0.9719455 0.4057816 0.6174876 -0.5629396 -0.3703368
29614.729000 6.1015177 1.2032925 0.9720626 0.4054879 0.6176900 -0.5630106 -0.3702130
29614.828000 6.0650318 1.2742439 0.9724406 0.3972805 0.6230040 -0.5679772 -0.3625413
29614.928000 6.0627701 1.2748787 0.9746614 0.3971246 0.6237475 -0.5676153 -0.3620001
29615.028000 6.0630758 1.2754268 0.9739578 0.3971687 0.6235769 -0.5677430 -0.3620452
29615.128000 6.0604086 1.2778789 0.9741934 0.3969113 0.6237997 -0.5677470 -0.3619374
29615.228000 6.0218790 1.3469705 0.9749291 0.3885902 0.6291209 -0.5724523 -0.3542639
29615.328000 6.0197061 1.3484959 0.9764116 0.3885371 0.6293409 -0.5726284 -0.3536463
29615.428000 6.0199924 1.3490682 0.9757044 0.3885895 0.6291658 -0.5727586 -0.3536893
29615.528000 6.0166099 1.3518628 0.9761545 0.3883877 0.6293662 -0.5728270 -0.3534437
29615.629000 5.9759499 1.4170910 0.9792460 0.3800607 0.6348749 -0.5771462 -0.3455286
29615.728000 5.9750994 1.4195962 0.9784760 0.3799055 0.6350277 -0.5772267 -0.3452838
29615.828000 5.9754884 1.4196494 0.9779925 0.3798344 0.6349764 -0.5772195 -0.3454683
29615.929000 5.9717450 1.4221938 0.9787579 0.3797362 0.6351592 -0.5772223 -0.3452357
29616.028000 5.9306176 1.4839438 0.9820588 0.3716095 0.6407101 -0.5809392 -0.3375006
29616.129000 5.9289732 1.4876721 0.9813071 0.3712774 0.6408929 -0.5811622 -0.3371347
29616.228000 5.9292937 1.4879984 0.9807263 0.3712750 0.6407673 -0.5812358 -0.3372493
29616.328000 5.9296815 1.4880265 0.9803023 0.3711977 0.6406848 -0.5812717 -0.3374292
29616.429000 5.9259326 1.4902487 0.9812310 0.3711248 0.6408839 -0.5813012 -0.3370803
29616.528000 5.8818274 1.5517018 0.9851186 0.3628373 0.6463790 -0.5851360 -0.3288754
29616.628000 5.8809136 1.5539179 0.9844797 0.3626006 0.6465426 -0.5851860 -0.3287260
29616.728000 5.8813021 1.5539833 0.9840169 0.3625350 0.6464829 -0.5851850 -0.3289175
29616.828000 5.8774590 1.5559050 0.9851029 0.3625647 0.6466427 -0.5851677 -0.3286012
29616.928000 5.8324846 1.6158918 0.9884186 0.3542829 0.6517784 -0.5890204 -0.3205053
29617.028000 5.8315150 1.6180824 0.9877907 0.3540427 0.6519161 -0.5890883 -0.3203657
29617.128000 5.8318199 1.6184205 0.9872257 0.3540476 0.6517867 -0.5891640 -0.3204844
29617.228000 5.8279887 1.6194009 0.9888449 0.3539173 0.6521781 -0.5889178 -0.3202843
29617.329000 5.7810299 1.6784499 0.9922273 0.3454912 0.6572828 -0.5926880 -0.3119873
29617.428000 5.7804205 1.6800423 0.9916056 0.3453205 0.6573435 -0.5927554 -0.3119203
29617.528000 5.7806897 1.6804180 0.9910483 0.3453138 0.6572199 -0.5928417 -0.3120241
29617.628000 5.7810423 1.6805958 0.9905977 0.3452507 0.6571101 -0.5929217 -0.3121732
29617.728000 5.7766956 1.6816376 0.9924814 0.3453188 0.6573830 -0.5927642 -0.3118222
29617.828000 5.7294281 1.7376031 0.9961404 0.3369901 0.6625151 -0.5960592 -0.3036855
29617.928000 5.7283508 1.7397709 0.9955279 0.3367409 0.6625639 -0.5962090 -0.3035612
29618.028000 5.7286054 1.7401897 0.9949640 0.3367410 0.6624002 -0.5963402 -0.3036607
29618.129000 5.7244265 1.7405672 0.9971259 0.3367773 0.6628052 -0.5960334 -0.3033389
29618.228000 5.6758184 1.7952297 1.0005461 0.3283496 0.6677038 -0.5993582 -0.2951744
29618.328000 5.6747486 1.7971985 1.0000197 0.3280327 0.6678156 -0.5994462 -0.2950950
29618.428000 5.6749034 1.7977564 0.9994163 0.3280801 0.6676522 -0.5995815 -0.2951372
29618.528000 5.6752381 1.7979653 0.9989791 0.3280249 0.6675360 -0.5996715 -0.2952784
29618.628000 5.6713908 1.7982076 1.0009944 0.3281425 0.6678099 -0.5994770 -0.2949232
29618.729000 5.6211805 1.8508724 1.0049667 0.3196945 0.6727348 -0.6025353 -0.2866610
29618.828000 5.6200565 1.8528092 1.0044477 0.3193742 0.6728477 -0.6026180 -0.2865793
29618.928000 5.6201928 1.8533780 1.0038493 0.3194244 0.6726849 -0.6027545 -0.2866184
29619.028000 5.6204226 1.8537656 1.0033520 0.3194226 0.6725329 -0.6028871 -0.2866981
29619.128000 5.6165492 1.8533613 1.0058122 0.3194776 0.6729350 -0.6025506 -0.2864006
29619.228000 5.5651623 1.9044792 1.0096743 0.3110195 0.6775918 -0.6056462 -0.2780807
29619.328000 5.5638875 1.9065448 1.0090996 0.3107482 0.6776638 -0.6057695 -0.2779398
29619.428000 5.5641025 1.9069620 1.0085740 0.3107470 0.6775369 -0.6058696 -0.2780325
29619.528000 5.5608990 1.9063953 1.0107101 0.3108652 0.6778673 -0.6055525 -0.2777859
29619.628000 5.5080239 1.9559941 1.0148211 0.3021113 0.6827075 -0.6082410 -0.2695962
29619.728000 5.5071798 1.9575055 1.0142451 0.3019258 0.6827673 -0.6082983 -0.2695232
29619.828000 5.5073777 1.9579366 1.0137231 0.3019243 0.6826437 -0.6083980 -0.2696129
29619.928000 5.5074739 1.9585029 1.0131727 0.3019735 0.6824630 -0.6085704 -0.2696264
29620.028000 5.5046603 1.9576976 1.0152674 0.3020876 0.6827583 -0.6082797 -0.2694067
29620.128000 5.4499975 2.0056686 1.0197126 0.2934994 0.6872513 -0.6111138 -0.2609284
29620.228000 5.4491190 2.0071390 1.0191423 0.2933102 0.6873335 -0.6111449 -0.2608520
29620.328000 5.4492997 2.0075804 1.0186264 0.2933076 0.6872127 -0.6112452 -0.2609382
29620.428000 5.4463414 2.0064341 1.0209711 0.2934354 0.6876242 -0.6108242 -0.2606963
29620.528000 5.3916843 2.0524604 1.0248841 0.2847906 0.6920191 -0.6134162 -0.2524370
29620.628000 5.3902343 2.0544172 1.0243271 0.2845090 0.6921097 -0.6135090 -0.2522807
29620.729000 5.3903983 2.0548655 1.0238218 0.2845055 0.6919882 -0.6136145 -0.2523613
29620.828000 5.3878467 2.0535136 1.0261195 0.2846232 0.6923658 -0.6132052 -0.2521877
29620.928000 5.3315947 2.0983414 1.0300945 0.2758862 0.6966525 -0.6157261 -0.2438101
29621.028000 5.3307422 2.0996276 1.0296116 0.2756358 0.6967457 -0.6157409 -0.2437897
29621.128000 5.3308935 2.1000789 1.0291160 0.2756302 0.6966267 -0.6158469 -0.2438686
29621.228000 5.3284588 2.0985998 1.0314177 0.2757142 0.6969771 -0.6155070 -0.2436305
29621.328000 5.2741594 2.1392265 1.0355118 0.2671756 0.7011479 -0.6176129 -0.2357182
29621.428000 5.2705285 2.1428623 1.0349674 0.2665492 0.7013645 -0.6178156 -0.2352516
29621.528000 5.2706607 2.1433243 1.0344785 0.2665455 0.7012447 -0.6179253 -0.2353249
29621.628000 5.2686399 2.1416960 1.0366921 0.2666602 0.7016129 -0.6175308 -0.2351327
29621.728000 5.2118229 2.1816072 1.0410881 0.2579139 0.7056914 -0.6196556 -0.2269516
29621.828000 5.2095045 2.1840491 1.0404877 0.2575768 0.7058121 -0.6197721 -0.2266410
29621.928000 5.2096169 2.1845225 1.0400030 0.2575750 0.7056935 -0.6198824 -0.2267103
29622.028000 5.2077644 2.1827280 1.0422617 0.2577100 0.7060436 -0.6194865 -0.2265492
29622.128000 5.1495668 2.2216679 1.0464315 0.2488823 0.7099430 -0.6216143 -0.2182527
29622.228000 5.1480458 2.2233003 1.0459690 0.2485306 0.7100965 -0.6216168 -0.2181467
29622.328000 5.1480212 2.2239134 1.0454313 0.2485798 0.7099514 -0.6217595 -0.2181563
29622.428000 5.1464026 2.2217455 1.0478765 0.2486748 0.7103534 -0.6213161 -0.2180028
29622.529000 5.0880165 2.2588531 1.0517668 0.2399291 0.7140774 -0.6233457 -0.2096844
29622.628000 5.0857330 2.2610199 1.0512516 0.2395413 0.7141963 -0.6234429 -0.2094341
29622.729000 5.0858219 2.2614950 1.0507883 0.2395401 0.7140782 -0.6235566 -0.2094997
29622.828000 5.0860554 2.2618020 1.0504234 0.2394861 0.7139684 -0.6236666 -0.2096079
29622.928000 5.0847629 2.2597232 1.0526815 0.2395491 0.7143546 -0.6232539 -0.2094477
29623.028000 5.0261884 2.2939568 1.0572694 0.2307841 0.7181792 -0.6248812 -0.2011985
29623.128000 5.0232565 2.2964620 1.0567601 0.2302990 0.7183413 -0.6249811 -0.2008652
29623.228000 5.0234732 2.2968000 1.0563703 0.2302438 0.7182527 -0.6250621 -0.2009930
29623.328000 5.0222353 2.2947610 1.0585753 0.2304528 0.7185676 -0.6246857 -0.2007980
29623.428000 4.9619217 2.3285808 1.0626809 0.2215951 0.7219832 -0.6266020 -0.1923691
29623.528000 4.9601486 2.3302103 1.0621845 0.2212864 0.7221038 -0.6266234 -0.1922021
29623.628000 4.9602094 2.3306915 1.0617371 0.2212867 0.7219884 -0.6267370 -0.1922645
29623.728000 4.9602795 2.3311479 1.0613208 0.2212899 0.7218526 -0.6268796 -0.1923058
29623.828000 4.9593085 2.3290214 1.0635023 0.2214895 0.7221963 -0.6264827 -0.1920791
29623.928000 4.8992467 2.3601507 1.0680378 0.2125497 0.7258220 -0.6278719 -0.1837983
29624.028000 4.8969443 2.3619935 1.0676159 0.2120895 0.7259800 -0.6279006 -0.1836084
29624.129000 4.8970002 2.3624685 1.0671817 0.2120881 0.7258658 -0.6280145 -0.1836717
29624.228000 4.8964425 2.3600812 1.0694737 0.2122418 0.7262127 -0.6275953 -0.1835555
29624.328000 4.8355913 2.3901594 1.0737443 0.2030619 0.7296762 -0.6289603 -0.1753497
29624.428000 4.8337349 2.3916984 1.0732628 0.2027512 0.7297940 -0.6289716 -0.1751782
29624.528000 4.8337706 2.3921826 1.0728335 0.2027539 0.7296795 -0.6290872 -0.1752368
29624.628000 4.8337081 2.3895918 1.0751801 0.2028918 0.7300534 -0.6286199 -0.1751968
29624.728000 4.7740645 2.4173523 1.0791358 0.1941463 0.7331593 -0.6299777 -0.1670711
29624.828000 4.7702869 2.4198717 1.0786660 0.1935538 0.7333242 -0.6300794 -0.1666509
29624.928000 4.7703129 2.4203561 1.0782471 0.1935585 0.7332090 -0.6301971 -0.1667074
29625.028000 4.7703493 2.4208163 1.0778567 0.1935667 0.7330751 -0.6303411 -0.1667421
29625.128000 4.7706890 2.4180493 1.0802987 0.1937015 0.7334802 -0.6298285 -0.1667410
29625.228000 4.7088383 2.4445287 1.0847463 0.1846148 0.7367402 -0.6309076 -0.1583880
29625.328000 4.7069393 2.4459648 1.0842872 0.1843074 0.7368352 -0.6309288 -0.1582195
29625.428000 4.7069557 2.4464507 1.0838772 0.1843139 0.7367209 -0.6310464 -0.1582755
29625.528000 4.7076758 2.4435873 1.0863609 0.1845087 0.7371291 -0.6305006 -0.1583232
29625.629000 4.6456577 2.4690019 1.0902566 0.1754299 0.7400992 -0.6316405 -0.1500259
29625.728000 4.6436921 2.4704134 1.0898111 0.1751197 0.7401709 -0.6316841 -0.1498511
29625.828000 4.6438633 2.4707805 1.0894725 0.1750726 0.7400793 -0.6317762 -0.1499700
29625.928000 4.6445912 2.4682880 1.0916963 0.1753365 0.7404063 -0.6313416 -0.1498779
29626.028000 4.5833247 2.4913752 1.0958691 0.1661800 0.7432748 -0.6323232 -0.1417540
29626.129000 4.5805924 2.4930922 1.0953710 0.1658275 0.7433773 -0.6323644 -0.1414451
29626.228000 4.5807535 2.4934671 1.0950373 0.1657824 0.7432866 -0.6324564 -0.1415630
29626.328000 4.5820283 2.4907307 1.0974574 0.1660543 0.7436334 -0.6319794 -0.1415532
29626.428000 4.5197262 2.5129067 1.1012503 0.1569159 0.7462504 -0.6330310 -0.1332647
29626.528000 4.5176988 2.5142195 1.1008298 0.1565984 0.7463117 -0.6330740 -0.1330904
29626.628000 4.5175178 2.5148145 1.1003901 0.1566649 0.7461773 -0.6332191 -0.1330755
29626.728000 4.5192199 2.5122377 1.1026450 0.1570117 0.7464917 -0.6327527 -0.1331224
29626.828000 4.4575974 2.5321509 1.1069433 0.1477253 0.7492479 -0.6333611 -0.1251345
29626.928000 4.4555170 2.5333988 1.1065202 0.1473931 0.7493680 -0.6333309 -0.1249594
29627.029000 4.4555000 2.5338770 1.1061465 0.1474048 0.7492583 -0.6334476 -0.1250119
29627.128000 4.4579929 2.5308468 1.1087226 0.1476814 0.7496842 -0.6328442 -0.1251883
29627.228000 4.3954590 2.5499990 1.1124163 0.1386383 0.7520275 -0.6336993 -0.1168726
29627.328000 4.3933787 2.5512121 1.1120110 0.1383150 0.7520907 -0.6337282 -0.1166925
29627.428000 4.3933525 2.5516934 1.1116478 0.1383231 0.7519818 -0.6338470 -0.1167392
29627.528000 4.3960097 2.5490131 1.1140677 0.1387327 0.7522951 -0.6333681 -0.1168343
29627.629000 4.3346654 2.5661232 1.1179375 0.1296220 0.7546096 -0.6339665 -0.1088534
29627.728000 4.3321144 2.5673523 1.1176186 0.1291461 0.7547232 -0.6339595 -0.1086719
29627.828000 4.3320957 2.5678234 1.1172670 0.1291584 0.7546160 -0.6340756 -0.1087242
29627.929000 4.3353887 2.5649586 1.1198331 0.1295740 0.7549739 -0.6335353 -0.1088943
29628.028000 4.2733385 2.5807384 1.1237090 0.1203244 0.7572430 -0.6339865 -0.1008275
29628.129000 4.2712563 2.5818384 1.1233238 0.1199997 0.7572902 -0.6340210 -0.1006429
29628.228000 4.2712121 2.5823134 1.1229783 0.1200001 0.7571860 -0.6341394 -0.1006805
29628.328000 4.2711796 2.5827657 1.1226559 0.1200053 0.7570655 -0.6342797 -0.1006970
29628.428000 4.2744394 2.5803498 1.1249114 0.1204811 0.7573503 -0.6338273 -0.1008357
29628.528000 4.2131458 2.5938293 1.1293716 0.1113050 0.7596139 -0.6340000 -0.0929617
29628.628000 4.2110536 2.5948620 1.1289892 0.1109802 0.7597142 -0.6339612 -0.0927956
29628.728000 4.2110246 2.5953371 1.1286501 0.1109967 0.7596115 -0.6340737 -0.0928475
29628.828000 4.2110076 2.5957895 1.1283343 0.1110181 0.7594920 -0.6342086 -0.0928784
29628.928000 4.2147208 2.5935901 1.1304375 0.1115016 0.7597347 -0.6337977 -0.0931182
29629.028000 4.1533656 2.6058052 1.1348197 0.1024394 0.7617953 -0.6339819 -0.0850947
29629.128000 4.1514250 2.6066951 1.1344788 0.1020298 0.7619526 -0.6338750 -0.0849744
29629.228000 4.1513740 2.6071617 1.1341478 0.1020176 0.7618586 -0.6339850 -0.0850112
29629.328000 4.1513239 2.6076106 1.1338374 0.1020141 0.7617460 -0.6341193 -0.0850230
29629.428000 4.1545765 2.6059336 1.1355306 0.1024821 0.7619273 -0.6338032 -0.0851918
29629.528000 4.0954023 2.6182282 1.1386450 0.0938027 0.7635198 -0.6341890 -0.0777362
29629.628000 4.0926010 2.6169510 1.1400518 0.0930581 0.7641938 -0.6335246 -0.0774250
29629.729000 4.0927789 2.6173013 1.1397891 0.0930107 0.7641307 -0.6335914 -0.0775581
29629.828000 4.0963329 2.6157802 1.1413956 0.0934921 0.7643207 -0.6332616 -0.0778007
29629.928000 4.0361173 2.6269235 1.1445176 0.0844770 0.7658859 -0.6335279 -0.0701773
29630.028000 4.0341811 2.6260099 1.1454234 0.0841081 0.7662097 -0.6332257 -0.0698124
29630.128000 4.0342976 2.6264070 1.1451413 0.0840366 0.7661405 -0.6333081 -0.0699105
29630.228000 4.0375786 2.6252604 1.1464226 0.0844776 0.7662831 -0.6330504 -0.0701497
29630.328000 4.0448274 2.6220402 1.1495654 0.0853306 0.7667112 -0.6323609 -0.0706555
29630.428000 3.9784307 2.6335482 1.1505555 0.0756496 0.7680670 -0.6327935 -0.0626304
29630.528000 3.9765512 2.6343088 1.1502937 0.0753029 0.7680429 -0.6328752 -0.0625191
29630.628000 3.9763154 2.6348769 1.1499355 0.0753856 0.7679160 -0.6330228 -0.0624829
29630.728000 3.9796651 2.6339696 1.1510262 0.0757388 0.7679971 -0.6328547 -0.0627618
29630.828000 3.9878239 2.6308517 1.1541263 0.0765016 0.7683828 -0.6322374 -0.0633346
29630.928000 3.9201693 2.6406848 1.1553314 0.0667072 0.7696153 -0.6326349 -0.0549141
29631.028000 3.9185137 2.6414531 1.1549654 0.0665406 0.7695548 -0.6327435 -0.0547118
29631.128000 3.9184371 2.6419029 1.1546665 0.0665279 0.7694629 -0.6328557 -0.0547232
29631.228000 3.9215211 2.6412277 1.1555074 0.0667737 0.7695369 -0.6327116 -0.0550481
29631.328000 3.9299293 2.6383893 1.1584311 0.0677549 0.7699374 -0.6320723 -0.0555902
29631.428000 3.8644926 2.6460920 1.1601054 0.0579949 0.7712725 -0.6320531 -0.0477928
29631.528000 3.8623513 2.6468825 1.1597764 0.0576954 0.7712448 -0.6321288 -0.0476006
29631.628000 3.8623154 2.6473406 1.1594781 0.0577087 0.7711581 -0.6322306 -0.0476378
29631.728000 3.8655534 2.6467878 1.1602103 0.0579585 0.7712192 -0.6321052 -0.0480071
29631.829000 3.8745621 2.6443097 1.1628241 0.0588970 0.7715604 -0.6315539 -0.0486350
29631.928000 3.8083391 2.6508968 1.1642891 0.0492049 0.7725993 -0.6316895 -0.0404675
29632.028000 3.8061375 2.6516352 1.1639577 0.0488708 0.7725768 -0.6317573 -0.0402419
29632.128000 3.8060564 2.6520841 1.1636599 0.0488525 0.7724976 -0.6318549 -0.0402529
29632.228000 3.8086486 2.6519120 1.1640756 0.0491232 0.7724868 -0.6318295 -0.0405286
29632.328000 3.8179037 2.6499672 1.1662627 0.0501545 0.7727210 -0.6314130 -0.0412852
29632.428000 3.7518978 2.6550156 1.1679346 0.0407261 0.7735853 -0.6315129 -0.0331450
29632.528000 3.7506510 2.6555442 1.1676428 0.0404503 0.7736179 -0.6314927 -0.0331068
29632.628000 3.7506196 2.6560015 1.1673419 0.0404589 0.7735468 -0.6315772 -0.0331460
29632.728000 3.7528804 2.6560594 1.1675648 0.0407983 0.7735061 -0.6315944 -0.0333518
29632.828000 3.7622268 2.6544775 1.1693644 0.0418288 0.7737126 -0.6312328 -0.0341221
29632.928000 3.6980706 2.6576985 1.1713058 0.0322114 0.7745207 -0.6311825 -0.0262453
29633.028000 3.6958717 2.6583191 1.1709472 0.0318562 0.7746008 -0.6311115 -0.0260191
29633.128000 3.6957833 2.6587724 1.1706385 0.0318321 0.7745397 -0.6311874 -0.0260282
29633.228000 3.6977163 2.6590295 1.1705887 0.0320296 0.7745719 -0.6311290 -0.0262441
29633.328000 3.7029579 2.6587214 1.1711314 0.0326604 0.7746841 -0.6309408 -0.0266725
29633.428000 3.7082663 2.6579867 1.1719493 0.0331428 0.7746669 -0.6309189 -0.0270921
29633.529000 3.6458824 2.6594914 1.1741611 0.0237654 0.7752801 -0.6308644 -0.0196478
29633.628000 3.6421640 2.6601384 1.1737210 0.0233342 0.7755276 -0.6305903 -0.0191946
29633.728000 3.6421254 2.6606032 1.1734047 0.0233417 0.7754746 -0.6306541 -0.0192285
29633.828000 3.6420935 2.6610442 1.1731196 0.0233551 0.7753973 -0.6307480 -0.0192497
29633.928000 3.6441896 2.6613395 1.1730280 0.0235511 0.7754168 -0.6307084 -0.0195196
29634.028000 3.6502959 2.6611022 1.1734426 0.0240824 0.7755176 -0.6305436 -0.0201801
29634.128000 3.6552341 2.6608008 1.1739179 0.0247768 0.7753629 -0.6306986 -0.0204382
29634.228000 3.5901656 2.6637653 1.1741829 0.0151246 0.7755054 -0.6310356 -0.0125160
29634.328000 3.5886019 2.6614462 1.1756502 0.0149728 0.7759856 -0.6304556 -0.0121643
29634.429000 3.5885099 2.6619016 1.1753279 0.0149432 0.7759400 -0.6305123 -0.0121644
29634.528000 3.5901683 2.6623505 1.1750749 0.0152049 0.7759439 -0.6304985 -0.0123088
29634.628000 3.5961950 2.6624277 1.1751764 0.0158094 0.7760268 -0.6303685 -0.0129633
29634.728000 3.6011196 2.6622948 1.1754351 0.0164415 0.7759147 -0.6304828 -0.0133183
29634.828000 3.6051848 2.6621668 1.1756189 0.0169196 0.7758061 -0.6305983 -0.0135800
29634.928000 3.5400607 2.6616553 1.1771261 0.0071603 0.7764523 -0.6301059 -0.0060911
29635.028000 3.5363517 2.6622357 1.1767684 0.0066948 0.7764135 -0.6301632 -0.0056184
29635.128000 3.5362570 2.6626717 1.1764698 0.0066696 0.7763494 -0.6302426 -0.0056027
29635.228000 3.5382853 2.6631610 1.1761727 0.0067509 0.7763448 -0.6302448 -0.0058849
29635.328000 3.5441099 2.6636535 1.1759351 0.0073741 0.7763772 -0.6301927 -0.0064184
29635.428000 3.5492061 2.6635901 1.1761014 0.0078638 0.7762300 -0.6303638 -0.0068278
29635.529000 3.5539306 2.6634902 1.1762484 0.0084150 0.7760638 -0.6305585 -0.0070885
29635.628000 3.4869280 2.6614475 1.1779138 -0.0012076 0.7766043 -0.6299870 0.0008168
29635.728000 3.4847276 2.6619240 1.1775642 -0.0015426 0.7765824 -0.6300129 0.0010735
29635.828000 3.4848718 2.6623301 1.1772782 -0.0016335 0.7765351 -0.6300711 0.0010130
29635.928000 3.4869178 2.6628233 1.1770156 -0.0013403 0.7764516 -0.6301749 0.0008506
29636.028000 3.4971506 2.6632461 1.1769052 -0.0001595 0.7763721 -0.6302748 -0.0001087
29636.128000 3.5033112 2.6634937 1.1767655 0.0005894 0.7762633 -0.6304083 -0.0005581
29636.228000 3.4389985 2.6606761 1.1781519 -0.0088249 0.7765792 -0.6299196 0.0069388
29636.328000 3.4340301 2.6611001 1.1777878 -0.0094753 0.7765372 -0.6299547 0.0075689
29636.428000 3.4339355 2.6615376 1.1774803 -0.0095022 0.7764788 -0.6300260 0.0075933
29636.528000 3.4359744 2.6620622 1.1771983 -0.0092995 0.7764009 -0.6301273 0.0073969
29636.629000 3.4460970 2.6628303 1.1769141 -0.0081819 0.7763107 -0.6302644 0.0064479
29636.728000 3.4531966 2.6633058 1.1766765 -0.0073662 0.7761913 -0.6304269 0.0058836
29636.828000 3.3862672 2.6590929 1.1781397 -0.0170554 0.7764025 -0.6298571 0.0137267
29636.928000 3.3841093 2.6594896 1.1777824 -0.0173879 0.7763774 -0.6298732 0.0139870
29637.028000 3.3840339 2.6599296 1.1774683 -0.0174181 0.7763240 -0.6299376 0.0140084
29637.128000 3.3864841 2.6604919 1.1771833 -0.0172480 0.7762654 -0.6300208 0.0137255
29637.228000 3.3968801 2.6615392 1.1768283 -0.0159783 0.7761992 -0.6301552 0.0127997
29637.328000 3.4043007 2.6621588 1.1765729 -0.0151949 0.7761050 -0.6303044 0.0121009
29637.428000 3.3366690 2.6567278 1.1780031 -0.0249975 0.7761973 -0.6296760 0.0200257
29637.528000 3.3349575 2.6571390 1.1776333 -0.0251670 0.7761641 -0.6297018 0.0202854
29637.628000 3.3348818 2.6575804 1.1773182 -0.0251907 0.7761101 -0.6297666 0.0203101
29637.728000 3.3371462 2.6582350 1.1770118 -0.0249315 0.7760380 -0.6298722 0.0201105
29637.828000 3.3480249 2.6595348 1.1766634 -0.0237226 0.7759591 -0.6300493 0.0190429
29637.928000 3.3551496 2.6604015 1.1763798 -0.0227933 0.7758301 -0.6302604 0.0184394
29638.028000 3.2882294 2.6537348 1.1778291 -0.0324955 0.7758299 -0.6295557 0.0262999
29638.128000 3.2860699 2.6540538 1.1774701 -0.0328154 0.7757988 -0.6295665 0.0265579
29638.228000 3.2862680 2.6544840 1.1771628 -0.0328901 0.7757522 -0.6296229 0.0264903
29638.328000 3.2884816 2.6552028 1.1768397 -0.0326381 0.7756813 -0.6297314 0.0262977
29638.428000 3.2991194 2.6568558 1.1763982 -0.0314094 0.7755985 -0.6299364 0.0253107
29638.528000 3.3067224 2.6579547 1.1760601 -0.0305608 0.7754789 -0.6301549 0.0245640
29638.628000 3.2404854 2.6501180 1.1775090 -0.0402148 0.7753825 -0.6293778 0.0323771
29638.728000 3.2374592 2.6503480 1.1771468 -0.0405617 0.7753387 -0.6293882 0.0327887
29638.828000 3.2374271 2.6507917 1.1768316 -0.0405642 0.7752856 -0.6294530 0.0327995
29638.928000 3.2395417 2.6515546 1.1764923 -0.0402958 0.7752105 -0.6295717 0.0326269
29639.029000 3.2501048 2.6534732 1.1759579 -0.0389872 0.7751092 -0.6298280 0.0316609
29639.128000 3.2577707 2.6547348 1.1755515 -0.0381760 0.7749819 -0.6300760 0.0308209
29639.228000 3.1903589 2.6455980 1.1769840 -0.0478098 0.7747696 -0.6292312 0.0389162
29639.328000 3.1882555 2.6458412 1.1766306 -0.0481175 0.7747290 -0.6292417 0.0391729
29639.428000 3.1880113 2.6462840 1.1763192 -0.0480566 0.7746696 -0.6293142 0.0392579
29639.528000 3.1897456 2.6471806 1.1758285 -0.0478199 0.7746397 -0.6293759 0.0391475
29639.628000 3.1961091 2.6489639 1.1750346 -0.0471041 0.7746329 -0.6294721 0.0385991
29639.728000 3.2012226 2.6500356 1.1747124 -0.0465427 0.7744469 -0.6297728 0.0381058
29639.828000 3.2069748 2.6510767 1.1744131 -0.0459388 0.7742324 -0.6301179 0.0374862
29639.928000 3.1412225 2.6403173 1.1761606 -0.0554816 0.7740448 -0.6290642 0.0453281
29640.028000 3.1384258 2.6404362 1.1757947 -0.0558874 0.7740188 -0.6290353 0.0456747
29640.128000 3.1386685 2.6408929 1.1754707 -0.0559524 0.7739719 -0.6290922 0.0456056
29640.228000 3.1404055 2.6418307 1.1749349 -0.0557197 0.7739461 -0.6291522 0.0455002
29640.328000 3.1462123 2.6437527 1.1739916 -0.0548908 0.7739274 -0.6292753 0.0451217
29640.428000 3.1515357 2.6450261 1.1734779 -0.0543927 0.7737328 -0.6295987 0.0445479
29640.528000 3.1567952 2.6462453 1.1729808 -0.0537644 0.7735126 -0.6299609 0.0440109
29640.628000 3.0908178 2.6343177 1.1745658 -0.0636427 0.7732131 -0.6288220 0.0517106
29640.728000 3.0887404 2.6344866 1.1742099 -0.0639490 0.7731751 -0.6288157 0.0519775
29640.828000 3.0887513 2.6349355 1.1738963 -0.0639522 0.7731192 -0.6288830 0.0519914
29640.928000 3.0887584 2.6353622 1.1736147 -0.0639576 0.7730398 -0.6289793 0.0519990
29641.028000 3.0912201 2.6365391 1.1729323 -0.0637697 0.7729739 -0.6290995 0.0517554
29641.128000 3.0971150 2.6386973 1.1717775 -0.0629990 0.7728350 -0.6293830 0.0513236
29641.228000 3.1024105 2.6402091 1.1710679 -0.0623687 0.7725388 -0.6298501 0.0508215
29641.328000 3.1069184 2.6414359 1.1704505 -0.0619573 0.7722771 -0.6302556 0.0502720
29641.428000 3.0402703 2.6278920 1.1722408 -0.0714612 0.7720559 -0.6288271 0.0583049
29641.528000 3.0375304 2.6279068 1.1719033 -0.0718672 0.7719800 -0.6288412 0.0586578
29641.628000 3.0375431 2.6283496 1.1716021 -0.0718734 0.7719120 -0.6289224 0.0586746
29641.728000 3.0394589 2.6295782 1.1708314 -0.0716073 0.7718390 -0.6290504 0.0585878
29641.828000 3.0452507 2.6320091 1.1693709 -0.0708599 0.7716790 -0.6293682 0.0581899
29641.928000 3.0506010 2.6337058 1.1684296 -0.0702747 0.7713712 -0.6298597 0.0576593
29642.028000 2.9887922 2.6230314 1.1677083 -0.0793840 0.7701880 -0.6294991 0.0651116
29642.128000 2.9858665 2.6199998 1.1692382 -0.0799946 0.7706677 -0.6288152 0.0652960
29642.228000 2.9858883 2.6204667 1.1689064 -0.0799991 0.7706205 -0.6288694 0.0653261
29642.328000 2.9886102 2.6218830 1.1680137 -0.0796773 0.7704715 -0.6291093 0.0651664
29642.428000 2.9990198 2.6257187 1.1655141 -0.0785828 0.7701183 -0.6297763 0.0642205
29642.528000 2.9351522 2.6114172 1.1660932 -0.0878565 0.7691432 -0.6289069 0.0719452
29642.628000 2.9331089 2.6114450 1.1657176 -0.0881558 0.7691784 -0.6287891 0.0722313
29642.728000 2.9331292 2.6119066 1.1653965 -0.0881634 0.7691174 -0.6288589 0.0722646
29642.828000 2.9354975 2.6133563 1.1644396 -0.0878586 0.7689303 -0.6291460 0.0721274
29642.928000 2.9450487 2.6176012 1.1615162 -0.0866642 0.7684409 -0.6300016 0.0713160
29643.028000 2.8819798 2.6021451 1.1619072 -0.0961111 0.7673235 -0.6291059 0.0787594
29643.128000 2.8799177 2.6021239 1.1615311 -0.0964085 0.7673569 -0.6289823 0.0790571
29643.228000 2.8799392 2.6025873 1.1612087 -0.0964171 0.7672910 -0.6290567 0.0790946
29643.329000 2.8827520 2.6043826 1.1599613 -0.0960820 0.7670630 -0.6294064 0.0789313
29643.428000 2.8922313 2.6090907 1.1565203 -0.0949792 0.7665208 -0.6303322 0.0781423
29643.528000 2.8290280 2.5921497 1.1571723 -0.1041901 0.7655051 -0.6291186 0.0857681
29643.628000 2.8256674 2.5917846 1.1568149 -0.1046937 0.7654147 -0.6290826 0.0862250
29643.728000 2.8254567 2.5922007 1.1565222 -0.1046406 0.7653409 -0.6291653 0.0863408
29643.828000 2.8283448 2.5941769 1.1551018 -0.1042694 0.7650794 -0.6295679 0.0861727
29643.928000 2.8375357 2.5991192 1.1513699 -0.1032207 0.7644877 -0.6305698 0.0853567
29644.028000 2.7740683 2.5806015 1.1520580 -0.1127890 0.7633645 -0.6292342 0.0928311
29644.128000 2.7710776 2.5802775 1.1517326 -0.1131397 0.7632642 -0.6292235 0.0933002
29644.228000 2.7710829 2.5807328 1.1514163 -0.1131474 0.7631803 -0.6293177 0.0933422
29644.328000 2.7743605 2.5831658 1.1496154 -0.1127503 0.7628514 -0.6298143 0.0931615
29644.428000 2.7825978 2.5883179 1.1456261 -0.1117714 0.7621985 -0.6308689 0.0925475
29644.528000 2.7184269 2.5680388 1.1465935 -0.1213103 0.7610611 -0.6293060 0.1002182
29644.628000 2.7155084 2.5676659 1.1462736 -0.1216552 0.7609391 -0.6293135 0.1006790
29644.728000 2.7155154 2.5681188 1.1459572 -0.1216641 0.7608470 -0.6294169 0.1007175
29644.828000 2.7189323 2.5708571 1.1438820 -0.1212110 0.7604863 -0.6299748 0.1004995
29644.928000 2.7263390 2.5759983 1.1398277 -0.1202459 0.7598477 -0.6310237 0.0999073
29645.028000 2.6620098 2.5540904 1.1409619 -0.1297204 0.7586595 -0.6292953 0.1076839
29645.128000 2.6593203 2.5537091 1.1406118 -0.1301261 0.7585179 -0.6293162 0.1080688
29645.228000 2.6593320 2.5541618 1.1402921 -0.1301361 0.7584195 -0.6294268 0.1081030
29645.329000 2.6627156 2.5570891 1.1380627 -0.1297798 0.7580162 -0.6300344 0.1078202
29645.428000 2.6044306 2.5405216 1.1338328 -0.1384533 0.7556110 -0.6297421 0.1153584
29645.528000 2.6025031 2.5380547 1.1350584 -0.1386849 0.7559803 -0.6292236 0.1154904
29645.628000 2.6025248 2.5385307 1.1347039 -0.1386879 0.7559025 -0.6293067 0.1155429
29645.728000 2.6025348 2.5389833 1.1343786 -0.1386961 0.7558001 -0.6294219 0.1155759
29645.828000 2.6058183 2.5422279 1.1318602 -0.1382505 0.7553391 -0.6301062 0.1153941
29645.928000 2.5476997 2.5241456 1.1278502 -0.1469823 0.7528516 -0.6296776 0.1229506
29646.028000 2.5448884 2.5213033 1.1291618 -0.1472355 0.7532558 -0.6290742 0.1232601
29646.128000 2.5446975 2.5217114 1.1288386 -0.1471797 0.7531777 -0.6291561 0.1233859
29646.228000 2.5481943 2.5254599 1.1258991 -0.1467590 0.7527013 -0.6298783 0.1231089
29646.329000 2.4890323 2.5037048 1.1233936 -0.1557697 0.7502903 -0.6291056 0.1304849
29646.428000 2.4873268 2.5034155 1.1229341 -0.1560862 0.7503748 -0.6288775 0.1307207
29646.528000 2.4871342 2.5038314 1.1226033 -0.1560206 0.7502874 -0.6289719 0.1308462
29646.628000 2.4906648 2.5083380 1.1190186 -0.1554546 0.7496662 -0.6298780 0.1307218
29646.728000 2.4314985 2.4846359 1.1172403 -0.1642914 0.7474279 -0.6286793 0.1382833
29646.828000 2.4283327 2.4837700 1.1168312 -0.1647536 0.7473198 -0.6285842 0.1387491
29646.928000 2.4285808 2.4843046 1.1164327 -0.1648202 0.7472173 -0.6286969 0.1387111
29647.028000 2.4286069 2.4847545 1.1160933 -0.1648276 0.7470999 -0.6288305 0.1387291
29647.128000 2.4316652 2.4894956 1.1122694 -0.1642652 0.7464205 -0.6298046 0.1386347
29647.228000 2.3719284 2.4633611 1.1111921 -0.1730025 0.7443441 -0.6281671 0.1463832
29647.328000 2.3690065 2.4624976 1.1107434 -0.1735353 0.7441993 -0.6281023 0.1467668
29647.428000 2.3690299 2.4629683 1.1103712 -0.1735357 0.7440973 -0.6282139 0.1468053
29647.528000 2.3718889 2.4681504 1.1061498 -0.1729794 0.7433847 -0.6292273 0.1467321
29647.628000 2.3107787 2.4399216 1.1049152 -0.1822989 0.7409770 -0.6275770 0.1544908
29647.728000 2.3095134 2.4397955 1.1045000 -0.1824786 0.7408789 -0.6275848 0.1547170
29647.828000 2.3097450 2.4403388 1.1040852 -0.1825436 0.7407673 -0.6277080 0.1546747
29647.928000 2.3118992 2.4455902 1.0997371 -0.1820142 0.7399906 -0.6287712 0.1546983
29648.028000 2.2513070 2.4156198 1.0989167 -0.1911798 0.7375885 -0.6268992 0.1625142
29648.128000 2.2494123 2.4151445 1.0984936 -0.1914568 0.7374549 -0.6268923 0.1628207
29648.228000 2.2494138 2.4156101 1.0981086 -0.1914514 0.7373472 -0.6270107 0.1628589
29648.328000 2.2511796 2.4205441 1.0940143 -0.1910477 0.7366082 -0.6280223 0.1627794
29648.428000 2.1921129 2.3899763 1.0929269 -0.1998519 0.7340877 -0.6261763 0.1705217
29648.529000 2.1889906 2.3887911 1.0924908 -0.2003083 0.7339147 -0.6261044 0.1709944
29648.628000 2.1892069 2.3893474 1.0920536 -0.2003699 0.7337997 -0.6262311 0.1709516
29648.728000 2.1902218 2.3943248 1.0877845 -0.1999837 0.7330635 -0.6271886 0.1710520
29648.828000 2.1310086 2.3615956 1.0869628 -0.2090041 0.7304653 -0.6251023 0.1788430
29648.928000 2.1285160 2.3606723 1.0865186 -0.2093705 0.7302998 -0.6250618 0.1792318
29649.028000 2.1282865 2.3610454 1.0861554 -0.2092912 0.7301997 -0.6251707 0.1793523
29649.128000 2.1289232 2.3658780 1.0819808 -0.2089630 0.7294226 -0.6262017 0.1793001
29649.228000 2.0691780 2.3312049 1.0811157 -0.2178308 0.7266894 -0.6240084 0.1873120
29649.328000 2.0673253 2.3305831 1.0806568 -0.2180950 0.7265629 -0.6239712 0.1876189
29649.428000 2.0673024 2.3310506 1.0802411 -0.2180823 0.7264549 -0.6240889 0.1876603
29649.528000 2.0669182 2.3353055 1.0763544 -0.2177055 0.7257493 -0.6249660 0.1879091
29649.628000 2.0080708 2.2991478 1.0754447 -0.2268016 0.7228442 -0.6226768 0.1957828
29649.728000 2.0063551 2.2986040 1.0749294 -0.2271440 0.7226821 -0.6226566 0.1960484
29649.828000 2.0061220 2.2989719 1.0745508 -0.2271064 0.7225798 -0.6227482 0.1961781
29649.928000 2.0055218 2.3034335 1.0704351 -0.2268970 0.7218141 -0.6236565 0.1963536
29650.028000 1.9476100 2.2656696 1.0695594 -0.2359441 0.7187753 -0.6213396 0.2040333
29650.128000 1.9457851 2.2649482 1.0690838 -0.2362005 0.7186362 -0.6213022 0.2043402
29650.228000 1.9459444 2.2655199 1.0686090 -0.2362533 0.7185149 -0.6214344 0.2043035
29650.328000 1.9444713 2.2697579 1.0644492 -0.2359237 0.7176854 -0.6224138 0.2046188
29650.428000 1.8858795 2.2293861 1.0639968 -0.2448866 0.7146292 -0.6197330 0.2127598
29650.528000 1.8845853 2.2290310 1.0635135 -0.2450881 0.7144933 -0.6197212 0.2130186
29650.628000 1.8844671 2.2294963 1.0630731 -0.2451060 0.7143692 -0.6198307 0.2130951
29650.728000 1.8828545 2.2336105 1.0589498 -0.2449835 0.7135647 -0.6207186 0.2133469
29650.828000 1.8258116 2.1920085 1.0582830 -0.2540522 0.7102878 -0.6181249 0.2210662
29650.928000 1.8247702 2.1917236 1.0577456 -0.2542881 0.7101549 -0.6181269 0.2212164
29651.028000 1.8245060 2.1920722 1.0573369 -0.2542047 0.7100559 -0.6182292 0.2213441
29651.128000 1.8244219 2.1925069 1.0569205 -0.2541874 0.7099244 -0.6183757 0.2213767
29651.228000 1.8222696 2.1964331 1.0527202 -0.2539875 0.7091415 -0.6192590 0.2216463
29651.329000 1.7671724 2.1536031 1.0527939 -0.2626753 0.7060862 -0.6162848 0.2294275
29651.428000 1.7642040 2.1518557 1.0522934 -0.2631482 0.7058399 -0.6161765 0.2299338
29651.528000 1.7640551 2.1523122 1.0518355 -0.2631672 0.7057126 -0.6162831 0.2300173
29651.628000 1.7613776 2.1560603 1.0476154 -0.2631437 0.7048227 -0.6171782 0.2303722
29651.728000 1.7062527 2.1120750 1.0467725 -0.2720059 0.7008933 -0.6148861 0.2380683
29651.828000 1.7043495 2.1102889 1.0468055 -0.2721242 0.7012228 -0.6142738 0.2385431
29651.928000 1.7042593 2.1108651 1.0462172 -0.2721588 0.7008338 -0.6146825 0.2385938
29652.028000 1.7008417 2.1142779 1.0420509 -0.2719119 0.7002337 -0.6153063 0.2390289
29652.128000 1.6479081 2.0681103 1.0422107 -0.2804758 0.6970985 -0.6119995 0.2466649
29652.228000 1.6449622 2.0661201 1.0417366 -0.2808398 0.6968669 -0.6118769 0.2472086
29652.328000 1.6450112 2.0666953 1.0412240 -0.2808951 0.6967332 -0.6120093 0.2471952
29652.428000 1.6448845 2.0671267 1.0407841 -0.2808861 0.6965938 -0.6121548 0.2472380
29652.528000 1.6406120 2.0702072 1.0363889 -0.2806886 0.6956644 -0.6130843 0.2477753
29652.628000 1.5872276 2.0206903 1.0369031 -0.2898677 0.6920869 -0.6097044 0.2554467
29652.729000 1.5866388 2.0207852 1.0363269 -0.2900284 0.6919385 -0.6097455 0.2555679
29652.828000 1.5864503 2.0212245 1.0358450 -0.2900458 0.6918063 -0.6098504 0.2556560
29652.928000 1.5820798 2.0237477 1.0317572 -0.2898751 0.6910098 -0.6106266 0.2561502
29653.028000 1.5306148 1.9740173 1.0320240 -0.2983026 0.6875721 -0.6071722 0.2638221
29653.128000 1.5284844 1.9725856 1.0314362 -0.2987236 0.6873148 -0.6071025 0.2641761
29653.229000 1.5281517 1.9728797 1.0309949 -0.2986827 0.6872080 -0.6071762 0.2643308
29653.328000 1.5233794 1.9752417 1.0267739 -0.2987051 0.6863359 -0.6079189 0.2648637
29653.428000 1.4730270 1.9236682 1.0270853 -0.3073418 0.6826342 -0.6044196 0.2724493
29653.528000 1.4713242 1.9225468 1.0265417 -0.3076044 0.6824370 -0.6043613 0.2727761
29653.628000 1.4711372 1.9229779 1.0260454 -0.3075999 0.6823133 -0.6044676 0.2728550
29653.729000 1.4661339 1.9245879 1.0222539 -0.3075163 0.6815196 -0.6051675 0.2733810
29653.828000 1.4167453 1.8715992 1.0224087 -0.3162221 0.6775348 -0.6017026 0.2808987
29653.928000 1.4150314 1.8704102 1.0218553 -0.3164933 0.6773314 -0.6016292 0.2812409
29654.028000 1.4148016 1.8708240 1.0213498 -0.3164998 0.6772023 -0.6017272 0.2813348
29654.128000 1.4098817 1.8719068 1.0179353 -0.3165413 0.6763973 -0.6023408 0.2819111
29654.228000 1.3611836 1.8172245 1.0179416 -0.3251004 0.6723293 -0.5987129 0.2895271
29654.328000 1.3595092 1.8159891 1.0173732 -0.3253676 0.6721364 -0.5986223 0.2898618
29654.428000 1.3592673 1.8163970 1.0168569 -0.3253710 0.6720105 -0.5987154 0.2899577
29654.528000 1.3546945 1.8168879 1.0139709 -0.3253693 0.6713859 -0.5991760 0.2904546
29654.628000 1.3063028 1.7599336 1.0138427 -0.3339371 0.6671304 -0.5954258 0.2981462
29654.728000 1.3051308 1.7592129 1.0132566 -0.3341152 0.6670081 -0.5953384 0.2983947
29654.828000 1.3049913 1.7597651 1.0126795 -0.3341711 0.6668599 -0.5954551 0.2984305
29654.928000 1.3002292 1.7596402 1.0100579 -0.3341782 0.6662798 -0.5958220 0.2989855
29655.028000 1.2533683 1.7013821 1.0100362 -0.3425812 0.6620255 -0.5918782 0.3066603
29655.128000 1.2516578 1.6998910 1.0094848 -0.3427914 0.6618944 -0.5917060 0.3070404
29655.228000 1.2514960 1.7004298 1.0089026 -0.3428426 0.6617488 -0.5918182 0.3070809
29655.328000 1.2469162 1.6998917 1.0065958 -0.3428899 0.6611803 -0.5921398 0.3076323
29655.428000 1.2010986 1.6400244 1.0064516 -0.3513556 0.6565612 -0.5882934 0.3152578
29655.528000 1.1995245 1.6385995 1.0058366 -0.3516254 0.6564480 -0.5880948 0.3155630
29655.628000 1.1993487 1.6391367 1.0052425 -0.3516760 0.6563055 -0.5882017 0.3156039
29655.728000 1.1949053 1.6383651 1.0030796 -0.3517730 0.6557140 -0.5885412 0.3160922
29655.828000 1.1502539 1.5767251 1.0029323 -0.3601833 0.6508987 -0.5846389 0.3237226
29655.928000 1.1487314 1.5752632 1.0023074 -0.3604522 0.6507975 -0.5844229 0.3240166
29656.028000 1.1483353 1.5754776 1.0017959 -0.3603916 0.6507146 -0.5844613 0.3241810
29656.128000 1.1480396 1.5758219 1.0012851 -0.3603788 0.6505756 -0.5845719 0.3242750
29656.228000 1.1438830 1.5746785 0.9994520 -0.3605847 0.6500503 -0.5847942 0.3246984
29656.328000 1.1007760 1.5106495 1.0000184 -0.3690283 0.6452323 -0.5805865 0.3322839
29656.428000 1.0993122 1.5090855 0.9993827 -0.3693177 0.6452491 -0.5802373 0.3325398
29656.528000 1.0989081 1.5092913 0.9988572 -0.3692584 0.6451710 -0.5802676 0.3327041
29656.628000 1.0949979 1.5079176 0.9972094 -0.3694968 0.6446631 -0.5804609 0.3330868
29656.728000 1.0531502 1.4427100 0.9972569 -0.3780920 0.6392723 -0.5765452 0.3405481
29656.828000 1.0516250 1.4410417 0.9965790 -0.3783403 0.6393358 -0.5761398 0.3408391
29656.928000 1.0512092 1.4412317 0.9960442 -0.3782813 0.6392605 -0.5761641 0.3410047
29657.029000 1.0474509 1.4394739 0.9946276 -0.3784083 0.6388238 -0.5763043 0.3414449
29657.128000 1.0048847 1.3723269 0.9925393 -0.3867358 0.6332433 -0.5721075 0.3494729
29657.229000 1.0050207 1.3697854 0.9942784 -0.3869508 0.6336222 -0.5715787 0.3494134
29657.328000 1.0045953 1.3699656 0.9937277 -0.3868949 0.6335535 -0.5715921 0.3495781
29657.428000 1.0010549 1.3679005 0.9925218 -0.3870950 0.6331376 -0.5716409 0.3500300
29657.528000 0.9604073 1.2991569 0.9906593 -0.3954424 0.6274582 -0.5672316 0.3580083
29657.628000 0.9605817 1.2967178 0.9921683 -0.3959747 0.6274638 -0.5669957 0.3577834
29657.728000 0.9602263 1.2970396 0.9915721 -0.3959714 0.6273677 -0.5670371 0.3578903
29657.828000 0.9598727 1.2973337 0.9910281 -0.3959566 0.6272387 -0.5671229 0.3579966
29657.928000 0.9565608 1.2950929 0.9899727 -0.3961825 0.6267866 -0.5671885 0.3584344
29658.028000 0.9493528 1.2893135 0.9882806 -0.3967264 0.6259307 -0.5672173 0.3592818
29658.128000 0.9185748 1.2224132 0.9905544 -0.4046352 0.6215080 -0.5620620 0.3661755
29658.228000 0.9172340 1.2207174 0.9899456 -0.4048708 0.6212660 -0.5619494 0.3664984
29658.328000 0.9168657 1.2209959 0.9893910 -0.4048559 0.6211425 -0.5620260 0.3666067
29658.428000 0.9135626 1.2183110 0.9884460 -0.4050571 0.6207426 -0.5620397 0.3670405
29658.528000 0.9064736 1.2115966 0.9870223 -0.4055476 0.6199963 -0.5619759 0.3678571
29658.628000 0.8779073 1.1442395 0.9891247 -0.4135389 0.6151901 -0.5570133 0.3745169
29658.729000 0.8766025 1.1424676 0.9885099 -0.4137721 0.6149488 -0.5568899 0.3748390
29658.828000 0.8762221 1.1427284 0.9879497 -0.4137553 0.6148286 -0.5569619 0.3749478
29658.928000 0.8732310 1.1399988 0.9870962 -0.4139779 0.6144212 -0.5569688 0.3753594
29659.028000 0.8660580 1.1322415 0.9857841 -0.4145932 0.6135784 -0.5568586 0.3762214
29659.128000 0.8392196 1.0631887 0.9880587 -0.4224343 0.6088215 -0.5515801 0.3829427
29659.229000 0.8378905 1.0611844 0.9874584 -0.4226187 0.6086207 -0.5514032 0.3833129
29659.328000 0.8375674 1.0615955 0.9868582 -0.4226528 0.6084744 -0.5515034 0.3833634
29659.428000 0.8348323 1.0587602 0.9860830 -0.4228833 0.6080761 -0.5514739 0.3837835
29659.528000 0.8276759 1.0497789 0.9849441 -0.4235388 0.6072057 -0.5512187 0.3848041
29659.628000 0.8029466 0.9800497 0.9870612 -0.4314892 0.6020394 -0.5460960 0.3913372
29659.728000 0.8017578 0.9782055 0.9864243 -0.4317173 0.6018119 -0.5459512 0.3916374
29659.828000 0.8013554 0.9784300 0.9858478 -0.4316970 0.6017036 -0.5460107 0.3917432
29659.928000 0.7988590 0.9755084 0.9851165 -0.4319239 0.6013378 -0.5459485 0.3921414
29660.028000 0.7920739 0.9658606 0.9840419 -0.4326822 0.6004753 -0.5456102 0.3930968
29660.128000 0.7691033 0.8941502 0.9863361 -0.4404457 0.5953588 -0.5401306 0.3997679
29660.228000 0.7679043 0.8920653 0.9857091 -0.4406264 0.5951777 -0.5399285 0.4001115
29660.328000 0.7675531 0.8924423 0.9850994 -0.4406557 0.5950428 -0.5400195 0.4001569
29660.428000 0.7651835 0.8892220 0.9844255 -0.4408210 0.5946990 -0.5399246 0.4006138
29660.528000 0.7588236 0.8789755 0.9834270 -0.4416333 0.5937111 -0.5396430 0.4015627
29660.628000 0.7380545 0.8063446 0.9856846 -0.4493875 0.5883123 -0.5341847 0.4081497
29660.729000 0.7369777 0.8043828 0.9850243 -0.4496206 0.5881065 -0.5340074 0.4084216
29660.828000 0.7365002 0.8043930 0.9844511 -0.4495449 0.5880482 -0.5340167 0.4085766
29660.928000 0.7345759 0.8016615 0.9837574 -0.4497898 0.5876759 -0.5339819 0.4088881
29661.028000 0.7286220 0.7905737 0.9828066 -0.4505892 0.5867465 -0.5335640 0.4098871
29661.128000 0.7100433 0.7169438 0.9851198 -0.4581935 0.5812349 -0.5279921 0.4164721
29661.228000 0.7088455 0.7142270 0.9844458 -0.4585067 0.5809953 -0.5277354 0.4167871
29661.328000 0.7084700 0.7145686 0.9838257 -0.4585338 0.5808727 -0.5278188 0.4168225
29661.428000 0.7066000 0.7113678 0.9831691 -0.4586549 0.5805882 -0.5276985 0.4172378
29661.528000 0.7012637 0.6999594 0.9822214 -0.4594304 0.5796609 -0.5273016 0.4181746
29661.628000 0.6849190 0.6249857 0.9844860 -0.4671221 0.5738156 -0.5217085 0.4246797
29661.728000 0.6839778 0.6229230 0.9838017 -0.4673714 0.5736474 -0.5214856 0.4249064
29661.828000 0.6835427 0.6230626 0.9831920 -0.4673452 0.5735673 -0.5215258 0.4249939
29661.928000 0.6819158 0.6200604 0.9824911 -0.4675387 0.5732250 -0.5214383 0.4253502
29662.028000 0.6770491 0.6081204 0.9814452 -0.4683805 0.5722011 -0.5209554 0.4263931
29662.128000 0.6629663 0.5317311 0.9837163 -0.4759824 0.5661906 -0.5151684 0.4329785
29662.228000 0.6621026 0.5296280 0.9830197 -0.4762491 0.5660439 -0.5149196 0.4331731
29662.328000 0.6616618 0.5297425 0.9824025 -0.4762224 0.5659697 -0.5149571 0.4332548
29662.428000 0.6602268 0.5266473 0.9817144 -0.4764019 0.5656615 -0.5148595 0.4335758
29662.528000 0.6560938 0.5143772 0.9807314 -0.4771989 0.5647443 -0.5143460 0.4345035
29662.628000 0.6445854 0.4372196 0.9830261 -0.4846327 0.5586818 -0.5083940 0.4410684
29662.728000 0.6437948 0.4350798 0.9823242 -0.4849048 0.5585355 -0.5081411 0.4412460
29662.828000 0.6433112 0.4349869 0.9817087 -0.4848258 0.5585033 -0.5081368 0.4413785
29662.928000 0.6420507 0.4319808 0.9809785 -0.4850439 0.5581368 -0.5080813 0.4416663
29663.028000 0.6383798 0.4191475 0.9798466 -0.4858307 0.5570963 -0.5075612 0.4427120
29663.129000 0.6296109 0.3425676 0.9820660 -0.4931096 0.5509478 -0.5015764 0.4491332
29663.228000 0.6288246 0.3398402 0.9813647 -0.4934833 0.5506817 -0.5013271 0.4493273
29663.328000 0.6283789 0.3399067 0.9807432 -0.4934538 0.5506116 -0.5013689 0.4493990
29663.428000 0.6272506 0.3366769 0.9799982 -0.4936098 0.5502949 -0.5012653 0.4497310
29663.528000 0.6242969 0.3239648 0.9788105 -0.4942760 0.5493649 -0.5006843 0.4507823
29663.628000 0.6181796 0.2469786 0.9810556 -0.5016850 0.5429236 -0.4946671 0.4570018
29663.728000 0.6175284 0.2447338 0.9803488 -0.5019529 0.5427629 -0.4944178 0.4571682
29663.828000 0.6170799 0.2447677 0.9797230 -0.5019209 0.5426974 -0.4944586 0.4572369
29663.928000 0.6161219 0.2414548 0.9789724 -0.5020789 0.5423860 -0.4943631 0.4575361
29664.028000 0.6139583 0.2294062 0.9778187 -0.5027546 0.5414760 -0.4938845 0.4583881
29664.128000 0.6104357 0.1523533 0.9800557 -0.5098362 0.5351092 -0.4876525 0.4646722
29664.228000 0.6098287 0.1499154 0.9793475 -0.5100349 0.5349661 -0.4873831 0.4649015
29664.328000 0.6094050 0.1501049 0.9787289 -0.5100491 0.5348610 -0.4874712 0.4649144
29664.428000 0.6089716 0.1501148 0.9781613 -0.5099900 0.5347666 -0.4875482 0.4650071
29664.528000 0.6081789 0.1465620 0.9774424 -0.5101044 0.5344450 -0.4874676 0.4653358
29664.628000 0.6067305 0.1352835 0.9763701 -0.5106083 0.5336419 -0.4870453 0.4661463
29664.728000 0.6062339 0.0597604 0.9790503 -0.5179007 0.5272788 -0.4806976 0.4718960
29664.828000 0.6057130 0.0580297 0.9783602 -0.5179880 0.5271563 -0.4805344 0.4721031
29664.928000 0.6052685 0.0580061 0.9777484 -0.5179430 0.5270864 -0.4805867 0.4721773
29665.029000 0.6046064 0.0544976 0.9769573 -0.5180754 0.5267360 -0.4805934 0.4724162
29665.128000 0.6036689 0.0453107 0.9759016 -0.5182842 0.5261288 -0.4803800 0.4730804
29665.229000 0.6050817 -0.0287321 0.9780545 0.5250602 -0.5198218 0.4740294 -0.4789501
29665.328000 0.6046306 -0.0310349 0.9773942 0.5252446 -0.5195704 0.4738723 -0.4791761
29665.428000 0.6055439 -0.0310073 0.9786180 0.5252531 -0.5195608 0.4738715 -0.4791780
29665.528000 0.6138565 -0.0308010 0.9896493 0.5255043 -0.5199166 0.4735266 -0.4788575
29665.628000 0.6276404 -0.0301509 1.0071849 0.5259716 -0.5204210 0.4730586 -0.4782587
29665.728000 0.6400453 -0.0293569 1.0222560 0.5263661 -0.5207415 0.4727790 -0.4777521
29665.828000 0.6500394 -0.0290528 1.0339674 0.5265452 -0.5210053 0.4725398 -0.4775036
29665.928000 0.6602050 -0.0285712 1.0454520 0.5267629 -0.5212256 0.4723485 -0.4772124
29666.028000 0.6706111 -0.0278942 1.0567860 0.5270235 -0.5214034 0.4722044 -0.4768727
29666.128000 0.6812103 -0.0276082 1.0679336 0.5271872 -0.5216611 0.4719721 -0.4766400
29666.228000 0.6920577 -0.0269428 1.0789241 0.5274404 -0.5218422 0.4718255 -0.4763067
29666.329000 0.7031073 -0.0264686 1.0897250 0.5276481 -0.5220636 0.4716346 -0.4760230
29666.428000 0.7143696 -0.0260058 1.1003388 0.5278540 -0.5222898 0.4714392 -0.4757401
29666.528000 0.7258415 -0.0255486 1.1107604 0.5280601 -0.5225199 0.4712402 -0.4754557
29666.628000 0.7375050 -0.0252960 1.1209771 0.5282221 -0.5227927 0.4709943 -0.4752194
29666.728000 0.7493985 -0.0246586 1.1310056 0.5284738 -0.5229940 0.4708292 -0.4748816
29666.828000 0.7614640 -0.0244168 1.1408131 0.5286395 -0.5232756 0.4705753 -0.4746387
29666.928000 0.7737648 -0.0237835 1.1504270 0.5288990 -0.5234873 0.4703981 -0.4742916
29667.028000 0.7862325 -0.0233471 1.1598148 0.5291125 -0.5237422 0.4701790 -0.4739893
29667.128000 0.7988567 -0.0231489 1.1689704 0.5292737 -0.5240434 0.4699100 -0.4737431
29667.228000 0.8117239 -0.0225048 1.1779261 0.5295409 -0.5242708 0.4697236 -0.4733776
29667.328000 0.8247125 -0.0223142 1.1866308 0.5297114 -0.5245784 0.4694432 -0.4731242
29667.428000 0.8379351 -0.0216792 1.1951256 0.5299875 -0.5248119 0.4692425 -0.4727550
29667.528000 0.8512708 -0.0215026 1.2033634 0.5301678 -0.5251251 0.4689476 -0.4724976
29667.628000 0.8648320 -0.0208763 1.2113821 0.5304534 -0.5253642 0.4687322 -0.4721248
29667.728000 0.8785278 -0.0204754 1.2191478 0.5306954 -0.5256431 0.4684674 -0.4718051
29667.828000 0.8923808 -0.0200873 1.2266667 0.5309408 -0.5259260 0.4681937 -0.4714852
29667.929000 0.9063573 -0.0199498 1.2339270 0.5311387 -0.5262522 0.4678673 -0.4712224
29668.028000 0.9205425 -0.0193381 1.2409510 0.5314430 -0.5265029 0.4676250 -0.4708396
29668.129000 0.9348139 -0.0192077 1.2477028 0.5316495 -0.5268363 0.4672891 -0.4705669
29668.228000 0.9492529 -0.0188571 1.2542024 0.5319075 -0.5271367 0.4669901 -0.4702357
29668.328000 0.9638271 -0.0185004 1.2604396 0.5321635 -0.5274470 0.4666928 -0.4698931
29668.428000 0.9785594 -0.0178945 1.2664171 0.5324620 -0.5277332 0.4664454 -0.4694790
29668.528000 0.9933601 -0.0177814 1.2721140 0.5326629 -0.5281031 0.4661042 -0.4691741
29668.628000 1.0083071 -0.0174522 1.2775452 0.5329130 -0.5284410 0.4657997 -0.4688118
29668.728000 1.0233977 -0.0168745 1.2827073 0.5332181 -0.5287421 0.4655378 -0.4683854
29668.828000 1.0385702 -0.0165452 1.2875878 0.5334724 -0.5290909 0.4652301 -0.4680074
29668.928000 1.0538458 -0.0162344 1.2921891 0.5337263 -0.5294470 0.4649172 -0.4676260
29669.028000 1.0691937 -0.0161843 1.2965056 0.5339327 -0.5298477 0.4645541 -0.4672973
29669.128000 1.0846610 -0.0159091 1.3005420 0.5341890 -0.5302152 0.4642295 -0.4669099
29669.229000 1.1002175 -0.0156364 1.3042928 0.5344495 -0.5305859 0.4639019 -0.4665162
29669.328000 1.1158825 -0.0151238 1.3077577 0.5347617 -0.5309211 0.4636157 -0.4660612
29669.428000 1.1315733 -0.0151249 1.3109286 0.5349777 -0.5313407 0.4632334 -0.4657152
29669.528000 1.1473859 -0.0146401 1.3138113 0.5352934 -0.5316858 0.4629373 -0.4652529
29669.628000 1.1632395 -0.0144155 1.3163989 0.5355628 -0.5320746 0.4625918 -0.4648418
29669.728000 1.1791287 -0.0144621 1.3186908 0.5357846 -0.5325090 0.4621944 -0.4644841
29669.828000 1.1951193 -0.0140255 1.3206876 0.5361040 -0.5328690 0.4618834 -0.4640116
29669.928000 1.2111361 -0.0138397 1.3223859 0.5363798 -0.5332712 0.4615245 -0.4635878
29670.028000 1.2271716 -0.0139351 1.3237855 0.5366066 -0.5337202 0.4611118 -0.4632192
29670.128000 1.2432897 -0.0135346 1.3248843 0.5369324 -0.5340928 0.4607886 -0.4627336
29670.228000 1.2594169 -0.0133920 1.3256821 0.5372136 -0.5345084 0.4604161 -0.4622979
29670.328000 1.2755685 -0.0132717 1.3261779 0.5374951 -0.5349296 0.4600377 -0.4618600
29670.428000 1.2936178 -0.0131601 1.3263738 0.5378096 -0.5354052 0.4596117 -0.4613666
29670.529000 1.3158847 -0.0133119 1.3260980 0.5381406 -0.5360314 0.4590454 -0.4608170
29670.628000 1.3348693 -0.0129959 1.3254060 0.5385102 -0.5364946 0.4586445 -0.4602451
29670.728000 1.3423862 -0.0128223 1.3250218 0.5425485 -0.5327516 0.4551543 -0.4633049
29670.828000 1.3534597 -0.0127420 1.3240043 0.5456918 -0.5356679 0.4514833 -0.4598295
29670.928000 1.3535042 -0.0126982 1.3240006 0.5456987 -0.5356613 0.4514759 -0.4598362
29671.028000 1.3534433 -0.0134950 1.3240000 0.5439879 -0.5374066 0.4528489 -0.4584749
29671.128000 1.3535288 -0.0128446 1.3239961 0.5455422 -0.5358580 0.4516091 -0.4596619
29671.228000 1.3534199 -0.0127455 1.3240058 0.5456809 -0.5357074 0.4514951 -0.4597848
29671.328000 1.3533827 -0.0135381 1.3240058 0.5439543 -0.5374278 0.4528857 -0.4584535
29671.428000 1.3534805 -0.0128651 1.3240059 0.5454781 -0.5358323 0.4516718 -0.4597064
29671.528000 1.3534072 -0.0127525 1.3240120 0.5456238 -0.5356809 0.4515545 -0.4598251
29671.628000 1.3533824 -0.0132837 1.3240064 0.5439810 -0.5373753 0.4529529 -0.4584170
29671.728000 1.3534708 -0.0130891 1.3240023 0.5455424 -0.5358306 0.4515115 -0.4597896
29671.828000 1.3533865 -0.0130202 1.3240099 0.5456350 -0.5357289 0.4514304 -0.4598778
29671.928000 1.3533765 -0.0135675 1.3240050 0.5439192 -0.5374681 0.4529009 -0.4584329
29672.028000 1.3534879 -0.0128619 1.3240020 0.5455124 -0.5358378 0.4516317 -0.4596987
29672.128000 1.3534138 -0.0127482 1.3240081 0.5456583 -0.5356859 0.4515144 -0.4598177
29672.228000 1.3534071 -0.0135427 1.3240038 0.5439482 -0.5374306 0.4528876 -0.4584555
29672.328000 1.3535288 -0.0131143 1.3239995 0.5454293 -0.5359402 0.4516249 -0.4596846
29672.428000 1.3534560 -0.0130128 1.3240061 0.5456156 -0.5357468 0.4514639 -0.4598471
29672.528000 1.3534354 -0.0132952 1.3240007 0.5439494 -0.5374440 0.4529835 -0.4583438
29672.628000 1.3535467 -0.0128283 1.3239972 0.5455272 -0.5358480 0.4516371 -0.4596640
29672.728000 1.3534715 -0.0127323 1.3240040 0.5456725 -0.5356957 0.4515139 -0.4597900
29672.828000 1.3534125 -0.0135330 1.3240056 0.5439527 -0.5374019 0.4528933 -0.4584783
29672.928000 1.3534177 -0.0128119 1.3240115 0.5454924 -0.5357578 0.4516820 -0.4597663
29673.028000 1.3533461 -0.0127347 1.3240188 0.5456330 -0.5356135 0.4515564 -0.4598910
29673.128000 1.3533759 -0.0126844 1.3240165 0.5456410 -0.5355998 0.4515506 -0.4599031
29673.228000 1.3534465 -0.0134842 1.3240039 0.5439685 -0.5373630 0.4528759 -0.4585224
29673.329000 1.3536803 -0.0130800 1.3239876 0.5455409 -0.5358663 0.4515159 -0.4597454
29673.428000 1.3535582 -0.0127343 1.3239964 0.5457226 -0.5356692 0.4514521 -0.4598221
29673.528000 1.3534502 -0.0132809 1.3240012 0.5439707 -0.5373891 0.4529643 -0.4584018
29673.628000 1.3534027 -0.0128246 1.3240139 0.5454746 -0.5357574 0.4516959 -0.4597741
29673.728000 1.3533627 -0.0129988 1.3240190 0.5455806 -0.5356567 0.4515096 -0.4599488
29673.828000 1.3533310 -0.0132608 1.3240124 0.5440192 -0.5372769 0.4529308 -0.4585088
29673.928000 1.3534897 -0.0130961 1.3240019 0.5454632 -0.5359007 0.4515921 -0.4597226
29674.028000 1.3533281 -0.0127009 1.3240153 0.5456805 -0.5356536 0.4515526 -0.4597916
29674.128000 1.3533216 -0.0132420 1.3240100 0.5439844 -0.5373812 0.4530047 -0.4583548
29674.228000 1.3534323 -0.0127728 1.3240067 0.5455728 -0.5357668 0.4516453 -0.4596964
29674.328000 1.3534189 -0.0127361 1.3240070 0.5456800 -0.5356660 0.4514984 -0.4598309
29674.428000 1.3534479 -0.0132661 1.3239982 0.5440475 -0.5373523 0.4528894 -0.4584278
29674.528000 1.3536164 -0.0128332 1.3239884 0.5455557 -0.5358604 0.4515855 -0.4596663
29674.628000 1.3535072 -0.0129291 1.3240013 0.5457842 -0.5356178 0.4513503 -0.4599088
29674.728000 1.3534156 -0.0134965 1.3240052 0.5440226 -0.5373576 0.4528682 -0.4584721
29674.828000 1.3533851 -0.0130409 1.3240180 0.5454702 -0.5357960 0.4516576 -0.4597721
29674.928000 1.3532740 -0.0126989 1.3240255 0.5456543 -0.5355934 0.4515917 -0.4598543
29675.028000 1.3533596 -0.0134877 1.3240123 0.5439810 -0.5373519 0.4529287 -0.4584683
29675.128000 1.3535171 -0.0128004 1.3240026 0.5456156 -0.5357508 0.4516017 -0.4597070
29675.228000 1.3534489 -0.0126755 1.3240066 0.5457259 -0.5356383 0.4515258 -0.4597818
29675.328000 1.3534012 -0.0132310 1.3240038 0.5440252 -0.5373704 0.4529770 -0.4583465
29675.428000 1.3535122 -0.0130395 1.3239996 0.5455383 -0.5358580 0.4515744 -0.4597006
29675.528000 1.3534516 -0.0129643 1.3240053 0.5456865 -0.5357083 0.4514432 -0.4598281
29675.628000 1.3534138 -0.0135004 1.3240033 0.5440264 -0.5373847 0.4528683 -0.4584357
29675.728000 1.3534361 -0.0128286 1.3240086 0.5455676 -0.5357854 0.4516326 -0.4596934
29675.828000 1.3535573 -0.0130060 1.3239966 0.5456654 -0.5357375 0.4514127 -0.4598491
29675.928000 1.3534809 -0.0132961 1.3239951 0.5440067 -0.5374076 0.4529288 -0.4583725
29676.028000 1.3536756 -0.0130775 1.3239851 0.5455346 -0.5358932 0.4515246 -0.4597130
29676.128000 1.3534167 -0.0126863 1.3240072 0.5457546 -0.5356168 0.4514865 -0.4598114
29676.228000 1.3534536 -0.0134725 1.3240013 0.5440876 -0.5373145 0.4528222 -0.4584909
29676.329000 1.3534745 -0.0128304 1.3240079 0.5455476 -0.5357796 0.4516539 -0.4597029
29676.428000 1.3536089 -0.0130070 1.3239951 0.5456454 -0.5357314 0.4514350 -0.4598580
29676.528000 1.3535405 -0.0135621 1.3239940 0.5439672 -0.5374286 0.4528694 -0.4584534
29676.628000 1.3535573 -0.0130782 1.3239969 0.5455355 -0.5358196 0.4515258 -0.4597965
29676.728000 1.3534206 -0.0127476 1.3240068 0.5456793 -0.5356494 0.4514985 -0.4598510
29676.828000 1.3533814 -0.0132792 1.3240047 0.5440266 -0.5373255 0.4529187 -0.4584550
29676.928000 1.3534733 -0.0128327 1.3240032 0.5455341 -0.5358030 0.4516261 -0.4597189
29677.029000 1.3533191 -0.0129467 1.3240195 0.5456830 -0.5356357 0.4514651 -0.4598954
29677.128000 1.3532900 -0.0135142 1.3240166 0.5439703 -0.5373626 0.4529299 -0.4584673
29677.228000 1.3533065 -0.0127784 1.3240194 0.5455339 -0.5357318 0.4516912 -0.4597382
29677.329000 1.3534919 -0.0130039 1.3240049 0.5456329 -0.5356957 0.4514526 -0.4598972
29677.428000 1.3535048 -0.0135678 1.3239964 0.5439452 -0.5374435 0.4528927 -0.4584391
29677.528000 1.3535966 -0.0128260 1.3239892 0.5455568 -0.5358431 0.4516020 -0.4596691
29677.628000 1.3536039 -0.0129984 1.3239913 0.5456787 -0.5357396 0.4514038 -0.4598396
29677.728000 1.3534546 -0.0133046 1.3239981 0.5439845 -0.5373949 0.4529540 -0.4583888
29677.828000 1.3534511 -0.0128632 1.3240075 0.5454203 -0.5358625 0.4517319 -0.4596807
29677.928000 1.3534793 -0.0130157 1.3240072 0.5455743 -0.5357352 0.4515088 -0.4598655
29678.028000 1.3534364 -0.0132944 1.3240025 0.5439964 -0.5373478 0.4529500 -0.4584338
29678.128000 1.3537539 -0.0130651 1.3239811 0.5455347 -0.5358970 0.4515337 -0.4596994
29678.229000 1.3534924 -0.0129514 1.3240052 0.5456862 -0.5356951 0.4514585 -0.4598288
29678.328000 1.3533164 -0.0132439 1.3240130 0.5440079 -0.5373374 0.4529983 -0.4583846
29678.429000 1.3532956 -0.0127771 1.3240206 0.5454969 -0.5357698 0.4517349 -0.4596950
29678.528000 1.3534371 -0.0127497 1.3240080 0.5456062 -0.5357042 0.4515834 -0.4597905
29678.628000 1.3534184 -0.0132913 1.3240044 0.5439620 -0.5373708 0.4529866 -0.4584115
29678.728000 1.3535951 -0.0130749 1.3239975 0.5454871 -0.5358407 0.4515769 -0.4597791
29678.828000 1.3533147 -0.0129625 1.3240231 0.5456398 -0.5356328 0.4515002 -0.4599156
29678.928000 1.3532885 -0.0135182 1.3240190 0.5439522 -0.5373568 0.4529439 -0.4584817
29679.028000 1.3533512 -0.0130407 1.3240172 0.5454952 -0.5358008 0.4516244 -0.4597693
29679.128000 1.3533007 -0.0129677 1.3240222 0.5456324 -0.5356649 0.4515052 -0.4598821
29679.228000 1.3532587 -0.0135172 1.3240214 0.5439448 -0.5373527 0.4529549 -0.4584844
29679.328000 1.3531934 -0.0127943 1.3240322 0.5455045 -0.5356802 0.4517188 -0.4598061
29679.428000 1.3532461 -0.0129811 1.3240298 0.5455412 -0.5356822 0.4515975 -0.4598794
29679.529000 1.3532817 -0.0135628 1.3240183 0.5438155 -0.5374992 0.4530668 -0.4583555
29679.628000 1.3534787 -0.0130371 1.3240027 0.5455037 -0.5358996 0.4516145 -0.4596538
29679.728000 1.3534177 -0.0129860 1.3240076 0.5456079 -0.5357921 0.4515212 -0.4597473
29679.829000 1.3533386 -0.0135481 1.3240102 0.5438956 -0.5374951 0.4529904 -0.4583407
29679.928000 1.3532443 -0.0127875 1.3240237 0.5455681 -0.5357089 0.4516523 -0.4597625
29680.028000 1.3534398 -0.0127489 1.3240056 0.5456596 -0.5356762 0.4515239 -0.4598181
29680.128000 1.3534440 -0.0133147 1.3239993 0.5439522 -0.5374284 0.4529873 -0.4583549
29680.228000 1.3535777 -0.0128175 1.3239929 0.5455853 -0.5358001 0.4515837 -0.4597033
29680.329000 1.3533632 -0.0129608 1.3240147 0.5456372 -0.5357216 0.4515089 -0.4598067
29680.428000 1.3533836 -0.0135508 1.3240077 0.5438971 -0.5374949 0.4529890 -0.4583407
29680.529000 1.3534925 -0.0130175 1.3240047 0.5455716 -0.5357812 0.4515513 -0.4597735
29680.628000 1.3532873 -0.0127034 1.3240201 0.5456950 -0.5356049 0.4515438 -0.4598398
29680.729000 1.3533162 -0.0135386 1.3240139 0.5438871 -0.5374654 0.4530053 -0.4583710
29680.828000 1.3531626 -0.0128184 1.3240278 0.5454201 -0.5358397 0.4517956 -0.4596450
29680.928000 1.3532280 -0.0129837 1.3240255 0.5455412 -0.5357581 0.4516007 -0.4597879
29681.028000 1.3532408 -0.0135608 1.3240189 0.5438227 -0.5375140 0.4530683 -0.4583281
29681.128000 1.3532698 -0.0128010 1.3240200 0.5455087 -0.5357779 0.4517129 -0.4596931
29681.228000 1.3531859 -0.0127343 1.3240265 0.5455567 -0.5357209 0.4516821 -0.4597329
29681.328000 1.3532960 -0.0135659 1.3240150 0.5437907 -0.5375528 0.4530938 -0.4582955
29681.428000 1.3534010 -0.0130274 1.3240141 0.5454927 -0.5358176 0.4516304 -0.4597469
29681.528000 1.3533394 -0.0129817 1.3240186 0.5455882 -0.5357196 0.4515446 -0.4598320
29681.628000 1.3533294 -0.0135449 1.3240137 0.5438816 -0.5374643 0.4530079 -0.4583762
29681.728000 1.3533428 -0.0128595 1.3240176 0.5454845 -0.5358230 0.4517071 -0.4596749
29681.828000 1.3535756 -0.0127637 1.3239941 0.5456271 -0.5357438 0.4515513 -0.4597511
29681.928000 1.3535117 -0.0133479 1.3239942 0.5438656 -0.5375009 0.4530605 -0.4583003
29682.029000 1.3535876 -0.0128108 1.3239942 0.5455438 -0.5357597 0.4516217 -0.4597623
29682.129000 1.3535150 -0.0127554 1.3240009 0.5456422 -0.5356556 0.4515372 -0.4598498
29682.228000 1.3534953 -0.0133509 1.3239952 0.5438696 -0.5374805 0.4530535 -0.4583264
29682.328000 1.3536206 -0.0128605 1.3239888 0.5454779 -0.5358993 0.4516684 -0.4596319
29682.428000 1.3535443 -0.0127718 1.3239948 0.5456218 -0.5357477 0.4515530 -0.4597512
29682.528000 1.3536870 -0.0135692 1.3239795 0.5439438 -0.5375187 0.4528919 -0.4583532
29682.628000 1.3536594 -0.0128462 1.3239834 0.5455782 -0.5358431 0.4515657 -0.4596793
29682.729000 1.3535770 -0.0127705 1.3239897 0.5456732 -0.5357394 0.4514947 -0.4597570
29682.828000 1.3536298 -0.0127663 1.3239850 0.5456306 -0.5357891 0.4515310 -0.4597141
29682.929000 1.3536977 -0.0135912 1.3239788 0.5438765 -0.5375785 0.4529429 -0.4583127
29683.028000 1.3535681 -0.0128648 1.3239992 0.5455846 -0.5357264 0.4515621 -0.4598112
29683.128000 1.3530731 -0.0127382 1.3240395 0.5456460 -0.5355584 0.4515876 -0.4599089
29683.228000 1.3531147 -0.0133104 1.3240289 0.5439891 -0.5372833 0.4529995 -0.4584692
29683.328000 1.3533143 -0.0128082 1.3240145 0.5455284 -0.5357939 0.4516762 -0.4596872
29683.428000 1.3532447 -0.0127437 1.3240212 0.5457017 -0.5356131 0.4515263 -0.4598394
29683.528000 1.3531755 -0.0133130 1.3240221 0.5440271 -0.5372895 0.4529618 -0.4584540
29683.628000 1.3532035 -0.0127960 1.3240262 0.5455527 -0.5356977 0.4516588 -0.4597875
29683.728000 1.3535004 -0.0127858 1.3240007 0.5456792 -0.5356532 0.4514954 -0.4598496
29683.829000 1.3535018 -0.0133520 1.3239933 0.5440178 -0.5373648 0.4529162 -0.4584219
29683.928000 1.3538655 -0.0130659 1.3239692 0.5455031 -0.5359678 0.4515496 -0.4596388
29684.028000 1.3538163 -0.0130122 1.3239736 0.5456306 -0.5358435 0.4514358 -0.4597442
29684.128000 1.3535209 -0.0133395 1.3239891 0.5438314 -0.5375587 0.4530930 -0.4582410
29684.228000 1.3537509 -0.0130466 1.3239821 0.5455067 -0.5358609 0.4515697 -0.4597395
29684.328000 1.3534268 -0.0127466 1.3240060 0.5455477 -0.5357313 0.4516433 -0.4597696
29684.428000 1.3534481 -0.0133328 1.3239954 0.5438098 -0.5375427 0.4531200 -0.4582587
29684.528000 1.3536638 -0.0127830 1.3239803 0.5455990 -0.5358132 0.4515626 -0.4596925
29684.628000 1.3535651 -0.0127238 1.3239884 0.5456797 -0.5357157 0.4514992 -0.4597725
29684.728000 1.3537929 -0.0135924 1.3239664 0.5438865 -0.5376437 0.4529270 -0.4582399
29684.828000 1.3537035 -0.0127684 1.3239749 0.5455809 -0.5358812 0.4515915 -0.4596063
29684.928000 1.3536481 -0.0127268 1.3239799 0.5456692 -0.5357974 0.4515124 -0.4596768
29685.028000 1.3535817 -0.0133079 1.3239809 0.5439226 -0.5375357 0.4530160 -0.4582357
29685.128000 1.3535967 -0.0127565 1.3239887 0.5455205 -0.5358391 0.4516739 -0.4596462
29685.228000 1.3535212 -0.0127273 1.3239958 0.5455960 -0.5357578 0.4516044 -0.4597195
29685.328000 1.3537172 -0.0135835 1.3239781 0.5438538 -0.5375907 0.4529844 -0.4582843
29685.428000 1.3535683 -0.0127640 1.3239928 0.5455220 -0.5357831 0.4516653 -0.4597180
29685.528000 1.3534858 -0.0127283 1.3240003 0.5455957 -0.5357014 0.4516004 -0.4597895
29685.628000 1.3536606 -0.0135858 1.3239842 0.5438389 -0.5375540 0.4529976 -0.4583319
29685.728000 1.3535226 -0.0129038 1.3240026 0.5454934 -0.5357835 0.4516448 -0.4597716
29685.828000 1.3536234 -0.0129955 1.3239950 0.5455779 -0.5357544 0.4515144 -0.4598334
29685.929000 1.3534226 -0.0133419 1.3239984 0.5438084 -0.5375182 0.4531275 -0.4582816
29686.028000 1.3538731 -0.0130580 1.3239689 0.5454521 -0.5360070 0.4516101 -0.4595942
29686.128000 1.3535584 -0.0127498 1.3239908 0.5455808 -0.5357889 0.4516017 -0.4597040
29686.228000 1.3534835 -0.0133250 1.3239912 0.5438460 -0.5375233 0.4530909 -0.4582672
29686.328000 1.3537577 -0.0130324 1.3239817 0.5455025 -0.5358746 0.4515742 -0.4597240
29686.428000 1.3536940 -0.0129825 1.3239875 0.5456338 -0.5357396 0.4514569 -0.4598407
29686.528000 1.3534434 -0.0132977 1.3239969 0.5439345 -0.5373962 0.4530185 -0.4583828
29686.628000 1.3535963 -0.0128022 1.3239916 0.5455135 -0.5358193 0.4516626 -0.4596887
29686.729000 1.3535005 -0.0127266 1.3239984 0.5456038 -0.5357154 0.4515966 -0.4597673
29686.828000 1.3534830 -0.0133082 1.3239916 0.5438948 -0.5374845 0.4530536 -0.4582918
29686.928000 1.3536081 -0.0128018 1.3239853 0.5455599 -0.5358530 0.4516082 -0.4596477
29687.028000 1.3537750 -0.0129760 1.3239757 0.5456576 -0.5358307 0.4514318 -0.4597309
29687.129000 1.3537967 -0.0135504 1.3239679 0.5439938 -0.5375331 0.4528487 -0.4583197
29687.228000 1.3536786 -0.0127631 1.3239779 0.5455996 -0.5358195 0.4515788 -0.4596685
29687.328000 1.3535972 -0.0127138 1.3239853 0.5456962 -0.5357133 0.4514971 -0.4597579
29687.428000 1.3538501 -0.0135499 1.3239639 0.5439777 -0.5375524 0.4528660 -0.4582991
29687.528000 1.3536836 -0.0127867 1.3239794 0.5455515 -0.5358587 0.4516278 -0.4596318
29687.628000 1.3535927 -0.0127217 1.3239867 0.5456491 -0.5357475 0.4515520 -0.4597200
29687.728000 1.3538020 -0.0135710 1.3239682 0.5438961 -0.5376129 0.4529439 -0.4582480
29687.828000 1.3538339 -0.0130504 1.3239711 0.5454955 -0.5359715 0.4515663 -0.4596271
29687.928000 1.3534838 -0.0127425 1.3239953 0.5456422 -0.5357216 0.4515434 -0.4597668
29688.028000 1.3534899 -0.0133008 1.3239880 0.5439683 -0.5374423 0.4529826 -0.4583241
29688.128000 1.3536505 -0.0127813 1.3239792 0.5455362 -0.5358896 0.4516450 -0.4595970
29688.228000 1.3535714 -0.0127302 1.3239859 0.5456375 -0.5357788 0.4515608 -0.4596885
29688.328000 1.3534871 -0.0133320 1.3239889 0.5438649 -0.5375281 0.4530798 -0.4582502
29688.428000 1.3537694 -0.0129999 1.3239812 0.5455695 -0.5358042 0.4515230 -0.4597768
29688.528000 1.3534111 -0.0127349 1.3240056 0.5456216 -0.5356484 0.4515783 -0.4598423
29688.628000 1.3534176 -0.0133035 1.3239985 0.5439316 -0.5373802 0.4530279 -0.4583957
29688.728000 1.3536062 -0.0128035 1.3239902 0.5455463 -0.5357779 0.4516289 -0.4597310
29688.828000 1.3535005 -0.0127194 1.3239973 0.5456518 -0.5356542 0.4515544 -0.4598231
29688.928000 1.3538042 -0.0135493 1.3239717 0.5439455 -0.5375029 0.4529121 -0.4583499
29689.028000 1.3536392 -0.0127816 1.3239848 0.5455298 -0.5358072 0.4516559 -0.4596899
29689.128000 1.3535507 -0.0127238 1.3239922 0.5456326 -0.5356914 0.4515740 -0.4597834
29689.228000 1.3535185 -0.0133280 1.3239890 0.5438669 -0.5374878 0.4530870 -0.4582879
29689.328000 1.3535980 -0.0127933 1.3239893 0.5454807 -0.5358503 0.4517060 -0.4596487
29689.428000 1.3538247 -0.0129706 1.3239766 0.5455962 -0.5358296 0.4515121 -0.4597263
29689.528000 1.3535104 -0.0133112 1.3239897 0.5439371 -0.5374228 0.4530277 -0.4583395
29689.628000 1.3536246 -0.0128025 1.3239855 0.5455243 -0.5358300 0.4516579 -0.4596680
29689.728000 1.3538370 -0.0129589 1.3239728 0.5456378 -0.5358070 0.4514738 -0.4597408
29689.828000 1.3535663 -0.0127370 1.3239887 0.5455918 -0.5357497 0.4516111 -0.4597274
29689.928000 1.3535177 -0.0133438 1.3239851 0.5438204 -0.5375672 0.4531237 -0.4582137
29690.028000 1.3535904 -0.0127901 1.3239838 0.5455095 -0.5358804 0.4516701 -0.4596147
29690.128000 1.3534796 -0.0127453 1.3239933 0.5456092 -0.5357658 0.4515868 -0.4597118
29690.228000 1.3538363 -0.0129750 1.3239698 0.5455896 -0.5358975 0.4515053 -0.4596617
29690.328000 1.3535100 -0.0133132 1.3239854 0.5439493 -0.5374512 0.4530034 -0.4583156
29690.428000 1.3536160 -0.0127800 1.3239849 0.5455469 -0.5358064 0.4516371 -0.4596890
29690.528000 1.3538295 -0.0129587 1.3239737 0.5456614 -0.5357891 0.4514421 -0.4597650
29690.628000 1.3534950 -0.0133375 1.3239868 0.5439072 -0.5374852 0.4530368 -0.4582928
29690.728000 1.3536128 -0.0127581 1.3239812 0.5456220 -0.5357768 0.4515654 -0.4597048
29690.828000 1.3538729 -0.0129398 1.3239663 0.5457372 -0.5357699 0.4513682 -0.4597698
29690.928000 1.3535392 -0.0133270 1.3239800 0.5439676 -0.5374694 0.4529743 -0.4583013
29691.028000 1.3540069 -0.0129939 1.3239541 0.5456144 -0.5359257 0.4514650 -0.4596389
29691.128000 1.3536036 -0.0127268 1.3239805 0.5457360 -0.5356850 0.4514543 -0.4597856
29691.228000 1.3535245 -0.0133286 1.3239808 0.5439553 -0.5374724 0.4529842 -0.4583027
29691.328000 1.3535745 -0.0127829 1.3239864 0.5455800 -0.5357860 0.4515968 -0.4597131
29691.428000 1.3538332 -0.0129504 1.3239711 0.5456935 -0.5357818 0.4514062 -0.4597704
29691.528000 1.3537872 -0.0135780 1.3239678 0.5438692 -0.5376244 0.4529720 -0.4582387
29691.628000 1.3535073 -0.0128054 1.3239918 0.5454621 -0.5358528 0.4517197 -0.4596545
29691.728000 1.3534096 -0.0127577 1.3239991 0.5455514 -0.5357514 0.4516471 -0.4597380
29691.828000 1.3533838 -0.0133459 1.3239937 0.5438467 -0.5374920 0.4531001 -0.4582940
29691.929000 1.3535406 -0.0127902 1.3239900 0.5455894 -0.5357394 0.4515904 -0.4597625
29692.028000 1.3534267 -0.0127280 1.3239971 0.5456770 -0.5356349 0.4515252 -0.4598445
29692.128000 1.3533791 -0.0133364 1.3239950 0.5438858 -0.5374365 0.4530638 -0.4583486
29692.228000 1.3538507 -0.0129652 1.3239742 0.5455980 -0.5357857 0.4515138 -0.4597735
29692.329000 1.3534008 -0.0127521 1.3240031 0.5455813 -0.5356730 0.4516208 -0.4598198
29692.428000 1.3534109 -0.0127425 1.3240005 0.5455600 -0.5356921 0.4516424 -0.4598015
29692.528000 1.3537532 -0.0135678 1.3239720 0.5437749 -0.5376371 0.4530768 -0.4582320
29692.629000 1.3535688 -0.0128096 1.3239910 0.5454503 -0.5358147 0.4517352 -0.4596976
29692.728000 1.3534270 -0.0127578 1.3240015 0.5455344 -0.5357095 0.4516704 -0.4597841
29692.828000 1.3538186 -0.0129643 1.3239748 0.5455117 -0.5358620 0.4515980 -0.4597044
29692.928000 1.3538150 -0.0136129 1.3239659 0.5436830 -0.5377654 0.4531455 -0.4581226
29693.028000 1.3536139 -0.0128060 1.3239834 0.5455129 -0.5358319 0.4516588 -0.4596783
29693.128000 1.3538677 -0.0129599 1.3239692 0.5456274 -0.5358315 0.4514720 -0.4597265
29693.228000 1.3534640 -0.0133794 1.3239876 0.5437965 -0.5375565 0.4531346 -0.4582438
29693.328000 1.3536085 -0.0128112 1.3239855 0.5454737 -0.5358368 0.4517103 -0.4596685
29693.428000 1.3535015 -0.0127600 1.3239925 0.5455595 -0.5357372 0.4516424 -0.4597495
29693.528000 1.3534882 -0.0133499 1.3239840 0.5438539 -0.5375095 0.4530968 -0.4582682
29693.628000 1.3539669 -0.0129102 1.3239629 0.5455988 -0.5359075 0.4515326 -0.4596123
29693.728000 1.3527552 -0.0127348 1.3240516 0.5455856 -0.5356146 0.4516614 -0.4598426
29693.828000 1.3526948 -0.0133031 1.3240484 0.5439092 -0.5373218 0.4530944 -0.4584251
29693.928000 1.3531099 -0.0128968 1.3240356 0.5455487 -0.5357718 0.4516219 -0.4597422
29694.028000 1.3539533 -0.0129363 1.3239576 0.5457177 -0.5358264 0.4513906 -0.4597051
29694.128000 1.3538902 -0.0135444 1.3239563 0.5439369 -0.5376150 0.4529202 -0.4582206
29694.228000 1.3539407 -0.0130070 1.3239713 0.5455614 -0.5359021 0.4515339 -0.4596617
29694.328000 1.3530942 -0.0129307 1.3240349 0.5455886 -0.5356965 0.4515705 -0.4598331
29694.428000 1.3525947 -0.0133371 1.3240606 0.5438287 -0.5373136 0.4531618 -0.4584636
29694.528000 1.3527244 -0.0128506 1.3240665 0.5455174 -0.5355699 0.4516800 -0.4599575
29694.628000 1.3537959 -0.0129388 1.3239762 0.5456633 -0.5357252 0.4514477 -0.4598315
29694.728000 1.3533392 -0.0133700 1.3239969 0.5438602 -0.5374357 0.4530785 -0.4583654
29694.828000 1.3539071 -0.0129740 1.3239655 0.5455928 -0.5358515 0.4515125 -0.4597043
29694.928000 1.3529733 -0.0129118 1.3240437 0.5456353 -0.5356020 0.4515293 -0.4599282
29695.028000 1.3529777 -0.0135119 1.3240364 0.5438697 -0.5374023 0.4530400 -0.4584313
29695.129000 1.3527911 -0.0128236 1.3240562 0.5454668 -0.5356482 0.4517452 -0.4598623
29695.228000 1.3535303 -0.0127729 1.3239893 0.5455916 -0.5357088 0.4515993 -0.4597868
29695.328000 1.3538839 -0.0135196 1.3239609 0.5439272 -0.5375479 0.4529440 -0.4582872
29695.428000 1.3540017 -0.0129817 1.3239607 0.5455563 -0.5359002 0.4515515 -0.4596526
29695.528000 1.3526213 -0.0127652 1.3240667 0.5455297 -0.5355675 0.4517081 -0.4599180
29695.628000 1.3525395 -0.0133372 1.3240652 0.5438221 -0.5372889 0.4531696 -0.4584926
29695.728000 1.3526198 -0.0128360 1.3240673 0.5453971 -0.5356708 0.4518110 -0.4598539
29695.828000 1.3529528 -0.0129205 1.3240472 0.5455952 -0.5356057 0.4515647 -0.4599366
29695.929000 1.3529161 -0.0135142 1.3240421 0.5438699 -0.5373862 0.4530373 -0.4584527
29696.028000 1.3530509 -0.0129827 1.3240378 0.5454845 -0.5357870 0.4516501 -0.4597730
29696.128000 1.3534469 -0.0127644 1.3239935 0.5457098 -0.5356199 0.4514859 -0.4598615
29696.228000 1.3533744 -0.0133342 1.3239938 0.5440187 -0.5373070 0.4529446 -0.4584604
29696.329000 1.3539023 -0.0129908 1.3239685 0.5454745 -0.5359303 0.4516344 -0.4596331
29696.428000 1.3534146 -0.0128009 1.3239998 0.5455724 -0.5356823 0.4516235 -0.4598168
29696.528000 1.3534286 -0.0133745 1.3239911 0.5439288 -0.5373822 0.4530236 -0.4584009
29696.629000 1.3540487 -0.0129213 1.3239583 0.5456489 -0.5358315 0.4514736 -0.4596992
29696.728000 1.3539927 -0.0129153 1.3239598 0.5457497 -0.5357304 0.4513756 -0.4597937
29696.828000 1.3539814 -0.0135133 1.3239536 0.5440481 -0.5374726 0.4528280 -0.4583467
29696.928000 1.3536776 -0.0128492 1.3239765 0.5455475 -0.5358133 0.4516109 -0.4597060
29697.028000 1.3535887 -0.0127926 1.3239836 0.5456947 -0.5356521 0.4514875 -0.4598404
29697.128000 1.3539545 -0.0135040 1.3239565 0.5440497 -0.5374560 0.4528341 -0.4583582
29697.228000 1.3539712 -0.0129472 1.3239661 0.5455275 -0.5359122 0.4515979 -0.4596272
29697.328000 1.3534728 -0.0128223 1.3239957 0.5455740 -0.5357129 0.4516147 -0.4597878
29697.428000 1.3534365 -0.0134006 1.3239904 0.5439305 -0.5374045 0.4530134 -0.4583830
29697.528000 1.3539123 -0.0129684 1.3239691 0.5455930 -0.5358843 0.4515133 -0.4596652
29697.628000 1.3530130 -0.0129461 1.3240407 0.5455898 -0.5356915 0.4515529 -0.4598547
29697.728000 1.3529908 -0.0135219 1.3240374 0.5439126 -0.5373765 0.4529925 -0.4584576
29697.829000 1.3526672 -0.0128984 1.3240643 0.5453522 -0.5357251 0.4518289 -0.4598263
29697.928000 1.3534559 -0.0128103 1.3239971 0.5456536 -0.5356147 0.4515362 -0.4598849
29698.028000 1.3534474 -0.0133859 1.3239902 0.5440140 -0.5373079 0.4529368 -0.4584728
29698.128000 1.3534158 -0.0144403 1.3239790 0.5410045 -0.5403907 0.4554824 -0.4558813
29698.228000 1.3538653 -0.0145352 1.3239502 0.5410737 -0.5404733 0.4553634 -0.4558201
29698.328000 1.3534838 -0.0144338 1.3239724 0.5410411 -0.5403737 0.4554470 -0.4558935
29698.428000 1.3539251 -0.0145252 1.3239441 0.5411175 -0.5404502 0.4553222 -0.4558368
29698.528000 1.3535324 -0.0144219 1.3239670 0.5410848 -0.5403497 0.4554067 -0.4559102
29698.628000 1.3535424 -0.0144129 1.3239652 0.5411056 -0.5403356 0.4553891 -0.4559199
29698.728000 1.3535650 -0.0144069 1.3239625 0.5411285 -0.5403246 0.4553677 -0.4559271
29698.828000 1.3535889 -0.0144010 1.3239598 0.5411519 -0.5403142 0.4553457 -0.4559336
29698.928000 1.3535921 -0.0143950 1.3239590 0.5411708 -0.5402992 0.4553291 -0.4559455
29699.028000 1.3536192 -0.0143891 1.3239560 0.5411952 -0.5402902 0.4553058 -0.4559505
29699.128000 1.3540694 -0.0144833 1.3239271 0.5412752 -0.5403709 0.4551756 -0.4558899
29699.228000 1.3536723 -0.0143801 1.3239504 0.5412435 -0.5402714 0.4552590 -0.4559622
29699.328000 1.3536778 -0.0143711 1.3239489 0.5412649 -0.5402576 0.4552406 -0.4559715
29699.429000 1.3536958 -0.0143652 1.3239467 0.5412876 -0.5402468 0.4552194 -0.4559785
29699.528000 1.3541343 -0.0144573 1.3239186 0.5413658 -0.5403253 0.4550921 -0.4559197
29699.628000 1.3537436 -0.0143563 1.3239416 0.5413349 -0.5402274 0.4551736 -0.4559910
29699.728000 1.3537470 -0.0143472 1.3239403 0.5413558 -0.5402134 0.4551559 -0.4560005
29699.828000 1.3537633 -0.0143413 1.3239383 0.5413784 -0.5402021 0.4551349 -0.4560080
29699.928000 1.3542087 -0.0144353 1.3239098 0.5414574 -0.5402822 0.4550058 -0.4559482
29700.028000 1.3538078 -0.0143323 1.3239335 0.5414250 -0.5401821 0.4550899 -0.4560213
29700.128000 1.3538101 -0.0143233 1.3239323 0.5414457 -0.5401678 0.4550724 -0.4560311
29700.228000 1.3542545 -0.0144173 1.3239039 0.5415245 -0.5402476 0.4549436 -0.4559716
29700.328000 1.3538526 -0.0143144 1.3239277 0.5414918 -0.5401473 0.4550280 -0.4560450
29700.428000 1.3538539 -0.0143054 1.3239266 0.5415122 -0.5401328 0.4550108 -0.4560551
29700.528000 1.3538679 -0.0142994 1.3239248 0.5415342 -0.5401210 0.4549905 -0.4560632
29700.628000 1.3626459 -0.0118618 1.3240357 0.5425633 -0.5387540 0.4541435 -0.4572996
29700.728000 1.3625790 -0.0116829 1.3240567 0.5425674 -0.5386135 0.4541972 -0.4574068
29700.828000 1.3630191 -0.0117694 1.3240288 0.5426399 -0.5386847 0.4540787 -0.4573547
29700.928000 1.3630616 -0.0117663 1.3240251 0.5426613 -0.5386733 0.4540578 -0.4573635
29701.028000 1.3626669 -0.0116645 1.3240478 0.5426262 -0.5385705 0.4541450 -0.4574397
29701.128000 1.3626751 -0.0116545 1.3240461 0.5426452 -0.5385542 0.4541298 -0.4574514
29701.228000 1.3626992 -0.0116485 1.3240434 0.5426670 -0.5385421 0.4541096 -0.4574597
29701.328000 1.3631478 -0.0117391 1.3240150 0.5427454 -0.5386207 0.4539822 -0.4574007
29701.428000 1.3627525 -0.0116385 1.3240379 0.5427126 -0.5385207 0.4540661 -0.4574741
29701.528000 1.3627635 -0.0116305 1.3240361 0.5427336 -0.5385073 0.4540477 -0.4574831
29701.628000 1.3632028 -0.0117211 1.3240085 0.5428111 -0.5385848 0.4539214 -0.4574254
29701.728000 1.3632531 -0.0117179 1.3240038 0.5428397 -0.5385804 0.4538920 -0.4574257
29701.828000 1.3632696 -0.0117119 1.3240017 0.5428619 -0.5385687 0.4538714 -0.4574336
29701.928000 1.3632877 -0.0117059 1.3239995 0.5428845 -0.5385575 0.4538502 -0.4574409
29702.028000 1.3628799 -0.0116035 1.3240232 0.5428508 -0.5384561 0.4539360 -0.4575151
29702.128000 1.3633104 -0.0116908 1.3239960 0.5429283 -0.5385324 0.4538110 -0.4574574
29702.228000 1.3633410 -0.0116878 1.3239930 0.5429528 -0.5385240 0.4537865 -0.4574626
29702.328000 1.3633582 -0.0116818 1.3239909 0.5429755 -0.5385127 0.4537653 -0.4574699
29702.428000 1.3629492 -0.0115795 1.3240148 0.5429417 -0.5384113 0.4538512 -0.4575443
29702.528000 1.3633783 -0.0116667 1.3239876 0.5430189 -0.5384873 0.4537264 -0.4574868
29702.628000 1.3634076 -0.0116637 1.3239848 0.5430432 -0.5384787 0.4537022 -0.4574923
29702.729000 1.3630060 -0.0115634 1.3240082 0.5430102 -0.5383788 0.4537862 -0.4575655
29702.828000 1.3634255 -0.0116486 1.3239817 0.5430861 -0.5384528 0.4536639 -0.4575097
29702.928000 1.3634541 -0.0116456 1.3239789 0.5431102 -0.5384440 0.4536398 -0.4575154
29703.028000 1.3634689 -0.0116396 1.3239770 0.5431323 -0.5384322 0.4536192 -0.4575233
29703.129000 1.3634835 -0.0116336 1.3239752 0.5431544 -0.5384204 0.4535987 -0.4575313
29703.228000 1.3634977 -0.0116276 1.3239733 0.5431765 -0.5384086 0.4535783 -0.4575393
29703.329000 1.3630815 -0.0115245 1.3239978 0.5431415 -0.5383054 0.4536660 -0.4576153
29703.428000 1.3635123 -0.0116126 1.3239706 0.5432185 -0.5383818 0.4535411 -0.4575578
29703.528000 1.3631171 -0.0115145 1.3239937 0.5431863 -0.5382830 0.4536235 -0.4576306
29703.628000 1.3635385 -0.0116005 1.3239671 0.5432620 -0.5383574 0.4535010 -0.4575747
29703.728000 1.3635647 -0.0115975 1.3239646 0.5432854 -0.5383479 0.4534777 -0.4575811
29703.828000 1.3635772 -0.0115915 1.3239629 0.5433069 -0.5383356 0.4534579 -0.4575897
29703.929000 1.3635895 -0.0115855 1.3239613 0.5433284 -0.5383232 0.4534381 -0.4575984
29704.028000 1.3631758 -0.0114837 1.3239857 0.5432933 -0.5382206 0.4535254 -0.4576742
29704.128000 1.3636002 -0.0115705 1.3239589 0.5433694 -0.5382953 0.4534021 -0.4576182
29704.228000 1.3636248 -0.0115675 1.3239565 0.5433924 -0.5382855 0.4533793 -0.4576250
29704.328000 1.3636361 -0.0115615 1.3239550 0.5434136 -0.5382728 0.4533599 -0.4576341
29704.428000 1.3632172 -0.0114588 1.3239797 0.5433779 -0.5381689 0.4534484 -0.4577110
29704.528000 1.3636449 -0.0115466 1.3239528 0.5434540 -0.5382444 0.4533245 -0.4576545
29704.628000 1.3636685 -0.0115435 1.3239505 0.5434768 -0.5382342 0.4533020 -0.4576617
29704.728000 1.3632487 -0.0114409 1.3239754 0.5434408 -0.5381301 0.4533908 -0.4577389
29704.828000 1.3636759 -0.0115286 1.3239485 0.5435168 -0.5382054 0.4532672 -0.4576825
29704.928000 1.3636988 -0.0115255 1.3239463 0.5435393 -0.5381951 0.4532449 -0.4576900
29705.028000 1.3637084 -0.0115195 1.3239449 0.5435600 -0.5381819 0.4532260 -0.4576995
29705.128000 1.3637178 -0.0115135 1.3239435 0.5435807 -0.5381687 0.4532072 -0.4577092
29705.228000 1.3637271 -0.0115076 1.3239422 0.5436012 -0.5381556 0.4531886 -0.4577188
29705.328000 1.3633104 -0.0114061 1.3239669 0.5435654 -0.5380521 0.4532767 -0.4577957
29705.429000 1.3633059 -0.0113972 1.3239664 0.5435841 -0.5380358 0.4532614 -0.4578077
29705.528000 1.3731089 -0.0117533 1.3239862 0.5427277 -0.5386533 0.4540241 -0.4573417
29705.628000 1.3738713 -0.0118539 1.3239571 0.5427769 -0.5387512 0.4539242 -0.4572672
29705.728000 1.3734937 -0.0117548 1.3239789 0.5427417 -0.5386493 0.4540104 -0.4573434
29705.828000 1.3739310 -0.0118415 1.3239510 0.5428156 -0.5387220 0.4538899 -0.4572896
29705.928000 1.3739753 -0.0118393 1.3239470 0.5428385 -0.5387128 0.4538667 -0.4572962
29706.028000 1.3735747 -0.0117365 1.3239703 0.5428039 -0.5386099 0.4539538 -0.4573722
29706.128000 1.3740075 -0.0118231 1.3239426 0.5428799 -0.5386847 0.4538308 -0.4573160
29706.228000 1.3736225 -0.0117244 1.3239650 0.5428483 -0.5385865 0.4539125 -0.4573880
29706.328000 1.3740622 -0.0118129 1.3239368 0.5429261 -0.5386638 0.4537866 -0.4573296
29706.428000 1.3740945 -0.0118088 1.3239336 0.5429503 -0.5386551 0.4537627 -0.4573348
29706.528000 1.3737000 -0.0117061 1.3239563 0.5429196 -0.5385560 0.4538452 -0.4574061
29706.628000 1.3741167 -0.0117947 1.3239302 0.5429928 -0.5386287 0.4537246 -0.4573532
29706.729000 1.3737212 -0.0116941 1.3239533 0.5429611 -0.5385297 0.4538073 -0.4574253
29706.828000 1.3737278 -0.0116850 1.3239518 0.5429824 -0.5385161 0.4537890 -0.4574342
29706.928000 1.3724065 -0.0126707 1.3240613 -0.5399628 0.5412142 -0.4564006 0.4552207
29707.028000 1.3724395 -0.0127037 1.3240577 -0.5398656 0.5413154 -0.4564828 0.4551332
29707.128000 1.3728961 -0.0127988 1.3240288 -0.5399400 0.5413908 -0.4563595 0.4550789
29707.228000 1.3729380 -0.0127960 1.3240250 -0.5399615 0.5413795 -0.4563387 0.4550877
29707.328000 1.3725356 -0.0126881 1.3240482 -0.5399257 0.5412747 -0.4564284 0.4551648
29707.428000 1.3729771 -0.0127812 1.3240202 -0.5400018 0.5413511 -0.4563038 0.4551087
29707.529000 1.3725847 -0.0126765 1.3240429 -0.5399690 0.5412503 -0.4563887 0.4551823
29707.628000 1.3725985 -0.0126685 1.3240409 -0.5399900 0.5412368 -0.4563705 0.4551918
29707.728000 1.3730446 -0.0127635 1.3240126 -0.5400682 0.5413160 -0.4562425 0.4551331
29707.828000 1.3730775 -0.0127608 1.3240094 -0.5400923 0.5413073 -0.4562185 0.4551389
29707.929000 1.3731565 -0.0136094 1.3239891 -0.5373562 0.5439935 -0.4585393 0.4528368
29708.028000 1.3721399 -0.0145276 1.3240610 -0.5344902 0.5466208 -0.4609575 0.4506042
29708.128000 1.3725928 -0.0146589 1.3240317 -0.5344817 0.5467768 -0.4609022 0.4504814
29708.228000 1.3722176 -0.0145483 1.3240534 -0.5344478 0.5466742 -0.4609899 0.4505565
29708.328000 1.3726556 -0.0146491 1.3240254 -0.5345212 0.5467487 -0.4608676 0.4505042
29708.428000 1.3726906 -0.0146460 1.3240220 -0.5345430 0.5467379 -0.4608468 0.4505126
29708.528000 1.3727151 -0.0146406 1.3240193 -0.5345645 0.5467257 -0.4608274 0.4505218
29708.629000 1.3727382 -0.0146351 1.3240166 -0.5345865 0.5467140 -0.4608073 0.4505304
29708.728000 1.3727601 -0.0146296 1.3240141 -0.5346088 0.5467027 -0.4607869 0.4505386
29708.828000 1.3732550 -0.0156127 1.3239671 -0.5318676 0.5494768 -0.4629923 0.4481408
29708.928000 1.3731326 -0.0165073 1.3239630 -0.5292099 0.5520658 -0.4651565 0.4458585
29709.029000 1.3719299 -0.0183060 1.3240342 -0.5235797 0.5572271 -0.4697061 0.4412917
29709.128000 1.3719267 -0.0183565 1.3240329 -0.5234278 0.5573710 -0.4698266 0.4411620
29709.228000 1.3719571 -0.0183524 1.3240297 -0.5234456 0.5573559 -0.4698126 0.4411748
29709.328000 1.3721959 -0.0191700 1.3239860 -0.5208098 0.5598766 -0.4719031 0.4388654
29709.428000 1.3726314 -0.0193220 1.3239569 -0.5207950 0.5600324 -0.4718479 0.4387434
29709.528000 1.3722515 -0.0191905 1.3239792 -0.5207618 0.5599278 -0.4719404 0.4388169
29709.629000 1.3722648 -0.0191830 1.3239770 -0.5207797 0.5599124 -0.4719271 0.4388296
29709.728000 1.3722889 -0.0191793 1.3239742 -0.5208000 0.5599009 -0.4719094 0.4388393
29709.828000 1.3722592 -0.0201438 1.3239687 -0.5180453 0.5624920 -0.4740332 0.4364909
29709.928000 1.3709215 -0.0209419 1.3240598 -0.5150269 0.5649984 -0.4764491 0.4341893
29710.028000 1.3719567 -0.0220726 1.3239665 -0.5123618 0.5677033 -0.4783631 0.4317025
29710.128000 1.3713434 -0.0228430 1.3239892 -0.5094887 0.5701754 -0.4806056 0.4293477
29710.228000 1.3711165 -0.0237507 1.3239864 -0.5066466 0.5727222 -0.4827318 0.4269292
29710.328000 1.3699946 -0.0245485 1.3240613 -0.5036568 0.5751541 -0.4850139 0.4246047
29710.428000 1.3706264 -0.0255694 1.3239863 -0.5008969 0.5777581 -0.4869747 0.4220824
29710.528000 1.3692326 -0.0272214 1.3240611 -0.4950245 0.5826004 -0.4912914 0.4173251
29710.628000 1.3691557 -0.0281886 1.3240474 -0.4920070 0.5851468 -0.4934301 0.4148000
29710.728000 1.3686278 -0.0290261 1.3240666 -0.4890581 0.5875816 -0.4955307 0.4123341
29710.828000 1.3692258 -0.0300685 1.3239891 -0.4862812 0.5900954 -0.4973896 0.4097824
29710.928000 1.3689257 -0.0309587 1.3239880 -0.4833284 0.5925247 -0.4994276 0.4072839
29711.028000 1.3681459 -0.0318628 1.3240350 -0.4802685 0.5949567 -0.5015133 0.4047877
29711.128000 1.3683594 -0.0338033 1.3239629 -0.4744560 0.5997752 -0.5053522 0.3997254
29711.229000 1.3671447 -0.0344947 1.3240379 -0.4712761 0.6020907 -0.5075412 0.3972249
29711.328000 1.3664669 -0.0362249 1.3240349 -0.4652719 0.6067592 -0.5114563 0.3921452
29711.428000 1.3665060 -0.0371163 1.3239949 -0.4622321 0.6090765 -0.5134258 0.3895653
29711.528000 1.3665637 -0.0371404 1.3239841 -0.4622168 0.6091484 -0.5134218 0.3894764
29711.628000 1.3669728 -0.0373648 1.3239547 -0.4622675 0.6092427 -0.5133007 0.3894284
29711.728000 1.3666196 -0.0371709 1.3239770 -0.4622333 0.6091459 -0.5134064 0.3894812
29711.828000 1.3666266 -0.0371757 1.3239749 -0.4622409 0.6091422 -0.5134015 0.3894844
29711.928000 1.3666437 -0.0371865 1.3239721 -0.4622505 0.6091424 -0.5133920 0.3894852
29712.028000 1.3666595 -0.0371970 1.3239694 -0.4622606 0.6091432 -0.5133817 0.3894854
29712.128000 1.3656895 -0.0379466 1.3240378 -0.4591457 0.6113933 -0.5153813 0.3869956
29712.228000 1.3653465 -0.0377805 1.3240579 -0.4590232 0.6113735 -0.5155393 0.3869617
29712.328000 1.3657333 -0.0379982 1.3240301 -0.4590711 0.6114638 -0.5154237 0.3869163
29712.428000 1.3657653 -0.0380170 1.3240263 -0.4590802 0.6114656 -0.5154130 0.3869168
29712.528000 1.3657835 -0.0380287 1.3240234 -0.4590889 0.6114654 -0.5154047 0.3869179
29712.628000 1.3658000 -0.0380399 1.3240207 -0.4590982 0.6114661 -0.5153953 0.3869183
29712.728000 1.3661925 -0.0390680 1.3239587 -0.4562075 0.6137940 -0.5171330 0.3843242
29712.828000 1.3658333 -0.0388809 1.3239813 -0.4561089 0.6137401 -0.5172838 0.3843244
29712.928000 1.3662172 -0.0391027 1.3239532 -0.4561562 0.6138317 -0.5171673 0.3842787
29713.029000 1.3658747 -0.0389067 1.3239752 -0.4561235 0.6137380 -0.5172707 0.3843280
29713.128000 1.3662543 -0.0391272 1.3239474 -0.4561725 0.6138319 -0.5171514 0.3842805
29713.228000 1.3662859 -0.0391476 1.3239436 -0.4561833 0.6138372 -0.5171372 0.3842782
29713.328000 1.3663011 -0.0391588 1.3239409 -0.4561927 0.6138392 -0.5171271 0.3842775
29713.428000 1.3654039 -0.0396899 1.3239892 -0.4531030 0.6159342 -0.5191674 0.3818219
29713.528000 1.3645113 -0.0404887 1.3240394 -0.4499436 0.6181864 -0.5211198 0.3792498
29713.628000 1.3645458 -0.0405465 1.3240327 -0.4498396 0.6182882 -0.5211723 0.3791352
29713.729000 1.3641962 -0.0403360 1.3240553 -0.4498036 0.6181888 -0.5212843 0.3791860
29713.828000 1.3642052 -0.0403429 1.3240531 -0.4498087 0.6181856 -0.5212819 0.3791886
29713.929000 1.3645966 -0.0405808 1.3240245 -0.4498571 0.6182841 -0.5211586 0.3791398
29714.028000 1.3639994 -0.0412451 1.3240440 -0.4468057 0.6204066 -0.5230784 0.3766290
29714.129000 1.3645467 -0.0424731 1.3239617 -0.4438293 0.6227899 -0.5247290 0.3739088
29714.228000 1.3637693 -0.0430790 1.3239859 -0.4407044 0.6248884 -0.5266833 0.3713472
29714.328000 1.3632424 -0.0449706 1.3239626 -0.4344979 0.6293290 -0.5302469 0.3660530
29714.428000 1.3624374 -0.0455698 1.3239871 -0.4312774 0.6314242 -0.5322002 0.3634092
29714.528000 1.3611396 -0.0460579 1.3240626 -0.4280053 0.6334642 -0.5341775 0.3608170
29714.628000 1.3605828 -0.0478828 1.3240383 -0.4217579 0.6377666 -0.5376082 0.3554595
29714.728000 1.3602113 -0.0477171 1.3240598 -0.4215240 0.6378035 -0.5378245 0.3553435
29714.828000 1.3605838 -0.0479877 1.3240315 -0.4215603 0.6379019 -0.5377085 0.3552994
29714.928000 1.3598469 -0.0485480 1.3240524 -0.4184329 0.6398517 -0.5395247 0.3527276
29715.028000 1.3605562 -0.0488612 1.3239844 -0.4184747 0.6399895 -0.5394071 0.3526079
29715.128000 1.3605854 -0.0488790 1.3239812 -0.4184747 0.6399907 -0.5394069 0.3526060
29715.229000 1.3606127 -0.0488968 1.3239781 -0.4184756 0.6399938 -0.5394044 0.3526032
29715.328000 1.3606379 -0.0489137 1.3239751 -0.4184773 0.6399982 -0.5394003 0.3525995
29715.428000 1.3610060 -0.0491877 1.3239467 -0.4185156 0.6401020 -0.5392781 0.3525526
29715.528000 1.3592445 -0.0492915 1.3240609 -0.4151906 0.6419431 -0.5413154 0.3500050
29715.628000 1.3585796 -0.0510930 1.3240405 -0.4089173 0.6460411 -0.5446127 0.3446949
29715.728000 1.3580590 -0.0519038 1.3240388 -0.4055684 0.6481671 -0.5463862 0.3418418
29715.828000 1.3580196 -0.0527954 1.3239876 -0.4024366 0.6501824 -0.5480107 0.3391045
29715.928000 1.3564982 -0.0541992 1.3240359 -0.3959089 0.6541288 -0.5513879 0.3336810
29716.029000 1.3558943 -0.0549713 1.3240440 -0.3925296 0.6561097 -0.5531245 0.3308985
29716.128000 1.3559473 -0.0550251 1.3240334 -0.3924381 0.6562219 -0.5531442 0.3307515
29716.228000 1.3556513 -0.0547534 1.3240561 -0.3924064 0.6561214 -0.5532637 0.3307887
29716.329000 1.3556750 -0.0547644 1.3240536 -0.3924074 0.6561222 -0.5532629 0.3307874
29716.428000 1.3557036 -0.0547803 1.3240507 -0.3924099 0.6561262 -0.5532580 0.3307845
29716.528000 1.3560560 -0.0550821 1.3240224 -0.3924453 0.6562318 -0.5531326 0.3307429
29716.628000 1.3560917 -0.0551054 1.3240189 -0.3924497 0.6562406 -0.5531221 0.3307377
29716.728000 1.3561888 -0.0561800 1.3239585 -0.3893616 0.6582301 -0.5545661 0.3280048
29716.829000 1.3562115 -0.0562134 1.3239552 -0.3892965 0.6582700 -0.5545981 0.3279478
29716.928000 1.3559199 -0.0559405 1.3239779 -0.3892665 0.6581713 -0.5547150 0.3279838
29717.028000 1.3559389 -0.0559476 1.3239757 -0.3892681 0.6581717 -0.5547140 0.3279826
29717.128000 1.3559662 -0.0559629 1.3239729 -0.3892714 0.6581763 -0.5547081 0.3279796
29717.229000 1.3547988 -0.0564791 1.3240409 -0.3859625 0.6600144 -0.5563903 0.3253363
29717.328000 1.3547151 -0.0573774 1.3239886 -0.3827501 0.6619553 -0.5579406 0.3225210
29717.428000 1.3544495 -0.0584012 1.3239628 -0.3794993 0.6639458 -0.5594107 0.3197123
29717.528000 1.3544787 -0.0584629 1.3239567 -0.3793776 0.6640354 -0.5594557 0.3195918
29717.628000 1.3535506 -0.0588572 1.3239898 -0.3761070 0.6657420 -0.5611468 0.3169312
29717.728000 1.3535672 -0.0588901 1.3239837 -0.3760221 0.6658194 -0.5611708 0.3168268
29717.828000 1.3535992 -0.0589070 1.3239805 -0.3760246 0.6658198 -0.5611686 0.3168269
29717.928000 1.3536288 -0.0589227 1.3239774 -0.3760278 0.6658219 -0.5611644 0.3168261
29718.028000 1.3539641 -0.0592369 1.3239489 -0.3760612 0.6659255 -0.5610394 0.3167900
29718.128000 1.3536926 -0.0589607 1.3239709 -0.3760372 0.6658329 -0.5611479 0.3168213
29718.228000 1.3537080 -0.0589644 1.3239690 -0.3760411 0.6658348 -0.5611438 0.3168197
29718.328000 1.3537322 -0.0589770 1.3239663 -0.3760463 0.6658405 -0.5611354 0.3168166
29718.428000 1.3540695 -0.0592946 1.3239376 -0.3760818 0.6659487 -0.5610049 0.3167780
29718.528000 1.3537852 -0.0590073 1.3239606 -0.3760579 0.6658550 -0.5611146 0.3168090
29718.628000 1.3538026 -0.0590134 1.3239585 -0.3760633 0.6658600 -0.5611070 0.3168057
29718.728000 1.3541208 -0.0593195 1.3239318 -0.3760958 0.6659631 -0.5609827 0.3167705
29718.829000 1.3538460 -0.0590391 1.3239538 -0.3760740 0.6658734 -0.5610876 0.3167991
29718.928000 1.3541660 -0.0593404 1.3239265 -0.3761085 0.6659776 -0.5609620 0.3167615
29719.029000 1.3541991 -0.0593631 1.3239231 -0.3761155 0.6659885 -0.5609474 0.3167563
29719.128000 1.3539082 -0.0590706 1.3239467 -0.3760914 0.6658939 -0.5610582 0.3167875
29719.228000 1.3542254 -0.0593703 1.3239197 -0.3761256 0.6659974 -0.5609333 0.3167503
29719.328000 1.3532880 -0.0599025 1.3239596 -0.3728179 0.6677374 -0.5625783 0.3140688
29719.428000 1.3518237 -0.0610032 1.3239846 -0.3663205 0.6712093 -0.5657055 0.3086497
29719.529000 1.3508808 -0.0616870 1.3240226 -0.3627128 0.6730977 -0.5673753 0.3057193
29719.628000 1.3497660 -0.0619682 1.3240654 -0.3592100 0.6748389 -0.5690846 0.3028255
29719.728000 1.3494319 -0.0629752 1.3240397 -0.3558608 0.6767305 -0.5704679 0.2999420
29719.828000 1.3494638 -0.0630268 1.3240330 -0.3557734 0.6768014 -0.5704888 0.2998462
29719.928000 1.3492002 -0.0627191 1.3240556 -0.3557497 0.6766984 -0.5706087 0.2998787
29720.028000 1.3495152 -0.0630476 1.3240276 -0.3557800 0.6768002 -0.5704851 0.2998480
29720.128000 1.3495513 -0.0630709 1.3240240 -0.3557855 0.6768065 -0.5704752 0.2998463
29720.228000 1.3492823 -0.0627599 1.3240470 -0.3557636 0.6767075 -0.5705903 0.2998766
29720.328000 1.3495928 -0.0630853 1.3240193 -0.3557953 0.6768122 -0.5704633 0.2998442
29720.428000 1.3496253 -0.0631061 1.3240159 -0.3558019 0.6768206 -0.5704508 0.2998412
29720.528000 1.3496478 -0.0631165 1.3240134 -0.3558079 0.6768261 -0.5704417 0.2998389
29720.628000 1.3492875 -0.0638677 1.3239847 -0.3525979 0.6785177 -0.5718648 0.2970842
29720.728000 1.3480070 -0.0652126 1.3239855 -0.3458924 0.6819566 -0.5747692 0.2914343
29720.828000 1.3472992 -0.0659083 1.3239913 -0.3423136 0.6837189 -0.5763152 0.2884626
29720.928000 1.3473294 -0.0659358 1.3239838 -0.3422763 0.6837799 -0.5763037 0.2883850
29721.028000 1.3473603 -0.0659524 1.3239806 -0.3422797 0.6837799 -0.5763013 0.2883861
29721.129000 1.3473888 -0.0659677 1.3239776 -0.3422838 0.6837816 -0.5762966 0.2883864
29721.228000 1.3469733 -0.0669406 1.3239557 -0.3389750 0.6855244 -0.5775850 0.2855659
29721.328000 1.3462189 -0.0664120 1.3240343 -0.3387449 0.6854818 -0.5778060 0.2854940
29721.428000 1.3462522 -0.0664307 1.3240309 -0.3387483 0.6854821 -0.5778034 0.2854944
29721.528000 1.3462808 -0.0664465 1.3240278 -0.3387521 0.6854835 -0.5777994 0.2854948
29721.628000 1.3460345 -0.0661298 1.3240502 -0.3387325 0.6853847 -0.5779144 0.2855224
29721.728000 1.3463240 -0.0664640 1.3240229 -0.3387606 0.6854871 -0.5777904 0.2854943
29721.828000 1.3460810 -0.0661525 1.3240450 -0.3387424 0.6853923 -0.5779007 0.2855202
29721.929000 1.3463709 -0.0664883 1.3240176 -0.3387714 0.6854971 -0.5777738 0.2854910
29722.028000 1.3464014 -0.0665096 1.3240143 -0.3387778 0.6855059 -0.5777609 0.2854882
29722.128000 1.3461496 -0.0661888 1.3240372 -0.3387597 0.6854101 -0.5778725 0.2855141
29722.228000 1.3461579 -0.0661844 1.3240359 -0.3387644 0.6854117 -0.5778683 0.2855132
29722.328000 1.3464478 -0.0665239 1.3240087 -0.3387936 0.6855185 -0.5777390 0.2854838
29722.428000 1.3464897 -0.0665540 1.3240039 -0.3388029 0.6855331 -0.5777193 0.2854775
29722.528000 1.3465069 -0.0665613 1.3240019 -0.3388086 0.6855387 -0.5777103 0.2854755
29722.628000 1.3462524 -0.0662386 1.3240251 -0.3387906 0.6854432 -0.5778214 0.2855012
29722.728000 1.3446187 -0.0673175 1.3240645 -0.3320499 0.6886169 -0.5806877 0.2799133
29722.828000 1.3442047 -0.0683352 1.3240358 -0.3285235 0.6904351 -0.5819872 0.2768801
29722.928000 1.3435304 -0.0689865 1.3240346 -0.3250682 0.6920727 -0.5833600 0.2739655
29723.028000 1.3428407 -0.0696201 1.3240343 -0.3216041 0.6936895 -0.5847223 0.2710452
29723.128000 1.3428491 -0.0696581 1.3240311 -0.3215028 0.6937377 -0.5847612 0.2709581
29723.228000 1.3428758 -0.0696756 1.3240280 -0.3215062 0.6937392 -0.5847574 0.2709583
29723.328000 1.3429006 -0.0696917 1.3240251 -0.3215102 0.6937423 -0.5847518 0.2709579
29723.428000 1.3425978 -0.0704648 1.3239834 -0.3183127 0.6952644 -0.5859697 0.2681864
29723.528000 1.3425793 -0.0704981 1.3239815 -0.3181440 0.6953371 -0.5860399 0.2680447
29723.628000 1.3426056 -0.0705158 1.3239784 -0.3181475 0.6953387 -0.5860359 0.2680450
29723.729000 1.3426301 -0.0705321 1.3239754 -0.3181516 0.6953418 -0.5860302 0.2680447
29723.828000 1.3429109 -0.0709012 1.3239465 -0.3181775 0.6954504 -0.5858991 0.2680188
29723.928000 1.3411654 -0.0716765 1.3239855 -0.3113734 0.6983932 -0.5886177 0.2623408
29724.028000 1.3406794 -0.0726699 1.3239585 -0.3077944 0.7000912 -0.5898362 0.2592839
29724.128000 1.3392801 -0.0726804 1.3240380 -0.3041737 0.7014737 -0.5913305 0.2564007
29724.228000 1.3390340 -0.0723375 1.3240588 -0.3040441 0.7014520 -0.5914746 0.2562812
29724.328000 1.3385114 -0.0732441 1.3240376 -0.3006421 0.7030036 -0.5926114 0.2534008
29724.428000 1.3382962 -0.0729142 1.3240600 -0.3005276 0.7029640 -0.5927522 0.2533173
29724.528000 1.3383194 -0.0729275 1.3240571 -0.3005302 0.7029623 -0.5927526 0.2533181
29724.628000 1.3383436 -0.0729456 1.3240541 -0.3005335 0.7029640 -0.5927487 0.2533184
29724.728000 1.3383661 -0.0729623 1.3240512 -0.3005373 0.7029673 -0.5927430 0.2533180
29724.828000 1.3386245 -0.0733406 1.3240228 -0.3005601 0.7030756 -0.5926126 0.2532955
29724.928000 1.3386518 -0.0733660 1.3240194 -0.3005653 0.7030839 -0.5926009 0.2532936
29725.028000 1.3386708 -0.0733794 1.3240167 -0.3005702 0.7030896 -0.5925923 0.2532920
29725.129000 1.3386890 -0.0733919 1.3240142 -0.3005753 0.7030957 -0.5925833 0.2532902
29725.228000 1.3387063 -0.0734037 1.3240118 -0.3005804 0.7031020 -0.5925740 0.2532883
29725.328000 1.3387223 -0.0734142 1.3240095 -0.3005855 0.7031082 -0.5925649 0.2532865
29725.428000 1.3384986 -0.0730609 1.3240332 -0.3005716 0.7030098 -0.5926800 0.2533069
29725.528000 1.3387546 -0.0734313 1.3240047 -0.3005969 0.7031215 -0.5925456 0.2532814
29725.628000 1.3377893 -0.0738156 1.3240420 -0.2971383 0.7044722 -0.5938805 0.2504671
29725.728000 1.3368521 -0.0740422 1.3240609 -0.2936211 0.7058767 -0.5952066 0.2474951
29725.828000 1.3361544 -0.0760993 1.3239672 -0.2867552 0.7089431 -0.5973335 0.2415861
29725.928000 1.3359736 -0.0758243 1.3239841 -0.2865341 0.7089495 -0.5975052 0.2414049
29726.029000 1.3359941 -0.0758343 1.3239814 -0.2865351 0.7089476 -0.5975072 0.2414044
29726.128000 1.3360170 -0.0758524 1.3239783 -0.2865368 0.7089501 -0.5975037 0.2414035
29726.228000 1.3360382 -0.0758691 1.3239754 -0.2865391 0.7089541 -0.5974985 0.2414019
29726.329000 1.3360582 -0.0758844 1.3239725 -0.2865418 0.7089593 -0.5974920 0.2413998
29726.429000 1.3363018 -0.0762746 1.3239437 -0.2865613 0.7090706 -0.5973594 0.2413780
29726.528000 1.3361021 -0.0759237 1.3239663 -0.2865486 0.7089750 -0.5974725 0.2413940
29726.628000 1.3351925 -0.0763431 1.3239914 -0.2830302 0.7103122 -0.5987251 0.2384925
29726.729000 1.3340342 -0.0766119 1.3240397 -0.2794197 0.7117060 -0.5999465 0.2355068
29726.828000 1.3340536 -0.0766665 1.3240329 -0.2793240 0.7117678 -0.5999573 0.2354059
29726.928000 1.3338603 -0.0763056 1.3240555 -0.2793082 0.7116642 -0.6000812 0.2354219
29727.028000 1.3340928 -0.0766919 1.3240275 -0.2793234 0.7117702 -0.5999563 0.2354019
29727.128000 1.3341198 -0.0767196 1.3240238 -0.2793246 0.7117785 -0.5999474 0.2353982
29727.228000 1.3339261 -0.0763617 1.3240464 -0.2793105 0.7116811 -0.6000639 0.2354124
29727.328000 1.3339356 -0.0763601 1.3240448 -0.2793112 0.7116836 -0.6000619 0.2354093
29727.428000 1.3341638 -0.0767423 1.3240171 -0.2793278 0.7117933 -0.5999324 0.2353876
29727.528000 1.3336866 -0.0774379 1.3239869 -0.2759765 0.7131171 -0.6010310 0.2325141
29727.628000 1.3322904 -0.0773096 1.3240626 -0.2722474 0.7143851 -0.6023920 0.2294760
29727.729000 1.3313815 -0.0789643 1.3239895 -0.2654809 0.7170751 -0.6043923 0.2236806
29727.828000 1.3313378 -0.0790398 1.3239836 -0.2651365 0.7172238 -0.6044817 0.2233706
29727.928000 1.3313613 -0.0790595 1.3239804 -0.2651311 0.7172276 -0.6044819 0.2233645
29728.028000 1.3313830 -0.0790775 1.3239774 -0.2651263 0.7172331 -0.6044799 0.2233579
29728.128000 1.3316011 -0.0794749 1.3239489 -0.2651350 0.7173438 -0.6043530 0.2233354
29728.228000 1.3316285 -0.0795060 1.3239450 -0.2651315 0.7173561 -0.6043431 0.2233271
29728.328000 1.3314471 -0.0791354 1.3239681 -0.2651146 0.7172600 -0.6044617 0.2233345
29728.428000 1.3316562 -0.0795178 1.3239407 -0.2651237 0.7173698 -0.6043359 0.2233116
29728.528000 1.3314818 -0.0791616 1.3239629 -0.2651077 0.7172791 -0.6044483 0.2233179
29728.628000 1.3297658 -0.0799933 1.3239891 -0.2581618 0.7197452 -0.6066378 0.2175085
29728.728000 1.3289550 -0.0805156 1.3239857 -0.2544523 0.7210822 -0.6077344 0.2143676
29728.828000 1.3289561 -0.0805520 1.3239823 -0.2543348 0.7211253 -0.6077681 0.2142663
29728.928000 1.3289787 -0.0805713 1.3239792 -0.2543252 0.7211313 -0.6077685 0.2142564
29729.028000 1.3289997 -0.0805889 1.3239762 -0.2543162 0.7211390 -0.6077669 0.2142459
29729.128000 1.3290195 -0.0806050 1.3239733 -0.2543076 0.7211478 -0.6077638 0.2142349
29729.228000 1.3275744 -0.0802798 1.3240660 -0.2507895 0.7221765 -0.6089947 0.2114028
29729.328000 1.3277551 -0.0807234 1.3240340 -0.2506249 0.7223686 -0.6088996 0.2112158
29729.428000 1.3277862 -0.0807598 1.3240298 -0.2506140 0.7223785 -0.6088963 0.2112042
29729.529000 1.3278079 -0.0807781 1.3240268 -0.2506033 0.7223859 -0.6088959 0.2111927
29729.628000 1.3278282 -0.0807948 1.3240239 -0.2505929 0.7223947 -0.6088940 0.2111807
29729.729000 1.3278473 -0.0808102 1.3240211 -0.2505831 0.7224044 -0.6088907 0.2111684
29729.828000 1.3278656 -0.0808244 1.3240184 -0.2505733 0.7224150 -0.6088866 0.2111557
29729.928000 1.3276988 -0.0804450 1.3240414 -0.2505528 0.7223209 -0.6090066 0.2111559
29730.028000 1.3278960 -0.0808419 1.3240139 -0.2505541 0.7224352 -0.6088794 0.2111300
29730.128000 1.3279157 -0.0808614 1.3240109 -0.2505451 0.7224489 -0.6088715 0.2111168
29730.228000 1.3279301 -0.0808708 1.3240088 -0.2505357 0.7224600 -0.6088666 0.2111039
29730.328000 1.3279562 -0.0808950 1.3240048 -0.2505282 0.7224774 -0.6088544 0.2110883
29730.428000 1.3279666 -0.0808993 1.3240032 -0.2505181 0.7224871 -0.6088513 0.2110760
29730.528000 1.3279804 -0.0809081 1.3240011 -0.2505089 0.7224987 -0.6088459 0.2110629
29730.628000 1.3279946 -0.0809172 1.3239989 -0.2504995 0.7225107 -0.6088402 0.2110495
29730.728000 1.3278228 -0.0805296 1.3240226 -0.2504790 0.7224166 -0.6089604 0.2110492
29730.828000 1.3278329 -0.0805302 1.3240210 -0.2504694 0.7224264 -0.6089572 0.2110361
29730.928000 1.3280307 -0.0809316 1.3239932 -0.2504713 0.7225434 -0.6088267 0.2110100
29731.028000 1.3280498 -0.0809519 1.3239904 -0.2504623 0.7225584 -0.6088173 0.2109963
29731.128000 1.3278809 -0.0805711 1.3240137 -0.2504419 0.7224662 -0.6089353 0.2109958
29731.228000 1.3278865 -0.0805628 1.3240128 -0.2504320 0.7224736 -0.6089350 0.2109831
29731.328000 1.3278993 -0.0805703 1.3240108 -0.2504226 0.7224852 -0.6089297 0.2109699
29731.428000 1.3280978 -0.0809742 1.3239829 -0.2504242 0.7226028 -0.6087985 0.2109437
29731.528000 1.3281141 -0.0809894 1.3239804 -0.2504150 0.7226163 -0.6087909 0.2109305
29731.628000 1.3273430 -0.0814836 1.3239851 -0.2472237 0.7235953 -0.6098458 0.2082749
29731.728000 1.3273380 -0.0815137 1.3239824 -0.2471112 0.7236323 -0.6098804 0.2081784
29731.828000 1.3273607 -0.0815332 1.3239793 -0.2470986 0.7236392 -0.6098816 0.2081659
29731.928000 1.3273817 -0.0815510 1.3239763 -0.2470866 0.7236476 -0.6098808 0.2081530
29732.029000 1.3274016 -0.0815674 1.3239735 -0.2470750 0.7236573 -0.6098786 0.2081397
29732.128000 1.3274205 -0.0815824 1.3239707 -0.2470635 0.7236680 -0.6098752 0.2081259
29732.228000 1.3274386 -0.0815967 1.3239680 -0.2470526 0.7236793 -0.6098710 0.2081120
29732.328000 1.3274562 -0.0816102 1.3239654 -0.2470417 0.7236912 -0.6098662 0.2080978
29732.428000 1.3274733 -0.0816231 1.3239628 -0.2470309 0.7237034 -0.6098609 0.2080834
29732.528000 1.3276688 -0.0820266 1.3239345 -0.2470308 0.7238202 -0.6097315 0.2080567
29732.628000 1.3276950 -0.0820579 1.3239306 -0.2470210 0.7238385 -0.6097190 0.2080411
29732.728000 1.3330962 -0.0892592 1.3239900 -0.2471127 0.7236043 -0.6099040 0.2082048
29732.828000 1.3384525 -0.0964917 1.3240656 -0.2469993 0.7234850 -0.6100923 0.2082023
29732.928000 1.3505105 -0.1128761 1.3240530 -0.2470061 0.7235879 -0.6099678 0.2082014
29733.028000 1.3508562 -0.1132696 1.3240345 -0.2470076 0.7236169 -0.6099444 0.2081673
29733.128000 1.3508831 -0.1132923 1.3240307 -0.2469953 0.7236231 -0.6099464 0.2081544
29733.228000 1.3566346 -0.1210548 1.3240344 -0.2470135 0.7235974 -0.6099571 0.2081909
29733.329000 1.3566536 -0.1208874 1.3240599 -0.2469971 0.7235109 -0.6100703 0.2081794
29733.428000 1.3566754 -0.1209015 1.3240571 -0.2469845 0.7235146 -0.6100752 0.2081672
29733.528000 1.3568780 -0.1213153 1.3240284 -0.2469827 0.7236272 -0.6099509 0.2081423
29733.628000 1.3567256 -0.1209539 1.3240501 -0.2469605 0.7235351 -0.6100695 0.2081410
29733.728000 1.3569181 -0.1213482 1.3240227 -0.2469592 0.7236459 -0.6099471 0.2081159
29733.828000 1.3632362 -0.1298228 1.3239619 -0.2471318 0.7237230 -0.6097618 0.2081859
29733.928000 1.3686093 -0.1370745 1.3240351 -0.2470155 0.7236136 -0.6099427 0.2081745
29734.028000 1.3751478 -0.1457891 1.3239590 -0.2471335 0.7237354 -0.6097494 0.2081773
29734.128000 1.3753522 -0.1460514 1.3239556 -0.2471213 0.7237411 -0.6097517 0.2081649
29734.228000 1.3809227 -0.1533913 1.3239903 -0.2471207 0.7235981 -0.6099042 0.2082162
29734.328000 1.3811309 -0.1536497 1.3239839 -0.2471126 0.7236314 -0.6098803 0.2081801
29734.428000 1.3811544 -0.1536702 1.3239807 -0.2470999 0.7236373 -0.6098826 0.2081680
29734.528000 1.3813546 -0.1540793 1.3239521 -0.2470983 0.7237491 -0.6097591 0.2081432
29734.629000 1.3813824 -0.1541127 1.3239481 -0.2470869 0.7237626 -0.6097522 0.2081296
29734.728000 1.3814017 -0.1541284 1.3239453 -0.2470755 0.7237729 -0.6097493 0.2081161
29734.828000 1.3928195 -0.1694407 1.3239601 -0.2471433 0.7237325 -0.6097510 0.2081710
29734.928000 1.3990665 -0.1778647 1.3239581 -0.2471426 0.7237331 -0.6097463 0.2081835
29735.028000 1.3986898 -0.1774035 1.3240335 -0.2470109 0.7236167 -0.6099428 0.2081689
29735.128000 1.3987137 -0.1774243 1.3240303 -0.2469983 0.7236224 -0.6099453 0.2081567
29735.228000 1.3982503 -0.1781473 1.3239867 -0.2435750 0.7248258 -0.6108930 0.2052036
29735.328000 1.3982571 -0.1781728 1.3239831 -0.2434904 0.7248584 -0.6109138 0.2051270
29735.429000 1.3982800 -0.1781929 1.3239799 -0.2434763 0.7248652 -0.6109158 0.2051135
29735.528000 1.3983013 -0.1782111 1.3239769 -0.2434627 0.7248738 -0.6109157 0.2050995
29735.629000 1.3983214 -0.1782278 1.3239740 -0.2434496 0.7248838 -0.6109140 0.2050851
29735.729000 1.3983405 -0.1782433 1.3239712 -0.2434367 0.7248947 -0.6109112 0.2050702
29735.828000 1.3985369 -0.1786582 1.3239424 -0.2434343 0.7250125 -0.6107813 0.2050434
29735.928000 1.3985582 -0.1786801 1.3239392 -0.2434221 0.7250269 -0.6107743 0.2050278
29736.028000 1.3985754 -0.1786931 1.3239366 -0.2434098 0.7250395 -0.6107695 0.2050122
29736.128000 1.3984197 -0.1783175 1.3239594 -0.2433877 0.7249495 -0.6108866 0.2050078
29736.229000 1.4035700 -0.1856656 1.3240374 -0.2433900 0.7248317 -0.6109866 0.2051235
29736.328000 1.4099756 -0.1943902 1.3239603 -0.2435123 0.7249582 -0.6107859 0.2051293
29736.428000 1.4208054 -0.2091172 1.3240609 -0.2433883 0.7247313 -0.6111018 0.2051370
29736.528000 1.4272400 -0.2180803 1.3240342 -0.2434022 0.7248363 -0.6109750 0.2051274
29736.628000 1.4334346 -0.2263654 1.3239903 -0.2435001 0.7248244 -0.6109376 0.2051645
29736.728000 1.4393266 -0.2344267 1.3239904 -0.2434942 0.7248301 -0.6109376 0.2051515
29736.828000 1.4447359 -0.2420274 1.3240410 -0.2434199 0.7248004 -0.6109968 0.2051683
29736.928000 1.4513617 -0.2510652 1.3239629 -0.2435090 0.7249430 -0.6108014 0.2051408
29737.028000 1.4570320 -0.2586710 1.3239881 -0.2434971 0.7248434 -0.6109231 0.2051444
29737.128000 1.4631725 -0.2672247 1.3239597 -0.2435065 0.7249614 -0.6107868 0.2051221
29737.228000 1.4633203 -0.2674181 1.3239557 -0.2434931 0.7249698 -0.6107868 0.2051082
29737.328000 1.4631699 -0.2670490 1.3239779 -0.2434692 0.7248740 -0.6109108 0.2051060
29737.428000 1.4633600 -0.2674471 1.3239501 -0.2434655 0.7249838 -0.6107904 0.2050808
29737.528000 1.4632105 -0.2670829 1.3239721 -0.2434426 0.7248930 -0.6109084 0.2050773
29737.628000 1.4632206 -0.2670782 1.3239706 -0.2434293 0.7248988 -0.6109116 0.2050630
29737.729000 1.4632387 -0.2670925 1.3239679 -0.2434168 0.7249106 -0.6109078 0.2050478
29737.828000 1.4634308 -0.2674985 1.3239396 -0.2434144 0.7250271 -0.6107795 0.2050209
29737.928000 1.4623395 -0.2674394 1.3239850 -0.2400437 0.7260101 -0.6118774 0.2022239
29738.028000 1.4623151 -0.2674680 1.3239827 -0.2398547 0.7260696 -0.6119340 0.2020627
29738.128000 1.4623378 -0.2674878 1.3239795 -0.2398391 0.7260772 -0.6119361 0.2020478
29738.228000 1.4623589 -0.2675059 1.3239765 -0.2398241 0.7260864 -0.6119361 0.2020325
29738.328000 1.4625462 -0.2679093 1.3239485 -0.2398188 0.7261991 -0.6118131 0.2020062
29738.428000 1.4624032 -0.2675506 1.3239700 -0.2397955 0.7261117 -0.6119279 0.2020004
29738.528000 1.4625901 -0.2679546 1.3239420 -0.2397908 0.7262268 -0.6118021 0.2019733
29738.629000 1.4624389 -0.2675780 1.3239647 -0.2397675 0.7261364 -0.6119205 0.2019675
29738.728000 1.4626214 -0.2679732 1.3239373 -0.2397629 0.7262504 -0.6117959 0.2019402
29738.828000 1.4624733 -0.2676042 1.3239595 -0.2397400 0.7261631 -0.6119107 0.2019337
29738.928000 1.4626606 -0.2680090 1.3239313 -0.2397362 0.7262808 -0.6117818 0.2019056
29739.029000 1.4624968 -0.2676137 1.3239560 -0.2397112 0.7261855 -0.6119061 0.2019012
29739.128000 1.4626815 -0.2680137 1.3239281 -0.2397074 0.7263022 -0.6117783 0.2018733
29739.228000 1.4627042 -0.2680409 1.3239247 -0.2396942 0.7263203 -0.6117677 0.2018558
29739.328000 1.4627191 -0.2680509 1.3239224 -0.2396804 0.7263339 -0.6117626 0.2018387
29739.428000 1.4609655 -0.2671906 1.3240631 -0.2362777 0.7270522 -0.6131021 0.1991829
29739.528000 1.4611075 -0.2675887 1.3240344 -0.2361226 0.7272372 -0.6130045 0.1989916
29739.628000 1.4611396 -0.2676299 1.3240299 -0.2361060 0.7272496 -0.6130015 0.1989752
29739.728000 1.4611612 -0.2676487 1.3240269 -0.2360894 0.7272586 -0.6130025 0.1989590
29739.828000 1.4611815 -0.2676659 1.3240240 -0.2360731 0.7272689 -0.6130020 0.1989422
29739.928000 1.4612007 -0.2676816 1.3240212 -0.2360572 0.7272803 -0.6130001 0.1989251
29740.028000 1.4610525 -0.2673003 1.3240439 -0.2360325 0.7271882 -0.6131212 0.1989180
29740.128000 1.4610631 -0.2672971 1.3240424 -0.2360166 0.7271966 -0.6131230 0.1989008
29740.228000 1.4610801 -0.2673097 1.3240399 -0.2360012 0.7272096 -0.6131192 0.1988830
29740.328000 1.4612646 -0.2677214 1.3240118 -0.2359949 0.7273282 -0.6129901 0.1988548
29740.428000 1.4603785 -0.2682017 1.3240259 -0.2326088 0.7284037 -0.6139169 0.1960287
29740.528000 1.4606468 -0.2683608 1.3239846 -0.2325937 0.7284300 -0.6139182 0.1959446
29740.628000 1.4608346 -0.2687777 1.3239555 -0.2325842 0.7285409 -0.6137989 0.1959175
29740.728000 1.4606954 -0.2684035 1.3239777 -0.2325576 0.7284466 -0.6139234 0.1959097
29740.828000 1.4608738 -0.2688067 1.3239499 -0.2325480 0.7285581 -0.6138033 0.1958826
29740.928000 1.4607357 -0.2684376 1.3239719 -0.2325224 0.7284687 -0.6139220 0.1958737
29741.028000 1.4594702 -0.2684339 1.3240362 -0.2289868 0.7295148 -0.6149248 0.1929786
29741.128000 1.4594687 -0.2684919 1.3240317 -0.2288273 0.7295715 -0.6149601 0.1928407
29741.228000 1.4594911 -0.2685119 1.3240286 -0.2288076 0.7295802 -0.6149629 0.1928224
29741.328000 1.4593532 -0.2681304 1.3240509 -0.2287803 0.7294860 -0.6150878 0.1928127
29741.428000 1.4593664 -0.2681305 1.3240492 -0.2287611 0.7294933 -0.6150923 0.1927938
29741.528000 1.4595426 -0.2685416 1.3240213 -0.2287503 0.7296092 -0.6149677 0.1927654
29741.628000 1.4595687 -0.2685759 1.3240174 -0.2287323 0.7296276 -0.6149589 0.1927452
29741.728000 1.4589786 -0.2691919 1.3239888 -0.2254073 0.7306658 -0.6158371 0.1899042
29741.828000 1.4581368 -0.2696167 1.3239861 -0.2217137 0.7318108 -0.6167745 0.1867759
29741.928000 1.4582941 -0.2700470 1.3239572 -0.2216263 0.7319450 -0.6166738 0.1866863
29742.028000 1.4581717 -0.2696811 1.3239786 -0.2215973 0.7318541 -0.6167960 0.1866733
29742.128000 1.4581877 -0.2696865 1.3239765 -0.2215754 0.7318616 -0.6168012 0.1866528
29742.228000 1.4583582 -0.2701060 1.3239479 -0.2215609 0.7319782 -0.6166767 0.1866238
29742.328000 1.4583832 -0.2701381 1.3239441 -0.2215401 0.7319956 -0.6166702 0.1866020
29742.428000 1.4582491 -0.2697459 1.3239673 -0.2215123 0.7319039 -0.6167933 0.1865881
29742.528000 1.4582619 -0.2697469 1.3239655 -0.2214913 0.7319149 -0.6167943 0.1865664
29742.628000 1.4582791 -0.2697601 1.3239629 -0.2214710 0.7319295 -0.6167909 0.1865444
29742.729000 1.4582963 -0.2697730 1.3239603 -0.2214503 0.7319448 -0.6167870 0.1865219
29742.828000 1.4583151 -0.2697885 1.3239574 -0.2214302 0.7319613 -0.6167815 0.1864992
29742.928000 1.4628578 -0.2770533 1.3240607 -0.2215203 0.7317113 -0.6169858 0.1866972
29743.028000 1.4733739 -0.2934509 1.3240655 -0.2215289 0.7316860 -0.6170047 0.1867237
29743.128000 1.4796222 -0.3031128 1.3239863 -0.2216448 0.7318311 -0.6167926 0.1867184
29743.229000 1.4894979 -0.3186596 1.3240844 -0.2215109 0.7316371 -0.6170591 0.1867568
29743.328000 1.4957071 -0.3281744 1.3239899 -0.2216423 0.7318154 -0.6168093 0.1867277
29743.428000 1.5011826 -0.3366898 1.3239857 -0.2216390 0.7318341 -0.6167929 0.1867123
29743.528000 1.5114338 -0.3529016 1.3240444 -0.2215512 0.7317591 -0.6168995 0.1867586
29743.628000 1.5170699 -0.3616686 1.3240420 -0.2215642 0.7317703 -0.6168835 0.1867518
29743.728000 1.5228621 -0.3706715 1.3239650 -0.2216077 0.7319227 -0.6167012 0.1867051
29743.828000 1.5281968 -0.3789389 1.3239598 -0.2216486 0.7319407 -0.6166645 0.1867075
29743.928000 1.5381967 -0.3944823 1.3240532 -0.2215494 0.7317580 -0.6169151 0.1867132
29744.028000 1.5444108 -0.4040333 1.3239842 -0.2216553 0.7318331 -0.6167840 0.1867264
29744.128000 1.5497994 -0.4124133 1.3239884 -0.2216436 0.7318218 -0.6168024 0.1867238
29744.228000 1.5548486 -0.4205011 1.3240376 -0.2215401 0.7318049 -0.6168650 0.1867060
29744.328000 1.5654834 -0.4370744 1.3240417 -0.2215559 0.7317694 -0.6168883 0.1867495
29744.428000 1.5709450 -0.4454030 1.3240679 -0.2215573 0.7316635 -0.6170102 0.1867599
29744.528000 1.5770311 -0.4549899 1.3239603 -0.2216524 0.7319372 -0.6166661 0.1867111
29744.629000 1.5823359 -0.4632537 1.3239593 -0.2216468 0.7319425 -0.6166637 0.1867050
29744.728000 1.5871812 -0.4706839 1.3240605 -0.2215285 0.7317108 -0.6169813 0.1867041
29744.828000 1.5983792 -0.4882537 1.3239662 -0.2216576 0.7319146 -0.6166858 0.1867285
29744.928000 1.6034758 -0.4962413 1.3240377 -0.2215367 0.7318043 -0.6168670 0.1867058
29745.028000 1.6142413 -0.5130076 1.3240346 -0.2215468 0.7318141 -0.6168518 0.1867055
29745.128000 1.6195619 -0.5211354 1.3240695 -0.2215446 0.7316555 -0.6170223 0.1867665
29745.228000 1.6256565 -0.5307202 1.3239607 -0.2216528 0.7319357 -0.6166673 0.1867125
29745.328000 1.6308553 -0.5386511 1.3239857 -0.2216420 0.7318346 -0.6167902 0.1867160
29745.428000 1.6410835 -0.5548457 1.3240415 -0.2215405 0.7317909 -0.6168767 0.1867220
29745.528000 1.6463905 -0.5628452 1.3240782 -0.2215340 0.7316392 -0.6170565 0.1867299
29745.629000 1.6524466 -0.5722794 1.3239902 -0.2216447 0.7318104 -0.6168125 0.1867340
29745.728000 1.6579591 -0.5810291 1.3239628 -0.2216503 0.7319263 -0.6166784 0.1867158
29745.828000 1.6685158 -0.5973084 1.3239850 -0.2216530 0.7318330 -0.6167857 0.1867237
29745.928000 1.6740736 -0.6059561 1.3239871 -0.2216430 0.7318287 -0.6167960 0.1867188
29746.029000 1.6849654 -0.6230986 1.3239647 -0.2216502 0.7319105 -0.6166929 0.1867300
29746.128000 1.6899217 -0.6308771 1.3240387 -0.2215362 0.7317979 -0.6168729 0.1867119
29746.229000 1.6950301 -0.6386623 1.3240618 -0.2215297 0.7317056 -0.6169850 0.1867108
29746.328000 1.7012359 -0.6484278 1.3239615 -0.2216537 0.7319322 -0.6166705 0.1867148
29746.428000 1.7061437 -0.6561312 1.3240355 -0.2215389 0.7318145 -0.6168557 0.1867006
29746.528000 1.7119057 -0.6648771 1.3239852 -0.2216439 0.7318355 -0.6167883 0.1867165
29746.628000 1.7169496 -0.6729523 1.3240355 -0.2215357 0.7318140 -0.6168586 0.1866968
29746.728000 1.7279142 -0.6898518 1.3239909 -0.2216007 0.7318171 -0.6168267 0.1867130
29746.829000 1.7335114 -0.6985222 1.3239862 -0.2216410 0.7318325 -0.6167933 0.1867148
29746.928000 1.7384616 -0.7062863 1.3240612 -0.2215292 0.7317081 -0.6169840 0.1867052
29747.028000 1.7442228 -0.7152001 1.3239854 -0.2216405 0.7318341 -0.6167921 0.1867132
29747.128000 1.7545807 -0.7315740 1.3240400 -0.2215362 0.7317915 -0.6168793 0.1867161
29747.228000 1.7601640 -0.7402689 1.3240378 -0.2215364 0.7318032 -0.6168683 0.1867064
29747.328000 1.7654166 -0.7482789 1.3240628 -0.2215300 0.7317010 -0.6169900 0.1867124
29747.428000 1.7709699 -0.7570904 1.3240373 -0.2215365 0.7318072 -0.6168647 0.1867021
29747.528000 1.7767370 -0.7658489 1.3239862 -0.2216463 0.7318316 -0.6167907 0.1867208
29747.628000 1.7816895 -0.7736074 1.3240606 -0.2215265 0.7317096 -0.6169841 0.1867023
29747.728000 1.7924924 -0.7903924 1.3239847 -0.2216571 0.7318321 -0.6167842 0.1867274
29747.828000 1.7984323 -0.7998026 1.3239625 -0.2216538 0.7319267 -0.6166760 0.1867180
29747.928000 1.8032933 -0.8072633 1.3240619 -0.2215331 0.7317053 -0.6169842 0.1867111
29748.028000 1.8143839 -0.8244837 1.3239896 -0.2216447 0.7318126 -0.6168100 0.1867333
29748.129000 1.8199515 -0.8331493 1.3239881 -0.2216436 0.7318233 -0.6168010 0.1867227
29748.228000 1.8307546 -0.8501780 1.3239792 -0.2215829 0.7318884 -0.6167554 0.1866901
29748.328000 1.8358050 -0.8580798 1.3240395 -0.2215613 0.7317781 -0.6168747 0.1867541
29748.429000 1.8415642 -0.8668182 1.3239884 -0.2216450 0.7318185 -0.6168038 0.1867302
29748.528000 1.8469674 -0.8752237 1.3239879 -0.2216435 0.7318246 -0.6167997 0.1867218
29748.628000 1.8524275 -0.8837256 1.3239871 -0.2216427 0.7318287 -0.6167961 0.1867186
29748.728000 1.8628961 -0.8999679 1.3240055 -0.2216462 0.7317578 -0.6168721 0.1867412
29748.829000 1.8688016 -0.9093974 1.3239585 -0.2216631 0.7319358 -0.6166622 0.1867170
29748.928000 1.8741584 -0.9177458 1.3239578 -0.2216647 0.7319384 -0.6166580 0.1867186
29749.028000 1.8790366 -0.9253987 1.3240362 -0.2215368 0.7318123 -0.6168591 0.1867007
29749.129000 1.8894167 -0.9414070 1.3240648 -0.2215537 0.7316736 -0.6169991 0.1867613
29749.228000 1.8952419 -0.9506301 1.3240364 -0.2215355 0.7318117 -0.6168609 0.1866984
29749.329000 1.9010091 -0.9593897 1.3239856 -0.2216451 0.7318340 -0.6167890 0.1867184
29749.428000 1.9119527 -0.9766481 1.3239668 -0.2216537 0.7319158 -0.6166842 0.1867338
29749.528000 1.9169008 -0.9843770 1.3240389 -0.2215361 0.7317975 -0.6168733 0.1867123
29749.629000 1.9222670 -0.9927223 1.3240350 -0.2215337 0.7318175 -0.6168557 0.1866950
29749.728000 1.9278807 -1.0012415 1.3239841 -0.2216419 0.7318399 -0.6167846 0.1867139
29749.828000 1.9383375 -1.0177659 1.3240323 -0.2215618 0.7317838 -0.6168664 0.1867583
29749.928000 1.9441853 -1.0266807 1.3239926 -0.2215983 0.7318106 -0.6168330 0.1867200
29750.028000 1.9496636 -1.0353351 1.3239651 -0.2216485 0.7319113 -0.6166940 0.1867252
29750.128000 1.9546627 -1.0431889 1.3240392 -0.2215367 0.7317948 -0.6168752 0.1867161
29750.228000 1.9604826 -1.0520225 1.3239891 -0.2216450 0.7318147 -0.6168074 0.1867333
29750.329000 1.9712259 -1.0689208 1.3239614 -0.2216638 0.7319319 -0.6166650 0.1867221
29750.428000 1.9766442 -1.0771887 1.3239873 -0.2216472 0.7318254 -0.6167963 0.1867257
29750.528000 1.9815358 -1.0848572 1.3240629 -0.2215334 0.7317003 -0.6169892 0.1867134
29750.629000 1.9870484 -1.0936045 1.3240355 -0.2215311 0.7318147 -0.6168607 0.1866927
29750.728000 1.9928667 -1.1024445 1.3239844 -0.2216397 0.7318379 -0.6167883 0.1867119
29750.828000 2.0029245 -1.1183368 1.3240392 -0.2215380 0.7317969 -0.6168742 0.1867094
29750.928000 2.0084990 -1.1268583 1.3240623 -0.2215298 0.7317036 -0.6169873 0.1867112
29751.029000 2.0146161 -1.1364878 1.3239611 -0.2216533 0.7319338 -0.6166691 0.1867134
29751.128000 2.0248569 -1.1525042 1.3240382 -0.2215358 0.7318012 -0.6168706 0.1867072
29751.228000 2.0359236 -1.1695116 1.3239851 -0.2216539 0.7318321 -0.6167862 0.1867246
29751.328000 2.0410253 -1.1775219 1.3240641 -0.2215531 0.7316692 -0.6170030 0.1867665
29751.428000 2.0469873 -1.1868998 1.3239608 -0.2216521 0.7319352 -0.6166686 0.1867111
29751.528000 2.0525005 -1.1954919 1.3239593 -0.2216471 0.7319424 -0.6166636 0.1867052
29751.629000 2.0577043 -1.2035946 1.3239589 -0.2216446 0.7319437 -0.6166637 0.1867027
29751.728000 2.0678215 -1.2194288 1.3240410 -0.2215438 0.7317935 -0.6168738 0.1867174
29751.828000 2.0735338 -1.2283156 1.3240385 -0.2215382 0.7317993 -0.6168707 0.1867114
29751.928000 2.0793543 -1.2371482 1.3239876 -0.2216470 0.7318244 -0.6167976 0.1867256
29752.028000 2.0843449 -1.2451427 1.3240376 -0.2215402 0.7318049 -0.6168650 0.1867061
29752.128000 2.0897645 -1.2535819 1.3240344 -0.2215309 0.7318192 -0.6168556 0.1866919
29752.228000 2.0956258 -1.2626519 1.3239586 -0.2216468 0.7319434 -0.6166629 0.1867043
29752.328000 2.1061475 -1.2788802 1.3239885 -0.2216429 0.7318194 -0.6168047 0.1867266
29752.428000 2.1169099 -1.2958011 1.3239604 -0.2216630 0.7319325 -0.6166655 0.1867190
29752.528000 2.1225266 -1.3043848 1.3239863 -0.2216469 0.7318308 -0.6167911 0.1867218
29752.628000 2.1328690 -1.3207325 1.3240430 -0.2215432 0.7317885 -0.6168793 0.1867196
29752.728000 2.1389563 -1.3301456 1.3239581 -0.2216619 0.7319389 -0.6166591 0.1867165
29752.828000 2.1437861 -1.3377213 1.3240364 -0.2215404 0.7318103 -0.6168590 0.1867044
29752.928000 2.1491898 -1.3461361 1.3240357 -0.2215359 0.7318145 -0.6168574 0.1866986
29753.028000 2.1597107 -1.3624287 1.3240570 -0.2215427 0.7317329 -0.6169450 0.1867207
29753.128000 2.1653908 -1.3713667 1.3240375 -0.2215404 0.7318056 -0.6168639 0.1867064
29753.228000 2.1708005 -1.3797936 1.3240360 -0.2215364 0.7318131 -0.6168584 0.1866999
29753.328000 2.1820082 -1.3972349 1.3239653 -0.2216544 0.7319186 -0.6166810 0.1867326
29753.428000 2.1874258 -1.4054720 1.3239840 -0.2216550 0.7318333 -0.6167837 0.1867266
29753.528000 2.1927753 -1.4137867 1.3239848 -0.2216550 0.7318291 -0.6167894 0.1867246
29753.628000 2.1981802 -1.4222054 1.3239846 -0.2216536 0.7318303 -0.6167888 0.1867235
29753.728000 2.2036719 -1.4309736 1.3239695 -0.2215958 0.7319033 -0.6167269 0.1867105
29753.828000 2.2089653 -1.4390146 1.3239904 -0.2216479 0.7318023 -0.6168173 0.1867459
29753.928000 2.2140089 -1.4470859 1.3240406 -0.2215613 0.7317773 -0.6168777 0.1867469
29754.029000 2.2192613 -1.4552751 1.3240396 -0.2215311 0.7317936 -0.6168805 0.1867100
29754.128000 2.2248720 -1.4640102 1.3240386 -0.2215350 0.7317988 -0.6168733 0.1867083
29754.228000 2.2305833 -1.4726780 1.3239881 -0.2216456 0.7318206 -0.6168016 0.1867285
29754.328000 2.2359825 -1.4810801 1.3239887 -0.2216435 0.7318200 -0.6168042 0.1867247
29754.428000 2.2410434 -1.4891798 1.3240354 -0.2215354 0.7318142 -0.6168585 0.1866964
29754.528000 2.2464517 -1.4976079 1.3240344 -0.2215310 0.7318191 -0.6168556 0.1866921
29754.628000 2.2575169 -1.5146575 1.3239912 -0.2216006 0.7318160 -0.6168280 0.1867131
29754.729000 2.2626362 -1.5228183 1.3240406 -0.2215614 0.7317773 -0.6168777 0.1867470
29754.828000 2.2729510 -1.5387457 1.3240595 -0.2215438 0.7317164 -0.6169646 0.1867193
29754.928000 2.2791169 -1.5482585 1.3239847 -0.2216537 0.7318307 -0.6167881 0.1867238
29755.028000 2.2845996 -1.5568028 1.3239912 -0.2216477 0.7317990 -0.6168212 0.1867462
29755.128000 2.2847968 -1.5570891 1.3239840 -0.2216290 0.7318382 -0.6167946 0.1867026
29755.228000 2.2849707 -1.5575127 1.3239552 -0.2216137 0.7319509 -0.6166748 0.1866747
29755.328000 2.2848460 -1.5571420 1.3239770 -0.2215851 0.7318599 -0.6167970 0.1866617
29755.428000 2.2848614 -1.5571467 1.3239748 -0.2215634 0.7318683 -0.6168012 0.1866409
29755.528000 2.2848805 -1.5571627 1.3239720 -0.2215422 0.7318809 -0.6168002 0.1866196
29755.628000 2.2848990 -1.5571776 1.3239693 -0.2215212 0.7318944 -0.6167983 0.1865979
29755.728000 2.2850706 -1.5576024 1.3239405 -0.2215075 0.7320151 -0.6166690 0.1865681
29755.828000 2.2849388 -1.5572173 1.3239632 -0.2214800 0.7319263 -0.6167886 0.1865537
29755.928000 2.2849512 -1.5572178 1.3239614 -0.2214592 0.7319380 -0.6167888 0.1865318
29756.028000 2.2849688 -1.5572315 1.3239588 -0.2214389 0.7319537 -0.6167843 0.1865093
29756.128000 2.2849750 -1.5572280 1.3239580 -0.2214165 0.7319633 -0.6167872 0.1864888
29756.228000 2.2849952 -1.5572456 1.3239549 -0.2213970 0.7319809 -0.6167802 0.1864658
29756.328000 2.2850114 -1.5572573 1.3239524 -0.2213766 0.7319965 -0.6167758 0.1864433
29756.428000 2.2850267 -1.5572676 1.3239501 -0.2213561 0.7320118 -0.6167718 0.1864210
29756.528000 2.2850416 -1.5572773 1.3239478 -0.2213355 0.7320269 -0.6167680 0.1863987
29756.628000 2.2850562 -1.5572865 1.3239456 -0.2213150 0.7320419 -0.6167642 0.1863764
29756.728000 2.2852240 -1.5577060 1.3239172 -0.2213013 0.7321634 -0.6166340 0.1863463
29756.828000 2.2852412 -1.5577229 1.3239146 -0.2212808 0.7321804 -0.6166280 0.1863239
29756.928000 2.2851031 -1.5573243 1.3239385 -0.2212532 0.7320896 -0.6167500 0.1863095
29757.028000 2.2846060 -1.5565861 1.3240128 -0.2211190 0.7319771 -0.6169416 0.1862766
29757.128000 2.2851255 -1.5573272 1.3239352 -0.2212114 0.7321155 -0.6167475 0.1862655
29757.228000 2.2851387 -1.5573345 1.3239332 -0.2211908 0.7321299 -0.6167445 0.1862436
29757.331000 2.2851518 -1.5573413 1.3239313 -0.2211698 0.7321442 -0.6167417 0.1862213
29757.428000 2.2851647 -1.5573480 1.3239294 -0.2211488 0.7321584 -0.6167390 0.1861993
29757.528000 2.2851774 -1.5573543 1.3239275 -0.2211277 0.7321726 -0.6167365 0.1861771
29757.628000 2.2851899 -1.5573606 1.3239257 -0.2211069 0.7321865 -0.6167340 0.1861553
29757.728000 2.2852022 -1.5573665 1.3239238 -0.2210859 0.7322004 -0.6167317 0.1861334
29757.828000 2.2852144 -1.5573721 1.3239220 -0.2210648 0.7322141 -0.6167295 0.1861115
29757.928000 2.2852265 -1.5573775 1.3239203 -0.2210435 0.7322278 -0.6167276 0.1860895
29758.029000 2.2852383 -1.5573827 1.3239185 -0.2210226 0.7322413 -0.6167256 0.1860678
29758.128000 2.2852500 -1.5573877 1.3239168 -0.2210014 0.7322548 -0.6167238 0.1860460
29758.228000 2.2852616 -1.5573924 1.3239151 -0.2209802 0.7322681 -0.6167221 0.1860243
29758.329000 2.2852730 -1.5573969 1.3239135 -0.2209589 0.7322814 -0.6167205 0.1860025
29758.428000 2.2852843 -1.5574012 1.3239119 -0.2209376 0.7322945 -0.6167191 0.1859808
29758.528000 2.2852954 -1.5574053 1.3239102 -0.2209163 0.7323076 -0.6167178 0.1859592
29758.628000 2.2853064 -1.5574091 1.3239087 -0.2208949 0.7323206 -0.6167165 0.1859375
29758.728000 2.2854701 -1.5578235 1.3238808 -0.2208804 0.7324399 -0.6165888 0.1859081
29758.828000 2.2853325 -1.5574286 1.3239048 -0.2208522 0.7323494 -0.6167106 0.1858941
29758.928000 2.2853384 -1.5574194 1.3239041 -0.2208306 0.7323589 -0.6167136 0.1858727
29759.028000 2.2855017 -1.5578332 1.3238762 -0.2208160 0.7324780 -0.6165862 0.1858434
29759.128000 2.2853667 -1.5574456 1.3238998 -0.2207878 0.7323893 -0.6167059 0.1858293
29759.228000 2.2853693 -1.5574279 1.3238997 -0.2207659 0.7323964 -0.6167116 0.1858082
29759.328000 2.2853793 -1.5574303 1.3238983 -0.2207443 0.7324088 -0.6167112 0.1857868
29759.428000 2.2855420 -1.5578434 1.3238705 -0.2207296 0.7325275 -0.6165842 0.1857576
29759.528000 2.2855549 -1.5578540 1.3238686 -0.2207080 0.7325418 -0.6165813 0.1857360
29759.628000 2.2854148 -1.5574529 1.3238931 -0.2206793 0.7324496 -0.6167054 0.1857220
29759.729000 2.2855708 -1.5578490 1.3238665 -0.2206644 0.7325637 -0.6165838 0.1856934
29759.828000 2.2854292 -1.5574438 1.3238913 -0.2206354 0.7324704 -0.6167092 0.1856794
29759.928000 2.2854370 -1.5574412 1.3238903 -0.2206140 0.7324811 -0.6167105 0.1856585
29760.028000 2.2855972 -1.5578492 1.3238628 -0.2205992 0.7325982 -0.6165854 0.1856297
29760.129000 2.2854657 -1.5574717 1.3238859 -0.2205708 0.7325119 -0.6167024 0.1856154
29760.228000 2.2854642 -1.5574443 1.3238865 -0.2205484 0.7325162 -0.6167115 0.1855947
29760.328000 2.2854731 -1.5574450 1.3238853 -0.2205265 0.7325278 -0.6167120 0.1855735
29760.428000 2.2854818 -1.5574456 1.3238841 -0.2205045 0.7325392 -0.6167126 0.1855523
29760.528000 2.2854905 -1.5574459 1.3238830 -0.2204825 0.7325507 -0.6167132 0.1855311
29760.628000 2.2854990 -1.5574463 1.3238818 -0.2204607 0.7325620 -0.6167139 0.1855101
29760.728000 2.2856566 -1.5578485 1.3238548 -0.2204452 0.7326775 -0.6165909 0.1854812
29760.829000 2.2855206 -1.5574589 1.3238788 -0.2204166 0.7325878 -0.6167118 0.1854674
29760.928000 2.2855241 -1.5574460 1.3238785 -0.2203943 0.7325957 -0.6167167 0.1854465
29761.028000 2.2855322 -1.5574456 1.3238774 -0.2203722 0.7326068 -0.6167178 0.1854254
29761.128000 2.2856895 -1.5578478 1.3238504 -0.2203568 0.7327221 -0.6165949 0.1853968
29761.228000 2.2855530 -1.5574572 1.3238745 -0.2203281 0.7326320 -0.6167163 0.1853830
29761.328000 2.2855561 -1.5574437 1.3238743 -0.2203057 0.7326396 -0.6167215 0.1853622
29761.428000 2.2855639 -1.5574427 1.3238733 -0.2202835 0.7326505 -0.6167229 0.1853412
29761.528000 2.2857237 -1.5578524 1.3238458 -0.2202681 0.7327676 -0.6165978 0.1853125
29761.629000 2.2855838 -1.5574530 1.3238705 -0.2202392 0.7326752 -0.6167220 0.1852990
29761.728000 2.2855868 -1.5574392 1.3238703 -0.2202167 0.7326826 -0.6167274 0.1852783
29761.828000 2.2855942 -1.5574377 1.3238694 -0.2201944 0.7326932 -0.6167291 0.1852573
29761.928000 2.2857520 -1.5578431 1.3238422 -0.2201791 0.7328091 -0.6166054 0.1852290
29762.028000 2.2856135 -1.5574471 1.3238667 -0.2201500 0.7327175 -0.6167287 0.1852152
29762.128000 2.2857621 -1.5578276 1.3238412 -0.2201339 0.7328270 -0.6166128 0.1851872
29762.229000 2.2856279 -1.5574437 1.3238649 -0.2201052 0.7327385 -0.6167324 0.1851734
29762.328000 2.2856302 -1.5574286 1.3238648 -0.2200823 0.7327455 -0.6167385 0.1851525
29762.428000 2.2896687 -1.5648837 1.3240363 -0.2214874 0.7318267 -0.6168727 0.1866576
29762.528000 2.2898576 -1.5651958 1.3240318 -0.2215180 0.7318240 -0.6168583 0.1866797
29762.629000 2.2898799 -1.5652160 1.3240287 -0.2214959 0.7318330 -0.6168617 0.1866594
29762.728000 2.2899008 -1.5652344 1.3240258 -0.2214741 0.7318437 -0.6168630 0.1866387
29762.828000 2.2897697 -1.5648483 1.3240483 -0.2214458 0.7317512 -0.6169870 0.1866253
29762.928000 2.2951098 -1.5733958 1.3240396 -0.2215316 0.7317947 -0.6168796 0.1867079
29763.029000 2.3004601 -1.5817330 1.3240391 -0.2215337 0.7317963 -0.6168765 0.1867094
29763.128000 2.3064436 -1.5909846 1.3239593 -0.2216511 0.7319410 -0.6166627 0.1867089
29763.228000 2.3111348 -1.5981775 1.3240605 -0.2215299 0.7317110 -0.6169802 0.1867055
29763.328000 2.3170423 -1.6073145 1.3239856 -0.2216417 0.7318336 -0.6167919 0.1867144
29763.428000 2.3276664 -1.6238734 1.3239904 -0.2216414 0.7318079 -0.6168170 0.1867327
29763.528000 2.3382334 -1.6405601 1.3240367 -0.2215503 0.7318083 -0.6168556 0.1867116
29763.628000 2.3434740 -1.6486520 1.3240737 -0.2215923 0.7316821 -0.6169734 0.1867671
29763.728000 2.3490811 -1.6574613 1.3240403 -0.2215273 0.7317906 -0.6168852 0.1867105
29763.828000 2.3545077 -1.6658981 1.3240352 -0.2215343 0.7318168 -0.6168560 0.1866959
29763.928000 2.3604198 -1.6750481 1.3239595 -0.2216516 0.7319403 -0.6166631 0.1867097
29764.028000 2.3653166 -1.6827296 1.3240348 -0.2215363 0.7318170 -0.6168547 0.1866970
29764.128000 2.3762049 -1.6996405 1.3240066 -0.2216391 0.7318015 -0.6168129 0.1867741
29764.228000 2.3819606 -1.7086505 1.3239703 -0.2216011 0.7319066 -0.6167188 0.1867179
29764.328000 2.3873659 -1.7170259 1.3239642 -0.2216502 0.7319127 -0.6166903 0.1867297
29764.428000 2.3926821 -1.7251259 1.3239856 -0.2216418 0.7318350 -0.6167898 0.1867155
29764.528000 2.3979799 -1.7333707 1.3239863 -0.2216406 0.7318324 -0.6167937 0.1867147
29764.628000 2.4087993 -1.7500731 1.3239823 -0.2216766 0.7318249 -0.6167931 0.1867031
29764.728000 2.4143824 -1.7590840 1.3239636 -0.2216508 0.7319203 -0.6166845 0.1867185
29764.828000 2.4196902 -1.7671923 1.3239873 -0.2216437 0.7318266 -0.6167971 0.1867223
29764.928000 2.4247370 -1.7752710 1.3240372 -0.2215400 0.7318071 -0.6168629 0.1867045
29765.029000 2.4305029 -1.7840288 1.3239862 -0.2216464 0.7318316 -0.6167906 0.1867209
29765.128000 2.4407093 -1.8000565 1.3240557 -0.2215489 0.7317517 -0.6169222 0.1867151
29765.228000 2.4467200 -1.8092857 1.3239846 -0.2216542 0.7318315 -0.6167870 0.1867240
29765.328000 2.4517969 -1.8174319 1.3240322 -0.2215621 0.7317838 -0.6168663 0.1867586
29765.428000 2.4575057 -1.8260927 1.3239893 -0.2216484 0.7318117 -0.6168078 0.1867399
29765.528000 2.4681588 -1.8426844 1.3239857 -0.2216543 0.7318303 -0.6167875 0.1867272
29765.628000 2.4738866 -1.8517629 1.3239588 -0.2216648 0.7319349 -0.6166619 0.1867194
29765.728000 2.4790623 -1.8597077 1.3239962 -0.2215939 0.7318009 -0.6168445 0.1867256
29765.828000 2.4846177 -1.8684759 1.3239641 -0.2216496 0.7319181 -0.6166869 0.1867208
29765.928000 2.4899295 -1.8765835 1.3239873 -0.2216437 0.7318266 -0.6167971 0.1867224
29766.028000 2.4953792 -1.8852300 1.3239619 -0.2216496 0.7319315 -0.6166738 0.1867115
29766.128000 2.5058613 -1.9013310 1.3240034 -0.2216474 0.7317631 -0.6168658 0.1867398
29766.228000 2.5115170 -1.9102690 1.3239830 -0.2216562 0.7318513 -0.6167604 0.1867322
29766.328000 2.5166017 -1.9183467 1.3240341 -0.2215488 0.7318121 -0.6168532 0.1867065
29766.428000 2.5224512 -1.9274014 1.3239612 -0.2216541 0.7319324 -0.6166695 0.1867167
29766.528000 2.5274618 -1.9352549 1.3240345 -0.2215352 0.7318177 -0.6168546 0.1866957
29766.628000 2.5382858 -1.9518291 1.3240035 -0.2216473 0.7317630 -0.6168659 0.1867398
29766.728000 2.5439710 -1.9607496 1.3239851 -0.2216579 0.7318298 -0.6167863 0.1867286
29766.828000 2.5493579 -1.9693333 1.3239798 -0.2215826 0.7318864 -0.6167578 0.1866901
29766.928000 2.5542988 -1.9770609 1.3240398 -0.2215613 0.7317807 -0.6168739 0.1867465
29767.028000 2.5655329 -1.9945175 1.3239679 -0.2216605 0.7319263 -0.6166712 0.1867275
29767.128000 2.5706153 -2.0024732 1.3240384 -0.2215359 0.7318008 -0.6168709 0.1867077
29767.228000 2.5758206 -2.0104093 1.3240623 -0.2215297 0.7317036 -0.6169874 0.1867111
29767.328000 2.5814217 -2.0192941 1.3240374 -0.2215365 0.7318072 -0.6168648 0.1867021
29767.428000 2.5871912 -2.0280560 1.3239860 -0.2216461 0.7318323 -0.6167901 0.1867202
29767.528000 2.5922431 -2.0361388 1.3240349 -0.2215329 0.7318154 -0.6168588 0.1866939
29767.628000 2.6032588 -2.0532856 1.3239640 -0.2216074 0.7319279 -0.6166972 0.1866984
29767.728000 2.6086905 -2.0615488 1.3239883 -0.2216428 0.7318190 -0.6168047 0.1867280
29767.828000 2.6144099 -2.0706109 1.3239599 -0.2216474 0.7319399 -0.6166663 0.1867059
29767.928000 2.6245887 -2.0865438 1.3240382 -0.2215488 0.7318079 -0.6168560 0.1867138
29768.028000 2.6300561 -2.0950432 1.3240369 -0.2215406 0.7318079 -0.6168612 0.1867062
29768.129000 2.6354598 -2.1034580 1.3240362 -0.2215366 0.7318123 -0.6168591 0.1867005
29768.228000 2.6412305 -2.1122117 1.3239845 -0.2216403 0.7318376 -0.6167882 0.1867125
29768.328000 2.6462738 -2.1202863 1.3240349 -0.2215323 0.7318157 -0.6168589 0.1866933
29768.428000 2.6566520 -2.1365039 1.3240407 -0.2215405 0.7317946 -0.6168725 0.1867211
29768.529000 2.6628169 -2.1458465 1.3239890 -0.2216449 0.7318153 -0.6168067 0.1867337
29768.628000 2.6684324 -2.1547522 1.3239625 -0.2216507 0.7319267 -0.6166775 0.1867170
29768.728000 2.6732782 -2.1623578 1.3240370 -0.2215403 0.7318069 -0.6168624 0.1867067
29768.828000 2.6790405 -2.1711041 1.3239865 -0.2216468 0.7318300 -0.6167920 0.1867223
29768.928000 2.6892597 -2.1872852 1.3240433 -0.2215393 0.7317877 -0.6168803 0.1867240
29769.028000 2.6949037 -2.1960401 1.3240339 -0.2215481 0.7318139 -0.6168513 0.1867063
29769.128000 2.7002954 -2.2044339 1.3240364 -0.2215369 0.7318114 -0.6168599 0.1867013
29769.228000 2.7060583 -2.2131803 1.3239859 -0.2216458 0.7318329 -0.6167897 0.1867196
29769.328000 2.7111019 -2.2212552 1.3240362 -0.2215383 0.7318117 -0.6168594 0.1867002
29769.428000 2.7220053 -2.2380252 1.3239850 -0.2216570 0.7318329 -0.6167831 0.1867278
29769.528000 2.7270694 -2.2459728 1.3240700 -0.2215446 0.7316533 -0.6170248 0.1867668
29769.628000 2.7326946 -2.2548952 1.3240404 -0.2215312 0.7317902 -0.6168843 0.1867105
29769.728000 2.7384675 -2.2636607 1.3239881 -0.2216457 0.7318206 -0.6168016 0.1867285
29769.828000 2.7438801 -2.2720761 1.3239857 -0.2216388 0.7318344 -0.6167928 0.1867120
29769.928000 2.7488234 -2.2799957 1.3240357 -0.2215333 0.7318130 -0.6168612 0.1866946
29770.028000 2.7601234 -2.2975957 1.3239652 -0.2216544 0.7319187 -0.6166809 0.1867325
29770.128000 2.7654830 -2.3057349 1.3239881 -0.2216436 0.7318226 -0.6168011 0.1867250
29770.228000 2.7709826 -2.3144602 1.3239625 -0.2216501 0.7319279 -0.6166769 0.1867146
29770.328000 2.7758841 -2.3221556 1.3240364 -0.2215402 0.7318103 -0.6168591 0.1867042
29770.428000 2.7811392 -2.3301708 1.3240609 -0.2215285 0.7317106 -0.6169812 0.1867057
29770.529000 2.7924751 -2.3479489 1.3239634 -0.2216620 0.7319293 -0.6166680 0.1867244
29770.628000 2.7975641 -2.3559224 1.3240337 -0.2215510 0.7318135 -0.6168502 0.1867084
29770.728000 2.8029561 -2.3643335 1.3240377 -0.2215602 0.7317783 -0.6168735 0.1867583
29770.828000 2.8083459 -2.3727183 1.3240391 -0.2215338 0.7317962 -0.6168765 0.1867095
29770.928000 2.8136524 -2.3808088 1.3240637 -0.2215294 0.7316965 -0.6169949 0.1867144
29771.028000 2.8191555 -2.3895441 1.3240380 -0.2215366 0.7318034 -0.6168685 0.1867046
29771.128000 2.8243712 -2.3974972 1.3240599 -0.2215249 0.7317141 -0.6169798 0.1867007
29771.228000 2.8299712 -2.4063808 1.3240353 -0.2215311 0.7318156 -0.6168596 0.1866927
29771.328000 2.8352816 -2.4144842 1.3240601 -0.2215228 0.7317130 -0.6169824 0.1866988
29771.428000 2.8466202 -2.4322677 1.3239635 -0.2216518 0.7319193 -0.6166832 0.1867254
29771.528000 2.8519446 -2.4403832 1.3239852 -0.2216405 0.7318365 -0.6167892 0.1867136
29771.628000 2.8568890 -2.4481327 1.3240609 -0.2215280 0.7317088 -0.6169839 0.1867039
29771.728000 2.8674663 -2.4646086 1.3240660 -0.2215615 0.7316728 -0.6169991 0.1867552
29771.828000 2.8735395 -2.4740165 1.3239886 -0.2216462 0.7318191 -0.6168035 0.1867277
29771.928000 2.8840369 -2.4903670 1.3240333 -0.2216323 0.7316920 -0.6169426 0.1867827
29772.028000 2.8896889 -2.4992155 1.3239970 -0.2215936 0.7317976 -0.6168484 0.1867259
29772.128000 2.8951459 -2.5076705 1.3239904 -0.2216418 0.7318077 -0.6168169 0.1867330
29772.228000 2.9001968 -2.5157596 1.3240387 -0.2215392 0.7317987 -0.6168715 0.1867100
29772.328000 2.9056095 -2.5241920 1.3240366 -0.2215369 0.7318104 -0.6168608 0.1867020
29772.428000 2.9113732 -2.5329392 1.3239859 -0.2216458 0.7318329 -0.6167897 0.1867196
29772.528000 2.9167734 -2.5413436 1.3239862 -0.2216408 0.7318326 -0.6167933 0.1867147
29772.628000 2.9270621 -2.5575997 1.3240356 -0.2215462 0.7318107 -0.6168561 0.1867058
29772.728000 2.9326103 -2.5662485 1.3240417 -0.2215560 0.7317694 -0.6168882 0.1867496
29772.828000 2.9380324 -2.5746850 1.3240355 -0.2215354 0.7318156 -0.6168566 0.1866975
29772.929000 2.9434378 -2.5831019 1.3240351 -0.2215338 0.7318173 -0.6168559 0.1866953
29773.028000 2.9493008 -2.5921737 1.3239590 -0.2216490 0.7319423 -0.6166627 0.1867065
29773.128000 2.9493867 -2.5921229 1.3239815 -0.2216209 0.7318446 -0.6167924 0.1866947
29773.229000 2.9494040 -2.5921301 1.3239791 -0.2215986 0.7318506 -0.6167992 0.1866746
29773.328000 2.9494247 -2.5921482 1.3239762 -0.2215770 0.7318616 -0.6168003 0.1866538
29773.429000 2.9494443 -2.5921649 1.3239733 -0.2215556 0.7318739 -0.6167998 0.1866326
29773.528000 2.9494630 -2.5921802 1.3239705 -0.2215346 0.7318870 -0.6167983 0.1866110
29773.629000 2.9496349 -2.5926054 1.3239417 -0.2215208 0.7320074 -0.6166693 0.1865814
29773.728000 2.9495033 -2.5922206 1.3239644 -0.2214932 0.7319184 -0.6167892 0.1865670
29773.828000 2.9495158 -2.5922212 1.3239626 -0.2214724 0.7319300 -0.6167896 0.1865451
29773.928000 2.9496852 -2.5926411 1.3239341 -0.2214591 0.7320507 -0.6166602 0.1865152
29774.029000 2.9495570 -2.5922632 1.3239562 -0.2214322 0.7319653 -0.6167758 0.1864997
29774.128000 2.9497100 -2.5926511 1.3239305 -0.2214168 0.7320766 -0.6166577 0.1864717
29774.228000 2.9495813 -2.5922742 1.3239527 -0.2213899 0.7319916 -0.6167729 0.1864566
29774.328000 2.9547662 -2.6007365 1.3239425 -0.2216607 0.7319959 -0.6165974 0.1866981
29774.428000 2.9547668 -2.6005176 1.3239847 -0.2216350 0.7318387 -0.6167900 0.1867087
29774.528000 2.9547885 -2.6005285 1.3239817 -0.2216130 0.7318439 -0.6167979 0.1866881
29774.628000 2.9548102 -2.6005482 1.3239786 -0.2215910 0.7318536 -0.6168005 0.1866677
29774.728000 2.9548307 -2.6005660 1.3239756 -0.2215694 0.7318649 -0.6168012 0.1866469
29774.828000 2.9550040 -2.6009932 1.3239466 -0.2215552 0.7319839 -0.6166739 0.1866177
29774.928000 2.9599932 -2.6086640 1.3239882 -0.2216403 0.7318223 -0.6168032 0.1867229
29775.028000 2.9653924 -2.6170678 1.3239881 -0.2216434 0.7318233 -0.6168010 0.1867226
29775.128000 2.9707985 -2.6254857 1.3239873 -0.2216430 0.7318279 -0.6167968 0.1867193
29775.228000 2.9759042 -2.6336636 1.3240364 -0.2215395 0.7318106 -0.6168596 0.1867024
29775.328000 2.9865183 -2.6501491 1.3240371 -0.2215555 0.7318098 -0.6168554 0.1867000
29775.429000 2.9868335 -2.6506801 1.3240338 -0.2215272 0.7318207 -0.6168564 0.1866879
29775.528000 2.9867041 -2.6502953 1.3240561 -0.2214982 0.7317230 -0.6169863 0.1866761
29775.628000 2.9868735 -2.6507089 1.3240283 -0.2214828 0.7318352 -0.6168673 0.1866479
29775.728000 2.9867447 -2.6503282 1.3240504 -0.2214543 0.7317431 -0.6169907 0.1866347
29775.828000 2.9920610 -2.6588222 1.3240360 -0.2215319 0.7318140 -0.6168606 0.1866945
29775.928000 2.9922509 -2.6591089 1.3240317 -0.2215134 0.7318254 -0.6168594 0.1866758
29776.028000 2.9922732 -2.6591290 1.3240286 -0.2214913 0.7318345 -0.6168627 0.1866555
29776.128000 2.9922940 -2.6591473 1.3240256 -0.2214696 0.7318453 -0.6168640 0.1866347
29776.228000 2.9923137 -2.6591640 1.3240228 -0.2214484 0.7318572 -0.6168637 0.1866138
29776.328000 2.9923325 -2.6591792 1.3240201 -0.2214271 0.7318703 -0.6168625 0.1865921
29776.428000 2.9923504 -2.6591934 1.3240174 -0.2214062 0.7318839 -0.6168604 0.1865704
29776.528000 2.9922140 -2.6587957 1.3240407 -0.2213783 0.7317914 -0.6169844 0.1865564
29776.628000 2.9923797 -2.6592062 1.3240132 -0.2213645 0.7319091 -0.6168586 0.1865268
29776.728000 2.9924002 -2.6592296 1.3240100 -0.2213440 0.7319267 -0.6168518 0.1865045
29776.828000 2.9922599 -2.6588261 1.3240340 -0.2213159 0.7318335 -0.6169766 0.1864907
29776.928000 2.9924330 -2.6592479 1.3240051 -0.2213036 0.7319567 -0.6168445 0.1864591
29777.028000 2.9924509 -2.6592674 1.3240024 -0.2212829 0.7319737 -0.6168383 0.1864370
29777.128000 3.0023494 -2.6747867 1.3240837 -0.2215026 0.7316426 -0.6170577 0.1867495
29777.228000 3.0033832 -2.6762292 1.3239860 -0.2216363 0.7318320 -0.6167964 0.1867126
29777.328000 3.0035680 -2.6766643 1.3239560 -0.2216227 0.7319476 -0.6166730 0.1866827
29777.428000 3.0034436 -2.6762941 1.3239777 -0.2215940 0.7318562 -0.6167957 0.1866698
29777.528000 3.0034593 -2.6762991 1.3239755 -0.2215722 0.7318642 -0.6168003 0.1866492
29777.628000 3.0034787 -2.6763154 1.3239727 -0.2215510 0.7318767 -0.6167996 0.1866279
29777.728000 3.0036511 -2.6767414 1.3239438 -0.2215370 0.7319966 -0.6166712 0.1865984
29777.828000 3.0035199 -2.6763572 1.3239665 -0.2215094 0.7319072 -0.6167915 0.1865842
29777.928000 3.0035327 -2.6763582 1.3239646 -0.2214885 0.7319184 -0.6167923 0.1865624
29778.028000 3.0035498 -2.6763712 1.3239621 -0.2214679 0.7319333 -0.6167888 0.1865403
29778.128000 3.0037178 -2.6767871 1.3239337 -0.2214544 0.7320532 -0.6166604 0.1865101
29778.228000 3.0035928 -2.6764159 1.3239554 -0.2214280 0.7319698 -0.6167736 0.1864944
29778.328000 3.0035937 -2.6763989 1.3239555 -0.2214055 0.7319759 -0.6167805 0.1864744
29778.428000 3.0036102 -2.6764112 1.3239530 -0.2213854 0.7319916 -0.6167758 0.1864520
29778.528000 3.0036257 -2.6764217 1.3239506 -0.2213647 0.7320070 -0.6167718 0.1864295
29778.628000 3.0036408 -2.6764314 1.3239484 -0.2213440 0.7320222 -0.6167680 0.1864070
29778.728000 3.0036554 -2.6764408 1.3239462 -0.2213236 0.7320372 -0.6167642 0.1863849
29778.829000 3.0036697 -2.6764498 1.3239440 -0.2213032 0.7320521 -0.6167605 0.1863628
29778.928000 3.0036839 -2.6764582 1.3239419 -0.2212824 0.7320670 -0.6167571 0.1863404
29779.028000 3.0036978 -2.6764664 1.3239398 -0.2212617 0.7320818 -0.6167537 0.1863182
29779.128000 3.0037115 -2.6764742 1.3239377 -0.2212407 0.7320965 -0.6167505 0.1862959
29779.229000 3.0038768 -2.6768886 1.3239097 -0.2212273 0.7322163 -0.6166219 0.1862663
29779.328000 3.0037429 -2.6765017 1.3239329 -0.2211996 0.7321286 -0.6167404 0.1862516
29779.428000 3.0037514 -2.6764961 1.3239318 -0.2211783 0.7321398 -0.6167415 0.1862296
29779.528000 3.0037643 -2.6765029 1.3239298 -0.2211576 0.7321539 -0.6167387 0.1862077
29779.629000 3.0037770 -2.6765094 1.3239280 -0.2211367 0.7321680 -0.6167361 0.1861857
29779.728000 3.0132402 -2.6916325 1.3240662 -0.2215316 0.7316786 -0.6170089 0.1867357
29779.828000 3.0194195 -2.7012112 1.3239886 -0.2216462 0.7318191 -0.6168035 0.1867277
29779.928000 3.0248373 -2.7096411 1.3239857 -0.2216387 0.7318344 -0.6167928 0.1867120
29780.029000 3.0298864 -2.7177288 1.3240352 -0.2215339 0.7318150 -0.6168587 0.1866949
29780.128000 3.0300773 -2.7180161 1.3240311 -0.2215127 0.7318259 -0.6168593 0.1866749
29780.229000 3.0300993 -2.7180358 1.3240280 -0.2214904 0.7318355 -0.6168622 0.1866543
29780.328000 3.0301198 -2.7180537 1.3240251 -0.2214690 0.7318465 -0.6168631 0.1866337
29780.428000 3.0301393 -2.7180701 1.3240222 -0.2214477 0.7318587 -0.6168627 0.1866125
29780.528000 3.0301579 -2.7180851 1.3240195 -0.2214266 0.7318718 -0.6168612 0.1865909
29780.628000 3.0300250 -2.7176964 1.3240423 -0.2213988 0.7317810 -0.6169831 0.1865769
29780.728000 3.0300359 -2.7176928 1.3240408 -0.2213778 0.7317909 -0.6169855 0.1865553
29780.828000 3.0348838 -2.7255263 1.3240868 -0.2214979 0.7316719 -0.6170252 0.1867479
29780.928000 3.0410954 -2.7351864 1.3239668 -0.2216050 0.7319164 -0.6167076 0.1867119
29781.028000 3.0412254 -2.7351613 1.3239832 -0.2216330 0.7318403 -0.6167898 0.1867055
29781.128000 3.0413946 -2.7355725 1.3239552 -0.2216174 0.7319499 -0.6166737 0.1866778
29781.228000 3.0412698 -2.7352014 1.3239770 -0.2215888 0.7318588 -0.6167960 0.1866648
29781.328000 3.0414391 -2.7356171 1.3239487 -0.2215742 0.7319738 -0.6166735 0.1866362
29781.428000 3.0413091 -2.7352347 1.3239712 -0.2215461 0.7318831 -0.6167954 0.1866225
29781.528000 3.0413228 -2.7352370 1.3239693 -0.2215250 0.7318933 -0.6167973 0.1866011
29781.628000 3.0414914 -2.7356537 1.3239410 -0.2215111 0.7320119 -0.6166706 0.1865714
29781.728000 3.0413627 -2.7352770 1.3239632 -0.2214837 0.7319252 -0.6167876 0.1865569
29781.828000 3.0466944 -2.7438441 1.3239361 -0.2216719 0.7319798 -0.6166126 0.1866979
29781.928000 3.0512035 -2.7509565 1.3240855 -0.2215074 0.7316745 -0.6170165 0.1867552
29782.028000 3.0568743 -2.7597871 1.3240412 -0.2215264 0.7317855 -0.6168901 0.1867156
29782.128000 3.0570777 -2.7600767 1.3240330 -0.2215224 0.7318223 -0.6168574 0.1866838
29782.228000 3.0571008 -2.7600977 1.3240298 -0.2215001 0.7318306 -0.6168617 0.1866636
29782.328000 3.0571221 -2.7601167 1.3240268 -0.2214782 0.7318408 -0.6168637 0.1866431
29782.428000 3.0569914 -2.7597312 1.3240493 -0.2214498 0.7317478 -0.6169882 0.1866299
29782.528000 3.0571566 -2.7601370 1.3240219 -0.2214353 0.7318617 -0.6168670 0.1866010
29782.628000 3.0571796 -2.7601643 1.3240185 -0.2214145 0.7318784 -0.6168613 0.1865791
29782.729000 3.0571972 -2.7601779 1.3240159 -0.2213937 0.7318923 -0.6168589 0.1865573
29782.828000 3.0570634 -2.7597878 1.3240387 -0.2213661 0.7318021 -0.6169801 0.1865431
29782.928000 3.0572255 -2.7601892 1.3240118 -0.2213521 0.7319177 -0.6168569 0.1865135
29783.029000 3.0570944 -2.7598087 1.3240342 -0.2213246 0.7318306 -0.6169745 0.1864991
29783.128000 3.0572657 -2.7602240 1.3240056 -0.2213123 0.7319522 -0.6168442 0.1864675
29783.228000 3.0572816 -2.7602406 1.3240032 -0.2212913 0.7319680 -0.6168395 0.1864459
29783.328000 3.0571438 -2.7598427 1.3240267 -0.2212638 0.7318769 -0.6169617 0.1864318
29783.428000 3.0571537 -2.7598392 1.3240254 -0.2212428 0.7318886 -0.6169621 0.1864096
29783.528000 3.0573203 -2.7602550 1.3239975 -0.2212291 0.7320090 -0.6168332 0.1863796
29783.628000 3.0571858 -2.7598655 1.3240205 -0.2212017 0.7319205 -0.6169524 0.1863650
29783.728000 3.0573489 -2.7602724 1.3239932 -0.2211878 0.7320387 -0.6168261 0.1863351
29783.828000 3.0572140 -2.7598823 1.3240163 -0.2211604 0.7319501 -0.6169455 0.1863206
29783.929000 3.0573766 -2.7602886 1.3239891 -0.2211464 0.7320681 -0.6168195 0.1862908
29784.028000 3.0573949 -2.7603087 1.3239863 -0.2211259 0.7320859 -0.6168124 0.1862684
29784.128000 3.0574083 -2.7603160 1.3239843 -0.2211049 0.7321005 -0.6168095 0.1862461
29784.228000 3.0574215 -2.7603233 1.3239823 -0.2210843 0.7321148 -0.6168065 0.1862242
29784.328000 3.0574346 -2.7603301 1.3239804 -0.2210634 0.7321291 -0.6168037 0.1862021
29784.428000 3.0068287 -2.8130648 1.3240420 -0.2046125 0.7366903 -0.6210300 0.1724612
29784.528000 3.0047899 -2.8153047 1.3240330 -0.2038889 0.7369299 -0.6211614 0.1718203
29784.628000 3.0042962 -2.8155281 1.3240305 -0.2017025 0.7375408 -0.6216577 0.1699745
29784.728000 3.0018136 -2.8165507 1.3240345 -0.1912772 0.7403245 -0.6239798 0.1611890
29784.828000 3.0022047 -2.8172927 1.3239581 -0.1911689 0.7405139 -0.6238325 0.1610176
29784.928000 3.0026602 -2.8166317 1.3239859 -0.1935815 0.7397564 -0.6234539 0.1630701
29785.028000 3.0021173 -2.8168423 1.3239909 -0.1913924 0.7402861 -0.6239744 0.1612491
29785.128000 3.0016260 -2.8159890 1.3240726 -0.1912069 0.7401698 -0.6241907 0.1611665
29785.228000 3.0023458 -2.8162547 1.3240381 -0.1935375 0.7396944 -0.6235312 0.1631079
29785.328000 3.0017678 -2.8161507 1.3240539 -0.1914251 0.7401752 -0.6240820 0.1613034
29785.428000 3.0020859 -2.8168612 1.3239858 -0.1911307 0.7403974 -0.6239906 0.1609860
29785.528000 3.0026394 -2.8166629 1.3239834 -0.1933759 0.7398108 -0.6235018 0.1628840
29785.628000 3.0022897 -2.8173339 1.3239541 -0.1914321 0.7404184 -0.6238030 0.1612582
29785.728000 3.0022006 -2.8173007 1.3239595 -0.1911597 0.7404884 -0.6238620 0.1610313
29785.828000 3.0026722 -2.8166597 1.3239836 -0.1935027 0.7397713 -0.6234786 0.1630017
29785.928000 3.0021370 -2.8168455 1.3239874 -0.1913462 0.7403168 -0.6239695 0.1611819
29786.028000 3.0020590 -2.8167885 1.3239937 -0.1911391 0.7403658 -0.6240192 0.1610105
29786.128000 3.0026402 -2.8166117 1.3239882 -0.1934406 0.7397782 -0.6235043 0.1629461
29786.229000 3.0022760 -2.8172669 1.3239606 -0.1915304 0.7403866 -0.6237874 0.1613474
29786.328000 3.0017249 -2.8164610 1.3240412 -0.1910776 0.7403458 -0.6240556 0.1610346
29786.428000 3.0023131 -2.8162825 1.3240365 -0.1934198 0.7397300 -0.6235507 0.1630118
29786.528000 3.0018029 -2.8165260 1.3240369 -0.1912706 0.7402629 -0.6240487 0.1612131
29786.629000 3.0021042 -2.8168267 1.3239906 -0.1912103 0.7403310 -0.6240198 0.1610836
29786.728000 3.0026889 -2.8165990 1.3239877 -0.1935952 0.7397274 -0.6234822 0.1630773
29786.828000 3.0022652 -2.8173057 1.3239562 -0.1914254 0.7404335 -0.6237905 0.1612449
29786.928000 3.0016813 -2.8160144 1.3240653 -0.1911978 0.7402215 -0.6241489 0.1611018
29787.028000 3.0016982 -2.8160261 1.3240626 -0.1911754 0.7402262 -0.6241554 0.1610810
29787.128000 3.0023311 -2.8158267 1.3240569 -0.1937285 0.7395726 -0.6235846 0.1632297
29787.228000 3.0018489 -2.8165600 1.3240272 -0.1913646 0.7403005 -0.6239636 0.1612579
29787.328000 3.0016720 -2.8160464 1.3240619 -0.1911080 0.7402540 -0.6241574 0.1610256
29787.428000 3.0023459 -2.8162802 1.3240334 -0.1935420 0.7397129 -0.6235094 0.1631021
29787.529000 3.0018121 -2.8161635 1.3240548 -0.1914174 0.7401483 -0.6241174 0.1612987
29787.628000 3.0021995 -2.8173379 1.3239576 -0.1911287 0.7404814 -0.6238827 0.1610199
29787.728000 3.0027158 -2.8166735 1.3239807 -0.1935172 0.7397748 -0.6234720 0.1629937
29787.828000 3.0022451 -2.8173665 1.3239505 -0.1912648 0.7404969 -0.6238013 0.1611025
29787.928000 3.0017050 -2.8160539 1.3240602 -0.1911342 0.7402593 -0.6241431 0.1610257
29788.028000 3.0023226 -2.8162865 1.3240323 -0.1934468 0.7397556 -0.6235129 0.1630079
29788.128000 3.0018167 -2.8164818 1.3240364 -0.1914179 0.7402617 -0.6239794 0.1613121
29788.228000 3.0017257 -2.8164297 1.3240416 -0.1911573 0.7403264 -0.6240388 0.1610940
29788.329000 3.0017362 -2.8164481 1.3240383 -0.1911130 0.7403390 -0.6240474 0.1610551
29788.428000 3.0022990 -2.8162167 1.3240389 -0.1934487 0.7397140 -0.6235561 0.1630292
29788.528000 3.0017931 -2.8164454 1.3240454 -0.1914072 0.7402064 -0.6240429 0.1613327
29788.628000 3.0020692 -2.8167363 1.3239991 -0.1911298 0.7403340 -0.6240613 0.1610044
29788.728000 3.0026378 -2.8165308 1.3239957 -0.1934214 0.7397428 -0.6235569 0.1629280
29788.829000 3.0021911 -2.8168245 1.3239895 -0.1913791 0.7402892 -0.6239878 0.1611990
29788.928000 3.0021030 -2.8167641 1.3239959 -0.1911539 0.7403430 -0.6240413 0.1610122
29789.028000 3.0026822 -2.8165834 1.3239895 -0.1934731 0.7397517 -0.6235212 0.1629629
29789.128000 3.0022477 -2.8172787 1.3239593 -0.1914484 0.7403892 -0.6238232 0.1612945
29789.228000 3.0021075 -2.8167994 1.3239907 -0.1911279 0.7403700 -0.6240241 0.1609855
29789.328000 3.0027344 -2.8170699 1.3239583 -0.1934433 0.7398809 -0.6233755 0.1629692
29789.428000 3.0022393 -2.8169453 1.3239764 -0.1913531 0.7403418 -0.6239416 0.1611671
29789.529000 3.0021510 -2.8168695 1.3239836 -0.1911326 0.7403905 -0.6239990 0.1609827
29789.628000 3.0027029 -2.8166656 1.3239815 -0.1933852 0.7398063 -0.6235068 0.1628744
29789.728000 3.0021905 -2.8173165 1.3239613 -0.1912125 0.7404595 -0.6238647 0.1610909
29789.828000 3.0021176 -2.8168220 1.3239906 -0.1910883 0.7403929 -0.6240215 0.1609370
29789.928000 3.0027262 -2.8170716 1.3239598 -0.1934258 0.7398868 -0.6233778 0.1629542
29790.028000 3.0022191 -2.8169313 1.3239790 -0.1913014 0.7403452 -0.6239625 0.1611320
29790.128000 3.0021480 -2.8168487 1.3239862 -0.1911518 0.7403757 -0.6240046 0.1610066
29790.228000 3.0021612 -2.8168686 1.3239829 -0.1911268 0.7403831 -0.6240092 0.1609840
29790.328000 3.0027223 -2.8166731 1.3239800 -0.1934099 0.7397886 -0.6235116 0.1629072
29790.428000 3.0022559 -2.8169139 1.3239814 -0.1914365 0.7402898 -0.6239562 0.1612505
29790.528000 3.0021557 -2.8168122 1.3239912 -0.1912291 0.7403315 -0.6240147 0.1610789
29790.628000 3.0027172 -2.8170509 1.3239625 -0.1934879 0.7398523 -0.6233798 0.1630295
29790.729000 3.0022186 -2.8168450 1.3239854 -0.1914644 0.7402972 -0.6239335 0.1612713
29790.828000 3.0021327 -2.8171872 1.3239692 -0.1912341 0.7404408 -0.6238702 0.1611303
29790.928000 3.0027152 -2.8166497 1.3239824 -0.1934804 0.7397897 -0.6234752 0.1629579
29791.028000 3.0023035 -2.8173849 1.3239492 -0.1914786 0.7404330 -0.6237584 0.1613081
29791.128000 3.0021998 -2.8169319 1.3239779 -0.1911795 0.7404181 -0.6239466 0.1610037
29791.228000 3.0027801 -2.8167313 1.3239734 -0.1935230 0.7398175 -0.6234257 0.1629705
29791.328000 3.0022925 -2.8169766 1.3239708 -0.1914198 0.7403756 -0.6238740 0.1611945
29791.428000 3.0021914 -2.8169198 1.3239774 -0.1911478 0.7404405 -0.6239390 0.1609675
29791.528000 3.0022047 -2.8169425 1.3239741 -0.1911269 0.7404468 -0.6239428 0.1609483
29791.628000 3.0027591 -2.8167116 1.3239757 -0.1934349 0.7398232 -0.6234664 0.1628933
29791.728000 3.0022495 -2.8168846 1.3239849 -0.1913454 0.7403139 -0.6239847 0.1611379
29791.828000 3.0021106 -2.8172083 1.3239725 -0.1910430 0.7404694 -0.6239418 0.1609483
29791.928000 3.0026362 -2.8170730 1.3239642 -0.1931718 0.7399479 -0.6234399 0.1627403
29792.028000 3.0021925 -2.8169855 1.3239766 -0.1913406 0.7403957 -0.6238836 0.1611593
29792.128000 3.0021129 -2.8172267 1.3239653 -0.1911212 0.7405153 -0.6238471 0.1610111
29792.228000 3.0026772 -2.8170935 1.3239584 -0.1933166 0.7399497 -0.6233630 0.1628545
29792.328000 3.0022628 -2.8169787 1.3239756 -0.1912955 0.7403849 -0.6239294 0.1610850
29792.428000 3.0021800 -2.8168951 1.3239830 -0.1910854 0.7404293 -0.6239874 0.1609052
29792.528000 3.0027633 -2.8167127 1.3239766 -0.1934443 0.7398335 -0.6234530 0.1628865
29792.628000 3.0022556 -2.8173536 1.3239508 -0.1913837 0.7404735 -0.6237639 0.1612136
29792.728000 3.0021911 -2.8169138 1.3239778 -0.1911373 0.7404517 -0.6239355 0.1609419
29792.828000 3.0027582 -2.8166999 1.3239767 -0.1934496 0.7398348 -0.6234493 0.1628887
29792.929000 3.0022506 -2.8169095 1.3239800 -0.1912964 0.7403629 -0.6239562 0.1610812
29793.028000 3.0021150 -2.8172589 1.3239653 -0.1910400 0.7405084 -0.6238985 0.1609401
29793.128000 3.0021250 -2.8172941 1.3239615 -0.1910074 0.7405194 -0.6239024 0.1609128
29793.229000 3.0027092 -2.8171205 1.3239562 -0.1933540 0.7399224 -0.6233749 0.1628888
29793.328000 3.0022153 -2.8173825 1.3239547 -0.1912337 0.7404813 -0.6238276 0.1611093
29793.428000 3.0021802 -2.8168980 1.3239838 -0.1911096 0.7404246 -0.6239781 0.1609344
29793.528000 3.0027225 -2.8166345 1.3239881 -0.1934280 0.7397832 -0.6235146 0.1628988
29793.628000 3.0021754 -2.8167618 1.3240011 -0.1913343 0.7402571 -0.6240479 0.1611668
29793.728000 3.0020329 -2.8170904 1.3239873 -0.1910750 0.7403982 -0.6239971 0.1610236
29793.828000 3.0026266 -2.8169505 1.3239777 -0.1934128 0.7398192 -0.6234536 0.1629865
29793.928000 3.0021661 -2.8172364 1.3239696 -0.1913449 0.7403917 -0.6238670 0.1612366
29794.028000 3.0021289 -2.8168020 1.3239948 -0.1910967 0.7403754 -0.6240363 0.1609504
29794.128000 3.0026501 -2.8170301 1.3239682 -0.1933508 0.7398799 -0.6234171 0.1629242
29794.228000 3.0022755 -2.8169509 1.3239799 -0.1914079 0.7403303 -0.6239259 0.1612159
29794.328000 3.0021232 -2.8172562 1.3239678 -0.1911477 0.7404656 -0.6238817 0.1610744
29794.428000 3.0027208 -2.8166835 1.3239845 -0.1933639 0.7398170 -0.6235064 0.1628529
29794.528000 3.0021783 -2.8169621 1.3239871 -0.1912835 0.7403668 -0.6239461 0.1611177
29794.629000 3.0021358 -2.8167977 1.3239946 -0.1910806 0.7403975 -0.6240243 0.1609143
29794.728000 3.0027161 -2.8166329 1.3239880 -0.1933828 0.7398100 -0.6235090 0.1628520
29794.829000 3.0022749 -2.8169079 1.3239822 -0.1914185 0.7403338 -0.6239221 0.1612017
29794.928000 3.0021891 -2.8168411 1.3239889 -0.1911949 0.7403861 -0.6239773 0.1610134
29795.028000 3.0022000 -2.8168655 1.3239855 -0.1911548 0.7403972 -0.6239855 0.1609783
29795.129000 3.0027399 -2.8166641 1.3239841 -0.1933872 0.7398090 -0.6235050 0.1628664
29795.228000 3.0022495 -2.8168828 1.3239877 -0.1914057 0.7403014 -0.6239602 0.1612183
29795.328000 3.0021498 -2.8167795 1.3239975 -0.1911813 0.7403482 -0.6240222 0.1610297
29795.428000 3.0021605 -2.8168028 1.3239941 -0.1911382 0.7403599 -0.6240312 0.1609918
29795.528000 3.0027294 -2.8166033 1.3239899 -0.1934667 0.7397617 -0.6235140 0.1629526
29795.628000 3.0021297 -2.8172180 1.3239707 -0.1912901 0.7404001 -0.6238809 0.1612094
29795.728000 3.0020354 -2.8171311 1.3239800 -0.1911154 0.7404383 -0.6239254 0.1610690
29795.828000 3.0027110 -2.8165956 1.3239918 -0.1934574 0.7397639 -0.6235163 0.1629449
29795.928000 3.0022462 -2.8168651 1.3239877 -0.1913258 0.7403161 -0.6239895 0.1611325
29796.028000 3.0021515 -2.8168078 1.3239945 -0.1910846 0.7403746 -0.6240452 0.1609339
29796.128000 3.0026240 -2.8169934 1.3239705 -0.1933055 0.7398901 -0.6234289 0.1628866
29796.228000 3.0022592 -2.8168974 1.3239812 -0.1913690 0.7403638 -0.6239135 0.1611559
29796.328000 3.0020654 -2.8171901 1.3239714 -0.1910755 0.7405015 -0.6238796 0.1610031
29796.428000 3.0027295 -2.8166741 1.3239816 -0.1933543 0.7398598 -0.6234673 0.1628189
29796.528000 3.0022187 -2.8172594 1.3239614 -0.1914704 0.7404299 -0.6237676 0.1612967
29796.628000 3.0020953 -2.8172347 1.3239662 -0.1911012 0.7405266 -0.6238446 0.1609928
29796.729000 3.0027347 -2.8167166 1.3239785 -0.1932763 0.7398906 -0.6234750 0.1627424
29796.828000 3.0023115 -2.8169554 1.3239769 -0.1914168 0.7403535 -0.6239011 0.1611947
29796.928000 3.0021986 -2.8169023 1.3239840 -0.1911030 0.7404305 -0.6239726 0.1609365
29797.028000 3.0027476 -2.8166611 1.3239854 -0.1934059 0.7398106 -0.6234921 0.1628866
29797.128000 3.0022260 -2.8168166 1.3239938 -0.1913724 0.7402935 -0.6239868 0.1611913
29797.228000 3.0021298 -2.8167593 1.3240004 -0.1911097 0.7403579 -0.6240469 0.1609744
29797.328000 3.0025913 -2.8169475 1.3239772 -0.1932825 0.7398643 -0.6234642 0.1628960
29797.428000 3.0023035 -2.8169069 1.3239843 -0.1915194 0.7402749 -0.6239327 0.1613114
29797.528000 3.0021811 -2.8168384 1.3239924 -0.1911346 0.7403661 -0.6240262 0.1609873
29797.628000 3.0027276 -2.8166019 1.3239929 -0.1934122 0.7397622 -0.6235414 0.1629103
29797.728000 3.0021797 -2.8167899 1.3239998 -0.1913186 0.7402798 -0.6240274 0.1611610
29797.828000 3.0021099 -2.8167084 1.3240065 -0.1911165 0.7403259 -0.6240793 0.1609878
29797.928000 3.0026906 -2.8165657 1.3239961 -0.1933510 0.7397858 -0.6235475 0.1628524
29798.028000 3.0022488 -2.8169036 1.3239836 -0.1913922 0.7403627 -0.6239014 0.1611806
29798.128000 3.0021671 -2.8168244 1.3239903 -0.1911276 0.7404245 -0.6239679 0.1609528
29798.228000 3.0027530 -2.8166532 1.3239848 -0.1934196 0.7398251 -0.6234703 0.1628877
29798.328000 3.0023030 -2.8169353 1.3239800 -0.1914240 0.7403329 -0.6239188 0.1612120
29798.428000 3.0021998 -2.8168706 1.3239879 -0.1911498 0.7403967 -0.6239849 0.1609884
29798.528000 3.0027606 -2.8167003 1.3239808 -0.1933459 0.7398500 -0.6234806 0.1628226
29798.628000 3.0023244 -2.8169418 1.3239735 -0.1913831 0.7403941 -0.6238803 0.1611289
29798.728000 3.0022043 -2.8168936 1.3239819 -0.1911053 0.7404607 -0.6239422 0.1609126
29798.828000 3.0026392 -2.8170296 1.3239650 -0.1933246 0.7399322 -0.6233724 0.1628890
29798.929000 3.0021458 -2.8172699 1.3239662 -0.1913000 0.7404376 -0.6238386 0.1611891
29799.028000 3.0020490 -2.8172023 1.3239738 -0.1910252 0.7405021 -0.6239050 0.1609616
29799.128000 3.0027614 -2.8166896 1.3239831 -0.1933578 0.7398464 -0.6234813 0.1628225
29799.228000 3.0022668 -2.8169505 1.3239809 -0.1913487 0.7403708 -0.6239154 0.1611405
29799.328000 3.0021818 -2.8168675 1.3239882 -0.1910755 0.7404327 -0.6239859 0.1609070
29799.429000 3.0020499 -2.8172101 1.3239711 -0.1909290 0.7405241 -0.6239270 0.1608891
29799.528000 3.0027412 -2.8167056 1.3239811 -0.1931923 0.7398895 -0.6235167 0.1626873
29799.628000 3.0022704 -2.8169346 1.3239827 -0.1914223 0.7403457 -0.6239066 0.1612027
29799.728000 3.0020192 -2.8171278 1.3239800 -0.1910444 0.7404791 -0.6239200 0.1609860
29799.829000 3.0027077 -2.8166635 1.3239875 -0.1932471 0.7398577 -0.6235226 0.1627441
29799.928000 3.0022692 -2.8169005 1.3239837 -0.1913332 0.7403462 -0.6239516 0.1611318
29800.028000 3.0020090 -2.8171506 1.3239793 -0.1909993 0.7404746 -0.6239425 0.1609731
29800.128000 3.0021692 -2.8168760 1.3239883 -0.1909597 0.7404374 -0.6240357 0.1608301
29800.228000 3.0027394 -2.8166567 1.3239865 -0.1932450 0.7398498 -0.6235315 0.1627485
29800.328000 3.0020724 -2.8171813 1.3239758 -0.1912449 0.7404203 -0.6238799 0.1611739
29800.428000 3.0021320 -2.8167833 1.3239985 -0.1910872 0.7404040 -0.6240089 0.1609361
29800.529000 3.0025627 -2.8169064 1.3239801 -0.1932903 0.7398908 -0.6234316 0.1628911
29800.628000 3.0020431 -2.8171444 1.3239786 -0.1912443 0.7404293 -0.6238720 0.1611638
29800.728000 3.0018061 -2.8167226 1.3240201 -0.1910904 0.7403897 -0.6240013 0.1610276
29800.828000 3.0023921 -2.8165497 1.3240157 -0.1934297 0.7397724 -0.6234994 0.1630041
29800.928000 3.0019429 -2.8168133 1.3240125 -0.1914174 0.7402759 -0.6239608 0.1613190
29801.028000 3.0018269 -2.8167627 1.3240198 -0.1910811 0.7403583 -0.6240388 0.1610377
29801.128000 3.0023953 -2.8165451 1.3240169 -0.1934541 0.7397484 -0.6235110 0.1630391
29801.228000 3.0020131 -2.8165022 1.3240252 -0.1913904 0.7402561 -0.6240210 0.1612090
29801.328000 3.0019589 -2.8164443 1.3240312 -0.1912353 0.7402958 -0.6240561 0.1610753
29801.429000 3.0023909 -2.8165078 1.3240191 -0.1934617 0.7397458 -0.6235086 0.1630513
29801.528000 3.0020103 -2.8165087 1.3240288 -0.1913523 0.7402385 -0.6240590 0.1611880
29801.628000 3.0018150 -2.8166995 1.3240248 -0.1911424 0.7403291 -0.6240367 0.1611077
29801.728000 3.0025496 -2.8162770 1.3240300 -0.1935271 0.7396751 -0.6235819 0.1630143
29801.828000 3.0020613 -2.8165446 1.3240246 -0.1913876 0.7402381 -0.6240464 0.1611970
29801.928000 3.0021176 -2.8168355 1.3239989 -0.1911012 0.7403798 -0.6240227 0.1609775
29802.028000 3.0026805 -2.8166223 1.3239979 -0.1933971 0.7397821 -0.6235218 0.1629130
29802.128000 3.0021586 -2.8168156 1.3239999 -0.1914313 0.7402919 -0.6239501 0.1612707
29802.228000 3.0020971 -2.8167474 1.3240064 -0.1912129 0.7403432 -0.6240056 0.1610797
29802.329000 3.0027056 -2.8166119 1.3239971 -0.1935109 0.7397656 -0.6234831 0.1630006
29802.428000 3.0022304 -2.8169040 1.3239867 -0.1914013 0.7403412 -0.6239192 0.1611993
29802.528000 3.0018565 -2.8167793 1.3240155 -0.1911175 0.7403772 -0.6240033 0.1610454
29802.628000 3.0024407 -2.8166084 1.3240108 -0.1934551 0.7397766 -0.6234830 0.1630176
29802.728000 3.0020766 -2.8165595 1.3240196 -0.1914384 0.7402635 -0.6239957 0.1612165
29802.828000 3.0019518 -2.8170640 1.3239879 -0.1910452 0.7404599 -0.6239359 0.1610118
29802.928000 3.0026554 -2.8166458 1.3239957 -0.1933019 0.7398272 -0.6235231 0.1628158
29803.029000 3.0021544 -2.8168416 1.3239987 -0.1913265 0.7403133 -0.6239832 0.1611686
29803.128000 3.0020897 -2.8167727 1.3240056 -0.1911130 0.7403618 -0.6240390 0.1609828
29803.228000 3.0026631 -2.8166049 1.3240011 -0.1933880 0.7397769 -0.6235335 0.1629021
29803.328000 3.0021584 -2.8168280 1.3239985 -0.1913447 0.7403145 -0.6239710 0.1611885
29803.428000 3.0020839 -2.8167738 1.3240053 -0.1911245 0.7403669 -0.6240243 0.1610029
29803.528000 3.0025030 -2.8168205 1.3239946 -0.1934004 0.7398013 -0.6234675 0.1630292
29803.628000 3.0021351 -2.8168076 1.3240025 -0.1912958 0.7403064 -0.6240047 0.1611537
29803.728000 3.0020606 -2.8167512 1.3240096 -0.1910717 0.7403595 -0.6240594 0.1609638
29803.828000 3.0026424 -2.8165892 1.3240046 -0.1933490 0.7397677 -0.6235626 0.1628791
29803.928000 3.0019844 -2.8170356 1.3239950 -0.1912357 0.7403364 -0.6239752 0.1612017
29804.028000 3.0019717 -2.8164877 1.3240351 -0.1911222 0.7402762 -0.6241405 0.1609726
29804.128000 3.0023762 -2.8165195 1.3240254 -0.1933921 0.7397122 -0.6235843 0.1629971
29804.229000 3.0018782 -2.8167075 1.3240264 -0.1913949 0.7402241 -0.6240289 0.1613201
29804.328000 3.0018662 -2.8169552 1.3240058 -0.1909959 0.7403855 -0.6240384 0.1610156
29804.428000 3.0026485 -2.8165803 1.3240047 -0.1934046 0.7397570 -0.6235474 0.1629200
29804.528000 3.0020014 -2.8170699 1.3239880 -0.1912668 0.7403772 -0.6239154 0.1612084
29804.628000 3.0018254 -2.8167634 1.3240197 -0.1910991 0.7403618 -0.6240279 0.1610424
29804.728000 3.0023941 -2.8165764 1.3240161 -0.1934036 0.7397722 -0.6235131 0.1629833
29804.829000 3.0019003 -2.8167629 1.3240148 -0.1914094 0.7403041 -0.6239351 0.1612988
29804.929000 3.0020915 -2.8167701 1.3240021 -0.1911870 0.7403927 -0.6239673 0.1610310
29805.028000 3.0026995 -2.8165871 1.3239991 -0.1935633 0.7397639 -0.6234607 0.1630316
29805.128000 3.0022082 -2.8168274 1.3239975 -0.1914679 0.7402880 -0.6239427 0.1612739
29805.228000 3.0020971 -2.8167980 1.3240037 -0.1911017 0.7403816 -0.6240232 0.1609665
29805.328000 3.0026900 -2.8166062 1.3239996 -0.1934951 0.7397641 -0.6234935 0.1629865
29805.428000 3.0019745 -2.8170011 1.3239936 -0.1913387 0.7403434 -0.6239112 0.1612946
29805.528000 3.0020718 -2.8167633 1.3240051 -0.1911488 0.7403704 -0.6240070 0.1610251
29805.629000 3.0025029 -2.8167982 1.3239941 -0.1934190 0.7398096 -0.6234502 0.1630360
29805.728000 3.0021720 -2.8168750 1.3239959 -0.1914042 0.7403198 -0.6239328 0.1612420
29805.828000 3.0018454 -2.8167801 1.3240190 -0.1911630 0.7403494 -0.6240061 0.1611084
29805.928000 3.0026150 -2.8163731 1.3240229 -0.1936089 0.7396817 -0.6235374 0.1630573
29806.028000 3.0020601 -2.8165793 1.3240233 -0.1913048 0.7402663 -0.6240613 0.1611081
29806.128000 3.0020119 -2.8165118 1.3240305 -0.1912088 0.7402856 -0.6240885 0.1610280
29806.228000 3.0024325 -2.8165840 1.3240149 -0.1935063 0.7397392 -0.6234975 0.1630707
29806.328000 3.0020725 -2.8167169 1.3240102 -0.1913304 0.7403268 -0.6239743 0.1611364
29806.429000 3.0020781 -2.8166361 1.3240140 -0.1912519 0.7403476 -0.6239977 0.1610432
29806.528000 3.0024868 -2.8166430 1.3240059 -0.1935968 0.7397598 -0.6234300 0.1631282
29806.628000 3.0019577 -2.8168950 1.3240023 -0.1913698 0.7403487 -0.6239095 0.1612403
29806.728000 3.0018865 -2.8168312 1.3240102 -0.1912044 0.7403838 -0.6239533 0.1611055
29806.828000 3.0024807 -2.8166598 1.3240066 -0.1935658 0.7397627 -0.6234416 0.1631074
29806.928000 3.0019424 -2.8168847 1.3240067 -0.1913889 0.7403048 -0.6239395 0.1613028
29807.028000 3.0018677 -2.8168226 1.3240147 -0.1912045 0.7403452 -0.6239871 0.1611519
29807.128000 3.0024392 -2.8166865 1.3240078 -0.1933897 0.7397906 -0.6234962 0.1629808
29807.228000 3.0019423 -2.8169323 1.3240036 -0.1912410 0.7403607 -0.6239577 0.1611510
29807.328000 3.0021421 -2.8168898 1.3239946 -0.1911373 0.7404127 -0.6239697 0.1609889
29807.428000 3.0027232 -2.8166463 1.3239965 -0.1935323 0.7397709 -0.6234668 0.1630134
29807.528000 3.0019585 -2.8169566 1.3240001 -0.1913844 0.7403087 -0.6239254 0.1613451
29807.628000 3.0018726 -2.8169251 1.3240060 -0.1911426 0.7403711 -0.6239763 0.1611480
29807.728000 3.0025024 -2.8167968 1.3239950 -0.1935319 0.7397862 -0.6234139 0.1631468
29807.828000 3.0022146 -2.8169517 1.3239827 -0.1913595 0.7404006 -0.6238701 0.1611665
29807.928000 3.0021560 -2.8168937 1.3239897 -0.1911819 0.7404424 -0.6239138 0.1610156
29808.028000 3.0027205 -2.8167248 1.3239860 -0.1933918 0.7398699 -0.6234300 0.1628717
29808.128000 3.0021459 -2.8169604 1.3239873 -0.1912524 0.7404231 -0.6238971 0.1610855
29808.228000 3.0021315 -2.8167123 1.3240068 -0.1912764 0.7403795 -0.6239541 0.1610368
29808.328000 3.0024790 -2.8166832 1.3240037 -0.1934649 0.7398068 -0.6234454 0.1630123
29808.428000 3.0018980 -2.8168513 1.3240098 -0.1912641 0.7403456 -0.6239607 0.1611811
29808.528000 3.0020928 -2.8167953 1.3240024 -0.1911537 0.7403992 -0.6239743 0.1610133
29808.628000 3.0027216 -2.8166388 1.3239949 -0.1935340 0.7397957 -0.6234395 0.1630035
29808.728000 3.0021896 -2.8169479 1.3239844 -0.1912314 0.7404235 -0.6239131 0.1610463
29808.828000 3.0019062 -2.8169126 1.3240023 -0.1911141 0.7404281 -0.6239486 0.1610272
29808.928000 3.0024685 -2.8166974 1.3240051 -0.1934389 0.7397856 -0.6234787 0.1630124
29809.028000 3.0018973 -2.8168314 1.3240155 -0.1913122 0.7402648 -0.6240217 0.1612594
29809.128000 3.0018424 -2.8167960 1.3240205 -0.1911382 0.7403126 -0.6240560 0.1611135
29809.228000 3.0024664 -2.8166442 1.3240123 -0.1935307 0.7397154 -0.6235060 0.1631175
29809.328000 3.0019590 -2.8169483 1.3239996 -0.1913417 0.7403339 -0.6239327 0.1612516
29809.428000 3.0021239 -2.8167420 1.3240078 -0.1912261 0.7403545 -0.6240012 0.1610288
29809.528000 3.0027125 -2.8165079 1.3240085 -0.1936009 0.7397288 -0.6234924 0.1630253
29809.629000 3.0018940 -2.8168154 1.3240121 -0.1913116 0.7403160 -0.6239702 0.1612246
29809.728000 3.0018239 -2.8167686 1.3240191 -0.1911231 0.7403610 -0.6240138 0.1610723
29809.828000 3.0018754 -2.8168182 1.3240145 -0.1911300 0.7403635 -0.6240080 0.1610755
29809.928000 3.0024957 -2.8166906 1.3240053 -0.1934696 0.7397807 -0.6234677 0.1630400
29810.028000 3.0019874 -2.8170131 1.3239911 -0.1913464 0.7403794 -0.6238801 0.1612406
29810.128000 3.0021409 -2.8167848 1.3240018 -0.1912231 0.7404001 -0.6239526 0.1610110
29810.228000 3.0024870 -2.8166802 1.3240067 -0.1935127 0.7397622 -0.6234654 0.1630815
29810.328000 3.0018334 -2.8167984 1.3240202 -0.1911599 0.7402909 -0.6240698 0.1611342
29810.428000 3.0020296 -2.8165944 1.3240277 -0.1911628 0.7402826 -0.6241100 0.1610129
29810.528000 3.0024179 -2.8166116 1.3240180 -0.1933791 0.7397376 -0.6235598 0.1629908
29810.628000 3.0019351 -2.8168991 1.3240066 -0.1913370 0.7403132 -0.6239580 0.1612543
29810.728000 3.0018764 -2.8168595 1.3240126 -0.1911520 0.7403609 -0.6239979 0.1611004
29810.828000 3.0024995 -2.8167107 1.3240062 -0.1935355 0.7397476 -0.6234681 0.1631105
29810.928000 3.0022384 -2.8168426 1.3239979 -0.1915518 0.7402744 -0.6239217 0.1613174
29811.028000 3.0019411 -2.8169336 1.3240050 -0.1912405 0.7403542 -0.6239584 0.1611792
29811.128000 3.0027370 -2.8165709 1.3240072 -0.1936481 0.7397048 -0.6234886 0.1630926
29811.228000 3.0021123 -2.8167000 1.3240151 -0.1913239 0.7402709 -0.6240406 0.1611441
29811.328000 3.0018285 -2.8167767 1.3240232 -0.1911288 0.7403169 -0.6240542 0.1611118
29811.428000 3.0024614 -2.8166527 1.3240138 -0.1935031 0.7397188 -0.6235147 0.1631013
29811.528000 3.0021957 -2.8168157 1.3240009 -0.1913952 0.7402963 -0.6239809 0.1611742
29811.628000 3.0021545 -2.8167649 1.3240078 -0.1912687 0.7403269 -0.6240109 0.1610677
29811.728000 3.0025385 -2.8167413 1.3240012 -0.1935719 0.7397573 -0.6234422 0.1631225
29811.828000 3.0019879 -2.8170091 1.3239916 -0.1913450 0.7403874 -0.6238742 0.1612284
29811.928000 3.0021641 -2.8168484 1.3239968 -0.1912137 0.7404218 -0.6239347 0.1609918
29812.029000 3.0025023 -2.8167663 1.3239985 -0.1934076 0.7398268 -0.6234496 0.1629736
29812.129000 3.0022127 -2.8167813 1.3240016 -0.1915892 0.7402599 -0.6239208 0.1613435
29812.228000 3.0018911 -2.8168598 1.3240101 -0.1911614 0.7403653 -0.6239893 0.1611020
29812.329000 3.0024334 -2.8166859 1.3240102 -0.1933429 0.7397824 -0.6235277 0.1629533
29812.428000 3.0018996 -2.8168397 1.3240144 -0.1913420 0.7402707 -0.6239994 0.1612831
29812.528000 3.0018365 -2.8167815 1.3240227 -0.1911562 0.7403114 -0.6240477 0.1611299
29812.628000 3.0018925 -2.8168407 1.3240177 -0.1911558 0.7403167 -0.6240424 0.1611265
29812.728000 3.0021778 -2.8167709 1.3240123 -0.1912176 0.7403073 -0.6240546 0.1610491
29812.829000 3.0008639 -2.8153015 1.3240919 -0.1910012 0.7405771 -0.6237693 0.1611708
29812.928000 2.9952662 -2.8068894 1.3244269 -0.1902335 0.7418769 -0.6223930 0.1614212
29813.028000 2.9894520 -2.7969059 1.3246524 -0.1894623 0.7433110 -0.6208705 0.1615942
29813.128000 2.9840121 -2.7877406 1.3247141 -0.1886759 0.7446127 -0.6194810 0.1618537
29813.229000 2.9785213 -2.7770328 1.3246085 -0.1879084 0.7460460 -0.6179472 0.1620094
29813.328000 2.9739152 -2.7664031 1.3243310 -0.1872905 0.7473900 -0.6165071 0.1620167
29813.428000 2.9692652 -2.7558604 1.3238863 -0.1866003 0.7487308 -0.6150625 0.1621133
29813.528000 2.9652695 -2.7450357 1.3232695 -0.1860194 0.7500449 -0.6136471 0.1620702
29813.628000 2.9617093 -2.7340477 1.3224812 -0.1854870 0.7513463 -0.6122449 0.1619552
29813.729000 2.9585827 -2.7229151 1.3215207 -0.1849989 0.7526387 -0.6108531 0.1617681
29813.828000 2.9561365 -2.7115398 1.3203851 -0.1846156 0.7539146 -0.6094840 0.1614283
29813.928000 2.9538981 -2.7001592 1.3190782 -0.1842171 0.7551976 -0.6081039 0.1610905
29814.028000 2.9518483 -2.6887985 1.3176013 -0.1837900 0.7564935 -0.6067094 0.1607558
29814.128000 2.9504835 -2.6772442 1.3159474 -0.1834581 0.7577833 -0.6053290 0.1602635
29814.228000 2.9495760 -2.6656186 1.3141188 -0.1831592 0.7590807 -0.6039452 0.1596853
29814.329000 2.9491194 -2.6539410 1.3121154 -0.1828886 0.7603893 -0.6025544 0.1590224
29814.428000 2.9491101 -2.6422284 1.3099365 -0.1826652 0.7617068 -0.6011491 0.1582907
29814.529000 2.9497925 -2.6303847 1.3075740 -0.1825262 0.7630307 -0.5997462 0.1573939
29814.628000 2.9504541 -2.6187546 1.3050512 -0.1822845 0.7643962 -0.5982967 0.1565623
29814.728000 2.9520343 -2.6069208 1.3023341 -0.1821754 0.7657644 -0.5968590 0.1554871
29814.828000 2.9535959 -2.5953293 1.2994607 -0.1819568 0.7671800 -0.5953690 0.1544744
29814.928000 2.9558333 -2.5836763 1.2964007 -0.1818020 0.7686144 -0.5938691 0.1532950
29815.028000 2.9585253 -2.5720781 1.2931633 -0.1816510 0.7700802 -0.5923421 0.1520204
29815.128000 2.9616613 -2.5605540 1.2897487 -0.1814976 0.7715801 -0.5907847 0.1506525
29815.229000 2.9654785 -2.5490104 1.2861390 -0.1813983 0.7731057 -0.5892098 0.1491109
29815.328000 2.9692599 -2.5377862 1.2823867 -0.1811679 0.7746914 -0.5875675 0.1476340
29815.428000 2.9739385 -2.5264723 1.2784193 -0.1810394 0.7762968 -0.5859171 0.1459077
29815.528000 2.9785816 -2.5155027 1.2743155 -0.1807732 0.7779662 -0.5841944 0.1442447
29815.628000 2.9841143 -2.5044736 1.2699892 -0.1805998 0.7796587 -0.5824586 0.1423306
29815.728000 2.9895951 -2.4938197 1.2655346 -0.1802778 0.7814192 -0.5806448 0.1404837
29815.828000 2.9957180 -2.4832465 1.2608798 -0.1799647 0.7832199 -0.5787989 0.1384601
29815.928000 3.0022688 -2.4728655 1.2560469 -0.1795922 0.7850741 -0.5769058 0.1363267
29816.028000 3.0093421 -2.4625205 1.2509488 -0.1791659 0.7870132 -0.5749230 0.1340645
29816.128000 3.0168938 -2.4523118 1.2456159 -0.1786821 0.7890274 -0.5728584 0.1316878
29816.228000 3.0238072 -2.4436004 1.2408121 -0.1782175 0.7908173 -0.5710222 0.1295379
29816.328000 3.0319933 -2.4341282 1.2353128 -0.1777315 0.7928285 -0.5689456 0.1270253
29816.428000 3.0377115 -2.4275924 1.2312970 -0.1772650 0.7943136 -0.5673991 0.1253053
29816.528000 2.9982214 -2.4480731 1.2323172 -0.1863071 0.7935941 -0.5639014 0.1323375
29816.629000 2.9966694 -2.4484111 1.2321679 -0.1867108 0.7934887 -0.5638589 0.1325819
29816.728000 2.9967492 -2.4480649 1.2320365 -0.1867279 0.7934366 -0.5639361 0.1325412
29816.828000 2.9958188 -2.4449072 1.2310635 -0.1869016 0.7928011 -0.5646703 0.1329721
29816.928000 2.9559549 -2.4630364 1.2310721 -0.1969915 0.7902223 -0.5630477 0.1404290
29817.028000 2.9548101 -2.4632416 1.2309207 -0.1973122 0.7901285 -0.5630195 0.1406198
29817.128000 2.9548770 -2.4628896 1.2307854 -0.1973305 0.7900754 -0.5630971 0.1405814
29817.228000 2.9534195 -2.4602947 1.2300639 -0.1977136 0.7894907 -0.5636789 0.1409959
29817.328000 2.9132870 -2.4793470 1.2301042 -0.2078898 0.7866620 -0.5620278 0.1485577
29817.428000 2.9123420 -2.4794621 1.2298997 -0.2082943 0.7865692 -0.5619726 0.1486916
29817.528000 2.9121548 -2.4792131 1.2297984 -0.2082878 0.7865226 -0.5620227 0.1487581
29817.628000 2.9101200 -2.4774506 1.2293769 -0.2087915 0.7860197 -0.5624096 0.1492467
29817.729000 2.8691030 -2.4977364 1.2295153 -0.2192862 0.7827992 -0.5608011 0.1569747
29817.828000 2.8681117 -2.4979458 1.2293641 -0.2194574 0.7828592 -0.5605876 0.1571990
29817.928000 2.8681194 -2.4975759 1.2292178 -0.2195058 0.7828024 -0.5606496 0.1571930
29818.028000 2.8659567 -2.4963604 1.2289572 -0.2199893 0.7823468 -0.5609781 0.1576129
29818.128000 2.8241421 -2.5163291 1.2286154 -0.2305796 0.7787456 -0.5594948 0.1653902
29818.228000 2.8231551 -2.5180234 1.2290236 -0.2309074 0.7788202 -0.5591772 0.1656552
29818.328000 2.8229415 -2.5177676 1.2289076 -0.2309011 0.7787812 -0.5592122 0.1657295
29818.428000 2.8207995 -2.5169750 1.2287315 -0.2313587 0.7784145 -0.5594099 0.1661460
29818.528000 2.8157703 -2.5156968 1.2285179 -0.2323593 0.7776306 -0.5597949 0.1671213
29818.628000 2.7780827 -2.5398700 1.2289459 -0.2422471 0.7747518 -0.5574115 0.1742652
29818.728000 2.7772860 -2.5399590 1.2287833 -0.2424988 0.7746421 -0.5574098 0.1744085
29818.828000 2.7770473 -2.5397291 1.2286749 -0.2424922 0.7745900 -0.5574608 0.1744861
29818.928000 2.7747438 -2.5390590 1.2284834 -0.2429506 0.7741932 -0.5576868 0.1748867
29819.028000 2.7689886 -2.5380263 1.2282250 -0.2440160 0.7733050 -0.5581372 0.1758933
29819.128000 2.7322158 -2.5634368 1.2287746 -0.2537267 0.7703640 -0.5555969 0.1829596
29819.228000 2.7310419 -2.5637914 1.2286066 -0.2540741 0.7702219 -0.5555644 0.1831743
29819.328000 2.7307915 -2.5635617 1.2284922 -0.2540679 0.7701700 -0.5556130 0.1832535
29819.428000 2.7286095 -2.5630665 1.2282864 -0.2545627 0.7697777 -0.5557929 0.1836695
29819.529000 2.7224482 -2.5622611 1.2279317 -0.2559833 0.7687411 -0.5561950 0.1848156
29819.628000 2.6854192 -2.5894656 1.2286704 -0.2654951 0.7656778 -0.5534531 0.1921964
29819.728000 2.6844274 -2.5897271 1.2284629 -0.2658964 0.7655220 -0.5534265 0.1923387
29819.828000 2.6843697 -2.5893525 1.2283069 -0.2659458 0.7654550 -0.5534956 0.1923386
29819.928000 2.6820082 -2.5889522 1.2280476 -0.2663876 0.7650580 -0.5536907 0.1927449
29820.029000 2.6753628 -2.5885814 1.2275927 -0.2675537 0.7640526 -0.5541103 0.1939084
29820.128000 2.6391981 -2.6166407 1.2281077 -0.2772987 0.7607006 -0.5513759 0.2010589
29820.228000 2.6385827 -2.6166515 1.2278991 -0.2775961 0.7605743 -0.5513757 0.2011268
29820.328000 2.6383006 -2.6164338 1.2277758 -0.2775854 0.7605236 -0.5514206 0.2012102
29820.428000 2.6358987 -2.6160432 1.2274396 -0.2779368 0.7601241 -0.5516580 0.2015838
29820.528000 2.6294204 -2.6157013 1.2267936 -0.2788137 0.7591469 -0.5521805 0.2026219
29820.628000 2.5944885 -2.6447691 1.2273643 -0.2883184 0.7557501 -0.5493153 0.2096831
29820.728000 2.5935078 -2.6450871 1.2271567 -0.2887105 0.7555784 -0.5492924 0.2098221
29820.828000 2.5932130 -2.6448779 1.2270305 -0.2886984 0.7555263 -0.5493383 0.2099066
29820.928000 2.5906551 -2.6443029 1.2265513 -0.2890713 0.7550654 -0.5496207 0.2103118
29821.028000 2.5849024 -2.6435467 1.2256688 -0.2898592 0.7540942 -0.5501789 0.2112504
29821.128000 2.5510905 -2.6737784 1.2263014 -0.2992244 0.7506512 -0.5471282 0.2182621
29821.228000 2.5499102 -2.6742977 1.2261263 -0.2995607 0.7504818 -0.5470888 0.2184819
29821.328000 2.5497898 -2.6739434 1.2259684 -0.2996015 0.7504089 -0.5471627 0.2184911
29821.429000 2.5472037 -2.6733230 1.2254560 -0.2999001 0.7499225 -0.5475038 0.2188966
29821.528000 2.5416483 -2.6724734 1.2245264 -0.3004999 0.7489360 -0.5481682 0.2197871
29821.628000 2.5083868 -2.7039772 1.2251258 -0.3099387 0.7453064 -0.5450033 0.2267770
29821.728000 2.5075576 -2.7042221 1.2249484 -0.3101705 0.7451724 -0.5449917 0.2269281
29821.828000 2.5074196 -2.7038723 1.2247874 -0.3102089 0.7450983 -0.5450664 0.2269397
29821.928000 2.5046870 -2.7036810 1.2244069 -0.3106166 0.7446330 -0.5452890 0.2273741
29822.028000 2.4981380 -2.7039913 1.2237452 -0.3114686 0.7436425 -0.5456828 0.2285025
29822.128000 2.4666939 -2.7355525 1.2242653 -0.3208339 0.7398671 -0.5425627 0.2351339
29822.228000 2.4650172 -2.7366255 1.2241077 -0.3211977 0.7396713 -0.5424554 0.2355006
29822.328000 2.4648542 -2.7362844 1.2239418 -0.3212311 0.7395994 -0.5425262 0.2355177
29822.428000 2.4626128 -2.7363157 1.2236774 -0.3216668 0.7391982 -0.5426927 0.2357990
29822.528000 2.4548466 -2.7379473 1.2232445 -0.3228200 0.7381124 -0.5429415 0.2370482
29822.628000 2.4221597 -2.7722425 1.2240062 -0.3321387 0.7340847 -0.5395746 0.2442595
29822.728000 2.4210112 -2.7728660 1.2238007 -0.3324581 0.7339501 -0.5394650 0.2444717
29822.828000 2.4208285 -2.7725199 1.2236227 -0.3324890 0.7338848 -0.5395261 0.2444908
29822.928000 2.4182822 -2.7731232 1.2234283 -0.3328029 0.7335420 -0.5396070 0.2449136
29823.028000 2.4101951 -2.7756078 1.2230122 -0.3340989 0.7323831 -0.5398051 0.2461776
29823.128000 2.3780982 -2.8110443 1.2236990 -0.3435646 0.7279734 -0.5364991 0.2533512
29823.228000 2.3769569 -2.8117341 1.2234705 -0.3438917 0.7278937 -0.5363051 0.2535469
29823.328000 2.3765747 -2.8115731 1.2233065 -0.3438605 0.7278550 -0.5363298 0.2536483
29823.428000 2.3765455 -2.8110809 1.2231139 -0.3439388 0.7277576 -0.5364345 0.2536001
29823.528000 2.3735473 -2.8116274 1.2227097 -0.3443440 0.7272809 -0.5366109 0.2540442
29823.628000 2.3657057 -2.8138401 1.2218731 -0.3453622 0.7261261 -0.5369174 0.2553144
29823.728000 2.3356961 -2.8504084 1.2226345 -0.3545930 0.7218777 -0.5332626 0.2622734
29823.828000 2.3348439 -2.8507826 1.2224223 -0.3548055 0.7217556 -0.5332070 0.2624352
29823.928000 2.3347881 -2.8502763 1.2222133 -0.3548810 0.7216701 -0.5332957 0.2623880
29824.028000 2.3318370 -2.8504754 1.2215736 -0.3551322 0.7212007 -0.5335627 0.2627954
29824.128000 2.3254629 -2.8516063 1.2204126 -0.3555838 0.7202698 -0.5340343 0.2637782
29824.228000 2.2977099 -2.8877166 1.2210072 -0.3647506 0.7158933 -0.5304615 0.2703041
29824.328000 2.2965664 -2.8884871 1.2207967 -0.3650493 0.7157053 -0.5303893 0.2705404
29824.428000 2.2964898 -2.8879922 1.2205889 -0.3651185 0.7156160 -0.5304839 0.2704977
29824.529000 2.2931237 -2.8880242 1.2197037 -0.3652215 0.7150695 -0.5308776 0.2710311
29824.628000 2.2618272 -2.9255134 1.2193955 -0.3744072 0.7095710 -0.5280538 0.2783655
29824.728000 2.2606358 -2.9265136 1.2191283 -0.3747102 0.7096684 -0.5276124 0.2785467
29824.828000 2.2603717 -2.9261945 1.2189181 -0.3747235 0.7096172 -0.5276551 0.2785782
29824.928000 2.2571728 -2.9260181 1.2179208 -0.3747711 0.7091284 -0.5280632 0.2789854
29825.028000 2.2273411 -2.9640227 1.2174965 -0.3837438 0.7037000 -0.5250594 0.2861113
29825.128000 2.2261211 -2.9650680 1.2172374 -0.3840316 0.7037126 -0.5247137 0.2863281
29825.228000 2.2258384 -2.9647642 1.2170238 -0.3840405 0.7036613 -0.5247568 0.2863634
29825.328000 2.2226542 -2.9646064 1.2159708 -0.3841429 0.7031643 -0.5251583 0.2867107
29825.428000 2.1937732 -3.0042055 1.2156964 -0.3928854 0.6978034 -0.5218262 0.2939539
29825.528000 2.1925622 -3.0052938 1.2154372 -0.3931641 0.6977859 -0.5215122 0.2941800
29825.628000 2.1924124 -3.0048060 1.2152032 -0.3932216 0.6977125 -0.5215885 0.2941417
29825.728000 2.1891000 -3.0050228 1.2141946 -0.3932511 0.6972063 -0.5220157 0.2945446
29825.829000 2.1613136 -3.0452221 1.2138321 -0.4020721 0.6914985 -0.5188542 0.3015927
29825.928000 2.1604276 -3.0459562 1.2135242 -0.4024626 0.6914858 -0.5185429 0.3016363
29826.028000 2.1601330 -3.0456521 1.2132990 -0.4024589 0.6914414 -0.5185907 0.3016608
29826.128000 2.1569604 -3.0463099 1.2124083 -0.4025007 0.6910091 -0.5188546 0.3021415
29826.228000 2.1299516 -3.0879456 1.2121194 -0.4112843 0.6850659 -0.5155560 0.3094058
29826.328000 2.1289452 -3.0889337 1.2117822 -0.4116749 0.6851719 -0.5150782 0.3094475
29826.428000 2.1286247 -3.0886534 1.2115516 -0.4116682 0.6851302 -0.5151200 0.3094793
29826.528000 2.1255498 -3.0893742 1.2106481 -0.4117451 0.6846999 -0.5153994 0.3098634
29826.628000 2.0994757 -3.1323538 1.2103796 -0.4203549 0.6787029 -0.5119544 0.3171227
29826.728000 2.0987502 -3.1329726 1.2100122 -0.4208593 0.6787513 -0.5115430 0.3170139
29826.828000 2.0982970 -3.1328878 1.2097882 -0.4208048 0.6787320 -0.5115515 0.3171138
29826.928000 2.0954988 -3.1337521 1.2089755 -0.4208422 0.6783497 -0.5118047 0.3174736
29827.028000 2.0695225 -3.1765009 1.2077158 -0.4294860 0.6722947 -0.5082099 0.3244753
29827.128000 2.0696672 -3.1789233 1.2084209 -0.4297120 0.6723491 -0.5077861 0.3247270
29827.228000 2.0691939 -3.1788668 1.2081898 -0.4296560 0.6723330 -0.5077864 0.3248339
29827.328000 2.0663287 -3.1797672 1.2073091 -0.4298033 0.6718358 -0.5080912 0.3251910
29827.428000 2.0415235 -3.2236364 1.2060677 -0.4383863 0.6656043 -0.5043703 0.3322635
29827.528000 2.0418780 -3.2256528 1.2067204 -0.4387253 0.6655854 -0.5040265 0.3323755
29827.628000 2.0415193 -3.2253980 1.2064739 -0.4387252 0.6655398 -0.5040625 0.3324123
29827.728000 2.0385859 -3.2269383 1.2056698 -0.4387916 0.6651455 -0.5042122 0.3328864
29827.828000 2.0150829 -3.2721618 1.2044797 -0.4474697 0.6587816 -0.5002661 0.3398698
29827.928000 2.0157803 -3.2735659 1.2051347 -0.4477909 0.6587838 -0.4999990 0.3398356
29828.028000 2.0154045 -3.2733306 1.2048831 -0.4477903 0.6587391 -0.5000309 0.3398762
29828.128000 2.0129915 -3.2743953 1.2041040 -0.4479409 0.6583297 -0.5002426 0.3401593
29828.228000 1.9907062 -3.3203379 1.2028448 -0.4563932 0.6519163 -0.4962323 0.3470789
29828.328000 1.9908905 -3.3230307 1.2035820 -0.4565432 0.6519827 -0.4957633 0.3474270
29828.428000 1.9906069 -3.3225969 1.2033164 -0.4565962 0.6519112 -0.4958281 0.3473992
29828.528000 1.9901346 -3.3225950 1.2030931 -0.4565356 0.6518732 -0.4958495 0.3475197
29828.628000 1.9875801 -3.3240624 1.2023093 -0.4566415 0.6514386 -0.4961071 0.3478275
29828.728000 1.9671819 -3.3703956 1.2012146 -0.4647923 0.6450668 -0.4920760 0.3545676
29828.828000 1.9679619 -3.3727837 1.2020712 -0.4653219 0.6450160 -0.4916230 0.3545938
29828.928000 1.9676669 -3.3723583 1.2018050 -0.4653745 0.6449412 -0.4916909 0.3545666
29829.029000 1.9651167 -3.3742978 1.2010536 -0.4654313 0.6445976 -0.4917726 0.3550033
29829.128000 1.9460500 -3.4217040 1.1999362 -0.4737262 0.6380313 -0.4874952 0.3617293
29829.228000 1.9464654 -3.4242633 1.2006772 -0.4739048 0.6380818 -0.4870304 0.3620320
29829.328000 1.9461549 -3.4238484 1.2004075 -0.4739575 0.6380072 -0.4870972 0.3620048
29829.428000 1.9438821 -3.4256636 1.1996938 -0.4740527 0.6376457 -0.4872252 0.3623445
29829.528000 1.9261683 -3.4744415 1.1986472 -0.4822754 0.6309441 -0.4827927 0.3690950
29829.628000 1.9269348 -3.4761105 1.1993698 -0.4824891 0.6309887 -0.4824534 0.3691833
29829.728000 1.9265173 -3.4759338 1.1991010 -0.4824873 0.6309448 -0.4824796 0.3692264
29829.828000 1.9261236 -3.4757650 1.1988612 -0.4824741 0.6308790 -0.4825352 0.3692835
29829.928000 1.9238555 -3.4776580 1.1981103 -0.4826440 0.6304096 -0.4827189 0.3696228
29830.029000 1.9079791 -3.5263496 1.1971241 -0.4906932 0.6236467 -0.4782420 0.3762573
29830.128000 1.9091088 -3.5283444 1.1980426 -0.4910903 0.6236709 -0.4777952 0.3762668
29830.228000 1.9085995 -3.5284063 1.1977729 -0.4910351 0.6236573 -0.4777818 0.3763784
29830.328000 1.9082825 -3.5280344 1.1975297 -0.4910706 0.6235609 -0.4778772 0.3763706
29830.428000 1.9061738 -3.5303140 1.1968688 -0.4910909 0.6232361 -0.4779599 0.3767769
29830.528000 1.8918357 -3.5798223 1.1959293 -0.4989968 0.6164458 -0.4733647 0.3833049
29830.628000 1.8931528 -3.5815228 1.1968823 -0.4994534 0.6164307 -0.4729635 0.3832295
29830.728000 1.8927232 -3.5813704 1.1966059 -0.4994540 0.6163854 -0.4729893 0.3832698
29830.828000 1.8907473 -3.5837617 1.1959367 -0.4994280 0.6161733 -0.4730232 0.3836028
29830.929000 1.8782019 -3.6333239 1.1950450 -0.5072188 0.6094236 -0.4683270 0.3898741
29831.028000 1.8790190 -3.6353434 1.1957746 -0.5075235 0.6093845 -0.4679398 0.3900035
29831.128000 1.8786531 -3.6350006 1.1954989 -0.5075696 0.6093081 -0.4680063 0.3899832
29831.228000 1.8768513 -3.6373696 1.1948591 -0.5076575 0.6089731 -0.4680704 0.3903150
29831.328000 1.8672357 -3.6886400 1.1951344 -0.5152672 0.6019051 -0.4632707 0.3969763
29831.428000 1.8668380 -3.6894126 1.1948073 -0.5156933 0.6020069 -0.4628286 0.3967844
29831.528000 1.8664665 -3.6890767 1.1945326 -0.5157391 0.6019274 -0.4628998 0.3967623
29831.628000 1.8647977 -3.6915122 1.1939100 -0.5158008 0.6016205 -0.4629906 0.3970416
29831.728000 1.8572470 -3.7418157 1.1942831 -0.5234827 0.5945815 -0.4581733 0.4031326
29831.828000 1.8566071 -3.7432924 1.1939223 -0.5238288 0.5945431 -0.4577775 0.4031894
29831.928000 1.8561643 -3.7432048 1.1936435 -0.5238192 0.5944988 -0.4578073 0.4032334
29832.028000 1.8547668 -3.7455427 1.1930855 -0.5239192 0.5942155 -0.4578301 0.4034950
29832.128000 1.8485773 -3.7970406 1.1934942 -0.5312233 0.5871106 -0.4527875 0.4099835
29832.228000 1.8482245 -3.7980815 1.1931701 -0.5317814 0.5870956 -0.4523505 0.4097637
29832.328000 1.8477244 -3.7982359 1.1928830 -0.5317232 0.5870854 -0.4523363 0.4098696
29832.428000 1.8465681 -3.8005222 1.1923900 -0.5318484 0.5868008 -0.4523839 0.4100620
29832.529000 1.8424359 -3.8512432 1.1929553 -0.5393858 0.5796183 -0.4472748 0.4159938
29832.628000 1.8419312 -3.8525387 1.1925957 -0.5397825 0.5795329 -0.4469263 0.4159727
29832.728000 1.8414348 -3.8527168 1.1923069 -0.5397228 0.5795233 -0.4469116 0.4160794
29832.828000 1.8404253 -3.8551865 1.1918566 -0.5397868 0.5793170 -0.4469095 0.4162860
29832.928000 1.8378592 -3.9066293 1.1924780 -0.5469627 0.5721908 -0.4416038 0.4223928
29833.028000 1.8373688 -3.9081491 1.1921128 -0.5473546 0.5721463 -0.4411913 0.4223764
29833.128000 1.8369169 -3.9081313 1.1918289 -0.5473407 0.5721047 -0.4412181 0.4224228
29833.228000 1.8360355 -3.9106727 1.1914058 -0.5474234 0.5718540 -0.4412319 0.4226406
29833.328000 1.8352245 -3.9612281 1.1921031 -0.5548173 0.5644829 -0.4359799 0.4283204
29833.428000 1.8347671 -3.9626906 1.1917439 -0.5551726 0.5643885 -0.4356318 0.4283386
29833.528000 1.8343551 -3.9624441 1.1914700 -0.5552092 0.5643081 -0.4357090 0.4283185
29833.628000 1.8336748 -3.9652880 1.1911099 -0.5551964 0.5641946 -0.4356514 0.4285432
29833.728000 1.8345905 -4.0160347 1.1919503 0.5623203 -0.5568778 0.4302916 -0.4342029
29833.828000 1.8341755 -4.0175285 1.1915621 0.5626969 -0.5568132 0.4298974 -0.4341884
29833.928000 1.8336943 -4.0177688 1.1912667 0.5626372 -0.5568058 0.4298788 -0.4342936
29834.028000 1.8332672 -4.0177897 1.1910117 0.5626048 -0.5567473 0.4299267 -0.4343631
29834.128000 1.8329185 -4.0201656 1.1907639 0.5627957 -0.5564968 0.4299054 -0.4344579
29834.228000 1.8358541 -4.0715707 1.1918433 0.5698457 -0.5492257 0.4241278 -0.4401621
29834.329000 1.8354944 -4.0730291 1.1914845 0.5702325 -0.5491127 0.4237821 -0.4401351
29834.428000 1.8350453 -4.0730591 1.1912005 0.5702177 -0.5490701 0.4238109 -0.4401797
29834.528000 1.8347869 -4.0760632 1.1909524 0.5702662 -0.5489274 0.4237018 -0.4403998
29834.629000 1.8389678 -4.1263432 1.1918884 0.5771756 -0.5415450 0.4180842 -0.4458732
29834.728000 1.8386919 -4.1280854 1.1915477 0.5776499 -0.5413062 0.4177473 -0.4458648
29834.828000 1.8382456 -4.1281236 1.1912652 0.5776340 -0.5412635 0.4177791 -0.4459073
29834.928000 1.8382377 -4.1308981 1.1911004 0.5777516 -0.5410800 0.4176956 -0.4460560
29835.028000 1.8441396 -4.1806592 1.1921813 0.5847359 -0.5335011 0.4120683 -0.4512872
29835.128000 1.8438891 -4.1829004 1.1918081 0.5851074 -0.5333490 0.4116205 -0.4513942
29835.228000 1.8434438 -4.1829671 1.1915251 0.5850858 -0.5333115 0.4116508 -0.4514390
29835.328000 1.8436286 -4.1852159 1.1914236 0.5852770 -0.5331273 0.4115978 -0.4514569
29835.428000 1.8496930 -4.2369216 1.1914277 0.5921993 -0.5254308 0.4055887 -0.4568591
29835.529000 1.8511190 -4.2379252 1.1921926 0.5924078 -0.5254272 0.4052482 -0.4568951
29835.628000 1.8506751 -4.2379906 1.1919087 0.5923882 -0.5253919 0.4052814 -0.4569318
29835.728000 1.8510332 -4.2406771 1.1918158 0.5925679 -0.5252252 0.4051195 -0.4570339
29835.828000 1.8602819 -4.2911958 1.1929992 0.5993330 -0.5173675 0.3991463 -0.4623993
29835.928000 1.8601357 -4.2924929 1.1926394 0.5998473 -0.5172769 0.3987609 -0.4621662
29836.028000 1.8596964 -4.2923419 1.1923743 0.5998687 -0.5172052 0.3988465 -0.4621448
29836.128000 1.8601845 -4.2948166 1.1923265 0.6000329 -0.5170420 0.3986978 -0.4622425
29836.228000 1.8695886 -4.3458362 1.1924552 0.6067502 -0.5091795 0.3924929 -0.4674824
29836.328000 1.8711210 -4.3469936 1.1932263 0.6070992 -0.5090524 0.3921389 -0.4674649
29836.429000 1.8706853 -4.3470958 1.1929449 0.6070741 -0.5090222 0.3921725 -0.4675021
29836.528000 1.8702742 -4.3471927 1.1926934 0.6070284 -0.5089783 0.3922229 -0.4675670
29836.629000 1.8710495 -4.3497466 1.1927412 0.6071866 -0.5088363 0.3920774 -0.4676380
29836.728000 1.8822909 -4.4005943 1.1930036 0.6138979 -0.5008139 0.3858143 -0.4727178
29836.829000 1.8841135 -4.4013019 1.1939345 0.6141745 -0.5008491 0.3854161 -0.4726461
29836.928000 1.8836960 -4.4016551 1.1936363 0.6141034 -0.5008599 0.3853978 -0.4727419
29837.028000 1.8845738 -4.4041697 1.1936694 0.6142886 -0.5007125 0.3852005 -0.4728182
29837.128000 1.8974499 -4.4541332 1.1939941 0.6209653 -0.4925863 0.3788836 -0.4777113
29837.228000 1.8990521 -4.4551588 1.1947674 0.6213070 -0.4924503 0.3785334 -0.4776848
29837.328000 1.8986272 -4.4552949 1.1944882 0.6212807 -0.4924239 0.3785663 -0.4777202
29837.428000 1.8997492 -4.4577977 1.1945839 0.6214953 -0.4922799 0.3783685 -0.4777461
29837.528000 1.9143210 -4.5074459 1.1949715 0.6280501 -0.4841154 0.3719430 -0.4825388
29837.628000 1.9159143 -4.5086388 1.1956819 0.6283447 -0.4840084 0.3715499 -0.4825655
29837.728000 1.9154749 -4.5085600 1.1954292 0.6283581 -0.4839418 0.3716373 -0.4825477
29837.828000 1.9167336 -4.5110025 1.1955342 0.6285949 -0.4838015 0.3714018 -0.4825612
29837.929000 1.9330359 -4.5605048 1.1959358 0.6350577 -0.4755901 0.3647681 -0.4872987
29838.028000 1.9346197 -4.5609468 1.1967524 0.6355254 -0.4753608 0.3645209 -0.4870977
29838.128000 1.9342112 -4.5611139 1.1964795 0.6354964 -0.4753362 0.3645545 -0.4871343
29838.228000 1.9355083 -4.5634000 1.1965825 0.6357293 -0.4751558 0.3643217 -0.4871806
29838.328000 1.9534316 -4.6119159 1.1970973 0.6422287 -0.4666574 0.3577117 -0.4917475
29838.428000 1.9551460 -4.6132844 1.1977639 0.6424224 -0.4665882 0.3572589 -0.4918892
29838.528000 1.9547834 -4.6137062 1.1974682 0.6423499 -0.4666079 0.3572355 -0.4919822
29838.628000 1.9543709 -4.6136513 1.1972503 0.6423393 -0.4665334 0.3573348 -0.4919945
29838.728000 1.9560112 -4.6159693 1.1974490 0.6425993 -0.4663518 0.3570558 -0.4920298
29838.828000 1.9756061 -4.6641507 1.1979999 0.6488964 -0.4578979 0.3502171 -0.4965993
29838.928000 1.9774718 -4.6640618 1.1990180 0.6494803 -0.4576509 0.3499794 -0.4962313
29839.028000 1.9771248 -4.6644885 1.1987267 0.6494077 -0.4576704 0.3499580 -0.4963233
29839.128000 1.9788329 -4.6666319 1.1989194 0.6496871 -0.4575227 0.3496928 -0.4962808
29839.228000 2.0000003 -4.7135715 1.1995842 -0.6560429 0.4489056 -0.3429272 0.5004922
29839.328000 2.0018118 -4.7150362 1.2001954 -0.6561933 0.4488701 -0.3424199 0.5006741
29839.428000 2.0013847 -4.7150220 1.1999592 -0.6562018 0.4488076 -0.3425092 0.5006580
29839.528000 2.0010268 -4.7152172 1.1997245 -0.6561484 0.4487770 -0.3425537 0.5007249
29839.628000 2.0028535 -4.7172897 1.1999419 -0.6563995 0.4485973 -0.3422780 0.5007454
29839.728000 2.0255267 -4.7637233 1.2006058 -0.6625505 0.4398978 -0.3353602 0.5050251
29839.828000 2.0275214 -4.7641835 1.2015031 -0.6629645 0.4397555 -0.3349751 0.5048612
29839.929000 2.0271554 -4.7644140 1.2012445 -0.6629299 0.4397372 -0.3350081 0.5049006
29840.028000 2.0291404 -4.7666493 1.2014220 -0.6631304 0.4396439 -0.3346694 0.5049432
29840.128000 2.0531259 -4.8119084 1.2020987 -0.6691859 0.4308741 -0.3277736 0.5090208
29840.228000 2.0548788 -4.8128026 1.2027587 -0.6694608 0.4307435 -0.3273725 0.5090279
29840.328000 2.0544649 -4.8128268 1.2025321 -0.6694635 0.4306855 -0.3274616 0.5090162
29840.428000 2.0541292 -4.8130493 1.2023044 -0.6694068 0.4306606 -0.3275040 0.5090846
29840.528000 2.0562667 -4.8150837 1.2025362 -0.6696497 0.4305363 -0.3271352 0.5091074
29840.628000 2.0819676 -4.8597821 1.2033036 -0.6757324 0.4215426 -0.3200365 0.5130928
29840.728000 2.0837206 -4.8596465 1.2041750 -0.6760893 0.4214716 -0.3197374 0.5128675
29840.828000 2.0833795 -4.8599045 1.2039246 -0.6760511 0.4214582 -0.3197705 0.5129081
29840.928000 2.0856026 -4.8616160 1.2042063 -0.6763321 0.4213207 -0.3194609 0.5128436
29841.028000 2.1123764 -4.9052696 1.2048876 -0.6821035 0.4124809 -0.3122979 0.5167826
29841.128000 2.1139203 -4.9052751 1.2056496 -0.6825540 0.4121989 -0.3120915 0.5165374
29841.228000 2.1135920 -4.9055447 1.2054040 -0.6825138 0.4121882 -0.3121253 0.5165787
29841.328000 2.1157712 -4.9069671 1.2056913 -0.6828328 0.4120391 -0.3118198 0.5164606
29841.428000 2.1441334 -4.9497107 1.2064660 -0.6886891 0.4029525 -0.3045380 0.5201857
29841.528000 2.1456509 -4.9500452 1.2070511 -0.6888455 0.4029092 -0.3042148 0.5202013
29841.628000 2.1453348 -4.9503260 1.2068093 -0.6888046 0.4029014 -0.3042489 0.5202416
29841.728000 2.1450379 -4.9505908 1.2065920 -0.6887416 0.4028884 -0.3042869 0.5203128
29841.828000 2.1473554 -4.9518651 1.2069373 -0.6890132 0.4027789 -0.3039692 0.5202236
29841.928000 2.1765546 -4.9929560 1.2077739 -0.6946164 0.3937571 -0.2967269 0.5238478
29842.029000 2.1783127 -4.9925616 1.2086971 -0.6951449 0.3934855 -0.2965054 0.5234762
29842.128000 2.1780117 -4.9928544 1.2084608 -0.6951013 0.3934806 -0.2965392 0.5235186
29842.228000 2.1776427 -4.9929057 1.2082825 -0.6950741 0.3934255 -0.2966376 0.5235404
29842.328000 2.1799793 -4.9939223 1.2086677 -0.6953659 0.3933095 -0.2963377 0.5234099
29842.429000 2.2102410 -5.0337471 1.2095494 -0.7008743 0.3841972 -0.2890765 0.5268800
29842.528000 2.2122580 -5.0341421 1.2102566 -0.7011628 0.3840873 -0.2886468 0.5268119
29842.628000 2.2119723 -5.0344454 1.2100260 -0.7011173 0.3840845 -0.2886799 0.5268563
29842.728000 2.2147455 -5.0353686 1.2105150 -0.7014756 0.3839900 -0.2883239 0.5266431
29842.828000 2.2463836 -5.0725779 1.2121546 -0.7067936 0.3748770 -0.2811036 0.5299914
29842.928000 2.2469731 -5.0740070 1.2118717 -0.7071010 0.3746458 -0.2808388 0.5298851
29843.028000 2.2468020 -5.0745380 1.2116134 -0.7070147 0.3746900 -0.2808082 0.5299852
29843.128000 2.2495077 -5.0750531 1.2121541 -0.7074272 0.3745448 -0.2804859 0.5297080
29843.228000 2.2819719 -5.1109996 1.2137844 -0.7126411 0.3653517 -0.2732134 0.5329308
29843.328000 2.2827119 -5.1126324 1.2134694 -0.7129092 0.3651611 -0.2728856 0.5328709
29843.428000 2.2823566 -5.1127381 1.2132885 -0.7128953 0.3651131 -0.2729779 0.5328750
29843.528000 2.2853487 -5.1132449 1.2138699 -0.7133042 0.3650274 -0.2725900 0.5325850
29843.628000 2.3188034 -5.1478968 1.2155946 -0.7186042 0.3556149 -0.2653413 0.5354812
29843.728000 2.3192949 -5.1491645 1.2152951 -0.7187753 0.3554999 -0.2651017 0.5354465
29843.828000 2.3190625 -5.1495015 1.2150827 -0.7187243 0.3554985 -0.2651256 0.5355040
29843.928000 2.3215708 -5.1498440 1.2155246 -0.7191265 0.3552585 -0.2647935 0.5352876
29844.028000 2.3560228 -5.1852732 1.2163469 -0.7241907 0.3457748 -0.2572168 0.5383559
29844.128000 2.3575169 -5.1850434 1.2169951 -0.7245546 0.3454776 -0.2570092 0.5381562
29844.228000 2.3572925 -5.1853789 1.2167869 -0.7245117 0.3454717 -0.2570321 0.5382069
29844.329000 2.3599733 -5.1863116 1.2169749 -0.7248453 0.3452418 -0.2566265 0.5380987
29844.428000 2.3660164 -5.1880236 1.2175662 -0.7255490 0.3447918 -0.2557291 0.5378660
29844.528000 2.3973608 -5.2204776 1.2181770 -0.7300708 0.3355511 -0.2488048 0.5408311
29844.628000 2.3981074 -5.2218675 1.2179698 -0.7301633 0.3352593 -0.2486053 0.5409789
29844.728000 2.3979197 -5.2222037 1.2177825 -0.7301024 0.3352534 -0.2486178 0.5410590
29844.828000 2.3977431 -5.2225226 1.2176107 -0.7300272 0.3352470 -0.2486294 0.5411591
29844.928000 2.3999511 -5.2235104 1.2175795 -0.7303092 0.3348426 -0.2482860 0.5411866
29845.028000 2.4077398 -5.2266328 1.2176650 -0.7312079 0.3337462 -0.2470275 0.5412263
29845.129000 2.4415104 -5.2576240 1.2186646 -0.7358848 0.3242591 -0.2399101 0.5438500
29845.228000 2.4423098 -5.2589929 1.2184515 -0.7360029 0.3239689 -0.2396956 0.5439576
29845.328000 2.4420162 -5.2591413 1.2183039 -0.7359820 0.3239162 -0.2397653 0.5439866
29845.429000 2.4441267 -5.2604868 1.2180603 -0.7361463 0.3236160 -0.2393289 0.5441350
29845.528000 2.4521893 -5.2635831 1.2178052 -0.7371150 0.3221937 -0.2380633 0.5442229
29845.628000 2.4876773 -5.2941503 1.2183904 -0.7413662 0.3126849 -0.2307292 0.5471456
29845.728000 2.4892050 -5.2961054 1.2181613 -0.7416475 0.3122114 -0.2303426 0.5471977
29845.828000 2.4889284 -5.2962697 1.2180174 -0.7416301 0.3121602 -0.2304044 0.5472244
29845.928000 2.4910927 -5.2973348 1.2177852 -0.7418385 0.3117956 -0.2300086 0.5473163
29846.028000 2.4989914 -5.3000185 1.2174065 -0.7427063 0.3105063 -0.2287187 0.5474129
29846.128000 2.5346856 -5.3287671 1.2181978 -0.7470862 0.3006063 -0.2216229 0.5498921
29846.228000 2.5357358 -5.3302717 1.2179403 -0.7472051 0.3003639 -0.2213179 0.5499859
29846.328000 2.5354849 -5.3304537 1.2178021 -0.7471830 0.3003171 -0.2213701 0.5500205
29846.428000 2.5378054 -5.3313793 1.2176333 -0.7473761 0.3000007 -0.2209170 0.5501129
29846.528000 2.5448878 -5.3326163 1.2176614 -0.7482467 0.2987944 -0.2197913 0.5500369
29846.628000 2.5806039 -5.3601961 1.2183565 -0.7523205 0.2890795 -0.2126735 0.5524644
29846.728000 2.5817233 -5.3616888 1.2181138 -0.7523921 0.2888279 -0.2123677 0.5526160
29846.828000 2.5816328 -5.3620709 1.2179363 -0.7523345 0.2888313 -0.2123476 0.5527004
29846.928000 2.5839021 -5.3627242 1.2178303 -0.7525847 0.2884699 -0.2119392 0.5527053
29847.028000 2.5909033 -5.3636821 1.2179091 -0.7535045 0.2873121 -0.2108007 0.5524905
29847.128000 2.6273777 -5.3901547 1.2185809 -0.7574183 0.2775927 -0.2036165 0.5547974
29847.228000 2.6283949 -5.3914182 1.2183848 -0.7575129 0.2772944 -0.2033745 0.5549061
29847.329000 2.6281761 -5.3916176 1.2182551 -0.7574860 0.2772488 -0.2034177 0.5549499
29847.428000 2.6303476 -5.3922944 1.2180920 -0.7577075 0.2768458 -0.2030084 0.5549985
29847.528000 2.6380373 -5.3937676 1.2179037 -0.7585808 0.2755194 -0.2016226 0.5549708
29847.628000 2.6754243 -5.4187860 1.2185425 -0.7622959 0.2657218 -0.1943873 0.5572347
29847.728000 2.6768022 -5.4202352 1.2183404 -0.7624518 0.2653557 -0.1941008 0.5572956
29847.828000 2.6768679 -5.4208241 1.2181076 -0.7623504 0.2654413 -0.1940324 0.5574175
29847.928000 2.6790055 -5.4215381 1.2178478 -0.7625108 0.2650817 -0.1936592 0.5574989
29848.028000 2.6869066 -5.4230012 1.2173704 -0.7632921 0.2636736 -0.1923335 0.5575564
29848.128000 2.7254671 -5.4466540 1.2181990 -0.7671682 0.2531881 -0.1850690 0.5595518
29848.228000 2.7262034 -5.4475742 1.2179963 -0.7672628 0.2529745 -0.1848928 0.5595770
29848.328000 2.7263265 -5.4481237 1.2177748 -0.7671858 0.2530253 -0.1847980 0.5596909
29848.428000 2.7284407 -5.4487841 1.2174465 -0.7673622 0.2525805 -0.1843871 0.5597855
29848.528000 2.7360506 -5.4498981 1.2167500 -0.7681932 0.2508995 -0.1830411 0.5598434
29848.628000 2.7751373 -5.4723043 1.2173058 -0.7716697 0.2407267 -0.1757153 0.5618724
29848.728000 2.7767893 -5.4738092 1.2170497 -0.7718283 0.2403668 -0.1753358 0.5619273
29848.828000 2.7767900 -5.4742057 1.2168705 -0.7717771 0.2403737 -0.1752995 0.5620059
29848.929000 2.7787161 -5.4746851 1.2165203 -0.7719463 0.2398795 -0.1749472 0.5620945
29849.028000 2.7864432 -5.4758944 1.2155078 -0.7726438 0.2382088 -0.1734892 0.5622985
29849.128000 2.8266439 -5.4975932 1.2158183 -0.7758444 0.2280202 -0.1659270 0.5643939
29849.228000 2.8279830 -5.4988855 1.2155484 -0.7759486 0.2277729 -0.1656245 0.5644393
29849.328000 2.8278302 -5.4990773 1.2154327 -0.7759263 0.2277548 -0.1656711 0.5644636
29849.428000 2.8302376 -5.4998282 1.2149208 -0.7760505 0.2273243 -0.1651827 0.5646096
29849.528000 2.8377687 -5.5004813 1.2138524 -0.7767916 0.2255716 -0.1638593 0.5646791
29849.628000 2.8776520 -5.5202133 1.2144416 -0.7800447 0.2150953 -0.1565534 0.5663526
29849.729000 2.8787072 -5.5210666 1.2143048 -0.7801818 0.2147486 -0.1563829 0.5663425
29849.828000 2.8787310 -5.5214496 1.2141314 -0.7801242 0.2147765 -0.1563548 0.5664190
29849.929000 2.8789201 -5.5220144 1.2139044 -0.7800166 0.2148602 -0.1562497 0.5665644
29850.028000 2.8810833 -5.5222846 1.2134820 -0.7801924 0.2143065 -0.1558508 0.5666419
29850.128000 2.8884902 -5.5228545 1.2122761 -0.7808170 0.2126117 -0.1544149 0.5668132
29850.228000 2.9286901 -5.5413314 1.2128489 -0.7838281 0.2022745 -0.1470468 0.5683976
29850.328000 2.9297933 -5.5421551 1.2127180 -0.7839453 0.2019229 -0.1468689 0.5684070
29850.428000 2.9300051 -5.5427245 1.2124814 -0.7838526 0.2019991 -0.1467650 0.5685345
29850.528000 2.9322342 -5.5430645 1.2119995 -0.7839889 0.2014859 -0.1462949 0.5686499
29850.628000 2.9389997 -5.5432089 1.2108722 -0.7845468 0.1998423 -0.1449138 0.5688140
29850.728000 2.9789392 -5.5605472 1.2114211 -0.7873094 0.1895673 -0.1376737 0.5703105
29850.828000 2.9802314 -5.5615166 1.2112326 -0.7873617 0.1892728 -0.1374214 0.5703969
29850.928000 2.9803043 -5.5618907 1.2110607 -0.7873019 0.1893001 -0.1373787 0.5704807
29851.028000 2.9827297 -5.5618579 1.2106335 -0.7875091 0.1887401 -0.1368393 0.5705099
29851.128000 2.9880939 -5.5612418 1.2098914 -0.7880430 0.1874570 -0.1356592 0.5704776
29851.228000 3.0277231 -5.5775923 1.2103293 -0.7904828 0.1775211 -0.1284519 0.5719470
29851.328000 3.0292692 -5.5785529 1.2102035 -0.7905578 0.1770749 -0.1281824 0.5720420
29851.428000 3.0293610 -5.5789141 1.2100368 -0.7904978 0.1770944 -0.1281309 0.5721305
29851.528000 3.0317853 -5.5782771 1.2097832 -0.7907696 0.1764848 -0.1275180 0.5720802
29851.629000 3.0741633 -5.5916841 1.2105332 -0.7935065 0.1654902 -0.1198726 0.5732285
29851.728000 3.0757004 -5.5927046 1.2102502 -0.7936617 0.1651888 -0.1195720 0.5731634
29851.828000 3.0756354 -5.5929010 1.2101423 -0.7936419 0.1651626 -0.1195955 0.5731935
29851.928000 3.0775725 -5.5914265 1.2103027 -0.7940749 0.1647340 -0.1189932 0.5728424
29852.028000 3.1197381 -5.6047526 1.2108866 -0.7964651 0.1542770 -0.1112404 0.5739926
29852.128000 3.1207061 -5.6054376 1.2106979 -0.7965165 0.1540630 -0.1110633 0.5740130
29852.229000 3.1206421 -5.6056720 1.2105861 -0.7964831 0.1540361 -0.1110819 0.5740630
29852.328000 3.1211536 -5.6034012 1.2113360 -0.7969596 0.1537941 -0.1105944 0.5735605
29852.428000 3.1616759 -5.6150170 1.2124014 -0.7992957 0.1433903 -0.1033146 0.5743621
29852.528000 3.1630770 -5.6158256 1.2122195 -0.7993410 0.1430844 -0.1030574 0.5744215
29852.628000 3.1632079 -5.6161834 1.2120563 -0.7992839 0.1431100 -0.1030055 0.5745039
29852.728000 3.1631439 -5.6163961 1.2119578 -0.7992381 0.1430913 -0.1030154 0.5745704
29852.828000 3.1618348 -5.6147683 1.2128363 -0.7995647 0.1432090 -0.1027837 0.5741280
29852.928000 3.2021502 -5.6258696 1.2138806 -0.8017015 0.1328064 -0.0956520 0.5748808
29853.028000 3.2031424 -5.6265057 1.2137086 -0.8017118 0.1326055 -0.0954674 0.5749434
29853.128000 3.2032789 -5.6268565 1.2135496 -0.8016536 0.1326317 -0.0954144 0.5750273
29853.228000 3.2007827 -5.6272394 1.2137949 -0.8016723 0.1328803 -0.0954992 0.5749298
29853.328000 3.2389899 -5.6386452 1.2145942 -0.8032968 0.1232038 -0.0883155 0.5759649
29853.429000 3.2406090 -5.6393019 1.2144616 -0.8034851 0.1227044 -0.0880952 0.5758425
29853.528000 3.2409434 -5.6398138 1.2142365 -0.8034006 0.1227842 -0.0879780 0.5759612
29853.628000 3.2381953 -5.6397343 1.2147492 -0.8033979 0.1231975 -0.0882644 0.5758330
29853.728000 3.2321853 -5.6394904 1.2159753 -0.8033607 0.1243151 -0.0887548 0.5755692
29853.829000 3.2728845 -5.6493265 1.2167245 -0.8051677 0.1139013 -0.0817909 0.5762307
29853.928000 3.2741335 -5.6499276 1.2166142 -0.8051913 0.1135433 -0.0815916 0.5762965
29854.028000 3.2742631 -5.6502619 1.2164653 -0.8051321 0.1135616 -0.0815390 0.5763831
29854.128000 3.2720232 -5.6502351 1.2169056 -0.8051163 0.1140471 -0.0817761 0.5762756
29854.228000 3.2638607 -5.6492399 1.2188187 -0.8052074 0.1158028 -0.0826910 0.5756674
29854.328000 3.3030526 -5.6578098 1.2200482 -0.8069010 0.1058494 -0.0759298 0.5761435
29854.428000 3.3046794 -5.6586285 1.2198191 -0.8069301 0.1055872 -0.0756223 0.5761914
29854.528000 3.3048118 -5.6589801 1.2196690 -0.8068715 0.1056202 -0.0755819 0.5762727
29854.628000 3.3025011 -5.6588237 1.2201332 -0.8068810 0.1060233 -0.0759019 0.5761433
29854.728000 3.2931619 -5.6575302 1.2223154 -0.8070109 0.1078868 -0.0770670 0.5754603
29854.828000 3.3310338 -5.6653992 1.2239020 -0.8084050 0.0984060 -0.0703168 0.5760670
29854.928000 3.3323129 -5.6659290 1.2237275 -0.8086270 0.0979761 -0.0701492 0.5758491
29855.028000 3.3324365 -5.6662665 1.2235859 -0.8085762 0.0979796 -0.0701050 0.5759252
29855.128000 3.3303856 -5.6662707 1.2239718 -0.8085507 0.0984539 -0.0703582 0.5758492
29855.228000 3.3207469 -5.6649281 1.2261912 -0.8086696 0.1005722 -0.0716777 0.5751531
29855.328000 3.3152023 -5.6641686 1.2274444 -0.8086825 0.1019320 -0.0723533 0.5748108
29855.428000 3.3573137 -5.6722711 1.2278816 -0.8101159 0.0917262 -0.0651644 0.5753713
29855.528000 3.3585446 -5.6728026 1.2277862 -0.8101218 0.0913582 -0.0649676 0.5754437
29855.628000 3.3586584 -5.6731203 1.2276583 -0.8100623 0.0913599 -0.0649156 0.5755331
29855.728000 3.3569525 -5.6732432 1.2279597 -0.8100089 0.0918411 -0.0650746 0.5755137
29855.828000 3.3471911 -5.6719318 1.2301197 -0.8101062 0.0938569 -0.0664470 0.5748945
29855.928000 3.3401058 -5.6708487 1.2316818 -0.8101493 0.0954150 -0.0673811 0.5744683
29856.028000 3.3815901 -5.6776112 1.2324741 -0.8116708 0.0851169 -0.0604813 0.5747066
29856.128000 3.3830251 -5.6782161 1.2323399 -0.8116656 0.0847917 -0.0602177 0.5747897
29856.229000 3.3831373 -5.6785353 1.2322168 -0.8116081 0.0847864 -0.0601663 0.5748770
29856.328000 3.3812588 -5.6785920 1.2325368 -0.8115735 0.0852127 -0.0604027 0.5748381
29856.428000 3.3714229 -5.6773810 1.2346033 -0.8116795 0.0872875 -0.0618352 0.5742245
29856.529000 3.3637710 -5.6763022 1.2362023 -0.8117344 0.0890270 -0.0628791 0.5737663
29856.628000 3.4055676 -5.6827307 1.2368669 -0.8130970 0.0789029 -0.0558632 0.5740443
29856.728000 3.4067780 -5.6832224 1.2367788 -0.8131104 0.0785262 -0.0556849 0.5740943
29856.828000 3.4068612 -5.6835416 1.2366631 -0.8130537 0.0785246 -0.0556479 0.5741784
29856.928000 3.4051841 -5.6836517 1.2369192 -0.8130177 0.0788972 -0.0558675 0.5741569
29857.029000 3.3962871 -5.6828404 1.2386845 -0.8130949 0.0809021 -0.0571010 0.5736471
29857.128000 3.3880966 -5.6817768 1.2402995 -0.8131818 0.0827097 -0.0582376 0.5731517
29857.228000 3.4294826 -5.6873848 1.2410742 -0.8144829 0.0725742 -0.0513055 0.5733397
29857.328000 3.4308731 -5.6879536 1.2409475 -0.8144898 0.0722615 -0.0510737 0.5733900
29857.428000 3.4307152 -5.6881900 1.2408708 -0.8144504 0.0722222 -0.0511279 0.5734462
29857.528000 3.4292752 -5.6884262 1.2410652 -0.8143899 0.0726565 -0.0512820 0.5734635
29857.629000 3.4202512 -5.6875987 1.2427266 -0.8144576 0.0745280 -0.0526104 0.5730066
29857.728000 3.4120902 -5.6866569 1.2442214 -0.8145137 0.0763487 -0.0537201 0.5725841
29857.828000 3.4538023 -5.6917362 1.2449515 -0.8157009 0.0662266 -0.0466465 0.5727741
29857.928000 3.4552009 -5.6922884 1.2448244 -0.8157161 0.0659069 -0.0464145 0.5728081
29858.028000 3.4550227 -5.6925321 1.2447466 -0.8156778 0.0658660 -0.0464752 0.5728625
29858.128000 3.4534360 -5.6927001 1.2449374 -0.8156382 0.0662059 -0.0466997 0.5728615
29858.228000 3.4451296 -5.6921706 1.2463425 -0.8156912 0.0680261 -0.0478407 0.5724785
29858.328000 3.4369569 -5.6912589 1.2476912 -0.8157834 0.0696608 -0.0489773 0.5720542
29858.428000 3.4789404 -5.6958451 1.2483263 -0.8168521 0.0595474 -0.0418375 0.5722381
29858.528000 3.4803185 -5.6963768 1.2482019 -0.8168645 0.0592272 -0.0416124 0.5722700
29858.628000 3.4805824 -5.6967914 1.2480634 -0.8167972 0.0592947 -0.0415246 0.5723654
29858.728000 3.4787100 -5.6969054 1.2482624 -0.8167653 0.0596072 -0.0418422 0.5723554
29858.828000 3.4706120 -5.6965152 1.2494742 -0.8167775 0.0614408 -0.0429737 0.5720602
29858.928000 3.4632316 -5.6958777 1.2505449 -0.8168109 0.0630601 -0.0439594 0.5717613
29859.028000 3.5051114 -5.6995801 1.2512184 -0.8178436 0.0527530 -0.0369600 0.5718241
29859.128000 3.5064730 -5.7000923 1.2510965 -0.8178468 0.0524300 -0.0367384 0.5718636
29859.228000 3.5064906 -5.7004241 1.2509881 -0.8177966 0.0524399 -0.0367319 0.5719349
29859.328000 3.5051925 -5.7007412 1.2510312 -0.8177806 0.0527165 -0.0369175 0.5719204
29859.428000 3.5001140 -5.7008744 1.2515366 -0.8178418 0.0537522 -0.0376378 0.5716895
29859.528000 3.4960042 -5.7007233 1.2520375 -0.8177776 0.0545817 -0.0381875 0.5716663
29859.628000 3.4910731 -5.7003436 1.2526655 -0.8177049 0.0555853 -0.0388126 0.5716315
29859.728000 3.5325736 -5.7029494 1.2535604 -0.8185975 0.0454723 -0.0318223 0.5716797
29859.828000 3.5339206 -5.7034113 1.2534087 -0.8187066 0.0451387 -0.0316085 0.5715618
29859.928000 3.5339272 -5.7037510 1.2532955 -0.8186634 0.0451442 -0.0316066 0.5716233
29860.028000 3.5325737 -5.7040957 1.2533007 -0.8186546 0.0454260 -0.0318030 0.5716027
29860.128000 3.5276956 -5.7043249 1.2536369 -0.8187022 0.0464170 -0.0324908 0.5714162
29860.229000 3.5237386 -5.7042969 1.2539921 -0.8186110 0.0472114 -0.0330137 0.5714518
29860.328000 3.5191522 -5.7041076 1.2544162 -0.8185100 0.0481443 -0.0335801 0.5714857
29860.428000 3.5602907 -5.7060058 1.2551858 -0.8193642 0.0380181 -0.0267543 0.5713853
29860.528000 3.5627223 -5.7066170 1.2550308 -0.8193852 0.0375440 -0.0263157 0.5714069
29860.628000 3.5627270 -5.7069570 1.2549159 -0.8193423 0.0375490 -0.0263120 0.5714683
29860.728000 3.5610863 -5.7072328 1.2549461 -0.8192892 0.0378544 -0.0265465 0.5715134
29860.828000 3.5535900 -5.7071911 1.2554255 -0.8192487 0.0392679 -0.0275469 0.5714287
29860.928000 3.5484399 -5.7070990 1.2556990 -0.8192035 0.0402773 -0.0281404 0.5713943
29861.028000 3.5910054 -5.7088007 1.2562184 -0.8198978 0.0299290 -0.0210832 0.5713383
29861.128000 3.5930023 -5.7093395 1.2560741 -0.8198769 0.0295559 -0.0207151 0.5714010
29861.228000 3.5927573 -5.7096173 1.2559767 -0.8198432 0.0295039 -0.0207907 0.5714494
29861.328000 3.5929833 -5.7099874 1.2558574 -0.8197770 0.0295621 -0.0207070 0.5715444
29861.428000 3.5910636 -5.7102267 1.2558568 -0.8197246 0.0297879 -0.0210010 0.5715971
29861.528000 3.5838980 -5.7103910 1.2560566 -0.8196645 0.0310874 -0.0218121 0.5715837
29861.628000 3.6230963 -5.7128864 1.2561171 -0.8199442 0.0215290 -0.0150268 0.5718411
29861.728000 3.6246219 -5.7112098 1.2567139 -0.8202808 0.0210638 -0.0147861 0.5713817
29861.828000 3.6246029 -5.7115638 1.2565835 -0.8202528 0.0210616 -0.0147903 0.5714219
29861.928000 3.6245871 -5.7118956 1.2564679 -0.8202087 0.0210622 -0.0147890 0.5714852
29862.028000 3.6229060 -5.7122047 1.2564010 -0.8201528 0.0213558 -0.0150231 0.5715484
29862.128000 3.6159440 -5.7123478 1.2564290 -0.8200969 0.0226151 -0.0159192 0.5715559
29862.228000 3.6561881 -5.7141091 1.2563900 -0.8202592 0.0128623 -0.0090497 0.5717758
29862.329000 3.6573967 -5.7126079 1.2569199 -0.8205225 0.0125228 -0.0088443 0.5714086
29862.428000 3.6571304 -5.7129182 1.2567974 -0.8205048 0.0124646 -0.0089282 0.5714340
29862.528000 3.6556007 -5.7133267 1.2566613 -0.8204477 0.0127783 -0.0090608 0.5715070
29862.628000 3.6487971 -5.7136559 1.2565039 -0.8203760 0.0138327 -0.0097885 0.5715733
29862.728000 3.6898177 -5.7131382 1.2570162 -0.8204443 0.0038446 -0.0027679 0.5717068
29862.828000 3.6908927 -5.7134393 1.2568314 -0.8206105 0.0034565 -0.0026335 0.5714714
29862.929000 3.6911002 -5.7138273 1.2566857 -0.8205754 0.0035071 -0.0025607 0.5715218
29863.028000 3.6893472 -5.7142009 1.2565468 -0.8205222 0.0037831 -0.0027649 0.5715955
29863.128000 3.6824380 -5.7145212 1.2563651 -0.8204373 0.0048079 -0.0035693 0.5717052
29863.228000 3.7242255 -5.7131656 1.2568570 -0.8204201 -0.0051209 0.0036191 0.5717268
29863.328000 3.7255615 -5.7134979 1.2566728 -0.8205170 -0.0054614 0.0038423 0.5715831
29863.428000 3.7257805 -5.7138801 1.2565265 -0.8204828 -0.0054147 0.0039231 0.5716322
29863.528000 3.7238063 -5.7142162 1.2563984 -0.8204540 -0.0052157 0.0036466 0.5716771
29863.628000 3.7173084 -5.7145522 1.2562392 -0.8204237 -0.0042416 0.0029285 0.5717327
29863.728000 3.7595878 -5.7122449 1.2567691 -0.8203498 -0.0143369 0.0100980 0.5715931
29863.828000 3.7604874 -5.7125685 1.2565889 -0.8204201 -0.0145967 0.0102681 0.5714826
29863.928000 3.7604780 -5.7129183 1.2564492 -0.8203927 -0.0146386 0.0102914 0.5715205
29864.028000 3.7584531 -5.7132961 1.2563269 -0.8203632 -0.0144594 0.0100500 0.5715717
29864.128000 3.7522513 -5.7137906 1.2562026 -0.8203234 -0.0134431 0.0094860 0.5716632
29864.228000 3.7933234 -5.7105747 1.2567667 -0.8201797 -0.0235857 0.0162317 0.5713890
29864.328000 3.7948833 -5.7108822 1.2565863 -0.8202252 -0.0238930 0.0165503 0.5713019
29864.428000 3.7948805 -5.7112319 1.2564468 -0.8201968 -0.0239367 0.0165782 0.5713401
29864.528000 3.7931144 -5.7116452 1.2563371 -0.8201671 -0.0237102 0.0164328 0.5713963
29864.628000 3.7865107 -5.7121674 1.2562833 -0.8201586 -0.0227480 0.0157959 0.5714655
29864.728000 3.8280097 -5.7081237 1.2568640 -0.8198641 -0.0326830 0.0227443 0.5711719
29864.828000 3.8293338 -5.7083801 1.2566835 -0.8199301 -0.0330460 0.0229835 0.5710467
29864.928000 3.8293192 -5.7087298 1.2565446 -0.8199018 -0.0330907 0.0230077 0.5710838
29865.028000 3.8276914 -5.7091655 1.2564407 -0.8198714 -0.0328664 0.0228572 0.5711464
29865.128000 3.8211188 -5.7098044 1.2564055 -0.8198664 -0.0318454 0.0221313 0.5712401
29865.228000 3.8618806 -5.7049543 1.2570292 -0.8193673 -0.0416574 0.0289613 0.5710193
29865.328000 3.8629599 -5.7051476 1.2568253 -0.8195316 -0.0420723 0.0291201 0.5707451
29865.428000 3.8631848 -5.7055025 1.2566873 -0.8195004 -0.0420631 0.0292239 0.5707853
29865.528000 3.8614248 -5.7059584 1.2565819 -0.8194746 -0.0417929 0.0290580 0.5708506
29865.628000 3.8542303 -5.7066430 1.2565251 -0.8194904 -0.0406885 0.0281784 0.5709517
29865.728000 3.8952720 -5.7009619 1.2571096 -0.8188796 -0.0505631 0.0350522 0.5706583
29865.829000 3.8961496 -5.7011766 1.2569116 -0.8190404 -0.0508165 0.0352211 0.5703946
29865.928000 3.8963799 -5.7015231 1.2567798 -0.8190078 -0.0508069 0.0353279 0.5704356
29866.028000 3.8945283 -5.7019978 1.2566490 -0.8189788 -0.0506225 0.0350993 0.5705078
29866.128000 3.8877912 -5.7028058 1.2564886 -0.8189797 -0.0493993 0.0343768 0.5706577
29866.228000 3.9273453 -5.6980282 1.2563594 -0.8182698 -0.0589919 0.0410187 0.5703261
29866.328000 3.9286559 -5.6965142 1.2568329 -0.8184339 -0.0593372 0.0412829 0.5700358
29866.429000 3.9286300 -5.6968669 1.2566995 -0.8184051 -0.0593869 0.0413077 0.5700701
29866.528000 3.9267962 -5.6973814 1.2565317 -0.8183685 -0.0592097 0.0410814 0.5701575
29866.628000 3.9199260 -5.6983445 1.2562071 -0.8183446 -0.0579431 0.0403567 0.5703735
29866.728000 3.9155358 -5.6989388 1.2559615 -0.8182950 -0.0572443 0.0398156 0.5705533
29866.829000 3.9586032 -5.6915708 1.2564189 -0.8177051 -0.0674141 0.0469471 0.5697452
29866.928000 3.9599337 -5.6917303 1.2562884 -0.8176495 -0.0677861 0.0471954 0.5697604
29867.028000 3.9596587 -5.6920790 1.2561650 -0.8176036 -0.0678948 0.0471371 0.5698181
29867.128000 3.9583029 -5.6925821 1.2559799 -0.8175526 -0.0675754 0.0470519 0.5699363
29867.228000 3.9509535 -5.6936968 1.2554502 -0.8175296 -0.0661852 0.0461371 0.5702071
29867.328000 3.9458083 -5.6943975 1.2550530 -0.8174858 -0.0653718 0.0453907 0.5704236
29867.428000 3.9889858 -5.6859701 1.2555894 -0.8168703 -0.0754053 0.0525775 0.5694493
29867.528000 3.9900461 -5.6861304 1.2554515 -0.8168102 -0.0758297 0.0527400 0.5694642
29867.628000 3.9902629 -5.6864373 1.2553494 -0.8167618 -0.0758271 0.0528434 0.5695244
29867.728000 3.9887005 -5.6869811 1.2551178 -0.8167038 -0.0755820 0.0526891 0.5696544
29867.828000 3.9809823 -5.6882727 1.2543664 -0.8166543 -0.0742915 0.0517089 0.5699848
29867.928000 3.9754301 -5.6891091 1.2537864 -0.8165996 -0.0733423 0.0509799 0.5702517
29868.028000 4.0183870 -5.6799158 1.2543118 -0.8158908 -0.0833320 0.0581627 0.5692056
29868.128000 4.0194101 -5.6800643 1.2541723 -0.8158287 -0.0837508 0.0583193 0.5692171
29868.228000 4.0196215 -5.6803654 1.2540744 -0.8157801 -0.0837494 0.0584210 0.5692766
29868.328000 4.0179024 -5.6809542 1.2537895 -0.8157164 -0.0834562 0.0582292 0.5694306
29868.428000 4.0097432 -5.6824019 1.2528080 -0.8156459 -0.0819884 0.0571155 0.5698574
29868.528000 4.0043974 -5.6832726 1.2521106 -0.8155795 -0.0809086 0.0564135 0.5701766
29868.628000 4.0471928 -5.6733863 1.2525809 -0.8147624 -0.0911046 0.0635211 0.5690582
29868.728000 4.0482816 -5.6735238 1.2524759 -0.8147062 -0.0913126 0.0637704 0.5690775
29868.828000 4.0482483 -5.6738531 1.2523671 -0.8146530 -0.0913677 0.0637901 0.5691425
29868.928000 4.0465516 -5.6744672 1.2520471 -0.8145786 -0.0910795 0.0636014 0.5693164
29869.028000 4.0385479 -5.6760450 1.2508856 -0.8144692 -0.0895073 0.0625869 0.5698344
29869.128000 4.0326791 -5.6770828 1.2500096 -0.8143743 -0.0884075 0.0617922 0.5702283
29869.229000 4.0751069 -5.6665121 1.2504926 -0.8134900 -0.0984031 0.0689191 0.5690351
29869.328000 4.0763674 -5.6665804 1.2503715 -0.8134161 -0.0987700 0.0691548 0.5690486
29869.428000 4.0763198 -5.6669114 1.2502624 -0.8133610 -0.0988282 0.0691686 0.5691156
29869.528000 4.0742941 -5.6676119 1.2498742 -0.8132799 -0.0985964 0.0688773 0.5693070
29869.628000 4.0663236 -5.6693040 1.2485309 -0.8131677 -0.0969726 0.0678957 0.5698638
29869.728000 4.0603437 -5.6704567 1.2475331 -0.8130663 -0.0959878 0.0670303 0.5702775
29869.828000 4.1029254 -5.6591548 1.2480376 -0.8120971 -0.1059205 0.0742675 0.5690023
29869.928000 4.1041821 -5.6591993 1.2479181 -0.8120161 -0.1062857 0.0745023 0.5690190
29870.028000 4.1041287 -5.6595300 1.2478090 -0.8119583 -0.1063455 0.0745124 0.5690890
29870.128000 4.1040797 -5.6598441 1.2477081 -0.8118909 -0.1064070 0.0745192 0.5691727
29870.228000 4.1023410 -5.6605015 1.2473247 -0.8117983 -0.1061231 0.0743124 0.5693848
29870.328000 4.0940366 -5.6623662 1.2458385 -0.8116437 -0.1046319 0.0731960 0.5700254
29870.428000 4.0886513 -5.6634825 1.2448261 -0.8115254 -0.1035449 0.0725236 0.5704781
29870.528000 4.1310597 -5.6511673 1.2453773 -0.8105322 -0.1135981 0.0796897 0.5690189
29870.628000 4.1318659 -5.6512997 1.2452552 -0.8104613 -0.1138639 0.0798450 0.5690450
29870.728000 4.1320562 -5.6515730 1.2451718 -0.8104074 -0.1138658 0.0799352 0.5691087
29870.828000 4.1301201 -5.6522774 1.2447294 -0.8103272 -0.1135301 0.0796902 0.5693244
29870.928000 4.1216036 -5.6541619 1.2431230 -0.8102089 -0.1119558 0.0784909 0.5699708
29871.028000 4.1594539 -5.6438946 1.2422281 -0.8086515 -0.1211843 0.0850409 0.5693551
29871.128000 4.1606146 -5.6420812 1.2427427 -0.8089221 -0.1213166 0.0853645 0.5688939
29871.228000 4.1605460 -5.6424290 1.2426218 -0.8088745 -0.1213737 0.0853713 0.5689483
29871.328000 4.1604818 -5.6427598 1.2425104 -0.8088124 -0.1214344 0.0853720 0.5690235
29871.428000 4.1585468 -5.6434867 1.2420462 -0.8087278 -0.1211193 0.0851377 0.5692460
29871.528000 4.1505721 -5.6453613 1.2404321 -0.8086044 -0.1196112 0.0841337 0.5698891
29871.628000 4.1886696 -5.6343127 1.2396107 -0.8069415 -0.1291455 0.0907038 0.5691570
29871.728000 4.1900558 -5.6324729 1.2401597 -0.8072166 -0.1292275 0.0911100 0.5686831
29871.828000 4.1899894 -5.6328192 1.2400388 -0.8071648 -0.1292835 0.0911136 0.5687435
29871.929000 4.1899213 -5.6331490 1.2399260 -0.8071004 -0.1293440 0.0911090 0.5688218
29872.028000 4.1876566 -5.6339222 1.2394209 -0.8070018 -0.1290996 0.0907881 0.5690684
29872.128000 4.1803905 -5.6354884 1.2379655 -0.8068679 -0.1277344 0.0899687 0.5696962
29872.228000 4.2191191 -5.6218108 1.2380812 -0.8053772 -0.1372398 0.0967692 0.5684791
29872.328000 4.2209614 -5.6215428 1.2379603 -0.8053755 -0.1376222 0.0971524 0.5683238
29872.428000 4.2208934 -5.6218865 1.2378391 -0.8053199 -0.1376779 0.0971508 0.5683893
29872.528000 4.2187001 -5.6225494 1.2373545 -0.8052543 -0.1373713 0.0969269 0.5685945
29872.628000 4.2121030 -5.6237711 1.2361163 -0.8051838 -0.1363167 0.0962450 0.5690640
29872.728000 4.2525457 -5.6091072 1.2364158 -0.8036019 -0.1461535 0.1033841 0.5676045
29872.828000 4.2537089 -5.6090339 1.2362799 -0.8035253 -0.1464776 0.1035784 0.5675940
29872.928000 4.2533673 -5.6094522 1.2361209 -0.8034629 -0.1465572 0.1034596 0.5676835
29873.028000 4.2513970 -5.6098981 1.2357419 -0.8033926 -0.1462792 0.1033518 0.5678743
29873.128000 4.2464457 -5.6105892 1.2349562 -0.8032795 -0.1457441 0.1029654 0.5682419
29873.228000 4.2875505 -5.5949235 1.2353398 -0.8015466 -0.1559978 0.1102865 0.5665904
29873.328000 4.2882933 -5.5949723 1.2352084 -0.8014651 -0.1562283 0.1104026 0.5666195
29873.428000 4.2884377 -5.5952113 1.2351275 -0.8014188 -0.1561901 0.1104476 0.5666867
29873.528000 4.2861567 -5.5953549 1.2348946 -0.8013613 -0.1560762 0.1103041 0.5668274
29873.628000 4.3240204 -5.5786647 1.2352155 -0.7993608 -0.1660991 0.1174092 0.5653746
29873.728000 4.3253996 -5.5784084 1.2350893 -0.7994029 -0.1663383 0.1176957 0.5651852
29873.828000 4.3253111 -5.5787479 1.2349642 -0.7993550 -0.1663546 0.1176610 0.5652554
29873.928000 4.3228181 -5.5815012 1.2338427 -0.7988331 -0.1663153 0.1175715 0.5660229
29874.028000 4.3628658 -5.5645988 1.2340466 -0.7967144 -0.1763200 0.1249245 0.5644036
29874.128000 4.3637941 -5.5645408 1.2338715 -0.7965969 -0.1767087 0.1250325 0.5644239
29874.229000 4.3639388 -5.5647746 1.2337877 -0.7965531 -0.1766695 0.1250732 0.5644889
29874.328000 4.3632426 -5.5687967 1.2323448 -0.7959254 -0.1765091 0.1252539 0.5653837
29874.428000 4.4029551 -5.5514200 1.2323745 -0.7936106 -0.1864917 0.1326114 0.5637529
29874.528000 4.4038703 -5.5513494 1.2321908 -0.7934972 -0.1868744 0.1327180 0.5637607
29874.628000 4.4037823 -5.5516970 1.2320596 -0.7934427 -0.1868942 0.1326738 0.5638412
29874.728000 4.4043751 -5.5549891 1.2310364 -0.7927913 -0.1869720 0.1330247 0.5646484
29874.828000 4.4441170 -5.5370006 1.2310001 -0.7901859 -0.1970255 0.1404652 0.5630779
29874.928000 4.4452621 -5.5367945 1.2308477 -0.7900962 -0.1973455 0.1406568 0.5630438
29875.029000 4.4449620 -5.5372627 1.2306702 -0.7900305 -0.1974219 0.1405338 0.5631400
29875.128000 4.4462448 -5.5396468 1.2300250 -0.7895225 -0.1976992 0.1408912 0.5636656
29875.228000 4.4866287 -5.5205601 1.2301113 -0.7866950 -0.2077761 0.1485393 0.5620287
29875.328000 4.4875920 -5.5204301 1.2299037 -0.7866202 -0.2081783 0.1486790 0.5619476
29875.428000 4.4877789 -5.5206803 1.2298019 -0.7865744 -0.2081716 0.1487458 0.5619964
29875.529000 4.4877586 -5.5210222 1.2296717 -0.7865038 -0.2082219 0.1487318 0.5620803
29875.628000 4.4897416 -5.5227597 1.2292688 -0.7859916 -0.2087005 0.1491722 0.5625024
29875.728000 4.5306986 -5.5023276 1.2295587 -0.7828622 -0.2189823 0.1569111 0.5608497
29875.828000 4.5318593 -5.5020325 1.2293675 -0.7828804 -0.2193094 0.1571253 0.5606365
29875.929000 4.5318448 -5.5024062 1.2292200 -0.7828232 -0.2193593 0.1571166 0.5606992
29876.028000 4.5337742 -5.5037160 1.2289296 -0.7823744 -0.2199182 0.1574663 0.5610087
29876.128000 4.5751820 -5.4838974 1.2286086 -0.7788432 -0.2304415 0.1651916 0.5594745
29876.228000 4.5767436 -5.4818621 1.2290577 -0.7789060 -0.2308042 0.1656036 0.5591157
29876.328000 4.5769663 -5.4821125 1.2289432 -0.7788677 -0.2307959 0.1656817 0.5591492
29876.428000 4.5790656 -5.4829430 1.2287507 -0.7784820 -0.2312751 0.1661010 0.5593641
29876.528000 4.5839791 -5.4844865 1.2284541 -0.7776072 -0.2324257 0.1670421 0.5598234
29876.628000 4.6217629 -5.4602727 1.2289612 -0.7747809 -0.2421102 0.1742874 0.5574236
29876.728000 4.6229362 -5.4599516 1.2287999 -0.7746436 -0.2424541 0.1745037 0.5573973
29876.828000 4.6229596 -5.4603190 1.2286524 -0.7745766 -0.2425048 0.1744991 0.5574698
29876.928000 4.6251884 -5.4609532 1.2284769 -0.7741808 -0.2429765 0.1749017 0.5576880
29877.028000 4.6309745 -5.4619120 1.2282585 -0.7732666 -0.2441087 0.1759562 0.5581301
29877.128000 4.6679856 -5.4363635 1.2288453 -0.7703323 -0.2537708 0.1831114 0.5555707
29877.228000 4.6689526 -5.4361479 1.2286407 -0.7701748 -0.2541748 0.1832466 0.5555597
29877.328000 4.6692028 -5.4363778 1.2285262 -0.7701233 -0.2541683 0.1833255 0.5556082
29877.428000 4.6715154 -5.4368795 1.2283165 -0.7697312 -0.2546424 0.1837345 0.5557992
29877.528000 4.6778060 -5.4375216 1.2280034 -0.7687790 -0.2558511 0.1848588 0.5561891
29877.628000 4.7142978 -5.4107657 1.2285996 -0.7656680 -0.2654919 0.1920084 0.5535335
29877.728000 4.7152852 -5.4105074 1.2283922 -0.7655093 -0.2658941 0.1921489 0.5535111
29877.828000 4.7153405 -5.4108825 1.2282362 -0.7654417 -0.2659441 0.1921478 0.5535811
29877.928000 4.7177884 -5.4111480 1.2280105 -0.7650877 -0.2662862 0.1925951 0.5537506
29878.028000 4.7243792 -5.4115448 1.2275400 -0.7641269 -0.2673678 0.1936996 0.5541705
29878.128000 4.7604476 -5.3834206 1.2281928 -0.7608602 -0.2769455 0.2009051 0.5513892
29878.228000 4.7616217 -5.3829899 1.2280145 -0.7607223 -0.2772861 0.2011206 0.5513297
29878.328000 4.7619105 -5.3832044 1.2278912 -0.7606732 -0.2772736 0.2012067 0.5513723
29878.428000 4.7642453 -5.3837707 1.2275029 -0.7602099 -0.2777692 0.2015671 0.5516301
29878.528000 4.7706954 -5.3841831 1.2268347 -0.7591562 -0.2788292 0.2027129 0.5521264
29878.628000 4.8055125 -5.3553029 1.2273335 -0.7557229 -0.2883871 0.2097197 0.5493027
29878.728000 4.8066977 -5.3548229 1.2271598 -0.7555681 -0.2887206 0.2099413 0.5492559
29878.828000 4.8068003 -5.3551840 1.2270024 -0.7554983 -0.2887636 0.2099482 0.5493266
29878.928000 4.8093660 -5.3557869 1.2265154 -0.7550262 -0.2891140 0.2103440 0.5496399
29879.028000 4.8151557 -5.3565958 1.2256166 -0.7540305 -0.2898461 0.2112684 0.5502663
29879.128000 4.8489558 -5.3264966 1.2261894 -0.7505520 -0.2992541 0.2182359 0.5472584
29879.228000 4.8499400 -5.3261413 1.2259845 -0.7503654 -0.2996421 0.2183775 0.5472455
29879.329000 4.8500522 -5.3265020 1.2258253 -0.7502916 -0.2996852 0.2183834 0.5473207
29879.428000 4.8527327 -5.3268766 1.2253841 -0.7498570 -0.2999416 0.2188628 0.5475843
29879.528000 4.8583006 -5.3275338 1.2245210 -0.7489155 -0.3005906 0.2197860 0.5481469
29879.628000 4.8912559 -5.2963189 1.2251249 -0.7453212 -0.3099360 0.2267144 0.5450106
29879.728000 4.8924270 -5.2957663 1.2249470 -0.7451485 -0.3102638 0.2269353 0.5449683
29879.828000 4.8923744 -5.2962844 1.2247553 -0.7450553 -0.3103600 0.2268674 0.5450693
29879.928000 4.8950389 -5.2965331 1.2243618 -0.7446036 -0.3107098 0.2272602 0.5453235
29880.028000 4.9016662 -5.2963225 1.2236549 -0.7436206 -0.3114388 0.2283349 0.5457998
29880.129000 4.9334034 -5.2644320 1.2242570 -0.7398898 -0.3207072 0.2351045 0.5426194
29880.228000 4.9348831 -5.2635427 1.2240700 -0.7396779 -0.3211241 0.2353900 0.5425379
29880.328000 4.9352251 -5.2637193 1.2239309 -0.7396259 -0.3211026 0.2354829 0.5425812
29880.428000 4.9376518 -5.2634932 1.2237007 -0.7392578 -0.3214870 0.2358364 0.5427017
29880.528000 4.9453490 -5.2618022 1.2232895 -0.7382218 -0.3226507 0.2370532 0.5428913
29880.628000 4.9777468 -5.2278430 1.2239748 -0.7341513 -0.3320670 0.2441216 0.5395906
29880.728000 4.9789044 -5.2272096 1.2237688 -0.7340173 -0.3323894 0.2443353 0.5394776
29880.828000 4.9790869 -5.2275560 1.2235906 -0.7339523 -0.3324204 0.2443542 0.5395385
29880.928000 4.9790836 -5.2280551 1.2234022 -0.7338513 -0.3325057 0.2442981 0.5396486
29881.028000 4.9813022 -5.2276996 1.2231851 -0.7334743 -0.3328785 0.2446239 0.5397838
29881.128000 4.9896854 -5.2250080 1.2227890 -0.7322869 -0.3341310 0.2460431 0.5399769
29881.228000 5.0219354 -5.1891841 1.2236005 -0.7279167 -0.3436260 0.2532577 0.5365808
29881.328000 5.0230749 -5.1884940 1.2233706 -0.7278426 -0.3439527 0.2534504 0.5363810
29881.428000 5.0231061 -5.1890150 1.2231589 -0.7277618 -0.3440354 0.2533964 0.5364632
29881.528000 5.0259308 -5.1884028 1.2228020 -0.7273723 -0.3443314 0.2538638 0.5365805
29881.628000 5.0336072 -5.1863366 1.2219566 -0.7262250 -0.3453826 0.2550609 0.5368911
29881.728000 5.0638362 -5.1501369 1.2226126 -0.7219097 -0.3545197 0.2620921 0.5333573
29881.828000 5.0651596 -5.1492275 1.2224173 -0.7217724 -0.3547746 0.2623944 0.5332249
29881.928000 5.0652232 -5.1497280 1.2222075 -0.7216892 -0.3548480 0.2623501 0.5333104
29882.028000 5.0683719 -5.1493751 1.2215743 -0.7212205 -0.3550461 0.2628623 0.5335604
29882.128000 5.0744788 -5.1486530 1.2203457 -0.7202028 -0.3556103 0.2637610 0.5341156
29882.228000 5.1029170 -5.1116999 1.2210083 -0.7158457 -0.3647131 0.2705658 0.5304182
29882.328000 5.1037668 -5.1112926 1.2207983 -0.7157053 -0.3649171 0.2707349 0.5303811
29882.428000 5.1038421 -5.1117890 1.2205905 -0.7156155 -0.3649869 0.2706917 0.5304762
29882.528000 5.1072717 -5.1118182 1.2196564 -0.7150621 -0.3651612 0.2711500 0.5308683
29882.628000 5.1380766 -5.0743889 1.2194222 -0.7097112 -0.3743940 0.2782974 0.5279107
29882.728000 5.1391312 -5.0735854 1.2191414 -0.7097335 -0.3747556 0.2784170 0.5275610
29882.828000 5.1395545 -5.0737126 1.2189510 -0.7097039 -0.3747132 0.2785249 0.5275739
29882.928000 5.1429559 -5.0738738 1.2178966 -0.7091879 -0.3747808 0.2789698 0.5279847
29883.028000 5.1727421 -5.0356784 1.2175267 -0.7038487 -0.3837324 0.2861391 0.5248533
29883.128000 5.1736677 -5.0350229 1.2172417 -0.7037782 -0.3841185 0.2862264 0.5246176
29883.228000 5.1739389 -5.0353396 1.2170280 -0.7037243 -0.3841311 0.2862566 0.5246642
29883.328000 5.1771737 -5.0353928 1.2160162 -0.7031944 -0.3841867 0.2866665 0.5251100
29883.428000 5.2062244 -4.9959936 1.2156583 -0.6976560 -0.3929858 0.2938961 0.5219802
29883.528000 5.2071398 -4.9952827 1.2153602 -0.6976187 -0.3933805 0.2939622 0.5216954
29883.628000 5.2074237 -4.9955937 1.2151403 -0.6975679 -0.3933882 0.2939908 0.5217415
29883.728000 5.2105448 -4.9953419 1.2141855 -0.6971308 -0.3934566 0.2943757 0.5220571
29883.828000 5.2390273 -4.9539132 1.2139325 -0.6915351 -0.4021864 0.3017954 0.5185989
29883.928000 5.2397886 -4.9533991 1.2136337 -0.6916067 -0.4024427 0.3018307 0.5182839
29884.028000 5.2399430 -4.9539001 1.2133932 -0.6915381 -0.4024935 0.3017825 0.5183641
29884.128000 5.2432823 -4.9533963 1.2124021 -0.6910354 -0.4025538 0.3022271 0.5187286
29884.228000 5.2701140 -4.9118627 1.2120934 -0.6852291 -0.4113202 0.3093821 0.5153247
29884.328000 5.2712564 -4.9107066 1.2118115 -0.6852458 -0.4116044 0.3095707 0.5149621
29884.429000 5.2714338 -4.9111956 1.2115680 -0.6851760 -0.4116540 0.3095272 0.5150415
29884.528000 5.2717264 -4.9114722 1.2113619 -0.6851106 -0.4116447 0.3095606 0.5151158
29884.629000 5.2750117 -4.9105111 1.2104820 -0.6846350 -0.4116569 0.3100829 0.5154241
29884.728000 5.3003967 -4.8680397 1.2103153 -0.6785621 -0.4205225 0.3170625 0.5120407
29884.828000 5.3014191 -4.8668468 1.2100302 -0.6786712 -0.4208403 0.3171851 0.5115589
29884.928000 5.3017475 -4.8671258 1.2097946 -0.6786267 -0.4208372 0.3172163 0.5116011
29885.028000 5.3047197 -4.8661808 1.2089347 -0.6782163 -0.4209118 0.3175948 0.5118490
29885.128000 5.3306078 -4.8233067 1.2077348 -0.6722092 -0.4295448 0.3246394 0.5081686
29885.228000 5.3302951 -4.8212509 1.2083944 -0.6722039 -0.4298828 0.3247536 0.5078167
29885.329000 5.3306394 -4.8215191 1.2081523 -0.6721597 -0.4298817 0.3247873 0.5078546
29885.428000 5.3335845 -4.8204081 1.2072941 -0.6717258 -0.4299690 0.3251874 0.5080987
29885.528000 5.3582739 -4.7766804 1.2060496 -0.6655228 -0.4385869 0.3321612 0.5043708
29885.628000 5.3580625 -4.7742786 1.2067561 -0.6655678 -0.4388147 0.3324100 0.5039491
29885.728000 5.3584220 -4.7745342 1.2065084 -0.6655234 -0.4388152 0.3324461 0.5039836
29885.828000 5.3587629 -4.7747726 1.2062872 -0.6654576 -0.4388068 0.3324924 0.5040472
29885.928000 5.3618572 -4.7732932 1.2054082 -0.6649960 -0.4388917 0.3329192 0.5043007
29886.028000 5.3834861 -4.7273742 1.2054571 -0.6587445 -0.4473073 0.3398844 0.5004503
29886.128000 5.3842880 -4.7264524 1.2050923 -0.6587980 -0.4477730 0.3398289 0.5000009
29886.228000 5.3845447 -4.7269063 1.2048333 -0.6587228 -0.4478269 0.3397972 0.5000731
29886.329000 5.3870818 -4.7254388 1.2041146 -0.6583626 -0.4478936 0.3402195 0.5002007
29886.428000 5.4090511 -4.6802454 1.2028867 0.6520227 0.4562147 -0.3470602 -0.4962698
29886.528000 5.4088456 -4.6772846 1.2036235 0.6518940 0.4567185 -0.3472922 -0.4958130
29886.628000 5.4092323 -4.6775120 1.2033639 0.6518520 0.4567213 -0.3473304 -0.4958390
29886.728000 5.4095992 -4.6777256 1.2031322 0.6517868 0.4567134 -0.3473815 -0.4958961
29886.828000 5.4120886 -4.6762125 1.2023870 0.6514095 0.4567677 -0.3477447 -0.4960873
29886.928000 5.4328513 -4.6291702 1.2012213 0.6448694 0.4651662 -0.3545598 -0.4919870
29887.028000 5.4318647 -4.6273861 1.2021012 0.6449693 0.4654438 -0.3545753 -0.4915822
29887.128000 5.4322633 -4.6275974 1.2018389 0.6449250 0.4654450 -0.3546163 -0.4916096
29887.228000 5.4347479 -4.6257875 1.2010983 0.6445911 0.4654567 -0.3550234 -0.4917426
29887.328000 5.4539250 -4.5784563 1.1999247 0.6379936 0.4737024 -0.3617050 -0.4875856
29887.428000 5.4535006 -4.5759966 1.2006561 0.6380108 0.4739133 -0.3619787 -0.4871547
29887.528000 5.4540093 -4.5759671 1.2003938 0.6379976 0.4738599 -0.3620912 -0.4871404
29887.628000 5.4542994 -4.5763686 1.2001518 0.6379023 0.4739010 -0.3620780 -0.4872350
29887.728000 5.4564914 -4.5745899 1.1994728 0.6375459 0.4739949 -0.3624223 -0.4873542
29887.829000 5.4741668 -4.5257469 1.1984511 0.6308643 0.4822203 -0.3691679 -0.4828964
29887.928000 5.4728469 -4.5245251 1.1993458 0.6308911 0.4826468 -0.3689870 -0.4825734
29888.028000 5.4733555 -4.5244815 1.1990796 0.6308776 0.4825933 -0.3690983 -0.4825595
29888.128000 5.4754459 -4.5228099 1.1983560 0.6304839 0.4827513 -0.3693758 -0.4827036
29888.228000 5.4915460 -4.4738607 1.1972984 0.6237292 0.4908209 -0.3760262 -0.4781852
29888.328000 5.4908953 -4.4715947 1.1980377 0.6237387 0.4910471 -0.3762509 -0.4777635
29888.428000 5.4913193 -4.4717594 1.1977652 0.6236947 0.4910453 -0.3762928 -0.4777899
29888.528000 5.4918060 -4.4716888 1.1975237 0.6236607 0.4909782 -0.3764194 -0.4778035
29888.628000 5.4937659 -4.4697513 1.1968709 0.6233282 0.4910380 -0.3767344 -0.4779276
29888.728000 5.5079733 -4.4209495 1.1958997 0.6165706 0.4989183 -0.3831122 -0.4734408
29888.828000 5.5067319 -4.4189768 1.1968355 0.6164631 0.4995179 -0.3830141 -0.4730279
29888.928000 5.5072439 -4.4188934 1.1965596 0.6164507 0.4994644 -0.3831253 -0.4730104
29889.028000 5.5091645 -4.4167026 1.1958977 0.6161337 0.4995220 -0.3834515 -0.4730984
29889.128000 5.5218742 -4.3665895 1.1950147 0.6091962 0.5074388 -0.3898911 -0.4683704
29889.228000 5.5209586 -4.3650441 1.1957438 0.6092248 0.5076630 -0.3899609 -0.4680320
29889.328000 5.5213969 -4.3651619 1.1954669 0.6091803 0.5076578 -0.3900070 -0.4680571
29889.428000 5.5231714 -4.3629132 1.1948221 0.6088666 0.5077429 -0.3902996 -0.4681290
29889.528000 5.5340706 -4.3130558 1.1940048 0.6019177 0.5155249 -0.3965472 -0.4633352
29889.628000 5.5332089 -4.3108842 1.1947517 0.6019125 0.5157575 -0.3967543 -0.4629056
29889.728000 5.5336498 -4.3109892 1.1944726 0.6018675 0.5157524 -0.3967984 -0.4629320
29889.828000 5.5352143 -4.3085847 1.1938923 0.6015815 0.5158424 -0.3970733 -0.4629678
29889.928000 5.5428140 -4.2578060 1.1943187 0.5945215 0.5234170 -0.4033754 -0.4581126
29890.028000 5.5433439 -4.2566522 1.1939410 0.5945093 0.5239201 -0.4032301 -0.4576810
29890.128000 5.5437878 -4.2567401 1.1936608 0.5944659 0.5239113 -0.4032730 -0.4577096
29890.228000 5.5451263 -4.2547620 1.1931072 0.5941725 0.5239895 -0.4034468 -0.4578479
29890.328000 5.5529071 -4.2038146 1.1923896 0.5871426 0.5314111 -0.4096401 -0.4528364
29890.428000 5.5518077 -4.2021193 1.1931604 0.5870659 0.5317681 -0.4096814 -0.4524792
29890.528000 5.5522558 -4.2021875 1.1928769 0.5870240 0.5317590 -0.4097232 -0.4525064
29890.629000 5.5526229 -4.2024855 1.1926296 0.5869281 0.5317848 -0.4097191 -0.4526042
29890.728000 5.5537722 -4.2001371 1.1921610 0.5866731 0.5318650 -0.4099621 -0.4526205
29890.828000 5.5596532 -4.1491894 1.1915976 0.5795527 0.5393204 -0.4159991 -0.4474337
29890.928000 5.5581750 -4.1472948 1.1925677 0.5795782 0.5396828 -0.4160185 -0.4469454
29891.028000 5.5585774 -4.1475682 1.1922893 0.5795029 0.5397211 -0.4159974 -0.4470165
29891.128000 5.5595647 -4.1452386 1.1918463 0.5792854 0.5397889 -0.4162119 -0.4470168
29891.228000 5.5638446 -4.0939132 1.1913280 0.5721352 0.5470829 -0.4222264 -0.4416859
29891.328000 5.5626638 -4.0923094 1.1920921 0.5720439 0.5474379 -0.4222607 -0.4413314
29891.428000 5.5631152 -4.0923370 1.1918067 0.5720021 0.5474269 -0.4223030 -0.4413588
29891.528000 5.5638592 -4.0900661 1.1914274 0.5717963 0.5475519 -0.4223926 -0.4413845
29891.628000 5.5645811 -4.0397486 1.1921867 0.5646001 0.5547593 -0.4280652 -0.4361525
29891.728000 5.5650918 -4.0375519 1.1917906 0.5645065 0.5551603 -0.4281771 -0.4356533
29891.828000 5.5655430 -4.0375590 1.1915059 0.5644637 0.5551480 -0.4282210 -0.4356813
29891.928000 5.5662520 -4.0348654 1.1911344 0.5642730 0.5551901 -0.4284658 -0.4356340
29892.028000 5.5654249 -3.9839806 1.1919353 0.5568145 0.5624098 -0.4341730 -0.4302867
29892.128000 5.5658712 -3.9822511 1.1915365 0.5567863 0.5627380 -0.4342217 -0.4298446
29892.229000 5.5663222 -3.9822391 1.1912514 0.5567435 0.5627252 -0.4342657 -0.4298725
29892.328000 5.5667483 -3.9822257 1.1909968 0.5566838 0.5626944 -0.4343331 -0.4299220
29892.428000 5.5671223 -3.9795925 1.1907458 0.5564964 0.5627927 -0.4345121 -0.4298551
29892.528000 5.5640776 -3.9285073 1.1918918 0.5490469 0.5700619 -0.4400349 -0.4242007
29892.628000 5.5644609 -3.9273874 1.1915200 0.5490432 0.5703428 -0.4399946 -0.4238695
29892.728000 5.5649357 -3.9271188 1.1912237 0.5490383 0.5702799 -0.4401022 -0.4238489
29892.828000 5.5651539 -3.9244795 1.1910022 0.5488627 0.5703783 -0.4402336 -0.4238075
29892.928000 5.5609570 -3.8738468 1.1919483 0.5414968 0.5771919 -0.4458224 -0.4181784
29893.028000 5.5612644 -3.8716953 1.1915779 0.5413439 0.5775974 -0.4458991 -0.4177343
29893.128000 5.5617126 -3.8716401 1.1912938 0.5413043 0.5775787 -0.4459455 -0.4177621
29893.228000 5.5616920 -3.8691126 1.1911347 0.5410914 0.5777775 -0.4460064 -0.4176980
29893.328000 5.5557577 -3.8186607 1.1921866 0.5334859 0.5848267 -0.4513166 -0.4119270
29893.429000 5.5560365 -3.8171189 1.1918274 0.5333690 0.5851778 -0.4513120 -0.4115847
29893.528000 5.5564814 -3.8170597 1.1915450 0.5333304 0.5851575 -0.4513547 -0.4116166
29893.628000 5.5563415 -3.8146089 1.1914183 0.5331673 0.5852934 -0.4514790 -0.4114984
29893.728000 5.5503325 -3.7635006 1.1914286 0.5254725 0.5921929 -0.4568459 -0.4055589
29893.828000 5.5488440 -3.7622448 1.1922210 0.5253596 0.5925480 -0.4568327 -0.4052012
29893.928000 5.5492885 -3.7621723 1.1919363 0.5253258 0.5925270 -0.4568709 -0.4052327
29894.028000 5.5497015 -3.7623422 1.1916977 0.5252379 0.5925329 -0.4568744 -0.4053342
29894.129000 5.5493493 -3.7594849 1.1916194 0.5251157 0.5926091 -0.4570359 -0.4051988
29894.228000 5.5398529 -3.7087353 1.1929372 0.5173781 0.5991849 -0.4625097 -0.3992268
29894.329000 5.5398905 -3.7073753 1.1926209 0.5173256 0.5997095 -0.4622659 -0.3987894
29894.429000 5.5403299 -3.7070463 1.1923221 0.5173332 0.5996381 -0.4623662 -0.3987706
29894.528000 5.5397430 -3.7045564 1.1923106 0.5171361 0.5998613 -0.4624023 -0.3986487
29894.629000 5.5288829 -3.6542026 1.1935176 0.5091918 0.6064415 -0.4677833 -0.3925954
29894.728000 5.5288749 -3.6528329 1.1932050 0.5091313 0.6069653 -0.4675328 -0.3921626
29894.829000 5.5293092 -3.6527308 1.1929252 0.5091002 0.6069390 -0.4675718 -0.3921972
29894.928000 5.5285860 -3.6501844 1.1929361 0.5089533 0.6071112 -0.4676491 -0.3920291
29895.028000 5.5176147 -3.6003959 1.1931577 0.5011702 0.6136277 -0.4726590 -0.3858536
29895.129000 5.5158735 -3.5988522 1.1939831 0.5008132 0.6142247 -0.4725698 -0.3854762
29895.228000 5.5163039 -3.5987339 1.1937032 0.5007846 0.6141986 -0.4726065 -0.3855099
29895.328000 5.5153990 -3.5962863 1.1937555 0.5006519 0.6144027 -0.4726308 -0.3853273
29895.428000 5.5025108 -3.5464236 1.1941041 0.4925647 0.6210885 -0.4774544 -0.3790334
29895.528000 5.5008988 -3.5449464 1.1948055 0.4924952 0.6213111 -0.4775856 -0.3785935
29895.628000 5.5013225 -3.5448117 1.1945279 0.4924680 0.6212839 -0.4776222 -0.3786274
29895.728000 5.5002937 -3.5423617 1.1945896 0.4923034 0.6214852 -0.4776951 -0.3784190
29895.828000 5.4858143 -3.4927520 1.1949313 0.4842129 0.6279409 -0.4825781 -0.3719495
29895.929000 5.4841005 -3.4915830 1.1957135 0.4839463 0.6283872 -0.4825340 -0.3715997
29896.028000 5.4844934 -3.4911978 1.1954154 0.4839617 0.6283167 -0.4826265 -0.3715790
29896.128000 5.4831801 -3.4889181 1.1955688 0.4837474 0.6286266 -0.4825933 -0.3713769
29896.228000 5.4668775 -3.4394997 1.1959902 0.4754814 0.6351193 -0.4873482 -0.3647364
29896.328000 5.4653316 -3.4390404 1.1967819 0.4752499 0.6355815 -0.4871537 -0.3644926
29896.428000 5.4657390 -3.4388736 1.1965105 0.4752248 0.6355513 -0.4871919 -0.3645270
29896.529000 5.4645609 -3.4369430 1.1966171 0.4750416 0.6358012 -0.4871598 -0.3643729
29896.628000 5.4466103 -3.3879046 1.1970721 0.4666908 0.6421759 -0.4918137 -0.3576717
29896.728000 5.4447864 -3.3865560 1.1977724 0.4666247 0.6423939 -0.4919309 -0.3572051
29896.828000 5.4451859 -3.3863712 1.1975005 0.4666027 0.6423658 -0.4919653 -0.3572370
29896.928000 5.4455634 -3.3861979 1.1972576 0.4665695 0.6423147 -0.4920309 -0.3572818
29897.028000 5.4439513 -3.3841122 1.1974841 0.4663679 0.6426079 -0.4919918 -0.3570716
29897.128000 5.4243500 -3.3361690 1.1980806 0.4578994 0.6489463 -0.4964615 -0.3503182
29897.228000 5.4223808 -3.3355598 1.1989929 0.4577766 0.6493548 -0.4963180 -0.3499248
29897.328000 5.4227263 -3.3351249 1.1987004 0.4577976 0.6492813 -0.4964115 -0.3499012
29897.429000 5.4211982 -3.3331019 1.1988457 0.4576415 0.6495276 -0.4964172 -0.3496400
29897.528000 5.4174883 -3.3293245 1.1995048 0.4572756 0.6501318 -0.4963304 -0.3491186
29897.628000 5.3987475 -3.2867116 1.2003020 0.4490319 0.6561334 -0.5004207 -0.3426931
29897.728000 5.3985791 -3.2851482 1.2000364 0.4487563 0.6562776 -0.5005923 -0.3425270
29897.829000 5.3989367 -3.2849453 1.1997996 0.4487276 0.6562238 -0.5006596 -0.3425694
29897.928000 5.3972818 -3.2830074 1.1999745 0.4485535 0.6564664 -0.5006770 -0.3423071
29898.028000 5.3934465 -3.2794970 1.2006487 0.4481764 0.6570513 -0.5006059 -0.3417823
29898.128000 5.3733314 -3.2379912 1.2015827 0.4399980 0.6628785 -0.5045581 -0.3352834
29898.228000 5.3728638 -3.2357631 1.2012915 0.4396781 0.6630367 -0.5048227 -0.3349919
29898.328000 5.3732094 -3.2355383 1.2010562 0.4396537 0.6629807 -0.5048914 -0.3350311
29898.428000 5.3712522 -3.2336204 1.2013051 0.4394937 0.6632433 -0.5048649 -0.3347612
29898.528000 5.3471334 -3.1885594 1.2020938 0.4306645 0.6693889 -0.5088586 -0.3278864
29898.628000 5.3450668 -3.1875426 1.2028537 0.4306227 0.6696238 -0.5089117 -0.3273788
29898.728000 5.3454215 -3.1872905 1.2025968 0.4306080 0.6695874 -0.5089520 -0.3274101
29898.828000 5.3457556 -3.1870606 1.2023677 0.4305846 0.6695298 -0.5090215 -0.3274505
29898.928000 5.3437036 -3.1850498 1.2025759 0.4305058 0.6697267 -0.5090460 -0.3271134
29899.028000 5.3180130 -3.1405105 1.2033678 0.4215590 0.6757933 -0.5129646 -0.3200917
29899.128000 5.3162750 -3.1406328 1.2042682 0.4214803 0.6761863 -0.5126964 -0.3197950
29899.228000 5.3166151 -3.1403599 1.2040141 0.4214698 0.6761470 -0.5127384 -0.3198246
29899.328000 5.3169377 -3.1401177 1.2037884 0.4214499 0.6760878 -0.5128082 -0.3198642
29899.428000 5.3147934 -3.1384947 1.2040709 0.4212883 0.6763773 -0.5127617 -0.3195392
29899.529000 5.2881868 -3.0956531 1.2048816 0.4123850 0.6822550 -0.5165508 -0.3124772
29899.628000 5.2859361 -3.0948141 1.2057048 0.4121755 0.6826757 -0.5164524 -0.3119971
29899.728000 5.2862623 -3.0945360 1.2054576 0.4121665 0.6826347 -0.5164947 -0.3120285
29899.828000 5.2840356 -3.0930303 1.2057509 0.4120495 0.6828898 -0.5164124 -0.3117611
29899.928000 5.2562312 -3.0509400 1.2065198 0.4030671 0.6885792 -0.5201285 -0.3047326
29900.028000 5.2544685 -3.0501584 1.2070817 0.4029478 0.6887814 -0.5201894 -0.3043291
29900.128000 5.2547828 -3.0498770 1.2068410 0.4029399 0.6887392 -0.5202316 -0.3043630
29900.229000 5.2524514 -3.0486042 1.2071743 0.4027948 0.6890737 -0.5200933 -0.3040340
29900.328000 5.2231988 -3.0073293 1.2079496 0.3937579 0.6947244 -0.5237033 -0.2967281
29900.428000 5.2217644 -3.0076686 1.2087326 0.3934164 0.6952076 -0.5233926 -0.2965975
29900.529000 5.2219832 -3.0071606 1.2084633 0.3934553 0.6951277 -0.5234838 -0.2965724
29900.628000 5.2223512 -3.0071066 1.2082846 0.3934008 0.6951000 -0.5235061 -0.2966701
29900.728000 5.2196644 -3.0059863 1.2087450 0.3932703 0.6954452 -0.5233503 -0.2963088
29900.829000 5.1897927 -2.9662561 1.2095354 0.3841660 0.7009064 -0.5268607 -0.2890752
29900.928000 5.1877154 -2.9656447 1.2101952 0.3841085 0.7011524 -0.5268427 -0.2885875
29901.029000 5.1879988 -2.9653379 1.2099649 0.3841063 0.7011051 -0.5268896 -0.2886197
29901.128000 5.1855012 -2.9646544 1.2104448 0.3839477 0.7014682 -0.5266767 -0.2883367
29901.228000 5.1537570 -2.9278420 1.2123052 0.3746772 0.7069069 -0.5299254 -0.2812095
29901.328000 5.1530742 -2.9261529 1.2119333 0.3745196 0.7072006 -0.5298382 -0.2808450
29901.428000 5.1533439 -2.9258408 1.2117098 0.3745178 0.7071520 -0.5298872 -0.2808771
29901.528000 5.1507582 -2.9251691 1.2121760 0.3744831 0.7074781 -0.5296468 -0.2805557
29901.628000 5.1190774 -2.8881372 1.2130356 0.3653196 0.7127085 -0.5327846 -0.2733654
29901.728000 5.1173230 -2.8876120 1.2135419 0.3651782 0.7129157 -0.5328028 -0.2729786
29901.828000 5.1174719 -2.8870671 1.2132849 0.3652244 0.7128315 -0.5329018 -0.2729434
29901.928000 5.1144811 -2.8865666 1.2138693 0.3650946 0.7132583 -0.5326255 -0.2725408
29902.028000 5.0813639 -2.8522615 1.2155770 0.3557170 0.7185245 -0.5355156 -0.2653508
29902.128000 5.0807011 -2.8508652 1.2153154 0.3554648 0.7187759 -0.5354654 -0.2651092
29902.229000 5.0810459 -2.8507499 1.2151417 0.3554149 0.7187613 -0.5354736 -0.2651989
29902.328000 5.0784307 -2.8501926 1.2155406 0.3552730 0.7191205 -0.5352680 -0.2648301
29902.428000 5.0441129 -2.8149604 1.2163842 0.3458346 0.7242015 -0.5382327 -0.2573638
29902.528000 5.0423936 -2.8147700 1.2169563 0.3456312 0.7244966 -0.5381263 -0.2570288
29902.628000 5.0426099 -2.8144194 1.2167453 0.3456287 0.7244512 -0.5381803 -0.2570471
29902.728000 5.0402340 -2.8135236 1.2168859 0.3453916 0.7247406 -0.5381225 -0.2566709
29902.828000 5.0342295 -2.8121288 1.2175613 0.3447574 0.7255361 -0.5378549 -0.2558355
29902.928000 5.0026208 -2.7795059 1.2181784 0.3355510 0.7300422 -0.5408569 -0.2488327
29903.028000 5.0018521 -2.7780864 1.2179673 0.3352554 0.7301405 -0.5410024 -0.2486263
29903.128000 5.0020410 -2.7777481 1.2177782 0.3352495 0.7300813 -0.5410801 -0.2486390
29903.228000 4.9996998 -2.7765534 1.2177071 0.3348712 0.7303465 -0.5411501 -0.2482175
29903.329000 4.9920677 -2.7737092 1.2178580 0.3336753 0.7312890 -0.5411737 -0.2469984
29903.428000 4.9585622 -2.7424354 1.2186933 0.3241861 0.7358559 -0.5439371 -0.2399000
29903.528000 4.9577531 -2.7410564 1.2184812 0.3238926 0.7359721 -0.5440498 -0.2396842
29903.628000 4.9579209 -2.7407025 1.2182928 0.3238878 0.7359172 -0.5441251 -0.2396882
29903.729000 4.9558764 -2.7395182 1.2180791 0.3235514 0.7361178 -0.5442190 -0.2393131
29903.828000 4.9476861 -2.7361554 1.2177462 0.3222470 0.7370440 -0.5443102 -0.2380113
29903.929000 4.9123337 -2.7060578 1.2185349 0.3124749 0.7415038 -0.5470194 -0.2308710
29904.028000 4.9110167 -2.7042344 1.2182646 0.3121423 0.7417205 -0.5470749 -0.2304928
29904.129000 4.9112882 -2.7040610 1.2181185 0.3120932 0.7417019 -0.5471032 -0.2305520
29904.228000 4.9091727 -2.7030673 1.2179096 0.3117182 0.7419296 -0.5471726 -0.2301616
29904.328000 4.9010779 -2.7003420 1.2175572 0.3104079 0.7428545 -0.5472423 -0.2287793
29904.428000 4.8655780 -2.6717065 1.2182736 0.3006358 0.7471388 -0.5497840 -0.2216737
29904.528000 4.8642031 -2.6699141 1.2180182 0.3002975 0.7472968 -0.5499037 -0.2213025
29904.628000 4.8643177 -2.6695326 1.2178348 0.3002993 0.7472421 -0.5499829 -0.2212881
29904.728000 4.8624089 -2.6689705 1.2177294 0.2999173 0.7474705 -0.5499983 -0.2209965
29904.828000 4.8550928 -2.6671783 1.2175898 0.2988329 0.7482397 -0.5500334 -0.2197713
29904.928000 4.8192593 -2.6395341 1.2182743 0.2891085 0.7523144 -0.5524720 -0.2126360
29905.028000 4.8183035 -2.6382537 1.2180765 0.2888141 0.7524186 -0.5525742 -0.2124014
29905.128000 4.8185423 -2.6380734 1.2179468 0.2887666 0.7523943 -0.5526130 -0.2124512
29905.228000 4.8161268 -2.6372487 1.2178091 0.2884557 0.7526040 -0.5526746 -0.2119701
29905.328000 4.8091014 -2.6363407 1.2179279 0.2873094 0.7534922 -0.5525063 -0.2108071
29905.428000 4.7731533 -2.6103579 1.2186521 0.2776476 0.7573883 -0.5547571 -0.2037628
29905.528000 4.7716170 -2.6086236 1.2184126 0.2772912 0.7574967 -0.5549275 -0.2033811
29905.628000 4.7716855 -2.6082375 1.2182363 0.2772951 0.7574402 -0.5550117 -0.2033562
29905.728000 4.7695109 -2.6075582 1.2180730 0.2769033 0.7576539 -0.5550602 -0.2029616
29905.828000 4.7621190 -2.6064165 1.2179704 0.2755253 0.7585503 -0.5549609 -0.2017566
29905.928000 4.7242697 -2.5809702 1.2185618 0.2656872 0.7622708 -0.5572789 -0.1944062
29906.028000 4.7230984 -2.5795578 1.2183024 0.2654689 0.7623473 -0.5573782 -0.1941197
29906.128000 4.7233058 -2.5793850 1.2181800 0.2654589 0.7623189 -0.5573999 -0.1941822
29906.228000 4.7212025 -2.5785177 1.2178782 0.2651611 0.7624462 -0.5575155 -0.1937572
29906.328000 4.7133843 -2.5771111 1.2174099 0.2637240 0.7632893 -0.5575211 -0.1923779
29906.428000 4.6747155 -2.5535638 1.2182138 0.2533163 0.7671253 -0.5595573 -0.1850545
29906.528000 4.6736013 -2.5523967 1.2180014 0.2529976 0.7672959 -0.5595512 -0.1848020
29906.628000 4.6737811 -2.5521652 1.2178675 0.2529548 0.7672713 -0.5595928 -0.1848365
29906.728000 4.6715189 -2.5513283 1.2174864 0.2525752 0.7674131 -0.5597226 -0.1843733
29906.828000 4.6639181 -2.5501225 1.2167540 0.2509833 0.7681960 -0.5597960 -0.1830592
29906.928000 4.6250184 -2.5275737 1.2171458 0.2410780 0.7715063 -0.5619544 -0.1756893
29907.028000 4.6229982 -2.5257729 1.2168760 0.2406429 0.7716846 -0.5620328 -0.1752513
29907.128000 4.6230171 -2.5253731 1.2166960 0.2406786 0.7716240 -0.5621059 -0.1752347
29907.228000 4.6209484 -2.5249353 1.2163482 0.2401743 0.7718119 -0.5621724 -0.1748856
29907.328000 4.6129081 -2.5235573 1.2152809 0.2385328 0.7724854 -0.5624130 -0.1733780
29907.428000 4.5734902 -2.5026448 1.2159445 0.2280341 0.7759505 -0.5641917 -0.1660996
29907.528000 4.5723323 -2.5015620 1.2157430 0.2277449 0.7760611 -0.5642245 -0.1658680
29907.628000 4.5723317 -2.5011724 1.2155675 0.2277762 0.7760017 -0.5642998 -0.1658464
29907.728000 4.5702059 -2.5006080 1.2151248 0.2273178 0.7761435 -0.5644089 -0.1654401
29907.828000 4.5627262 -2.4998713 1.2140291 0.2255492 0.7768618 -0.5645223 -0.1640971
29907.928000 4.5223835 -2.4797382 1.2144202 0.2151650 0.7799918 -0.5663875 -0.1565951
29908.028000 4.5211273 -2.4786667 1.2142159 0.2148564 0.7801089 -0.5664116 -0.1563482
29908.128000 4.5211003 -2.4782788 1.2140406 0.2148851 0.7800512 -0.5664882 -0.1563190
29908.228000 4.5210731 -2.4779125 1.2138769 0.2149182 0.7799802 -0.5665831 -0.1562837
29908.328000 4.5188144 -2.4774567 1.2134027 0.2144363 0.7801162 -0.5667042 -0.1558272
29908.428000 4.5115494 -2.4770827 1.2122603 0.2127223 0.7807774 -0.5668169 -0.1544487
29908.528000 4.4711738 -2.4583906 1.2127072 0.2024713 0.7836985 -0.5685236 -0.1469796
29908.628000 4.4699065 -2.4573767 1.2125117 0.2021688 0.7837834 -0.5685779 -0.1467330
29908.728000 4.4696899 -2.4568018 1.2122728 0.2022463 0.7836899 -0.5687066 -0.1466270
29908.828000 4.4673397 -2.4564648 1.2117722 0.2016662 0.7838449 -0.5688301 -0.1461174
29908.928000 4.4607406 -2.4565388 1.2107159 0.1998561 0.7844654 -0.5689594 -0.1447647
29909.028000 4.4204951 -2.4390067 1.2112770 0.1894880 0.7872512 -0.5704667 -0.1374686
29909.129000 4.4196087 -2.4382304 1.2110895 0.1892977 0.7872751 -0.5705398 -0.1372901
29909.228000 4.4195357 -2.4378573 1.2109180 0.1893251 0.7872150 -0.5706241 -0.1372470
29909.329000 4.4171228 -2.4378533 1.2104764 0.1887905 0.7874035 -0.5706671 -0.1367221
29909.428000 4.4118186 -2.4384107 1.2097161 0.1875569 0.7879038 -0.5706538 -0.1355883
29909.528000 4.3718608 -2.4222560 1.2104464 0.1771943 0.7905732 -0.5719144 -0.1284916
29909.629000 4.3710970 -2.4216346 1.2103181 0.1769484 0.7906029 -0.5719782 -0.1283638
29909.728000 4.3710067 -2.4212737 1.2101517 0.1769675 0.7905431 -0.5720664 -0.1283129
29909.828000 4.3685214 -2.4217724 1.2098661 0.1764518 0.7908046 -0.5720083 -0.1276688
29909.928000 4.3254966 -2.4079220 1.2103363 0.1656903 0.7933653 -0.5733974 -0.1197235
29910.028000 4.3239288 -2.4069086 1.2100433 0.1653669 0.7935681 -0.5732726 -0.1194233
29910.128000 4.3238153 -2.4065329 1.2098677 0.1653911 0.7935159 -0.5733476 -0.1193767
29910.229000 4.3219897 -2.4085607 1.2101867 0.1647494 0.7940453 -0.5729270 -0.1187620
29910.328000 4.2808196 -2.3953825 1.2108682 0.1542879 0.7964491 -0.5740024 -0.1112894
29910.428000 4.2794417 -2.3945373 1.2106839 0.1539807 0.7964982 -0.5740664 -0.1110328
29910.528000 4.2793194 -2.3941743 1.2105169 0.1540046 0.7964410 -0.5741494 -0.1109806
29910.629000 4.2792015 -2.3938312 1.2103594 0.1540343 0.7963731 -0.5742473 -0.1109203
29910.728000 4.2787309 -2.3961351 1.2111428 0.1538828 0.7968275 -0.5737293 -0.1105473
29910.828000 4.2375992 -2.3845380 1.2122507 0.1435090 0.7991914 -0.5745051 -0.1031603
29910.928000 4.2367939 -2.3839965 1.2121257 0.1432531 0.7992392 -0.5745231 -0.1030457
29911.028000 4.2366689 -2.3836431 1.2119643 0.1432772 0.7991827 -0.5746047 -0.1029958
29911.128000 4.2380357 -2.3853819 1.2128747 0.1432707 0.7996037 -0.5740724 -0.1027046
29911.229000 4.1979617 -2.3740359 1.2137342 0.1329636 0.8016633 -0.5749108 -0.0955734
29911.328000 4.1965569 -2.3732696 1.2135643 0.1326614 0.8016859 -0.5749921 -0.0953140
29911.428000 4.1964210 -2.3729204 1.2134060 0.1326877 0.8016273 -0.5750766 -0.0952606
29911.528000 4.1988612 -2.3724557 1.2136164 0.1329342 0.8016016 -0.5750452 -0.0953221
29911.628000 4.1607171 -2.3615541 1.2148019 0.1227213 0.8034432 -0.5758533 -0.0883829
29911.728000 4.1595198 -2.3608154 1.2145422 0.1225279 0.8035331 -0.5758033 -0.0881592
29911.828000 4.1593714 -2.3604540 1.2143784 0.1225583 0.8034775 -0.5758818 -0.0881111
29911.928000 4.1619450 -2.3604031 1.2148377 0.1230538 0.8034661 -0.5757577 -0.0883344
29912.028000 4.1684004 -2.3610139 1.2162100 0.1241534 0.8035344 -0.5753262 -0.0889847
29912.128000 4.1285000 -2.3511017 1.2167642 0.1141624 0.8051855 -0.5761159 -0.0820597
29912.228000 4.1256788 -2.3499601 1.2165496 0.1136170 0.8052108 -0.5762658 -0.0815130
29912.328000 4.1255352 -2.3496180 1.2163969 0.1136389 0.8051502 -0.5763544 -0.0814554
29912.428000 4.1279258 -2.3496696 1.2168753 0.1141299 0.8051399 -0.5762357 -0.0817100
29912.528000 4.1362775 -2.3507825 1.2188397 0.1157555 0.8052573 -0.5756075 -0.0826884
29912.628000 4.0966038 -2.3418593 1.2198598 0.1058913 0.8068506 -0.5762295 -0.0757537
29912.729000 4.0951580 -2.3411841 1.2196922 0.1055704 0.8069061 -0.5762420 -0.0755157
29912.828000 4.0950321 -2.3408377 1.2195441 0.1056018 0.8068484 -0.5763221 -0.0754774
29912.928000 4.0970504 -2.3407232 1.2199230 0.1061714 0.8068010 -0.5762561 -0.0756880
29913.028000 4.1065143 -2.3422027 1.2221751 0.1081104 0.8069542 -0.5755043 -0.0770186
29913.128000 4.0688271 -2.3345460 1.2238828 0.0986662 0.8083402 -0.5761065 -0.0703735
29913.228000 4.0675646 -2.3341031 1.2237385 0.0981813 0.8086584 -0.5757583 -0.0702455
29913.328000 4.0674330 -2.3337611 1.2235948 0.0981865 0.8086078 -0.5758342 -0.0701991
29913.428000 4.0695515 -2.3337536 1.2239926 0.0986631 0.8085796 -0.5757620 -0.0704469
29913.528000 4.0791956 -2.3350076 1.2261850 0.1007463 0.8086542 -0.5751436 -0.0716834
29913.628000 4.0429186 -2.3265968 1.2274428 0.0919183 0.8098602 -0.5756935 -0.0652258
29913.728000 4.0416782 -2.3276224 1.2279850 0.0913700 0.8101864 -0.5753386 -0.0650775
29913.828000 4.0415510 -2.3272827 1.2278468 0.0913676 0.8101400 -0.5754092 -0.0650334
29913.928000 4.0414312 -2.3269620 1.2277176 0.0913710 0.8100799 -0.5754995 -0.0649792
29914.028000 4.0434482 -2.3269588 1.2280889 0.0918237 0.8100534 -0.5754356 -0.0652370
29914.128000 4.0533922 -2.3283656 1.2303004 0.0938737 0.8101968 -0.5747355 -0.0666931
29914.228000 4.0601173 -2.3293655 1.2317926 0.0954538 0.8102505 -0.5742968 -0.0675717
29914.328000 4.0183568 -2.3222764 1.2324042 0.0852452 0.8116836 -0.5746623 -0.0605494
29914.428000 4.0169346 -2.3216779 1.2322730 0.0849174 0.8116777 -0.5747465 -0.0602894
29914.528000 4.0168222 -2.3213594 1.2321500 0.0849123 0.8116199 -0.5748343 -0.0602375
29914.628000 4.0186631 -2.3212982 1.2324606 0.0853209 0.8115861 -0.5747978 -0.0604635
29914.728000 4.0281638 -2.3223791 1.2344543 0.0873740 0.8116797 -0.5742167 -0.0617813
29914.828000 4.0358920 -2.3234740 1.2360715 0.0890842 0.8117476 -0.5737451 -0.0628210
29914.928000 3.9951099 -2.3175125 1.2369180 0.0789123 0.8131835 -0.5738982 -0.0560919
29915.028000 3.9932765 -2.3168473 1.2367895 0.0784894 0.8131921 -0.5739751 -0.0557722
29915.128000 3.9929603 -2.3164224 1.2366307 0.0785438 0.8131167 -0.5740858 -0.0556554
29915.228000 3.9946918 -2.3163194 1.2369021 0.0789368 0.8130753 -0.5740695 -0.0558730
29915.328000 4.0040908 -2.3173603 1.2387776 0.0808782 0.8131575 -0.5735496 -0.0572229
29915.428000 4.0119626 -2.3183306 1.2403503 0.0827404 0.8131953 -0.5731285 -0.0582329
29915.528000 3.9705005 -2.3126921 1.2411047 0.0725945 0.8144901 -0.5733289 -0.0512825
29915.629000 3.9691100 -2.3121228 1.2409789 0.0722825 0.8144942 -0.5733832 -0.0510502
29915.728000 3.9692725 -2.3118888 1.2409031 0.0722422 0.8144549 -0.5734391 -0.0511057
29915.828000 3.9707630 -2.3116460 1.2411040 0.0726864 0.8143913 -0.5734594 -0.0512629
29915.928000 3.9796097 -2.3123351 1.2427214 0.0746058 0.8144260 -0.5730511 -0.0525046
29916.028000 3.9876723 -2.3132124 1.2441824 0.0763935 0.8144644 -0.5726610 -0.0535837
29916.128000 3.9462410 -2.3080579 1.2448342 0.0663940 0.8156138 -0.5728884 -0.0465282
29916.228000 3.9446682 -2.3075330 1.2447430 0.0659199 0.8156483 -0.5729120 -0.0463059
29916.328000 3.9446249 -2.3072046 1.2446333 0.0659316 0.8155942 -0.5729889 -0.0462915
29916.428000 3.9462604 -2.3070362 1.2448337 0.0663017 0.8155525 -0.5729863 -0.0465293
29916.529000 3.9547444 -2.3076389 1.2462636 0.0681377 0.8156106 -0.5725850 -0.0477819
29916.628000 3.9624414 -2.3083732 1.2475521 0.0699402 0.8156634 -0.5722057 -0.0488073
29916.728000 3.9210041 -2.3040968 1.2483159 0.0597061 0.8167932 -0.5723033 -0.0418681
29916.828000 3.9194042 -2.3034876 1.2481623 0.0594372 0.8167954 -0.5723500 -0.0415688
29916.929000 3.9195948 -2.3032338 1.2480814 0.0593979 0.8167577 -0.5724031 -0.0416339
29917.028000 3.9210284 -2.3029613 1.2482238 0.0597949 0.8167016 -0.5724302 -0.0417947
29917.128000 3.9295953 -2.3035086 1.2494872 0.0614196 0.8167657 -0.5720744 -0.0430385
29917.228000 3.9367553 -2.3040683 1.2505245 0.0629888 0.8168075 -0.5717775 -0.0439145
29917.328000 3.8949015 -2.3004598 1.2512427 0.0526351 0.8178643 -0.5718067 -0.0369413
29917.429000 3.8935329 -2.2999451 1.2511195 0.0523137 0.8178683 -0.5718448 -0.0367176
29917.528000 3.8935155 -2.2996129 1.2510110 0.0523235 0.8178183 -0.5719159 -0.0367114
29917.628000 3.8949126 -2.2993273 1.2510721 0.0526001 0.8178123 -0.5718853 -0.0369261
29917.728000 3.9003689 -2.2993503 1.2516352 0.0535731 0.8179086 -0.5716013 -0.0377810
29917.829000 3.9042254 -2.2994076 1.2521020 0.0544884 0.8178280 -0.5715992 -0.0382453
29917.928000 3.9090818 -2.2997385 1.2527078 0.0555393 0.8177485 -0.5715714 -0.0388446
29918.028000 3.8665891 -2.2970028 1.2535759 0.0452081 0.8186693 -0.5716054 -0.0316880
29918.128000 3.8663695 -2.2966986 1.2534512 0.0450374 0.8187581 -0.5714910 -0.0317006
29918.228000 3.8663726 -2.2963621 1.2533393 0.0450410 0.8187149 -0.5715524 -0.0317018
29918.328000 3.8677444 -2.2960512 1.2533549 0.0452915 0.8187122 -0.5715251 -0.0319072
29918.428000 3.8724956 -2.2958355 1.2536996 0.0462700 0.8187656 -0.5713347 -0.0325375
29918.529000 3.8763911 -2.2958520 1.2540483 0.0470584 0.8186702 -0.5713794 -0.0330172
29918.628000 3.8811342 -2.2960898 1.2544822 0.0479314 0.8185746 -0.5714094 -0.0336088
29918.728000 3.8385782 -2.2939140 1.2551774 0.0377418 0.8193878 -0.5713848 -0.0264292
29918.828000 3.8372438 -2.2934444 1.2550399 0.0374212 0.8194158 -0.5713758 -0.0262116
29918.928000 3.8372459 -2.2931060 1.2549254 0.0374244 0.8193735 -0.5714363 -0.0262105
29919.028000 3.8390969 -2.2928810 1.2549690 0.0376759 0.8193304 -0.5714671 -0.0265260
29919.128000 3.8463910 -2.2928081 1.2554155 0.0391812 0.8192686 -0.5714093 -0.0274812
29919.228000 3.8515775 -2.2928640 1.2556797 0.0402227 0.8192164 -0.5713818 -0.0280969
29919.328000 3.8083417 -2.2910597 1.2561776 0.0298268 0.8199013 -0.5713456 -0.0208899
29919.428000 3.8070066 -2.2906071 1.2560497 0.0295038 0.8198864 -0.5713918 -0.0206696
29919.528000 3.8070168 -2.2902745 1.2559361 0.0295058 0.8198417 -0.5714558 -0.0206677
29919.628000 3.8087109 -2.2899878 1.2559198 0.0297871 0.8197882 -0.5715098 -0.0208948
29919.728000 3.8161064 -2.2899599 1.2561645 0.0310497 0.8197490 -0.5714649 -0.0218055
29919.828000 3.7768435 -2.2875376 1.2562598 0.0213087 0.8200484 -0.5716986 -0.0150752
29919.928000 3.7753035 -2.2888587 1.2567254 0.0210815 0.8202815 -0.5713815 -0.0147310
29920.028000 3.7750739 -2.2884544 1.2565806 0.0211361 0.8202432 -0.5714365 -0.0146535
29920.128000 3.7753297 -2.2881725 1.2564793 0.0210818 0.8202088 -0.5714858 -0.0147307
29920.228000 3.7769805 -2.2878501 1.2564068 0.0213656 0.8201519 -0.5715512 -0.0149529
29920.329000 3.7836244 -2.2875950 1.2563995 0.0226519 0.8200818 -0.5715815 -0.0157270
29920.429000 3.7434583 -2.2858191 1.2563527 0.0129002 0.8202439 -0.5717999 -0.0088520
29920.528000 3.7426014 -2.2874168 1.2569229 0.0124556 0.8205341 -0.5713944 -0.0087866
29920.628000 3.7426238 -2.2870624 1.2567882 0.0124531 0.8205078 -0.5714321 -0.0087905
29920.728000 3.7428910 -2.2867737 1.2566814 0.0123965 0.8204742 -0.5714803 -0.0088708
29920.829000 3.7446586 -2.2864367 1.2565750 0.0126612 0.8204113 -0.5715614 -0.0090875
29920.928000 3.7512406 -2.2861214 1.2564405 0.0137915 0.8203099 -0.5716695 -0.0097710
29921.028000 3.7102331 -2.2869470 1.2570568 0.0038167 0.8204346 -0.5717209 -0.0027706
29921.128000 3.7089135 -2.2866092 1.2568624 0.0034842 0.8205926 -0.5714973 -0.0025566
29921.228000 3.7089399 -2.2862565 1.2567261 0.0034816 0.8205653 -0.5715365 -0.0025602
29921.328000 3.7109979 -2.2859166 1.2565917 0.0037204 0.8205278 -0.5715874 -0.0028655
29921.428000 3.7174167 -2.2855123 1.2563751 0.0048986 0.8204553 -0.5716786 -0.0035552
29921.528000 3.6758635 -2.2869167 1.2568758 -0.0051449 0.8204902 -0.5716268 0.0034929
29921.628000 3.6747872 -2.2866079 1.2567044 -0.0055369 0.8205745 -0.5715013 0.0036334
29921.728000 3.6745761 -2.2862274 1.2565591 -0.0054915 0.8205399 -0.5715508 0.0037114
29921.828000 3.6762924 -2.2858420 1.2564164 -0.0052487 0.8205008 -0.5716104 0.0035330
29921.928000 3.6826902 -2.2854280 1.2562295 -0.0043199 0.8204589 -0.5716818 0.0028941
29922.028000 3.6418680 -2.2877482 1.2567722 -0.0143111 0.8203807 -0.5715551 0.0097734
29922.128000 3.6398626 -2.2874282 1.2565820 -0.0147251 0.8204591 -0.5714252 0.0101632
29922.228000 3.6401154 -2.2871010 1.2564472 -0.0148219 0.8204386 -0.5714531 0.0101067
29922.328000 3.6415891 -2.2866779 1.2563151 -0.0145459 0.8203906 -0.5715304 0.0100319
29922.428000 3.6479477 -2.2862030 1.2561998 -0.0136072 0.8203347 -0.5716445 0.0094019
29922.528000 3.6064323 -2.2893691 1.2567713 -0.0235481 0.8201108 -0.5714859 0.0163614
29922.628000 3.6051026 -2.2890937 1.2565824 -0.0239137 0.8202075 -0.5713250 0.0166011
29922.728000 3.6051134 -2.2887427 1.2564413 -0.0239592 0.8201808 -0.5713607 0.0166263
29922.828000 3.6071767 -2.2883470 1.2563382 -0.0237699 0.8201553 -0.5714123 0.0163785
29922.928000 3.6135584 -2.2878240 1.2562949 -0.0227126 0.8201322 -0.5715060 0.0157568
29923.028000 3.5719271 -2.2918453 1.2568657 -0.0325826 0.8198213 -0.5712386 0.0227570
29923.128000 3.5703595 -2.2915782 1.2566846 -0.0328916 0.8198793 -0.5711248 0.0230764
29923.228000 3.5706165 -2.2912388 1.2565476 -0.0329906 0.8198553 -0.5711557 0.0230211
29923.328000 3.5722890 -2.2908214 1.2564484 -0.0327616 0.8198337 -0.5712062 0.0228655
29923.428000 3.5789224 -2.2902624 1.2564301 -0.0317323 0.8198633 -0.5712506 0.0221340
29923.528000 3.5375945 -2.2951886 1.2570467 -0.0416707 0.8194036 -0.5709617 0.0290524
29923.628000 3.5367251 -2.2949461 1.2568521 -0.0419285 0.8195392 -0.5707398 0.0292156
29923.728000 3.5367430 -2.2945953 1.2567143 -0.0419739 0.8195111 -0.5707756 0.0292397
29923.828000 3.5381006 -2.2941381 1.2566072 -0.0416865 0.8194746 -0.5708522 0.0291781
29923.928000 3.5448219 -2.2934147 1.2565470 -0.0405985 0.8194642 -0.5709828 0.0284401
29924.028000 3.5054469 -2.2973332 1.2564748 -0.0501358 0.8188597 -0.5707254 0.0350381
29924.128000 3.5038873 -2.2988799 1.2569393 -0.0508450 0.8190286 -0.5704092 0.0352176
29924.229000 3.5036676 -2.2985310 1.2568056 -0.0508370 0.8189983 -0.5704470 0.0353203
29924.328000 3.5052017 -2.2980620 1.2566735 -0.0506087 0.8189742 -0.5705100 0.0351905
29924.428000 3.5121024 -2.2972441 1.2564942 -0.0494617 0.8190087 -0.5706069 0.0344383
29924.528000 3.4737651 -2.3018803 1.2563482 -0.0589106 0.8183298 -0.5702597 0.0408625
29924.628000 3.4712571 -2.3035213 1.2568288 -0.0593512 0.8184664 -0.5699789 0.0414050
29924.728000 3.4712820 -2.3031692 1.2566955 -0.0594008 0.8184375 -0.5700133 0.0414300
29924.828000 3.4728007 -2.3026615 1.2565324 -0.0591826 0.8183962 -0.5701053 0.0412930
29924.928000 3.4799577 -2.3016332 1.2561872 -0.0579922 0.8183630 -0.5703340 0.0404737
29925.028000 3.4844060 -2.3010042 1.2559309 -0.0573126 0.8183073 -0.5705219 0.0399139
29925.128000 3.4413951 -2.3083272 1.2563695 -0.0675291 0.8177215 -0.5697038 0.0469999
29925.228000 3.4403065 -2.3081512 1.2562315 -0.0679560 0.8176660 -0.5697187 0.0471686
29925.328000 3.4400902 -2.3078370 1.2561240 -0.0679532 0.8176183 -0.5697790 0.0472716
29925.428000 3.4417205 -2.3073114 1.2559306 -0.0676756 0.8175638 -0.5699042 0.0471024
29925.528000 3.4493484 -2.3061728 1.2553954 -0.0663247 0.8175227 -0.5702047 0.0460897
29925.628000 3.4540089 -2.3055051 1.2550218 -0.0653923 0.8174655 -0.5704421 0.0454944
29925.728000 3.4118939 -2.3137804 1.2555473 -0.0752835 0.8168687 -0.5694778 0.0524685
29925.828000 3.4097573 -2.3137774 1.2554205 -0.0758465 0.8167901 -0.5694807 0.0528482
29925.928000 3.4097876 -2.3134467 1.2553078 -0.0759003 0.8167412 -0.5695417 0.0528701
29926.028000 3.4114096 -2.3129139 1.2550781 -0.0756420 0.8166856 -0.5696708 0.0527071
29926.128000 3.4191482 -2.3117103 1.2543544 -0.0743198 0.8166481 -0.5699889 0.0517221
29926.228000 3.4243229 -2.3109762 1.2538217 -0.0733185 0.8166012 -0.5702426 0.0510911
29926.328000 3.3815952 -2.3201367 1.2543318 -0.0833668 0.8158939 -0.5691928 0.0581954
29926.428000 3.3803120 -2.3200223 1.2542072 -0.0837324 0.8158304 -0.5692055 0.0584356
29926.528000 3.3803478 -2.3196913 1.2540962 -0.0837881 0.8157798 -0.5692677 0.0584557
29926.628000 3.3820234 -2.3191010 1.2538140 -0.0835038 0.8157136 -0.5694236 0.0582689
29926.728000 3.3898954 -2.3176441 1.2528392 -0.0819720 0.8156334 -0.5698640 0.0572521
29926.828000 3.3958032 -2.3166717 1.2520925 -0.0809831 0.8155565 -0.5702021 0.0563820
29926.928000 3.3529610 -2.3265545 1.2525984 -0.0909591 0.8147579 -0.5690815 0.0635795
29927.028000 3.3516805 -2.3264649 1.2524770 -0.0913238 0.8146880 -0.5690961 0.0638205
29927.128000 3.3519760 -2.3260955 1.2523504 -0.0914392 0.8146325 -0.5691646 0.0637531
29927.228000 3.3517690 -2.3258198 1.2522670 -0.0914410 0.8145711 -0.5692414 0.0638487
29927.328000 3.3535573 -2.3251923 1.2519377 -0.0911335 0.8144881 -0.5694329 0.0636395
29927.428000 3.3616469 -2.3235696 1.2507535 -0.0895594 0.8143735 -0.5699653 0.0625662
29927.528000 3.3676691 -2.3224860 1.2498633 -0.0885486 0.8142734 -0.5703641 0.0616675
29927.628000 3.3249500 -2.3333587 1.2504478 -0.0984298 0.8134728 -0.5690614 0.0688669
29927.728000 3.3236678 -2.3332948 1.2503278 -0.0987967 0.8133974 -0.5690766 0.0691064
29927.828000 3.3237151 -2.3329643 1.2502190 -0.0988549 0.8133419 -0.5691442 0.0691201
29927.928000 3.3240072 -2.3326057 1.2500985 -0.0989727 0.8132729 -0.5692310 0.0690481
29928.028000 3.3254855 -2.3320212 1.2497688 -0.0986349 0.8131875 -0.5694265 0.0689255
29928.128000 3.3336397 -2.3303160 1.2484316 -0.0970480 0.8130492 -0.5700224 0.0678762
29928.228000 3.3394630 -2.3292124 1.2474568 -0.0959729 0.8129352 -0.5704609 0.0670816
29928.328000 3.2971230 -2.3407515 1.2480238 -0.1058848 0.8120476 -0.5690848 0.0742270
29928.428000 3.2958474 -2.3407116 1.2479034 -0.1062571 0.8119662 -0.5691006 0.0744630
29928.528000 3.2961542 -2.3403278 1.2477700 -0.1063755 0.8119042 -0.5691768 0.0743878
29928.628000 3.2976993 -2.3397063 1.2473954 -0.1060082 0.8118313 -0.5693671 0.0742516
29928.728000 3.3057668 -2.3379226 1.2459290 -0.1043847 0.8117253 -0.5699558 0.0731871
29928.828000 3.3113211 -2.3367855 1.2449010 -0.1033206 0.8116320 -0.5703799 0.0724225
29928.928000 3.2699999 -2.3485456 1.2453901 -0.1130766 0.8106059 -0.5690506 0.0794555
29929.028000 3.2678952 -2.3487381 1.2452691 -0.1136509 0.8104907 -0.5690479 0.0798297
29929.129000 3.2682016 -2.3483482 1.2451318 -0.1137691 0.8104257 -0.5691277 0.0797519
29929.228000 3.2698597 -2.3477144 1.2447242 -0.1134098 0.8103529 -0.5693227 0.0796117
29929.328000 3.2781010 -2.3459195 1.2431563 -0.1118712 0.8102510 -0.5699133 0.0785935
29929.428000 3.2414791 -2.3557739 1.2421883 -0.1210393 0.8086960 -0.5693411 0.0849171
29929.528000 3.2393555 -2.3579589 1.2427487 -0.1213395 0.8089662 -0.5688164 0.0854306
29929.628000 3.2394198 -2.3576157 1.2426292 -0.1213955 0.8089195 -0.5688695 0.0854390
29929.728000 3.2397301 -2.3572201 1.2424877 -0.1215145 0.8088511 -0.5689538 0.0853561
29929.828000 3.2414206 -2.3565744 1.2420598 -0.1211364 0.8087770 -0.5691637 0.0851959
29929.928000 3.2496282 -2.3547087 1.2404407 -0.1196563 0.8086653 -0.5698013 0.0840793
29930.028000 3.2114658 -2.3658075 1.2396932 -0.1289545 0.8070408 -0.5690552 0.0907308
29930.128000 3.2099049 -2.3677036 1.2402127 -0.1291901 0.8072938 -0.5685795 0.0911259
29930.229000 3.2099790 -2.3673548 1.2400907 -0.1292481 0.8072421 -0.5686396 0.0911273
29930.328000 3.2100473 -2.3670248 1.2399778 -0.1293090 0.8071779 -0.5687176 0.0911231
29930.428000 3.2123200 -2.3662306 1.2394676 -0.1290884 0.8070635 -0.5689792 0.0908151
29930.529000 3.2196045 -2.3645874 1.2379959 -0.1278270 0.8068692 -0.5696619 0.0900428
29930.628000 3.1808759 -2.3782331 1.2381119 -0.1373619 0.8053587 -0.5684607 0.0968577
29930.729000 3.1789971 -2.3785125 1.2379913 -0.1377525 0.8053555 -0.5683041 0.0972478
29930.828000 3.1793156 -2.3780889 1.2378335 -0.1378680 0.8052916 -0.5683818 0.0971597
29930.928000 3.1813278 -2.3774857 1.2373720 -0.1374780 0.8052368 -0.5685833 0.0969874
29931.028000 3.1879098 -2.3762450 1.2361312 -0.1363775 0.8051743 -0.5690647 0.0962339
29931.128000 3.1474399 -2.3909066 1.2364331 -0.1462138 0.8035931 -0.5676045 0.1033670
29931.228000 3.1462765 -2.3909797 1.2362976 -0.1465383 0.8035154 -0.5675955 0.1035611
29931.328000 3.1463775 -2.3906455 1.2361761 -0.1465590 0.8034620 -0.5676722 0.1035256
29931.428000 3.1486936 -2.3901294 1.2357465 -0.1463193 0.8033956 -0.5678652 0.1033216
29931.528000 3.1535274 -2.3894942 1.2349815 -0.1457878 0.8033120 -0.5681919 0.1029262
29931.628000 3.1123981 -2.4051592 1.2353670 -0.1560440 0.8015801 -0.5665379 0.1102475
29931.728000 3.1116551 -2.4051107 1.2352360 -0.1562747 0.8014978 -0.5665680 0.1103634
29931.828000 3.1115106 -2.4048721 1.2351553 -0.1562366 0.8014514 -0.5666355 0.1104083
29931.928000 3.1140274 -2.4045995 1.2348586 -0.1561976 0.8013343 -0.5668493 0.1102159
29932.028000 3.0756028 -2.4214398 1.2352315 -0.1661232 0.7993110 -0.5654117 0.1175355
29932.128000 3.0744599 -2.4215953 1.2350708 -0.1664186 0.7993296 -0.5652560 0.1177398
29932.228000 3.0745557 -2.4212534 1.2349448 -0.1664367 0.7992809 -0.5653273 0.1177025
29932.328000 3.0771853 -2.4185602 1.2336982 -0.1662875 0.7988342 -0.5660180 0.1176267
29932.428000 3.0371546 -2.4354694 1.2338749 -0.1762770 0.7967230 -0.5643902 0.1249901
29932.528000 3.0360125 -2.4356219 1.2337415 -0.1765996 0.7966193 -0.5643940 0.1251790
29932.628000 3.0363327 -2.4351845 1.2335773 -0.1766769 0.7965524 -0.5644916 0.1250550
29932.728000 3.0349268 -2.4362772 1.2343167 -0.1767759 0.7961851 -0.5648814 0.1254932
29932.828000 3.0280671 -2.4434526 1.2387333 -0.1775215 0.7943492 -0.5667411 0.1276714
29932.928000 3.0202086 -2.4523440 1.2439108 -0.1783442 0.7921493 -0.5689823 0.1301994
29933.028000 3.0136339 -2.4605410 1.2484621 -0.1790934 0.7901189 -0.5710727 0.1323392
29933.128000 3.0060082 -2.4703777 1.2535697 -0.1797537 0.7878940 -0.5733410 0.1348769
29933.229000 2.9992448 -2.4800122 1.2583097 -0.1803902 0.7857819 -0.5754915 0.1371704
29933.328000 2.9929152 -2.4897953 1.2628604 -0.1809737 0.7837339 -0.5775697 0.1393662
29933.428000 2.9872108 -2.4996779 1.2672298 -0.1815722 0.7817243 -0.5796073 0.1414005
29933.528000 2.9814294 -2.5099633 1.2714944 -0.1820104 0.7797855 -0.5815587 0.1435142
29933.628000 2.9765010 -2.5202165 1.2755545 -0.1825592 0.7778670 -0.5834823 0.1454080
29933.728000 2.9715089 -2.5308456 1.2795004 -0.1829656 0.7760154 -0.5853219 0.1473838
29933.828000 2.9671617 -2.5415217 1.2832661 -0.1834030 0.7741995 -0.5871272 0.1491982
29933.928000 2.9632453 -2.5523290 1.2868715 -0.1838205 0.7724280 -0.5888859 0.1509250
29934.028000 2.9600044 -2.5631435 1.2903007 -0.1842834 0.7706886 -0.5906161 0.1524839
29934.128000 2.9569555 -2.5741719 1.2935864 -0.1846725 0.7690012 -0.5922886 0.1540372
29934.228000 2.9540940 -2.5854037 1.2967239 -0.1849896 0.7673641 -0.5939057 0.1555866
29934.328000 2.9519110 -2.5966009 1.2996858 -0.1853631 0.7657537 -0.5955016 0.1569704
29934.428000 2.9501800 -2.6078526 1.3024850 -0.1857390 0.7641777 -0.5970642 0.1582649
29934.528000 2.9488962 -2.6191467 1.3051216 -0.1861198 0.7626340 -0.5985961 0.1594729
29934.628000 2.9483067 -2.6303536 1.3075874 -0.1865712 0.7611094 -0.6001158 0.1605137
29934.728000 2.9476848 -2.6417949 1.3099056 -0.1869086 0.7596339 -0.6015805 0.1616244
29934.828000 2.9477489 -2.6531238 1.3120526 -0.1873005 0.7581775 -0.6030424 0.1625582
29934.928000 2.9482714 -2.6644285 1.3140356 -0.1877136 0.7567424 -0.6044861 0.1634045
29935.028000 2.9492441 -2.6756970 1.3158545 -0.1881508 0.7553254 -0.6059140 0.1641678
29935.128000 2.9506661 -2.6869134 1.3175090 -0.1886156 0.7539234 -0.6073288 0.1648494
29935.228000 2.9525362 -2.6980621 1.3189989 -0.1891101 0.7525334 -0.6087340 0.1654500
29935.328000 2.9548522 -2.7091272 1.3203241 -0.1896338 0.7511531 -0.6101334 0.1659679
29935.428000 2.9576111 -2.7200933 1.3214842 -0.1901947 0.7497777 -0.6115287 0.1664092
29935.528000 2.9610522 -2.7308324 1.3224776 -0.1908590 0.7483931 -0.6129373 0.1666988
29935.628000 2.9644520 -2.7416639 1.3233089 -0.1914421 0.7470276 -0.6143192 0.1670679
29935.728000 2.9687567 -2.7521306 1.3239719 -0.1921942 0.7456353 -0.6157337 0.1672166
29935.828000 2.9730115 -2.7626596 1.3244718 -0.1928698 0.7442550 -0.6171276 0.1674491
29935.928000 2.9779412 -2.7729498 1.3248059 -0.1936599 0.7428454 -0.6185513 0.1675438
29936.028000 2.9837588 -2.7833338 1.3249745 -0.1946030 0.7413490 -0.6200609 0.1674985
29936.129000 2.9891089 -2.7924828 1.3249730 -0.1954370 0.7400104 -0.6214041 0.1674693
29936.228000 2.9949433 -2.8016660 1.3248226 -0.1963423 0.7386182 -0.6227945 0.1673912
29936.329000 3.0004863 -2.8101803 1.3245476 -0.1971719 0.7373055 -0.6240967 0.1673533
29936.428000 3.0050724 -2.8154307 1.3240208 -0.2039470 0.7369000 -0.6211919 0.1717691
29936.528000 3.0049028 -2.8155909 1.3240143 -0.2040092 0.7369134 -0.6211099 0.1719345
29936.628000 3.0044152 -2.8158676 1.3240113 -0.2017399 0.7375352 -0.6216386 0.1700245
29936.728000 3.0048562 -2.8156943 1.3240070 -0.2037829 0.7369727 -0.6211644 0.1717512
29936.828000 3.0051192 -2.8154843 1.3240133 -0.2040288 0.7369063 -0.6211409 0.1718293
29936.928000 3.0046735 -2.8157728 1.3240064 -0.2018167 0.7375318 -0.6216380 0.1699502
29937.028000 3.0049347 -2.8157421 1.3239992 -0.2038975 0.7369871 -0.6210913 0.1718179
29937.128000 3.0049549 -2.8156694 1.3240058 -0.2040798 0.7369348 -0.6210494 0.1719773
29937.228000 3.0046822 -2.8157948 1.3240043 -0.2018301 0.7375306 -0.6216301 0.1699684
29937.328000 3.0051029 -2.8155484 1.3240089 -0.2038814 0.7369167 -0.6212045 0.1717298
29937.428000 3.0051432 -2.8154635 1.3240156 -0.2041256 0.7368472 -0.6211494 0.1719372
29937.528000 3.0044032 -2.8158612 1.3240138 -0.2016875 0.7375251 -0.6216757 0.1699947
29937.628000 3.0050678 -2.8155216 1.3240113 -0.2038376 0.7369496 -0.6211959 0.1716714
29937.728000 3.0048866 -2.8155536 1.3240197 -0.2040324 0.7368898 -0.6211232 0.1719598
29937.828000 3.0046316 -2.8157170 1.3240118 -0.2017901 0.7375213 -0.6216625 0.1699375
29937.928000 3.0049026 -2.8156570 1.3240063 -0.2039717 0.7369371 -0.6211038 0.1718991
29938.028000 3.0048963 -2.8155967 1.3240124 -0.2040280 0.7369207 -0.6210905 0.1719509
29938.128000 3.0043973 -2.8158516 1.3240118 -0.2017352 0.7375390 -0.6216360 0.1700229
29938.228000 3.0051051 -2.8154710 1.3240138 -0.2040175 0.7368876 -0.6211673 0.1718274
29938.328000 3.0051152 -2.8153890 1.3240213 -0.2041434 0.7368483 -0.6211427 0.1719357
29938.428000 3.0044135 -2.8158640 1.3240114 -0.2017327 0.7375392 -0.6216377 0.1700190
29938.528000 3.0049282 -2.8157555 1.3239986 -0.2038937 0.7369851 -0.6210918 0.1718289
29938.629000 3.0051808 -2.8155276 1.3240051 -0.2041470 0.7369107 -0.6210725 0.1719174
29938.728000 3.0044300 -2.8159052 1.3240066 -0.2017072 0.7375639 -0.6216256 0.1699865
29938.828000 3.0048680 -2.8156371 1.3240129 -0.2038715 0.7369325 -0.6211634 0.1718221
29938.928000 3.0051099 -2.8153977 1.3240207 -0.2041258 0.7368533 -0.6211481 0.1719156
29939.028000 3.0044358 -2.8158066 1.3240148 -0.2019023 0.7374782 -0.6216156 0.1701631
29939.128000 3.0048511 -2.8156403 1.3240094 -0.2038795 0.7369452 -0.6211393 0.1718458
29939.228000 3.0048682 -2.8155363 1.3240186 -0.2040630 0.7368858 -0.6211058 0.1720036
29939.328000 3.0044081 -2.8158536 1.3240090 -0.2017743 0.7375420 -0.6216112 0.1700546
29939.428000 3.0051762 -2.8155530 1.3239983 -0.2040277 0.7369529 -0.6210968 0.1717901
29939.528000 3.0049523 -2.8156402 1.3240051 -0.2040924 0.7369382 -0.6210403 0.1719806
29939.628000 3.0044170 -2.8158639 1.3240071 -0.2017570 0.7375599 -0.6216052 0.1700189
29939.728000 3.0048050 -2.8156001 1.3240143 -0.2037094 0.7369850 -0.6211957 0.1716726
29939.828000 3.0048558 -2.8154981 1.3240215 -0.2040313 0.7368916 -0.6211249 0.1719472
29939.928000 3.0046089 -2.8156789 1.3240122 -0.2017760 0.7375338 -0.6216596 0.1699109
29940.028000 3.0049573 -2.8157554 1.3239966 -0.2039364 0.7369926 -0.6210667 0.1718371
29940.128000 3.0051773 -2.8155144 1.3240049 -0.2041340 0.7369277 -0.6210655 0.1718849
29940.228000 3.0044636 -2.8159229 1.3240011 -0.2017887 0.7375735 -0.6215747 0.1700339
29940.328000 3.0049077 -2.8157044 1.3240013 -0.2039036 0.7369770 -0.6210966 0.1718345
29940.428000 3.0049324 -2.8156207 1.3240078 -0.2041033 0.7369198 -0.6210517 0.1720052
29940.528000 3.0046524 -2.8157291 1.3240050 -0.2018596 0.7375412 -0.6216050 0.1699792
29940.628000 3.0049271 -2.8157312 1.3239979 -0.2038618 0.7370237 -0.6210738 0.1717667
29940.728000 3.0049438 -2.8156570 1.3240037 -0.2040602 0.7369684 -0.6210260 0.1719408
29940.828000 3.0052015 -2.8155096 1.3240031 -0.2041367 0.7369351 -0.6210575 0.1718790
29940.928000 3.0044899 -2.8158988 1.3240012 -0.2018817 0.7375568 -0.6215432 0.1701111
29941.028000 3.0048809 -2.8156382 1.3240068 -0.2039517 0.7369646 -0.6210824 0.1718823
29941.128000 3.0048802 -2.8155235 1.3240164 -0.2041446 0.7369038 -0.6210444 0.1720514
29941.228000 3.0046451 -2.8156465 1.3240111 -0.2020178 0.7374895 -0.6215759 0.1701219
29941.329000 3.0049447 -2.8157098 1.3240001 -0.2039244 0.7369915 -0.6210766 0.1718202
29941.429000 3.0049562 -2.8156440 1.3240048 -0.2041163 0.7369394 -0.6210282 0.1719911
29941.528000 3.0044429 -2.8158531 1.3240062 -0.2018874 0.7375375 -0.6215619 0.1701195
29941.628000 3.0050546 -2.8153949 1.3240171 -0.2040434 0.7369005 -0.6211402 0.1718393
29941.728000 3.0051307 -2.8154823 1.3240060 -0.2041326 0.7369139 -0.6210657 0.1719453
29941.828000 3.0046416 -2.8157618 1.3240026 -0.2018406 0.7375322 -0.6216114 0.1700173
29941.928000 3.0051227 -2.8155797 1.3240029 -0.2039523 0.7369185 -0.6211554 0.1718157
29942.028000 3.0049404 -2.8156926 1.3240050 -0.2040293 0.7369124 -0.6210871 0.1719972
29942.128000 3.0046474 -2.8157556 1.3240046 -0.2019021 0.7374941 -0.6216183 0.1700841
29942.228000 3.0048966 -2.8157367 1.3240011 -0.2037668 0.7370188 -0.6211159 0.1717480
29942.328000 3.0048401 -2.8154974 1.3240208 -0.2040043 0.7369148 -0.6211126 0.1719244
29942.428000 3.0043215 -2.8157601 1.3240179 -0.2016566 0.7375560 -0.6216624 0.1699459
29942.529000 3.0050190 -2.8153593 1.3240204 -0.2039065 0.7369144 -0.6212015 0.1717211
29942.628000 3.0051101 -2.8154747 1.3240074 -0.2040580 0.7369152 -0.6211057 0.1718836
29942.728000 3.0051487 -2.8155117 1.3240036 -0.2040715 0.7369128 -0.6211014 0.1718938
29942.828000 3.0044625 -2.8159929 1.3239944 -0.2017216 0.7375831 -0.6215865 0.1700287
29942.928000 3.0049519 -2.8158633 1.3239883 -0.2038061 0.7370221 -0.6210881 0.1717876
29943.028000 3.0051310 -2.8155566 1.3240019 -0.2040153 0.7369404 -0.6210989 0.1718510
29943.128000 3.0044355 -2.8160196 1.3239942 -0.2016364 0.7376105 -0.6216009 0.1699586
29943.228000 3.0050569 -2.8156139 1.3240011 -0.2036846 0.7370109 -0.6211985 0.1715810
29943.328000 3.0051076 -2.8154909 1.3240094 -0.2040257 0.7369081 -0.6211294 0.1718669
29943.428000 3.0046084 -2.8157617 1.3240036 -0.2017703 0.7375437 -0.6216346 0.1699661
29943.528000 3.0049097 -2.8157855 1.3239928 -0.2038357 0.7370199 -0.6210709 0.1718243
29943.628000 3.0050167 -2.8152546 1.3240280 -0.2041571 0.7368526 -0.6211273 0.1719564
29943.729000 3.0043394 -2.8157278 1.3240201 -0.2018092 0.7375089 -0.6216292 0.1700907
29943.828000 3.0048083 -2.8155428 1.3240215 -0.2038317 0.7369258 -0.6211888 0.1718061
29943.928000 3.0048247 -2.8154682 1.3240268 -0.2040248 0.7368734 -0.6211421 0.1719708
29944.028000 3.0045240 -2.8155511 1.3240244 -0.2017950 0.7374841 -0.6216994 0.1699587
29944.128000 3.0050662 -2.8154450 1.3240113 -0.2038896 0.7369497 -0.6211735 0.1716907
29944.228000 3.0051724 -2.8155968 1.3239949 -0.2040355 0.7369574 -0.6210735 0.1718457
29944.328000 3.0044601 -2.8160527 1.3239893 -0.2016368 0.7376289 -0.6215829 0.1699438
29944.428000 3.0051123 -2.8155989 1.3239995 -0.2038962 0.7369616 -0.6211388 0.1717572
29944.528000 3.0051357 -2.8155010 1.3240066 -0.2041103 0.7368976 -0.6210948 0.1719366
29944.628000 3.0044772 -2.8160261 1.3239919 -0.2017545 0.7375888 -0.6215628 0.1700514
29944.728000 3.0049622 -2.8159143 1.3239830 -0.2037234 0.7370725 -0.6210802 0.1716982
29944.828000 3.0049849 -2.8158312 1.3239890 -0.2039415 0.7370116 -0.6210296 0.1718835
29944.928000 3.0046318 -2.8158498 1.3239951 -0.2016961 0.7375901 -0.6216237 0.1698923
29945.028000 3.0051264 -2.8156295 1.3239956 -0.2039000 0.7369686 -0.6211264 0.1717676
29945.128000 3.0051411 -2.8155500 1.3240014 -0.2040575 0.7369246 -0.6210906 0.1718985
29945.228000 3.0046207 -2.8158502 1.3239955 -0.2016393 0.7375978 -0.6216439 0.1698526
29945.328000 3.0051490 -2.8156588 1.3239924 -0.2038971 0.7369791 -0.6211195 0.1717505
29945.428000 3.0050345 -2.8152981 1.3240260 -0.2040493 0.7368730 -0.6211669 0.1718537
29945.528000 3.0045215 -2.8155966 1.3240185 -0.2016758 0.7375476 -0.6216931 0.1698471
29945.628000 3.0048875 -2.8156233 1.3240063 -0.2039385 0.7369751 -0.6210801 0.1718612
29945.728000 3.0048879 -2.8155464 1.3240129 -0.2040934 0.7369291 -0.6210458 0.1719986
29945.828000 3.0045513 -2.8155987 1.3240165 -0.2018116 0.7375218 -0.6216475 0.1699648
29945.928000 3.0048942 -2.8156652 1.3240066 -0.2038364 0.7369773 -0.6211340 0.1717781
29946.028000 3.0051944 -2.8156525 1.3239915 -0.2040489 0.7369525 -0.6210660 0.1718780
29946.128000 3.0046692 -2.8158858 1.3239904 -0.2017116 0.7375974 -0.6216083 0.1698990
29946.228000 3.0050951 -2.8156389 1.3239941 -0.2037562 0.7370303 -0.6211400 0.1716241
29946.328000 3.0051354 -2.8155366 1.3240008 -0.2040330 0.7369501 -0.6210799 0.1718569
29946.428000 3.0044675 -2.8160586 1.3239878 -0.2016335 0.7376458 -0.6215644 0.1699420
29946.528000 3.0049623 -2.8158732 1.3239858 -0.2038060 0.7370488 -0.6210588 0.1717794
29946.628000 3.0048377 -2.8154767 1.3240222 -0.2040120 0.7369214 -0.6210988 0.1719367
29946.728000 3.0044675 -2.8154846 1.3240286 -0.2017132 0.7375129 -0.6217087 0.1698964
29946.828000 3.0048111 -2.8154884 1.3240214 -0.2038842 0.7369299 -0.6211604 0.1718292
29946.929000 3.0048173 -2.8154128 1.3240273 -0.2040361 0.7368868 -0.6211246 0.1719631
29947.028000 3.0043060 -2.8156671 1.3240259 -0.2017077 0.7375125 -0.6216807 0.1700073
29947.129000 3.0049381 -2.8152337 1.3240359 -0.2039269 0.7368389 -0.6212637 0.1717951
29947.228000 3.0051008 -2.8154676 1.3240103 -0.2040253 0.7368796 -0.6211567 0.1718911
29947.328000 3.0046085 -2.8157942 1.3240000 -0.2016304 0.7375685 -0.6216805 0.1698565
29947.428000 3.0050356 -2.8159715 1.3239760 -0.2038160 0.7370548 -0.6210491 0.1717769
29947.528000 3.0048931 -2.8155504 1.3240151 -0.2040211 0.7369239 -0.6210922 0.1719391
29947.629000 3.0044999 -2.8155246 1.3240252 -0.2017161 0.7375017 -0.6217188 0.1699045
29947.729000 3.0048464 -2.8155489 1.3240202 -0.2038349 0.7369280 -0.6211891 0.1717922
29947.828000 3.0048424 -2.8154705 1.3240252 -0.2039850 0.7368840 -0.6211540 0.1719295
29947.929000 3.0042985 -2.8157058 1.3240244 -0.2015687 0.7375454 -0.6217197 0.1698868
29948.029000 3.0047981 -2.8154787 1.3240268 -0.2038313 0.7369166 -0.6212049 0.1717885
29948.128000 3.0050719 -2.8154957 1.3240086 -0.2039179 0.7369275 -0.6211651 0.1717827
29948.228000 3.0049755 -2.8157665 1.3239954 -0.2038420 0.7369864 -0.6211133 0.1718073
29948.328000 3.0044152 -2.8160825 1.3239883 -0.2012987 0.7376969 -0.6216873 0.1696677
29948.428000 3.0050173 -2.8159444 1.3239801 -0.2038022 0.7370223 -0.6210906 0.1717825
29948.528000 3.0049539 -2.8152267 1.3240336 -0.2040645 0.7368290 -0.6211972 0.1719151
29948.628000 3.0043326 -2.8157613 1.3240151 -0.2016452 0.7375669 -0.6216544 0.1699413
29948.728000 3.0050176 -2.8153951 1.3240138 -0.2039677 0.7369470 -0.6211247 0.1717856
29948.828000 3.0050726 -2.8158996 1.3239763 -0.2040422 0.7370378 -0.6209493 0.1719417
29948.928000 3.0046249 -2.8158645 1.3239895 -0.2017647 0.7375932 -0.6215800 0.1699577
29949.028000 3.0051101 -2.8156120 1.3239979 -0.2038722 0.7369539 -0.6211569 0.1717531
29949.128000 3.0051596 -2.8155052 1.3240025 -0.2039760 0.7369254 -0.6211398 0.1718142
29949.228000 3.0044851 -2.8161143 1.3239825 -0.2014607 0.7376769 -0.6216217 0.1698026
29949.328000 3.0051879 -2.8156744 1.3239877 -0.2039073 0.7369702 -0.6211239 0.1717609
29949.428000 3.0051965 -2.8155554 1.3239949 -0.2040137 0.7369330 -0.6211101 0.1718442
29949.529000 3.0045073 -2.8161206 1.3239791 -0.2015036 0.7376803 -0.6215967 0.1698283
29949.628000 3.0050419 -2.8159179 1.3239789 -0.2038996 0.7370299 -0.6210337 0.1718400
29949.728000 3.0051583 -2.8155046 1.3239993 -0.2039921 0.7369483 -0.6211077 0.1718128
29949.828000 3.0045120 -2.8161258 1.3239774 -0.2014993 0.7376983 -0.6215811 0.1698120
29949.928000 3.0052254 -2.8157417 1.3239790 -0.2039193 0.7370085 -0.6210773 0.1717510
29950.028000 3.0052271 -2.8156077 1.3239874 -0.2040297 0.7369655 -0.6210676 0.1718392
29950.128000 3.0046667 -2.8158216 1.3239888 -0.2016107 0.7376127 -0.6216475 0.1698089
29950.228000 3.0049985 -2.8158882 1.3239832 -0.2037693 0.7370339 -0.6210962 0.1717517
29950.329000 3.0050031 -2.8158000 1.3239894 -0.2039421 0.7369848 -0.6210555 0.1719043
29950.428000 3.0046096 -2.8157719 1.3239953 -0.2015294 0.7376176 -0.6216849 0.1697472
29950.528000 3.0051880 -2.8156371 1.3239871 -0.2038396 0.7370154 -0.6211205 0.1716599
29950.628000 3.0051789 -2.8155485 1.3239937 -0.2039477 0.7369829 -0.6210970 0.1717559
29950.728000 3.0046332 -2.8158151 1.3239893 -0.2014857 0.7376669 -0.6216602 0.1696750
29950.828000 3.0051767 -2.8156306 1.3239875 -0.2038574 0.7370211 -0.6211047 0.1716714
29950.928000 3.0051750 -2.8155323 1.3239939 -0.2039720 0.7369855 -0.6210825 0.1717683
29951.028000 3.0045347 -2.8161517 1.3239740 -0.2015272 0.7377121 -0.6215561 0.1698107
29951.128000 3.0051843 -2.8156931 1.3239858 -0.2038306 0.7370100 -0.6211282 0.1716656
29951.228000 3.0051920 -2.8155698 1.3239928 -0.2039464 0.7369702 -0.6211128 0.1717550
29951.328000 3.0046323 -2.8157964 1.3239929 -0.2015230 0.7376184 -0.6216925 0.1697234
29951.428000 3.0051590 -2.8155305 1.3239988 -0.2039383 0.7369152 -0.6211735 0.1717808
29951.528000 3.0051341 -2.8154493 1.3240053 -0.2039893 0.7368988 -0.6211629 0.1718289
29951.628000 3.0046310 -2.8157035 1.3240005 -0.2017055 0.7375350 -0.6216845 0.1698985
29951.728000 3.0050184 -2.8158988 1.3239816 -0.2037438 0.7370441 -0.6211053 0.1717049
29951.829000 3.0051276 -2.8154613 1.3240036 -0.2039754 0.7369169 -0.6211510 0.1718105
29951.928000 3.0045105 -2.8160835 1.3239820 -0.2015661 0.7376533 -0.6215981 0.1698664
29952.028000 3.0051598 -2.8156137 1.3239929 -0.2038776 0.7369737 -0.6211422 0.1717150
29952.128000 3.0050634 -2.8158480 1.3239837 -0.2039574 0.7370078 -0.6210324 0.1718711
29952.228000 3.0045389 -2.8161084 1.3239789 -0.2016431 0.7376483 -0.6215634 0.1699236
29952.328000 3.0051428 -2.8155763 1.3239939 -0.2038993 0.7369599 -0.6211448 0.1717391
29952.428000 3.0051470 -2.8154593 1.3240009 -0.2040325 0.7369161 -0.6211234 0.1718463
29952.528000 3.0046361 -2.8157805 1.3239915 -0.2016121 0.7376012 -0.6216632 0.1697994
29952.628000 3.0052200 -2.8156930 1.3239808 -0.2038614 0.7370089 -0.6211135 0.1716866
29952.728000 3.0052133 -2.8156027 1.3239874 -0.2039981 0.7369682 -0.6210840 0.1718060
29952.828000 3.0045787 -2.8162315 1.3239674 -0.2015064 0.7377089 -0.6215711 0.1697940
29952.928000 3.0052094 -2.8157031 1.3239845 -0.2038156 0.7369845 -0.6211665 0.1716546
29953.028000 3.0052106 -2.8155941 1.3239917 -0.2039643 0.7369369 -0.6211398 0.1717786
29953.128000 3.0045767 -2.8162084 1.3239706 -0.2015248 0.7376897 -0.6215852 0.1698041
29953.228000 3.0051850 -2.8156364 1.3239868 -0.2038500 0.7370007 -0.6211319 0.1716692
29953.329000 3.0051018 -2.8159025 1.3239764 -0.2039575 0.7370351 -0.6210063 0.1718480
29953.428000 3.0045960 -2.8161988 1.3239694 -0.2016628 0.7376761 -0.6215257 0.1699172
29953.528000 3.0052348 -2.8156851 1.3239825 -0.2039730 0.7369747 -0.6210913 0.1717814
29953.628000 3.0052049 -2.8155931 1.3239893 -0.2039903 0.7369643 -0.6210943 0.1717946
29953.728000 3.0046730 -2.8158670 1.3239829 -0.2015990 0.7376443 -0.6216262 0.1697635
29953.828000 3.0051379 -2.8160639 1.3239597 -0.2037864 0.7371453 -0.6209818 0.1716669
29953.928000 3.0052202 -2.8156060 1.3239836 -0.2040421 0.7370017 -0.6210304 0.1718041
29954.028000 3.0052348 -2.8156195 1.3239808 -0.2040065 0.7370100 -0.6210414 0.1717704
29954.128000 3.0046983 -2.8159005 1.3239768 -0.2015985 0.7376648 -0.6216062 0.1697480
29954.229000 3.0051947 -2.8161171 1.3239568 -0.2038914 0.7370866 -0.6209857 0.1717802
29954.328000 3.0051597 -2.8160123 1.3239659 -0.2039866 0.7370536 -0.6209689 0.1718693
29954.428000 3.0046692 -2.8158665 1.3239840 -0.2016386 0.7376134 -0.6216354 0.1698169
29954.528000 3.0051671 -2.8156056 1.3239894 -0.2038879 0.7369645 -0.6211449 0.1717325
29954.628000 3.0051741 -2.8155103 1.3239959 -0.2040793 0.7369077 -0.6211043 0.1718958
29954.728000 3.0046584 -2.8158429 1.3239863 -0.2016294 0.7376053 -0.6216491 0.1698131
29954.828000 3.0051813 -2.8161375 1.3239565 -0.2037754 0.7371242 -0.6210081 0.1716754
29954.928000 3.0051925 -2.8160588 1.3239621 -0.2039915 0.7370645 -0.6209562 0.1718624
29955.028000 3.0046874 -2.8158793 1.3239838 -0.2016730 0.7375976 -0.6216358 0.1698431
29955.128000 3.0051362 -2.8156239 1.3239941 -0.2038572 0.7369457 -0.6211788 0.1717271
29955.228000 3.0051490 -2.8154921 1.3240010 -0.2040189 0.7368901 -0.6211568 0.1718531
29955.328000 3.0046190 -2.8157457 1.3239981 -0.2016688 0.7375339 -0.6217063 0.1698669
29955.428000 3.0051369 -2.8155366 1.3239993 -0.2038722 0.7369157 -0.6212106 0.1717230
29955.528000 3.0051362 -2.8154456 1.3240057 -0.2040289 0.7368684 -0.6211782 0.1718567
29955.628000 3.0046145 -2.8157505 1.3239966 -0.2016257 0.7375617 -0.6217023 0.1698119
29955.728000 3.0051616 -2.8156229 1.3239872 -0.2038002 0.7370111 -0.6211497 0.1716190
29955.828000 3.0051765 -2.8155243 1.3239935 -0.2040244 0.7369450 -0.6211019 0.1718097
29955.928000 3.0046603 -2.8158370 1.3239856 -0.2016401 0.7376096 -0.6216435 0.1698022
29956.028000 3.0052265 -2.8157191 1.3239781 -0.2038720 0.7370033 -0.6211149 0.1716932
29956.128000 3.0051949 -2.8160275 1.3239635 -0.2040025 0.7370461 -0.6209715 0.1718731
29956.228000 3.0046910 -2.8158815 1.3239816 -0.2017113 0.7375958 -0.6216166 0.1698758
29956.328000 3.0051942 -2.8156566 1.3239844 -0.2039298 0.7369766 -0.6211107 0.1717547
29956.428000 3.0051871 -2.8155569 1.3239910 -0.2040535 0.7369363 -0.6210892 0.1718583
29956.528000 3.0046547 -2.8158134 1.3239889 -0.2016894 0.7375680 -0.6216588 0.1698684
29956.628000 3.0051600 -2.8156173 1.3239918 -0.2038137 0.7369431 -0.6212122 0.1716692
29956.728000 3.0051415 -2.8159395 1.3239760 -0.2039476 0.7369897 -0.6210635 0.1718480
29956.828000 3.0046465 -2.8158311 1.3239880 -0.2016319 0.7375816 -0.6216755 0.1698160
29956.929000 3.0052071 -2.8156942 1.3239783 -0.2039013 0.7370192 -0.6210830 0.1717058
29957.028000 3.0052106 -2.8155892 1.3239849 -0.2040699 0.7369665 -0.6210509 0.1718475
29957.129000 3.0046579 -2.8162733 1.3239592 -0.2016600 0.7377107 -0.6214951 0.1698822
29957.228000 3.0051819 -2.8160813 1.3239602 -0.2038678 0.7370804 -0.6210076 0.1717554
29957.329000 3.0051755 -2.8155760 1.3239890 -0.2039972 0.7369510 -0.6211042 0.1718078
29957.428000 3.0046485 -2.8162799 1.3239602 -0.2015699 0.7377129 -0.6215418 0.1698087
29957.528000 3.0052088 -2.8161617 1.3239538 -0.2037570 0.7371193 -0.6210292 0.1716418
29957.628000 3.0052269 -2.8156385 1.3239833 -0.2040191 0.7369511 -0.6210965 0.1718091
29957.728000 3.0046503 -2.8158494 1.3239856 -0.2015911 0.7375902 -0.6216885 0.1697795
29957.828000 3.0051370 -2.8155805 1.3239946 -0.2038671 0.7369122 -0.6212118 0.1717396
29957.928000 3.0051388 -2.8154835 1.3240010 -0.2040354 0.7368611 -0.6211773 0.1718838
29958.028000 3.0046219 -2.8157572 1.3239941 -0.2016918 0.7375334 -0.6216938 0.1698872
29958.128000 3.0051470 -2.8160305 1.3239649 -0.2037699 0.7370961 -0.6210480 0.1716583
29958.228000 3.0051526 -2.8155178 1.3239939 -0.2040242 0.7369312 -0.6211138 0.1718261
29958.329000 3.0046484 -2.8162368 1.3239631 -0.2016294 0.7376929 -0.6215325 0.1698593
29958.428000 3.0051904 -2.8161454 1.3239552 -0.2037752 0.7371172 -0.6210149 0.1716812
29958.529000 3.0052079 -2.8160476 1.3239612 -0.2040012 0.7370515 -0.6209653 0.1718741
29958.628000 3.0046597 -2.8162902 1.3239602 -0.2016086 0.7376906 -0.6215413 0.1698617
29958.728000 3.0051521 -2.8156291 1.3239897 -0.2038774 0.7369275 -0.6211896 0.1717421
29958.829000 3.0051526 -2.8155136 1.3239969 -0.2040382 0.7368746 -0.6211621 0.1718777
29958.928000 3.0051663 -2.8155325 1.3239936 -0.2040082 0.7368838 -0.6211684 0.1718509
29959.028000 3.0046359 -2.8158213 1.3239865 -0.2015984 0.7375658 -0.6217067 0.1698103
29959.128000 3.0051756 -2.8157047 1.3239805 -0.2038048 0.7369829 -0.6211700 0.1716616
29959.228000 3.0051597 -2.8155724 1.3239900 -0.2039611 0.7369290 -0.6211452 0.1717968
29959.329000 3.0046157 -2.8158347 1.3239858 -0.2015437 0.7376043 -0.6216952 0.1697498
29959.428000 3.0051230 -2.8157043 1.3239844 -0.2037314 0.7370232 -0.6211648 0.1715942
29959.528000 3.0047692 -2.8152198 1.3240414 -0.2040003 0.7368752 -0.6211652 0.1719087
29959.628000 3.0042229 -2.8150569 1.3240588 -0.2016976 0.7374298 -0.6218057 0.1699206
29959.728000 3.0047429 -2.8150506 1.3240499 -0.2039177 0.7368744 -0.6212200 0.1718123
29959.828000 3.0051915 -2.8155896 1.3239829 -0.2040864 0.7369560 -0.6210503 0.1718754
29959.928000 3.0046802 -2.8162581 1.3239587 -0.2016537 0.7376945 -0.6215194 0.1698712
29960.028000 3.0051224 -2.8159295 1.3239811 -0.2038267 0.7370015 -0.6211190 0.1717401
29960.129000 3.0047591 -2.8152058 1.3240455 -0.2039854 0.7368336 -0.6212163 0.1719202
29960.228000 3.0042477 -2.8155200 1.3240335 -0.2015777 0.7375420 -0.6217252 0.1698708
29960.328000 3.0047606 -2.8151105 1.3240441 -0.2039046 0.7368937 -0.6212048 0.1717998
29960.428000 3.0051911 -2.8156565 1.3239766 -0.2039793 0.7369996 -0.6210596 0.1717818
29960.528000 3.0046461 -2.8158563 1.3239790 -0.2016735 0.7376129 -0.6216154 0.1698506
29960.628000 3.0051580 -2.8159250 1.3239771 -0.2040129 0.7369972 -0.6210201 0.1718946
29960.728000 3.0047736 -2.8152116 1.3240414 -0.2041041 0.7368495 -0.6211298 0.1720235
29960.828000 3.0042382 -2.8154799 1.3240357 -0.2016715 0.7375279 -0.6216861 0.1699635
29960.928000 3.0046556 -2.8148884 1.3240590 -0.2037704 0.7368529 -0.6213230 0.1717066
29961.028000 3.0052001 -2.8159850 1.3239628 -0.2040253 0.7370393 -0.6209695 0.1718826
29961.128000 3.0046095 -2.8158148 1.3239852 -0.2016783 0.7375843 -0.6216417 0.1698730
29961.228000 3.0051982 -2.8161223 1.3239565 -0.2037673 0.7371161 -0.6210273 0.1716504
29961.328000 3.0047860 -2.8152523 1.3240378 -0.2040252 0.7368827 -0.6211406 0.1719360
29961.428000 3.0041618 -2.8151083 1.3240577 -0.2015300 0.7374761 -0.6218359 0.1698080
29961.528000 3.0047096 -2.8149420 1.3240545 -0.2038762 0.7368416 -0.6212785 0.1717906
29961.628000 3.0051703 -2.8156188 1.3239837 -0.2040566 0.7369464 -0.6210717 0.1718748
29961.728000 3.0046463 -2.8158871 1.3239783 -0.2016860 0.7376118 -0.6216088 0.1698649
29961.828000 3.0051775 -2.8157732 1.3239701 -0.2038179 0.7370511 -0.6210901 0.1716424
29961.928000 3.0052985 -2.8161155 1.3239493 -0.2040653 0.7370864 -0.6209039 0.1718699
29962.028000 3.0046796 -2.8159586 1.3239699 -0.2017015 0.7376440 -0.6215654 0.1698652
29962.128000 3.0051940 -2.8157710 1.3239676 -0.2039584 0.7370320 -0.6210290 0.1717780
29962.228000 3.0053018 -2.8161095 1.3239475 -0.2041246 0.7370880 -0.6208656 0.1719313
29962.328000 3.0046674 -2.8159320 1.3239726 -0.2017401 0.7376264 -0.6215621 0.1699084
29962.428000 3.0052109 -2.8161307 1.3239546 -0.2037534 0.7371384 -0.6210149 0.1716156
29962.528000 3.0046641 -2.8148378 1.3240622 -0.2038970 0.7368291 -0.6212827 0.1718045
29962.628000 3.0041598 -2.8150697 1.3240593 -0.2016515 0.7374427 -0.6218059 0.1699189
29962.729000 3.0046632 -2.8148759 1.3240594 -0.2039402 0.7368032 -0.6212808 0.1718709
29962.828000 3.0051193 -2.8155532 1.3239894 -0.2040980 0.7369127 -0.6210823 0.1719318
29962.928000 3.0046203 -2.8158310 1.3239825 -0.2017981 0.7375703 -0.6215902 0.1699802
29963.028000 3.0052645 -2.8161523 1.3239484 -0.2039421 0.7371288 -0.6209220 0.1717693
29963.128000 3.0048437 -2.8153083 1.3240272 -0.2041155 0.7369248 -0.6210464 0.1719888
29963.228000 3.0043409 -2.8155278 1.3240274 -0.2018904 0.7375115 -0.6215900 0.1701265
29963.328000 3.0047645 -2.8152969 1.3240378 -0.2037863 0.7369274 -0.6212190 0.1717446
29963.428000 3.0046196 -2.8147994 1.3240681 -0.2039327 0.7367744 -0.6213122 0.1718898
29963.528000 3.0047659 -2.8152317 1.3240396 -0.2039114 0.7368867 -0.6211926 0.1718659
29963.629000 3.0042464 -2.8155032 1.3240341 -0.2015377 0.7375660 -0.6217160 0.1698474
29963.728000 3.0033316 -2.8159478 1.3240269 -0.1974448 0.7387122 -0.6226082 0.1663697
29963.828000 3.0033490 -2.8159644 1.3240240 -0.1974177 0.7387254 -0.6226080 0.1663439
29963.929000 3.0033666 -2.8159791 1.3240213 -0.1973950 0.7387383 -0.6226059 0.1663214
29964.028000 3.0032594 -2.8155806 1.3240441 -0.1973691 0.7386470 -0.6227275 0.1663024
29964.128000 3.0033987 -2.8160009 1.3240164 -0.1973497 0.7387648 -0.6226011 0.1662754
29964.229000 3.0032906 -2.8156012 1.3240393 -0.1973246 0.7386741 -0.6227216 0.1662568
29964.328000 3.0033024 -2.8155994 1.3240377 -0.1973018 0.7386854 -0.6227217 0.1662335
29964.428000 3.0034428 -2.8160263 1.3240097 -0.1972834 0.7388057 -0.6225919 0.1662069
29964.528000 3.0034616 -2.8160493 1.3240066 -0.1972613 0.7388236 -0.6225839 0.1661837
29964.628000 3.0033521 -2.8156467 1.3240298 -0.1972356 0.7387333 -0.6227042 0.1661643
29964.728000 3.0034863 -2.8160545 1.3240029 -0.1972167 0.7388492 -0.6225798 0.1661378
29964.829000 3.0035035 -2.8160749 1.3240001 -0.1971945 0.7388666 -0.6225724 0.1661147
29964.928000 3.0035143 -2.8160778 1.3239986 -0.1971718 0.7388790 -0.6225708 0.1660923
29965.028000 3.0034106 -2.8156810 1.3240207 -0.1971476 0.7387923 -0.6226870 0.1660712
29965.128000 3.0035450 -2.8160936 1.3239937 -0.1971284 0.7389093 -0.6225613 0.1660450
29965.228000 3.0035617 -2.8161130 1.3239910 -0.1971062 0.7389264 -0.6225541 0.1660220
29965.328000 3.0034508 -2.8157077 1.3240145 -0.1970804 0.7388357 -0.6226750 0.1660028
29965.428000 3.0035836 -2.8161134 1.3239879 -0.1970614 0.7389512 -0.6225511 0.1659763
29965.528000 3.0036003 -2.8161330 1.3239851 -0.1970392 0.7389684 -0.6225438 0.1659534
29965.628000 3.0036129 -2.8161392 1.3239832 -0.1970168 0.7389822 -0.6225405 0.1659306
29965.728000 3.0035005 -2.8157288 1.3240071 -0.1969907 0.7388902 -0.6226631 0.1659112
29965.829000 3.0035091 -2.8157220 1.3240060 -0.1969684 0.7389006 -0.6226639 0.1658888
29965.928000 3.0036461 -2.8161437 1.3239784 -0.1969494 0.7390198 -0.6225353 0.1658624
29966.028000 3.0036621 -2.8161619 1.3239758 -0.1969270 0.7390365 -0.6225287 0.1658396
29966.128000 3.0035479 -2.8157465 1.3240000 -0.1969011 0.7389430 -0.6226529 0.1658206
29966.229000 3.0036819 -2.8161590 1.3239730 -0.1968819 0.7390598 -0.6225273 0.1657945
29966.328000 3.0036974 -2.8161763 1.3239705 -0.1968595 0.7390762 -0.6225210 0.1657718
29966.428000 3.0037089 -2.8161806 1.3239688 -0.1968369 0.7390892 -0.6225187 0.1657492
29966.528000 3.0037202 -2.8161847 1.3239671 -0.1968143 0.7391021 -0.6225166 0.1657267
29966.628000 3.0037315 -2.8161885 1.3239655 -0.1967916 0.7391149 -0.6225145 0.1657042
29966.728000 3.0036179 -2.8157761 1.3239897 -0.1967658 0.7390218 -0.6226381 0.1656856
29966.828000 3.0037497 -2.8161827 1.3239631 -0.1967462 0.7391369 -0.6225146 0.1656595
29966.928000 3.0036410 -2.8157867 1.3239863 -0.1967202 0.7390480 -0.6226334 0.1656406
29967.028000 3.0036467 -2.8157726 1.3239858 -0.1966974 0.7390561 -0.6226369 0.1656184
29967.128000 3.0037817 -2.8161914 1.3239584 -0.1966780 0.7391741 -0.6225098 0.1655924
29967.229000 3.0036704 -2.8157866 1.3239822 -0.1966519 0.7390829 -0.6226314 0.1655737
29967.328000 3.0038026 -2.8161966 1.3239555 -0.1966324 0.7391985 -0.6225071 0.1655479
29967.429000 3.0038166 -2.8162115 1.3239532 -0.1966097 0.7392138 -0.6225021 0.1655256
29967.528000 3.0037011 -2.8157930 1.3239779 -0.1965835 0.7391190 -0.6226279 0.1655070
29967.628000 3.0038329 -2.8162024 1.3239512 -0.1965639 0.7392344 -0.6225039 0.1654813
29967.728000 3.0038466 -2.8162166 1.3239490 -0.1965411 0.7392494 -0.6224992 0.1654591
29967.828000 3.0037308 -2.8157976 1.3239738 -0.1965148 0.7391543 -0.6226253 0.1654406
29967.928000 3.0038622 -2.8162064 1.3239471 -0.1964952 0.7392694 -0.6225016 0.1654150
29968.028000 3.0038755 -2.8162201 1.3239450 -0.1964724 0.7392842 -0.6224971 0.1653929
29968.128000 3.0037595 -2.8158005 1.3239698 -0.1964460 0.7391889 -0.6226236 0.1653744
29968.228000 3.0037663 -2.8157924 1.3239691 -0.1964230 0.7391980 -0.6226258 0.1653525
29968.328000 3.0038996 -2.8162091 1.3239419 -0.1964033 0.7393150 -0.6224999 0.1653270
29968.428000 3.0039126 -2.8162222 1.3239399 -0.1963804 0.7393295 -0.6224958 0.1653049
29968.528000 3.0039216 -2.8162223 1.3239387 -0.1963574 0.7393406 -0.6224956 0.1652830
29968.628000 3.0038065 -2.8158061 1.3239634 -0.1963312 0.7392459 -0.6226212 0.1652649
29968.728000 3.0039355 -2.8162091 1.3239371 -0.1963112 0.7393593 -0.6224995 0.1652394
29968.828000 3.0039481 -2.8162215 1.3239351 -0.1962882 0.7393735 -0.6224958 0.1652175
29968.928000 3.0039567 -2.8162210 1.3239340 -0.1962651 0.7393843 -0.6224960 0.1651956
29969.028000 3.0039653 -2.8162202 1.3239328 -0.1962420 0.7393951 -0.6224963 0.1651739
29969.128000 3.0038510 -2.8158072 1.3239574 -0.1962156 0.7393011 -0.6226210 0.1651556
29969.229000 3.0039782 -2.8162053 1.3239315 -0.1961956 0.7394131 -0.6225010 0.1651305
29969.328000 3.0039904 -2.8162171 1.3239296 -0.1961725 0.7394269 -0.6224976 0.1651087
29969.428000 3.0038783 -2.8158116 1.3239537 -0.1961461 0.7393348 -0.6226202 0.1650904
29969.528000 3.0040027 -2.8162010 1.3239283 -0.1961261 0.7394444 -0.6225029 0.1650654
29969.628000 3.0040147 -2.8162126 1.3239264 -0.1961030 0.7394581 -0.6224997 0.1650437
29969.728000 3.0040226 -2.8162108 1.3239254 -0.1960797 0.7394684 -0.6225005 0.1650220
29969.828000 3.0040305 -2.8162089 1.3239244 -0.1960565 0.7394787 -0.6225014 0.1650004
29969.928000 3.0040382 -2.8162069 1.3239235 -0.1960333 0.7394888 -0.6225024 0.1649789
29970.028000 3.0040459 -2.8162047 1.3239225 -0.1960100 0.7394989 -0.6225034 0.1649573
29970.128000 3.0039299 -2.8157862 1.3239475 -0.1959837 0.7394032 -0.6226301 0.1649394
29970.228000 3.0040573 -2.8161870 1.3239214 -0.1959634 0.7395157 -0.6225096 0.1649144
29970.328000 3.0040685 -2.8161973 1.3239197 -0.1959402 0.7395289 -0.6225070 0.1648928
29970.428000 3.0040759 -2.8161946 1.3239188 -0.1959168 0.7395387 -0.6225083 0.1648713
29970.528000 3.0040833 -2.8161917 1.3239179 -0.1958935 0.7395485 -0.6225096 0.1648498
29970.628000 3.0040905 -2.8161888 1.3239171 -0.1958702 0.7395583 -0.6225111 0.1648284
29970.728000 3.0039730 -2.8157652 1.3239424 -0.1958436 0.7394613 -0.6226394 0.1648105
29970.828000 3.0039776 -2.8157533 1.3239421 -0.1958201 0.7394687 -0.6226436 0.1647892
29970.928000 3.0039846 -2.8157501 1.3239413 -0.1957970 0.7394782 -0.6226452 0.1647680
29971.028000 3.0039916 -2.8157466 1.3239405 -0.1957734 0.7394878 -0.6226469 0.1647464
29971.128000 3.0041219 -2.8161592 1.3239137 -0.1957533 0.7396029 -0.6225230 0.1647216
29971.228000 3.0041326 -2.8161685 1.3239121 -0.1957300 0.7396157 -0.6225209 0.1647002
29971.328000 3.0041394 -2.8161648 1.3239113 -0.1957066 0.7396251 -0.6225227 0.1646789
29971.428000 3.0040240 -2.8157487 1.3239363 -0.1956800 0.7395298 -0.6226490 0.1646610
29971.528000 3.0041489 -2.8161439 1.3239106 -0.1956596 0.7396404 -0.6225305 0.1646365
29971.628000 3.0041593 -2.8161528 1.3239090 -0.1956363 0.7396529 -0.6225286 0.1646151
29971.728000 3.0041659 -2.8161486 1.3239083 -0.1956129 0.7396621 -0.6225306 0.1645939
29971.828000 3.0041723 -2.8161443 1.3239076 -0.1955894 0.7396713 -0.6225328 0.1645726
29971.928000 3.0041788 -2.8161399 1.3239069 -0.1955660 0.7396804 -0.6225349 0.1645515
29972.028000 3.0041851 -2.8161354 1.3239062 -0.1955425 0.7396894 -0.6225371 0.1645303
29972.128000 3.0041915 -2.8161307 1.3239055 -0.1955188 0.7396985 -0.6225394 0.1645089
29972.228000 3.0040734 -2.8157056 1.3239311 -0.1954923 0.7396007 -0.6226686 0.1644914
29972.328000 3.0042001 -2.8161086 1.3239049 -0.1954719 0.7397131 -0.6225479 0.1644669
29972.428000 3.0040883 -2.8157042 1.3239292 -0.1954454 0.7396207 -0.6226708 0.1644491
29972.528000 3.0040894 -2.8156822 1.3239296 -0.1954217 0.7396252 -0.6226784 0.1644281
29972.628000 3.0042183 -2.8160935 1.3239030 -0.1954014 0.7397396 -0.6225553 0.1644036
29972.729000 3.0042281 -2.8161013 1.3239016 -0.1953780 0.7397517 -0.6225539 0.1643824
29972.828000 3.0041100 -2.8156755 1.3239272 -0.1953513 0.7396537 -0.6226833 0.1643648
29972.928000 3.0041133 -2.8156615 1.3239272 -0.1953277 0.7396602 -0.6226886 0.1643438
29973.028000 3.0042420 -2.8160724 1.3239006 -0.1953073 0.7397744 -0.6225657 0.1643194
29973.128000 3.0042516 -2.8160799 1.3238992 -0.1952839 0.7397863 -0.6225644 0.1642983
29973.228000 3.0041334 -2.8156537 1.3239249 -0.1952571 0.7396882 -0.6226941 0.1642807
29973.328000 3.0041365 -2.8156394 1.3239249 -0.1952335 0.7396945 -0.6226995 0.1642598
29973.428000 3.0041422 -2.8156337 1.3239243 -0.1952101 0.7397030 -0.6227022 0.1642390
29973.528000 3.0042704 -2.8160440 1.3238977 -0.1951895 0.7398171 -0.6225796 0.1642145
29973.628000 3.0042799 -2.8160513 1.3238964 -0.1951660 0.7398288 -0.6225785 0.1641934
29973.728000 3.0042854 -2.8160453 1.3238958 -0.1951425 0.7398372 -0.6225815 0.1641725
29973.828000 3.0042909 -2.8160393 1.3238953 -0.1951189 0.7398456 -0.6225845 0.1641516
29973.928000 3.0042963 -2.8160332 1.3238948 -0.1950953 0.7398539 -0.6225875 0.1641307
29974.028000 3.0043017 -2.8160270 1.3238943 -0.1950717 0.7398622 -0.6225905 0.1641098
29974.128000 3.0041833 -2.8156001 1.3239201 -0.1950449 0.7397638 -0.6227205 0.1640923
29974.228000 3.0043086 -2.8160017 1.3238941 -0.1950244 0.7398755 -0.6226006 0.1640681
29974.328000 3.0041940 -2.8155873 1.3239191 -0.1949977 0.7397802 -0.6227267 0.1640505
29974.428000 3.0043192 -2.8159888 1.3238931 -0.1949772 0.7398918 -0.6226069 0.1640264
29974.528000 3.0043281 -2.8159951 1.3238919 -0.1949536 0.7399032 -0.6226063 0.1640055
29974.628000 3.0042121 -2.8155761 1.3239172 -0.1949269 0.7398067 -0.6227339 0.1639880
29974.728000 3.0043346 -2.8159688 1.3238918 -0.1949063 0.7399161 -0.6226167 0.1639640
29974.828000 3.0042212 -2.8155587 1.3239166 -0.1948799 0.7398217 -0.6227416 0.1639466
29974.928000 3.0043448 -2.8159555 1.3238909 -0.1948590 0.7399322 -0.6226233 0.1639224
29975.028000 3.0043536 -2.8159615 1.3238896 -0.1948355 0.7399434 -0.6226228 0.1639015
29975.128000 3.0043586 -2.8159546 1.3238892 -0.1948119 0.7399514 -0.6226262 0.1638808
29975.228000 3.0043635 -2.8159477 1.3238888 -0.1947882 0.7399593 -0.6226296 0.1638600
29975.328000 3.0042450 -2.8155199 1.3239147 -0.1947614 0.7398605 -0.6227600 0.1638426
29975.428000 3.0042474 -2.8155041 1.3239148 -0.1947377 0.7398662 -0.6227661 0.1638219
29975.528000 3.0042522 -2.8154971 1.3239144 -0.1947143 0.7398740 -0.6227695 0.1638014
29975.628000 3.0043792 -2.8159064 1.3238880 -0.1946935 0.7399875 -0.6226475 0.1637772
29975.728000 3.0043878 -2.8159120 1.3238868 -0.1946700 0.7399986 -0.6226472 0.1637564
29975.828000 3.0043925 -2.8159047 1.3238864 -0.1946463 0.7400064 -0.6226508 0.1637358
29975.928000 3.0043973 -2.8158974 1.3238860 -0.1946226 0.7400141 -0.6226544 0.1637151
29976.028000 3.0042812 -2.8154775 1.3239115 -0.1945959 0.7399173 -0.6227824 0.1636976
29976.129000 3.0042809 -2.8154530 1.3239122 -0.1945721 0.7399207 -0.6227912 0.1636771
29976.228000 3.0044075 -2.8158622 1.3238857 -0.1945515 0.7400340 -0.6226693 0.1636532
29976.328000 3.0044159 -2.8158674 1.3238846 -0.1945280 0.7400449 -0.6226691 0.1636325
29976.428000 3.0044205 -2.8158598 1.3238842 -0.1945043 0.7400525 -0.6226729 0.1636119
29976.528000 3.0044250 -2.8158522 1.3238839 -0.1944806 0.7400601 -0.6226766 0.1635913
29976.628000 3.0043077 -2.8154279 1.3239096 -0.1944541 0.7399620 -0.6228060 0.1635741
29976.728000 3.0043085 -2.8154072 1.3239101 -0.1944301 0.7399664 -0.6228137 0.1635534
29976.828000 3.0043130 -2.8153995 1.3239098 -0.1944066 0.7399739 -0.6228175 0.1635330
29976.928000 3.0044392 -2.8158082 1.3238834 -0.1943858 0.7400871 -0.6226958 0.1635090
29977.028000 3.0044474 -2.8158132 1.3238823 -0.1943622 0.7400978 -0.6226958 0.1634883
29977.128000 3.0044518 -2.8158054 1.3238820 -0.1943387 0.7401053 -0.6226997 0.1634680
29977.228000 3.0044562 -2.8157973 1.3238817 -0.1943148 0.7401128 -0.6227036 0.1634472
29977.328000 3.0044605 -2.8157893 1.3238814 -0.1942911 0.7401202 -0.6227076 0.1634267
29977.428000 3.0043420 -2.8153603 1.3239074 -0.1942644 0.7400210 -0.6228384 0.1634094
29977.528000 3.0044631 -2.8157523 1.3238821 -0.1942436 0.7401298 -0.6227218 0.1633858
29977.629000 3.0044734 -2.8157650 1.3238805 -0.1942201 0.7401424 -0.6227195 0.1633651
29977.728000 3.0043550 -2.8153359 1.3239065 -0.1941933 0.7400431 -0.6228504 0.1633478
29977.828000 3.0044782 -2.8157358 1.3238807 -0.1941726 0.7401539 -0.6227314 0.1633242
29977.928000 3.0044862 -2.8157403 1.3238797 -0.1941490 0.7401645 -0.6227316 0.1633036
29978.028000 3.0044903 -2.8157321 1.3238794 -0.1941255 0.7401717 -0.6227356 0.1632833
29978.128000 3.0044945 -2.8157237 1.3238791 -0.1941016 0.7401791 -0.6227398 0.1632627
29978.228000 3.0044987 -2.8157153 1.3238789 -0.1940779 0.7401863 -0.6227439 0.1632422
29978.328000 3.0045028 -2.8157068 1.3238786 -0.1940540 0.7401936 -0.6227481 0.1632216
29978.428000 3.0045069 -2.8156985 1.3238784 -0.1940305 0.7402008 -0.6227522 0.1632013
29978.528000 3.0045110 -2.8156900 1.3238781 -0.1940068 0.7402080 -0.6227563 0.1631809
29978.629000 3.0045151 -2.8156815 1.3238779 -0.1939831 0.7402152 -0.6227605 0.1631604
29978.728000 3.0045191 -2.8156729 1.3238776 -0.1939594 0.7402224 -0.6227647 0.1631400
29978.828000 3.0045232 -2.8156643 1.3238774 -0.1939357 0.7402296 -0.6227689 0.1631196
29978.929000 3.0045272 -2.8156557 1.3238772 -0.1939120 0.7402367 -0.6227731 0.1630992
29979.028000 3.0044088 -2.8152260 1.3239033 -0.1938853 0.7401372 -0.6229042 0.1630820
29979.128000 3.0044103 -2.8152086 1.3239036 -0.1938616 0.7401421 -0.6229111 0.1630616
29979.228000 3.0045353 -2.8156166 1.3238773 -0.1938409 0.7402548 -0.6227898 0.1630381
29979.328000 3.0045430 -2.8156209 1.3238763 -0.1938172 0.7402652 -0.6227901 0.1630177
29979.428000 3.0045470 -2.8156121 1.3238761 -0.1937936 0.7402723 -0.6227944 0.1629973
29979.528000 3.0045509 -2.8156033 1.3238758 -0.1937699 0.7402793 -0.6227987 0.1629769
29979.628000 3.0045548 -2.8155945 1.3238756 -0.1937462 0.7402864 -0.6228031 0.1629566
29979.728000 3.0045586 -2.8155857 1.3238754 -0.1937227 0.7402933 -0.6228074 0.1629364
29979.828000 3.0045625 -2.8155767 1.3238752 -0.1936988 0.7403004 -0.6228117 0.1629159
29979.928000 3.0044466 -2.8151550 1.3239009 -0.1936722 0.7402029 -0.6229405 0.1628986
29980.028000 3.0045664 -2.8155458 1.3238757 -0.1936513 0.7403111 -0.6228244 0.1628753
29980.128000 3.0045740 -2.8155498 1.3238747 -0.1936277 0.7403214 -0.6228249 0.1628549
29980.228000 3.0045778 -2.8155408 1.3238745 -0.1936040 0.7403284 -0.6228293 0.1628346
29980.328000 3.0045816 -2.8155318 1.3238743 -0.1935803 0.7403353 -0.6228337 0.1628143
29980.428000 3.0044657 -2.8151099 1.3238999 -0.1935537 0.7402377 -0.6229625 0.1627970
29980.528000 3.0045853 -2.8155006 1.3238747 -0.1935329 0.7403459 -0.6228465 0.1627738
29980.628000 3.0045928 -2.8155045 1.3238737 -0.1935093 0.7403561 -0.6228470 0.1627534
29980.728000 3.0045965 -2.8154953 1.3238736 -0.1934856 0.7403630 -0.6228514 0.1627332
29980.829000 3.0046002 -2.8154862 1.3238734 -0.1934619 0.7403699 -0.6228559 0.1627129
29980.928000 3.0046039 -2.8154770 1.3238732 -0.1934382 0.7403767 -0.6228604 0.1626926
29981.028000 3.0046076 -2.8154678 1.3238731 -0.1934145 0.7403836 -0.6228649 0.1626724
29981.128000 3.0044919 -2.8150457 1.3238987 -0.1933880 0.7402859 -0.6229937 0.1626551
29981.228000 3.0044906 -2.8150195 1.3238996 -0.1933644 0.7402884 -0.6230033 0.1626352
29981.329000 3.0046148 -2.8154268 1.3238734 -0.1933434 0.7404008 -0.6228824 0.1626117
29981.428000 3.0046222 -2.8154307 1.3238724 -0.1933198 0.7404109 -0.6228829 0.1625914
29981.528000 3.0046258 -2.8154213 1.3238723 -0.1932962 0.7404177 -0.6228875 0.1625712
29981.628000 3.0046295 -2.8154120 1.3238721 -0.1932725 0.7404245 -0.6228920 0.1625510
29981.728000 3.0046331 -2.8154026 1.3238720 -0.1932488 0.7404313 -0.6228966 0.1625307
29981.828000 3.0045162 -2.8149763 1.3238979 -0.1932225 0.7403324 -0.6230267 0.1625137
29981.928000 3.0046365 -2.8153709 1.3238725 -0.1932014 0.7404416 -0.6229096 0.1624904
29982.028000 3.0046438 -2.8153743 1.3238715 -0.1931778 0.7404516 -0.6229103 0.1624701
29982.128000 3.0046473 -2.8153649 1.3238714 -0.1931542 0.7404583 -0.6229149 0.1624500
29982.228000 3.0046509 -2.8153554 1.3238713 -0.1931305 0.7404651 -0.6229195 0.1624298
29982.328000 3.0045341 -2.8149289 1.3238972 -0.1931042 0.7403661 -0.6230497 0.1624128
29982.428000 3.0046542 -2.8153235 1.3238718 -0.1930831 0.7404752 -0.6229326 0.1623895
29982.528000 3.0046614 -2.8153268 1.3238709 -0.1930595 0.7404852 -0.6229333 0.1623693
29982.628000 3.0046649 -2.8153174 1.3238707 -0.1930361 0.7404918 -0.6229379 0.1623493
29982.728000 3.0046684 -2.8153077 1.3238706 -0.1930122 0.7404985 -0.6229426 0.1623290
29982.828000 3.0046719 -2.8152981 1.3238705 -0.1929886 0.7405052 -0.6229473 0.1623088
29982.928000 3.0045540 -2.8148672 1.3238967 -0.1929620 0.7404052 -0.6230788 0.1622917
29983.028000 3.0046751 -2.8152661 1.3238710 -0.1929412 0.7405153 -0.6229604 0.1622686
29983.128000 3.0046822 -2.8152692 1.3238701 -0.1929176 0.7405252 -0.6229612 0.1622484
29983.228000 3.0046857 -2.8152595 1.3238700 -0.1928940 0.7405318 -0.6229659 0.1622283
29983.328000 3.0046891 -2.8152499 1.3238699 -0.1928704 0.7405384 -0.6229706 0.1622082
29983.428000 3.0045737 -2.8148271 1.3238956 -0.1928439 0.7404405 -0.6230997 0.1621910
29983.529000 3.0046922 -2.8152174 1.3238705 -0.1928230 0.7405483 -0.6229839 0.1621680
29983.628000 3.0046993 -2.8152207 1.3238696 -0.1927995 0.7405582 -0.6229847 0.1621479
29983.728000 3.0047027 -2.8152110 1.3238694 -0.1927758 0.7405648 -0.6229894 0.1621278
29983.828000 3.0047062 -2.8152011 1.3238693 -0.1927520 0.7405715 -0.6229942 0.1621075
29983.928000 3.0047095 -2.8151914 1.3238692 -0.1927286 0.7405780 -0.6229988 0.1620876
29984.028000 3.0047129 -2.8151816 1.3238691 -0.1927050 0.7405846 -0.6230036 0.1620675
29984.128000 3.0047162 -2.8151719 1.3238690 -0.1926816 0.7405910 -0.6230083 0.1620476
29984.228000 3.0047196 -2.8151620 1.3238689 -0.1926577 0.7405977 -0.6230130 0.1620274
29984.328000 3.0047229 -2.8151522 1.3238688 -0.1926343 0.7406041 -0.6230177 0.1620075
29984.428000 3.0046078 -2.8147294 1.3238946 -0.1926077 0.7405062 -0.6231469 0.1619901
29984.528000 3.0047235 -2.8151111 1.3238700 -0.1925867 0.7406119 -0.6230337 0.1619673
29984.628000 3.0047329 -2.8151225 1.3238685 -0.1925633 0.7406238 -0.6230320 0.1619472
29984.728000 3.0047362 -2.8151126 1.3238685 -0.1925397 0.7406303 -0.6230368 0.1619271
29984.828000 3.0047395 -2.8151027 1.3238684 -0.1925161 0.7406368 -0.6230416 0.1619071
29984.928000 3.0047428 -2.8150929 1.3238683 -0.1924927 0.7406432 -0.6230463 0.1618872
29985.028000 3.0047461 -2.8150828 1.3238682 -0.1924689 0.7406498 -0.6230511 0.1618670
29985.128000 3.0047494 -2.8150729 1.3238681 -0.1924453 0.7406562 -0.6230559 0.1618470
29985.229000 3.0047527 -2.8150629 1.3238680 -0.1924217 0.7406627 -0.6230607 0.1618270
29985.328000 3.0047560 -2.8150529 1.3238679 -0.1923981 0.7406692 -0.6230655 0.1618070
29985.428000 3.0047593 -2.8150430 1.3238679 -0.1923745 0.7406756 -0.6230703 0.1617870
29985.528000 3.0047625 -2.8150330 1.3238678 -0.1923510 0.7406821 -0.6230751 0.1617670
29985.628000 3.0046452 -2.8146014 1.3238941 -0.1923246 0.7405819 -0.6232068 0.1617499
29985.728000 3.0046460 -2.8145827 1.3238945 -0.1923010 0.7405861 -0.6232142 0.1617299
29985.828000 3.0047685 -2.8149898 1.3238684 -0.1922801 0.7406981 -0.6230935 0.1617071
29985.928000 3.0047755 -2.8149928 1.3238675 -0.1922567 0.7407078 -0.6230944 0.1616870
29986.028000 3.0046582 -2.8145612 1.3238938 -0.1922303 0.7406076 -0.6232261 0.1616699
29986.128000 3.0047760 -2.8149518 1.3238686 -0.1922094 0.7407154 -0.6231103 0.1616472
29986.228000 3.0046672 -2.8145497 1.3238931 -0.1921833 0.7406226 -0.6232331 0.1616299
29986.328000 3.0047834 -2.8149354 1.3238682 -0.1921625 0.7407291 -0.6231188 0.1616075
29986.429000 3.0047916 -2.8149424 1.3238671 -0.1921389 0.7407399 -0.6231185 0.1615872
29986.528000 3.0046779 -2.8145232 1.3238926 -0.1921129 0.7406427 -0.6232465 0.1615702
29986.628000 3.0047942 -2.8149090 1.3238678 -0.1920917 0.7407493 -0.6231322 0.1615474
29986.728000 3.0048012 -2.8149120 1.3238669 -0.1920682 0.7407590 -0.6231330 0.1615274
29986.828000 3.0048044 -2.8149019 1.3238668 -0.1920447 0.7407654 -0.6231379 0.1615075
29986.928000 3.0048075 -2.8148917 1.3238668 -0.1920212 0.7407717 -0.6231427 0.1614875
29987.028000 3.0046929 -2.8144683 1.3238926 -0.1919949 0.7406736 -0.6232720 0.1614704
29987.128000 3.0048102 -2.8148583 1.3238675 -0.1919740 0.7407812 -0.6231564 0.1614478
29987.229000 3.0048170 -2.8148612 1.3238666 -0.1919506 0.7407908 -0.6231573 0.1614278
29987.328000 3.0048202 -2.8148510 1.3238665 -0.1919270 0.7407971 -0.6231622 0.1614079
29987.428000 3.0047033 -2.8144191 1.3238928 -0.1919008 0.7406968 -0.6232939 0.1613908
29987.528000 3.0048229 -2.8148178 1.3238672 -0.1918799 0.7408066 -0.6231758 0.1613681
29987.628000 3.0047143 -2.8144150 1.3238917 -0.1918539 0.7407136 -0.6232988 0.1613509
29987.728000 3.0048266 -2.8147884 1.3238676 -0.1918328 0.7408170 -0.6231882 0.1613284
29987.828000 3.0048359 -2.8147999 1.3238662 -0.1918095 0.7408288 -0.6231865 0.1613084
29987.928000 3.0047191 -2.8143679 1.3238926 -0.1917833 0.7407284 -0.6233183 0.1612913
29988.028000 3.0047198 -2.8143489 1.3238930 -0.1917597 0.7407325 -0.6233258 0.1612715
29988.128000 3.0048417 -2.8147563 1.3238669 -0.1917389 0.7408444 -0.6232050 0.1612488
29988.228000 3.0048484 -2.8147588 1.3238660 -0.1917155 0.7408540 -0.6232061 0.1612289
29988.328000 3.0047363 -2.8143432 1.3238913 -0.1916894 0.7407577 -0.6233329 0.1612117
29988.428000 3.0048509 -2.8147249 1.3238667 -0.1916684 0.7408632 -0.6232199 0.1611892
29988.528000 3.0047380 -2.8143062 1.3238922 -0.1916423 0.7407662 -0.6233476 0.1611721
29988.628000 3.0048573 -2.8147048 1.3238666 -0.1916215 0.7408759 -0.6232295 0.1611495
29988.728000 3.0048640 -2.8147073 1.3238658 -0.1915981 0.7408854 -0.6232305 0.1611296
29988.828000 3.0047473 -2.8142752 1.3238921 -0.1915719 0.7407850 -0.6233623 0.1611125
29988.928000 3.0047480 -2.8142562 1.3238926 -0.1915484 0.7407890 -0.6233698 0.1610928
29989.028000 3.0048684 -2.8146595 1.3238667 -0.1915278 0.7408998 -0.6232503 0.1610704
29989.129000 3.0048763 -2.8146660 1.3238656 -0.1915042 0.7409104 -0.6232501 0.1610503
29989.228000 3.0047622 -2.8142422 1.3238914 -0.1914781 0.7408121 -0.6233794 0.1610332
29989.328000 3.0047604 -2.8142147 1.3238924 -0.1914546 0.7408140 -0.6233895 0.1610134
29989.428000 3.0048819 -2.8146218 1.3238663 -0.1914338 0.7409258 -0.6232688 0.1609909
29989.528000 3.0047703 -2.8142070 1.3238915 -0.1914080 0.7408297 -0.6233954 0.1609739
29989.629000 3.0048881 -2.8146012 1.3238662 -0.1913869 0.7409383 -0.6232786 0.1609513
29989.728000 3.0047753 -2.8141819 1.3238917 -0.1913609 0.7408411 -0.6234065 0.1609341
29989.828000 3.0048942 -2.8145806 1.3238661 -0.1913400 0.7409508 -0.6232884 0.1609117
29989.928000 3.0047815 -2.8141611 1.3238916 -0.1913140 0.7408535 -0.6234163 0.1608946
29990.028000 3.0049003 -2.8145598 1.3238660 -0.1912931 0.7409632 -0.6232982 0.1608721
29990.128000 3.0049070 -2.8145620 1.3238652 -0.1912696 0.7409727 -0.6232993 0.1608521
29990.228000 3.0049101 -2.8145517 1.3238651 -0.1912464 0.7409788 -0.6233042 0.1608325
29990.328000 3.0047961 -2.8141277 1.3238909 -0.1912204 0.7408805 -0.6234335 0.1608154
29990.428000 3.0049125 -2.8145178 1.3238659 -0.1911995 0.7409879 -0.6233180 0.1607930
29990.528000 3.0049192 -2.8145204 1.3238650 -0.1911762 0.7409974 -0.6233190 0.1607732
29990.628000 3.0049222 -2.8145100 1.3238650 -0.1911527 0.7410036 -0.6233239 0.1607534
29990.728000 3.0048072 -2.8140819 1.3238911 -0.1911270 0.7409041 -0.6234544 0.1607365
29990.828000 3.0049246 -2.8144761 1.3238657 -0.1911059 0.7410127 -0.6233376 0.1607140
29990.928000 3.0049313 -2.8144787 1.3238649 -0.1910828 0.7410220 -0.6233386 0.1606944
29991.028000 3.0048164 -2.8140506 1.3238909 -0.1910568 0.7409226 -0.6234691 0.1606773
29991.128000 3.0049337 -2.8144447 1.3238656 -0.1910357 0.7410312 -0.6233524 0.1606548
29991.228000 3.0049404 -2.8144472 1.3238648 -0.1910124 0.7410406 -0.6233534 0.1606350
29991.329000 3.0049434 -2.8144367 1.3238647 -0.1909890 0.7410467 -0.6233584 0.1606153
29991.428000 3.0049464 -2.8144262 1.3238647 -0.1909657 0.7410529 -0.6233633 0.1605955
29991.529000 3.0048328 -2.8140021 1.3238905 -0.1909398 0.7409545 -0.6234926 0.1605784
29991.628000 3.0049464 -2.8143839 1.3238660 -0.1909188 0.7410598 -0.6233796 0.1605562
29991.728000 3.0049555 -2.8143947 1.3238646 -0.1908956 0.7410713 -0.6233781 0.1605364
29991.828000 3.0049585 -2.8143842 1.3238646 -0.1908722 0.7410775 -0.6233830 0.1605167
29991.928000 3.0048426 -2.8139516 1.3238909 -0.1908463 0.7409769 -0.6235148 0.1604996
29992.028000 3.0049609 -2.8143504 1.3238653 -0.1908254 0.7410865 -0.6233967 0.1604774
29992.128000 3.0049674 -2.8143527 1.3238645 -0.1908024 0.7410958 -0.6233978 0.1604578
29992.228000 3.0049705 -2.8143421 1.3238645 -0.1907788 0.7411020 -0.6234027 0.1604379
29992.328000 3.0048571 -2.8139182 1.3238903 -0.1907530 0.7410036 -0.6235320 0.1604208
29992.428000 3.0049705 -2.8142997 1.3238658 -0.1907320 0.7411088 -0.6234190 0.1603987
29992.528000 3.0049794 -2.8143105 1.3238644 -0.1907088 0.7411203 -0.6234176 0.1603789
29992.628000 3.0048672 -2.8138904 1.3238900 -0.1906833 0.7410228 -0.6235456 0.1603619
29992.728000 3.0048643 -2.8138586 1.3238913 -0.1906596 0.7410236 -0.6235569 0.1603422
29992.828000 3.0049860 -2.8142702 1.3238649 -0.1906386 0.7411365 -0.6234350 0.1603197
29992.928000 3.0049914 -2.8142682 1.3238643 -0.1906156 0.7411447 -0.6234373 0.1603002
29993.028000 3.0048769 -2.8138399 1.3238904 -0.1905900 0.7410451 -0.6235678 0.1602833
29993.128000 3.0049914 -2.8142260 1.3238656 -0.1905688 0.7411516 -0.6234535 0.1602610
29993.228000 3.0050003 -2.8142365 1.3238642 -0.1905457 0.7411630 -0.6234521 0.1602413
29993.328000 3.0050033 -2.8142259 1.3238642 -0.1905224 0.7411691 -0.6234570 0.1602216
29993.428000 3.0050063 -2.8142154 1.3238642 -0.1904991 0.7411751 -0.6234620 0.1602020
29993.528000 3.0048908 -2.8137826 1.3238905 -0.1904733 0.7410746 -0.6235938 0.1601849
29993.628000 3.0050086 -2.8141814 1.3238649 -0.1904524 0.7411841 -0.6234757 0.1601628
29993.728000 3.0050151 -2.8141837 1.3238641 -0.1904295 0.7411933 -0.6234767 0.1601433
29993.828000 3.0050181 -2.8141730 1.3238641 -0.1904060 0.7411994 -0.6234817 0.1601235
29993.928000 3.0050211 -2.8141624 1.3238641 -0.1903827 0.7412055 -0.6234866 0.1601039
29994.028000 3.0050241 -2.8141518 1.3238640 -0.1903594 0.7412116 -0.6234916 0.1600842
29994.128000 3.0050270 -2.8141412 1.3238640 -0.1903362 0.7412176 -0.6234965 0.1600646
29994.228000 3.0050300 -2.8141305 1.3238640 -0.1903129 0.7412237 -0.6235015 0.1600450
29994.328000 3.0050329 -2.8141199 1.3238640 -0.1902897 0.7412297 -0.6235064 0.1600254
29994.428000 3.0049177 -2.8136871 1.3238904 -0.1902639 0.7411291 -0.6236382 0.1600084
29994.528000 3.0050341 -2.8140819 1.3238650 -0.1902433 0.7412375 -0.6235213 0.1599865
29994.629000 3.0050418 -2.8140880 1.3238639 -0.1902199 0.7412478 -0.6235212 0.1599667
29994.728000 3.0049289 -2.8136635 1.3238898 -0.1901943 0.7411493 -0.6236505 0.1599496
29994.828000 3.0050440 -2.8140537 1.3238647 -0.1901734 0.7412566 -0.6235350 0.1599276
29994.928000 3.0049325 -2.8136339 1.3238903 -0.1901478 0.7411593 -0.6236629 0.1599105
29995.028000 3.0050500 -2.8140327 1.3238647 -0.1901269 0.7412687 -0.6235448 0.1598884
29995.128000 3.0049373 -2.8136081 1.3238905 -0.1901011 0.7411703 -0.6236741 0.1598711
29995.228000 3.0049390 -2.8135932 1.3238907 -0.1900781 0.7411751 -0.6236803 0.1598518
29995.328000 3.0050588 -2.8140005 1.3238646 -0.1900573 0.7412867 -0.6235596 0.1598298
29995.428000 3.0050654 -2.8140029 1.3238638 -0.1900342 0.7412961 -0.6235607 0.1598101
29995.528000 3.0049527 -2.8135783 1.3238896 -0.1900086 0.7411975 -0.6236900 0.1597930
29995.628000 3.0049509 -2.8135505 1.3238907 -0.1899853 0.7411992 -0.6237000 0.1597736
29995.728000 3.0049538 -2.8135399 1.3238907 -0.1899621 0.7412052 -0.6237050 0.1597540
29995.829000 3.0050735 -2.8139474 1.3238645 -0.1899413 0.7413169 -0.6235842 0.1597320
