32361.970000 0.0928053 -0.0124345 1.3240437 0.5406900 -0.5405942 0.4557365 -0.4557592
32361.971000 0.0928053 -0.0124345 1.3240437 0.5406900 -0.5405942 0.4557365 -0.4557592
32362.020000 0.0928053 -0.0124345 1.3240437 0.5406900 -0.5405942 0.4557365 -0.4557592
32362.120000 0.0924143 -0.0123370 1.3240661 0.5406504 -0.5404902 0.4558269 -0.4558391
32362.220000 0.0928508 -0.0124194 1.3240386 0.5407244 -0.5405614 0.4557090 -0.4557849
32362.320000 0.0928961 -0.0124174 1.3240346 0.5407470 -0.5405517 0.4556863 -0.4557921
32362.420000 0.0929224 -0.0124118 1.3240319 0.5407681 -0.5405392 0.4556671 -0.4558012
32362.521000 0.0929473 -0.0124061 1.3240292 0.5407898 -0.5405272 0.4556471 -0.4558097
32362.620000 0.0929710 -0.0124004 1.3240266 0.5408119 -0.5405156 0.4556267 -0.4558176
32362.721000 0.0929938 -0.0123948 1.3240241 0.5408342 -0.5405043 0.4556060 -0.4558253
32362.820000 0.0925965 -0.0122985 1.3240469 0.5408001 -0.5404053 0.4556892 -0.4558999
32362.920000 0.0930193 -0.0123796 1.3240202 0.5408771 -0.5404785 0.4555682 -0.4558428
32363.020000 0.0930573 -0.0123777 1.3240168 0.5409022 -0.5404712 0.4555426 -0.4558471
32363.120000 0.0930771 -0.0123721 1.3240145 0.5409248 -0.5404605 0.4555215 -0.4558541
32363.220000 0.0930964 -0.0123663 1.3240123 0.5409477 -0.5404494 0.4555001 -0.4558614
32363.320000 0.0927000 -0.0122710 1.3240352 0.5409145 -0.5403514 0.4555820 -0.4559352
32363.420000 0.0926964 -0.0122607 1.3240343 0.5409342 -0.5403358 0.4555663 -0.4559460
32363.521000 0.0931323 -0.0123454 1.3240069 0.5410131 -0.5404125 0.4554414 -0.4558862
32363.620000 0.0927496 -0.0122540 1.3240292 0.5409815 -0.5403174 0.4555197 -0.4559582
32363.720000 0.0927640 -0.0122437 1.3240266 0.5410056 -0.5403061 0.4554989 -0.4559638
32363.820000 0.0931925 -0.0123283 1.3239999 0.5410828 -0.5403812 0.4553760 -0.4559060
32363.920000 0.0928097 -0.0122370 1.3240221 0.5410512 -0.5402861 0.4554543 -0.4559779
32364.020000 0.0932225 -0.0123169 1.3239961 0.5411270 -0.5403580 0.4553351 -0.4559219
32364.120000 0.0928365 -0.0122248 1.3240186 0.5410949 -0.5402624 0.4554144 -0.4559941
32364.220000 0.0932535 -0.0123056 1.3239923 0.5411713 -0.5403350 0.4552940 -0.4559375
32364.320000 0.0932860 -0.0123036 1.3239894 0.5411958 -0.5403271 0.4552692 -0.4559427
32364.420000 0.0933009 -0.0122979 1.3239875 0.5412178 -0.5403154 0.4552489 -0.4559507
32364.520000 0.0933154 -0.0122922 1.3239857 0.5412397 -0.5403037 0.4552286 -0.4559588
32364.620000 0.0929064 -0.0121954 1.3240096 0.5412046 -0.5402031 0.4553135 -0.4560350
32364.721000 0.0933265 -0.0122770 1.3239832 0.5412811 -0.5402764 0.4551926 -0.4559780
32364.820000 0.0933575 -0.0122750 1.3239804 0.5413051 -0.5402681 0.4551683 -0.4559836
32364.920000 0.0933710 -0.0122693 1.3239787 0.5413268 -0.5402560 0.4551484 -0.4559920
32365.020000 0.0929692 -0.0121745 1.3240022 0.5412924 -0.5401569 0.4552315 -0.4560672
32365.120000 0.0933795 -0.0122541 1.3239764 0.5413675 -0.5402280 0.4551131 -0.4560120
32365.220000 0.0929907 -0.0121623 1.3239992 0.5413347 -0.5401318 0.4551933 -0.4560851
32365.320000 0.0934007 -0.0122419 1.3239734 0.5414096 -0.5402028 0.4550750 -0.4560300
32365.420000 0.0934344 -0.0122407 1.3239705 0.5414339 -0.5401948 0.4550500 -0.4560355
32365.520000 0.0930272 -0.0121452 1.3239944 0.5413985 -0.5400946 0.4551348 -0.4561117
32365.620000 0.0934405 -0.0122256 1.3239685 0.5414739 -0.5401661 0.4550156 -0.4560563
32365.720000 0.0934694 -0.0122236 1.3239659 0.5414974 -0.5401571 0.4549920 -0.4560626
32365.820000 0.0934806 -0.0122179 1.3239644 0.5415182 -0.5401446 0.4549730 -0.4560716
32365.920000 0.0934915 -0.0122121 1.3239629 0.5415393 -0.5401317 0.4549538 -0.4560810
32366.020000 0.0935022 -0.0122064 1.3239615 0.5415602 -0.5401189 0.4549348 -0.4560904
32366.120000 0.0930978 -0.0121119 1.3239853 0.5415251 -0.5400191 0.4550188 -0.4561665
32366.220000 0.0930864 -0.0121015 1.3239852 0.5415429 -0.5400016 0.4550053 -0.4561795
32366.320000 0.0935153 -0.0121855 1.3239584 0.5416201 -0.5400764 0.4548826 -0.4561217
32366.420000 0.0935428 -0.0121835 1.3239559 0.5416431 -0.5400670 0.4548595 -0.4561285
32366.520000 0.0935524 -0.0121778 1.3239546 0.5416637 -0.5400539 0.4548408 -0.4561382
32366.620000 0.0935618 -0.0121720 1.3239533 0.5416842 -0.5400407 0.4548222 -0.4561480
32366.720000 0.0931560 -0.0120777 1.3239773 0.5416487 -0.5399405 0.4549067 -0.4562246
32366.820000 0.0931434 -0.0120673 1.3239773 0.5416661 -0.5399227 0.4548936 -0.4562380
32366.920000 0.0931521 -0.0120616 1.3239761 0.5416865 -0.5399093 0.4548752 -0.4562480
32367.021000 0.0935800 -0.0121454 1.3239493 0.5417633 -0.5399838 0.4547529 -0.4561906
32367.121000 0.0936056 -0.0121434 1.3239470 0.5417858 -0.5399739 0.4547304 -0.4561979
32367.220000 0.0936138 -0.0121377 1.3239458 0.5418060 -0.5399604 0.4547122 -0.4562081
32367.320000 0.0936218 -0.0121319 1.3239446 0.5418261 -0.5399468 0.4546941 -0.4562184
32367.420000 0.0936296 -0.0121263 1.3239435 0.5418460 -0.5399333 0.4546762 -0.4562285
32367.520000 0.0936372 -0.0121205 1.3239424 0.5418662 -0.5399195 0.4546580 -0.4562390
32367.620000 0.0936447 -0.0121148 1.3239412 0.5418861 -0.5399057 0.4546401 -0.4562495
32367.722000 0.0936519 -0.0121090 1.3239401 0.5419061 -0.5398919 0.4546222 -0.4562600
32367.820000 0.0936590 -0.0121033 1.3239390 0.5419259 -0.5398781 0.4546044 -0.4562705
32367.920000 0.0936659 -0.0120976 1.3239380 0.5419457 -0.5398642 0.4545867 -0.4562811
32368.020000 0.0936727 -0.0120918 1.3239369 0.5419655 -0.5398503 0.4545689 -0.4562917
32368.120000 0.0932643 -0.0119978 1.3239612 0.5419292 -0.5397494 0.4546542 -0.4563692
32368.220000 0.0932491 -0.0119875 1.3239615 0.5419460 -0.5397308 0.4546420 -0.4563835
32368.320000 0.0936743 -0.0120709 1.3239349 0.5420221 -0.5398045 0.4545205 -0.4563269
32368.421000 0.0936980 -0.0120689 1.3239329 0.5420441 -0.5397940 0.4544987 -0.4563349
32368.520000 0.0937039 -0.0120632 1.3239319 0.5420636 -0.5397799 0.4544812 -0.4563458
32368.620000 0.0932948 -0.0119693 1.3239563 0.5420271 -0.5396788 0.4545667 -0.4564236
32368.721000 0.0936977 -0.0120480 1.3239311 0.5421002 -0.5397477 0.4544509 -0.4563707
32368.820000 0.0937209 -0.0120460 1.3239291 0.5421218 -0.5397373 0.4544293 -0.4563788
32368.920000 0.0937262 -0.0120403 1.3239282 0.5421412 -0.5397229 0.4544121 -0.4563899
32369.020000 0.0937314 -0.0120345 1.3239273 0.5421607 -0.5397084 0.4543948 -0.4564012
32369.120000 0.0937364 -0.0120288 1.3239264 0.5421800 -0.5396939 0.4543776 -0.4564124
32369.220000 0.0937413 -0.0120231 1.3239255 0.5421992 -0.5396795 0.4543605 -0.4564237
32369.320000 0.0937461 -0.0120173 1.3239247 0.5422184 -0.5396650 0.4543435 -0.4564350
32369.420000 0.0937507 -0.0120116 1.3239238 0.5422376 -0.5396504 0.4543265 -0.4564463
32369.520000 0.0937552 -0.0120059 1.3239230 0.5422567 -0.5396359 0.4543095 -0.4564577
32369.620000 0.0933527 -0.0119140 1.3239471 0.5422209 -0.5395361 0.4543934 -0.4565347
32369.720000 0.0937458 -0.0119906 1.3239225 0.5422925 -0.5396028 0.4542802 -0.4564836
32369.820000 0.0933530 -0.0119009 1.3239460 0.5422579 -0.5395050 0.4543617 -0.4565590
32369.921000 0.0933354 -0.0118906 1.3239465 0.5422740 -0.5394858 0.4543503 -0.4565741
32370.021000 0.0937499 -0.0119717 1.3239206 0.5423484 -0.5395570 0.4542317 -0.4565195
32370.120000 0.0933565 -0.0118820 1.3239442 0.5423137 -0.5394590 0.4543134 -0.4565952
32370.221000 0.0937618 -0.0119613 1.3239189 0.5423866 -0.5395284 0.4541973 -0.4565420
32370.320000 0.0937867 -0.0119601 1.3239168 0.5424084 -0.5395180 0.4541754 -0.4565503
32370.420000 0.0937901 -0.0119543 1.3239161 0.5424273 -0.5395030 0.4541586 -0.4565622
32370.521000 0.0937934 -0.0119486 1.3239154 0.5424460 -0.5394882 0.4541422 -0.4565739
32370.620000 0.0937965 -0.0119429 1.3239147 0.5424649 -0.5394731 0.4541256 -0.4565858
32370.723000 0.0933805 -0.0118487 1.3239397 0.5424269 -0.5393705 0.4542130 -0.4566651
32370.821000 0.0937851 -0.0119277 1.3239144 0.5425000 -0.5394394 0.4540969 -0.4566124
32370.920000 0.0938054 -0.0119257 1.3239127 0.5425210 -0.5394280 0.4540762 -0.4566216
32371.020000 0.0938081 -0.0119200 1.3239120 0.5425396 -0.5394129 0.4540598 -0.4566336
32371.120000 0.0938107 -0.0119142 1.3239114 0.5425582 -0.5393978 0.4540434 -0.4566456
32371.221000 0.0938133 -0.0119086 1.3239108 0.5425767 -0.5393828 0.4540272 -0.4566575
32371.320000 0.0938157 -0.0119028 1.3239101 0.5425954 -0.5393674 0.4540108 -0.4566697
32371.420000 0.0938180 -0.0118971 1.3239095 0.5426139 -0.5393522 0.4539945 -0.4566818
32371.521000 0.0934133 -0.0118057 1.3239338 0.5425775 -0.5392519 0.4540791 -0.4567596
32371.620000 0.0937878 -0.0118783 1.3239105 0.5426462 -0.5393145 0.4539707 -0.4567117
32371.721000 0.0938245 -0.0118799 1.3239077 0.5426692 -0.5393066 0.4539461 -0.4567182
32371.820000 0.0938264 -0.0118742 1.3239072 0.5426877 -0.5392911 0.4539298 -0.4567306
32371.921000 0.0938283 -0.0118684 1.3239066 0.5427061 -0.5392757 0.4539137 -0.4567429
32372.020000 0.0938301 -0.0118627 1.3239061 0.5427245 -0.5392604 0.4538976 -0.4567552
32372.121000 0.0934209 -0.0117707 1.3239307 0.5426872 -0.5391592 0.4539835 -0.4568336
32372.220000 0.0938155 -0.0118475 1.3239061 0.5427588 -0.5392258 0.4538700 -0.4567828
32372.320000 0.0938349 -0.0118456 1.3239044 0.5427795 -0.5392141 0.4538495 -0.4567923
32372.420000 0.0938363 -0.0118398 1.3239039 0.5427977 -0.5391986 0.4538336 -0.4568047
32372.520000 0.0934226 -0.0117470 1.3239288 0.5427599 -0.5390964 0.4539204 -0.4568840
32372.621000 0.0938130 -0.0118230 1.3239045 0.5428307 -0.5391622 0.4538081 -0.4568338
32372.720000 0.0934297 -0.0117367 1.3239275 0.5427968 -0.5390664 0.4538876 -0.4569081
32372.820000 0.0934046 -0.0117254 1.3239287 0.5428116 -0.5390452 0.4538781 -0.4569250
32372.920000 0.0938246 -0.0118076 1.3239025 0.5428864 -0.5391172 0.4537585 -0.4568700
32373.021000 0.0938432 -0.0118055 1.3239010 0.5429069 -0.5391053 0.4537383 -0.4568798
32373.120000 0.0938441 -0.0117998 1.3239005 0.5429250 -0.5390897 0.4537225 -0.4568924
32373.220000 0.0938449 -0.0117941 1.3239000 0.5429431 -0.5390740 0.4537068 -0.4569050
32373.320000 0.0934387 -0.0117032 1.3239245 0.5429062 -0.5389733 0.4537918 -0.4569832
32373.420000 0.0938283 -0.0117789 1.3239002 0.5429768 -0.5390389 0.4536798 -0.4569332
32373.520000 0.0938469 -0.0117770 1.3238987 0.5429973 -0.5390269 0.4536596 -0.4569430
32373.620000 0.0938475 -0.0117713 1.3238983 0.5430152 -0.5390113 0.4536441 -0.4569556
32373.720000 0.0938479 -0.0117655 1.3238978 0.5430333 -0.5389954 0.4536283 -0.4569684
32373.820000 0.0938483 -0.0117598 1.3238974 0.5430513 -0.5389796 0.4536126 -0.4569812
32373.921000 0.0934641 -0.0116738 1.3239206 0.5430173 -0.5388834 0.4536922 -0.4570560
32374.020000 0.0938297 -0.0117444 1.3238978 0.5430846 -0.5389440 0.4535862 -0.4570099
32374.120000 0.0938491 -0.0117427 1.3238962 0.5431051 -0.5389322 0.4535659 -0.4570196
32374.221000 0.0938493 -0.0117370 1.3238958 0.5431230 -0.5389163 0.4535503 -0.4570325
32374.320000 0.0938494 -0.0117313 1.3238954 0.5431408 -0.5389006 0.4535349 -0.4570452
32374.420000 0.0938494 -0.0117256 1.3238951 0.5431588 -0.5388845 0.4535193 -0.4570582
32374.520000 0.0938493 -0.0117199 1.3238947 0.5431767 -0.5388686 0.4535038 -0.4570712
32374.620000 0.0934341 -0.0116276 1.3239198 0.5431384 -0.5387660 0.4535910 -0.4571510
32374.720000 0.0934124 -0.0116175 1.3239207 0.5431531 -0.5387457 0.4535811 -0.4571674
32374.820000 0.0938314 -0.0116991 1.3238947 0.5432278 -0.5388171 0.4534617 -0.4571128
32374.920000 0.0938486 -0.0116970 1.3238932 0.5432479 -0.5388048 0.4534420 -0.4571230
32375.020000 0.0938482 -0.0116913 1.3238929 0.5432657 -0.5387888 0.4534266 -0.4571360
32375.120000 0.0938479 -0.0116857 1.3238926 0.5432833 -0.5387730 0.4534113 -0.4571489
32375.221000 0.0938474 -0.0116799 1.3238922 0.5433012 -0.5387568 0.4533958 -0.4571621
32375.320000 0.0938469 -0.0116742 1.3238919 0.5433190 -0.5387407 0.4533805 -0.4571751
32375.420000 0.0938464 -0.0116685 1.3238916 0.5433367 -0.5387247 0.4533651 -0.4571882
32375.520000 0.0938458 -0.0116628 1.3238913 0.5433544 -0.5387086 0.4533498 -0.4572013
32375.620000 0.0938451 -0.0116570 1.3238909 0.5433724 -0.5386921 0.4533342 -0.4572147
32375.720000 0.0938445 -0.0116514 1.3238906 0.5433898 -0.5386764 0.4533192 -0.4572275
32375.820000 0.0938437 -0.0116458 1.3238903 0.5434073 -0.5386604 0.4533041 -0.4572405
32375.921000 0.0938429 -0.0116400 1.3238900 0.5434251 -0.5386441 0.4532887 -0.4572538
32376.020000 0.0938421 -0.0116343 1.3238897 0.5434427 -0.5386280 0.4532735 -0.4572670
32376.120000 0.0938412 -0.0116286 1.3238895 0.5434603 -0.5386118 0.4532582 -0.4572802
32376.220000 0.0938403 -0.0116229 1.3238892 0.5434779 -0.5385956 0.4532430 -0.4572934
32376.320000 0.0938393 -0.0116172 1.3238889 0.5434955 -0.5385794 0.4532278 -0.4573066
32376.420000 0.0938383 -0.0116116 1.3238886 0.5435130 -0.5385634 0.4532128 -0.4573197
32376.520000 0.0938373 -0.0116058 1.3238883 0.5435307 -0.5385470 0.4531975 -0.4573331
32376.620000 0.0934290 -0.0115158 1.3239131 0.5434932 -0.5384458 0.4532830 -0.4574121
32376.720000 0.0938128 -0.0115899 1.3238892 0.5435626 -0.5385100 0.4531728 -0.4573631
32376.820000 0.0938339 -0.0115888 1.3238876 0.5435832 -0.5384985 0.4531522 -0.4573728
32376.920000 0.0938326 -0.0115831 1.3238873 0.5436009 -0.5384820 0.4531369 -0.4573862
32377.023000 0.0934162 -0.0114914 1.3239125 0.5435622 -0.5383791 0.4532245 -0.4574666
32377.120000 0.0938124 -0.0115680 1.3238879 0.5436335 -0.5384458 0.4531111 -0.4574157
32377.220000 0.0934135 -0.0114801 1.3239120 0.5435972 -0.5383465 0.4531943 -0.4574933
32377.320000 0.0938097 -0.0115566 1.3238874 0.5436685 -0.5384131 0.4530809 -0.4574424
32377.420000 0.0938259 -0.0115546 1.3238861 0.5436883 -0.5384005 0.4530615 -0.4574530
32377.520000 0.0938245 -0.0115489 1.3238859 0.5437058 -0.5383841 0.4530464 -0.4574663
32377.620000 0.0938230 -0.0115432 1.3238856 0.5437233 -0.5383678 0.4530314 -0.4574797
32377.720000 0.0938215 -0.0115376 1.3238854 0.5437405 -0.5383516 0.4530165 -0.4574930
32377.820000 0.0934049 -0.0114462 1.3239107 0.5437020 -0.5382484 0.4531040 -0.4575736
32377.920000 0.0938006 -0.0115225 1.3238861 0.5437732 -0.5383150 0.4529907 -0.4575228
32378.021000 0.0934014 -0.0114348 1.3239102 0.5437368 -0.5382156 0.4530740 -0.4576005
32378.120000 0.0933781 -0.0114247 1.3239113 0.5437512 -0.5381947 0.4530644 -0.4576175
32378.220000 0.0937957 -0.0115055 1.3238854 0.5438254 -0.5382658 0.4529457 -0.4575632
32378.320000 0.0934044 -0.0114195 1.3239091 0.5437900 -0.5381681 0.4530271 -0.4576396
32378.420000 0.0937918 -0.0114940 1.3238850 0.5438601 -0.5382328 0.4529159 -0.4575902
32378.520000 0.0938080 -0.0114921 1.3238837 0.5438799 -0.5382201 0.4528965 -0.4576008
32378.620000 0.0933914 -0.0114010 1.3239090 0.5438411 -0.5381171 0.4529841 -0.4576813
32378.720000 0.0933675 -0.0113908 1.3239102 0.5438555 -0.5380961 0.4529746 -0.4576984
32378.820000 0.0933656 -0.0113851 1.3239100 0.5438728 -0.5380796 0.4529597 -0.4577119
32378.920000 0.0937746 -0.0114640 1.3238846 0.5439458 -0.5381488 0.4528432 -0.4576591
32379.020000 0.0937986 -0.0114637 1.3238828 0.5439666 -0.5381377 0.4528219 -0.4576684
32379.120000 0.0937967 -0.0114580 1.3238826 0.5439839 -0.5381212 0.4528070 -0.4576820
32379.220000 0.0937947 -0.0114523 1.3238824 0.5440012 -0.5381047 0.4527921 -0.4576956
32379.321000 0.0937925 -0.0114464 1.3238823 0.5440193 -0.5380874 0.4527766 -0.4577098
32379.420000 0.0937906 -0.0114410 1.3238821 0.5440357 -0.5380718 0.4527625 -0.4577226
32379.520000 0.0933646 -0.0113482 1.3239079 0.5439961 -0.5379664 0.4528520 -0.4578051
32379.620000 0.0937688 -0.0114260 1.3238829 0.5440680 -0.5380349 0.4527371 -0.4577528
32379.722000 0.0937843 -0.0114239 1.3238816 0.5440877 -0.5380220 0.4527178 -0.4577635
32379.820000 0.0933668 -0.0113331 1.3239069 0.5440487 -0.5379188 0.4528056 -0.4578443
32379.920000 0.0933430 -0.0113230 1.3239081 0.5440630 -0.5378978 0.4527961 -0.4578614
32380.020000 0.0937601 -0.0114033 1.3238822 0.5441371 -0.5379686 0.4526777 -0.4578073
32380.121000 0.0937755 -0.0114012 1.3238810 0.5441567 -0.5379557 0.4526585 -0.4578181
32380.220000 0.0933579 -0.0113105 1.3239063 0.5441177 -0.5378525 0.4527463 -0.4578989
32380.320000 0.0937533 -0.0113863 1.3238818 0.5441888 -0.5379188 0.4526333 -0.4578482
32380.420000 0.0937687 -0.0113842 1.3238805 0.5442084 -0.5379059 0.4526141 -0.4578591
32380.520000 0.0933426 -0.0112918 1.3239064 0.5441682 -0.5378009 0.4527040 -0.4579412
32380.620000 0.0937467 -0.0113693 1.3238813 0.5442405 -0.5378690 0.4525888 -0.4578892
32380.720000 0.0937617 -0.0113672 1.3238801 0.5442600 -0.5378560 0.4525698 -0.4579001
32380.820000 0.0933439 -0.0112766 1.3239055 0.5442210 -0.5377528 0.4526576 -0.4579810
32380.920000 0.0937351 -0.0113515 1.3238812 0.5442913 -0.5378183 0.4525458 -0.4579309
32381.021000 0.0937544 -0.0113502 1.3238797 0.5443116 -0.5378061 0.4525255 -0.4579412
32381.120000 0.0933371 -0.0112598 1.3239050 0.5442726 -0.5377029 0.4526132 -0.4580220
32381.220000 0.0937319 -0.0113353 1.3238805 0.5443436 -0.5377690 0.4525004 -0.4579715
32381.320000 0.0937470 -0.0113332 1.3238793 0.5443632 -0.5377560 0.4524813 -0.4579824
32381.420000 0.0937445 -0.0113276 1.3238792 0.5443803 -0.5377393 0.4524665 -0.4579962
32381.520000 0.0937420 -0.0113219 1.3238791 0.5443975 -0.5377227 0.4524518 -0.4580099
32381.620000 0.0933203 -0.0112308 1.3239047 0.5443577 -0.5376187 0.4525407 -0.4580913
32381.720000 0.0937194 -0.0113070 1.3238799 0.5444294 -0.5376856 0.4524267 -0.4580402
32381.820000 0.0937343 -0.0113050 1.3238787 0.5444488 -0.5376727 0.4524078 -0.4580510
32381.920000 0.0937317 -0.0112993 1.3238786 0.5444661 -0.5376558 0.4523930 -0.4580650
32382.020000 0.0937291 -0.0112936 1.3238785 0.5444832 -0.5376391 0.4523782 -0.4580787
32382.120000 0.0937264 -0.0112879 1.3238784 0.5445004 -0.5376224 0.4523636 -0.4580925
32382.220000 0.0933042 -0.0111969 1.3239040 0.5444605 -0.5375184 0.4524526 -0.4581741
32382.321000 0.0932840 -0.0111877 1.3239050 0.5444754 -0.5374978 0.4524421 -0.4581908
32382.420000 0.0932813 -0.0111821 1.3239049 0.5444925 -0.5374811 0.4524274 -0.4582046
32382.520000 0.0936980 -0.0112617 1.3238790 0.5445665 -0.5375517 0.4523092 -0.4581506
32382.621000 0.0932975 -0.0111752 1.3239034 0.5445297 -0.5374521 0.4523927 -0.4582288
32382.720000 0.0936926 -0.0112504 1.3238788 0.5446007 -0.5375182 0.4522798 -0.4581782
32382.820000 0.0937075 -0.0112483 1.3238777 0.5446202 -0.5375051 0.4522608 -0.4581892
32382.920000 0.0932893 -0.0111583 1.3239031 0.5445809 -0.5374018 0.4523487 -0.4582702
32383.020000 0.0932648 -0.0111483 1.3239043 0.5445951 -0.5373805 0.4523394 -0.4582876
32383.120000 0.0932621 -0.0111427 1.3239042 0.5446120 -0.5373638 0.4523249 -0.4583013
32383.220000 0.0932593 -0.0111371 1.3239041 0.5446291 -0.5373471 0.4523102 -0.4583151
32383.320000 0.0932564 -0.0111314 1.3239040 0.5446463 -0.5373301 0.4522954 -0.4583291
32383.420000 0.0936730 -0.0112109 1.3238782 0.5447203 -0.5374007 0.4521772 -0.4582751
32383.520000 0.0936878 -0.0112088 1.3238770 0.5447396 -0.5373877 0.4521584 -0.4582860
32383.620000 0.0932697 -0.0111190 1.3239024 0.5447005 -0.5372842 0.4522461 -0.4583672
32383.720000 0.0932449 -0.0111090 1.3239037 0.5447146 -0.5372628 0.4522369 -0.4583846
32383.820000 0.0936573 -0.0111875 1.3238781 0.5447878 -0.5373327 0.4521199 -0.4583311
32383.920000 0.0936762 -0.0111862 1.3238767 0.5448080 -0.5373202 0.4520997 -0.4583416
32384.020000 0.0936733 -0.0111806 1.3238766 0.5448251 -0.5373034 0.4520851 -0.4583555
32384.120000 0.0936704 -0.0111750 1.3238765 0.5448420 -0.5372867 0.4520706 -0.4583692
32384.220000 0.0936675 -0.0111693 1.3238764 0.5448590 -0.5372699 0.4520560 -0.4583831
32384.320000 0.0936645 -0.0111636 1.3238763 0.5448762 -0.5372529 0.4520413 -0.4583972
32384.420000 0.0932460 -0.0110740 1.3239018 0.5448369 -0.5371495 0.4521292 -0.4584783
32384.520000 0.0936409 -0.0111488 1.3238773 0.5449079 -0.5372155 0.4520164 -0.4584278
32384.620000 0.0936555 -0.0111467 1.3238761 0.5449273 -0.5372023 0.4519974 -0.4584389
32384.721000 0.0936523 -0.0111407 1.3238760 0.5449454 -0.5371844 0.4519820 -0.4584537
32384.820000 0.0936495 -0.0111354 1.3238760 0.5449614 -0.5371686 0.4519682 -0.4584667
32384.920000 0.0936465 -0.0111298 1.3238759 0.5449784 -0.5371517 0.4519537 -0.4584806
32385.021000 0.0936434 -0.0111241 1.3238758 0.5449954 -0.5371348 0.4519391 -0.4584946
32385.120000 0.0936404 -0.0111185 1.3238758 0.5450125 -0.5371179 0.4519245 -0.4585085
32385.220000 0.0936373 -0.0111129 1.3238757 0.5450293 -0.5371012 0.4519100 -0.4585223
32385.320000 0.0936343 -0.0111073 1.3238756 0.5450463 -0.5370843 0.4518954 -0.4585362
32385.420000 0.0932158 -0.0110179 1.3239011 0.5450071 -0.5369808 0.4519832 -0.4586176
32385.520000 0.0936104 -0.0110924 1.3238766 0.5450781 -0.5370467 0.4518705 -0.4585671
32385.620000 0.0936250 -0.0110903 1.3238754 0.5450975 -0.5370334 0.4518516 -0.4585782
32385.720000 0.0936219 -0.0110847 1.3238754 0.5451144 -0.5370167 0.4518371 -0.4585920
32385.820000 0.0936188 -0.0110791 1.3238753 0.5451313 -0.5369998 0.4518226 -0.4586060
32385.920000 0.0932002 -0.0109899 1.3239007 0.5450921 -0.5368962 0.4519103 -0.4586873
32386.021000 0.0931752 -0.0109799 1.3239020 0.5451062 -0.5368748 0.4519011 -0.4587049
32386.126000 0.0935916 -0.0110586 1.3238762 0.5451801 -0.5369452 0.4517831 -0.4586509
32386.220000 0.0931946 -0.0109739 1.3239003 0.5451435 -0.5368464 0.4518658 -0.4587285
32386.321000 0.0935851 -0.0110473 1.3238761 0.5452141 -0.5369113 0.4517540 -0.4586788
32386.420000 0.0931922 -0.0109634 1.3239000 0.5451782 -0.5368132 0.4518355 -0.4587559
32386.521000 0.0931593 -0.0109519 1.3239017 0.5451911 -0.5367901 0.4518283 -0.4587747
32386.620000 0.0935757 -0.0110305 1.3238759 0.5452650 -0.5368605 0.4517103 -0.4587207
32386.721000 0.0935902 -0.0110284 1.3238748 0.5452843 -0.5368474 0.4516915 -0.4587317
32386.820000 0.0935870 -0.0110228 1.3238748 0.5453012 -0.5368304 0.4516769 -0.4587457
32386.921000 0.0935838 -0.0110171 1.3238747 0.5453184 -0.5368133 0.4516622 -0.4587598
32387.020000 0.0935805 -0.0110115 1.3238746 0.5453353 -0.5367963 0.4516477 -0.4587738
32387.120000 0.0935773 -0.0110059 1.3238746 0.5453523 -0.5367794 0.4516331 -0.4587878
32387.220000 0.0931584 -0.0109170 1.3239001 0.5453129 -0.5366759 0.4517210 -0.4588692
32387.320000 0.0931335 -0.0109071 1.3239013 0.5453269 -0.5366545 0.4517118 -0.4588867
32387.420000 0.0931302 -0.0109015 1.3239013 0.5453438 -0.5366375 0.4516973 -0.4589007
32387.520000 0.0931270 -0.0108959 1.3239012 0.5453606 -0.5366207 0.4516829 -0.4589146
32387.620000 0.0935435 -0.0109742 1.3238754 0.5454348 -0.5366909 0.4515647 -0.4588607
32387.722000 0.0935577 -0.0109721 1.3238743 0.5454541 -0.5366775 0.4515459 -0.4588719
32387.820000 0.0935545 -0.0109665 1.3238743 0.5454711 -0.5366605 0.4515313 -0.4588859
32387.921000 0.0931355 -0.0108778 1.3238997 0.5454316 -0.5365571 0.4516192 -0.4589673
32388.020000 0.0935302 -0.0109517 1.3238753 0.5455026 -0.5366229 0.4515066 -0.4589168
32388.120000 0.0931288 -0.0108666 1.3238997 0.5454655 -0.5365231 0.4515902 -0.4589953
32388.220000 0.0935153 -0.0109388 1.3238757 0.5455354 -0.5365872 0.4514796 -0.4589462
32388.320000 0.0931226 -0.0108555 1.3238995 0.5454994 -0.5364892 0.4515610 -0.4590233
32388.423000 0.0930972 -0.0108455 1.3239009 0.5455134 -0.5364676 0.4515519 -0.4590409
32388.520000 0.0930939 -0.0108400 1.3239008 0.5455303 -0.5364506 0.4515373 -0.4590550
32388.620000 0.0935102 -0.0109180 1.3238750 0.5456043 -0.5365209 0.4514194 -0.4590009
32388.720000 0.0935246 -0.0109159 1.3238739 0.5456236 -0.5365075 0.4514005 -0.4590121
32388.820000 0.0935212 -0.0109103 1.3238739 0.5456406 -0.5364905 0.4513860 -0.4590262
32388.920000 0.0935179 -0.0109047 1.3238738 0.5456575 -0.5364735 0.4513715 -0.4590402
32389.020000 0.0931068 -0.0108179 1.3238988 0.5456191 -0.5363717 0.4514574 -0.4591203
32389.120000 0.0934888 -0.0108891 1.3238751 0.5456882 -0.5364350 0.4513480 -0.4590718
32389.220000 0.0935078 -0.0108879 1.3238737 0.5457083 -0.5364224 0.4513279 -0.4590823
32389.320000 0.0935044 -0.0108823 1.3238737 0.5457253 -0.5364054 0.4513134 -0.4590964
32389.420000 0.0935010 -0.0108767 1.3238736 0.5457422 -0.5363883 0.4512988 -0.4591104
32389.520000 0.0934976 -0.0108710 1.3238736 0.5457591 -0.5363713 0.4512843 -0.4591245
32389.620000 0.0934942 -0.0108654 1.3238736 0.5457761 -0.5363543 0.4512698 -0.4591385
32389.720000 0.0930750 -0.0107772 1.3238991 0.5457365 -0.5362508 0.4513577 -0.4592200
32389.820000 0.0934697 -0.0108507 1.3238746 0.5458075 -0.5363165 0.4512451 -0.4591695
32389.920000 0.0934840 -0.0108486 1.3238735 0.5458268 -0.5363031 0.4512262 -0.4591807
32390.020000 0.0930606 -0.0107597 1.3238992 0.5457865 -0.5361989 0.4513153 -0.4592628
32390.120000 0.0934597 -0.0108339 1.3238745 0.5458583 -0.5362654 0.4512015 -0.4592117
32390.220000 0.0934737 -0.0108318 1.3238734 0.5458776 -0.5362520 0.4511827 -0.4592229
32390.323000 0.0934703 -0.0108262 1.3238734 0.5458945 -0.5362349 0.4511681 -0.4592370
32390.421000 0.0934669 -0.0108206 1.3238733 0.5459115 -0.5362178 0.4511536 -0.4592510
32390.520000 0.0934634 -0.0108150 1.3238733 0.5459284 -0.5362008 0.4511391 -0.4592651
32390.620000 0.0930441 -0.0107270 1.3238988 0.5458888 -0.5360973 0.4512270 -0.4593467
32390.720000 0.0934388 -0.0108003 1.3238743 0.5459598 -0.5361630 0.4511144 -0.4592961
32390.820000 0.0930288 -0.0107142 1.3238992 0.5459215 -0.5360614 0.4512000 -0.4593762
32390.920000 0.0934241 -0.0107875 1.3238748 0.5459926 -0.5361272 0.4510873 -0.4593256
32391.020000 0.0934462 -0.0107870 1.3238732 0.5460130 -0.5361154 0.4510665 -0.4593355
32391.120000 0.0934427 -0.0107814 1.3238731 0.5460299 -0.5360983 0.4510520 -0.4593496
32391.220000 0.0934392 -0.0107758 1.3238731 0.5460468 -0.5360812 0.4510375 -0.4593637
32391.321000 0.0930240 -0.0106889 1.3238983 0.5460076 -0.5359788 0.4511245 -0.4594445
32391.420000 0.0929947 -0.0106782 1.3238999 0.5460211 -0.5359562 0.4511162 -0.4594629
32391.521000 0.0934111 -0.0107555 1.3238741 0.5460952 -0.5360263 0.4509983 -0.4594088
32391.620000 0.0934253 -0.0107534 1.3238730 0.5461145 -0.5360129 0.4509794 -0.4594200
32391.722000 0.0930179 -0.0106681 1.3238978 0.5460763 -0.5359120 0.4510644 -0.4594995
32391.820000 0.0929808 -0.0106559 1.3238998 0.5460888 -0.5358878 0.4510581 -0.4595192
32391.920000 0.0929773 -0.0106504 1.3238998 0.5461055 -0.5358709 0.4510437 -0.4595332
32392.020000 0.0929738 -0.0106447 1.3238998 0.5461226 -0.5358536 0.4510290 -0.4595474
32392.120000 0.0933901 -0.0107219 1.3238740 0.5461966 -0.5359237 0.4509112 -0.4594934
32392.220000 0.0934043 -0.0107198 1.3238729 0.5462159 -0.5359103 0.4508923 -0.4595046
32392.320000 0.0929930 -0.0106339 1.3238979 0.5461774 -0.5358085 0.4509782 -0.4595849
32392.420000 0.0933792 -0.0107051 1.3238739 0.5462473 -0.5358723 0.4508677 -0.4595357
32392.520000 0.0929778 -0.0106212 1.3238983 0.5462101 -0.5357726 0.4509511 -0.4596144
32392.620000 0.0929526 -0.0106113 1.3238996 0.5462240 -0.5357509 0.4509419 -0.4596321
32392.721000 0.0933690 -0.0106884 1.3238739 0.5462980 -0.5358210 0.4508241 -0.4595780
32392.820000 0.0929714 -0.0106053 1.3238980 0.5462612 -0.5357222 0.4509067 -0.4596560
32392.920000 0.0933618 -0.0106772 1.3238738 0.5463318 -0.5357867 0.4507951 -0.4596062
32393.020000 0.0933761 -0.0106751 1.3238727 0.5463512 -0.5357733 0.4507762 -0.4596174
32393.120000 0.0933726 -0.0106695 1.3238727 0.5463681 -0.5357562 0.4507617 -0.4596316
32393.220000 0.0929531 -0.0105822 1.3238982 0.5463284 -0.5356527 0.4508495 -0.4597132
32393.320000 0.0929279 -0.0105725 1.3238995 0.5463422 -0.5356312 0.4508404 -0.4597307
32393.420000 0.0929244 -0.0105669 1.3238995 0.5463590 -0.5356141 0.4508259 -0.4597448
32393.520000 0.0933363 -0.0106429 1.3238740 0.5464325 -0.5356832 0.4507092 -0.4596915
32393.622000 0.0929432 -0.0105609 1.3238978 0.5463964 -0.5355852 0.4507905 -0.4597688
32393.720000 0.0933334 -0.0106325 1.3238737 0.5464670 -0.5356497 0.4506790 -0.4597191
32393.820000 0.0933477 -0.0106304 1.3238726 0.5464864 -0.5356362 0.4506600 -0.4597304
32393.920000 0.0929244 -0.0105426 1.3238983 0.5464460 -0.5355321 0.4507489 -0.4598125
32394.020000 0.0933231 -0.0106158 1.3238736 0.5465178 -0.5355983 0.4506353 -0.4597614
32394.120000 0.0929211 -0.0105322 1.3238980 0.5464804 -0.5354984 0.4507188 -0.4598403
32394.221000 0.0933158 -0.0106046 1.3238736 0.5465515 -0.5355640 0.4506063 -0.4597897
32394.320000 0.0929139 -0.0105211 1.3238980 0.5465142 -0.5354641 0.4506898 -0.4598686
32394.421000 0.0933087 -0.0105934 1.3238735 0.5465853 -0.5355297 0.4505773 -0.4598180
32394.520000 0.0933228 -0.0105913 1.3238724 0.5466046 -0.5355162 0.4505584 -0.4598292
32394.621000 0.0928990 -0.0105037 1.3238982 0.5465642 -0.5354120 0.4506474 -0.4599115
32394.720000 0.0932981 -0.0105767 1.3238735 0.5466360 -0.5354782 0.4505337 -0.4598603
32394.820000 0.0928871 -0.0104915 1.3238985 0.5465978 -0.5353762 0.4506190 -0.4599409
32394.920000 0.0932906 -0.0105655 1.3238735 0.5466698 -0.5354438 0.4505047 -0.4598887
32395.020000 0.0933049 -0.0105634 1.3238724 0.5466891 -0.5354303 0.4504858 -0.4598999
32395.120000 0.0928893 -0.0104775 1.3238976 0.5466498 -0.5353279 0.4505727 -0.4599808
32395.220000 0.0932798 -0.0105488 1.3238734 0.5467205 -0.5353923 0.4504612 -0.4599311
32395.320000 0.0932941 -0.0105467 1.3238723 0.5467398 -0.5353788 0.4504422 -0.4599423
32395.420000 0.0932905 -0.0105411 1.3238723 0.5467567 -0.5353616 0.4504277 -0.4599564
32395.520000 0.0932869 -0.0105355 1.3238723 0.5467736 -0.5353445 0.4504132 -0.4599706
32395.620000 0.0932833 -0.0105300 1.3238723 0.5467903 -0.5353274 0.4503988 -0.4599846
32395.720000 0.0932797 -0.0105244 1.3238723 0.5468074 -0.5353101 0.4503841 -0.4599988
32395.820000 0.0928559 -0.0104371 1.3238980 0.5467669 -0.5352059 0.4504730 -0.4600812
32395.920000 0.0932550 -0.0105099 1.3238733 0.5468388 -0.5352721 0.4503594 -0.4600300
32396.020000 0.0932689 -0.0105077 1.3238722 0.5468580 -0.5352585 0.4503405 -0.4600413
32396.120000 0.0928491 -0.0104212 1.3238977 0.5468183 -0.5351550 0.4504283 -0.4601231
32396.221000 0.0932440 -0.0104931 1.3238733 0.5468894 -0.5352205 0.4503158 -0.4600724
32396.320000 0.0932580 -0.0104910 1.3238722 0.5469087 -0.5352070 0.4502970 -0.4600837
32396.420000 0.0932544 -0.0104854 1.3238722 0.5469256 -0.5351898 0.4502824 -0.4600979
32396.520000 0.0932508 -0.0104799 1.3238722 0.5469423 -0.5351727 0.4502680 -0.4601119
32396.620000 0.0928313 -0.0103936 1.3238977 0.5469027 -0.5350691 0.4503556 -0.4601938
32396.720000 0.0928057 -0.0103838 1.3238990 0.5469166 -0.5350474 0.4503464 -0.4602115
32396.820000 0.0932219 -0.0104596 1.3238733 0.5469907 -0.5351172 0.4502287 -0.4601574
32396.920000 0.0932363 -0.0104576 1.3238721 0.5470101 -0.5351038 0.4502098 -0.4601686
32397.020000 0.0932327 -0.0104520 1.3238721 0.5470269 -0.5350865 0.4501952 -0.4601827
32397.120000 0.0928129 -0.0103658 1.3238976 0.5469871 -0.5349830 0.4502829 -0.4602646
32397.220000 0.0932077 -0.0104375 1.3238732 0.5470583 -0.5350485 0.4501705 -0.4602139
32397.320000 0.0932218 -0.0104354 1.3238721 0.5470775 -0.5350351 0.4501518 -0.4602251
32397.420000 0.0932182 -0.0104298 1.3238721 0.5470943 -0.5350179 0.4501372 -0.4602392
32397.521000 0.0932145 -0.0104242 1.3238721 0.5471114 -0.5350005 0.4501226 -0.4602535
32397.620000 0.0932109 -0.0104186 1.3238721 0.5471283 -0.5349833 0.4501080 -0.4602677
32397.721000 0.0932072 -0.0104131 1.3238721 0.5471452 -0.5349660 0.4500935 -0.4602818
32397.820000 0.0932036 -0.0104075 1.3238721 0.5471621 -0.5349488 0.4500789 -0.4602960
32397.920000 0.0932000 -0.0104020 1.3238720 0.5471790 -0.5349316 0.4500644 -0.4603101
32398.020000 0.0931964 -0.0103965 1.3238720 0.5471957 -0.5349145 0.4500500 -0.4603242
32398.120000 0.0931927 -0.0103908 1.3238720 0.5472127 -0.5348971 0.4500353 -0.4603385
32398.220000 0.0927728 -0.0103049 1.3238975 0.5471729 -0.5347936 0.4501230 -0.4604203
32398.320000 0.0931677 -0.0103763 1.3238731 0.5472441 -0.5348590 0.4500106 -0.4603697
32398.420000 0.0931817 -0.0103742 1.3238720 0.5472634 -0.5348454 0.4499917 -0.4603810
32398.521000 0.0931781 -0.0103686 1.3238720 0.5472803 -0.5348282 0.4499771 -0.4603951
32398.620000 0.0931745 -0.0103631 1.3238720 0.5472970 -0.5348111 0.4499627 -0.4604091
32398.720000 0.0927543 -0.0102773 1.3238975 0.5472573 -0.5347074 0.4500503 -0.4604912
32398.824000 0.0931494 -0.0103485 1.3238731 0.5473286 -0.5347728 0.4499378 -0.4604405
32398.920000 0.0927388 -0.0102646 1.3238980 0.5472900 -0.5346712 0.4500232 -0.4605209
32399.020000 0.0927219 -0.0102566 1.3238988 0.5473049 -0.5346514 0.4500121 -0.4605371
32399.120000 0.0927182 -0.0102510 1.3238988 0.5473219 -0.5346340 0.4499974 -0.4605514
32399.220000 0.0931348 -0.0103263 1.3238730 0.5473961 -0.5347038 0.4498796 -0.4604972
32399.320000 0.0927326 -0.0102441 1.3238974 0.5473587 -0.5346040 0.4499629 -0.4605762
32399.420000 0.0927072 -0.0102344 1.3238988 0.5473726 -0.5345822 0.4499537 -0.4605939
32399.521000 0.0931241 -0.0103098 1.3238730 0.5474468 -0.5346521 0.4498359 -0.4605396
32399.620000 0.0927174 -0.0102268 1.3238977 0.5474086 -0.5345515 0.4499204 -0.4606193
32399.720000 0.0931251 -0.0103002 1.3238725 0.5474821 -0.5346190 0.4498044 -0.4605669
32399.820000 0.0931305 -0.0102964 1.3238719 0.5474999 -0.5346039 0.4497879 -0.4605793
32399.920000 0.0931268 -0.0102909 1.3238719 0.5475168 -0.5345867 0.4497734 -0.4605935
32400.020000 0.0927068 -0.0102055 1.3238974 0.5474769 -0.5344832 0.4498610 -0.4606754
32400.120000 0.0931018 -0.0102764 1.3238730 0.5475481 -0.5345485 0.4497486 -0.4606247
32400.220000 0.0931158 -0.0102742 1.3238719 0.5475676 -0.5345347 0.4497296 -0.4606361
32400.320000 0.0931121 -0.0102687 1.3238719 0.5475843 -0.5345176 0.4497152 -0.4606502
32400.420000 0.0926921 -0.0101834 1.3238974 0.5475444 -0.5344141 0.4498028 -0.4607321
32400.520000 0.0926668 -0.0101737 1.3238987 0.5475584 -0.5343924 0.4497935 -0.4607498
32400.620000 0.0930792 -0.0102479 1.3238732 0.5476318 -0.5344614 0.4496770 -0.4606961
32400.720000 0.0930974 -0.0102465 1.3238718 0.5476519 -0.5344485 0.4496569 -0.4607069
32400.821000 0.0930937 -0.0102410 1.3238718 0.5476688 -0.5344313 0.4496423 -0.4607211
32400.920000 0.0926696 -0.0101551 1.3238976 0.5476281 -0.5343271 0.4497311 -0.4608036
32401.020000 0.0926483 -0.0101462 1.3238987 0.5476428 -0.5343060 0.4497207 -0.4608208
32401.120000 0.0930650 -0.0102210 1.3238729 0.5477170 -0.5343758 0.4496030 -0.4607665
32401.220000 0.0930790 -0.0102188 1.3238718 0.5477363 -0.5343621 0.4495841 -0.4607778
32401.320000 0.0930753 -0.0102133 1.3238718 0.5477532 -0.5343448 0.4495695 -0.4607920
32401.420000 0.0930716 -0.0102078 1.3238718 0.5477701 -0.5343276 0.4495549 -0.4608062
32401.520000 0.0926516 -0.0101227 1.3238973 0.5477302 -0.5342241 0.4496425 -0.4608882
32401.620000 0.0926262 -0.0101131 1.3238986 0.5477440 -0.5342024 0.4496334 -0.4609057
32401.720000 0.0930431 -0.0101878 1.3238729 0.5478184 -0.5342721 0.4495155 -0.4608516
32401.820000 0.0930569 -0.0101856 1.3238718 0.5478377 -0.5342584 0.4494966 -0.4608629
32401.920000 0.0926368 -0.0101007 1.3238973 0.5477978 -0.5341549 0.4495842 -0.4609449
32402.020000 0.0930318 -0.0101712 1.3238729 0.5478691 -0.5342201 0.4494718 -0.4608942
32402.120000 0.0930458 -0.0101689 1.3238718 0.5478886 -0.5342063 0.4494527 -0.4609056
32402.221000 0.0930421 -0.0101635 1.3238718 0.5479053 -0.5341892 0.4494383 -0.4609196
32402.320000 0.0926220 -0.0100787 1.3238973 0.5478653 -0.5340857 0.4495259 -0.4610017
32402.420000 0.0930170 -0.0101490 1.3238728 0.5479367 -0.5341509 0.4494135 -0.4609509
32402.520000 0.0926146 -0.0100677 1.3238973 0.5478991 -0.5340511 0.4494967 -0.4610301
32402.620000 0.0930096 -0.0101380 1.3238728 0.5479705 -0.5341163 0.4493843 -0.4609793
32402.720000 0.0930236 -0.0101358 1.3238717 0.5479898 -0.5341027 0.4493654 -0.4609906
32402.820000 0.0930199 -0.0101303 1.3238717 0.5480067 -0.5340853 0.4493508 -0.4610048
32402.920000 0.0925917 -0.0100441 1.3238977 0.5479656 -0.5339802 0.4494403 -0.4610882
32403.020000 0.0929952 -0.0101159 1.3238728 0.5480381 -0.5340471 0.4493259 -0.4610360
32403.120000 0.0925924 -0.0100346 1.3238972 0.5480005 -0.5339472 0.4494091 -0.4611152
32403.220000 0.0925670 -0.0100250 1.3238986 0.5480144 -0.5339254 0.4493999 -0.4611330
32403.320000 0.0929837 -0.0100993 1.3238728 0.5480887 -0.5339951 0.4492822 -0.4610786
32403.420000 0.0929977 -0.0100971 1.3238717 0.5481080 -0.5339814 0.4492632 -0.4610899
32403.520000 0.0929940 -0.0100916 1.3238717 0.5481249 -0.5339641 0.4492487 -0.4611041
32403.621000 0.0929903 -0.0100861 1.3238717 0.5481418 -0.5339468 0.4492341 -0.4611183
32403.720000 0.0925701 -0.0100016 1.3238972 0.5481019 -0.5338433 0.4493216 -0.4612004
32403.820000 0.0929652 -0.0100717 1.3238728 0.5481732 -0.5339085 0.4492092 -0.4611496
32403.920000 0.0929792 -0.0100695 1.3238717 0.5481925 -0.5338948 0.4491903 -0.4611609
32404.020000 0.0929755 -0.0100640 1.3238717 0.5482094 -0.5338775 0.4491757 -0.4611751
32404.120000 0.0929718 -0.0100584 1.3238717 0.5482263 -0.5338601 0.4491611 -0.4611893
32404.220000 0.0929680 -0.0100529 1.3238717 0.5482432 -0.5338428 0.4491465 -0.4612035
32404.321000 0.0929643 -0.0100474 1.3238717 0.5482601 -0.5338255 0.4491319 -0.4612177
32404.420000 0.0929607 -0.0100419 1.3238717 0.5482769 -0.5338083 0.4491174 -0.4612318
32404.520000 0.0929569 -0.0100364 1.3238717 0.5482939 -0.5337908 0.4491026 -0.4612461
32404.620000 0.0929532 -0.0100309 1.3238717 0.5483107 -0.5337736 0.4490882 -0.4612602
32404.721000 0.0929495 -0.0100253 1.3238717 0.5483277 -0.5337561 0.4490734 -0.4612745
32404.820000 0.0929458 -0.0100198 1.3238717 0.5483446 -0.5337387 0.4490588 -0.4612887
32404.920000 0.0929420 -0.0100143 1.3238717 0.5483615 -0.5337214 0.4490442 -0.4613029
32405.020000 0.0929383 -0.0100088 1.3238717 0.5483784 -0.5337040 0.4490296 -0.4613171
32405.120000 0.0925181 -0.0099247 1.3238972 0.5483384 -0.5336005 0.4491171 -0.4613993
32405.220000 0.0929132 -0.0099944 1.3238727 0.5484098 -0.5336657 0.4490047 -0.4613484
32405.320000 0.0929272 -0.0099922 1.3238716 0.5484292 -0.5336520 0.4489857 -0.4613597
32405.420000 0.0929235 -0.0099867 1.3238716 0.5484459 -0.5336348 0.4489713 -0.4613738
32405.520000 0.0929197 -0.0099812 1.3238716 0.5484630 -0.5336173 0.4489565 -0.4613882
32405.620000 0.0929160 -0.0099757 1.3238716 0.5484797 -0.5336001 0.4489420 -0.4614022
32405.720000 0.0929123 -0.0099702 1.3238716 0.5484968 -0.5335826 0.4489273 -0.4614166
32405.820000 0.0924920 -0.0098863 1.3238972 0.5484567 -0.5334791 0.4490147 -0.4614987
32405.920000 0.0928871 -0.0099558 1.3238727 0.5485282 -0.5335442 0.4489024 -0.4614479
32406.020000 0.0929011 -0.0099536 1.3238716 0.5485475 -0.5335305 0.4488834 -0.4614592
32406.120000 0.0928974 -0.0099481 1.3238716 0.5485644 -0.5335131 0.4488688 -0.4614734
32406.220000 0.0928937 -0.0099426 1.3238716 0.5485813 -0.5334957 0.4488542 -0.4614876
32406.320000 0.0924649 -0.0098573 1.3238977 0.5485401 -0.5333905 0.4489436 -0.4615712
32406.420000 0.0928688 -0.0099283 1.3238727 0.5486127 -0.5334574 0.4488291 -0.4615189
32406.520000 0.0928825 -0.0099261 1.3238716 0.5486320 -0.5334436 0.4488103 -0.4615303
32406.620000 0.0928787 -0.0099206 1.3238716 0.5486489 -0.5334262 0.4487956 -0.4615445
32406.720000 0.0924635 -0.0098380 1.3238968 0.5486094 -0.5333239 0.4488819 -0.4616257
32406.820000 0.0928534 -0.0099062 1.3238727 0.5486803 -0.5333878 0.4487708 -0.4615758
32406.920000 0.0928675 -0.0099040 1.3238716 0.5486997 -0.5333741 0.4487517 -0.4615871
32407.020000 0.0928638 -0.0098985 1.3238716 0.5487166 -0.5333567 0.4487371 -0.4616013
32407.120000 0.0928601 -0.0098930 1.3238716 0.5487335 -0.5333393 0.4487225 -0.4616155
32407.220000 0.0928563 -0.0098875 1.3238716 0.5487504 -0.5333219 0.4487078 -0.4616298
32407.320000 0.0924359 -0.0098041 1.3238971 0.5487103 -0.5332184 0.4487952 -0.4617120
32407.420000 0.0928312 -0.0098732 1.3238727 0.5487818 -0.5332835 0.4486829 -0.4616611
32407.520000 0.0924482 -0.0097968 1.3238959 0.5487467 -0.5331879 0.4487612 -0.4617371
32407.620000 0.0928227 -0.0098620 1.3238727 0.5488155 -0.5332485 0.4486538 -0.4616897
32407.720000 0.0928377 -0.0098601 1.3238716 0.5488348 -0.5332351 0.4486347 -0.4617007
32407.820000 0.0928340 -0.0098546 1.3238716 0.5488517 -0.5332177 0.4486201 -0.4617149
32407.920000 0.0924052 -0.0097697 1.3238976 0.5488107 -0.5331124 0.4487094 -0.4617986
32408.020000 0.0928091 -0.0098403 1.3238726 0.5488833 -0.5331792 0.4485949 -0.4617463
32408.120000 0.0924019 -0.0097595 1.3238974 0.5488449 -0.5330786 0.4486792 -0.4618263
32408.220000 0.0928014 -0.0098292 1.3238727 0.5489171 -0.5331443 0.4485657 -0.4617748
32408.320000 0.0928151 -0.0098268 1.3238716 0.5489370 -0.5331300 0.4485463 -0.4617866
32408.420000 0.0928115 -0.0098216 1.3238716 0.5489532 -0.5331133 0.4485322 -0.4618002
32408.520000 0.0928077 -0.0098160 1.3238716 0.5489703 -0.5330957 0.4485174 -0.4618146
32408.620000 0.0928040 -0.0098105 1.3238716 0.5489872 -0.5330783 0.4485027 -0.4618288
32408.720000 0.0928002 -0.0098050 1.3238716 0.5490041 -0.5330609 0.4484881 -0.4618430
32408.821000 0.0927965 -0.0097995 1.3238716 0.5490210 -0.5330435 0.4484734 -0.4618573
32408.920000 0.0927928 -0.0097941 1.3238716 0.5490378 -0.5330262 0.4484589 -0.4618714
32409.020000 0.0927890 -0.0097885 1.3238716 0.5490549 -0.5330087 0.4484441 -0.4618857
32409.120000 0.0927853 -0.0097831 1.3238716 0.5490716 -0.5329914 0.4484296 -0.4618998
32409.220000 0.0923778 -0.0097026 1.3238963 0.5490333 -0.5328906 0.4485137 -0.4619800
32409.320000 0.0923393 -0.0096906 1.3238984 0.5490456 -0.5328659 0.4485074 -0.4620000
32409.420000 0.0927563 -0.0097633 1.3238726 0.5491201 -0.5329353 0.4483898 -0.4619455
32409.520000 0.0927703 -0.0097611 1.3238716 0.5491395 -0.5329215 0.4483708 -0.4619569
32409.620000 0.0927665 -0.0097556 1.3238716 0.5491564 -0.5329041 0.4483561 -0.4619711
32409.720000 0.0923460 -0.0096728 1.3238971 0.5491163 -0.5328006 0.4484434 -0.4620534
32409.820000 0.0927413 -0.0097413 1.3238726 0.5491878 -0.5328656 0.4483311 -0.4620024
32409.920000 0.0927554 -0.0097394 1.3238715 0.5492064 -0.5328526 0.4483128 -0.4620131
32410.020000 0.0923359 -0.0096566 1.3238970 0.5491671 -0.5327486 0.4483991 -0.4620959
32410.120000 0.0927300 -0.0097249 1.3238726 0.5492386 -0.5328133 0.4482871 -0.4620451
32410.220000 0.0927440 -0.0097227 1.3238715 0.5492579 -0.5327995 0.4482680 -0.4620565
32410.320000 0.0923315 -0.0096415 1.3238966 0.5492189 -0.5326977 0.4483534 -0.4621375
32410.420000 0.0927184 -0.0097083 1.3238727 0.5492893 -0.5327609 0.4482431 -0.4620879
32410.520000 0.0923159 -0.0096291 1.3238971 0.5492516 -0.5326611 0.4483260 -0.4621673
32410.620000 0.0927113 -0.0096974 1.3238726 0.5493232 -0.5327261 0.4482137 -0.4621163
32410.720000 0.0923084 -0.0096182 1.3238971 0.5492855 -0.5326262 0.4482966 -0.4621957
32410.821000 0.0927037 -0.0096865 1.3238726 0.5493571 -0.5326912 0.4481843 -0.4621448
32410.920000 0.0927177 -0.0096843 1.3238715 0.5493763 -0.5326776 0.4481654 -0.4621560
32411.020000 0.0922931 -0.0096011 1.3238973 0.5493355 -0.5325733 0.4482537 -0.4622390
32411.120000 0.0926932 -0.0096700 1.3238726 0.5494086 -0.5326383 0.4481394 -0.4621879
32411.220000 0.0927064 -0.0096678 1.3238715 0.5494272 -0.5326250 0.4481212 -0.4621988
32411.320000 0.0927027 -0.0096623 1.3238715 0.5494441 -0.5326076 0.4481065 -0.4622130
32411.420000 0.0926989 -0.0096568 1.3238715 0.5494611 -0.5325901 0.4480918 -0.4622273
32411.520000 0.0922903 -0.0095768 1.3238963 0.5494224 -0.5324893 0.4481762 -0.4623076
32411.620000 0.0922528 -0.0095651 1.3238984 0.5494348 -0.5324647 0.4481697 -0.4623274
32411.720000 0.0926702 -0.0096372 1.3238726 0.5495095 -0.5325341 0.4480520 -0.4622728
32411.821000 0.0926838 -0.0096349 1.3238715 0.5495288 -0.5325203 0.4480330 -0.4622842
32411.920000 0.0926801 -0.0096295 1.3238715 0.5495457 -0.5325028 0.4480183 -0.4622985
32412.020000 0.0922603 -0.0095474 1.3238970 0.5495057 -0.5323995 0.4481053 -0.4623807
32412.120000 0.0926425 -0.0096130 1.3238734 0.5495753 -0.5324618 0.4479964 -0.4623317
32412.220000 0.0926688 -0.0096130 1.3238715 0.5495965 -0.5324504 0.4479742 -0.4623412
32412.320000 0.0922440 -0.0095302 1.3238973 0.5495556 -0.5323462 0.4480626 -0.4624241
32412.420000 0.0922226 -0.0095215 1.3238984 0.5495703 -0.5323249 0.4480520 -0.4624414
32412.520000 0.0922189 -0.0095161 1.3238984 0.5495871 -0.5323076 0.4480374 -0.4624555
32412.620000 0.0922151 -0.0095107 1.3238984 0.5496040 -0.5322902 0.4480227 -0.4624697
32412.720000 0.0926324 -0.0095824 1.3238726 0.5496788 -0.5323594 0.4479050 -0.4624153
32412.820000 0.0926461 -0.0095802 1.3238715 0.5496981 -0.5323455 0.4478859 -0.4624266
32412.920000 0.0926424 -0.0095748 1.3238715 0.5497149 -0.5323282 0.4478714 -0.4624408
32413.021000 0.0926386 -0.0095692 1.3238715 0.5497320 -0.5323105 0.4478565 -0.4624551
32413.120000 0.0926349 -0.0095638 1.3238715 0.5497488 -0.5322932 0.4478419 -0.4624692
32413.220000 0.0926311 -0.0095584 1.3238715 0.5497657 -0.5322757 0.4478272 -0.4624835
32413.320000 0.0926273 -0.0095528 1.3238715 0.5497828 -0.5322581 0.4478124 -0.4624979
32413.420000 0.0926235 -0.0095474 1.3238715 0.5497998 -0.5322406 0.4477976 -0.4625121
32413.520000 0.0926197 -0.0095419 1.3238715 0.5498167 -0.5322231 0.4477829 -0.4625264
32413.620000 0.0921906 -0.0094586 1.3238975 0.5497754 -0.5321178 0.4478721 -0.4626102
32413.720000 0.0925948 -0.0095278 1.3238726 0.5498482 -0.5321845 0.4477577 -0.4625577
32413.820000 0.0921830 -0.0094477 1.3238975 0.5498092 -0.5320828 0.4478427 -0.4626387
32413.920000 0.0925831 -0.0095162 1.3238728 0.5498814 -0.5321488 0.4477294 -0.4625868
32414.020000 0.0926008 -0.0095146 1.3238715 0.5499014 -0.5321356 0.4477093 -0.4625976
32414.120000 0.0921716 -0.0094314 1.3238975 0.5498601 -0.5320303 0.4477985 -0.4626815
32414.220000 0.0925759 -0.0095005 1.3238726 0.5499329 -0.5320970 0.4476841 -0.4626290
32414.320000 0.0921637 -0.0094204 1.3238975 0.5498942 -0.5319949 0.4477688 -0.4627103
32414.420000 0.0925680 -0.0094895 1.3238726 0.5499668 -0.5320619 0.4476547 -0.4626575
32414.520000 0.0921690 -0.0094120 1.3238968 0.5499294 -0.5319631 0.4477366 -0.4627363
32414.620000 0.0925602 -0.0094785 1.3238726 0.5500006 -0.5320268 0.4476252 -0.4626861
32414.720000 0.0921573 -0.0094004 1.3238970 0.5499629 -0.5319270 0.4477080 -0.4627656
32414.820000 0.0925528 -0.0094676 1.3238726 0.5500346 -0.5319918 0.4475957 -0.4627146
32414.920000 0.0921498 -0.0093895 1.3238970 0.5499968 -0.5318920 0.4476785 -0.4627942
32415.020000 0.0925453 -0.0094567 1.3238726 0.5500685 -0.5319568 0.4475662 -0.4627431
32415.120000 0.0921422 -0.0093786 1.3238970 0.5500307 -0.5318569 0.4476490 -0.4628227
32415.220000 0.0925335 -0.0094451 1.3238728 0.5501016 -0.5319210 0.4475379 -0.4627721
32415.320000 0.0925516 -0.0094436 1.3238715 0.5501218 -0.5319078 0.4475177 -0.4627829
32415.420000 0.0925478 -0.0094381 1.3238715 0.5501387 -0.5318903 0.4475029 -0.4627972
32415.520000 0.0925441 -0.0094327 1.3238715 0.5501555 -0.5318729 0.4474883 -0.4628113
32415.620000 0.0921234 -0.0093515 1.3238970 0.5501154 -0.5317694 0.4475752 -0.4628939
32415.720000 0.0925146 -0.0094178 1.3238728 0.5501864 -0.5318334 0.4474641 -0.4628434
32415.820000 0.0925327 -0.0094163 1.3238715 0.5502065 -0.5318202 0.4474439 -0.4628542
32415.920000 0.0925289 -0.0094108 1.3238715 0.5502235 -0.5318026 0.4474291 -0.4628685
32416.020000 0.0920996 -0.0093282 1.3238975 0.5501821 -0.5316974 0.4475183 -0.4629524
32416.122000 0.0920825 -0.0093204 1.3238983 0.5501972 -0.5316771 0.4475068 -0.4629689
32416.220000 0.0924998 -0.0093913 1.3238726 0.5502719 -0.5317464 0.4473892 -0.4629142
32416.320000 0.0925137 -0.0093890 1.3238715 0.5502913 -0.5317325 0.4473701 -0.4629255
32416.421000 0.0925099 -0.0093836 1.3238715 0.5503083 -0.5317149 0.4473553 -0.4629398
32416.520000 0.0925061 -0.0093781 1.3238715 0.5503252 -0.5316974 0.4473406 -0.4629541
32416.621000 0.0920811 -0.0092965 1.3238973 0.5502842 -0.5315932 0.4474288 -0.4630372
32416.720000 0.0924810 -0.0093641 1.3238726 0.5503567 -0.5316587 0.4473153 -0.4629855
32416.820000 0.0924947 -0.0093618 1.3238715 0.5503761 -0.5316447 0.4472962 -0.4629969
32416.920000 0.0924909 -0.0093563 1.3238715 0.5503931 -0.5316272 0.4472815 -0.4630111
32417.020000 0.0924872 -0.0093509 1.3238715 0.5504099 -0.5316098 0.4472668 -0.4630253
32417.120000 0.0924833 -0.0093454 1.3238715 0.5504270 -0.5315921 0.4472519 -0.4630397
32417.226000 0.0924795 -0.0093400 1.3238715 0.5504440 -0.5315745 0.4472372 -0.4630539
32417.320000 0.0924757 -0.0093345 1.3238715 0.5504609 -0.5315569 0.4472224 -0.4630682
32417.420000 0.0920548 -0.0092538 1.3238970 0.5504206 -0.5314534 0.4473094 -0.4631508
32417.520000 0.0924504 -0.0093205 1.3238726 0.5504924 -0.5315181 0.4471971 -0.4630997
32417.620000 0.0920472 -0.0092430 1.3238970 0.5504546 -0.5314183 0.4472798 -0.4631794
32417.720000 0.0924386 -0.0093089 1.3238728 0.5505256 -0.5314823 0.4471687 -0.4631287
32417.821000 0.0924567 -0.0093074 1.3238715 0.5505456 -0.5314693 0.4471486 -0.4631394
32417.921000 0.0920401 -0.0092276 1.3238967 0.5505059 -0.5313667 0.4472346 -0.4632213
32418.021000 0.0920102 -0.0092174 1.3238983 0.5505194 -0.5313436 0.4472260 -0.4632400
32418.120000 0.0920064 -0.0092120 1.3238983 0.5505364 -0.5313260 0.4472112 -0.4632543
32418.220000 0.0924237 -0.0092824 1.3238726 0.5506112 -0.5313951 0.4470936 -0.4631996
32418.321000 0.0924377 -0.0092801 1.3238715 0.5506306 -0.5313812 0.4470745 -0.4632109
32418.420000 0.0924338 -0.0092747 1.3238715 0.5506476 -0.5313636 0.4470597 -0.4632252
32418.521000 0.0920128 -0.0091943 1.3238970 0.5506072 -0.5312601 0.4471467 -0.4633078
32418.621000 0.0919873 -0.0091850 1.3238983 0.5506211 -0.5312382 0.4471373 -0.4633255
32418.720000 0.0924049 -0.0092552 1.3238725 0.5506961 -0.5313072 0.4470196 -0.4632709
32418.820000 0.0924186 -0.0092529 1.3238715 0.5507155 -0.5312933 0.4470005 -0.4632823
32418.920000 0.0924148 -0.0092475 1.3238715 0.5507323 -0.5312758 0.4469859 -0.4632965
32419.020000 0.0924110 -0.0092421 1.3238715 0.5507494 -0.5312581 0.4469709 -0.4633109
32419.120000 0.0919899 -0.0091618 1.3238970 0.5507091 -0.5311546 0.4470579 -0.4633935
32419.220000 0.0923856 -0.0092280 1.3238726 0.5507809 -0.5312192 0.4469456 -0.4633423
32419.320000 0.0923995 -0.0092258 1.3238715 0.5508003 -0.5312053 0.4469265 -0.4633537
32419.420000 0.0923957 -0.0092204 1.3238715 0.5508171 -0.5311878 0.4469118 -0.4633679
32419.521000 0.0923919 -0.0092149 1.3238715 0.5508343 -0.5311701 0.4468969 -0.4633823
32419.623000 0.0923881 -0.0092095 1.3238715 0.5508513 -0.5311525 0.4468821 -0.4633966
32419.721000 0.0923842 -0.0092040 1.3238715 0.5508682 -0.5311349 0.4468672 -0.4634108
32419.820000 0.0923805 -0.0091986 1.3238715 0.5508851 -0.5311174 0.4468526 -0.4634250
32419.920000 0.0923766 -0.0091932 1.3238715 0.5509022 -0.5310996 0.4468376 -0.4634394
32420.020000 0.0923728 -0.0091877 1.3238715 0.5509192 -0.5310820 0.4468228 -0.4634537
32420.120000 0.0923690 -0.0091824 1.3238715 0.5509360 -0.5310646 0.4468081 -0.4634678
32420.221000 0.0923651 -0.0091769 1.3238715 0.5509531 -0.5310468 0.4467932 -0.4634823
32420.320000 0.0919440 -0.0090970 1.3238970 0.5509128 -0.5309433 0.4468801 -0.4635650
32420.420000 0.0919185 -0.0090877 1.3238983 0.5509268 -0.5309212 0.4468705 -0.4635828
32420.520000 0.0919146 -0.0090823 1.3238983 0.5509438 -0.5309036 0.4468557 -0.4635971
32420.620000 0.0919108 -0.0090769 1.3238983 0.5509608 -0.5308860 0.4468409 -0.4636114
32420.720000 0.0919070 -0.0090715 1.3238983 0.5509777 -0.5308684 0.4468261 -0.4636257
32420.820000 0.0923244 -0.0091412 1.3238725 0.5510526 -0.5309374 0.4467085 -0.4635709
32420.921000 0.0919210 -0.0090646 1.3238970 0.5510147 -0.5308376 0.4467911 -0.4636507
32421.020000 0.0923168 -0.0091303 1.3238725 0.5510866 -0.5309022 0.4466789 -0.4635995
32421.121000 0.0923307 -0.0091280 1.3238715 0.5511060 -0.5308882 0.4466597 -0.4636109
32421.220000 0.0923268 -0.0091226 1.3238715 0.5511230 -0.5308705 0.4466449 -0.4636251
32421.320000 0.0923230 -0.0091172 1.3238715 0.5511400 -0.5308529 0.4466300 -0.4636394
32421.420000 0.0923192 -0.0091118 1.3238715 0.5511568 -0.5308354 0.4466153 -0.4636536
32421.520000 0.0923154 -0.0091064 1.3238715 0.5511740 -0.5308176 0.4466003 -0.4636680
32421.620000 0.0923115 -0.0091009 1.3238715 0.5511910 -0.5308000 0.4465855 -0.4636823
32421.720000 0.0923077 -0.0090955 1.3238715 0.5512080 -0.5307823 0.4465706 -0.4636966
32421.820000 0.0923038 -0.0090901 1.3238715 0.5512250 -0.5307647 0.4465558 -0.4637109
32421.921000 0.0918827 -0.0090106 1.3238970 0.5511846 -0.5306612 0.4466427 -0.4637937
32422.020000 0.0922784 -0.0090761 1.3238725 0.5512565 -0.5307257 0.4465304 -0.4637424
32422.120000 0.0922923 -0.0090738 1.3238715 0.5512759 -0.5307117 0.4465112 -0.4637538
32422.220000 0.0922885 -0.0090685 1.3238715 0.5512928 -0.5306943 0.4464965 -0.4637680
32422.320000 0.0918675 -0.0089891 1.3238970 0.5512526 -0.5305907 0.4465832 -0.4638508
32422.420000 0.0918418 -0.0089800 1.3238983 0.5512661 -0.5305690 0.4465741 -0.4638684
32422.520000 0.0918379 -0.0089744 1.3238983 0.5512835 -0.5305509 0.4465588 -0.4638830
32422.620000 0.0922554 -0.0090436 1.3238725 0.5513585 -0.5306198 0.4464413 -0.4638282
32422.721000 0.0918431 -0.0089659 1.3238975 0.5513197 -0.5305178 0.4465256 -0.4639098
32422.820000 0.0918263 -0.0089583 1.3238983 0.5513345 -0.5304978 0.4465142 -0.4639260
32422.920000 0.0922442 -0.0090274 1.3238725 0.5514095 -0.5305669 0.4463966 -0.4638710
32423.020000 0.0918316 -0.0089497 1.3238975 0.5513707 -0.5304648 0.4464810 -0.4639527
32423.120000 0.0922362 -0.0090166 1.3238725 0.5514435 -0.5305315 0.4463670 -0.4638997
32423.220000 0.0918326 -0.0089406 1.3238970 0.5514055 -0.5304316 0.4464495 -0.4639796
32423.320000 0.0922285 -0.0090057 1.3238725 0.5514775 -0.5304961 0.4463372 -0.4639283
32423.420000 0.0922423 -0.0090035 1.3238714 0.5514970 -0.5304821 0.4463180 -0.4639397
32423.520000 0.0922385 -0.0089981 1.3238714 0.5515140 -0.5304644 0.4463032 -0.4639540
32423.620000 0.0922346 -0.0089926 1.3238714 0.5515310 -0.5304467 0.4462883 -0.4639683
32423.720000 0.0922308 -0.0089872 1.3238714 0.5515480 -0.5304291 0.4462734 -0.4639826
32423.820000 0.0922269 -0.0089818 1.3238714 0.5515650 -0.5304114 0.4462585 -0.4639969
32423.920000 0.0922231 -0.0089764 1.3238714 0.5515820 -0.5303937 0.4462437 -0.4640112
32424.020000 0.0922193 -0.0089711 1.3238714 0.5515987 -0.5303763 0.4462291 -0.4640253
32424.120000 0.0922154 -0.0089656 1.3238714 0.5516160 -0.5303583 0.4462139 -0.4640399
32424.220000 0.0917982 -0.0088875 1.3238967 0.5515760 -0.5302558 0.4462998 -0.4641219
32424.320000 0.0917685 -0.0088776 1.3238983 0.5515896 -0.5302327 0.4462911 -0.4641406
32424.420000 0.0921777 -0.0089448 1.3238730 0.5516635 -0.5302999 0.4461756 -0.4640871
32424.520000 0.0917829 -0.0088707 1.3238969 0.5516267 -0.5302018 0.4462559 -0.4641656
32424.620000 0.0921783 -0.0089355 1.3238725 0.5516986 -0.5302662 0.4461438 -0.4641143
32424.720000 0.0917748 -0.0088599 1.3238970 0.5516606 -0.5301664 0.4462262 -0.4641943
32424.820000 0.0917491 -0.0088507 1.3238983 0.5516747 -0.5301442 0.4462166 -0.4642122
32424.920000 0.0917453 -0.0088453 1.3238983 0.5516917 -0.5301265 0.4462017 -0.4642265
32425.020000 0.0921629 -0.0089139 1.3238725 0.5517667 -0.5301954 0.4460842 -0.4641716
32425.120000 0.0921768 -0.0089116 1.3238714 0.5517862 -0.5301813 0.4460650 -0.4641830
32425.220000 0.0917554 -0.0088330 1.3238970 0.5517457 -0.5300778 0.4461517 -0.4642659
32425.320000 0.0921513 -0.0088977 1.3238725 0.5518177 -0.5301422 0.4460395 -0.4642145
32425.420000 0.0917477 -0.0088223 1.3238970 0.5517797 -0.5300424 0.4461219 -0.4642945
32425.520000 0.0921436 -0.0088869 1.3238725 0.5518518 -0.5301068 0.4460097 -0.4642432
32425.620000 0.0917355 -0.0088107 1.3238972 0.5518133 -0.5300059 0.4460930 -0.4643240
32425.720000 0.0921317 -0.0088754 1.3238728 0.5518851 -0.5300707 0.4459810 -0.4642724
32425.820000 0.0921497 -0.0088738 1.3238714 0.5519053 -0.5300573 0.4459606 -0.4642832
32425.921000 0.0921458 -0.0088684 1.3238714 0.5519223 -0.5300396 0.4459457 -0.4642975
32426.020000 0.0917244 -0.0087901 1.3238970 0.5518819 -0.5299361 0.4460324 -0.4643805
32426.120000 0.0921203 -0.0088545 1.3238725 0.5519539 -0.5300005 0.4459202 -0.4643291
32426.220000 0.0917167 -0.0087793 1.3238970 0.5519159 -0.5299006 0.4460026 -0.4644091
32426.320000 0.0916910 -0.0087702 1.3238983 0.5519299 -0.5298784 0.4459930 -0.4644270
32426.421000 0.0916872 -0.0087648 1.3238983 0.5519470 -0.5298607 0.4459780 -0.4644414
32426.520000 0.0921048 -0.0088330 1.3238725 0.5520220 -0.5299295 0.4458605 -0.4643864
32426.620000 0.0917012 -0.0087579 1.3238970 0.5519840 -0.5298297 0.4459429 -0.4644664
32426.720000 0.0916755 -0.0087487 1.3238983 0.5519980 -0.5298075 0.4459333 -0.4644843
32426.820000 0.0920932 -0.0088168 1.3238725 0.5520731 -0.5298763 0.4458158 -0.4644294
32426.920000 0.0921071 -0.0088145 1.3238714 0.5520926 -0.5298622 0.4457965 -0.4644408
32427.020000 0.0916814 -0.0087356 1.3238972 0.5520517 -0.5297577 0.4458841 -0.4645246
32427.120000 0.0920817 -0.0088007 1.3238725 0.5521243 -0.5298231 0.4457709 -0.4644723
32427.220000 0.0916778 -0.0087257 1.3238970 0.5520862 -0.5297233 0.4458533 -0.4645524
32427.322000 0.0920738 -0.0087899 1.3238725 0.5521583 -0.5297876 0.4457411 -0.4645010
32427.420000 0.0920877 -0.0087876 1.3238714 0.5521778 -0.5297735 0.4457219 -0.4645124
32427.520000 0.0920838 -0.0087822 1.3238714 0.5521946 -0.5297559 0.4457071 -0.4645266
32427.620000 0.0920799 -0.0087768 1.3238714 0.5522118 -0.5297380 0.4456920 -0.4645411
32427.723000 0.0920760 -0.0087714 1.3238714 0.5522287 -0.5297204 0.4456772 -0.4645553
32427.820000 0.0916547 -0.0086936 1.3238969 0.5521884 -0.5296168 0.4457636 -0.4646384
32427.920000 0.0920505 -0.0087575 1.3238725 0.5522605 -0.5296810 0.4456515 -0.4645870
32428.020000 0.0916467 -0.0086828 1.3238969 0.5522224 -0.5295812 0.4457338 -0.4646671
32428.120000 0.0920304 -0.0087448 1.3238733 0.5522924 -0.5296435 0.4456250 -0.4646173
32428.221000 0.0916396 -0.0086722 1.3238969 0.5522566 -0.5295458 0.4457037 -0.4646957
32428.321000 0.0916133 -0.0086630 1.3238983 0.5522706 -0.5295234 0.4456942 -0.4647137
32428.421000 0.0916094 -0.0086577 1.3238983 0.5522876 -0.5295057 0.4456793 -0.4647280
32428.520000 0.0916055 -0.0086523 1.3238983 0.5523046 -0.5294879 0.4456643 -0.4647424
32428.620000 0.0916016 -0.0086469 1.3238983 0.5523217 -0.5294701 0.4456493 -0.4647567
32428.720000 0.0920193 -0.0087145 1.3238725 0.5523969 -0.5295389 0.4455318 -0.4647017
32428.820000 0.0920331 -0.0087122 1.3238714 0.5524165 -0.5295245 0.4455124 -0.4647133
32428.920000 0.0920293 -0.0087068 1.3238714 0.5524334 -0.5295069 0.4454976 -0.4647275
32429.020000 0.0920254 -0.0087015 1.3238714 0.5524504 -0.5294892 0.4454826 -0.4647418
32429.120000 0.0920215 -0.0086961 1.3238714 0.5524675 -0.5294714 0.4454677 -0.4647562
32429.220000 0.0916121 -0.0086208 1.3238962 0.5524281 -0.5293708 0.4455517 -0.4648368
32429.320000 0.0915742 -0.0086095 1.3238983 0.5524410 -0.5293457 0.4455446 -0.4648571
32429.420000 0.0919878 -0.0086762 1.3238728 0.5525155 -0.5294137 0.4454283 -0.4648027
32429.520000 0.0920059 -0.0086746 1.3238714 0.5525355 -0.5294004 0.4454080 -0.4648134
32429.620000 0.0920020 -0.0086692 1.3238714 0.5525527 -0.5293824 0.4453928 -0.4648279
32429.720000 0.0919981 -0.0086638 1.3238714 0.5525698 -0.5293646 0.4453779 -0.4648422
32429.820000 0.0919942 -0.0086585 1.3238714 0.5525869 -0.5293468 0.4453629 -0.4648566
32429.920000 0.0919904 -0.0086532 1.3238714 0.5526034 -0.5293295 0.4453483 -0.4648705
32430.020000 0.0919864 -0.0086478 1.3238714 0.5526208 -0.5293114 0.4453331 -0.4648851
32430.121000 0.0915654 -0.0085706 1.3238969 0.5525805 -0.5292079 0.4454193 -0.4649683
32430.220000 0.0915391 -0.0085615 1.3238983 0.5525943 -0.5291856 0.4454099 -0.4649862
32430.320000 0.0919529 -0.0086279 1.3238728 0.5526690 -0.5292535 0.4452934 -0.4649318
32430.420000 0.0919707 -0.0086262 1.3238714 0.5526892 -0.5292400 0.4452730 -0.4649427
32430.520000 0.0919668 -0.0086209 1.3238714 0.5527063 -0.5292221 0.4452580 -0.4649570
32430.620000 0.0919629 -0.0086155 1.3238714 0.5527233 -0.5292043 0.4452430 -0.4649714
32430.720000 0.0919589 -0.0086101 1.3238714 0.5527404 -0.5291865 0.4452280 -0.4649857
32430.820000 0.0919551 -0.0086048 1.3238714 0.5527573 -0.5291688 0.4452132 -0.4650000
32430.920000 0.0919511 -0.0085994 1.3238714 0.5527745 -0.5291509 0.4451980 -0.4650144
32431.020000 0.0915253 -0.0085218 1.3238972 0.5527332 -0.5290467 0.4452857 -0.4650981
32431.120000 0.0919257 -0.0085857 1.3238725 0.5528062 -0.5291116 0.4451723 -0.4650461
32431.220000 0.0919393 -0.0085833 1.3238714 0.5528257 -0.5290974 0.4451530 -0.4650575
32431.320000 0.0919354 -0.0085780 1.3238714 0.5528428 -0.5290795 0.4451380 -0.4650719
32431.420000 0.0915137 -0.0085011 1.3238969 0.5528022 -0.5289761 0.4452245 -0.4651550
32431.520000 0.0919056 -0.0085635 1.3238728 0.5528737 -0.5290395 0.4451135 -0.4651041
32431.620000 0.0919237 -0.0085620 1.3238714 0.5528936 -0.5290264 0.4450933 -0.4651147
32431.721000 0.0919197 -0.0085565 1.3238714 0.5529110 -0.5290082 0.4450780 -0.4651293
32431.820000 0.0914939 -0.0084791 1.3238972 0.5528697 -0.5289040 0.4451656 -0.4652130
32431.920000 0.0918901 -0.0085421 1.3238728 0.5529420 -0.5289682 0.4450534 -0.4651615
32432.020000 0.0914904 -0.0084691 1.3238969 0.5529046 -0.5288691 0.4451344 -0.4652412
32432.120000 0.0918863 -0.0085320 1.3238725 0.5529769 -0.5289332 0.4450223 -0.4651897
32432.220000 0.0919001 -0.0085298 1.3238714 0.5529963 -0.5289191 0.4450031 -0.4652010
32432.321000 0.0918961 -0.0085244 1.3238714 0.5530135 -0.5289011 0.4449879 -0.4652155
32432.420000 0.0918922 -0.0085190 1.3238714 0.5530306 -0.5288833 0.4449729 -0.4652299
32432.520000 0.0914741 -0.0084431 1.3238967 0.5529903 -0.5287807 0.4450586 -0.4653123
32432.621000 0.0918622 -0.0085046 1.3238728 0.5530615 -0.5288432 0.4449484 -0.4652621
32432.720000 0.0918804 -0.0085030 1.3238714 0.5530816 -0.5288299 0.4449280 -0.4652728
32432.820000 0.0914588 -0.0084265 1.3238969 0.5530412 -0.5287262 0.4450142 -0.4653561
32432.920000 0.0918548 -0.0084892 1.3238725 0.5531135 -0.5287903 0.4449021 -0.4653046
32433.020000 0.0914507 -0.0084158 1.3238969 0.5530754 -0.5286905 0.4449842 -0.4653849
32433.120000 0.0918469 -0.0084785 1.3238725 0.5531477 -0.5287546 0.4448720 -0.4653334
32433.220000 0.0918607 -0.0084762 1.3238714 0.5531672 -0.5287403 0.4448527 -0.4653448
32433.320000 0.0914305 -0.0083984 1.3238974 0.5531254 -0.5286351 0.4449411 -0.4654294
32433.420000 0.0918354 -0.0084625 1.3238725 0.5531990 -0.5287010 0.4448268 -0.4653764
32433.520000 0.0918489 -0.0084601 1.3238714 0.5532185 -0.5286867 0.4448075 -0.4653879
32433.620000 0.0918449 -0.0084548 1.3238714 0.5532356 -0.5286688 0.4447925 -0.4654023
32433.720000 0.0918410 -0.0084494 1.3238714 0.5532526 -0.5286510 0.4447775 -0.4654167
32433.821000 0.0914150 -0.0083726 1.3238972 0.5532113 -0.5285468 0.4448650 -0.4655005
32433.920000 0.0918155 -0.0084357 1.3238725 0.5532844 -0.5286116 0.4447516 -0.4654483
32434.020000 0.0914112 -0.0083626 1.3238969 0.5532462 -0.5285117 0.4448338 -0.4655287
32434.120000 0.0918032 -0.0084244 1.3238728 0.5533178 -0.5285751 0.4447227 -0.4654777
32434.220000 0.0913994 -0.0083513 1.3238972 0.5532797 -0.5284753 0.4448048 -0.4655580
32434.320000 0.0917997 -0.0084144 1.3238725 0.5533528 -0.5285400 0.4446914 -0.4655058
32434.420000 0.0918133 -0.0084120 1.3238714 0.5533723 -0.5285257 0.4446721 -0.4655173
32434.520000 0.0918094 -0.0084067 1.3238714 0.5533894 -0.5285078 0.4446570 -0.4655317
32434.620000 0.0913790 -0.0083293 1.3238974 0.5533476 -0.5284026 0.4447455 -0.4656164
32434.720000 0.0917840 -0.0083930 1.3238725 0.5534212 -0.5284685 0.4446312 -0.4655634
32434.821000 0.0917975 -0.0083906 1.3238714 0.5534407 -0.5284541 0.4446119 -0.4655749
32434.920000 0.0913715 -0.0083141 1.3238972 0.5533993 -0.5283500 0.4446994 -0.4656587
32435.020000 0.0917720 -0.0083770 1.3238725 0.5534724 -0.5284147 0.4445860 -0.4656065
32435.121000 0.0913718 -0.0083049 1.3238967 0.5534346 -0.5283158 0.4446672 -0.4656861
32435.220000 0.0917553 -0.0083648 1.3238730 0.5535054 -0.5283771 0.4445580 -0.4656367
32435.320000 0.0913602 -0.0082936 1.3238969 0.5534685 -0.5282791 0.4446378 -0.4657156
32435.420000 0.0913340 -0.0082845 1.3238983 0.5534825 -0.5282566 0.4446281 -0.4657337
32435.520000 0.0917520 -0.0083503 1.3238725 0.5535579 -0.5283251 0.4445107 -0.4656785
32435.620000 0.0913436 -0.0082768 1.3238972 0.5535193 -0.5282242 0.4445936 -0.4657597
32435.720000 0.0917442 -0.0083396 1.3238725 0.5535922 -0.5282893 0.4444805 -0.4657073
32435.820000 0.0917578 -0.0083372 1.3238714 0.5536117 -0.5282750 0.4444611 -0.4657187
32435.920000 0.0917539 -0.0083319 1.3238714 0.5536288 -0.5282570 0.4444461 -0.4657331
32436.020000 0.0913319 -0.0082563 1.3238969 0.5535881 -0.5281536 0.4445324 -0.4658165
32436.120000 0.0913062 -0.0082474 1.3238983 0.5536022 -0.5281312 0.4445226 -0.4658344
32436.220000 0.0913022 -0.0082421 1.3238983 0.5536193 -0.5281132 0.4445075 -0.4658488
32436.320000 0.0917202 -0.0083076 1.3238725 0.5536948 -0.5281817 0.4443900 -0.4657936
32436.420000 0.0917340 -0.0083053 1.3238714 0.5537142 -0.5281675 0.4443708 -0.4658050
32436.520000 0.0917300 -0.0082999 1.3238714 0.5537315 -0.5281494 0.4443555 -0.4658195
32436.620000 0.0913080 -0.0082245 1.3238969 0.5536908 -0.5280459 0.4444418 -0.4659029
32436.720000 0.0917043 -0.0082863 1.3238725 0.5537632 -0.5281099 0.4443296 -0.4658512
32436.820000 0.0917181 -0.0082839 1.3238714 0.5537828 -0.5280956 0.4443102 -0.4658627
32436.920000 0.0917141 -0.0082786 1.3238714 0.5537998 -0.5280778 0.4442953 -0.4658770
32437.021000 0.0917101 -0.0082733 1.3238714 0.5538170 -0.5280597 0.4442800 -0.4658915
32437.120000 0.0912881 -0.0081980 1.3238969 0.5537764 -0.5279562 0.4443663 -0.4659749
32437.221000 0.0916844 -0.0082596 1.3238725 0.5538488 -0.5280202 0.4442541 -0.4659232
32437.320000 0.0916981 -0.0082573 1.3238714 0.5538684 -0.5280058 0.4442347 -0.4659347
32437.420000 0.0916942 -0.0082520 1.3238714 0.5538855 -0.5279879 0.4442196 -0.4659491
32437.520000 0.0916902 -0.0082466 1.3238714 0.5539026 -0.5279699 0.4442045 -0.4659635
32437.620000 0.0916862 -0.0082413 1.3238714 0.5539198 -0.5279520 0.4441894 -0.4659779
32437.721000 0.0916822 -0.0082360 1.3238714 0.5539369 -0.5279340 0.4441743 -0.4659923
32437.820000 0.0916782 -0.0082307 1.3238714 0.5539540 -0.5279160 0.4441591 -0.4660067
32437.920000 0.0912561 -0.0081556 1.3238969 0.5539133 -0.5278125 0.4442454 -0.4660901
32438.020000 0.0916524 -0.0082170 1.3238725 0.5539858 -0.5278764 0.4441332 -0.4660385
32438.120000 0.0916662 -0.0082147 1.3238714 0.5540054 -0.5278621 0.4441138 -0.4660500
32438.220000 0.0916622 -0.0082094 1.3238714 0.5540225 -0.5278441 0.4440987 -0.4660644
32438.320000 0.0916582 -0.0082040 1.3238714 0.5540397 -0.5278262 0.4440835 -0.4660788
32438.420000 0.0916542 -0.0081987 1.3238714 0.5540568 -0.5278082 0.4440684 -0.4660932
32438.521000 0.0916502 -0.0081934 1.3238714 0.5540739 -0.5277902 0.4440533 -0.4661076
32438.621000 0.0916462 -0.0081881 1.3238714 0.5540910 -0.5277722 0.4440382 -0.4661220
32438.721000 0.0912200 -0.0081126 1.3238972 0.5540496 -0.5276680 0.4441255 -0.4662060
32438.820000 0.0916206 -0.0081745 1.3238725 0.5541229 -0.5277326 0.4440122 -0.4661537
32438.920000 0.0916342 -0.0081721 1.3238714 0.5541425 -0.5277182 0.4439927 -0.4661653
32439.020000 0.0916302 -0.0081668 1.3238714 0.5541596 -0.5277002 0.4439776 -0.4661797
32439.120000 0.0916262 -0.0081616 1.3238714 0.5541766 -0.5276824 0.4439626 -0.4661940
32439.220000 0.0916222 -0.0081562 1.3238714 0.5541939 -0.5276643 0.4439473 -0.4662085
32439.320000 0.0916182 -0.0081509 1.3238714 0.5542110 -0.5276462 0.4439322 -0.4662229
32439.420000 0.0916142 -0.0081456 1.3238714 0.5542280 -0.5276284 0.4439172 -0.4662372
32439.520000 0.0916101 -0.0081403 1.3238714 0.5542453 -0.5276102 0.4439019 -0.4662518
32439.620000 0.0916061 -0.0081349 1.3238714 0.5542624 -0.5275922 0.4438867 -0.4662662
32439.720000 0.0916021 -0.0081296 1.3238714 0.5542796 -0.5275742 0.4438716 -0.4662806
32439.820000 0.0915981 -0.0081244 1.3238714 0.5542965 -0.5275564 0.4438566 -0.4662949
32439.920000 0.0915941 -0.0081190 1.3238714 0.5543139 -0.5275382 0.4438413 -0.4663094
32440.020000 0.0915900 -0.0081137 1.3238714 0.5543310 -0.5275202 0.4438261 -0.4663239
32440.120000 0.0915860 -0.0081084 1.3238714 0.5543481 -0.5275022 0.4438110 -0.4663383
32440.221000 0.0915820 -0.0081031 1.3238714 0.5543653 -0.5274842 0.4437958 -0.4663527
32440.320000 0.0911514 -0.0080273 1.3238974 0.5543234 -0.5273789 0.4438840 -0.4664376
32440.420000 0.0915565 -0.0080896 1.3238725 0.5543972 -0.5274445 0.4437697 -0.4663845
32440.520000 0.0911518 -0.0080181 1.3238969 0.5543589 -0.5273446 0.4438516 -0.4664651
32440.620000 0.0915481 -0.0080789 1.3238725 0.5544314 -0.5274084 0.4437395 -0.4664134
32440.720000 0.0915619 -0.0080765 1.3238714 0.5544510 -0.5273940 0.4437200 -0.4664249
32440.820000 0.0915579 -0.0080712 1.3238714 0.5544682 -0.5273760 0.4437048 -0.4664393
32440.920000 0.0915538 -0.0080659 1.3238714 0.5544854 -0.5273580 0.4436896 -0.4664537
32441.020000 0.0915498 -0.0080606 1.3238714 0.5545025 -0.5273399 0.4436745 -0.4664682
32441.120000 0.0915458 -0.0080553 1.3238714 0.5545197 -0.5273219 0.4436593 -0.4664826
32441.221000 0.0915417 -0.0080500 1.3238714 0.5545368 -0.5273038 0.4436441 -0.4664970
32441.320000 0.0911195 -0.0079759 1.3238969 0.5544961 -0.5272003 0.4437302 -0.4665806
32441.420000 0.0915159 -0.0080365 1.3238725 0.5545687 -0.5272641 0.4436181 -0.4665288
32441.520000 0.0915297 -0.0080342 1.3238714 0.5545881 -0.5272499 0.4435987 -0.4665402
32441.620000 0.0915256 -0.0080288 1.3238714 0.5546055 -0.5272317 0.4435834 -0.4665548
32441.720000 0.0910992 -0.0079542 1.3238972 0.5545640 -0.5271275 0.4436706 -0.4666389
32441.820000 0.0914958 -0.0080147 1.3238727 0.5546366 -0.5271913 0.4435584 -0.4665871
32441.920000 0.0915135 -0.0080129 1.3238714 0.5546569 -0.5271775 0.4435378 -0.4665981
32442.020000 0.0910912 -0.0079390 1.3238969 0.5546162 -0.5270740 0.4436239 -0.4666817
32442.120000 0.0910653 -0.0079302 1.3238982 0.5546303 -0.5270515 0.4436140 -0.4666997
32442.220000 0.0914835 -0.0079941 1.3238725 0.5547060 -0.5271197 0.4434965 -0.4666444
32442.320000 0.0914973 -0.0079917 1.3238714 0.5547256 -0.5271052 0.4434770 -0.4666559
32442.420000 0.0914932 -0.0079864 1.3238714 0.5547428 -0.5270872 0.4434618 -0.4666703
32442.520000 0.0914892 -0.0079811 1.3238714 0.5547600 -0.5270691 0.4434466 -0.4666847
32442.620000 0.0914851 -0.0079759 1.3238714 0.5547771 -0.5270510 0.4434314 -0.4666992
32442.720000 0.0914811 -0.0079706 1.3238714 0.5547943 -0.5270329 0.4434162 -0.4667136
32442.821000 0.0914770 -0.0079653 1.3238714 0.5548115 -0.5270149 0.4434010 -0.4667281
32442.920000 0.0914730 -0.0079600 1.3238714 0.5548286 -0.5269968 0.4433858 -0.4667425
32443.020000 0.0914689 -0.0079547 1.3238714 0.5548458 -0.5269787 0.4433706 -0.4667570
32443.120000 0.0914648 -0.0079494 1.3238714 0.5548630 -0.5269606 0.4433554 -0.4667714
32443.220000 0.0914608 -0.0079441 1.3238714 0.5548802 -0.5269425 0.4433402 -0.4667859
32443.320000 0.0914567 -0.0079388 1.3238714 0.5548974 -0.5269245 0.4433249 -0.4668003
32443.420000 0.0914527 -0.0079335 1.3238714 0.5549145 -0.5269064 0.4433097 -0.4668148
32443.520000 0.0914486 -0.0079282 1.3238714 0.5549317 -0.5268883 0.4432945 -0.4668292
32443.620000 0.0914445 -0.0079229 1.3238714 0.5549489 -0.5268702 0.4432793 -0.4668437
32443.720000 0.0914405 -0.0079177 1.3238714 0.5549661 -0.5268521 0.4432640 -0.4668581
32443.820000 0.0914364 -0.0079124 1.3238714 0.5549833 -0.5268340 0.4432488 -0.4668726
32443.920000 0.0914323 -0.0079071 1.3238714 0.5550004 -0.5268159 0.4432336 -0.4668871
32444.020000 0.0914283 -0.0079019 1.3238714 0.5550175 -0.5267979 0.4432185 -0.4669014
32444.121000 0.0914242 -0.0078965 1.3238714 0.5550348 -0.5267797 0.4432031 -0.4669160
32444.220000 0.0914201 -0.0078912 1.3238714 0.5550520 -0.5267616 0.4431879 -0.4669304
32444.320000 0.0914160 -0.0078860 1.3238714 0.5550692 -0.5267435 0.4431727 -0.4669449
32444.420000 0.0914120 -0.0078807 1.3238714 0.5550864 -0.5267253 0.4431574 -0.4669593
32444.520000 0.0914079 -0.0078754 1.3238714 0.5551036 -0.5267072 0.4431422 -0.4669738
32444.621000 0.0914038 -0.0078701 1.3238714 0.5551208 -0.5266891 0.4431269 -0.4669883
32444.720000 0.0909729 -0.0077956 1.3238974 0.5550788 -0.5265839 0.4432149 -0.4670733
32444.820000 0.0909555 -0.0077882 1.3238982 0.5550941 -0.5265630 0.4432029 -0.4670900
32444.920000 0.0913696 -0.0078507 1.3238727 0.5551691 -0.5266304 0.4430867 -0.4670352
32445.020000 0.0913875 -0.0078490 1.3238714 0.5551895 -0.5266166 0.4430660 -0.4670461
32445.120000 0.0913834 -0.0078437 1.3238714 0.5552067 -0.5265985 0.4430507 -0.4670606
32445.220000 0.0913793 -0.0078384 1.3238714 0.5552239 -0.5265804 0.4430355 -0.4670751
32445.320000 0.0913752 -0.0078332 1.3238714 0.5552411 -0.5265622 0.4430202 -0.4670895
32445.420000 0.0913711 -0.0078279 1.3238714 0.5552583 -0.5265441 0.4430049 -0.4671040
32445.520000 0.0913671 -0.0078227 1.3238714 0.5552753 -0.5265261 0.4429898 -0.4671183
32445.620000 0.0913630 -0.0078173 1.3238714 0.5552927 -0.5265078 0.4429744 -0.4671329
32445.720000 0.0913589 -0.0078121 1.3238714 0.5553099 -0.5264897 0.4429592 -0.4671474
32445.821000 0.0913548 -0.0078068 1.3238714 0.5553271 -0.5264715 0.4429439 -0.4671619
32445.920000 0.0913507 -0.0078015 1.3238714 0.5553443 -0.5264534 0.4429286 -0.4671764
32446.021000 0.0909197 -0.0077274 1.3238974 0.5553023 -0.5263481 0.4430166 -0.4672615
32446.120000 0.0913251 -0.0077881 1.3238724 0.5553763 -0.5264135 0.4429023 -0.4672082
32446.220000 0.0909115 -0.0077169 1.3238974 0.5553367 -0.5263118 0.4429860 -0.4672904
32446.320000 0.0913169 -0.0077776 1.3238724 0.5554107 -0.5263772 0.4428718 -0.4672371
32446.421000 0.0913302 -0.0077751 1.3238714 0.5554304 -0.5263626 0.4428523 -0.4672487
32446.520000 0.0913261 -0.0077699 1.3238714 0.5554476 -0.5263445 0.4428370 -0.4672632
32446.620000 0.0913220 -0.0077646 1.3238714 0.5554648 -0.5263263 0.4428217 -0.4672777
32446.720000 0.0913179 -0.0077593 1.3238714 0.5554820 -0.5263081 0.4428064 -0.4672922
32446.821000 0.0913138 -0.0077541 1.3238714 0.5554990 -0.5262902 0.4427913 -0.4673065
32446.920000 0.0908872 -0.0076809 1.3238971 0.5554576 -0.5261858 0.4428781 -0.4673909
32447.020000 0.0912838 -0.0077401 1.3238727 0.5555304 -0.5262494 0.4427660 -0.4673391
32447.120000 0.0913014 -0.0077383 1.3238714 0.5555508 -0.5262355 0.4427453 -0.4673501
32447.220000 0.0912973 -0.0077330 1.3238714 0.5555681 -0.5262173 0.4427300 -0.4673646
32447.320000 0.0912932 -0.0077277 1.3238714 0.5555853 -0.5261991 0.4427147 -0.4673791
32447.421000 0.0912891 -0.0077225 1.3238714 0.5556023 -0.5261811 0.4426996 -0.4673934
32447.520000 0.0912850 -0.0077172 1.3238714 0.5556197 -0.5261628 0.4426841 -0.4674080
32447.620000 0.0908624 -0.0076449 1.3238969 0.5555788 -0.5260592 0.4427699 -0.4674918
32447.721000 0.0912589 -0.0077038 1.3238725 0.5556517 -0.5261228 0.4426578 -0.4674400
32447.820000 0.0912726 -0.0077014 1.3238714 0.5556714 -0.5261082 0.4426382 -0.4674515
32447.920000 0.0912685 -0.0076962 1.3238714 0.5556886 -0.5260900 0.4426229 -0.4674660
32448.020000 0.0912644 -0.0076909 1.3238714 0.5557058 -0.5260718 0.4426076 -0.4674805
32448.120000 0.0912602 -0.0076857 1.3238714 0.5557230 -0.5260536 0.4425923 -0.4674950
32448.221000 0.0912562 -0.0076804 1.3238714 0.5557401 -0.5260356 0.4425771 -0.4675093
32448.321000 0.0908252 -0.0076069 1.3238974 0.5556982 -0.5259302 0.4426648 -0.4675947
32448.420000 0.0908075 -0.0075995 1.3238982 0.5557136 -0.5259092 0.4426527 -0.4676114
32448.520000 0.0912218 -0.0076612 1.3238727 0.5557887 -0.5259765 0.4425365 -0.4675564
32448.620000 0.0912396 -0.0076594 1.3238714 0.5558092 -0.5259626 0.4425157 -0.4675674
32448.720000 0.0912355 -0.0076541 1.3238714 0.5558264 -0.5259444 0.4425004 -0.4675819
32448.820000 0.0912313 -0.0076489 1.3238714 0.5558437 -0.5259262 0.4424851 -0.4675964
32448.920000 0.0908087 -0.0075769 1.3238969 0.5558028 -0.5258227 0.4425709 -0.4676803
32449.020000 0.0912053 -0.0076355 1.3238725 0.5558757 -0.5258861 0.4424587 -0.4676284
32449.120000 0.0912189 -0.0076331 1.3238714 0.5558954 -0.5258715 0.4424391 -0.4676399
32449.220000 0.0907921 -0.0075606 1.3238971 0.5558537 -0.5257673 0.4425260 -0.4677243
32449.320000 0.0907703 -0.0075525 1.3238982 0.5558687 -0.5257454 0.4425148 -0.4677419
32449.420000 0.0911883 -0.0076145 1.3238725 0.5559445 -0.5258132 0.4423975 -0.4676864
32449.520000 0.0912024 -0.0076121 1.3238714 0.5559641 -0.5257988 0.4423779 -0.4676978
32449.620000 0.0911982 -0.0076069 1.3238714 0.5559815 -0.5257804 0.4423625 -0.4677124
32449.720000 0.0911941 -0.0076016 1.3238714 0.5559988 -0.5257622 0.4423471 -0.4677269
32449.820000 0.0907672 -0.0075293 1.3238971 0.5559571 -0.5256580 0.4424340 -0.4678114
32449.920000 0.0911681 -0.0075883 1.3238725 0.5560308 -0.5257221 0.4423207 -0.4677589
32450.020000 0.0911816 -0.0075859 1.3238714 0.5560505 -0.5257075 0.4423011 -0.4677705
32450.120000 0.0911774 -0.0075806 1.3238714 0.5560678 -0.5256892 0.4422857 -0.4677850
32450.221000 0.0907547 -0.0075090 1.3238969 0.5560269 -0.5255857 0.4423715 -0.4678689
32450.321000 0.0911513 -0.0075673 1.3238725 0.5560998 -0.5256491 0.4422593 -0.4678169
32450.420000 0.1029657 -0.0122306 1.3239775 0.5414574 -0.5399888 0.4550459 -0.4562556
32450.521000 0.1032551 -0.0123731 1.3239954 -0.5406591 0.5406886 -0.4557801 0.4556403
32450.620000 0.1036938 -0.0124548 1.3239675 -0.5407328 0.5407569 -0.4556632 0.4555888
32450.722000 0.1037373 -0.0124519 1.3239637 0.5407536 -0.5407453 0.4556431 -0.4555978
32450.820000 0.1033462 -0.0123554 1.3239863 0.5407174 -0.5406439 0.4557290 -0.4556753
32450.921000 0.1037621 -0.0124340 1.3239598 0.5407909 -0.5407130 0.4556130 -0.4556220
32361.970000 0.0928053 -0.0124345 1.3240437 0.5406900 -0.5405942 0.4557365 -0.4557592
32361.971000 0.0928053 -0.0124345 1.3240437 0.5406900 -0.5405942 0.4557365 -0.4557592
32362.020000 0.0928053 -0.0124345 1.3240437 0.5406900 -0.5405942 0.4557365 -0.4557592
32362.120000 0.0924143 -0.0123370 1.3240661 0.5406504 -0.5404902 0.4558269 -0.4558391
32362.220000 0.0928508 -0.0124194 1.3240386 0.5407244 -0.5405614 0.4557090 -0.4557849
32362.320000 0.0928961 -0.0124174 1.3240346 0.5407470 -0.5405517 0.4556863 -0.4557921
32362.420000 0.0929224 -0.0124118 1.3240319 0.5407681 -0.5405392 0.4556671 -0.4558012
32362.521000 0.0929473 -0.0124061 1.3240292 0.5407898 -0.5405272 0.4556471 -0.4558097
32362.620000 0.0929710 -0.0124004 1.3240266 0.5408119 -0.5405156 0.4556267 -0.4558176
32362.721000 0.0929938 -0.0123948 1.3240241 0.5408342 -0.5405043 0.4556060 -0.4558253
32362.820000 0.0925965 -0.0122985 1.3240469 0.5408001 -0.5404053 0.4556892 -0.4558999
32362.920000 0.0930193 -0.0123796 1.3240202 0.5408771 -0.5404785 0.4555682 -0.4558428
32363.020000 0.0930573 -0.0123777 1.3240168 0.5409022 -0.5404712 0.4555426 -0.4558471
32363.120000 0.0930771 -0.0123721 1.3240145 0.5409248 -0.5404605 0.4555215 -0.4558541
32363.220000 0.0930964 -0.0123663 1.3240123 0.5409477 -0.5404494 0.4555001 -0.4558614
32363.320000 0.0927000 -0.0122710 1.3240352 0.5409145 -0.5403514 0.4555820 -0.4559352
32363.420000 0.0926964 -0.0122607 1.3240343 0.5409342 -0.5403358 0.4555663 -0.4559460
32363.521000 0.0931323 -0.0123454 1.3240069 0.5410131 -0.5404125 0.4554414 -0.4558862
32363.620000 0.0927496 -0.0122540 1.3240292 0.5409815 -0.5403174 0.4555197 -0.4559582
32363.720000 0.0927640 -0.0122437 1.3240266 0.5410056 -0.5403061 0.4554989 -0.4559638
32363.820000 0.0931925 -0.0123283 1.3239999 0.5410828 -0.5403812 0.4553760 -0.4559060
32363.920000 0.0928097 -0.0122370 1.3240221 0.5410512 -0.5402861 0.4554543 -0.4559779
32364.020000 0.0932225 -0.0123169 1.3239961 0.5411270 -0.5403580 0.4553351 -0.4559219
32364.120000 0.0928365 -0.0122248 1.3240186 0.5410949 -0.5402624 0.4554144 -0.4559941
32364.220000 0.0932535 -0.0123056 1.3239923 0.5411713 -0.5403350 0.4552940 -0.4559375
32364.320000 0.0932860 -0.0123036 1.3239894 0.5411958 -0.5403271 0.4552692 -0.4559427
32364.420000 0.0933009 -0.0122979 1.3239875 0.5412178 -0.5403154 0.4552489 -0.4559507
32364.520000 0.0933154 -0.0122922 1.3239857 0.5412397 -0.5403037 0.4552286 -0.4559588
32364.620000 0.0929064 -0.0121954 1.3240096 0.5412046 -0.5402031 0.4553135 -0.4560350
32364.721000 0.0933265 -0.0122770 1.3239832 0.5412811 -0.5402764 0.4551926 -0.4559780
32364.820000 0.0933575 -0.0122750 1.3239804 0.5413051 -0.5402681 0.4551683 -0.4559836
32364.920000 0.0933710 -0.0122693 1.3239787 0.5413268 -0.5402560 0.4551484 -0.4559920
32365.020000 0.0929692 -0.0121745 1.3240022 0.5412924 -0.5401569 0.4552315 -0.4560672
32365.120000 0.0933795 -0.0122541 1.3239764 0.5413675 -0.5402280 0.4551131 -0.4560120
32365.220000 0.0929907 -0.0121623 1.3239992 0.5413347 -0.5401318 0.4551933 -0.4560851
32365.320000 0.0934007 -0.0122419 1.3239734 0.5414096 -0.5402028 0.4550750 -0.4560300
32365.420000 0.0934344 -0.0122407 1.3239705 0.5414339 -0.5401948 0.4550500 -0.4560355
32365.520000 0.0930272 -0.0121452 1.3239944 0.5413985 -0.5400946 0.4551348 -0.4561117
32365.620000 0.0934405 -0.0122256 1.3239685 0.5414739 -0.5401661 0.4550156 -0.4560563
32365.720000 0.0934694 -0.0122236 1.3239659 0.5414974 -0.5401571 0.4549920 -0.4560626
32365.820000 0.0934806 -0.0122179 1.3239644 0.5415182 -0.5401446 0.4549730 -0.4560716
32365.920000 0.0934915 -0.0122121 1.3239629 0.5415393 -0.5401317 0.4549538 -0.4560810
32366.020000 0.0935022 -0.0122064 1.3239615 0.5415602 -0.5401189 0.4549348 -0.4560904
32366.120000 0.0930978 -0.0121119 1.3239853 0.5415251 -0.5400191 0.4550188 -0.4561665
32366.220000 0.0930864 -0.0121015 1.3239852 0.5415429 -0.5400016 0.4550053 -0.4561795
32366.320000 0.0935153 -0.0121855 1.3239584 0.5416201 -0.5400764 0.4548826 -0.4561217
32366.420000 0.0935428 -0.0121835 1.3239559 0.5416431 -0.5400670 0.4548595 -0.4561285
32366.520000 0.0935524 -0.0121778 1.3239546 0.5416637 -0.5400539 0.4548408 -0.4561382
32366.620000 0.0935618 -0.0121720 1.3239533 0.5416842 -0.5400407 0.4548222 -0.4561480
32366.720000 0.0931560 -0.0120777 1.3239773 0.5416487 -0.5399405 0.4549067 -0.4562246
32366.820000 0.0931434 -0.0120673 1.3239773 0.5416661 -0.5399227 0.4548936 -0.4562380
32366.920000 0.0931521 -0.0120616 1.3239761 0.5416865 -0.5399093 0.4548752 -0.4562480
32367.021000 0.0935800 -0.0121454 1.3239493 0.5417633 -0.5399838 0.4547529 -0.4561906
32367.121000 0.0936056 -0.0121434 1.3239470 0.5417858 -0.5399739 0.4547304 -0.4561979
32367.220000 0.0936138 -0.0121377 1.3239458 0.5418060 -0.5399604 0.4547122 -0.4562081
32367.320000 0.0936218 -0.0121319 1.3239446 0.5418261 -0.5399468 0.4546941 -0.4562184
32367.420000 0.0936296 -0.0121263 1.3239435 0.5418460 -0.5399333 0.4546762 -0.4562285
32367.520000 0.0936372 -0.0121205 1.3239424 0.5418662 -0.5399195 0.4546580 -0.4562390
32367.620000 0.0936447 -0.0121148 1.3239412 0.5418861 -0.5399057 0.4546401 -0.4562495
32367.722000 0.0936519 -0.0121090 1.3239401 0.5419061 -0.5398919 0.4546222 -0.4562600
32367.820000 0.0936590 -0.0121033 1.3239390 0.5419259 -0.5398781 0.4546044 -0.4562705
32367.920000 0.0936659 -0.0120976 1.3239380 0.5419457 -0.5398642 0.4545867 -0.4562811
32368.020000 0.0936727 -0.0120918 1.3239369 0.5419655 -0.5398503 0.4545689 -0.4562917
32368.120000 0.0932643 -0.0119978 1.3239612 0.5419292 -0.5397494 0.4546542 -0.4563692
32368.220000 0.0932491 -0.0119875 1.3239615 0.5419460 -0.5397308 0.4546420 -0.4563835
32368.320000 0.0936743 -0.0120709 1.3239349 0.5420221 -0.5398045 0.4545205 -0.4563269
32368.421000 0.0936980 -0.0120689 1.3239329 0.5420441 -0.5397940 0.4544987 -0.4563349
32368.520000 0.0937039 -0.0120632 1.3239319 0.5420636 -0.5397799 0.4544812 -0.4563458
32368.620000 0.0932948 -0.0119693 1.3239563 0.5420271 -0.5396788 0.4545667 -0.4564236
32368.721000 0.0936977 -0.0120480 1.3239311 0.5421002 -0.5397477 0.4544509 -0.4563707
32368.820000 0.0937209 -0.0120460 1.3239291 0.5421218 -0.5397373 0.4544293 -0.4563788
32368.920000 0.0937262 -0.0120403 1.3239282 0.5421412 -0.5397229 0.4544121 -0.4563899
32369.020000 0.0937314 -0.0120345 1.3239273 0.5421607 -0.5397084 0.4543948 -0.4564012
32369.120000 0.0937364 -0.0120288 1.3239264 0.5421800 -0.5396939 0.4543776 -0.4564124
32369.220000 0.0937413 -0.0120231 1.3239255 0.5421992 -0.5396795 0.4543605 -0.4564237
32369.320000 0.0937461 -0.0120173 1.3239247 0.5422184 -0.5396650 0.4543435 -0.4564350
32369.420000 0.0937507 -0.0120116 1.3239238 0.5422376 -0.5396504 0.4543265 -0.4564463
32369.520000 0.0937552 -0.0120059 1.3239230 0.5422567 -0.5396359 0.4543095 -0.4564577
32369.620000 0.0933527 -0.0119140 1.3239471 0.5422209 -0.5395361 0.4543934 -0.4565347
32369.720000 0.0937458 -0.0119906 1.3239225 0.5422925 -0.5396028 0.4542802 -0.4564836
32369.820000 0.0933530 -0.0119009 1.3239460 0.5422579 -0.5395050 0.4543617 -0.4565590
32369.921000 0.0933354 -0.0118906 1.3239465 0.5422740 -0.5394858 0.4543503 -0.4565741
32370.021000 0.0937499 -0.0119717 1.3239206 0.5423484 -0.5395570 0.4542317 -0.4565195
32370.120000 0.0933565 -0.0118820 1.3239442 0.5423137 -0.5394590 0.4543134 -0.4565952
32370.221000 0.0937618 -0.0119613 1.3239189 0.5423866 -0.5395284 0.4541973 -0.4565420
32370.320000 0.0937867 -0.0119601 1.3239168 0.5424084 -0.5395180 0.4541754 -0.4565503
32370.420000 0.0937901 -0.0119543 1.3239161 0.5424273 -0.5395030 0.4541586 -0.4565622
32370.521000 0.0937934 -0.0119486 1.3239154 0.5424460 -0.5394882 0.4541422 -0.4565739
32370.620000 0.0937965 -0.0119429 1.3239147 0.5424649 -0.5394731 0.4541256 -0.4565858
32370.723000 0.0933805 -0.0118487 1.3239397 0.5424269 -0.5393705 0.4542130 -0.4566651
32370.821000 0.0937851 -0.0119277 1.3239144 0.5425000 -0.5394394 0.4540969 -0.4566124
32370.920000 0.0938054 -0.0119257 1.3239127 0.5425210 -0.5394280 0.4540762 -0.4566216
32371.020000 0.0938081 -0.0119200 1.3239120 0.5425396 -0.5394129 0.4540598 -0.4566336
32371.120000 0.0938107 -0.0119142 1.3239114 0.5425582 -0.5393978 0.4540434 -0.4566456
32371.221000 0.0938133 -0.0119086 1.3239108 0.5425767 -0.5393828 0.4540272 -0.4566575
32371.320000 0.0938157 -0.0119028 1.3239101 0.5425954 -0.5393674 0.4540108 -0.4566697
32371.420000 0.0938180 -0.0118971 1.3239095 0.5426139 -0.5393522 0.4539945 -0.4566818
32371.521000 0.0934133 -0.0118057 1.3239338 0.5425775 -0.5392519 0.4540791 -0.4567596
32371.620000 0.0937878 -0.0118783 1.3239105 0.5426462 -0.5393145 0.4539707 -0.4567117
32371.721000 0.0938245 -0.0118799 1.3239077 0.5426692 -0.5393066 0.4539461 -0.4567182
32371.820000 0.0938264 -0.0118742 1.3239072 0.5426877 -0.5392911 0.4539298 -0.4567306
32371.921000 0.0938283 -0.0118684 1.3239066 0.5427061 -0.5392757 0.4539137 -0.4567429
32372.020000 0.0938301 -0.0118627 1.3239061 0.5427245 -0.5392604 0.4538976 -0.4567552
32372.121000 0.0934209 -0.0117707 1.3239307 0.5426872 -0.5391592 0.4539835 -0.4568336
32372.220000 0.0938155 -0.0118475 1.3239061 0.5427588 -0.5392258 0.4538700 -0.4567828
32372.320000 0.0938349 -0.0118456 1.3239044 0.5427795 -0.5392141 0.4538495 -0.4567923
32372.420000 0.0938363 -0.0118398 1.3239039 0.5427977 -0.5391986 0.4538336 -0.4568047
32372.520000 0.0934226 -0.0117470 1.3239288 0.5427599 -0.5390964 0.4539204 -0.4568840
32372.621000 0.0938130 -0.0118230 1.3239045 0.5428307 -0.5391622 0.4538081 -0.4568338
32372.720000 0.0934297 -0.0117367 1.3239275 0.5427968 -0.5390664 0.4538876 -0.4569081
32372.820000 0.0934046 -0.0117254 1.3239287 0.5428116 -0.5390452 0.4538781 -0.4569250
32372.920000 0.0938246 -0.0118076 1.3239025 0.5428864 -0.5391172 0.4537585 -0.4568700
32373.021000 0.0938432 -0.0118055 1.3239010 0.5429069 -0.5391053 0.4537383 -0.4568798
32373.120000 0.0938441 -0.0117998 1.3239005 0.5429250 -0.5390897 0.4537225 -0.4568924
32373.220000 0.0938449 -0.0117941 1.3239000 0.5429431 -0.5390740 0.4537068 -0.4569050
32373.320000 0.0934387 -0.0117032 1.3239245 0.5429062 -0.5389733 0.4537918 -0.4569832
32373.420000 0.0938283 -0.0117789 1.3239002 0.5429768 -0.5390389 0.4536798 -0.4569332
32373.520000 0.0938469 -0.0117770 1.3238987 0.5429973 -0.5390269 0.4536596 -0.4569430
32373.620000 0.0938475 -0.0117713 1.3238983 0.5430152 -0.5390113 0.4536441 -0.4569556
32373.720000 0.0938479 -0.0117655 1.3238978 0.5430333 -0.5389954 0.4536283 -0.4569684
32373.820000 0.0938483 -0.0117598 1.3238974 0.5430513 -0.5389796 0.4536126 -0.4569812
32373.921000 0.0934641 -0.0116738 1.3239206 0.5430173 -0.5388834 0.4536922 -0.4570560
32374.020000 0.0938297 -0.0117444 1.3238978 0.5430846 -0.5389440 0.4535862 -0.4570099
32374.120000 0.0938491 -0.0117427 1.3238962 0.5431051 -0.5389322 0.4535659 -0.4570196
32374.221000 0.0938493 -0.0117370 1.3238958 0.5431230 -0.5389163 0.4535503 -0.4570325
32374.320000 0.0938494 -0.0117313 1.3238954 0.5431408 -0.5389006 0.4535349 -0.4570452
32374.420000 0.0938494 -0.0117256 1.3238951 0.5431588 -0.5388845 0.4535193 -0.4570582
32374.520000 0.0938493 -0.0117199 1.3238947 0.5431767 -0.5388686 0.4535038 -0.4570712
32374.620000 0.0934341 -0.0116276 1.3239198 0.5431384 -0.5387660 0.4535910 -0.4571510
32374.720000 0.0934124 -0.0116175 1.3239207 0.5431531 -0.5387457 0.4535811 -0.4571674
32374.820000 0.0938314 -0.0116991 1.3238947 0.5432278 -0.5388171 0.4534617 -0.4571128
32374.920000 0.0938486 -0.0116970 1.3238932 0.5432479 -0.5388048 0.4534420 -0.4571230
32375.020000 0.0938482 -0.0116913 1.3238929 0.5432657 -0.5387888 0.4534266 -0.4571360
32375.120000 0.0938479 -0.0116857 1.3238926 0.5432833 -0.5387730 0.4534113 -0.4571489
32375.221000 0.0938474 -0.0116799 1.3238922 0.5433012 -0.5387568 0.4533958 -0.4571621
32375.320000 0.0938469 -0.0116742 1.3238919 0.5433190 -0.5387407 0.4533805 -0.4571751
32375.420000 0.0938464 -0.0116685 1.3238916 0.5433367 -0.5387247 0.4533651 -0.4571882
32375.520000 0.0938458 -0.0116628 1.3238913 0.5433544 -0.5387086 0.4533498 -0.4572013
32375.620000 0.0938451 -0.0116570 1.3238909 0.5433724 -0.5386921 0.4533342 -0.4572147
32375.720000 0.0938445 -0.0116514 1.3238906 0.5433898 -0.5386764 0.4533192 -0.4572275
32375.820000 0.0938437 -0.0116458 1.3238903 0.5434073 -0.5386604 0.4533041 -0.4572405
32375.921000 0.0938429 -0.0116400 1.3238900 0.5434251 -0.5386441 0.4532887 -0.4572538
32376.020000 0.0938421 -0.0116343 1.3238897 0.5434427 -0.5386280 0.4532735 -0.4572670
32376.120000 0.0938412 -0.0116286 1.3238895 0.5434603 -0.5386118 0.4532582 -0.4572802
32376.220000 0.0938403 -0.0116229 1.3238892 0.5434779 -0.5385956 0.4532430 -0.4572934
32376.320000 0.0938393 -0.0116172 1.3238889 0.5434955 -0.5385794 0.4532278 -0.4573066
32376.420000 0.0938383 -0.0116116 1.3238886 0.5435130 -0.5385634 0.4532128 -0.4573197
32376.520000 0.0938373 -0.0116058 1.3238883 0.5435307 -0.5385470 0.4531975 -0.4573331
32376.620000 0.0934290 -0.0115158 1.3239131 0.5434932 -0.5384458 0.4532830 -0.4574121
32376.720000 0.0938128 -0.0115899 1.3238892 0.5435626 -0.5385100 0.4531728 -0.4573631
32376.820000 0.0938339 -0.0115888 1.3238876 0.5435832 -0.5384985 0.4531522 -0.4573728
32376.920000 0.0938326 -0.0115831 1.3238873 0.5436009 -0.5384820 0.4531369 -0.4573862
32377.023000 0.0934162 -0.0114914 1.3239125 0.5435622 -0.5383791 0.4532245 -0.4574666
32377.120000 0.0938124 -0.0115680 1.3238879 0.5436335 -0.5384458 0.4531111 -0.4574157
32377.220000 0.0934135 -0.0114801 1.3239120 0.5435972 -0.5383465 0.4531943 -0.4574933
32377.320000 0.0938097 -0.0115566 1.3238874 0.5436685 -0.5384131 0.4530809 -0.4574424
32377.420000 0.0938259 -0.0115546 1.3238861 0.5436883 -0.5384005 0.4530615 -0.4574530
32377.520000 0.0938245 -0.0115489 1.3238859 0.5437058 -0.5383841 0.4530464 -0.4574663
32377.620000 0.0938230 -0.0115432 1.3238856 0.5437233 -0.5383678 0.4530314 -0.4574797
32377.720000 0.0938215 -0.0115376 1.3238854 0.5437405 -0.5383516 0.4530165 -0.4574930
32377.820000 0.0934049 -0.0114462 1.3239107 0.5437020 -0.5382484 0.4531040 -0.4575736
32377.920000 0.0938006 -0.0115225 1.3238861 0.5437732 -0.5383150 0.4529907 -0.4575228
32378.021000 0.0934014 -0.0114348 1.3239102 0.5437368 -0.5382156 0.4530740 -0.4576005
32378.120000 0.0933781 -0.0114247 1.3239113 0.5437512 -0.5381947 0.4530644 -0.4576175
32378.220000 0.0937957 -0.0115055 1.3238854 0.5438254 -0.5382658 0.4529457 -0.4575632
32378.320000 0.0934044 -0.0114195 1.3239091 0.5437900 -0.5381681 0.4530271 -0.4576396
32378.420000 0.0937918 -0.0114940 1.3238850 0.5438601 -0.5382328 0.4529159 -0.4575902
32378.520000 0.0938080 -0.0114921 1.3238837 0.5438799 -0.5382201 0.4528965 -0.4576008
32378.620000 0.0933914 -0.0114010 1.3239090 0.5438411 -0.5381171 0.4529841 -0.4576813
32378.720000 0.0933675 -0.0113908 1.3239102 0.5438555 -0.5380961 0.4529746 -0.4576984
32378.820000 0.0933656 -0.0113851 1.3239100 0.5438728 -0.5380796 0.4529597 -0.4577119
32378.920000 0.0937746 -0.0114640 1.3238846 0.5439458 -0.5381488 0.4528432 -0.4576591
32379.020000 0.0937986 -0.0114637 1.3238828 0.5439666 -0.5381377 0.4528219 -0.4576684
32379.120000 0.0937967 -0.0114580 1.3238826 0.5439839 -0.5381212 0.4528070 -0.4576820
32379.220000 0.0937947 -0.0114523 1.3238824 0.5440012 -0.5381047 0.4527921 -0.4576956
32379.321000 0.0937925 -0.0114464 1.3238823 0.5440193 -0.5380874 0.4527766 -0.4577098
32379.420000 0.0937906 -0.0114410 1.3238821 0.5440357 -0.5380718 0.4527625 -0.4577226
32379.520000 0.0933646 -0.0113482 1.3239079 0.5439961 -0.5379664 0.4528520 -0.4578051
32379.620000 0.0937688 -0.0114260 1.3238829 0.5440680 -0.5380349 0.4527371 -0.4577528
32379.722000 0.0937843 -0.0114239 1.3238816 0.5440877 -0.5380220 0.4527178 -0.4577635
32379.820000 0.0933668 -0.0113331 1.3239069 0.5440487 -0.5379188 0.4528056 -0.4578443
32379.920000 0.0933430 -0.0113230 1.3239081 0.5440630 -0.5378978 0.4527961 -0.4578614
32380.020000 0.0937601 -0.0114033 1.3238822 0.5441371 -0.5379686 0.4526777 -0.4578073
32380.121000 0.0937755 -0.0114012 1.3238810 0.5441567 -0.5379557 0.4526585 -0.4578181
32380.220000 0.0933579 -0.0113105 1.3239063 0.5441177 -0.5378525 0.4527463 -0.4578989
32380.320000 0.0937533 -0.0113863 1.3238818 0.5441888 -0.5379188 0.4526333 -0.4578482
32380.420000 0.0937687 -0.0113842 1.3238805 0.5442084 -0.5379059 0.4526141 -0.4578591
32380.520000 0.0933426 -0.0112918 1.3239064 0.5441682 -0.5378009 0.4527040 -0.4579412
32380.620000 0.0937467 -0.0113693 1.3238813 0.5442405 -0.5378690 0.4525888 -0.4578892
32380.720000 0.0937617 -0.0113672 1.3238801 0.5442600 -0.5378560 0.4525698 -0.4579001
32380.820000 0.0933439 -0.0112766 1.3239055 0.5442210 -0.5377528 0.4526576 -0.4579810
32380.920000 0.0937351 -0.0113515 1.3238812 0.5442913 -0.5378183 0.4525458 -0.4579309
32381.021000 0.0937544 -0.0113502 1.3238797 0.5443116 -0.5378061 0.4525255 -0.4579412
32381.120000 0.0933371 -0.0112598 1.3239050 0.5442726 -0.5377029 0.4526132 -0.4580220
32381.220000 0.0937319 -0.0113353 1.3238805 0.5443436 -0.5377690 0.4525004 -0.4579715
32381.320000 0.0937470 -0.0113332 1.3238793 0.5443632 -0.5377560 0.4524813 -0.4579824
32381.420000 0.0937445 -0.0113276 1.3238792 0.5443803 -0.5377393 0.4524665 -0.4579962
32381.520000 0.0937420 -0.0113219 1.3238791 0.5443975 -0.5377227 0.4524518 -0.4580099
32381.620000 0.0933203 -0.0112308 1.3239047 0.5443577 -0.5376187 0.4525407 -0.4580913
32381.720000 0.0937194 -0.0113070 1.3238799 0.5444294 -0.5376856 0.4524267 -0.4580402
32381.820000 0.0937343 -0.0113050 1.3238787 0.5444488 -0.5376727 0.4524078 -0.4580510
32381.920000 0.0937317 -0.0112993 1.3238786 0.5444661 -0.5376558 0.4523930 -0.4580650
32382.020000 0.0937291 -0.0112936 1.3238785 0.5444832 -0.5376391 0.4523782 -0.4580787
32382.120000 0.0937264 -0.0112879 1.3238784 0.5445004 -0.5376224 0.4523636 -0.4580925
32382.220000 0.0933042 -0.0111969 1.3239040 0.5444605 -0.5375184 0.4524526 -0.4581741
32382.321000 0.0932840 -0.0111877 1.3239050 0.5444754 -0.5374978 0.4524421 -0.4581908
32382.420000 0.0932813 -0.0111821 1.3239049 0.5444925 -0.5374811 0.4524274 -0.4582046
32382.520000 0.0936980 -0.0112617 1.3238790 0.5445665 -0.5375517 0.4523092 -0.4581506
32382.621000 0.0932975 -0.0111752 1.3239034 0.5445297 -0.5374521 0.4523927 -0.4582288
32382.720000 0.0936926 -0.0112504 1.3238788 0.5446007 -0.5375182 0.4522798 -0.4581782
32382.820000 0.0937075 -0.0112483 1.3238777 0.5446202 -0.5375051 0.4522608 -0.4581892
32382.920000 0.0932893 -0.0111583 1.3239031 0.5445809 -0.5374018 0.4523487 -0.4582702
32383.020000 0.0932648 -0.0111483 1.3239043 0.5445951 -0.5373805 0.4523394 -0.4582876
32383.120000 0.0932621 -0.0111427 1.3239042 0.5446120 -0.5373638 0.4523249 -0.4583013
32383.220000 0.0932593 -0.0111371 1.3239041 0.5446291 -0.5373471 0.4523102 -0.4583151
32383.320000 0.0932564 -0.0111314 1.3239040 0.5446463 -0.5373301 0.4522954 -0.4583291
32383.420000 0.0936730 -0.0112109 1.3238782 0.5447203 -0.5374007 0.4521772 -0.4582751
32383.520000 0.0936878 -0.0112088 1.3238770 0.5447396 -0.5373877 0.4521584 -0.4582860
32383.620000 0.0932697 -0.0111190 1.3239024 0.5447005 -0.5372842 0.4522461 -0.4583672
32383.720000 0.0932449 -0.0111090 1.3239037 0.5447146 -0.5372628 0.4522369 -0.4583846
32383.820000 0.0936573 -0.0111875 1.3238781 0.5447878 -0.5373327 0.4521199 -0.4583311
32383.920000 0.0936762 -0.0111862 1.3238767 0.5448080 -0.5373202 0.4520997 -0.4583416
32384.020000 0.0936733 -0.0111806 1.3238766 0.5448251 -0.5373034 0.4520851 -0.4583555
32384.120000 0.0936704 -0.0111750 1.3238765 0.5448420 -0.5372867 0.4520706 -0.4583692
32384.220000 0.0936675 -0.0111693 1.3238764 0.5448590 -0.5372699 0.4520560 -0.4583831
32384.320000 0.0936645 -0.0111636 1.3238763 0.5448762 -0.5372529 0.4520413 -0.4583972
32384.420000 0.0932460 -0.0110740 1.3239018 0.5448369 -0.5371495 0.4521292 -0.4584783
32384.520000 0.0936409 -0.0111488 1.3238773 0.5449079 -0.5372155 0.4520164 -0.4584278
32384.620000 0.0936555 -0.0111467 1.3238761 0.5449273 -0.5372023 0.4519974 -0.4584389
32384.721000 0.0936523 -0.0111407 1.3238760 0.5449454 -0.5371844 0.4519820 -0.4584537
32384.820000 0.0936495 -0.0111354 1.3238760 0.5449614 -0.5371686 0.4519682 -0.4584667
32384.920000 0.0936465 -0.0111298 1.3238759 0.5449784 -0.5371517 0.4519537 -0.4584806
32385.021000 0.0936434 -0.0111241 1.3238758 0.5449954 -0.5371348 0.4519391 -0.4584946
32385.120000 0.0936404 -0.0111185 1.3238758 0.5450125 -0.5371179 0.4519245 -0.4585085
32385.220000 0.0936373 -0.0111129 1.3238757 0.5450293 -0.5371012 0.4519100 -0.4585223
32385.320000 0.0936343 -0.0111073 1.3238756 0.5450463 -0.5370843 0.4518954 -0.4585362
32385.420000 0.0932158 -0.0110179 1.3239011 0.5450071 -0.5369808 0.4519832 -0.4586176
32385.520000 0.0936104 -0.0110924 1.3238766 0.5450781 -0.5370467 0.4518705 -0.4585671
32385.620000 0.0936250 -0.0110903 1.3238754 0.5450975 -0.5370334 0.4518516 -0.4585782
32385.720000 0.0936219 -0.0110847 1.3238754 0.5451144 -0.5370167 0.4518371 -0.4585920
32385.820000 0.0936188 -0.0110791 1.3238753 0.5451313 -0.5369998 0.4518226 -0.4586060
32385.920000 0.0932002 -0.0109899 1.3239007 0.5450921 -0.5368962 0.4519103 -0.4586873
32386.021000 0.0931752 -0.0109799 1.3239020 0.5451062 -0.5368748 0.4519011 -0.4587049
32386.126000 0.0935916 -0.0110586 1.3238762 0.5451801 -0.5369452 0.4517831 -0.4586509
32386.220000 0.0931946 -0.0109739 1.3239003 0.5451435 -0.5368464 0.4518658 -0.4587285
32386.321000 0.0935851 -0.0110473 1.3238761 0.5452141 -0.5369113 0.4517540 -0.4586788
32386.420000 0.0931922 -0.0109634 1.3239000 0.5451782 -0.5368132 0.4518355 -0.4587559
32386.521000 0.0931593 -0.0109519 1.3239017 0.5451911 -0.5367901 0.4518283 -0.4587747
32386.620000 0.0935757 -0.0110305 1.3238759 0.5452650 -0.5368605 0.4517103 -0.4587207
32386.721000 0.0935902 -0.0110284 1.3238748 0.5452843 -0.5368474 0.4516915 -0.4587317
32386.820000 0.0935870 -0.0110228 1.3238748 0.5453012 -0.5368304 0.4516769 -0.4587457
32386.921000 0.0935838 -0.0110171 1.3238747 0.5453184 -0.5368133 0.4516622 -0.4587598
32387.020000 0.0935805 -0.0110115 1.3238746 0.5453353 -0.5367963 0.4516477 -0.4587738
32387.120000 0.0935773 -0.0110059 1.3238746 0.5453523 -0.5367794 0.4516331 -0.4587878
32387.220000 0.0931584 -0.0109170 1.3239001 0.5453129 -0.5366759 0.4517210 -0.4588692
32387.320000 0.0931335 -0.0109071 1.3239013 0.5453269 -0.5366545 0.4517118 -0.4588867
32387.420000 0.0931302 -0.0109015 1.3239013 0.5453438 -0.5366375 0.4516973 -0.4589007
32387.520000 0.0931270 -0.0108959 1.3239012 0.5453606 -0.5366207 0.4516829 -0.4589146
32387.620000 0.0935435 -0.0109742 1.3238754 0.5454348 -0.5366909 0.4515647 -0.4588607
32387.722000 0.0935577 -0.0109721 1.3238743 0.5454541 -0.5366775 0.4515459 -0.4588719
32387.820000 0.0935545 -0.0109665 1.3238743 0.5454711 -0.5366605 0.4515313 -0.4588859
32387.921000 0.0931355 -0.0108778 1.3238997 0.5454316 -0.5365571 0.4516192 -0.4589673
32388.020000 0.0935302 -0.0109517 1.3238753 0.5455026 -0.5366229 0.4515066 -0.4589168
32388.120000 0.0931288 -0.0108666 1.3238997 0.5454655 -0.5365231 0.4515902 -0.4589953
32388.220000 0.0935153 -0.0109388 1.3238757 0.5455354 -0.5365872 0.4514796 -0.4589462
32388.320000 0.0931226 -0.0108555 1.3238995 0.5454994 -0.5364892 0.4515610 -0.4590233
32388.423000 0.0930972 -0.0108455 1.3239009 0.5455134 -0.5364676 0.4515519 -0.4590409
32388.520000 0.0930939 -0.0108400 1.3239008 0.5455303 -0.5364506 0.4515373 -0.4590550
32388.620000 0.0935102 -0.0109180 1.3238750 0.5456043 -0.5365209 0.4514194 -0.4590009
32388.720000 0.0935246 -0.0109159 1.3238739 0.5456236 -0.5365075 0.4514005 -0.4590121
32388.820000 0.0935212 -0.0109103 1.3238739 0.5456406 -0.5364905 0.4513860 -0.4590262
32388.920000 0.0935179 -0.0109047 1.3238738 0.5456575 -0.5364735 0.4513715 -0.4590402
32389.020000 0.0931068 -0.0108179 1.3238988 0.5456191 -0.5363717 0.4514574 -0.4591203
32389.120000 0.0934888 -0.0108891 1.3238751 0.5456882 -0.5364350 0.4513480 -0.4590718
32389.220000 0.0935078 -0.0108879 1.3238737 0.5457083 -0.5364224 0.4513279 -0.4590823
32389.320000 0.0935044 -0.0108823 1.3238737 0.5457253 -0.5364054 0.4513134 -0.4590964
32389.420000 0.0935010 -0.0108767 1.3238736 0.5457422 -0.5363883 0.4512988 -0.4591104
32389.520000 0.0934976 -0.0108710 1.3238736 0.5457591 -0.5363713 0.4512843 -0.4591245
32389.620000 0.0934942 -0.0108654 1.3238736 0.5457761 -0.5363543 0.4512698 -0.4591385
32389.720000 0.0930750 -0.0107772 1.3238991 0.5457365 -0.5362508 0.4513577 -0.4592200
32389.820000 0.0934697 -0.0108507 1.3238746 0.5458075 -0.5363165 0.4512451 -0.4591695
32389.920000 0.0934840 -0.0108486 1.3238735 0.5458268 -0.5363031 0.4512262 -0.4591807
32390.020000 0.0930606 -0.0107597 1.3238992 0.5457865 -0.5361989 0.4513153 -0.4592628
32390.120000 0.0934597 -0.0108339 1.3238745 0.5458583 -0.5362654 0.4512015 -0.4592117
32390.220000 0.0934737 -0.0108318 1.3238734 0.5458776 -0.5362520 0.4511827 -0.4592229
32390.323000 0.0934703 -0.0108262 1.3238734 0.5458945 -0.5362349 0.4511681 -0.4592370
32390.421000 0.0934669 -0.0108206 1.3238733 0.5459115 -0.5362178 0.4511536 -0.4592510
32390.520000 0.0934634 -0.0108150 1.3238733 0.5459284 -0.5362008 0.4511391 -0.4592651
32390.620000 0.0930441 -0.0107270 1.3238988 0.5458888 -0.5360973 0.4512270 -0.4593467
32390.720000 0.0934388 -0.0108003 1.3238743 0.5459598 -0.5361630 0.4511144 -0.4592961
32390.820000 0.0930288 -0.0107142 1.3238992 0.5459215 -0.5360614 0.4512000 -0.4593762
32390.920000 0.0934241 -0.0107875 1.3238748 0.5459926 -0.5361272 0.4510873 -0.4593256
32391.020000 0.0934462 -0.0107870 1.3238732 0.5460130 -0.5361154 0.4510665 -0.4593355
32391.120000 0.0934427 -0.0107814 1.3238731 0.5460299 -0.5360983 0.4510520 -0.4593496
32391.220000 0.0934392 -0.0107758 1.3238731 0.5460468 -0.5360812 0.4510375 -0.4593637
32391.321000 0.0930240 -0.0106889 1.3238983 0.5460076 -0.5359788 0.4511245 -0.4594445
32391.420000 0.0929947 -0.0106782 1.3238999 0.5460211 -0.5359562 0.4511162 -0.4594629
32391.521000 0.0934111 -0.0107555 1.3238741 0.5460952 -0.5360263 0.4509983 -0.4594088
32391.620000 0.0934253 -0.0107534 1.3238730 0.5461145 -0.5360129 0.4509794 -0.4594200
32391.722000 0.0930179 -0.0106681 1.3238978 0.5460763 -0.5359120 0.4510644 -0.4594995
32391.820000 0.0929808 -0.0106559 1.3238998 0.5460888 -0.5358878 0.4510581 -0.4595192
32391.920000 0.0929773 -0.0106504 1.3238998 0.5461055 -0.5358709 0.4510437 -0.4595332
32392.020000 0.0929738 -0.0106447 1.3238998 0.5461226 -0.5358536 0.4510290 -0.4595474
32392.120000 0.0933901 -0.0107219 1.3238740 0.5461966 -0.5359237 0.4509112 -0.4594934
32392.220000 0.0934043 -0.0107198 1.3238729 0.5462159 -0.5359103 0.4508923 -0.4595046
32392.320000 0.0929930 -0.0106339 1.3238979 0.5461774 -0.5358085 0.4509782 -0.4595849
32392.420000 0.0933792 -0.0107051 1.3238739 0.5462473 -0.5358723 0.4508677 -0.4595357
32392.520000 0.0929778 -0.0106212 1.3238983 0.5462101 -0.5357726 0.4509511 -0.4596144
32392.620000 0.0929526 -0.0106113 1.3238996 0.5462240 -0.5357509 0.4509419 -0.4596321
32392.721000 0.0933690 -0.0106884 1.3238739 0.5462980 -0.5358210 0.4508241 -0.4595780
32392.820000 0.0929714 -0.0106053 1.3238980 0.5462612 -0.5357222 0.4509067 -0.4596560
32392.920000 0.0933618 -0.0106772 1.3238738 0.5463318 -0.5357867 0.4507951 -0.4596062
32393.020000 0.0933761 -0.0106751 1.3238727 0.5463512 -0.5357733 0.4507762 -0.4596174
32393.120000 0.0933726 -0.0106695 1.3238727 0.5463681 -0.5357562 0.4507617 -0.4596316
32393.220000 0.0929531 -0.0105822 1.3238982 0.5463284 -0.5356527 0.4508495 -0.4597132
32393.320000 0.0929279 -0.0105725 1.3238995 0.5463422 -0.5356312 0.4508404 -0.4597307
32393.420000 0.0929244 -0.0105669 1.3238995 0.5463590 -0.5356141 0.4508259 -0.4597448
32393.520000 0.0933363 -0.0106429 1.3238740 0.5464325 -0.5356832 0.4507092 -0.4596915
32393.622000 0.0929432 -0.0105609 1.3238978 0.5463964 -0.5355852 0.4507905 -0.4597688
32393.720000 0.0933334 -0.0106325 1.3238737 0.5464670 -0.5356497 0.4506790 -0.4597191
32393.820000 0.0933477 -0.0106304 1.3238726 0.5464864 -0.5356362 0.4506600 -0.4597304
32393.920000 0.0929244 -0.0105426 1.3238983 0.5464460 -0.5355321 0.4507489 -0.4598125
32394.020000 0.0933231 -0.0106158 1.3238736 0.5465178 -0.5355983 0.4506353 -0.4597614
32394.120000 0.0929211 -0.0105322 1.3238980 0.5464804 -0.5354984 0.4507188 -0.4598403
32394.221000 0.0933158 -0.0106046 1.3238736 0.5465515 -0.5355640 0.4506063 -0.4597897
32394.320000 0.0929139 -0.0105211 1.3238980 0.5465142 -0.5354641 0.4506898 -0.4598686
32394.421000 0.0933087 -0.0105934 1.3238735 0.5465853 -0.5355297 0.4505773 -0.4598180
32394.520000 0.0933228 -0.0105913 1.3238724 0.5466046 -0.5355162 0.4505584 -0.4598292
32394.621000 0.0928990 -0.0105037 1.3238982 0.5465642 -0.5354120 0.4506474 -0.4599115
32394.720000 0.0932981 -0.0105767 1.3238735 0.5466360 -0.5354782 0.4505337 -0.4598603
32394.820000 0.0928871 -0.0104915 1.3238985 0.5465978 -0.5353762 0.4506190 -0.4599409
32394.920000 0.0932906 -0.0105655 1.3238735 0.5466698 -0.5354438 0.4505047 -0.4598887
32395.020000 0.0933049 -0.0105634 1.3238724 0.5466891 -0.5354303 0.4504858 -0.4598999
32395.120000 0.0928893 -0.0104775 1.3238976 0.5466498 -0.5353279 0.4505727 -0.4599808
32395.220000 0.0932798 -0.0105488 1.3238734 0.5467205 -0.5353923 0.4504612 -0.4599311
32395.320000 0.0932941 -0.0105467 1.3238723 0.5467398 -0.5353788 0.4504422 -0.4599423
32395.420000 0.0932905 -0.0105411 1.3238723 0.5467567 -0.5353616 0.4504277 -0.4599564
32395.520000 0.0932869 -0.0105355 1.3238723 0.5467736 -0.5353445 0.4504132 -0.4599706
32395.620000 0.0932833 -0.0105300 1.3238723 0.5467903 -0.5353274 0.4503988 -0.4599846
32395.720000 0.0932797 -0.0105244 1.3238723 0.5468074 -0.5353101 0.4503841 -0.4599988
32395.820000 0.0928559 -0.0104371 1.3238980 0.5467669 -0.5352059 0.4504730 -0.4600812
32395.920000 0.0932550 -0.0105099 1.3238733 0.5468388 -0.5352721 0.4503594 -0.4600300
32396.020000 0.0932689 -0.0105077 1.3238722 0.5468580 -0.5352585 0.4503405 -0.4600413
32396.120000 0.0928491 -0.0104212 1.3238977 0.5468183 -0.5351550 0.4504283 -0.4601231
32396.221000 0.0932440 -0.0104931 1.3238733 0.5468894 -0.5352205 0.4503158 -0.4600724
32396.320000 0.0932580 -0.0104910 1.3238722 0.5469087 -0.5352070 0.4502970 -0.4600837
32396.420000 0.0932544 -0.0104854 1.3238722 0.5469256 -0.5351898 0.4502824 -0.4600979
32396.520000 0.0932508 -0.0104799 1.3238722 0.5469423 -0.5351727 0.4502680 -0.4601119
32396.620000 0.0928313 -0.0103936 1.3238977 0.5469027 -0.5350691 0.4503556 -0.4601938
32396.720000 0.0928057 -0.0103838 1.3238990 0.5469166 -0.5350474 0.4503464 -0.4602115
32396.820000 0.0932219 -0.0104596 1.3238733 0.5469907 -0.5351172 0.4502287 -0.4601574
32396.920000 0.0932363 -0.0104576 1.3238721 0.5470101 -0.5351038 0.4502098 -0.4601686
32397.020000 0.0932327 -0.0104520 1.3238721 0.5470269 -0.5350865 0.4501952 -0.4601827
32397.120000 0.0928129 -0.0103658 1.3238976 0.5469871 -0.5349830 0.4502829 -0.4602646
32397.220000 0.0932077 -0.0104375 1.3238732 0.5470583 -0.5350485 0.4501705 -0.4602139
32397.320000 0.0932218 -0.0104354 1.3238721 0.5470775 -0.5350351 0.4501518 -0.4602251
32397.420000 0.0932182 -0.0104298 1.3238721 0.5470943 -0.5350179 0.4501372 -0.4602392
32397.521000 0.0932145 -0.0104242 1.3238721 0.5471114 -0.5350005 0.4501226 -0.4602535
32397.620000 0.0932109 -0.0104186 1.3238721 0.5471283 -0.5349833 0.4501080 -0.4602677
32397.721000 0.0932072 -0.0104131 1.3238721 0.5471452 -0.5349660 0.4500935 -0.4602818
32397.820000 0.0932036 -0.0104075 1.3238721 0.5471621 -0.5349488 0.4500789 -0.4602960
32397.920000 0.0932000 -0.0104020 1.3238720 0.5471790 -0.5349316 0.4500644 -0.4603101
32398.020000 0.0931964 -0.0103965 1.3238720 0.5471957 -0.5349145 0.4500500 -0.4603242
32398.120000 0.0931927 -0.0103908 1.3238720 0.5472127 -0.5348971 0.4500353 -0.4603385
32398.220000 0.0927728 -0.0103049 1.3238975 0.5471729 -0.5347936 0.4501230 -0.4604203
32398.320000 0.0931677 -0.0103763 1.3238731 0.5472441 -0.5348590 0.4500106 -0.4603697
32398.420000 0.0931817 -0.0103742 1.3238720 0.5472634 -0.5348454 0.4499917 -0.4603810
32398.521000 0.0931781 -0.0103686 1.3238720 0.5472803 -0.5348282 0.4499771 -0.4603951
32398.620000 0.0931745 -0.0103631 1.3238720 0.5472970 -0.5348111 0.4499627 -0.4604091
32398.720000 0.0927543 -0.0102773 1.3238975 0.5472573 -0.5347074 0.4500503 -0.4604912
32398.824000 0.0931494 -0.0103485 1.3238731 0.5473286 -0.5347728 0.4499378 -0.4604405
32398.920000 0.0927388 -0.0102646 1.3238980 0.5472900 -0.5346712 0.4500232 -0.4605209
32399.020000 0.0927219 -0.0102566 1.3238988 0.5473049 -0.5346514 0.4500121 -0.4605371
32399.120000 0.0927182 -0.0102510 1.3238988 0.5473219 -0.5346340 0.4499974 -0.4605514
32399.220000 0.0931348 -0.0103263 1.3238730 0.5473961 -0.5347038 0.4498796 -0.4604972
32399.320000 0.0927326 -0.0102441 1.3238974 0.5473587 -0.5346040 0.4499629 -0.4605762
32399.420000 0.0927072 -0.0102344 1.3238988 0.5473726 -0.5345822 0.4499537 -0.4605939
32399.521000 0.0931241 -0.0103098 1.3238730 0.5474468 -0.5346521 0.4498359 -0.4605396
32399.620000 0.0927174 -0.0102268 1.3238977 0.5474086 -0.5345515 0.4499204 -0.4606193
32399.720000 0.0931251 -0.0103002 1.3238725 0.5474821 -0.5346190 0.4498044 -0.4605669
32399.820000 0.0931305 -0.0102964 1.3238719 0.5474999 -0.5346039 0.4497879 -0.4605793
32399.920000 0.0931268 -0.0102909 1.3238719 0.5475168 -0.5345867 0.4497734 -0.4605935
32400.020000 0.0927068 -0.0102055 1.3238974 0.5474769 -0.5344832 0.4498610 -0.4606754
32400.120000 0.0931018 -0.0102764 1.3238730 0.5475481 -0.5345485 0.4497486 -0.4606247
32400.220000 0.0931158 -0.0102742 1.3238719 0.5475676 -0.5345347 0.4497296 -0.4606361
32400.320000 0.0931121 -0.0102687 1.3238719 0.5475843 -0.5345176 0.4497152 -0.4606502
32400.420000 0.0926921 -0.0101834 1.3238974 0.5475444 -0.5344141 0.4498028 -0.4607321
32400.520000 0.0926668 -0.0101737 1.3238987 0.5475584 -0.5343924 0.4497935 -0.4607498
32400.620000 0.0930792 -0.0102479 1.3238732 0.5476318 -0.5344614 0.4496770 -0.4606961
32400.720000 0.0930974 -0.0102465 1.3238718 0.5476519 -0.5344485 0.4496569 -0.4607069
32400.821000 0.0930937 -0.0102410 1.3238718 0.5476688 -0.5344313 0.4496423 -0.4607211
32400.920000 0.0926696 -0.0101551 1.3238976 0.5476281 -0.5343271 0.4497311 -0.4608036
32401.020000 0.0926483 -0.0101462 1.3238987 0.5476428 -0.5343060 0.4497207 -0.4608208
32401.120000 0.0930650 -0.0102210 1.3238729 0.5477170 -0.5343758 0.4496030 -0.4607665
32401.220000 0.0930790 -0.0102188 1.3238718 0.5477363 -0.5343621 0.4495841 -0.4607778
32401.320000 0.0930753 -0.0102133 1.3238718 0.5477532 -0.5343448 0.4495695 -0.4607920
32401.420000 0.0930716 -0.0102078 1.3238718 0.5477701 -0.5343276 0.4495549 -0.4608062
32401.520000 0.0926516 -0.0101227 1.3238973 0.5477302 -0.5342241 0.4496425 -0.4608882
32401.620000 0.0926262 -0.0101131 1.3238986 0.5477440 -0.5342024 0.4496334 -0.4609057
32401.720000 0.0930431 -0.0101878 1.3238729 0.5478184 -0.5342721 0.4495155 -0.4608516
32401.820000 0.0930569 -0.0101856 1.3238718 0.5478377 -0.5342584 0.4494966 -0.4608629
32401.920000 0.0926368 -0.0101007 1.3238973 0.5477978 -0.5341549 0.4495842 -0.4609449
32402.020000 0.0930318 -0.0101712 1.3238729 0.5478691 -0.5342201 0.4494718 -0.4608942
32402.120000 0.0930458 -0.0101689 1.3238718 0.5478886 -0.5342063 0.4494527 -0.4609056
32402.221000 0.0930421 -0.0101635 1.3238718 0.5479053 -0.5341892 0.4494383 -0.4609196
32402.320000 0.0926220 -0.0100787 1.3238973 0.5478653 -0.5340857 0.4495259 -0.4610017
32402.420000 0.0930170 -0.0101490 1.3238728 0.5479367 -0.5341509 0.4494135 -0.4609509
32402.520000 0.0926146 -0.0100677 1.3238973 0.5478991 -0.5340511 0.4494967 -0.4610301
32402.620000 0.0930096 -0.0101380 1.3238728 0.5479705 -0.5341163 0.4493843 -0.4609793
32402.720000 0.0930236 -0.0101358 1.3238717 0.5479898 -0.5341027 0.4493654 -0.4609906
32402.820000 0.0930199 -0.0101303 1.3238717 0.5480067 -0.5340853 0.4493508 -0.4610048
32402.920000 0.0925917 -0.0100441 1.3238977 0.5479656 -0.5339802 0.4494403 -0.4610882
32403.020000 0.0929952 -0.0101159 1.3238728 0.5480381 -0.5340471 0.4493259 -0.4610360
32403.120000 0.0925924 -0.0100346 1.3238972 0.5480005 -0.5339472 0.4494091 -0.4611152
32403.220000 0.0925670 -0.0100250 1.3238986 0.5480144 -0.5339254 0.4493999 -0.4611330
32403.320000 0.0929837 -0.0100993 1.3238728 0.5480887 -0.5339951 0.4492822 -0.4610786
32403.420000 0.0929977 -0.0100971 1.3238717 0.5481080 -0.5339814 0.4492632 -0.4610899
32403.520000 0.0929940 -0.0100916 1.3238717 0.5481249 -0.5339641 0.4492487 -0.4611041
32403.621000 0.0929903 -0.0100861 1.3238717 0.5481418 -0.5339468 0.4492341 -0.4611183
32403.720000 0.0925701 -0.0100016 1.3238972 0.5481019 -0.5338433 0.4493216 -0.4612004
32403.820000 0.0929652 -0.0100717 1.3238728 0.5481732 -0.5339085 0.4492092 -0.4611496
32403.920000 0.0929792 -0.0100695 1.3238717 0.5481925 -0.5338948 0.4491903 -0.4611609
32404.020000 0.0929755 -0.0100640 1.3238717 0.5482094 -0.5338775 0.4491757 -0.4611751
32404.120000 0.0929718 -0.0100584 1.3238717 0.5482263 -0.5338601 0.4491611 -0.4611893
32404.220000 0.0929680 -0.0100529 1.3238717 0.5482432 -0.5338428 0.4491465 -0.4612035
32404.321000 0.0929643 -0.0100474 1.3238717 0.5482601 -0.5338255 0.4491319 -0.4612177
32404.420000 0.0929607 -0.0100419 1.3238717 0.5482769 -0.5338083 0.4491174 -0.4612318
32404.520000 0.0929569 -0.0100364 1.3238717 0.5482939 -0.5337908 0.4491026 -0.4612461
32404.620000 0.0929532 -0.0100309 1.3238717 0.5483107 -0.5337736 0.4490882 -0.4612602
32404.721000 0.0929495 -0.0100253 1.3238717 0.5483277 -0.5337561 0.4490734 -0.4612745
32404.820000 0.0929458 -0.0100198 1.3238717 0.5483446 -0.5337387 0.4490588 -0.4612887
32404.920000 0.0929420 -0.0100143 1.3238717 0.5483615 -0.5337214 0.4490442 -0.4613029
32405.020000 0.0929383 -0.0100088 1.3238717 0.5483784 -0.5337040 0.4490296 -0.4613171
32405.120000 0.0925181 -0.0099247 1.3238972 0.5483384 -0.5336005 0.4491171 -0.4613993
32405.220000 0.0929132 -0.0099944 1.3238727 0.5484098 -0.5336657 0.4490047 -0.4613484
32405.320000 0.0929272 -0.0099922 1.3238716 0.5484292 -0.5336520 0.4489857 -0.4613597
32405.420000 0.0929235 -0.0099867 1.3238716 0.5484459 -0.5336348 0.4489713 -0.4613738
32405.520000 0.0929197 -0.0099812 1.3238716 0.5484630 -0.5336173 0.4489565 -0.4613882
32405.620000 0.0929160 -0.0099757 1.3238716 0.5484797 -0.5336001 0.4489420 -0.4614022
32405.720000 0.0929123 -0.0099702 1.3238716 0.5484968 -0.5335826 0.4489273 -0.4614166
32405.820000 0.0924920 -0.0098863 1.3238972 0.5484567 -0.5334791 0.4490147 -0.4614987
32405.920000 0.0928871 -0.0099558 1.3238727 0.5485282 -0.5335442 0.4489024 -0.4614479
32406.020000 0.0929011 -0.0099536 1.3238716 0.5485475 -0.5335305 0.4488834 -0.4614592
32406.120000 0.0928974 -0.0099481 1.3238716 0.5485644 -0.5335131 0.4488688 -0.4614734
32406.220000 0.0928937 -0.0099426 1.3238716 0.5485813 -0.5334957 0.4488542 -0.4614876
32406.320000 0.0924649 -0.0098573 1.3238977 0.5485401 -0.5333905 0.4489436 -0.4615712
32406.420000 0.0928688 -0.0099283 1.3238727 0.5486127 -0.5334574 0.4488291 -0.4615189
32406.520000 0.0928825 -0.0099261 1.3238716 0.5486320 -0.5334436 0.4488103 -0.4615303
32406.620000 0.0928787 -0.0099206 1.3238716 0.5486489 -0.5334262 0.4487956 -0.4615445
32406.720000 0.0924635 -0.0098380 1.3238968 0.5486094 -0.5333239 0.4488819 -0.4616257
32406.820000 0.0928534 -0.0099062 1.3238727 0.5486803 -0.5333878 0.4487708 -0.4615758
32406.920000 0.0928675 -0.0099040 1.3238716 0.5486997 -0.5333741 0.4487517 -0.4615871
32407.020000 0.0928638 -0.0098985 1.3238716 0.5487166 -0.5333567 0.4487371 -0.4616013
32407.120000 0.0928601 -0.0098930 1.3238716 0.5487335 -0.5333393 0.4487225 -0.4616155
32407.220000 0.0928563 -0.0098875 1.3238716 0.5487504 -0.5333219 0.4487078 -0.4616298
32407.320000 0.0924359 -0.0098041 1.3238971 0.5487103 -0.5332184 0.4487952 -0.4617120
32407.420000 0.0928312 -0.0098732 1.3238727 0.5487818 -0.5332835 0.4486829 -0.4616611
32407.520000 0.0924482 -0.0097968 1.3238959 0.5487467 -0.5331879 0.4487612 -0.4617371
32407.620000 0.0928227 -0.0098620 1.3238727 0.5488155 -0.5332485 0.4486538 -0.4616897
32407.720000 0.0928377 -0.0098601 1.3238716 0.5488348 -0.5332351 0.4486347 -0.4617007
32407.820000 0.0928340 -0.0098546 1.3238716 0.5488517 -0.5332177 0.4486201 -0.4617149
32407.920000 0.0924052 -0.0097697 1.3238976 0.5488107 -0.5331124 0.4487094 -0.4617986
32408.020000 0.0928091 -0.0098403 1.3238726 0.5488833 -0.5331792 0.4485949 -0.4617463
32408.120000 0.0924019 -0.0097595 1.3238974 0.5488449 -0.5330786 0.4486792 -0.4618263
32408.220000 0.0928014 -0.0098292 1.3238727 0.5489171 -0.5331443 0.4485657 -0.4617748
32408.320000 0.0928151 -0.0098268 1.3238716 0.5489370 -0.5331300 0.4485463 -0.4617866
32408.420000 0.0928115 -0.0098216 1.3238716 0.5489532 -0.5331133 0.4485322 -0.4618002
32408.520000 0.0928077 -0.0098160 1.3238716 0.5489703 -0.5330957 0.4485174 -0.4618146
32408.620000 0.0928040 -0.0098105 1.3238716 0.5489872 -0.5330783 0.4485027 -0.4618288
32408.720000 0.0928002 -0.0098050 1.3238716 0.5490041 -0.5330609 0.4484881 -0.4618430
32408.821000 0.0927965 -0.0097995 1.3238716 0.5490210 -0.5330435 0.4484734 -0.4618573
32408.920000 0.0927928 -0.0097941 1.3238716 0.5490378 -0.5330262 0.4484589 -0.4618714
32409.020000 0.0927890 -0.0097885 1.3238716 0.5490549 -0.5330087 0.4484441 -0.4618857
32409.120000 0.0927853 -0.0097831 1.3238716 0.5490716 -0.5329914 0.4484296 -0.4618998
32409.220000 0.0923778 -0.0097026 1.3238963 0.5490333 -0.5328906 0.4485137 -0.4619800
32409.320000 0.0923393 -0.0096906 1.3238984 0.5490456 -0.5328659 0.4485074 -0.4620000
32409.420000 0.0927563 -0.0097633 1.3238726 0.5491201 -0.5329353 0.4483898 -0.4619455
32409.520000 0.0927703 -0.0097611 1.3238716 0.5491395 -0.5329215 0.4483708 -0.4619569
32409.620000 0.0927665 -0.0097556 1.3238716 0.5491564 -0.5329041 0.4483561 -0.4619711
32409.720000 0.0923460 -0.0096728 1.3238971 0.5491163 -0.5328006 0.4484434 -0.4620534
32409.820000 0.0927413 -0.0097413 1.3238726 0.5491878 -0.5328656 0.4483311 -0.4620024
32409.920000 0.0927554 -0.0097394 1.3238715 0.5492064 -0.5328526 0.4483128 -0.4620131
32410.020000 0.0923359 -0.0096566 1.3238970 0.5491671 -0.5327486 0.4483991 -0.4620959
32410.120000 0.0927300 -0.0097249 1.3238726 0.5492386 -0.5328133 0.4482871 -0.4620451
32410.220000 0.0927440 -0.0097227 1.3238715 0.5492579 -0.5327995 0.4482680 -0.4620565
32410.320000 0.0923315 -0.0096415 1.3238966 0.5492189 -0.5326977 0.4483534 -0.4621375
32410.420000 0.0927184 -0.0097083 1.3238727 0.5492893 -0.5327609 0.4482431 -0.4620879
32410.520000 0.0923159 -0.0096291 1.3238971 0.5492516 -0.5326611 0.4483260 -0.4621673
32410.620000 0.0927113 -0.0096974 1.3238726 0.5493232 -0.5327261 0.4482137 -0.4621163
32410.720000 0.0923084 -0.0096182 1.3238971 0.5492855 -0.5326262 0.4482966 -0.4621957
32410.821000 0.0927037 -0.0096865 1.3238726 0.5493571 -0.5326912 0.4481843 -0.4621448
32410.920000 0.0927177 -0.0096843 1.3238715 0.5493763 -0.5326776 0.4481654 -0.4621560
32411.020000 0.0922931 -0.0096011 1.3238973 0.5493355 -0.5325733 0.4482537 -0.4622390
32411.120000 0.0926932 -0.0096700 1.3238726 0.5494086 -0.5326383 0.4481394 -0.4621879
32411.220000 0.0927064 -0.0096678 1.3238715 0.5494272 -0.5326250 0.4481212 -0.4621988
32411.320000 0.0927027 -0.0096623 1.3238715 0.5494441 -0.5326076 0.4481065 -0.4622130
32411.420000 0.0926989 -0.0096568 1.3238715 0.5494611 -0.5325901 0.4480918 -0.4622273
32411.520000 0.0922903 -0.0095768 1.3238963 0.5494224 -0.5324893 0.4481762 -0.4623076
32411.620000 0.0922528 -0.0095651 1.3238984 0.5494348 -0.5324647 0.4481697 -0.4623274
32411.720000 0.0926702 -0.0096372 1.3238726 0.5495095 -0.5325341 0.4480520 -0.4622728
32411.821000 0.0926838 -0.0096349 1.3238715 0.5495288 -0.5325203 0.4480330 -0.4622842
32411.920000 0.0926801 -0.0096295 1.3238715 0.5495457 -0.5325028 0.4480183 -0.4622985
32412.020000 0.0922603 -0.0095474 1.3238970 0.5495057 -0.5323995 0.4481053 -0.4623807
32412.120000 0.0926425 -0.0096130 1.3238734 0.5495753 -0.5324618 0.4479964 -0.4623317
32412.220000 0.0926688 -0.0096130 1.3238715 0.5495965 -0.5324504 0.4479742 -0.4623412
32412.320000 0.0922440 -0.0095302 1.3238973 0.5495556 -0.5323462 0.4480626 -0.4624241
32412.420000 0.0922226 -0.0095215 1.3238984 0.5495703 -0.5323249 0.4480520 -0.4624414
32412.520000 0.0922189 -0.0095161 1.3238984 0.5495871 -0.5323076 0.4480374 -0.4624555
32412.620000 0.0922151 -0.0095107 1.3238984 0.5496040 -0.5322902 0.4480227 -0.4624697
32412.720000 0.0926324 -0.0095824 1.3238726 0.5496788 -0.5323594 0.4479050 -0.4624153
32412.820000 0.0926461 -0.0095802 1.3238715 0.5496981 -0.5323455 0.4478859 -0.4624266
32412.920000 0.0926424 -0.0095748 1.3238715 0.5497149 -0.5323282 0.4478714 -0.4624408
32413.021000 0.0926386 -0.0095692 1.3238715 0.5497320 -0.5323105 0.4478565 -0.4624551
32413.120000 0.0926349 -0.0095638 1.3238715 0.5497488 -0.5322932 0.4478419 -0.4624692
32413.220000 0.0926311 -0.0095584 1.3238715 0.5497657 -0.5322757 0.4478272 -0.4624835
32413.320000 0.0926273 -0.0095528 1.3238715 0.5497828 -0.5322581 0.4478124 -0.4624979
32413.420000 0.0926235 -0.0095474 1.3238715 0.5497998 -0.5322406 0.4477976 -0.4625121
32413.520000 0.0926197 -0.0095419 1.3238715 0.5498167 -0.5322231 0.4477829 -0.4625264
32413.620000 0.0921906 -0.0094586 1.3238975 0.5497754 -0.5321178 0.4478721 -0.4626102
32413.720000 0.0925948 -0.0095278 1.3238726 0.5498482 -0.5321845 0.4477577 -0.4625577
32413.820000 0.0921830 -0.0094477 1.3238975 0.5498092 -0.5320828 0.4478427 -0.4626387
32413.920000 0.0925831 -0.0095162 1.3238728 0.5498814 -0.5321488 0.4477294 -0.4625868
32414.020000 0.0926008 -0.0095146 1.3238715 0.5499014 -0.5321356 0.4477093 -0.4625976
32414.120000 0.0921716 -0.0094314 1.3238975 0.5498601 -0.5320303 0.4477985 -0.4626815
32414.220000 0.0925759 -0.0095005 1.3238726 0.5499329 -0.5320970 0.4476841 -0.4626290
32414.320000 0.0921637 -0.0094204 1.3238975 0.5498942 -0.5319949 0.4477688 -0.4627103
32414.420000 0.0925680 -0.0094895 1.3238726 0.5499668 -0.5320619 0.4476547 -0.4626575
32414.520000 0.0921690 -0.0094120 1.3238968 0.5499294 -0.5319631 0.4477366 -0.4627363
32414.620000 0.0925602 -0.0094785 1.3238726 0.5500006 -0.5320268 0.4476252 -0.4626861
32414.720000 0.0921573 -0.0094004 1.3238970 0.5499629 -0.5319270 0.4477080 -0.4627656
32414.820000 0.0925528 -0.0094676 1.3238726 0.5500346 -0.5319918 0.4475957 -0.4627146
32414.920000 0.0921498 -0.0093895 1.3238970 0.5499968 -0.5318920 0.4476785 -0.4627942
32415.020000 0.0925453 -0.0094567 1.3238726 0.5500685 -0.5319568 0.4475662 -0.4627431
32415.120000 0.0921422 -0.0093786 1.3238970 0.5500307 -0.5318569 0.4476490 -0.4628227
32415.220000 0.0925335 -0.0094451 1.3238728 0.5501016 -0.5319210 0.4475379 -0.4627721
32415.320000 0.0925516 -0.0094436 1.3238715 0.5501218 -0.5319078 0.4475177 -0.4627829
32415.420000 0.0925478 -0.0094381 1.3238715 0.5501387 -0.5318903 0.4475029 -0.4627972
32415.520000 0.0925441 -0.0094327 1.3238715 0.5501555 -0.5318729 0.4474883 -0.4628113
32415.620000 0.0921234 -0.0093515 1.3238970 0.5501154 -0.5317694 0.4475752 -0.4628939
32415.720000 0.0925146 -0.0094178 1.3238728 0.5501864 -0.5318334 0.4474641 -0.4628434
32415.820000 0.0925327 -0.0094163 1.3238715 0.5502065 -0.5318202 0.4474439 -0.4628542
32415.920000 0.0925289 -0.0094108 1.3238715 0.5502235 -0.5318026 0.4474291 -0.4628685
32416.020000 0.0920996 -0.0093282 1.3238975 0.5501821 -0.5316974 0.4475183 -0.4629524
32416.122000 0.0920825 -0.0093204 1.3238983 0.5501972 -0.5316771 0.4475068 -0.4629689
32416.220000 0.0924998 -0.0093913 1.3238726 0.5502719 -0.5317464 0.4473892 -0.4629142
32416.320000 0.0925137 -0.0093890 1.3238715 0.5502913 -0.5317325 0.4473701 -0.4629255
32416.421000 0.0925099 -0.0093836 1.3238715 0.5503083 -0.5317149 0.4473553 -0.4629398
32416.520000 0.0925061 -0.0093781 1.3238715 0.5503252 -0.5316974 0.4473406 -0.4629541
32416.621000 0.0920811 -0.0092965 1.3238973 0.5502842 -0.5315932 0.4474288 -0.4630372
32416.720000 0.0924810 -0.0093641 1.3238726 0.5503567 -0.5316587 0.4473153 -0.4629855
32416.820000 0.0924947 -0.0093618 1.3238715 0.5503761 -0.5316447 0.4472962 -0.4629969
32416.920000 0.0924909 -0.0093563 1.3238715 0.5503931 -0.5316272 0.4472815 -0.4630111
32417.020000 0.0924872 -0.0093509 1.3238715 0.5504099 -0.5316098 0.4472668 -0.4630253
32417.120000 0.0924833 -0.0093454 1.3238715 0.5504270 -0.5315921 0.4472519 -0.4630397
32417.226000 0.0924795 -0.0093400 1.3238715 0.5504440 -0.5315745 0.4472372 -0.4630539
32417.320000 0.0924757 -0.0093345 1.3238715 0.5504609 -0.5315569 0.4472224 -0.4630682
32417.420000 0.0920548 -0.0092538 1.3238970 0.5504206 -0.5314534 0.4473094 -0.4631508
32417.520000 0.0924504 -0.0093205 1.3238726 0.5504924 -0.5315181 0.4471971 -0.4630997
32417.620000 0.0920472 -0.0092430 1.3238970 0.5504546 -0.5314183 0.4472798 -0.4631794
32417.720000 0.0924386 -0.0093089 1.3238728 0.5505256 -0.5314823 0.4471687 -0.4631287
32417.821000 0.0924567 -0.0093074 1.3238715 0.5505456 -0.5314693 0.4471486 -0.4631394
32417.921000 0.0920401 -0.0092276 1.3238967 0.5505059 -0.5313667 0.4472346 -0.4632213
32418.021000 0.0920102 -0.0092174 1.3238983 0.5505194 -0.5313436 0.4472260 -0.4632400
32418.120000 0.0920064 -0.0092120 1.3238983 0.5505364 -0.5313260 0.4472112 -0.4632543
32418.220000 0.0924237 -0.0092824 1.3238726 0.5506112 -0.5313951 0.4470936 -0.4631996
32418.321000 0.0924377 -0.0092801 1.3238715 0.5506306 -0.5313812 0.4470745 -0.4632109
32418.420000 0.0924338 -0.0092747 1.3238715 0.5506476 -0.5313636 0.4470597 -0.4632252
32418.521000 0.0920128 -0.0091943 1.3238970 0.5506072 -0.5312601 0.4471467 -0.4633078
32418.621000 0.0919873 -0.0091850 1.3238983 0.5506211 -0.5312382 0.4471373 -0.4633255
32418.720000 0.0924049 -0.0092552 1.3238725 0.5506961 -0.5313072 0.4470196 -0.4632709
32418.820000 0.0924186 -0.0092529 1.3238715 0.5507155 -0.5312933 0.4470005 -0.4632823
32418.920000 0.0924148 -0.0092475 1.3238715 0.5507323 -0.5312758 0.4469859 -0.4632965
32419.020000 0.0924110 -0.0092421 1.3238715 0.5507494 -0.5312581 0.4469709 -0.4633109
32419.120000 0.0919899 -0.0091618 1.3238970 0.5507091 -0.5311546 0.4470579 -0.4633935
32419.220000 0.0923856 -0.0092280 1.3238726 0.5507809 -0.5312192 0.4469456 -0.4633423
32419.320000 0.0923995 -0.0092258 1.3238715 0.5508003 -0.5312053 0.4469265 -0.4633537
32419.420000 0.0923957 -0.0092204 1.3238715 0.5508171 -0.5311878 0.4469118 -0.4633679
32419.521000 0.0923919 -0.0092149 1.3238715 0.5508343 -0.5311701 0.4468969 -0.4633823
32419.623000 0.0923881 -0.0092095 1.3238715 0.5508513 -0.5311525 0.4468821 -0.4633966
32419.721000 0.0923842 -0.0092040 1.3238715 0.5508682 -0.5311349 0.4468672 -0.4634108
32419.820000 0.0923805 -0.0091986 1.3238715 0.5508851 -0.5311174 0.4468526 -0.4634250
32419.920000 0.0923766 -0.0091932 1.3238715 0.5509022 -0.5310996 0.4468376 -0.4634394
32420.020000 0.0923728 -0.0091877 1.3238715 0.5509192 -0.5310820 0.4468228 -0.4634537
32420.120000 0.0923690 -0.0091824 1.3238715 0.5509360 -0.5310646 0.4468081 -0.4634678
32420.221000 0.0923651 -0.0091769 1.3238715 0.5509531 -0.5310468 0.4467932 -0.4634823
32420.320000 0.0919440 -0.0090970 1.3238970 0.5509128 -0.5309433 0.4468801 -0.4635650
32420.420000 0.0919185 -0.0090877 1.3238983 0.5509268 -0.5309212 0.4468705 -0.4635828
32420.520000 0.0919146 -0.0090823 1.3238983 0.5509438 -0.5309036 0.4468557 -0.4635971
32420.620000 0.0919108 -0.0090769 1.3238983 0.5509608 -0.5308860 0.4468409 -0.4636114
32420.720000 0.0919070 -0.0090715 1.3238983 0.5509777 -0.5308684 0.4468261 -0.4636257
32420.820000 0.0923244 -0.0091412 1.3238725 0.5510526 -0.5309374 0.4467085 -0.4635709
32420.921000 0.0919210 -0.0090646 1.3238970 0.5510147 -0.5308376 0.4467911 -0.4636507
32421.020000 0.0923168 -0.0091303 1.3238725 0.5510866 -0.5309022 0.4466789 -0.4635995
32421.121000 0.0923307 -0.0091280 1.3238715 0.5511060 -0.5308882 0.4466597 -0.4636109
32421.220000 0.0923268 -0.0091226 1.3238715 0.5511230 -0.5308705 0.4466449 -0.4636251
32421.320000 0.0923230 -0.0091172 1.3238715 0.5511400 -0.5308529 0.4466300 -0.4636394
32421.420000 0.0923192 -0.0091118 1.3238715 0.5511568 -0.5308354 0.4466153 -0.4636536
32421.520000 0.0923154 -0.0091064 1.3238715 0.5511740 -0.5308176 0.4466003 -0.4636680
32421.620000 0.0923115 -0.0091009 1.3238715 0.5511910 -0.5308000 0.4465855 -0.4636823
32421.720000 0.0923077 -0.0090955 1.3238715 0.5512080 -0.5307823 0.4465706 -0.4636966
32421.820000 0.0923038 -0.0090901 1.3238715 0.5512250 -0.5307647 0.4465558 -0.4637109
32421.921000 0.0918827 -0.0090106 1.3238970 0.5511846 -0.5306612 0.4466427 -0.4637937
32422.020000 0.0922784 -0.0090761 1.3238725 0.5512565 -0.5307257 0.4465304 -0.4637424
32422.120000 0.0922923 -0.0090738 1.3238715 0.5512759 -0.5307117 0.4465112 -0.4637538
32422.220000 0.0922885 -0.0090685 1.3238715 0.5512928 -0.5306943 0.4464965 -0.4637680
32422.320000 0.0918675 -0.0089891 1.3238970 0.5512526 -0.5305907 0.4465832 -0.4638508
32422.420000 0.0918418 -0.0089800 1.3238983 0.5512661 -0.5305690 0.4465741 -0.4638684
32422.520000 0.0918379 -0.0089744 1.3238983 0.5512835 -0.5305509 0.4465588 -0.4638830
32422.620000 0.0922554 -0.0090436 1.3238725 0.5513585 -0.5306198 0.4464413 -0.4638282
32422.721000 0.0918431 -0.0089659 1.3238975 0.5513197 -0.5305178 0.4465256 -0.4639098
32422.820000 0.0918263 -0.0089583 1.3238983 0.5513345 -0.5304978 0.4465142 -0.4639260
32422.920000 0.0922442 -0.0090274 1.3238725 0.5514095 -0.5305669 0.4463966 -0.4638710
32423.020000 0.0918316 -0.0089497 1.3238975 0.5513707 -0.5304648 0.4464810 -0.4639527
32423.120000 0.0922362 -0.0090166 1.3238725 0.5514435 -0.5305315 0.4463670 -0.4638997
32423.220000 0.0918326 -0.0089406 1.3238970 0.5514055 -0.5304316 0.4464495 -0.4639796
32423.320000 0.0922285 -0.0090057 1.3238725 0.5514775 -0.5304961 0.4463372 -0.4639283
32423.420000 0.0922423 -0.0090035 1.3238714 0.5514970 -0.5304821 0.4463180 -0.4639397
32423.520000 0.0922385 -0.0089981 1.3238714 0.5515140 -0.5304644 0.4463032 -0.4639540
32423.620000 0.0922346 -0.0089926 1.3238714 0.5515310 -0.5304467 0.4462883 -0.4639683
32423.720000 0.0922308 -0.0089872 1.3238714 0.5515480 -0.5304291 0.4462734 -0.4639826
32423.820000 0.0922269 -0.0089818 1.3238714 0.5515650 -0.5304114 0.4462585 -0.4639969
32423.920000 0.0922231 -0.0089764 1.3238714 0.5515820 -0.5303937 0.4462437 -0.4640112
32424.020000 0.0922193 -0.0089711 1.3238714 0.5515987 -0.5303763 0.4462291 -0.4640253
32424.120000 0.0922154 -0.0089656 1.3238714 0.5516160 -0.5303583 0.4462139 -0.4640399
32424.220000 0.0917982 -0.0088875 1.3238967 0.5515760 -0.5302558 0.4462998 -0.4641219
32424.320000 0.0917685 -0.0088776 1.3238983 0.5515896 -0.5302327 0.4462911 -0.4641406
32424.420000 0.0921777 -0.0089448 1.3238730 0.5516635 -0.5302999 0.4461756 -0.4640871
32424.520000 0.0917829 -0.0088707 1.3238969 0.5516267 -0.5302018 0.4462559 -0.4641656
32424.620000 0.0921783 -0.0089355 1.3238725 0.5516986 -0.5302662 0.4461438 -0.4641143
32424.720000 0.0917748 -0.0088599 1.3238970 0.5516606 -0.5301664 0.4462262 -0.4641943
32424.820000 0.0917491 -0.0088507 1.3238983 0.5516747 -0.5301442 0.4462166 -0.4642122
32424.920000 0.0917453 -0.0088453 1.3238983 0.5516917 -0.5301265 0.4462017 -0.4642265
32425.020000 0.0921629 -0.0089139 1.3238725 0.5517667 -0.5301954 0.4460842 -0.4641716
32425.120000 0.0921768 -0.0089116 1.3238714 0.5517862 -0.5301813 0.4460650 -0.4641830
32425.220000 0.0917554 -0.0088330 1.3238970 0.5517457 -0.5300778 0.4461517 -0.4642659
32425.320000 0.0921513 -0.0088977 1.3238725 0.5518177 -0.5301422 0.4460395 -0.4642145
32425.420000 0.0917477 -0.0088223 1.3238970 0.5517797 -0.5300424 0.4461219 -0.4642945
32425.520000 0.0921436 -0.0088869 1.3238725 0.5518518 -0.5301068 0.4460097 -0.4642432
32425.620000 0.0917355 -0.0088107 1.3238972 0.5518133 -0.5300059 0.4460930 -0.4643240
32425.720000 0.0921317 -0.0088754 1.3238728 0.5518851 -0.5300707 0.4459810 -0.4642724
32425.820000 0.0921497 -0.0088738 1.3238714 0.5519053 -0.5300573 0.4459606 -0.4642832
32425.921000 0.0921458 -0.0088684 1.3238714 0.5519223 -0.5300396 0.4459457 -0.4642975
32426.020000 0.0917244 -0.0087901 1.3238970 0.5518819 -0.5299361 0.4460324 -0.4643805
32426.120000 0.0921203 -0.0088545 1.3238725 0.5519539 -0.5300005 0.4459202 -0.4643291
32426.220000 0.0917167 -0.0087793 1.3238970 0.5519159 -0.5299006 0.4460026 -0.4644091
32426.320000 0.0916910 -0.0087702 1.3238983 0.5519299 -0.5298784 0.4459930 -0.4644270
32426.421000 0.0916872 -0.0087648 1.3238983 0.5519470 -0.5298607 0.4459780 -0.4644414
32426.520000 0.0921048 -0.0088330 1.3238725 0.5520220 -0.5299295 0.4458605 -0.4643864
32426.620000 0.0917012 -0.0087579 1.3238970 0.5519840 -0.5298297 0.4459429 -0.4644664
32426.720000 0.0916755 -0.0087487 1.3238983 0.5519980 -0.5298075 0.4459333 -0.4644843
32426.820000 0.0920932 -0.0088168 1.3238725 0.5520731 -0.5298763 0.4458158 -0.4644294
32426.920000 0.0921071 -0.0088145 1.3238714 0.5520926 -0.5298622 0.4457965 -0.4644408
32427.020000 0.0916814 -0.0087356 1.3238972 0.5520517 -0.5297577 0.4458841 -0.4645246
32427.120000 0.0920817 -0.0088007 1.3238725 0.5521243 -0.5298231 0.4457709 -0.4644723
32427.220000 0.0916778 -0.0087257 1.3238970 0.5520862 -0.5297233 0.4458533 -0.4645524
32427.322000 0.0920738 -0.0087899 1.3238725 0.5521583 -0.5297876 0.4457411 -0.4645010
32427.420000 0.0920877 -0.0087876 1.3238714 0.5521778 -0.5297735 0.4457219 -0.4645124
32427.520000 0.0920838 -0.0087822 1.3238714 0.5521946 -0.5297559 0.4457071 -0.4645266
32427.620000 0.0920799 -0.0087768 1.3238714 0.5522118 -0.5297380 0.4456920 -0.4645411
32427.723000 0.0920760 -0.0087714 1.3238714 0.5522287 -0.5297204 0.4456772 -0.4645553
32427.820000 0.0916547 -0.0086936 1.3238969 0.5521884 -0.5296168 0.4457636 -0.4646384
32427.920000 0.0920505 -0.0087575 1.3238725 0.5522605 -0.5296810 0.4456515 -0.4645870
32428.020000 0.0916467 -0.0086828 1.3238969 0.5522224 -0.5295812 0.4457338 -0.4646671
32428.120000 0.0920304 -0.0087448 1.3238733 0.5522924 -0.5296435 0.4456250 -0.4646173
32428.221000 0.0916396 -0.0086722 1.3238969 0.5522566 -0.5295458 0.4457037 -0.4646957
32428.321000 0.0916133 -0.0086630 1.3238983 0.5522706 -0.5295234 0.4456942 -0.4647137
32428.421000 0.0916094 -0.0086577 1.3238983 0.5522876 -0.5295057 0.4456793 -0.4647280
32428.520000 0.0916055 -0.0086523 1.3238983 0.5523046 -0.5294879 0.4456643 -0.4647424
32428.620000 0.0916016 -0.0086469 1.3238983 0.5523217 -0.5294701 0.4456493 -0.4647567
32428.720000 0.0920193 -0.0087145 1.3238725 0.5523969 -0.5295389 0.4455318 -0.4647017
32428.820000 0.0920331 -0.0087122 1.3238714 0.5524165 -0.5295245 0.4455124 -0.4647133
32428.920000 0.0920293 -0.0087068 1.3238714 0.5524334 -0.5295069 0.4454976 -0.4647275
32429.020000 0.0920254 -0.0087015 1.3238714 0.5524504 -0.5294892 0.4454826 -0.4647418
32429.120000 0.0920215 -0.0086961 1.3238714 0.5524675 -0.5294714 0.4454677 -0.4647562
32429.220000 0.0916121 -0.0086208 1.3238962 0.5524281 -0.5293708 0.4455517 -0.4648368
32429.320000 0.0915742 -0.0086095 1.3238983 0.5524410 -0.5293457 0.4455446 -0.4648571
32429.420000 0.0919878 -0.0086762 1.3238728 0.5525155 -0.5294137 0.4454283 -0.4648027
32429.520000 0.0920059 -0.0086746 1.3238714 0.5525355 -0.5294004 0.4454080 -0.4648134
32429.620000 0.0920020 -0.0086692 1.3238714 0.5525527 -0.5293824 0.4453928 -0.4648279
32429.720000 0.0919981 -0.0086638 1.3238714 0.5525698 -0.5293646 0.4453779 -0.4648422
32429.820000 0.0919942 -0.0086585 1.3238714 0.5525869 -0.5293468 0.4453629 -0.4648566
32429.920000 0.0919904 -0.0086532 1.3238714 0.5526034 -0.5293295 0.4453483 -0.4648705
32430.020000 0.0919864 -0.0086478 1.3238714 0.5526208 -0.5293114 0.4453331 -0.4648851
32430.121000 0.0915654 -0.0085706 1.3238969 0.5525805 -0.5292079 0.4454193 -0.4649683
32430.220000 0.0915391 -0.0085615 1.3238983 0.5525943 -0.5291856 0.4454099 -0.4649862
32430.320000 0.0919529 -0.0086279 1.3238728 0.5526690 -0.5292535 0.4452934 -0.4649318
32430.420000 0.0919707 -0.0086262 1.3238714 0.5526892 -0.5292400 0.4452730 -0.4649427
32430.520000 0.0919668 -0.0086209 1.3238714 0.5527063 -0.5292221 0.4452580 -0.4649570
32430.620000 0.0919629 -0.0086155 1.3238714 0.5527233 -0.5292043 0.4452430 -0.4649714
32430.720000 0.0919589 -0.0086101 1.3238714 0.5527404 -0.5291865 0.4452280 -0.4649857
32430.820000 0.0919551 -0.0086048 1.3238714 0.5527573 -0.5291688 0.4452132 -0.4650000
32430.920000 0.0919511 -0.0085994 1.3238714 0.5527745 -0.5291509 0.4451980 -0.4650144
32431.020000 0.0915253 -0.0085218 1.3238972 0.5527332 -0.5290467 0.4452857 -0.4650981
32431.120000 0.0919257 -0.0085857 1.3238725 0.5528062 -0.5291116 0.4451723 -0.4650461
32431.220000 0.0919393 -0.0085833 1.3238714 0.5528257 -0.5290974 0.4451530 -0.4650575
32431.320000 0.0919354 -0.0085780 1.3238714 0.5528428 -0.5290795 0.4451380 -0.4650719
32431.420000 0.0915137 -0.0085011 1.3238969 0.5528022 -0.5289761 0.4452245 -0.4651550
32431.520000 0.0919056 -0.0085635 1.3238728 0.5528737 -0.5290395 0.4451135 -0.4651041
32431.620000 0.0919237 -0.0085620 1.3238714 0.5528936 -0.5290264 0.4450933 -0.4651147
32431.721000 0.0919197 -0.0085565 1.3238714 0.5529110 -0.5290082 0.4450780 -0.4651293
32431.820000 0.0914939 -0.0084791 1.3238972 0.5528697 -0.5289040 0.4451656 -0.4652130
32431.920000 0.0918901 -0.0085421 1.3238728 0.5529420 -0.5289682 0.4450534 -0.4651615
32432.020000 0.0914904 -0.0084691 1.3238969 0.5529046 -0.5288691 0.4451344 -0.4652412
32432.120000 0.0918863 -0.0085320 1.3238725 0.5529769 -0.5289332 0.4450223 -0.4651897
32432.220000 0.0919001 -0.0085298 1.3238714 0.5529963 -0.5289191 0.4450031 -0.4652010
32432.321000 0.0918961 -0.0085244 1.3238714 0.5530135 -0.5289011 0.4449879 -0.4652155
32432.420000 0.0918922 -0.0085190 1.3238714 0.5530306 -0.5288833 0.4449729 -0.4652299
32432.520000 0.0914741 -0.0084431 1.3238967 0.5529903 -0.5287807 0.4450586 -0.4653123
32432.621000 0.0918622 -0.0085046 1.3238728 0.5530615 -0.5288432 0.4449484 -0.4652621
32432.720000 0.0918804 -0.0085030 1.3238714 0.5530816 -0.5288299 0.4449280 -0.4652728
32432.820000 0.0914588 -0.0084265 1.3238969 0.5530412 -0.5287262 0.4450142 -0.4653561
32432.920000 0.0918548 -0.0084892 1.3238725 0.5531135 -0.5287903 0.4449021 -0.4653046
32433.020000 0.0914507 -0.0084158 1.3238969 0.5530754 -0.5286905 0.4449842 -0.4653849
32433.120000 0.0918469 -0.0084785 1.3238725 0.5531477 -0.5287546 0.4448720 -0.4653334
32433.220000 0.0918607 -0.0084762 1.3238714 0.5531672 -0.5287403 0.4448527 -0.4653448
32433.320000 0.0914305 -0.0083984 1.3238974 0.5531254 -0.5286351 0.4449411 -0.4654294
32433.420000 0.0918354 -0.0084625 1.3238725 0.5531990 -0.5287010 0.4448268 -0.4653764
32433.520000 0.0918489 -0.0084601 1.3238714 0.5532185 -0.5286867 0.4448075 -0.4653879
32433.620000 0.0918449 -0.0084548 1.3238714 0.5532356 -0.5286688 0.4447925 -0.4654023
32433.720000 0.0918410 -0.0084494 1.3238714 0.5532526 -0.5286510 0.4447775 -0.4654167
32433.821000 0.0914150 -0.0083726 1.3238972 0.5532113 -0.5285468 0.4448650 -0.4655005
32433.920000 0.0918155 -0.0084357 1.3238725 0.5532844 -0.5286116 0.4447516 -0.4654483
32434.020000 0.0914112 -0.0083626 1.3238969 0.5532462 -0.5285117 0.4448338 -0.4655287
32434.120000 0.0918032 -0.0084244 1.3238728 0.5533178 -0.5285751 0.4447227 -0.4654777
32434.220000 0.0913994 -0.0083513 1.3238972 0.5532797 -0.5284753 0.4448048 -0.4655580
32434.320000 0.0917997 -0.0084144 1.3238725 0.5533528 -0.5285400 0.4446914 -0.4655058
32434.420000 0.0918133 -0.0084120 1.3238714 0.5533723 -0.5285257 0.4446721 -0.4655173
32434.520000 0.0918094 -0.0084067 1.3238714 0.5533894 -0.5285078 0.4446570 -0.4655317
32434.620000 0.0913790 -0.0083293 1.3238974 0.5533476 -0.5284026 0.4447455 -0.4656164
32434.720000 0.0917840 -0.0083930 1.3238725 0.5534212 -0.5284685 0.4446312 -0.4655634
32434.821000 0.0917975 -0.0083906 1.3238714 0.5534407 -0.5284541 0.4446119 -0.4655749
32434.920000 0.0913715 -0.0083141 1.3238972 0.5533993 -0.5283500 0.4446994 -0.4656587
32435.020000 0.0917720 -0.0083770 1.3238725 0.5534724 -0.5284147 0.4445860 -0.4656065
32435.121000 0.0913718 -0.0083049 1.3238967 0.5534346 -0.5283158 0.4446672 -0.4656861
32435.220000 0.0917553 -0.0083648 1.3238730 0.5535054 -0.5283771 0.4445580 -0.4656367
32435.320000 0.0913602 -0.0082936 1.3238969 0.5534685 -0.5282791 0.4446378 -0.4657156
32435.420000 0.0913340 -0.0082845 1.3238983 0.5534825 -0.5282566 0.4446281 -0.4657337
32435.520000 0.0917520 -0.0083503 1.3238725 0.5535579 -0.5283251 0.4445107 -0.4656785
32435.620000 0.0913436 -0.0082768 1.3238972 0.5535193 -0.5282242 0.4445936 -0.4657597
32435.720000 0.0917442 -0.0083396 1.3238725 0.5535922 -0.5282893 0.4444805 -0.4657073
32435.820000 0.0917578 -0.0083372 1.3238714 0.5536117 -0.5282750 0.4444611 -0.4657187
32435.920000 0.0917539 -0.0083319 1.3238714 0.5536288 -0.5282570 0.4444461 -0.4657331
32436.020000 0.0913319 -0.0082563 1.3238969 0.5535881 -0.5281536 0.4445324 -0.4658165
32436.120000 0.0913062 -0.0082474 1.3238983 0.5536022 -0.5281312 0.4445226 -0.4658344
32436.220000 0.0913022 -0.0082421 1.3238983 0.5536193 -0.5281132 0.4445075 -0.4658488
32436.320000 0.0917202 -0.0083076 1.3238725 0.5536948 -0.5281817 0.4443900 -0.4657936
32436.420000 0.0917340 -0.0083053 1.3238714 0.5537142 -0.5281675 0.4443708 -0.4658050
32436.520000 0.0917300 -0.0082999 1.3238714 0.5537315 -0.5281494 0.4443555 -0.4658195
32436.620000 0.0913080 -0.0082245 1.3238969 0.5536908 -0.5280459 0.4444418 -0.4659029
32436.720000 0.0917043 -0.0082863 1.3238725 0.5537632 -0.5281099 0.4443296 -0.4658512
32436.820000 0.0917181 -0.0082839 1.3238714 0.5537828 -0.5280956 0.4443102 -0.4658627
32436.920000 0.0917141 -0.0082786 1.3238714 0.5537998 -0.5280778 0.4442953 -0.4658770
32437.021000 0.0917101 -0.0082733 1.3238714 0.5538170 -0.5280597 0.4442800 -0.4658915
32437.120000 0.0912881 -0.0081980 1.3238969 0.5537764 -0.5279562 0.4443663 -0.4659749
32437.221000 0.0916844 -0.0082596 1.3238725 0.5538488 -0.5280202 0.4442541 -0.4659232
32437.320000 0.0916981 -0.0082573 1.3238714 0.5538684 -0.5280058 0.4442347 -0.4659347
32437.420000 0.0916942 -0.0082520 1.3238714 0.5538855 -0.5279879 0.4442196 -0.4659491
32437.520000 0.0916902 -0.0082466 1.3238714 0.5539026 -0.5279699 0.4442045 -0.4659635
32437.620000 0.0916862 -0.0082413 1.3238714 0.5539198 -0.5279520 0.4441894 -0.4659779
32437.721000 0.0916822 -0.0082360 1.3238714 0.5539369 -0.5279340 0.4441743 -0.4659923
32437.820000 0.0916782 -0.0082307 1.3238714 0.5539540 -0.5279160 0.4441591 -0.4660067
32437.920000 0.0912561 -0.0081556 1.3238969 0.5539133 -0.5278125 0.4442454 -0.4660901
32438.020000 0.0916524 -0.0082170 1.3238725 0.5539858 -0.5278764 0.4441332 -0.4660385
32438.120000 0.0916662 -0.0082147 1.3238714 0.5540054 -0.5278621 0.4441138 -0.4660500
32438.220000 0.0916622 -0.0082094 1.3238714 0.5540225 -0.5278441 0.4440987 -0.4660644
32438.320000 0.0916582 -0.0082040 1.3238714 0.5540397 -0.5278262 0.4440835 -0.4660788
32438.420000 0.0916542 -0.0081987 1.3238714 0.5540568 -0.5278082 0.4440684 -0.4660932
32438.521000 0.0916502 -0.0081934 1.3238714 0.5540739 -0.5277902 0.4440533 -0.4661076
32438.621000 0.0916462 -0.0081881 1.3238714 0.5540910 -0.5277722 0.4440382 -0.4661220
32438.721000 0.0912200 -0.0081126 1.3238972 0.5540496 -0.5276680 0.4441255 -0.4662060
32438.820000 0.0916206 -0.0081745 1.3238725 0.5541229 -0.5277326 0.4440122 -0.4661537
32438.920000 0.0916342 -0.0081721 1.3238714 0.5541425 -0.5277182 0.4439927 -0.4661653
32439.020000 0.0916302 -0.0081668 1.3238714 0.5541596 -0.5277002 0.4439776 -0.4661797
32439.120000 0.0916262 -0.0081616 1.3238714 0.5541766 -0.5276824 0.4439626 -0.4661940
32439.220000 0.0916222 -0.0081562 1.3238714 0.5541939 -0.5276643 0.4439473 -0.4662085
32439.320000 0.0916182 -0.0081509 1.3238714 0.5542110 -0.5276462 0.4439322 -0.4662229
32439.420000 0.0916142 -0.0081456 1.3238714 0.5542280 -0.5276284 0.4439172 -0.4662372
32439.520000 0.0916101 -0.0081403 1.3238714 0.5542453 -0.5276102 0.4439019 -0.4662518
32439.620000 0.0916061 -0.0081349 1.3238714 0.5542624 -0.5275922 0.4438867 -0.4662662
32439.720000 0.0916021 -0.0081296 1.3238714 0.5542796 -0.5275742 0.4438716 -0.4662806
32439.820000 0.0915981 -0.0081244 1.3238714 0.5542965 -0.5275564 0.4438566 -0.4662949
32439.920000 0.0915941 -0.0081190 1.3238714 0.5543139 -0.5275382 0.4438413 -0.4663094
32440.020000 0.0915900 -0.0081137 1.3238714 0.5543310 -0.5275202 0.4438261 -0.4663239
32440.120000 0.0915860 -0.0081084 1.3238714 0.5543481 -0.5275022 0.4438110 -0.4663383
32440.221000 0.0915820 -0.0081031 1.3238714 0.5543653 -0.5274842 0.4437958 -0.4663527
32440.320000 0.0911514 -0.0080273 1.3238974 0.5543234 -0.5273789 0.4438840 -0.4664376
32440.420000 0.0915565 -0.0080896 1.3238725 0.5543972 -0.5274445 0.4437697 -0.4663845
32440.520000 0.0911518 -0.0080181 1.3238969 0.5543589 -0.5273446 0.4438516 -0.4664651
32440.620000 0.0915481 -0.0080789 1.3238725 0.5544314 -0.5274084 0.4437395 -0.4664134
32440.720000 0.0915619 -0.0080765 1.3238714 0.5544510 -0.5273940 0.4437200 -0.4664249
32440.820000 0.0915579 -0.0080712 1.3238714 0.5544682 -0.5273760 0.4437048 -0.4664393
32440.920000 0.0915538 -0.0080659 1.3238714 0.5544854 -0.5273580 0.4436896 -0.4664537
32441.020000 0.0915498 -0.0080606 1.3238714 0.5545025 -0.5273399 0.4436745 -0.4664682
32441.120000 0.0915458 -0.0080553 1.3238714 0.5545197 -0.5273219 0.4436593 -0.4664826
32441.221000 0.0915417 -0.0080500 1.3238714 0.5545368 -0.5273038 0.4436441 -0.4664970
32441.320000 0.0911195 -0.0079759 1.3238969 0.5544961 -0.5272003 0.4437302 -0.4665806
32441.420000 0.0915159 -0.0080365 1.3238725 0.5545687 -0.5272641 0.4436181 -0.4665288
32441.520000 0.0915297 -0.0080342 1.3238714 0.5545881 -0.5272499 0.4435987 -0.4665402
32441.620000 0.0915256 -0.0080288 1.3238714 0.5546055 -0.5272317 0.4435834 -0.4665548
32441.720000 0.0910992 -0.0079542 1.3238972 0.5545640 -0.5271275 0.4436706 -0.4666389
32441.820000 0.0914958 -0.0080147 1.3238727 0.5546366 -0.5271913 0.4435584 -0.4665871
32441.920000 0.0915135 -0.0080129 1.3238714 0.5546569 -0.5271775 0.4435378 -0.4665981
32442.020000 0.0910912 -0.0079390 1.3238969 0.5546162 -0.5270740 0.4436239 -0.4666817
32442.120000 0.0910653 -0.0079302 1.3238982 0.5546303 -0.5270515 0.4436140 -0.4666997
32442.220000 0.0914835 -0.0079941 1.3238725 0.5547060 -0.5271197 0.4434965 -0.4666444
32442.320000 0.0914973 -0.0079917 1.3238714 0.5547256 -0.5271052 0.4434770 -0.4666559
32442.420000 0.0914932 -0.0079864 1.3238714 0.5547428 -0.5270872 0.4434618 -0.4666703
32442.520000 0.0914892 -0.0079811 1.3238714 0.5547600 -0.5270691 0.4434466 -0.4666847
32442.620000 0.0914851 -0.0079759 1.3238714 0.5547771 -0.5270510 0.4434314 -0.4666992
32442.720000 0.0914811 -0.0079706 1.3238714 0.5547943 -0.5270329 0.4434162 -0.4667136
32442.821000 0.0914770 -0.0079653 1.3238714 0.5548115 -0.5270149 0.4434010 -0.4667281
32442.920000 0.0914730 -0.0079600 1.3238714 0.5548286 -0.5269968 0.4433858 -0.4667425
32443.020000 0.0914689 -0.0079547 1.3238714 0.5548458 -0.5269787 0.4433706 -0.4667570
32443.120000 0.0914648 -0.0079494 1.3238714 0.5548630 -0.5269606 0.4433554 -0.4667714
32443.220000 0.0914608 -0.0079441 1.3238714 0.5548802 -0.5269425 0.4433402 -0.4667859
32443.320000 0.0914567 -0.0079388 1.3238714 0.5548974 -0.5269245 0.4433249 -0.4668003
32443.420000 0.0914527 -0.0079335 1.3238714 0.5549145 -0.5269064 0.4433097 -0.4668148
32443.520000 0.0914486 -0.0079282 1.3238714 0.5549317 -0.5268883 0.4432945 -0.4668292
32443.620000 0.0914445 -0.0079229 1.3238714 0.5549489 -0.5268702 0.4432793 -0.4668437
32443.720000 0.0914405 -0.0079177 1.3238714 0.5549661 -0.5268521 0.4432640 -0.4668581
32443.820000 0.0914364 -0.0079124 1.3238714 0.5549833 -0.5268340 0.4432488 -0.4668726
32443.920000 0.0914323 -0.0079071 1.3238714 0.5550004 -0.5268159 0.4432336 -0.4668871
32444.020000 0.0914283 -0.0079019 1.3238714 0.5550175 -0.5267979 0.4432185 -0.4669014
32444.121000 0.0914242 -0.0078965 1.3238714 0.5550348 -0.5267797 0.4432031 -0.4669160
32444.220000 0.0914201 -0.0078912 1.3238714 0.5550520 -0.5267616 0.4431879 -0.4669304
32444.320000 0.0914160 -0.0078860 1.3238714 0.5550692 -0.5267435 0.4431727 -0.4669449
32444.420000 0.0914120 -0.0078807 1.3238714 0.5550864 -0.5267253 0.4431574 -0.4669593
32444.520000 0.0914079 -0.0078754 1.3238714 0.5551036 -0.5267072 0.4431422 -0.4669738
32444.621000 0.0914038 -0.0078701 1.3238714 0.5551208 -0.5266891 0.4431269 -0.4669883
32444.720000 0.0909729 -0.0077956 1.3238974 0.5550788 -0.5265839 0.4432149 -0.4670733
32444.820000 0.0909555 -0.0077882 1.3238982 0.5550941 -0.5265630 0.4432029 -0.4670900
32444.920000 0.0913696 -0.0078507 1.3238727 0.5551691 -0.5266304 0.4430867 -0.4670352
32445.020000 0.0913875 -0.0078490 1.3238714 0.5551895 -0.5266166 0.4430660 -0.4670461
32445.120000 0.0913834 -0.0078437 1.3238714 0.5552067 -0.5265985 0.4430507 -0.4670606
32445.220000 0.0913793 -0.0078384 1.3238714 0.5552239 -0.5265804 0.4430355 -0.4670751
32445.320000 0.0913752 -0.0078332 1.3238714 0.5552411 -0.5265622 0.4430202 -0.4670895
32445.420000 0.0913711 -0.0078279 1.3238714 0.5552583 -0.5265441 0.4430049 -0.4671040
32445.520000 0.0913671 -0.0078227 1.3238714 0.5552753 -0.5265261 0.4429898 -0.4671183
32445.620000 0.0913630 -0.0078173 1.3238714 0.5552927 -0.5265078 0.4429744 -0.4671329
32445.720000 0.0913589 -0.0078121 1.3238714 0.5553099 -0.5264897 0.4429592 -0.4671474
32445.821000 0.0913548 -0.0078068 1.3238714 0.5553271 -0.5264715 0.4429439 -0.4671619
32445.920000 0.0913507 -0.0078015 1.3238714 0.5553443 -0.5264534 0.4429286 -0.4671764
32446.021000 0.0909197 -0.0077274 1.3238974 0.5553023 -0.5263481 0.4430166 -0.4672615
32446.120000 0.0913251 -0.0077881 1.3238724 0.5553763 -0.5264135 0.4429023 -0.4672082
32446.220000 0.0909115 -0.0077169 1.3238974 0.5553367 -0.5263118 0.4429860 -0.4672904
32446.320000 0.0913169 -0.0077776 1.3238724 0.5554107 -0.5263772 0.4428718 -0.4672371
32446.421000 0.0913302 -0.0077751 1.3238714 0.5554304 -0.5263626 0.4428523 -0.4672487
32446.520000 0.0913261 -0.0077699 1.3238714 0.5554476 -0.5263445 0.4428370 -0.4672632
32446.620000 0.0913220 -0.0077646 1.3238714 0.5554648 -0.5263263 0.4428217 -0.4672777
32446.720000 0.0913179 -0.0077593 1.3238714 0.5554820 -0.5263081 0.4428064 -0.4672922
32446.821000 0.0913138 -0.0077541 1.3238714 0.5554990 -0.5262902 0.4427913 -0.4673065
32446.920000 0.0908872 -0.0076809 1.3238971 0.5554576 -0.5261858 0.4428781 -0.4673909
32447.020000 0.0912838 -0.0077401 1.3238727 0.5555304 -0.5262494 0.4427660 -0.4673391
32447.120000 0.0913014 -0.0077383 1.3238714 0.5555508 -0.5262355 0.4427453 -0.4673501
32447.220000 0.0912973 -0.0077330 1.3238714 0.5555681 -0.5262173 0.4427300 -0.4673646
32447.320000 0.0912932 -0.0077277 1.3238714 0.5555853 -0.5261991 0.4427147 -0.4673791
32447.421000 0.0912891 -0.0077225 1.3238714 0.5556023 -0.5261811 0.4426996 -0.4673934
32447.520000 0.0912850 -0.0077172 1.3238714 0.5556197 -0.5261628 0.4426841 -0.4674080
32447.620000 0.0908624 -0.0076449 1.3238969 0.5555788 -0.5260592 0.4427699 -0.4674918
32447.721000 0.0912589 -0.0077038 1.3238725 0.5556517 -0.5261228 0.4426578 -0.4674400
32447.820000 0.0912726 -0.0077014 1.3238714 0.5556714 -0.5261082 0.4426382 -0.4674515
32447.920000 0.0912685 -0.0076962 1.3238714 0.5556886 -0.5260900 0.4426229 -0.4674660
32448.020000 0.0912644 -0.0076909 1.3238714 0.5557058 -0.5260718 0.4426076 -0.4674805
32448.120000 0.0912602 -0.0076857 1.3238714 0.5557230 -0.5260536 0.4425923 -0.4674950
32448.221000 0.0912562 -0.0076804 1.3238714 0.5557401 -0.5260356 0.4425771 -0.4675093
32448.321000 0.0908252 -0.0076069 1.3238974 0.5556982 -0.5259302 0.4426648 -0.4675947
32448.420000 0.0908075 -0.0075995 1.3238982 0.5557136 -0.5259092 0.4426527 -0.4676114
32448.520000 0.0912218 -0.0076612 1.3238727 0.5557887 -0.5259765 0.4425365 -0.4675564
32448.620000 0.0912396 -0.0076594 1.3238714 0.5558092 -0.5259626 0.4425157 -0.4675674
32448.720000 0.0912355 -0.0076541 1.3238714 0.5558264 -0.5259444 0.4425004 -0.4675819
32448.820000 0.0912313 -0.0076489 1.3238714 0.5558437 -0.5259262 0.4424851 -0.4675964
32448.920000 0.0908087 -0.0075769 1.3238969 0.5558028 -0.5258227 0.4425709 -0.4676803
32449.020000 0.0912053 -0.0076355 1.3238725 0.5558757 -0.5258861 0.4424587 -0.4676284
32449.120000 0.0912189 -0.0076331 1.3238714 0.5558954 -0.5258715 0.4424391 -0.4676399
32449.220000 0.0907921 -0.0075606 1.3238971 0.5558537 -0.5257673 0.4425260 -0.4677243
32449.320000 0.0907703 -0.0075525 1.3238982 0.5558687 -0.5257454 0.4425148 -0.4677419
32449.420000 0.0911883 -0.0076145 1.3238725 0.5559445 -0.5258132 0.4423975 -0.4676864
32449.520000 0.0912024 -0.0076121 1.3238714 0.5559641 -0.5257988 0.4423779 -0.4676978
32449.620000 0.0911982 -0.0076069 1.3238714 0.5559815 -0.5257804 0.4423625 -0.4677124
32449.720000 0.0911941 -0.0076016 1.3238714 0.5559988 -0.5257622 0.4423471 -0.4677269
32449.820000 0.0907672 -0.0075293 1.3238971 0.5559571 -0.5256580 0.4424340 -0.4678114
32449.920000 0.0911681 -0.0075883 1.3238725 0.5560308 -0.5257221 0.4423207 -0.4677589
32450.020000 0.0911816 -0.0075859 1.3238714 0.5560505 -0.5257075 0.4423011 -0.4677705
32450.120000 0.0911774 -0.0075806 1.3238714 0.5560678 -0.5256892 0.4422857 -0.4677850
32450.221000 0.0907547 -0.0075090 1.3238969 0.5560269 -0.5255857 0.4423715 -0.4678689
32450.321000 0.0911513 -0.0075673 1.3238725 0.5560998 -0.5256491 0.4422593 -0.4678169
32450.420000 0.1029657 -0.0122306 1.3239775 0.5414574 -0.5399888 0.4550459 -0.4562556
32450.521000 0.1032551 -0.0123731 1.3239954 -0.5406591 0.5406886 -0.4557801 0.4556403
32450.620000 0.1036938 -0.0124548 1.3239675 -0.5407328 0.5407569 -0.4556632 0.4555888
32450.722000 0.1037373 -0.0124519 1.3239637 0.5407536 -0.5407453 0.4556431 -0.4555978
32450.820000 0.1033462 -0.0123554 1.3239863 0.5407174 -0.5406439 0.4557290 -0.4556753
32450.921000 0.1037621 -0.0124340 1.3239598 0.5407909 -0.5407130 0.4556130 -0.4556220
32451.020000 0.1033980 -0.0123441 1.3239808 0.5407602 -0.5406193 0.4556898 -0.4556930
32451.120000 0.1038273 -0.0124262 1.3239534 0.5408368 -0.5406927 0.4555687 -0.4556359
32451.220000 0.1038634 -0.0124233 1.3239501 0.5408610 -0.5406842 0.4555446 -0.4556414
32451.320000 0.1034665 -0.0123269 1.3239732 0.5408271 -0.5405851 0.4556277 -0.4557161
32451.421000 0.1034701 -0.0123174 1.3239718 0.5408474 -0.5405704 0.4556109 -0.4557262
32451.520000 0.1034909 -0.0123118 1.3239694 0.5408701 -0.5405597 0.4555898 -0.4557332
32451.620000 0.1035110 -0.0123060 1.3239671 0.5408931 -0.5405487 0.4555683 -0.4557404
32451.720000 0.1035307 -0.0123003 1.3239647 0.5409159 -0.5405378 0.4555469 -0.4557475
32451.820000 0.1035500 -0.0122946 1.3239625 0.5409388 -0.5405270 0.4555256 -0.4557545
32451.921000 0.1035691 -0.0122889 1.3239602 0.5409617 -0.5405162 0.4555042 -0.4557616
32452.020000 0.1035883 -0.0122831 1.3239579 0.5409847 -0.5405055 0.4554827 -0.4557685
32452.120000 0.1036089 -0.0122775 1.3239555 0.5410079 -0.5404953 0.4554609 -0.4557748
32452.220000 0.1036066 -0.0122717 1.3239553 0.5410261 -0.5404795 0.4554451 -0.4557877
32452.320000 0.1040470 -0.0123554 1.3239270 0.5411065 -0.5405573 0.4553188 -0.4557262
32452.420000 0.1036685 -0.0122640 1.3239491 0.5410759 -0.5404632 0.4553960 -0.4557969
32452.520000 0.1036680 -0.0122545 1.3239481 0.5410962 -0.5404484 0.4553793 -0.4558071
32452.620000 0.1040994 -0.0123382 1.3239207 0.5411745 -0.5405242 0.4552555 -0.4557480
32452.720000 0.1037179 -0.0122469 1.3239430 0.5411433 -0.5404294 0.4553334 -0.4558196
32452.820000 0.1041307 -0.0123266 1.3239168 0.5412190 -0.5405012 0.4552142 -0.4557635
32452.920000 0.1037485 -0.0122354 1.3239392 0.5411876 -0.5404063 0.4552924 -0.4558353
32453.020000 0.1037457 -0.0122259 1.3239385 0.5412070 -0.5403911 0.4552766 -0.4558461
32453.120000 0.1037602 -0.0122201 1.3239366 0.5412291 -0.5403792 0.4552562 -0.4558544
32453.220000 0.1037744 -0.0122144 1.3239348 0.5412508 -0.5403675 0.4552362 -0.4558625
32453.320000 0.1041948 -0.0122960 1.3239081 0.5413275 -0.5404406 0.4551151 -0.4558056
32453.420000 0.1042383 -0.0122967 1.3239045 0.5413533 -0.5404349 0.4550877 -0.4558092
32453.520000 0.1042516 -0.0122909 1.3239028 0.5413749 -0.5404228 0.4550678 -0.4558177
32453.620000 0.1042646 -0.0122852 1.3239011 0.5413964 -0.5404106 0.4550480 -0.4558263
32453.720000 0.1038584 -0.0121895 1.3239252 0.5413614 -0.5403105 0.4551323 -0.4559024
32453.820000 0.1038532 -0.0121799 1.3239247 0.5413804 -0.5402945 0.4551171 -0.4559140
32453.920000 0.1038654 -0.0121742 1.3239231 0.5414017 -0.5402821 0.4550976 -0.4559228
32454.021000 0.1038774 -0.0121685 1.3239215 0.5414228 -0.5402698 0.4550783 -0.4559316
32454.120000 0.1038891 -0.0121628 1.3239200 0.5414439 -0.5402573 0.4550590 -0.4559407
32454.220000 0.1039005 -0.0121570 1.3239184 0.5414652 -0.5402445 0.4550396 -0.4559499
32454.320000 0.1039117 -0.0121512 1.3239169 0.5414862 -0.5402318 0.4550204 -0.4559591
32454.420000 0.1043418 -0.0122353 1.3238897 0.5415635 -0.5403071 0.4548974 -0.4559009
32454.521000 0.1039509 -0.0121435 1.3239129 0.5415304 -0.5402099 0.4549779 -0.4559749
32454.620000 0.1039439 -0.0121340 1.3239126 0.5415489 -0.5401934 0.4549633 -0.4559872
32454.720000 0.1039542 -0.0121282 1.3239112 0.5415697 -0.5401804 0.4549444 -0.4559967
32454.820000 0.1039643 -0.0121225 1.3239098 0.5415902 -0.5401676 0.4549257 -0.4560061
32454.920000 0.1039741 -0.0121167 1.3239084 0.5416110 -0.5401544 0.4549069 -0.4560159
32455.020000 0.1039837 -0.0121110 1.3239071 0.5416316 -0.5401412 0.4548882 -0.4560256
32455.120000 0.1039931 -0.0121052 1.3239057 0.5416521 -0.5401281 0.4548696 -0.4560354
32455.220000 0.1040023 -0.0120995 1.3239044 0.5416726 -0.5401148 0.4548511 -0.4560452
32455.320000 0.1040113 -0.0120937 1.3239032 0.5416930 -0.5401015 0.4548327 -0.4560552
32455.420000 0.1040200 -0.0120880 1.3239019 0.5417133 -0.5400881 0.4548143 -0.4560652
32455.520000 0.1040286 -0.0120822 1.3239007 0.5417336 -0.5400747 0.4547960 -0.4560752
32455.620000 0.1044519 -0.0121650 1.3238739 0.5418098 -0.5401481 0.4546748 -0.4560186
32455.720000 0.1044817 -0.0121638 1.3238713 0.5418329 -0.5401391 0.4546513 -0.4560253
32455.820000 0.1040708 -0.0120687 1.3238960 0.5417965 -0.5400378 0.4547371 -0.4561029
32455.920000 0.1040610 -0.0120592 1.3238959 0.5418142 -0.5400205 0.4547234 -0.4561161
32456.020000 0.1040686 -0.0120534 1.3238948 0.5418342 -0.5400068 0.4547054 -0.4561265
32456.120000 0.1040761 -0.0120477 1.3238936 0.5418542 -0.5399930 0.4546874 -0.4561369
32456.220000 0.1040833 -0.0120419 1.3238925 0.5418741 -0.5399793 0.4546696 -0.4561474
32456.320000 0.1040904 -0.0120362 1.3238914 0.5418940 -0.5399654 0.4546517 -0.4561579
32456.420000 0.1040974 -0.0120305 1.3238904 0.5419137 -0.5399517 0.4546341 -0.4561684
32456.520000 0.1041041 -0.0120247 1.3238893 0.5419336 -0.5399376 0.4546163 -0.4561792
32456.620000 0.1045298 -0.0121081 1.3238624 0.5420097 -0.5400115 0.4544948 -0.4561223
32456.720000 0.1045536 -0.0121060 1.3238603 0.5420319 -0.5400010 0.4544727 -0.4561304
32456.820000 0.1045599 -0.0121002 1.3238593 0.5420515 -0.5399869 0.4544552 -0.4561412
32456.920000 0.1041467 -0.0120053 1.3238842 0.5420146 -0.5398850 0.4545417 -0.4562196
32457.020000 0.1041354 -0.0119959 1.3238843 0.5420318 -0.5398672 0.4545285 -0.4562333
32457.120000 0.1041412 -0.0119901 1.3238833 0.5420513 -0.5398529 0.4545111 -0.4562443
32457.220000 0.1041468 -0.0119844 1.3238823 0.5420707 -0.5398387 0.4544938 -0.4562553
32457.320000 0.1045591 -0.0120650 1.3238563 0.5421451 -0.5399095 0.4543756 -0.4562009
32457.421000 0.1123518 -0.0124230 1.3240470 0.5407229 -0.5405531 0.4557091 -0.4557964
32457.520000 0.1128128 -0.0124333 1.3240430 0.5406936 -0.5405909 0.4557335 -0.4557619
32457.620000 0.1128448 -0.0124275 1.3240399 0.5407116 -0.5405760 0.4557181 -0.4557736
32457.720000 0.1128744 -0.0124219 1.3240369 0.5407311 -0.5405620 0.4557007 -0.4557844
